,elliott_wave,elliott_wave_stocks,rsi2_mean_reversion,t3_supertrend,Portfolio (gewichtet)
2021-09-14,100.0,100.0,100.0,100.0,100.0
2021-09-15,100.0,100.0,99.87855636186916,100.0,99.9696390904673
2021-09-16,100.0,100.0,100.10942256735137,98.70992721386989,99.70483744530532
2021-09-17,100.32895523577949,100.0,100.10942256735137,98.27993621484184,99.67957850449316
2021-09-18,100.32895523577949,100.0,100.10942256735137,98.27993621484184,99.67957850449316
2021-09-19,100.32895523577949,100.0,100.10942256735137,98.27993621484184,99.67957850449316
2021-09-20,101.04835173595887,100.0,100.10942256735137,97.84994521581379,99.75192987978102
2021-09-21,102.01767847889347,100.0,100.10942256735137,97.84994521581379,99.99426156551465
2021-09-22,102.01767847889347,100.0,99.94266873935955,97.84994521581379,99.9525731085167
2021-09-23,102.01767847889347,100.0,99.75680449115424,97.84994521581379,99.90610704646537
2021-09-24,102.01767847889347,100.0,99.32435417567818,97.84994521581379,99.79799446759637
2021-09-25,102.01767847889347,100.0,99.32435417567818,97.42923459805971,99.69281681315783
2021-09-26,102.01767847889347,100.0,99.32435417567818,97.00842419125969,99.58761421145783
2021-09-27,102.01767847889347,100.0,99.32435417567818,97.00842419125969,99.58761421145783
2021-09-28,102.01767847889347,100.0,99.32435417567818,97.00842419125969,99.58761421145783
2021-09-29,102.01767847889347,100.0,99.4147690670108,97.00842419125969,99.61021793429099
2021-09-30,102.01767847889347,100.0,99.4147690670108,97.00842419125969,99.61021793429099
2021-10-01,102.01767847889347,100.0,98.92827530512459,97.00842419125969,99.48859449381943
2021-10-02,102.01767847889347,100.0,98.92827530512459,97.00842419125969,99.48859449381943
2021-10-03,102.01767847889347,100.0,98.92827530512459,97.00842419125969,99.48859449381943
2021-10-04,102.01767847889347,100.35200946490707,98.92827530512459,96.59130597916005,99.4723173070213
2021-10-05,102.01767847889347,100.35200946490707,98.74066440560942,96.59130597916005,99.42541458214251
2021-10-06,102.01767847889347,100.35200946490707,100.12062168457328,96.17418776706043,99.66612434885857
2021-10-07,102.01767847889347,100.35200946490707,99.67666401929127,96.17418776706043,99.55513493253807
2021-10-08,102.01767847889347,100.35200946490707,99.67666401929127,96.17418776706043,99.55513493253807
2021-10-09,102.01767847889347,100.35200946490707,99.67666401929127,96.17418776706043,99.55513493253807
2021-10-10,102.01767847889347,100.35200946490707,99.67666401929127,96.6728336297068,99.67979639819966
2021-10-11,102.01767847889347,100.35200946490707,98.61346709257559,97.81461989354504,99.6994437324803
2021-10-12,102.01767847889347,100.35200946490707,98.61346709257559,97.81461989354504,99.6994437324803
2021-10-13,102.01767847889347,100.35200946490707,98.61346709257559,97.81461989354504,99.6994437324803
2021-10-14,102.01767847889347,100.9551314219627,98.05566885957026,97.81461989354504,99.71077466349287
2021-10-15,102.01767847889347,101.37962319832769,99.08629587656723,97.39400906483694,99.96940165465634
2021-10-16,102.01767847889347,101.37962319832769,99.08629587656723,97.39400906483694,99.96940165465634
2021-10-17,102.01767847889347,101.37962319832769,99.08629587656723,96.55637981307515,99.7599943417159
2021-10-18,102.01767847889347,101.37962319832769,99.08629587656723,96.55637981307515,99.7599943417159
2021-10-19,102.01767847889347,101.37962319832769,99.37942506403532,96.55637981307515,99.8332766385829
2021-10-20,102.01767847889347,101.37962319832769,99.37942506403532,97.851741418641,100.15711703997437
2021-10-21,102.01767847889347,101.37962319832769,99.37942506403532,97.851741418641,100.15711703997437
2021-10-22,102.01767847889347,101.37962319832769,99.37942506403532,97.43093101184098,100.05191443827437
2021-10-23,102.01767847889347,101.37962319832769,99.37942506403532,97.43093101184098,100.05191443827437
2021-10-24,102.01767847889347,101.37962319832769,99.37942506403532,99.10618951536452,100.47072906415524
2021-10-25,102.01767847889347,101.37962319832769,99.37942506403532,99.10618951536452,100.47072906415524
2021-10-26,102.01767847889347,101.37962319832769,99.37942506403532,99.10618951536452,100.47072906415524
2021-10-27,102.01767847889347,101.37962319832769,99.58121466241853,99.10618951536452,100.52117646375105
2021-10-28,102.01767847889347,101.37962319832769,99.56333717254141,99.10618951536452,100.51670709128177
2021-10-29,102.01767847889347,101.37962319832769,99.56333717254141,99.10618951536452,100.51670709128177
2021-10-30,102.01767847889347,101.37962319832769,99.56333717254141,98.67999050008284,100.41015733746134
2021-10-31,102.01767847889347,101.37962319832769,99.56333717254141,98.25379148480113,100.30360758364093
2021-11-01,102.01767847889347,101.37962319832769,99.56333717254141,98.25379148480113,100.30360758364093
2021-11-02,102.01767847889347,101.37962319832769,100.08907921680155,98.25379148480113,100.43504309470596
2021-11-03,102.01767847889347,101.37962319832769,100.50426850756864,97.8313844532658,100.43323865951388
2021-11-04,102.01767847889347,101.37962319832769,100.50426850756864,97.41067383551173,100.32806100507537
2021-11-05,102.01767847889347,101.37962319832769,100.61780084270791,97.41067383551173,100.3564440888602
2021-11-06,102.01767847889347,101.37962319832769,100.61780084270791,97.41067383551173,100.3564440888602
2021-11-07,102.01767847889347,101.37962319832769,100.61780084270791,97.41067383551173,100.3564440888602
2021-11-08,102.01767847889347,101.37962319832769,100.66156986964843,97.41067383551173,100.36738634559532
2021-11-09,102.01767847889347,101.37962319832769,101.21741596295455,97.41067383551173,100.50634786892185
2021-11-10,102.01767847889347,101.37962319832769,101.530374779999,96.59619564241196,100.38096802490803
2021-11-11,102.01767847889347,101.37962319832769,101.530374779999,96.59619564241196,100.38096802490803
2021-11-12,102.01767847889347,101.37962319832769,102.40246750457982,97.32894660687307,100.78217894716852
2021-11-13,102.01767847889347,101.37962319832769,102.40246750457982,97.32894660687307,100.78217894716852
2021-11-14,102.01767847889347,101.37962319832769,102.40246750457982,97.32894660687307,100.78217894716852
2021-11-15,102.01767847889347,101.37962319832769,102.57754361234205,97.32894660687307,100.82594797410907
2021-11-16,102.01767847889347,101.37962319832769,103.1239372397361,97.32894660687307,100.96254638095759
2021-11-17,102.43183720652131,101.37962319832769,103.10852561053167,97.32894660687307,101.06223315556345
2021-11-18,102.7873001953203,101.37962319832769,103.10852561053167,97.32894660687307,101.15109890276317
2021-11-19,102.7873001953203,101.37962319832769,103.08828500417656,97.32894660687307,101.1460387511744
2021-11-20,102.7873001953203,101.37962319832769,103.08828500417656,97.32894660687307,101.1460387511744
2021-11-21,102.7873001953203,101.37962319832769,103.08828500417656,97.32894660687307,101.1460387511744
2021-11-22,102.7873001953203,101.37962319832769,102.74152334707709,97.32894660687307,101.05934833689956
2021-11-23,102.7873001953203,101.37962319832769,103.31123990666717,97.32894660687307,101.20177747679703
2021-11-24,102.7873001953203,101.37962319832769,103.31123990666717,97.32894660687307,101.20177747679703
2021-11-25,102.7873001953203,101.37962319832769,103.31123990666717,97.32894660687307,101.20177747679703
2021-11-26,102.7873001953203,101.37962319832769,103.46309582642806,97.32894660687307,101.23974145673729
2021-11-27,102.7873001953203,101.37962319832769,103.46309582642806,97.32894660687307,101.23974145673729
2021-11-28,103.2816797544545,101.37962319832769,103.46309582642806,97.32894660687307,101.36333634652084
2021-11-29,103.2816797544545,101.90374907361557,103.42919024217834,97.32894660687307,101.48589141928038
2021-11-30,103.2816797544545,101.90374907361557,102.44931885736126,97.32894660687307,101.24092357307613
2021-12-01,103.2816797544545,101.90374907361557,102.44931885736126,96.49191608938705,101.03166594370461
2021-12-02,103.2816797544545,101.90374907361557,101.96169490933337,95.65488557190099,100.70050232732612
2021-12-03,103.2816797544545,101.5674590646093,102.05293175422354,95.23637031315799,100.53461022161132
2021-12-04,105.71311834814846,101.5674590646093,102.05293175422354,95.23637031315799,101.14246987003482
2021-12-05,105.71311834814846,101.5674590646093,102.05293175422354,95.23637031315799,101.14246987003482
2021-12-06,105.71311834814846,101.5674590646093,102.1211538995018,95.23637031315799,101.15952540635438
2021-12-07,105.71311834814846,102.40614022552268,100.24822997438588,95.23637031315799,100.90096471530374
2021-12-08,105.71311834814846,102.40614022552268,101.36927188271545,95.23637031315799,101.18122519238612
2021-12-09,105.71311834814846,102.40614022552268,101.36927188271545,95.23637031315799,101.18122519238612
2021-12-10,105.71311834814846,102.40614022552268,101.36927188271545,95.23637031315799,101.18122519238612
2021-12-11,105.71311834814846,102.40614022552268,101.36927188271545,95.23637031315799,101.18122519238612
2021-12-12,105.71311834814846,102.40614022552268,101.36927188271545,95.23637031315799,101.18122519238612
2021-12-13,105.71311834814846,102.40614022552268,101.08179362595567,95.23637031315799,101.10935562819621
2021-12-14,105.71311834814846,102.40614022552268,101.08179362595567,95.23637031315799,101.10935562819621
2021-12-15,105.71311834814846,102.40614022552268,101.08179362595567,95.23637031315799,101.10935562819621
2021-12-16,105.71311834814846,102.40614022552268,101.08179362595567,95.23637031315799,101.10935562819621
2021-12-17,105.71311834814846,102.40614022552268,101.08179362595567,95.23637031315799,101.10935562819621
2021-12-18,105.71311834814846,102.40614022552268,101.08179362595567,95.23637031315799,101.10935562819621
2021-12-19,105.71311834814846,102.40614022552268,101.08179362595567,95.23637031315799,101.10935562819621
2021-12-20,105.71311834814846,102.40614022552268,101.08179362595567,95.23637031315799,101.10935562819621
2021-12-21,105.71311834814846,102.40614022552268,101.00298882862373,95.23637031315799,101.08965442886321
2021-12-22,105.71311834814846,102.40614022552268,101.06566278738836,95.23637031315799,101.10532291855436
2021-12-23,105.71311834814846,102.95093735148771,101.6550034881654,95.23637031315799,101.38885737523988
2021-12-24,105.71311834814846,102.95093735148771,101.6550034881654,95.23637031315799,101.38885737523988
2021-12-25,105.71311834814846,102.95093735148771,101.6550034881654,95.23637031315799,101.38885737523988
2021-12-26,105.71311834814846,102.95093735148771,101.6550034881654,95.23637031315799,101.38885737523988
2021-12-27,105.71311834814846,102.95093735148771,101.6550034881654,95.23637031315799,101.38885737523988
2021-12-28,105.71311834814846,102.95093735148771,101.6550034881654,96.5278401459315,101.71172483343327
2021-12-29,105.71311834814846,102.95093735148771,101.6550034881654,96.5278401459315,101.71172483343327
2021-12-30,106.34950372702994,102.95093735148771,101.6550034881654,96.5278401459315,101.87082117815365
2021-12-31,106.34950372702994,102.95093735148771,101.6550034881654,96.5278401459315,101.87082117815365
2022-01-01,106.34950372702994,102.95093735148771,101.6550034881654,96.5278401459315,101.87082117815365
2022-01-02,106.34950372702994,102.95093735148771,101.6550034881654,96.5278401459315,101.87082117815365
2022-01-03,106.34950372702994,102.95093735148771,101.6550034881654,96.5278401459315,101.87082117815365
2022-01-04,106.34950372702994,103.82547748262718,101.50849026652871,96.5278401459315,102.05282790552934
2022-01-05,106.34950372702994,103.48755903104343,101.50849026652871,96.5278401459315,101.96834829263341
2022-01-06,107.30129150556064,103.48755903104343,101.26652768801931,96.5278401459315,102.14580459263874
2022-01-07,107.68226571531075,103.48755903104343,101.26652768801931,96.5278401459315,102.24104814507623
2022-01-08,107.68226571531075,103.48755903104343,101.26652768801931,96.5278401459315,102.24104814507623
2022-01-09,108.11037589189621,103.48755903104343,101.26652768801931,96.5278401459315,102.34807568922261
2022-01-10,108.11037589189621,103.48755903104343,100.97987138481707,96.5278401459315,102.27641161342207
2022-01-11,108.11037589189621,103.48755903104343,99.95828585695338,96.5278401459315,102.02101523145612
2022-01-12,108.11037589189621,103.48755903104343,99.64419685376727,96.5278401459315,101.94249298065961
2022-01-13,108.11037589189621,103.48755903104343,98.97533214629541,95.282572641436,101.46395992766777
2022-01-14,108.11037589189621,103.48755903104343,99.01735452192612,94.86754999930149,101.37070986104182
2022-01-15,108.11037589189621,103.48755903104343,99.01735452192612,94.86754999930149,101.37070986104182
2022-01-16,108.11037589189621,103.48755903104343,99.01735452192612,94.86754999930149,101.37070986104182
2022-01-17,108.11037589189621,103.48755903104343,99.01735452192612,95.01813166965036,101.40835527862903
2022-01-18,108.11037589189621,103.48755903104343,99.01735452192612,95.01813166965036,101.40835527862903
2022-01-19,108.11037589189621,103.48755903104343,99.01735452192612,95.01813166965036,101.40835527862903
2022-01-20,108.11037589189621,103.48755903104343,98.72062928764367,95.01813166965036,101.33417397005842
2022-01-21,108.11037589189621,103.48755903104343,98.72062928764367,95.01813166965036,101.33417397005842
2022-01-22,108.32492924622316,103.48755903104343,98.72062928764367,95.01813166965036,101.38781230864015
2022-01-23,108.32492924622316,103.48755903104343,98.72062928764367,95.01813166965036,101.38781230864015
2022-01-24,109.36600629808268,103.48755903104343,98.29382990287591,95.01813166965036,101.54138172541309
2022-01-25,109.36600629808268,103.48755903104343,98.2512938062717,95.01813166965036,101.53074770126204
2022-01-26,109.36600629808268,104.01916244877884,98.2512938062717,95.01813166965036,101.6636485556959
2022-01-27,109.36600629808268,104.01916244877884,97.76007381142946,95.01813166965036,101.54084355698534
2022-01-28,109.36600629808268,104.01916244877884,97.12963543277398,95.01813166965036,101.38323396232147
2022-01-29,109.36600629808268,104.01916244877884,97.12963543277398,95.01813166965036,101.38323396232147
2022-01-30,109.36600629808268,104.01916244877884,97.12963543277398,95.01813166965036,101.38323396232147
2022-01-31,109.36600629808268,109.13376824935777,97.48615778836957,95.01813166965036,102.75101600136509
2022-02-01,109.36600629808268,109.13376824935777,97.48615778836957,95.01813166965036,102.75101600136509
2022-02-02,109.36600629808268,109.13376824935777,97.48615778836957,94.60949552645708,102.64885696556676
2022-02-03,109.83517359588633,109.13376824935777,97.48615778836957,94.60949552645708,102.76614879001768
2022-02-04,109.83517359588633,109.76783061538514,97.48615778836957,95.45231380860861,103.13536895206241
2022-02-05,109.83517359588633,109.76783061538514,97.48615778836957,97.10951049481396,103.54966812361374
2022-02-06,109.83517359588633,109.76783061538514,97.48615778836957,96.69189333748456,103.44526383428139
2022-02-07,109.83517359588633,109.76783061538514,97.48615778836957,96.69189333748456,103.44526383428139
2022-02-08,109.83517359588633,110.61581716245543,96.96503923287075,96.27427618015516,103.42257654284191
2022-02-09,110.09875632797865,112.27902200391493,96.96503923287075,96.27427618015516,103.90427343622987
2022-02-10,110.09875632797865,113.18789236326899,96.96503923287075,96.27427618015516,104.13149102606837
2022-02-11,110.09875632797865,113.18789236326899,96.96503923287075,101.50980826532712,105.4403740473614
2022-02-12,110.59094351656238,113.18789236326899,96.96503923287075,101.67785301871844,105.60543203285515
2022-02-13,110.59094351656238,113.18789236326899,96.96503923287075,101.67785301871844,105.60543203285515
2022-02-14,111.85504444533025,113.18789236326899,96.96503923287075,101.67785301871844,105.92145726504711
2022-02-15,111.85504444533025,113.18789236326899,96.96503923287075,101.67785301871844,105.92145726504711
2022-02-16,111.85504444533025,113.18789236326899,96.9874374673145,101.67785301871844,105.92705682365803
2022-02-17,111.85504444533025,113.18789236326899,96.9874374673145,100.80340160899858,105.70844397122808
2022-02-18,111.85504444533025,113.18789236326899,96.88263838872444,100.80340160899858,105.68224420158057
2022-02-19,111.85504444533025,113.18789236326899,96.88263838872444,100.80340160899858,105.68224420158057
2022-02-20,111.59773986526889,113.18789236326899,96.88263838872444,100.80340160899858,105.61791805656524
2022-02-21,112.192569856898,113.18789236326899,96.88263838872444,100.80340160899858,105.7666255544725
2022-02-22,112.192569856898,113.18789236326899,96.74691330753085,100.80340160899858,105.73269428417412
2022-02-23,112.84888587714754,113.18789236326899,95.75553457290779,100.80340160899858,105.64892860558072
2022-02-24,112.84888587714754,113.18789236326899,95.49127650414933,100.80340160899858,105.5828640883911
2022-02-25,112.84888587714754,113.77645803769344,94.76990951318774,100.80340160899858,105.5496637592568
2022-02-26,112.84888587714754,113.77645803769344,94.76990951318774,100.80340160899858,105.5496637592568
2022-02-27,112.84888587714754,113.77645803769344,94.76990951318774,98.63987530360818,105.00878218290921
2022-02-28,112.84888587714754,113.77645803769344,94.76990951318774,98.63987530360818,105.00878218290921
2022-03-01,112.84888587714754,113.77645803769344,94.76990951318774,98.63987530360818,105.00878218290921
2022-03-02,112.84888587714754,113.77645803769344,94.93409473631218,98.63987530360818,105.04982848869034
2022-03-03,112.84888587714754,114.97366243382376,94.93409473631218,98.21567206924561,105.24307877913226
2022-03-04,112.84888587714754,114.59639549220509,94.93409473631218,98.21567206924561,105.1487620437276
2022-03-05,112.84888587714754,114.59639549220509,94.93409473631218,98.21567206924561,105.1487620437276
2022-03-06,112.84888587714754,114.59639549220509,94.93409473631218,98.21567206924561,105.1487620437276
2022-03-07,112.84888587714754,114.59639549220509,94.93409473631218,98.21567206924561,105.1487620437276
2022-03-08,112.84888587714754,114.59639549220509,94.93409473631218,98.21567206924561,105.1487620437276
2022-03-09,113.64561326583491,114.59639549220509,96.08657636821876,98.21567206924561,105.6360642988761
2022-03-10,113.64561326583491,114.59639549220509,95.04567493175216,97.79336482675625,105.27026212913711
2022-03-11,113.64561326583491,114.59639549220509,95.04567493175216,97.79336482675625,105.27026212913711
2022-03-12,113.64561326583491,114.59639549220509,95.04567493175216,97.79336482675625,105.27026212913711
2022-03-13,113.64561326583491,114.59639549220509,95.04567493175216,97.79336482675625,105.27026212913711
2022-03-14,113.64561326583491,115.2736614368181,95.07043628267394,97.79336482675625,105.4457689530208
2022-03-15,113.64561326583491,115.87425764620258,95.26688318293296,97.79336482675625,105.64502973043169
2022-03-16,113.64561326583491,118.32616043150406,95.26688318293296,97.79336482675625,106.25800542675705
2022-03-17,113.64561326583491,118.32616043150406,95.26688318293296,97.79336482675625,106.25800542675705
2022-03-18,113.64561326583491,118.32616043150406,95.70323777780744,97.79336482675625,106.36709407547566
2022-03-19,113.64561326583491,118.32616043150406,95.70323777780744,97.79336482675625,106.36709407547566
2022-03-20,113.64561326583491,118.32616043150406,95.70323777780744,97.79336482675625,106.36709407547566
2022-03-21,113.64561326583491,118.32616043150406,95.70323777780744,97.79336482675625,106.36709407547566
2022-03-22,113.64561326583491,118.32616043150406,95.70323777780744,97.79336482675625,106.36709407547566
2022-03-23,113.64561326583491,118.32616043150406,95.70323777780744,97.79336482675625,106.36709407547566
2022-03-24,113.64561326583491,118.32616043150406,95.70323777780744,97.79336482675625,106.36709407547566
2022-03-25,113.64561326583491,118.32616043150406,95.77598066765233,97.79336482675625,106.38527979793689
2022-03-26,113.64561326583491,118.32616043150406,95.77598066765233,97.79336482675625,106.38527979793689
2022-03-27,113.64561326583491,118.32616043150406,95.77598066765233,97.79336482675625,106.38527979793689
2022-03-28,113.64561326583491,118.32616043150406,95.77598066765233,97.79336482675625,106.38527979793689
2022-03-29,113.64561326583491,119.02429702792614,95.77598066765233,97.79336482675625,106.55981394704241
2022-03-30,113.64561326583491,119.02429702792614,95.77598066765233,97.79336482675625,106.55981394704241
2022-03-31,113.64561326583491,119.02429702792614,95.77598066765233,100.64304061214592,107.27223289338983
2022-04-01,113.64561326583491,119.02429702792614,95.77598066765233,103.43404043851298,107.96998284998158
2022-04-02,113.64561326583491,119.02429702792614,95.77598066765233,103.43404043851298,107.96998284998158
2022-04-03,113.64561326583491,119.02429702792614,95.77598066765233,106.43539557375709,108.72032163379262
2022-04-04,113.64561326583491,119.02429702792614,95.77598066765233,106.43539557375709,108.72032163379262
2022-04-05,113.64561326583491,119.02429702792614,95.77598066765233,106.43539557375709,108.72032163379262
2022-04-06,113.64561326583491,119.02429702792614,96.32381271377216,106.43539557375709,108.85727964532256
2022-04-07,113.64561326583491,119.02429702792614,96.47988114551556,106.43539557375709,108.89629675325843
2022-04-08,113.64561326583491,119.02429702792614,96.15336009477126,106.43539557375709,108.81466649057234
2022-04-09,113.64561326583491,119.02429702792614,96.15336009477126,106.43539557375709,108.81466649057234
2022-04-10,113.64561326583491,119.02429702792614,96.15336009477126,106.43539557375709,108.81466649057234
2022-04-11,113.64561326583491,119.02429702792614,96.15336009477126,106.43539557375709,108.81466649057234
2022-04-12,113.64561326583491,119.02429702792614,95.67703800815994,106.43539557375709,108.6955859689195
2022-04-13,113.64561326583491,119.02429702792614,95.48069385209561,106.43539557375709,108.64649992990346
2022-04-14,114.05698170367123,119.02429702792614,96.20432121534053,106.43539557375709,108.93024888017375
2022-04-15,114.05698170367123,119.02429702792614,96.20432121534053,106.43539557375709,108.93024888017375
2022-04-16,114.05698170367123,119.02429702792614,96.20432121534053,106.43539557375709,108.93024888017375
2022-04-17,114.05698170367123,119.02429702792614,96.20432121534053,106.43539557375709,108.93024888017375
2022-04-18,114.64553354326942,119.02429702792614,96.20432121534053,106.43539557375709,109.0773868400733
2022-04-19,114.64553354326942,119.02429702792614,95.87461509456061,106.43539557375709,108.99496030987832
2022-04-20,114.64553354326942,120.34187324070042,96.05359548172129,105.97766321995303,109.25466637141106
2022-04-21,114.64553354326942,120.34187324070042,96.05359548172129,105.97766321995303,109.25466637141106
2022-04-22,114.64553354326942,120.34187324070042,96.05359548172129,105.97766321995303,109.25466637141106
2022-04-23,114.64553354326942,120.34187324070042,96.05359548172129,105.97766321995303,109.25466637141106
2022-04-24,114.64553354326942,120.34187324070042,96.05359548172129,105.97766321995303,109.25466637141106
2022-04-25,115.08689759636465,120.34187324070042,96.05359548172129,105.52003065519493,109.25059924349534
2022-04-26,115.08689759636465,120.34187324070042,95.31024123309471,105.52003065519493,109.06476068133868
2022-04-27,115.08689759636465,120.34187324070042,94.8397755655811,105.52003065519493,108.94714426446028
2022-04-28,115.08689759636465,120.34187324070042,92.71687501476947,105.52003065519493,108.41641912675738
2022-04-29,115.08689759636465,120.34187324070042,92.71687501476947,105.52003065519493,108.41641912675738
2022-04-30,115.08689759636465,120.34187324070042,92.71687501476947,105.52003065519493,108.41641912675738
2022-05-01,115.08689759636465,120.34187324070042,92.71687501476947,105.52003065519493,108.41641912675738
2022-05-02,115.08689759636465,120.34187324070042,92.71687501476947,105.52003065519493,108.41641912675738
2022-05-03,115.08689759636465,121.35154087224704,92.88547823826583,105.52003065519493,108.71098684051812
2022-05-04,115.08689759636465,120.95443351800093,92.77821329900307,105.52003065519493,108.58489376714088
2022-05-05,115.08689759636465,120.95443351800093,92.77821329900307,104.1608040602167,108.24508711839633
2022-05-06,115.08689759636465,122.97257237430253,92.77821329900307,104.1608040602167,108.74962183247175
2022-05-07,115.08689759636465,122.97257237430253,92.77821329900307,104.1608040602167,108.74962183247175
2022-05-08,115.08689759636465,122.97257237430253,92.77821329900307,104.1608040602167,108.74962183247175
2022-05-09,115.08689759636465,122.97257237430253,92.77821329900307,104.1608040602167,108.74962183247175
2022-05-10,115.60828317455257,122.97257237430253,92.77821329900307,104.1608040602167,108.87996822701874
2022-05-11,115.60828317455257,122.97257237430253,92.77821329900307,104.1608040602167,108.87996822701874
2022-05-12,115.60828317455257,122.97257237430253,93.70239733029484,104.1608040602167,109.11101423484166
2022-05-13,115.60828317455257,127.74759804719824,94.44780646281534,104.1608040602167,110.49112293619572
2022-05-14,115.60828317455257,127.74759804719824,94.44780646281534,104.1608040602167,110.49112293619572
2022-05-15,115.60828317455257,127.74759804719824,94.44780646281534,104.1608040602167,110.49112293619572
2022-05-16,115.60828317455257,127.74759804719824,94.74761402293868,104.1608040602167,110.56607482622655
2022-05-17,115.60828317455257,129.3044223847711,94.91816938613425,104.1608040602167,110.99791975141866
2022-05-18,115.60828317455257,129.65350729974313,94.91816938613425,104.1608040602167,111.08519098016167
2022-05-19,116.14122852473395,129.65350729974313,94.99872083477602,104.1608040602167,111.23856517986745
2022-05-20,116.14122852473395,130.15785922944755,94.99872083477602,104.1608040602167,111.36465316229356
2022-05-21,116.14122852473395,130.15785922944755,94.99872083477602,104.1608040602167,111.36465316229356
2022-05-22,116.14122852473395,130.15785922944755,94.99872083477602,104.1608040602167,111.36465316229356
2022-05-23,116.14122852473395,130.83077158268003,95.22753215636433,104.1608040602167,111.59008408099878
2022-05-24,116.14122852473395,130.98603859741246,95.22753215636433,104.1608040602167,111.62890083468187
2022-05-25,116.14122852473395,131.63701682613217,95.45130901241254,104.1608040602167,111.84758960587385
2022-05-26,116.14122852473395,131.63701682613217,95.45130901241254,104.1608040602167,111.84758960587385
2022-05-27,116.70795631203413,135.75541457157007,95.45130901241254,104.1608040602167,113.01887098905836
2022-05-28,116.70795631203413,135.75541457157007,95.45130901241254,104.1608040602167,113.01887098905836
2022-05-29,116.70795631203413,135.75541457157007,95.45130901241254,104.1608040602167,113.01887098905836
2022-05-30,116.70795631203413,135.75541457157007,95.45130901241254,104.1608040602167,113.01887098905836
2022-05-31,116.70795631203413,137.08043509326987,95.45130901241254,102.82093654015412,113.01515923946765
2022-06-01,116.70795631203413,138.04118298044875,95.45130901241254,101.92513027459951,113.03139464487373
2022-06-02,116.70795631203413,138.04118298044875,95.45130901241254,101.92513027459951,113.03139464487373
2022-06-03,116.70795631203413,138.04118298044875,95.45130901241254,101.92513027459951,113.03139464487373
2022-06-04,117.63931518316262,138.04118298044875,95.45130901241254,101.92513027459951,113.26423436265584
2022-06-05,117.63931518316262,138.04118298044875,95.45130901241254,101.92513027459951,113.26423436265584
2022-06-06,117.63931518316262,138.04118298044875,95.45130901241254,101.92513027459951,113.26423436265584
2022-06-07,117.63931518316262,138.04118298044875,95.63460465575045,100.60073005666024,112.97895821900555
2022-06-08,117.63931518316262,138.04118298044875,95.63460465575045,100.60073005666024,112.97895821900555
2022-06-09,117.63931518316262,138.04118298044875,95.63460465575045,100.60073005666024,112.97895821900555
2022-06-10,117.63931518316262,138.04118298044875,95.63460465575045,100.57957477891736,112.97366939956981
2022-06-11,117.63931518316262,138.04118298044875,95.63460465575045,100.57957477891736,112.97366939956981
2022-06-12,117.63931518316262,138.04118298044875,95.63460465575045,100.57957477891736,112.97366939956981
2022-06-13,117.72581416669989,138.04118298044875,95.63460465575045,100.57957477891736,112.99529414545412
2022-06-14,117.72581416669989,138.04118298044875,95.63460465575045,100.57957477891736,112.99529414545412
2022-06-15,118.38621596842987,138.04118298044875,95.66707182127443,100.57957477891736,113.16851138726759
2022-06-16,118.38621596842987,138.04118298044875,95.66707182127443,100.57957477891736,113.16851138726759
2022-06-17,118.38621596842987,137.58561786102408,95.19465401406157,100.57957477891736,112.93651565560823
2022-06-18,119.98684577669711,137.58561786102408,95.19465401406157,100.57957477891736,113.33667310767504
2022-06-19,119.98684577669711,137.58561786102408,95.19465401406157,100.57957477891736,113.33667310767504
2022-06-20,119.98684577669711,137.58561786102408,95.19465401406157,100.57957477891736,113.33667310767504
2022-06-21,119.98684577669711,140.04413411720134,94.60551880167391,100.57957477891736,113.80401836862242
2022-06-22,119.98684577669711,140.04413411720134,94.60551880167391,100.14708905374039,113.69589693732817
2022-06-23,119.98684577669711,140.04413411720134,94.60551880167391,100.14708905374039,113.69589693732817
2022-06-24,119.98684577669711,141.74848205888318,94.60551880167391,100.14708905374039,114.12198392274864
2022-06-25,119.98684577669711,141.74848205888318,94.60551880167391,100.14708905374039,114.12198392274864
2022-06-26,119.98684577669711,141.74848205888318,94.60551880167391,100.14708905374039,114.12198392274864
2022-06-27,119.98684577669711,143.1349181292186,90.59222781264802,100.14708905374039,113.46527019307604
2022-06-28,119.98684577669711,144.4877551088232,90.38941077231785,100.14708905374039,113.75277517789463
2022-06-29,120.64794515087497,144.4877551088232,90.38941077231785,100.14708905374039,113.91805002143911
2022-06-30,120.64794515087497,144.4877551088232,90.38941077231785,100.14708905374039,113.91805002143911
2022-07-01,120.64794515087497,144.4877551088232,90.38941077231785,100.14708905374039,113.91805002143911
2022-07-02,120.64794515087497,144.4877551088232,90.38941077231785,100.14708905374039,113.91805002143911
2022-07-03,120.64794515087497,144.4877551088232,90.38941077231785,100.14708905374039,113.91805002143911
2022-07-04,120.64794515087497,144.4877551088232,90.38941077231785,100.14708905374039,113.91805002143911
2022-07-05,120.64794515087497,144.4877551088232,90.38941077231785,100.14708905374039,113.91805002143911
2022-07-06,120.64794515087497,144.4877551088232,90.38941077231785,100.14708905374039,113.91805002143911
2022-07-07,120.64794515087497,144.4877551088232,90.38941077231785,100.14708905374039,113.91805002143911
2022-07-08,120.64794515087497,144.4877551088232,90.38941077231785,100.14708905374039,113.91805002143911
2022-07-09,120.64794515087497,144.4877551088232,90.38941077231785,100.14708905374039,113.91805002143911
2022-07-10,120.64794515087497,144.4877551088232,90.38941077231785,100.14708905374039,113.91805002143911
2022-07-11,120.64794515087497,144.4877551088232,90.38941077231785,100.0890118289935,113.90353071525237
2022-07-12,120.64794515087497,147.21293714543987,90.38941077231785,100.0890118289935,114.58482622440656
2022-07-13,121.25722485749593,147.21293714543987,90.38941077231785,100.0890118289935,114.73714615106178
2022-07-14,121.25722485749593,147.21293714543987,90.38941077231785,100.0890118289935,114.73714615106178
2022-07-15,121.25722485749593,147.21293714543987,91.04029524571789,99.65862167378164,114.79226973060884
2022-07-16,121.25722485749593,147.21293714543987,91.04029524571789,99.65862167378164,114.79226973060884
2022-07-17,121.25722485749593,147.21293714543987,91.04029524571789,99.23002772139697,114.68512124251265
2022-07-18,121.25722485749593,148.04321022529007,91.04029524571789,99.23002772139697,114.89268951247521
2022-07-19,121.25722485749593,149.11718472188528,91.06372092210859,99.23002772139697,115.1670395557217
2022-07-20,121.25722485749593,149.82103748408946,90.75374168671034,99.23002772139697,115.26550793742317
2022-07-21,121.25722485749593,149.82103748408946,90.75374168671034,101.32729410027204,115.78982453214195
2022-07-22,121.25722485749593,150.53060641207574,90.75374168671034,101.32729410027204,115.9672167641385
2022-07-23,121.25722485749593,150.53060641207574,90.75374168671034,101.7588817240354,116.07511367007935
2022-07-24,121.25722485749593,150.53060641207574,90.75374168671034,105.17915127420633,116.93018105762208
2022-07-25,121.25722485749593,150.53060641207574,90.7518922912058,105.17915127420633,116.92971870874595
2022-07-26,121.25722485749593,151.28075347041056,90.89080244243499,105.17915127420633,117.15198301113696
2022-07-27,121.25722485749593,151.28075347041056,90.85895174207919,105.17915127420633,117.144020336048
2022-07-28,121.25722485749593,151.28075347041056,90.66846400511255,105.17915127420633,117.09639840180634
2022-07-29,121.25722485749593,151.28075347041056,90.66846400511255,104.27655935352666,116.87075042163642
2022-07-30,121.25722485749593,151.28075347041056,90.66846400511255,104.27655935352666,116.87075042163642
2022-07-31,121.25722485749593,151.28075347041056,90.66846400511255,104.27655935352666,116.87075042163642
2022-08-01,121.25722485749593,151.28075347041056,90.66846400511255,103.37975519751245,116.64654938263288
2022-08-02,121.25722485749593,151.28075347041056,90.66846400511255,102.57755105706539,116.44599834752111
2022-08-03,121.92539960935945,151.28075347041056,90.76093378033909,102.36719574818834,116.58357065207437
2022-08-04,121.92539960935945,151.28075347041056,91.03043180302704,102.36719574818834,116.65094515774635
2022-08-05,121.92539960935945,151.28075347041056,91.47387574733558,102.36719574818834,116.76180614382348
2022-08-06,121.92539960935945,151.28075347041056,91.47387574733558,102.36719574818834,116.76180614382348
2022-08-07,121.92539960935945,151.28075347041056,91.47387574733558,102.36719574818834,116.76180614382348
2022-08-08,121.92539960935945,151.28075347041056,91.21454939992253,102.36719574818834,116.69697455697022
2022-08-09,121.92539960935945,151.28075347041056,91.21454939992253,101.92702626647268,116.5869321865413
2022-08-10,121.92539960935945,151.28075347041056,91.05704254945334,101.48685678475702,116.43751310349508
2022-08-11,121.92539960935945,151.28075347041056,91.05704254945334,101.05037949774179,116.32839378174128
2022-08-12,121.92539960935945,151.28075347041056,90.8933710473024,101.72195977703137,116.45537097602595
2022-08-13,121.92539960935945,151.28075347041056,90.8933710473024,101.72195977703137,116.45537097602595
2022-08-14,121.92539960935945,151.28075347041056,90.8933710473024,101.28458438860251,116.34602712891873
2022-08-15,121.92539960935945,151.28075347041056,90.8933710473024,101.0323176804236,116.282960451874
2022-08-16,121.92539960935945,151.28075347041056,90.8933710473024,101.0323176804236,116.282960451874
2022-08-17,121.92539960935945,151.28075347041056,90.8933710473024,101.0323176804236,116.282960451874
2022-08-18,121.92539960935945,151.28075347041056,90.8933710473024,101.0323176804236,116.282960451874
2022-08-19,121.92539960935945,151.28075347041056,90.8933710473024,101.0323176804236,116.282960451874
2022-08-20,121.64497548531112,151.28075347041056,90.8933710473024,101.0323176804236,116.21285442086193
2022-08-21,122.13746163351537,151.28075347041056,90.8933710473024,101.0323176804236,116.33597595791298
2022-08-22,122.13746163351537,151.28075347041056,90.8933710473024,101.0323176804236,116.33597595791298
2022-08-23,123.00952684657393,151.28075347041056,90.8933710473024,101.0323176804236,116.55399226117763
2022-08-24,123.00952684657393,151.28075347041056,90.8933710473024,101.0323176804236,116.55399226117763
2022-08-25,123.00952684657393,151.28075347041056,91.15598520894572,101.0323176804236,116.61964580158846
2022-08-26,123.00952684657393,151.28075347041056,91.15598520894572,101.0323176804236,116.61964580158846
2022-08-27,123.00952684657393,151.28075347041056,91.15598520894572,101.0323176804236,116.61964580158846
2022-08-28,123.00952684657393,151.28075347041056,91.15598520894572,101.0323176804236,116.61964580158846
2022-08-29,123.60126758879102,151.28075347041056,91.15598520894572,101.0323176804236,116.76758098714272
2022-08-30,123.60126758879102,151.28075347041056,91.15598520894572,101.0323176804236,116.76758098714272
2022-08-31,123.60126758879102,151.28075347041056,91.15598520894572,101.0323176804236,116.76758098714272
2022-09-01,123.60126758879102,150.78151950309237,90.50212115389951,101.0323176804236,116.47930648155163
2022-09-02,123.60126758879102,150.78151950309237,90.50212115389951,101.0323176804236,116.47930648155163
2022-09-03,123.60126758879102,150.78151950309237,90.50212115389951,101.0323176804236,116.47930648155163
2022-09-04,123.60126758879102,150.78151950309237,90.50212115389951,101.0323176804236,116.47930648155163
2022-09-05,123.60126758879102,150.78151950309237,90.50212115389951,101.0323176804236,116.47930648155163
2022-09-06,123.60126758879102,150.78151950309237,90.35262835061663,101.0323176804236,116.44193328073091
2022-09-07,123.60126758879102,151.88979099438023,90.72764466125753,101.0323176804236,116.81275523121309
2022-09-08,123.60126758879102,152.71454730958024,90.60373516245399,101.0323176804236,116.98796693531222
2022-09-09,123.60126758879102,156.34687156240759,90.81549094772272,101.0323176804236,117.94898694483622
2022-09-10,123.60126758879102,156.34687156240759,90.81549094772272,101.0323176804236,117.94898694483622
2022-09-11,123.60126758879102,156.34687156240759,90.81549094772272,101.0323176804236,117.94898694483622
2022-09-12,123.60126758879102,160.46869236061033,90.81549094772272,100.59783617432747,118.87082176786288
2022-09-13,123.60126758879102,160.46869236061033,90.81549094772272,99.83205503565463,118.67937648319466
2022-09-14,123.60126758879102,160.46869236061033,90.81549094772272,99.83205503565463,118.67937648319466
2022-09-15,123.60126758879102,160.46869236061033,90.81549094772272,99.83205503565463,118.67937648319466
2022-09-16,123.60126758879102,160.46869236061033,90.81549094772272,99.83205503565463,118.67937648319466
2022-09-17,124.65998325826124,160.46869236061033,90.81549094772272,99.83205503565463,118.94405540056223
2022-09-18,124.65998325826124,160.46869236061033,90.81549094772272,99.83205503565463,118.94405540056223
2022-09-19,124.65998325826124,160.46869236061033,91.32674606053072,99.83205503565463,119.07186917876425
2022-09-20,124.65998325826124,160.46869236061033,91.4947328188589,99.83205503565463,119.11386586834627
2022-09-21,124.65998325826124,160.46869236061033,91.4947328188589,99.83205503565463,119.11386586834627
2022-09-22,124.65998325826124,160.46869236061033,91.74450395616522,99.83205503565463,119.17630865267283
2022-09-23,124.65998325826124,160.46869236061033,91.74450395616522,99.83205503565463,119.17630865267283
2022-09-24,124.65998325826124,160.46869236061033,91.74450395616522,99.83205503565463,119.17630865267283
2022-09-25,124.65998325826124,160.46869236061033,91.74450395616522,99.83205503565463,119.17630865267283
2022-09-26,124.65998325826124,160.46869236061033,91.74450395616522,99.83205503565463,119.17630865267283
2022-09-27,124.65998325826124,160.46869236061033,91.74450395616522,99.83205503565463,119.17630865267283
2022-09-28,124.65998325826124,160.46869236061033,90.72795289384162,99.83205503565463,118.92217088709197
2022-09-29,124.65998325826124,160.46869236061033,90.72795289384162,99.83205503565463,118.92217088709197
2022-09-30,124.65998325826124,161.18437625664257,90.72795289384162,99.83205503565463,119.1010918611
2022-10-01,124.65998325826124,161.18437625664257,90.72795289384162,99.83205503565463,119.1010918611
2022-10-02,124.65998325826124,161.18437625664257,90.72795289384162,99.83205503565463,119.1010918611
2022-10-03,124.65998325826124,161.18437625664257,91.1995487474969,99.83205503565463,119.21899082451384
2022-10-04,124.65998325826124,168.72263634883234,90.64637400325289,99.83205503565463,120.96526216150028
2022-10-05,124.65998325826124,168.72263634883234,90.64637400325289,99.83205503565463,120.96526216150028
2022-10-06,124.65998325826124,168.72263634883234,90.64637400325289,99.83205503565463,120.96526216150028
2022-10-07,124.65998325826124,168.72263634883234,90.64637400325289,98.2642693346266,120.57331573624327
2022-10-08,124.65998325826124,168.72263634883234,90.64637400325289,98.2642693346266,120.57331573624327
2022-10-09,124.65998325826124,168.72263634883234,90.64637400325289,98.21966363108389,120.5621643103576
2022-10-10,124.65998325826124,168.72263634883234,90.64637400325289,98.11468555473728,120.53591979127094
2022-10-11,124.65998325826124,167.65883130996576,90.64637400325289,98.11468555473728,120.2699685315543
2022-10-12,124.65998325826124,167.65883130996576,90.64637400325289,98.11468555473728,120.2699685315543
2022-10-13,124.65998325826124,168.64463727272425,90.64637400325289,98.11468555473728,120.51642002224392
2022-10-14,124.65998325826124,170.7462919697841,90.64637400325289,98.11468555473728,121.04183369650887
2022-10-15,124.65998325826124,170.7462919697841,90.64637400325289,98.11468555473728,121.04183369650887
2022-10-16,124.65998325826124,170.7462919697841,90.64637400325289,98.11468555473728,121.04183369650887
2022-10-17,124.65998325826124,171.84751795441025,90.68079330847608,98.11468555473728,121.32574501897122
2022-10-18,124.65998325826124,174.0664869840911,90.68079330847608,98.11468555473728,121.88048727639142
2022-10-19,124.65998325826124,174.0664869840911,90.68079330847608,97.2708693821262,121.66953323323865
2022-10-20,124.65998325826124,174.0664869840911,90.68079330847608,97.2708693821262,121.66953323323865
2022-10-21,124.65998325826124,175.57701702553334,90.68079330847608,96.88718050042212,121.95124352317322
2022-10-22,124.65998325826124,175.57701702553334,90.68079330847608,96.88718050042212,121.95124352317322
2022-10-23,124.65998325826124,175.57701702553334,90.68079330847608,96.88718050042212,121.95124352317322
2022-10-24,124.65998325826124,175.57701702553334,90.68079330847608,96.88718050042212,121.95124352317322
2022-10-25,124.65998325826124,179.61940970618244,90.68079330847608,96.88718050042212,122.96184169333549
2022-10-26,124.65998325826124,181.73156619619078,90.68079330847608,96.88718050042212,123.48988081583757
2022-10-27,124.65998325826124,181.73156619619078,90.68079330847608,96.88718050042212,123.48988081583757
2022-10-28,124.65998325826124,181.73156619619078,90.68079330847608,97.15042400365628,123.5556916916461
2022-10-29,124.65998325826124,181.73156619619078,90.68079330847608,97.15042400365628,123.5556916916461
2022-10-30,124.65998325826124,181.73156619619078,90.68079330847608,97.15042400365628,123.5556916916461
2022-10-31,124.65998325826124,181.73156619619078,90.68079330847608,97.15042400365628,123.5556916916461
2022-11-01,124.65998325826124,181.73156619619078,90.68079330847608,97.33493394963048,123.60181917813966
2022-11-02,124.65998325826124,181.73156619619078,90.68079330847608,97.33493394963048,123.60181917813966
2022-11-03,124.65998325826124,181.73156619619078,90.68079330847608,97.33493394963048,123.60181917813966
2022-11-04,124.65998325826124,181.73156619619078,90.68079330847608,97.33493394963048,123.60181917813966
2022-11-05,124.65998325826124,181.73156619619078,90.68079330847608,97.33493394963048,123.60181917813966
2022-11-06,124.65998325826124,181.73156619619078,90.68079330847608,95.66077312561245,123.18327897213514
2022-11-07,124.65998325826124,181.73156619619078,90.68079330847608,97.24053351215531,123.57821906877086
2022-11-08,124.37328098218201,183.77047600373547,90.68079330847608,97.24053351215531,124.01627095163722
2022-11-09,125.07992187188586,183.77047600373547,90.68079330847608,97.24053351215531,124.19293117406318
2022-11-10,125.491389962929,184.84368612932494,90.71891140470836,97.24053351215531,124.57363025227941
2022-11-11,125.491389962929,184.84368612932494,90.71891140470836,97.24053351215531,124.57363025227941
2022-11-12,125.491389962929,184.84368612932494,90.71891140470836,97.24053351215531,124.57363025227941
2022-11-13,126.16534460078927,184.84368612932494,90.71891140470836,97.24053351215531,124.74211891174447
2022-11-14,126.83142663530913,185.77671725916497,90.71891140470836,97.24053351215531,125.14189720283444
2022-11-15,126.83142663530913,185.77671725916497,90.90847444392274,97.24053351215531,125.18928796263805
2022-11-16,126.83142663530913,185.77671725916497,90.70709582231831,97.24053351215531,125.13894330723694
2022-11-17,126.83142663530913,185.77671725916497,90.82319676232493,97.24053351215531,125.16796854223857
2022-11-18,126.83142663530913,185.77671725916497,90.8694316499382,97.24053351215531,125.1795272641419
2022-11-19,126.83142663530913,185.77671725916497,90.8694316499382,97.24053351215531,125.1795272641419
2022-11-20,126.83142663530913,185.77671725916497,90.8694316499382,97.24053351215531,125.1795272641419
2022-11-21,127.40722286443177,185.77671725916497,90.8694316499382,97.24053351215531,125.32347632142258
2022-11-22,127.97295411966358,185.77671725916497,90.8694316499382,97.24053351215531,125.46490913523051
2022-11-23,127.97295411966358,185.77671725916497,90.8694316499382,97.24053351215531,125.46490913523051
2022-11-24,127.97295411966358,185.77671725916497,90.8694316499382,97.24053351215531,125.46490913523051
2022-11-25,127.97295411966358,185.77671725916497,90.8694316499382,96.82231762055017,125.36035516232921
2022-11-26,127.97295411966358,185.77671725916497,90.8694316499382,96.82231762055017,125.36035516232921
2022-11-27,127.97295411966358,185.77671725916497,90.8694316499382,96.82231762055017,125.36035516232921
2022-11-28,127.97295411966358,185.77671725916497,90.8694316499382,95.93748815005081,125.13914779470439
2022-11-29,127.97295411966358,185.77671725916497,90.8694316499382,95.79259445532145,125.10292437102206
2022-11-30,127.97295411966358,185.77671725916497,91.37020685488719,95.79259445532145,125.22811817225931
2022-12-01,127.97295411966358,185.77671725916497,91.37020685488719,95.79259445532145,125.22811817225931
2022-12-02,127.97295411966358,185.77671725916497,91.41377039343834,95.79259445532145,125.23900905689709
2022-12-03,127.97295411966358,185.77671725916497,91.41377039343834,95.79259445532145,125.23900905689709
2022-12-04,127.97295411966358,185.77671725916497,91.41377039343834,95.79259445532145,125.23900905689709
2022-12-05,127.97295411966358,185.77671725916497,91.41377039343834,95.79259445532145,125.23900905689709
2022-12-06,127.97295411966358,185.77671725916497,91.41377039343834,95.79259445532145,125.23900905689709
2022-12-07,127.97295411966358,185.77671725916497,91.41377039343834,95.31071315239583,125.11853873116567
2022-12-08,127.97295411966358,185.77671725916497,91.41377039343834,95.31071315239583,125.11853873116567
2022-12-09,127.97295411966358,185.77671725916497,91.41377039343834,95.31071315239583,125.11853873116567
2022-12-10,127.97295411966358,185.77671725916497,91.41377039343834,95.31071315239583,125.11853873116567
2022-12-11,127.97295411966358,185.77671725916497,91.41377039343834,95.31071315239583,125.11853873116567
2022-12-12,127.97295411966358,185.77671725916497,90.62305107105686,94.99717596999942,124.84247460497122
2022-12-13,127.97295411966358,185.77671725916497,90.37533481764446,94.99717596999942,124.78054554161811
2022-12-14,128.37734683302108,185.77671725916497,90.37533481764446,94.99717596999942,124.8816437199575
2022-12-15,128.37734683302108,185.77671725916497,90.37533481764446,94.78432593497347,124.82843121120099
2022-12-16,128.37734683302108,185.77671725916497,90.37533481764446,93.36512612337519,124.47363125830142
2022-12-17,128.37734683302108,185.77671725916497,90.37533481764446,93.36512612337519,124.47363125830142
2022-12-18,128.37734683302108,185.77671725916497,90.37533481764446,93.36512612337519,124.47363125830142
2022-12-19,128.37734683302108,185.77671725916497,90.37533481764446,93.36512612337519,124.47363125830142
2022-12-20,129.19639654004067,185.77671725916497,90.43040570600161,93.36512612337519,124.6921614071456
2022-12-21,129.19639654004067,186.79293189454341,90.46122896441045,93.36512612337519,124.95392088059243
2022-12-22,129.19639654004067,186.79293189454341,90.46122896441045,93.36512612337519,124.95392088059243
2022-12-23,129.19639654004067,186.79293189454341,90.30752364914501,93.36512612337519,124.91549455177608
2022-12-24,129.19639654004067,186.79293189454341,90.30752364914501,93.36512612337519,124.91549455177608
2022-12-25,129.19639654004067,186.79293189454341,90.30752364914501,93.36512612337519,124.91549455177608
2022-12-26,129.19639654004067,186.79293189454341,90.30752364914501,93.36512612337519,124.91549455177608
2022-12-27,129.19639654004067,186.79293189454341,90.30752364914501,93.36512612337519,124.91549455177608
2022-12-28,129.19639654004067,186.79293189454341,90.30752364914501,93.36512612337519,124.91549455177608
2022-12-29,128.8992306772432,186.79293189454341,90.64668223583696,93.36512612337519,124.92599273274972
2022-12-30,128.8992306772432,186.79293189454341,90.64668223583696,93.36512612337519,124.92599273274972
2022-12-31,128.8992306772432,186.79293189454341,90.64668223583696,93.36512612337519,124.92599273274972
2023-01-01,128.8992306772432,186.79293189454341,90.64668223583696,93.36512612337519,124.92599273274972
2023-01-02,128.8992306772432,186.79293189454341,90.64668223583696,93.36512612337519,124.92599273274972
2023-01-03,128.8992306772432,188.0948883519829,90.64668223583696,93.36512612337519,125.25148184710957
2023-01-04,128.8992306772432,188.0948883519829,90.72240470732802,93.36512612337519,125.27041246498234
2023-01-05,128.8992306772432,188.0948883519829,90.72240470732802,93.36512612337519,125.27041246498234
2023-01-06,128.8992306772432,188.0948883519829,91.23499549466706,92.56212367056045,125.19780954861342
2023-01-07,128.8992306772432,188.0948883519829,91.23499549466706,92.56212367056045,125.19780954861342
2023-01-08,128.8992306772432,188.0948883519829,91.23499549466706,92.56212367056045,125.19780954861342
2023-01-09,128.8992306772432,191.89627153116805,91.87365340889826,92.56212367056045,126.30781982196748
2023-01-10,128.8992306772432,191.89627153116805,91.87365340889826,92.56212367056045,126.30781982196748
2023-01-11,128.8992306772432,191.89627153116805,91.45579276906906,92.56212367056045,126.20335466201018
2023-01-12,128.8992306772432,191.89627153116805,91.45579276906906,92.56212367056045,126.20335466201018
2023-01-13,128.8992306772432,191.89627153116805,91.45579276906906,92.56212367056045,126.20335466201018
2023-01-14,128.8992306772432,191.89627153116805,91.45579276906906,93.6238791195413,126.4687935242554
2023-01-15,128.8992306772432,191.89627153116805,91.45579276906906,93.6238791195413,126.4687935242554
2023-01-16,128.8992306772432,191.89627153116805,91.45579276906906,93.6238791195413,126.4687935242554
2023-01-17,128.8992306772432,193.44239467466045,91.45579276906906,93.6238791195413,126.8553243101285
2023-01-18,128.8992306772432,194.9852609329979,91.45579276906906,93.6238791195413,127.24104087471284
2023-01-19,128.8992306772432,194.9852609329979,91.6166901779632,93.6238791195413,127.2812652269364
2023-01-20,128.8992306772432,194.9852609329979,91.6166901779632,93.6238791195413,127.2812652269364
2023-01-21,128.8992306772432,194.9852609329979,91.6166901779632,93.6238791195413,127.2812652269364
2023-01-22,128.8992306772432,194.9852609329979,91.6166901779632,93.6238791195413,127.2812652269364
2023-01-23,128.8992306772432,194.9852609329979,91.79412940220345,93.6238791195413,127.32562503299644
2023-01-24,128.8992306772432,194.9852609329979,91.98944611632082,92.01348349588969,126.9718553056129
2023-01-25,128.8992306772432,194.9852609329979,91.7552920966083,92.01348349588969,126.91331680068475
2023-01-26,128.8992306772432,194.9852609329979,92.05982588968767,92.02565775949644,126.99249381485629
2023-01-27,128.8992306772432,194.9852609329979,91.6756653457188,92.02565775949644,126.89645367886409
2023-01-28,128.8992306772432,194.9852609329979,91.6756653457188,92.02565775949644,126.89645367886409
2023-01-29,128.8992306772432,194.9852609329979,91.6756653457188,92.02565775949644,126.89645367886409
2023-01-30,128.8992306772432,194.9852609329979,91.6756653457188,91.62999419227754,126.79753778705935
2023-01-31,128.8992306772432,194.9852609329979,91.69498125432169,91.62999419227754,126.80236676421008
2023-02-01,128.8992306772432,194.9852609329979,91.71152306966776,91.62999419227754,126.80650221804659
2023-02-02,128.8992306772432,194.9852609329979,91.71152306966776,91.62999419227754,126.80650221804659
2023-02-03,128.8992306772432,194.9852609329979,91.71152306966776,91.62999419227754,126.80650221804659
2023-02-04,128.8992306772432,194.9852609329979,91.71152306966776,91.62999419227754,126.80650221804659
2023-02-05,128.8992306772432,194.9852609329979,91.71152306966776,90.8419600963563,126.60949369406629
2023-02-06,128.8992306772432,194.9852609329979,92.06465486683838,90.44799294291867,126.59928485499954
2023-02-07,128.8992306772432,194.9852609329979,92.73691013273523,90.44799294291867,126.76734867147374
2023-02-08,128.8992306772432,194.9852609329979,93.12754356096995,90.44799294291867,126.86500702853243
2023-02-09,128.8992306772432,194.9852609329979,93.12754356096995,90.44799294291867,126.86500702853243
2023-02-10,128.8992306772432,194.9852609329979,93.12754356096995,90.44799294291867,126.86500702853243
2023-02-11,128.8992306772432,194.9852609329979,93.12754356096995,90.44799294291867,126.86500702853243
2023-02-12,128.8992306772432,194.9852609329979,93.12754356096995,90.44799294291867,126.86500702853243
2023-02-13,128.8992306772432,194.9852609329979,93.99737591326746,90.44799294291867,127.08246511660678
2023-02-14,128.8992306772432,194.9852609329979,93.99737591326746,90.44799294291867,127.08246511660678
2023-02-15,128.8992306772432,194.9852609329979,94.47791051186131,90.44799294291867,127.20259876625526
2023-02-16,128.8992306772432,194.9852609329979,94.47791051186131,89.84107596540913,127.05086952187787
2023-02-17,128.8992306772432,194.9852609329979,94.47791051186131,89.84107596540913,127.05086952187787
2023-02-18,128.8992306772432,194.9852609329979,94.47791051186131,89.84107596540913,127.05086952187787
2023-02-19,128.8992306772432,194.9852609329979,94.47791051186131,89.84107596540913,127.05086952187787
2023-02-20,128.8992306772432,194.9852609329979,94.47791051186131,89.84107596540913,127.05086952187787
2023-02-21,128.8992306772432,194.9852609329979,94.47791051186131,89.84107596540913,127.05086952187787
2023-02-22,128.8992306772432,194.9852609329979,94.64045182787059,90.1241774887887,127.16228023172509
2023-02-23,128.8992306772432,194.9852609329979,94.81799379630552,90.1241774887887,127.20666572383381
2023-02-24,128.8992306772432,194.9852609329979,95.09262902872831,90.1241774887887,127.27532453193953
2023-02-25,128.8992306772432,194.9852609329979,95.09262902872831,90.1241774887887,127.27532453193953
2023-02-26,128.8992306772432,194.9852609329979,95.09262902872831,90.1241774887887,127.27532453193953
2023-02-27,128.8992306772432,194.9852609329979,95.33079007203395,90.1241774887887,127.33486479276593
2023-02-28,128.8992306772432,194.9852609329979,95.03981851265448,90.1241774887887,127.26212190292108
2023-03-01,128.8992306772432,194.9852609329979,95.03981851265448,90.1241774887887,127.26212190292108
2023-03-02,128.8992306772432,194.9852609329979,94.86217380002488,90.1241774887887,127.21771072476366
2023-03-03,128.8992306772432,195.96016630054405,95.04803804823018,90.1241774887887,127.50790312870153
2023-03-04,128.8992306772432,195.96016630054405,95.04803804823018,90.1241774887887,127.50790312870153
2023-03-05,128.8992306772432,195.96016630054405,95.04803804823018,90.1241774887887,127.50790312870153
2023-03-06,128.8992306772432,197.11838777538128,95.18571526912301,90.1241774887887,127.83187780263403
2023-03-07,128.8992306772432,197.11838777538128,95.18571526912301,90.1241774887887,127.83187780263403
2023-03-08,128.8992306772432,197.11838777538128,95.18571526912301,90.1241774887887,127.83187780263403
2023-03-09,128.8992306772432,197.11838777538128,95.18571526912301,90.1241774887887,127.83187780263403
2023-03-10,129.94847929206364,197.11838777538128,95.18571526912301,90.1241774887887,128.09418995633916
2023-03-11,129.94847929206364,197.11838777538128,95.18571526912301,90.1241774887887,128.09418995633916
2023-03-12,131.17909674333322,197.11838777538128,95.18571526912301,90.1241774887887,128.40184431915657
2023-03-13,131.17909674333322,197.11838777538128,94.75840216338176,90.1241774887887,128.29501604272124
2023-03-14,131.17909674333322,198.12370181554732,94.76415583828475,90.1241774887887,128.54778297148852
2023-03-15,131.17909674333322,198.12370181554732,94.76415583828475,89.7365968342923,128.4508878078644
2023-03-16,131.17909674333322,198.12370181554732,95.31219337279396,89.7365968342923,128.58789719149172
2023-03-17,131.17909674333322,198.12370181554732,95.31219337279396,89.7365968342923,128.58789719149172
2023-03-18,131.17909674333322,198.12370181554732,95.31219337279396,89.7365968342923,128.58789719149172
2023-03-19,131.17909674333322,198.12370181554732,95.31219337279396,89.7365968342923,128.58789719149172
2023-03-20,131.17909674333322,198.12370181554732,95.07824484147083,89.7365968342923,128.52941005866091
2023-03-21,131.17909674333322,202.38733005207698,94.13135434315122,89.7365968342923,129.35859449321342
2023-03-22,131.17909674333322,202.38733005207698,94.13135434315122,90.0971346573344,129.44872894897395
2023-03-23,131.17909674333322,202.38733005207698,94.13135434315122,90.0971346573344,129.44872894897395
2023-03-24,131.17909674333322,202.38733005207698,94.36859068870461,90.0971346573344,129.5080380353623
2023-03-25,131.17909674333322,202.38733005207698,94.36859068870461,90.0971346573344,129.5080380353623
2023-03-26,131.17909674333322,202.38733005207698,94.36859068870461,90.0971346573344,129.5080380353623
2023-03-27,131.17909674333322,203.43365425837737,94.36859068870461,90.0971346573344,129.7696190869374
2023-03-28,131.17909674333322,204.16831449546527,94.36859068870461,90.0971346573344,129.95328414620937
2023-03-29,131.17909674333322,207.53806069105786,94.59123735861115,90.0971346573344,130.85138236258416
2023-03-30,131.17909674333322,209.6084758774481,94.59123735861115,90.0971346573344,131.36898615918173
2023-03-31,131.17909674333322,210.77018687209414,94.59123735861115,90.0971346573344,131.65941390784323
2023-04-01,131.17909674333322,210.77018687209414,94.59123735861115,90.0971346573344,131.65941390784323
2023-04-02,131.17909674333322,210.77018687209414,94.59123735861115,90.0971346573344,131.65941390784323
2023-04-03,131.17909674333322,210.77018687209414,94.59123735861115,89.70975358092993,131.5625686387421
2023-04-04,131.17909674333322,210.77018687209414,94.59123735861115,89.70975358092993,131.5625686387421
2023-04-05,131.17909674333322,210.77018687209414,94.59123735861115,90.12148318454788,131.66550103964659
2023-04-06,131.17909674333322,210.77018687209414,94.59123735861115,90.12148318454788,131.66550103964659
2023-04-07,131.17909674333322,210.77018687209414,94.59123735861115,90.12148318454788,131.66550103964659
2023-04-08,131.17909674333322,210.77018687209414,94.59123735861115,90.12148318454788,131.66550103964659
2023-04-09,131.17909674333322,210.77018687209414,94.59123735861115,90.3383247814121,131.71971143886265
2023-04-10,131.17909674333322,210.77018687209414,94.86083812549381,90.3383247814121,131.78711163058333
2023-04-11,131.17909674333322,210.77018687209414,95.55415595130337,90.3383247814121,131.9604410870357
2023-04-12,131.17909674333322,210.77018687209414,95.58631488424325,90.4058819655249,131.9853701162989
2023-04-13,131.17909674333322,210.77018687209414,96.91212597260225,90.4058819655249,132.31682288838863
2023-04-14,131.17909674333322,210.77018687209414,96.91212597260225,90.4058819655249,132.31682288838863
2023-04-15,131.17909674333322,210.77018687209414,96.91212597260225,90.4058819655249,132.31682288838863
2023-04-16,131.17909674333322,210.77018687209414,96.91212597260225,90.4058819655249,132.31682288838863
2023-04-17,131.17909674333322,210.77018687209414,97.16302729605022,89.43972442257069,132.13800883351206
2023-04-18,131.17909674333322,210.77018687209414,97.16302729605022,89.43972442257069,132.13800883351206
2023-04-19,131.17909674333322,210.77018687209414,97.18337064660004,90.08725554178467,132.30497745095303
2023-04-20,131.17909674333322,210.77018687209414,97.15028701590788,90.14313740752051,132.31067700971394
2023-04-21,131.17909674333322,210.77018687209414,97.15028701590788,90.14313740752051,132.31067700971394
2023-04-22,131.8861362458644,210.77018687209414,97.15028701590788,90.14313740752051,132.48743688534674
2023-04-23,131.8861362458644,210.77018687209414,97.15028701590788,90.14313740752051,132.48743688534674
2023-04-24,131.8861362458644,210.77018687209414,97.12984092116335,90.14313740752051,132.4823253616606
2023-04-25,131.8861362458644,210.77018687209414,97.12984092116335,90.14313740752051,132.4823253616606
2023-04-26,131.8861362458644,210.77018687209414,96.86743224790942,90.14313740752051,132.4167231933471
2023-04-27,131.8861362458644,210.77018687209414,96.96051848830412,90.14313740752051,132.4399947534458
2023-04-28,131.8861362458644,212.48164678748162,97.01877444669684,90.14313740752051,132.88242372189086
2023-04-29,131.8861362458644,212.48164678748162,97.01877444669684,90.14313740752051,132.88242372189086
2023-04-30,131.8861362458644,212.48164678748162,97.01877444669684,90.14313740752051,132.88242372189086
2023-05-01,131.8861362458644,212.48164678748162,95.77854927251974,88.64490467152439,132.19780924434752
2023-05-02,131.8861362458644,212.48164678748162,95.77854927251974,88.64490467152439,132.19780924434752
2023-05-03,131.8861362458644,212.48164678748162,95.77854927251974,88.25732401702801,132.10091408072344
2023-05-04,131.8861362458644,212.48164678748162,94.50102795566795,88.25732401702801,131.7815337515105
2023-05-05,131.8861362458644,212.48164678748162,94.50102795566795,88.25732401702801,131.7815337515105
2023-05-06,131.8861362458644,212.48164678748162,94.50102795566795,88.25732401702801,131.7815337515105
2023-05-07,131.8861362458644,212.48164678748162,94.50102795566795,88.25732401702801,131.7815337515105
2023-05-08,132.43084067445292,212.48164678748162,95.1037254017555,87.49832853348023,131.87863534929258
2023-05-09,132.43084067445292,212.48164678748162,95.32883793233474,87.49832853348023,131.9349134819374
2023-05-10,132.94335711723204,212.48164678748162,95.6599824718404,87.49832853348023,132.1458287275086
2023-05-11,132.94335711723204,212.48164678748162,95.48254324760015,87.49832853348023,132.10146892144851
2023-05-12,132.94335711723204,212.48164678748162,94.97591162355349,87.49832853348023,131.97481101543684
2023-05-13,132.94335711723204,212.48164678748162,94.97591162355349,87.49832853348023,131.97481101543684
2023-05-14,132.94335711723204,212.48164678748162,94.97591162355349,87.49832853348023,131.97481101543684
2023-05-15,132.94335711723204,214.0221202322359,95.1992775028229,87.49832853348023,132.41577084644277
2023-05-16,132.94335711723204,214.0221202322359,95.21838792303639,87.49832853348023,132.42054845149616
2023-05-17,132.94335711723204,214.0221202322359,95.21838792303639,87.49832853348023,132.42054845149616
2023-05-18,132.94335711723204,214.0221202322359,95.2973982087577,87.49832853348023,132.4403010229265
2023-05-19,132.94335711723204,216.378709276473,95.25455387956943,87.49832853348023,133.01873720168868
2023-05-20,132.94335711723204,216.378709276473,95.25455387956943,87.49832853348023,133.01873720168868
2023-05-21,132.94335711723204,216.378709276473,95.25455387956943,87.49832853348023,133.01873720168868
2023-05-22,132.94335711723204,216.378709276473,95.25455387956943,87.49832853348023,133.01873720168868
2023-05-23,132.94335711723204,216.378709276473,95.25455387956943,87.49832853348023,133.01873720168868
2023-05-24,132.94335711723204,216.378709276473,95.25455387956943,87.49832853348023,133.01873720168868
2023-05-25,132.94335711723204,216.378709276473,95.25455387956943,87.49832853348023,133.01873720168868
2023-05-26,132.94335711723204,216.378709276473,95.25455387956943,87.49832853348023,133.01873720168868
2023-05-27,132.94335711723204,216.378709276473,95.25455387956943,87.49832853348023,133.01873720168868
2023-05-28,132.94335711723204,216.378709276473,95.25455387956943,87.49832853348023,133.01873720168868
2023-05-29,132.94335711723204,216.378709276473,95.25455387956943,87.49832853348023,133.01873720168868
2023-05-30,132.94335711723204,216.378709276473,95.0507093972923,87.49832853348023,132.96777608111938
2023-05-31,132.94335711723204,216.378709276473,94.93871822507349,86.53237056861795,132.6982887968491
2023-06-01,132.94335711723204,216.378709276473,94.39982492389224,86.4246981880305,132.53664737640696
2023-06-02,132.94335711723204,216.378709276473,93.71842542466744,86.4246981880305,132.36629750160074
2023-06-03,132.94335711723204,216.378709276473,93.71842542466744,86.4246981880305,132.36629750160074
2023-06-04,132.94335711723204,216.378709276473,93.71842542466744,86.4246981880305,132.36629750160074
2023-06-05,132.94335711723204,216.378709276473,93.71842542466744,86.14648632790282,132.2967445365688
2023-06-06,132.94335711723204,216.378709276473,93.71842542466744,86.14648632790282,132.2967445365688
2023-06-07,132.94335711723204,217.80409503457952,93.71842542466744,86.14648632790282,132.65309097609546
2023-06-08,132.94335711723204,219.44423581177864,94.09611308437046,86.14648632790282,133.157548085321
2023-06-09,132.94335711723204,219.44423581177864,94.09611308437046,86.14648632790282,133.157548085321
2023-06-10,134.61573723442422,219.44423581177864,94.09611308437046,86.14648632790282,133.57564311461903
2023-06-11,134.61573723442422,219.44423581177864,94.09611308437046,86.14648632790282,133.57564311461903
2023-06-12,134.31000119583848,219.44423581177864,94.51335725903147,86.14648632790282,133.60352014863784
2023-06-13,134.31000119583848,221.84771735554222,94.51335725903147,86.14648632790282,134.20439053457875
2023-06-14,134.31000119583848,221.84771735554222,94.51335725903147,86.14648632790282,134.20439053457875
2023-06-15,134.31000119583848,221.84771735554222,94.51335725903147,86.14648632790282,134.20439053457875
2023-06-16,134.31000119583848,221.84771735554222,94.51335725903147,86.14648632790282,134.20439053457875
2023-06-17,134.31000119583848,221.84771735554222,94.51335725903147,86.14648632790282,134.20439053457875
2023-06-18,134.31000119583848,221.84771735554222,94.51335725903147,86.14648632790282,134.20439053457875
2023-06-19,134.31000119583848,221.84771735554222,94.51335725903147,86.14648632790282,134.20439053457875
2023-06-20,134.31000119583848,221.84771735554222,94.51335725903147,86.14648632790282,134.20439053457875
2023-06-21,134.31000119583848,221.84771735554222,94.51335725903147,86.14648632790282,134.20439053457875
2023-06-22,134.31000119583848,221.84771735554222,94.83936458880231,86.14648632790282,134.28589236702146
2023-06-23,134.31000119583848,221.84771735554222,94.83936458880231,86.14648632790282,134.28589236702146
2023-06-24,134.31000119583848,221.84771735554222,94.83936458880231,86.14648632790282,134.28589236702146
2023-06-25,134.31000119583848,221.84771735554222,94.83936458880231,86.14648632790282,134.28589236702146
2023-06-26,134.31000119583848,221.84771735554222,94.94467738836586,88.72822852489837,134.95765611616122
2023-06-27,134.31000119583848,221.84771735554222,95.08358753959504,90.73199256771186,135.4933246646719
2023-06-28,134.31000119583848,221.84771735554222,95.08358753959504,90.73199256771186,135.4933246646719
2023-06-29,134.31000119583848,221.84771735554222,95.08358753959504,90.73199256771186,135.4933246646719
2023-06-30,134.31000119583848,221.84771735554222,95.73519122235797,90.73199256771186,135.65622558536262
2023-07-01,134.31000119583848,221.84771735554222,95.73519122235797,90.34191718706656,135.5587067402013
2023-07-02,134.31000119583848,221.84771735554222,95.73519122235797,89.95343843115656,135.4615870512238
2023-07-03,134.31000119583848,221.84771735554222,95.73519122235797,89.95343843115656,135.4615870512238
2023-07-04,134.31000119583848,221.84771735554222,95.73519122235797,89.5666560890278,135.3648914656916
2023-07-05,134.31000119583848,221.84771735554222,95.73519122235797,88.79299161572436,135.17147534736574
2023-07-06,134.31000119583848,221.84771735554222,95.73519122235797,88.05295605090838,134.98646645616176
2023-07-07,134.31000119583848,221.84771735554222,95.73519122235797,88.05295605090838,134.98646645616176
2023-07-08,134.31000119583848,221.84771735554222,95.73519122235797,88.05295605090838,134.98646645616176
2023-07-09,134.31000119583848,221.84771735554222,95.73519122235797,88.05295605090838,134.98646645616176
2023-07-10,134.31000119583848,221.84771735554222,95.73519122235797,88.05295605090838,134.98646645616176
2023-07-11,134.31000119583848,221.84771735554222,95.73519122235797,88.05295605090838,134.98646645616176
2023-07-12,134.31000119583848,223.26309982353,95.95927631099023,88.05295605090838,135.39633334531678
2023-07-13,134.31000119583848,223.26309982353,95.95927631099023,88.05295605090838,135.39633334531678
2023-07-14,134.31000119583848,223.26309982353,95.95927631099023,87.6743564105481,135.3016834352267
2023-07-15,134.31000119583848,223.26309982353,95.95927631099023,87.6743564105481,135.3016834352267
2023-07-16,134.31000119583848,223.26309982353,95.95927631099023,86.53845770042132,135.017708757695
2023-07-17,134.31000119583848,222.5490443700752,95.99862733755884,86.15985806006104,134.7543827408834
2023-07-18,134.31000119583848,223.89121338912133,95.99862733755884,86.15985806006104,135.08992499564494
2023-07-19,134.31000119583848,223.89121338912133,95.99862733755884,86.15985806006104,135.08992499564494
2023-07-20,134.31000119583848,223.89121338912133,96.44525635190298,86.15985806006104,135.20158224923097
2023-07-21,134.31000119583848,223.89121338912133,96.44525635190298,86.15985806006104,135.20158224923097
2023-07-22,134.31000119583848,223.89121338912133,96.44525635190298,86.15985806006104,135.20158224923097
2023-07-23,134.31000119583848,223.89121338912133,96.44525635190298,86.15985806006104,135.20158224923097
2023-07-24,134.31000119583848,226.41762573072205,96.44525635190298,86.15985806006104,135.83318533463114
2023-07-25,134.31000119583848,226.41762573072205,97.25857939711761,86.15985806006104,136.03651609593481
2023-07-26,134.31000119583848,226.41762573072205,97.25857939711761,86.15985806006104,136.03651609593481
2023-07-27,134.31000119583848,226.41762573072205,97.25857939711761,86.15985806006104,136.03651609593481
2023-07-28,134.31000119583848,226.41762573072205,97.58027147071122,86.15985806006104,136.1169391143332
2023-07-29,134.31000119583848,226.41762573072205,97.58027147071122,86.15985806006104,136.1169391143332
2023-07-30,134.31000119583848,226.41762573072205,97.58027147071122,86.15985806006104,136.1169391143332
2023-07-31,134.31000119583848,226.41762573072205,97.80096600091852,86.15985806006104,136.17211274688503
2023-08-01,134.31000119583848,226.41762573072205,100.00143841872573,86.15985806006104,136.72223085133683
2023-08-02,134.31000119583848,226.41762573072205,99.33051882735995,86.15985806006104,136.5545009534954
2023-08-03,134.31000119583848,226.41762573072205,99.33051882735995,86.15985806006104,136.5545009534954
2023-08-04,134.31000119583848,226.41762573072205,98.51678480536653,86.15985806006104,136.35106744799702
2023-08-05,134.31000119583848,226.41762573072205,98.51678480536653,86.15985806006104,136.35106744799702
2023-08-06,134.31000119583848,226.41762573072205,98.51678480536653,86.15985806006104,136.35106744799702
2023-08-07,134.31000119583848,226.41762573072205,98.83375064600412,86.15985806006104,136.43030890815643
2023-08-08,134.9278510782477,226.41762573072205,98.83375064600412,86.15985806006104,136.58477137875875
2023-08-09,134.9278510782477,226.41762573072205,98.51072289787946,86.15985806006104,136.50401444172758
2023-08-10,134.9278510782477,226.41762573072205,98.51072289787946,86.15985806006104,136.50401444172758
2023-08-11,134.9278510782477,226.41762573072205,98.34242790696719,86.15985806006104,136.4619406939995
2023-08-12,134.9278510782477,226.41762573072205,98.34242790696719,86.15985806006104,136.4619406939995
2023-08-13,134.9278510782477,226.41762573072205,98.34242790696719,86.15985806006104,136.4619406939995
2023-08-14,134.9278510782477,226.41762573072205,98.08217686180187,85.91687173315611,136.33613135098193
2023-08-15,134.9278510782477,226.41762573072205,97.56167477147123,85.66789806349378,136.1437624109837
2023-08-16,134.9278510782477,226.41762573072205,97.56167477147123,85.66789806349378,136.1437624109837
2023-08-17,134.9278510782477,225.6704364558443,97.56167477147123,85.66789806349378,135.95696509226426
2023-08-18,134.9278510782477,225.6704364558443,96.77311307717837,85.66789806349378,135.75982466869104
2023-08-19,134.9278510782477,225.6704364558443,96.77311307717837,85.66789806349378,135.75982466869104
2023-08-20,134.9278510782477,225.6704364558443,96.77311307717837,85.66789806349378,135.75982466869104
2023-08-21,134.9278510782477,227.13055124442923,96.53135598705835,85.66789806349378,136.06441409330725
2023-08-22,134.9278510782477,227.13055124442923,96.62362027389548,85.66789806349378,136.08748016501653
2023-08-23,136.46330768924145,227.13055124442923,95.87543704811819,85.66789806349378,136.28429851132066
2023-08-24,136.46330768924145,227.13055124442923,95.87543704811819,84.5627343795217,136.00800759032762
2023-08-25,136.46330768924145,227.13055124442923,95.96718761398184,84.03105834266363,135.89802622257903
2023-08-26,136.46330768924145,227.13055124442923,95.96718761398184,84.03105834266363,135.89802622257903
2023-08-27,136.46330768924145,227.13055124442923,95.96718761398184,84.03105834266363,135.89802622257903
2023-08-28,136.46330768924145,227.13055124442923,94.82549412251835,84.03105834266363,135.61260284971317
2023-08-29,136.46330768924145,227.13055124442923,94.90984710636387,84.03105834266363,135.63369109567455
2023-08-30,136.46330768924145,227.13055124442923,94.90984710636387,84.01479272817265,135.6296246920518
2023-08-31,136.46330768924145,227.13055124442923,94.90984710636387,83.21069259585238,135.42859965897173
2023-09-01,136.46330768924145,227.13055124442923,94.90984710636387,83.21069259585238,135.42859965897173
2023-09-02,136.46330768924145,227.13055124442923,94.90984710636387,83.21069259585238,135.42859965897173
2023-09-03,136.46330768924145,227.13055124442923,94.90984710636387,83.21069259585238,135.42859965897173
2023-09-04,136.46330768924145,227.13055124442923,94.90984710636387,83.21069259585238,135.42859965897173
2023-09-05,136.46330768924145,227.13055124442923,94.90984710636387,83.21069259585238,135.42859965897173
2023-09-06,136.46330768924145,227.13055124442923,94.90984710636387,83.21069259585238,135.42859965897173
2023-09-07,136.46330768924145,227.13055124442923,95.02666725573339,83.21069259585238,135.4578046963141
2023-09-08,136.46330768924145,227.13055124442923,95.02666725573339,83.21069259585238,135.4578046963141
2023-09-09,136.46330768924145,227.13055124442923,95.02666725573339,83.21069259585238,135.4578046963141
2023-09-10,136.46330768924145,227.13055124442923,95.02666725573339,83.21069259585238,135.4578046963141
2023-09-11,136.46330768924145,227.13055124442923,95.29328844096986,83.21069259585238,135.52445999262324
2023-09-12,137.02963686371427,227.13055124442923,95.62361102691794,83.21069259585238,135.74862293272847
2023-09-13,137.02963686371427,227.13055124442923,95.56350567302073,83.21069259585238,135.73359659425415
2023-09-14,137.02963686371427,227.13055124442923,95.82540062530117,83.21069259585238,135.79907033232428
2023-09-15,137.02963686371427,227.13055124442923,95.82540062530117,83.21069259585238,135.79907033232428
2023-09-16,137.02963686371427,227.13055124442923,95.82540062530117,83.21069259585238,135.79907033232428
2023-09-17,137.02963686371427,227.13055124442923,95.82540062530117,83.21069259585238,135.79907033232428
2023-09-18,137.02963686371427,227.13055124442923,95.82642806724813,83.21069259585238,135.799327192811
2023-09-19,137.02963686371427,227.13055124442923,95.82642806724813,83.21069259585238,135.799327192811
2023-09-20,137.02963686371427,227.13055124442923,95.233388575462,83.21069259585238,135.65106731986447
2023-09-21,137.02963686371427,227.13055124442923,95.233388575462,83.27725188950559,135.6677071432778
2023-09-22,137.02963686371427,227.13055124442923,95.233388575462,83.3297409276789,135.6808294028211
2023-09-23,137.02963686371427,227.13055124442923,95.233388575462,83.3297409276789,135.6808294028211
2023-09-24,137.02963686371427,227.13055124442923,95.233388575462,83.3297409276789,135.6808294028211
2023-09-25,137.02963686371427,227.13055124442923,93.70352751643651,83.3297409276789,135.29836413806473
2023-09-26,137.02963686371427,227.13055124442923,93.70352751643651,83.2381345834905,135.27546255201764
2023-09-27,137.02963686371427,227.13055124442923,92.07390184436105,83.2381345834905,134.86805613399878
2023-09-28,137.02963686371427,227.13055124442923,92.07390184436105,83.2381345834905,134.86805613399878
2023-09-29,137.02963686371427,227.13055124442923,91.67176106632036,83.2381345834905,134.7675209394886
2023-09-30,137.02963686371427,227.13055124442923,91.67176106632036,83.2381345834905,134.7675209394886
2023-10-01,137.02963686371427,227.13055124442923,91.67176106632036,83.2381345834905,134.7675209394886
2023-10-02,137.02963686371427,227.13055124442923,91.23273512238376,83.81581337053468,134.8021841502655
2023-10-03,137.02963686371427,227.13055124442923,91.23273512238376,83.8657078935131,134.8146577810101
2023-10-04,137.02963686371427,227.13055124442923,91.17684228046905,84.07137311723018,134.8521008764607
2023-10-05,137.02963686371427,227.13055124442923,91.76546377188323,84.07137311723018,134.99925624931424
2023-10-06,137.02963686371427,229.06856407921546,92.17489938774733,84.07137311723018,135.58611836197682
2023-10-07,137.02963686371427,229.06856407921546,92.17489938774733,84.07137311723018,135.58611836197682
2023-10-08,137.02963686371427,229.06856407921546,92.17489938774733,84.07137311723018,135.58611836197682
2023-10-09,137.02963686371427,229.06856407921546,92.48035787857899,84.07137311723018,135.66248298468474
2023-10-10,137.02963686371427,229.06856407921546,93.0147304351936,84.07137311723018,135.7960761238384
2023-10-11,137.02963686371427,229.06856407921546,93.0147304351936,84.07137311723018,135.7960761238384
2023-10-12,137.02963686371427,229.06856407921546,93.0147304351936,84.07137311723018,135.7960761238384
2023-10-13,137.02963686371427,229.06856407921546,93.0147304351936,84.07137311723018,135.7960761238384
2023-10-14,137.02963686371427,229.06856407921546,93.0147304351936,84.07137311723018,135.7960761238384
2023-10-15,137.02963686371427,229.06856407921546,93.0147304351936,84.07137311723018,135.7960761238384
2023-10-16,137.02963686371427,229.06856407921546,93.0147304351936,84.07137311723018,135.7960761238384
2023-10-17,137.02963686371427,229.06856407921546,93.25751496726056,83.34830169022688,135.6760044001043
2023-10-18,137.02963686371427,229.06856407921546,93.25751496726056,83.34830169022688,135.6760044001043
2023-10-19,137.02963686371427,229.06856407921546,93.25751496726056,82.8094408420599,135.54128918806254
2023-10-20,137.02963686371427,229.06856407921546,93.25751496726056,82.8094408420599,135.54128918806254
2023-10-21,137.02963686371427,229.06856407921546,93.25751496726056,82.8094408420599,135.54128918806254
2023-10-22,137.02963686371427,229.06856407921546,93.25751496726056,82.8094408420599,135.54128918806254
2023-10-23,137.02963686371427,229.06856407921546,93.25751496726056,82.8094408420599,135.54128918806254
2023-10-24,137.02963686371427,231.75782067856207,93.06168453216974,82.8094408420599,136.1646457291265
2023-10-25,137.02963686371427,231.75782067856207,93.06168453216974,82.8094408420599,136.1646457291265
2023-10-26,137.02963686371427,231.75782067856207,93.06168453216974,84.4316115731344,136.57018841189512
2023-10-27,137.02963686371427,231.75782067856207,93.06168453216974,84.4316115731344,136.57018841189512
2023-10-28,137.02963686371427,231.75782067856207,93.06168453216974,84.4316115731344,136.57018841189512
2023-10-29,137.02963686371427,231.75782067856207,93.06168453216974,87.72554819112398,137.39367256639252
2023-10-30,137.02963686371427,231.75782067856207,92.60570579610825,87.99966870036742,137.34820800968802
2023-10-31,137.02963686371427,234.71962539174012,92.26182097646029,93.4162181149051,139.35682533670493
2023-11-01,137.02963686371427,234.71962539174012,91.62203287608742,94.6244638833506,139.4989397537231
2023-11-02,137.02963686371427,242.19105287121013,93.66376551308909,94.6244638833506,141.87722978284103
2023-11-03,137.02963686371427,244.012681911991,93.66376551308909,95.28117559479261,142.49681497089676
2023-11-04,137.02963686371427,244.012681911991,93.66376551308909,95.28117559479261,142.49681497089676
2023-11-05,137.02963686371427,244.012681911991,93.66376551308909,94.87423586538058,142.39508003854374
2023-11-06,137.02963686371427,244.012681911991,93.66376551308909,94.87423586538058,142.39508003854374
2023-11-07,137.02963686371427,244.012681911991,93.66376551308909,95.34973066936496,142.51395373953983
2023-11-08,137.02963686371427,244.012681911991,93.66376551308909,95.34973066936496,142.51395373953983
2023-11-09,137.02963686371427,244.012681911991,93.66376551308909,96.30630846390731,142.75309818817541
2023-11-10,137.02963686371427,244.012681911991,93.8736719028533,96.30630846390731,142.80557478561647
2023-11-11,137.02963686371427,244.012681911991,93.8736719028533,96.30630846390731,142.80557478561647
2023-11-12,137.02963686371427,244.012681911991,93.8736719028533,95.8921839231864,142.70204365043622
2023-11-13,137.02963686371427,244.012681911991,94.05809773233288,97.41955506060188,143.12999289216
2023-11-14,137.02963686371427,244.012681911991,94.05809773233288,96.94605603753665,143.0116181363937
2023-11-15,137.02963686371427,245.67685052558818,94.05809773233288,96.94605603753665,143.42766028979298
2023-11-16,137.02963686371427,245.67685052558818,94.06374866304115,96.94605603753665,143.42907302247005
2023-11-17,137.02963686371427,245.67685052558818,94.06374866304115,96.94605603753665,143.42907302247005
2023-11-18,137.02963686371427,245.67685052558818,94.06374866304115,96.94605603753665,143.42907302247005
2023-11-19,137.02963686371427,245.67685052558818,94.06374866304115,96.94605603753665,143.42907302247005
2023-11-20,137.02963686371427,245.67685052558818,94.06374866304115,96.94605603753665,143.42907302247005
2023-11-21,137.59148164387932,245.67685052558818,94.06374866304115,96.94605603753665,143.56953421751132
2023-11-22,137.59148164387932,245.67685052558818,94.06374866304115,96.94605603753665,143.56953421751132
2023-11-23,137.59148164387932,245.67685052558818,94.06374866304115,96.94605603753665,143.56953421751132
2023-11-24,137.59148164387932,245.67685052558818,94.06374866304115,96.94605603753665,143.56953421751132
2023-11-25,137.59148164387932,245.67685052558818,94.06374866304115,96.94605603753665,143.56953421751132
2023-11-26,137.59148164387932,245.67685052558818,94.06374866304115,96.52913740352894,143.4653045590094
2023-11-27,137.59148164387932,245.67685052558818,94.06374866304115,96.38663864590258,143.4296798696028
2023-11-28,137.59148164387932,245.67685052558818,94.06374866304115,96.38663864590258,143.4296798696028
2023-11-29,137.59148164387932,245.67685052558818,94.06374866304115,96.38663864590258,143.4296798696028
2023-11-30,137.59148164387932,245.67685052558818,94.06374866304115,96.38663864590258,143.4296798696028
2023-12-01,137.59148164387932,246.91014652659845,94.16628736934793,96.38663864590258,143.76363854643208
2023-12-02,137.59148164387932,246.91014652659845,94.16628736934793,96.38663864590258,143.76363854643208
2023-12-03,137.59148164387932,246.91014652659845,94.16628736934793,96.38663864590258,143.76363854643208
2023-12-04,137.59148164387932,246.91014652659845,94.16628736934793,96.06761306597852,143.68388215145106
2023-12-05,137.59148164387932,246.91014652659845,94.16628736934793,95.92202084792748,143.64748409693829
2023-12-06,137.59148164387932,246.91014652659845,94.22187197867854,95.92202084792748,143.66138024927093
2023-12-07,137.59148164387932,246.91014652659845,94.88580496480498,95.92202084792748,143.82736349580256
2023-12-08,137.59148164387932,246.91014652659845,94.61558773275414,95.92202084792748,143.75980918778984
2023-12-09,137.59148164387932,246.91014652659845,94.61558773275414,95.92202084792748,143.75980918778984
2023-12-10,137.59148164387932,246.91014652659845,94.61558773275414,95.92202084792748,143.75980918778984
2023-12-11,137.59148164387932,246.91014652659845,94.53236493505027,98.17555687277097,144.30238749457476
2023-12-12,137.59148164387932,246.91014652659845,94.83504933262508,98.17555687277097,144.37805859396846
2023-12-13,137.59148164387932,246.91014652659845,94.83504933262508,98.17555687277097,144.37805859396846
2023-12-14,137.59148164387932,248.81658751549514,95.03231818644167,98.17555687277097,144.90398605464677
2023-12-15,137.59148164387932,248.81658751549514,95.03231818644167,98.17555687277097,144.90398605464677
2023-12-16,137.59148164387932,248.81658751549514,95.03231818644167,96.9320855711027,144.5931182292297
2023-12-17,137.59148164387932,248.81658751549514,95.03231818644167,96.51526672614095,144.48891351798926
2023-12-18,137.59148164387932,248.81658751549514,95.11790410062355,96.51526672614095,144.51030999653474
2023-12-19,137.59148164387932,248.81658751549514,95.22629922602799,96.51526672614095,144.53740877788584
2023-12-20,137.59148164387932,248.81658751549514,95.22629922602799,96.10024408400642,144.4336531173522
2023-12-21,137.59148164387932,248.81658751549514,95.22629922602799,96.10024408400642,144.4336531173522
2023-12-22,137.59148164387932,248.81658751549514,95.39387500757739,96.10024408400642,144.47554706273957
2023-12-23,137.59148164387932,248.81658751549514,95.39387500757739,96.10024408400642,144.47554706273957
2023-12-24,137.59148164387932,248.81658751549514,95.39387500757739,96.10024408400642,144.47554706273957
2023-12-25,137.59148164387932,248.81658751549514,95.39387500757739,96.10024408400642,144.47554706273957
2023-12-26,137.59148164387932,248.81658751549514,95.51295552923021,95.68422355141232,144.40131206000424
2023-12-27,137.59148164387932,248.81658751549514,95.46148068768746,95.68422355141232,144.38844334961857
2023-12-28,137.59148164387932,248.81658751549514,95.46148068768746,95.68422355141232,144.38844334961857
2023-12-29,138.08536293697932,248.81658751549514,95.46148068768746,95.58144083407677,144.48621799355968
2023-12-30,138.08536293697932,248.81658751549514,95.46148068768746,95.58144083407677,144.48621799355968
2023-12-31,138.08536293697932,248.81658751549514,95.46148068768746,95.4939258407726,144.46433924523365
2024-01-01,138.08536293697932,248.81658751549514,95.46148068768746,95.4939258407726,144.46433924523365
2024-01-02,138.08536293697932,248.81658751549514,95.46148068768746,97.61683800445857,144.99506728615512
2024-01-03,138.08536293697932,248.81658751549514,95.46148068768746,96.35760003352911,144.68025779342275
2024-01-04,138.08536293697932,248.81658751549514,95.46148068768746,96.35760003352911,144.68025779342275
2024-01-05,138.08536293697932,248.81658751549514,95.39274482143573,96.35760003352911,144.66307382685983
2024-01-06,138.08536293697932,248.81658751549514,95.39274482143573,96.35760003352911,144.66307382685983
2024-01-07,138.08536293697932,248.81658751549514,95.39274482143573,96.35760003352911,144.66307382685983
2024-01-08,138.08536293697932,248.81658751549514,96.80085400974633,96.35760003352911,145.01510112393748
2024-01-09,138.08536293697932,248.81658751549514,96.80085400974633,96.35760003352911,145.01510112393748
2024-01-10,138.08536293697932,248.81658751549514,96.94007239355959,96.35760003352911,145.0499057198908
2024-01-11,138.08536293697932,248.81658751549514,97.16210259829795,95.94317612567033,145.00180729411068
2024-01-12,138.08536293697932,248.81658751549514,97.1708358548471,94.70020376923186,144.69324751913837
2024-01-13,138.08536293697932,248.81658751549514,97.1708358548471,94.70020376923186,144.69324751913837
2024-01-14,138.08536293697932,248.81658751549514,97.1708358548471,95.19934857710798,144.81803372110738
2024-01-15,138.08536293697932,248.81658751549514,97.1708358548471,95.19934857710798,144.81803372110738
2024-01-16,138.08536293697932,248.81658751549514,97.1708358548471,95.19934857710798,144.81803372110738
2024-01-17,138.08536293697932,248.81658751549514,95.56925934792369,95.19934857710798,144.41763959437654
2024-01-18,138.08536293697932,248.81658751549514,95.64220772615796,95.55719209590924,144.52533756863542
2024-01-19,138.08536293697932,248.81658751549514,96.2101776344382,95.55719209590924,144.66733004570548
2024-01-20,138.08536293697932,248.81658751549514,96.2101776344382,95.55719209590924,144.66733004570548
2024-01-21,138.08536293697932,248.81658751549514,96.2101776344382,95.55719209590924,144.66733004570548
2024-01-22,138.5563239925061,248.81658751549514,96.02143654878141,95.55719209590924,144.73788503817298
2024-01-23,138.5563239925061,248.81658751549514,95.76005531747442,95.55719209590924,144.67253973034624
2024-01-24,138.5563239925061,248.81658751549514,95.76005531747442,95.55719209590924,144.67253973034624
2024-01-25,138.5563239925061,248.81658751549514,95.66984591453121,95.55719209590924,144.64998737961042
2024-01-26,138.5563239925061,248.81658751549514,95.92999421550185,95.55719209590924,144.71502445485308
2024-01-27,138.5563239925061,248.81658751549514,95.92999421550185,95.55719209590924,144.71502445485308
2024-01-28,138.5563239925061,248.81658751549514,95.92999421550185,94.88641012898734,144.5473289631226
2024-01-29,138.5563239925061,253.44212880648453,95.97910594056658,94.88641012898734,145.71599221713615
2024-01-30,138.5563239925061,253.44212880648453,96.13116734871689,94.88641012898734,145.75400756917372
2024-01-31,138.5563239925061,253.44212880648453,96.13116734871689,94.81086982119798,145.73512249222637
2024-02-01,138.5563239925061,253.44212880648453,96.29360592053148,94.80757678268141,145.7749088755509
2024-02-02,138.5563239925061,253.44212880648453,96.29360592053148,94.80757678268141,145.7749088755509
2024-02-03,138.5563239925061,253.44212880648453,96.29360592053148,94.80757678268141,145.7749088755509
2024-02-04,138.5563239925061,253.44212880648453,96.29360592053148,95.03689201029026,145.8322376824531
2024-02-05,138.5563239925061,253.44212880648453,96.24644633516594,95.03689201029026,145.8204477861117
2024-02-06,138.5563239925061,253.44212880648453,96.09366571765278,95.03689201029026,145.7822526317334
2024-02-07,138.5563239925061,253.44212880648453,96.09366571765278,95.18517853258213,145.81932426230637
2024-02-08,138.5563239925061,253.44212880648453,96.59166682934497,95.18517853258213,145.94382454022943
2024-02-09,138.5563239925061,253.44212880648453,96.59166682934497,95.18517853258213,145.94382454022943
2024-02-10,138.5563239925061,253.44212880648453,96.59166682934497,95.18517853258213,145.94382454022943
2024-02-11,138.5563239925061,253.44212880648453,96.59166682934497,95.18517853258213,145.94382454022943
2024-02-12,138.5563239925061,253.44212880648453,96.70756228096221,95.18517853258213,145.97279840313374
2024-02-13,138.5563239925061,253.44212880648453,96.45070179422186,95.8620476313074,146.07780055612997
2024-02-14,138.5563239925061,253.44212880648453,96.65896427687095,95.8620476313074,146.12986617679223
2024-02-15,138.5563239925061,253.44212880648453,96.67530060382762,95.8620476313074,146.1339502585314
2024-02-16,138.5563239925061,253.44212880648453,96.67530060382762,95.8620476313074,146.1339502585314
2024-02-17,138.5563239925061,253.44212880648453,96.67530060382762,97.87778635963573,146.6378849406135
2024-02-18,138.5563239925061,253.44212880648453,96.67530060382762,97.87778635963573,146.6378849406135
2024-02-19,138.5563239925061,253.44212880648453,96.67530060382762,99.34368744474183,147.00436021189003
2024-02-20,138.5563239925061,253.44212880648453,96.85777429360797,100.39905639478144,147.313820871845
2024-02-21,138.5563239925061,253.44212880648453,97.07066026501838,115.71817178484685,151.19682121221396
2024-02-22,138.5563239925061,253.44212880648453,99.15379881248259,115.71817178484685,151.71760584908003
2024-02-23,138.5563239925061,253.44212880648453,99.55737800924904,115.220623601706,151.69411360248642
2024-02-24,138.5563239925061,253.44212880648453,99.55737800924904,115.36451940597578,151.73008755355386
2024-02-25,138.5563239925061,253.44212880648453,99.55737800924904,115.36451940597578,151.73008755355386
2024-02-26,138.5563239925061,253.44212880648453,101.0405932038825,115.36451940597578,152.10089135221222
2024-02-27,138.5563239925061,253.44212880648453,101.0405932038825,115.36451940597578,152.10089135221222
2024-02-28,138.5563239925061,253.44212880648453,101.0405932038825,114.86846805852429,151.97687851534937
2024-02-29,138.5563239925061,253.44212880648453,101.26488378090417,114.71569102916435,151.99475690226478
2024-03-01,138.5563239925061,253.44212880648453,101.4876331950054,114.71569102916435,152.0504442557901
2024-03-02,138.5563239925061,253.44212880648453,101.4876331950054,114.71569102916435,152.0504442557901
2024-03-03,138.5563239925061,253.44212880648453,101.4876331950054,114.22243377499966,151.9271299422489
2024-03-04,138.5563239925061,253.44212880648453,101.56376664327524,115.3355805826483,152.22445000622855
2024-03-05,138.5563239925061,253.44212880648453,101.56376664327524,152.69180951468596,161.56350723923796
2024-03-06,138.5563239925061,253.44212880648453,102.44818867121961,152.69180951468596,161.78461274622404
2024-03-07,138.5563239925061,253.44212880648453,102.44818867121961,152.69180951468596,161.78461274622404
2024-03-08,138.5563239925061,253.44212880648453,102.47860095284966,152.69180951468596,161.79221581663157
2024-03-09,138.5563239925061,253.44212880648453,102.47860095284966,152.69180951468596,161.79221581663157
2024-03-10,138.5563239925061,253.44212880648453,102.47860095284966,152.0351975922899,161.62806283603254
2024-03-11,138.5563239925061,253.44212880648453,102.56891309998757,152.0351975922899,161.65064087281704
2024-03-12,138.5563239925061,253.44212880648453,102.88094721927973,150.7305556054501,161.4024889059301
2024-03-13,138.5563239925061,253.44212880648453,102.88094721927973,150.7305556054501,161.4024889059301
2024-03-14,138.5563239925061,253.44212880648453,103.21866738724597,150.7305556054501,161.48691894792165
2024-03-15,138.5563239925061,253.44212880648453,103.04389951206782,150.7305556054501,161.44322697912713
2024-03-16,138.5563239925061,253.44212880648453,103.04389951206782,150.7305556054501,161.44322697912713
2024-03-17,138.5563239925061,253.44212880648453,103.04389951206782,150.7305556054501,161.44322697912713
2024-03-18,138.5563239925061,253.44212880648453,103.04389951206782,150.7305556054501,161.44322697912713
2024-03-19,139.28787818391996,253.44212880648453,102.61144919659178,150.7305556054501,161.5180029481116
2024-03-20,140.0247139952964,253.44212880648453,102.62357301156592,150.7305556054501,161.70524285469924
2024-03-21,140.0247139952964,253.44212880648453,102.99612346153413,150.7305556054501,161.7983804671913
2024-03-22,140.0247139952964,253.44212880648453,102.99612346153413,150.7305556054501,161.7983804671913
2024-03-23,140.0247139952964,253.44212880648453,102.99612346153413,150.7305556054501,161.7983804671913
2024-03-24,140.0247139952964,253.44212880648453,102.99612346153413,150.7305556054501,161.7983804671913
2024-03-25,140.0247139952964,253.44212880648453,102.98995880985235,150.7305556054501,161.79683930427083
2024-03-26,140.0247139952964,253.44212880648453,102.98995880985235,150.7305556054501,161.79683930427083
2024-03-27,140.0247139952964,253.44212880648453,102.570454262908,150.7305556054501,161.69196316753477
2024-03-28,140.0247139952964,253.44212880648453,102.57250914680193,150.7305556054501,161.69247688850822
2024-03-29,140.0247139952964,253.44212880648453,102.57250914680193,151.12701748503662,161.79159235840487
2024-03-30,140.0247139952964,253.44212880648453,102.57250914680193,151.12701748503662,161.79159235840487
2024-03-31,140.0247139952964,253.44212880648453,102.57250914680193,152.40671221038724,162.11151603974253
2024-04-01,140.0247139952964,253.44212880648453,102.57250914680193,152.40671221038724,162.11151603974253
2024-04-02,140.0247139952964,253.44212880648453,102.79094330472591,155.9668860029897,163.05616802737413
2024-04-03,140.0247139952964,253.44212880648453,102.79094330472591,155.9668860029897,163.05616802737413
2024-04-04,140.0247139952964,253.44212880648453,102.79094330472591,155.9668860029897,163.05616802737413
2024-04-05,140.0247139952964,253.44212880648453,102.87365238145631,155.9668860029897,163.0768452965567
2024-04-06,140.0247139952964,253.44212880648453,102.87365238145631,155.9668860029897,163.0768452965567
2024-04-07,140.0247139952964,253.44212880648453,102.87365238145631,155.9668860029897,163.0768452965567
2024-04-08,140.0247139952964,253.44212880648453,103.51344048182918,155.9668860029897,163.23679232164994
2024-04-09,140.0247139952964,253.44212880648453,103.51344048182918,155.39609266011652,163.09409398593166
2024-04-10,140.0247139952964,253.44212880648453,103.51344048182918,154.40189439524846,162.84554441971466
2024-04-11,140.0247139952964,253.44212880648453,103.51344048182918,153.7312122173725,162.67787387524567
2024-04-12,140.0247139952964,253.44212880648453,103.51344048182918,153.7312122173725,162.67787387524567
2024-04-13,142.72860445649144,253.44212880648453,103.51344048182918,153.7312122173725,163.3538464905444
2024-04-14,142.72860445649144,253.44212880648453,103.51344048182918,153.7312122173725,163.3538464905444
2024-04-15,142.72860445649144,253.44212880648453,102.83748642492327,153.7312122173725,163.18485797631794
2024-04-16,142.72860445649144,253.44212880648453,102.83748642492327,153.7312122173725,163.18485797631794
2024-04-17,142.72860445649144,253.44212880648453,102.83748642492327,153.7312122173725,163.18485797631794
2024-04-18,142.72860445649144,253.44212880648453,102.45764113713165,153.7312122173725,163.08989665437002
2024-04-19,142.72860445649144,253.44212880648453,101.77346754465006,153.7312122173725,162.91885325624963
2024-04-20,142.72860445649144,253.44212880648453,101.77346754465006,153.7312122173725,162.91885325624963
2024-04-21,142.72860445649144,253.44212880648453,101.77346754465006,153.7312122173725,162.91885325624963
2024-04-22,142.72860445649144,253.44212880648453,101.87713643709849,153.7312122173725,162.94477047936175
2024-04-23,142.72860445649144,253.44212880648453,101.87497880900985,153.7312122173725,162.9442310723396
2024-04-24,142.72860445649144,253.44212880648453,102.49349886108061,153.7312122173725,163.09886108535727
2024-04-25,142.72860445649144,253.44212880648453,102.6421697108059,153.7312122173725,163.13602879778858
2024-04-26,142.72860445649144,256.992864762829,102.6421697108059,153.7312122173725,164.0237127868747
2024-04-27,142.72860445649144,256.992864762829,102.6421697108059,153.7312122173725,164.0237127868747
2024-04-28,142.72860445649144,256.992864762829,102.6421697108059,153.7312122173725,164.0237127868747
2024-04-29,142.72860445649144,256.992864762829,102.65542371192173,153.7312122173725,164.02702628715366
2024-04-30,142.72860445649144,256.992864762829,102.65542371192173,153.7312122173725,164.02702628715366
2024-05-01,143.90182166062104,257.7946899478566,103.04790653566096,153.7312122173725,164.61890759037777
2024-05-02,144.9868457766971,257.7946899478566,103.17541208127888,153.7312122173725,164.92204000580125
2024-05-03,144.9868457766971,257.7946899478566,103.52258471515714,153.7312122173725,165.0088331642708
2024-05-04,144.9868457766971,257.7946899478566,103.52258471515714,153.7312122173725,165.0088331642708
2024-05-05,144.9868457766971,257.7946899478566,103.52258471515714,153.7312122173725,165.0088331642708
2024-05-06,144.9868457766971,257.7946899478566,104.07370457550722,153.45609381766945,165.0778335294326
2024-05-07,144.9868457766971,257.7946899478566,104.28032315104116,152.79499138820535,164.96421256595005
2024-05-08,144.9868457766971,257.7946899478566,104.28032315104116,153.18087562892046,165.06068362612882
2024-05-09,144.9868457766971,257.7946899478566,104.41769213934988,153.18087562892046,165.095025873206
2024-05-10,144.9868457766971,257.7946899478566,104.41769213934988,153.18087562892046,165.095025873206
2024-05-11,144.9868457766971,257.7946899478566,104.41769213934988,153.18087562892046,165.095025873206
2024-05-12,144.9868457766971,257.7946899478566,104.41769213934988,153.08098679391767,165.07005366445532
2024-05-13,144.9868457766971,257.7946899478566,104.41769213934988,153.08098679391767,165.07005366445532
2024-05-14,144.9868457766971,257.7946899478566,105.5380148383166,153.08098679391767,165.35013433919698
2024-05-15,144.9868457766971,257.7946899478566,105.7667234157102,153.08098679391767,165.40731148354539
2024-05-16,144.9868457766971,257.7946899478566,105.74586634418688,152.42267845774035,165.23752013162022
2024-05-17,144.9868457766971,257.7946899478566,106.20163959185895,152.42267845774035,165.35146344353825
2024-05-18,144.9868457766971,257.7946899478566,106.20163959185895,151.764469910609,165.1869113067554
2024-05-19,144.9868457766971,257.7946899478566,106.20163959185895,151.764469910609,165.1869113067554
2024-05-20,144.9868457766971,257.7946899478566,106.20163959185895,151.764469910609,165.1869113067554
2024-05-21,144.9868457766971,257.7946899478566,106.20163959185895,151.764469910609,165.1869113067554
2024-05-22,144.9868457766971,257.7946899478566,106.20163959185895,151.764469910609,165.1869113067554
2024-05-23,144.9868457766971,257.7946899478566,106.20163959185895,152.73501817158527,165.4295483719995
2024-05-24,144.9868457766971,257.7946899478566,106.20163959185895,152.73501817158527,165.4295483719995
2024-05-25,144.9868457766971,257.7946899478566,106.20163959185895,152.73501817158527,165.4295483719995
2024-05-26,144.9868457766971,257.7946899478566,106.20163959185895,152.73501817158527,165.4295483719995
2024-05-27,144.9868457766971,257.7946899478566,106.20163959185895,157.1452948466941,166.53211754077668
2024-05-28,144.9868457766971,257.7946899478566,106.27951969143862,157.1452948466941,166.5515875656716
2024-05-29,144.9868457766971,257.7946899478566,106.49086449992859,159.99696641300292,167.3173416593713
2024-05-30,144.9868457766971,257.7946899478566,106.53864055046229,166.55410462282734,168.96857022446082
2024-05-31,144.9868457766971,257.7946899478566,106.53370882911688,166.55410462282734,168.9673372941245
2024-06-01,144.9868457766971,257.7946899478566,106.53370882911688,166.55410462282734,168.9673372941245
2024-06-02,144.9868457766971,257.7946899478566,106.53370882911688,165.86615894000084,168.79535087341787
2024-06-03,144.9868457766971,257.7946899478566,106.53370882911688,165.86615894000084,168.79535087341787
2024-06-04,144.9868457766971,257.7946899478566,106.67642051554982,165.86615894000084,168.8310287950261
2024-06-05,144.9868457766971,257.7946899478566,107.6107762221165,165.86615894000084,169.06461772166776
2024-06-06,144.9868457766971,257.7946899478566,108.20854194685865,165.86615894000084,169.21405915285328
2024-06-07,144.9868457766971,257.7946899478566,108.20854194685865,164.5296842475008,168.87994047972828
2024-06-08,144.9868457766971,257.7946899478566,108.20854194685865,164.5296842475008,168.87994047972828
2024-06-09,144.9868457766971,257.7946899478566,108.20854194685865,165.71398064491666,169.17601457908225
2024-06-10,144.9868457766971,257.7946899478566,107.75770042053199,165.71398064491666,169.0633041975006
2024-06-11,144.9868457766971,257.7946899478566,107.75770042053199,165.71398064491666,169.0633041975006
2024-06-12,144.9868457766971,257.7946899478566,107.75770042053199,165.71398064491666,169.0633041975006
2024-06-13,144.9868457766971,257.7946899478566,107.75770042053199,165.71398064491666,169.0633041975006
2024-06-14,145.5682225854028,257.7946899478566,107.82777196131477,165.71398064491666,169.2261662848727
2024-06-15,145.5682225854028,257.7946899478566,107.82777196131477,165.71398064491666,169.2261662848727
2024-06-16,145.5682225854028,257.7946899478566,107.82777196131477,165.71398064491666,169.2261662848727
2024-06-17,145.5682225854028,257.7946899478566,108.13734021993422,165.71398064491666,169.30355834952758
2024-06-18,146.08791405907442,257.7946899478566,108.13734021993422,165.71398064491666,169.43348121794548
2024-06-19,146.08791405907442,257.7946899478566,108.13734021993422,165.71398064491666,169.43348121794548
2024-06-20,146.08791405907442,262.42468453079255,109.09142281188258,165.71398064491666,170.82950051166657
2024-06-21,146.08791405907442,262.42468453079255,109.26968398968037,165.71398064491666,170.874065806116
2024-06-22,146.08791405907442,262.42468453079255,109.26968398968037,165.71398064491666,170.874065806116
2024-06-23,146.08791405907442,262.42468453079255,109.26968398968037,165.71398064491666,170.874065806116
2024-06-24,145.75307928409137,262.42468453079255,109.31807650538225,165.71398064491666,170.80245524129572
2024-06-25,145.75307928409137,262.42468453079255,109.31807650538225,165.71398064491666,170.80245524129572
2024-06-26,145.75307928409137,262.42468453079255,109.31807650538225,165.71398064491666,170.80245524129572
2024-06-27,145.75307928409137,264.5927398047863,109.31807650538225,165.71398064491666,171.34446905979414
2024-06-28,145.75307928409137,264.5927398047863,109.6284667175593,165.00138706773882,171.24391821854394
2024-06-29,145.75307928409137,264.5927398047863,109.6284667175593,165.00138706773882,171.24391821854394
2024-06-30,145.75307928409137,264.5927398047863,109.6284667175593,164.45115026833278,171.10635901869242
2024-07-01,145.75307928409137,264.5927398047863,109.6284667175593,164.45115026833278,171.10635901869242
2024-07-02,145.75307928409137,264.5927398047863,109.6602146737204,164.25735994108456,171.06584842592065
2024-07-03,145.75307928409137,264.5927398047863,109.13981532758446,164.82575834685474,171.0778481908292
2024-07-04,145.75307928409137,264.5927398047863,109.13981532758446,164.82575834685474,171.0778481908292
2024-07-05,145.75307928409137,264.5927398047863,109.622815786851,164.82575834685474,171.19859830564585
2024-07-06,145.75307928409137,264.5927398047863,109.622815786851,164.82575834685474,171.19859830564585
2024-07-07,145.75307928409137,264.5927398047863,109.622815786851,164.82575834685474,171.19859830564585
2024-07-08,146.68732809821822,264.5927398047863,109.622815786851,164.82575834685474,171.43216050917755
2024-07-09,146.68732809821822,264.5927398047863,109.622815786851,164.82575834685474,171.43216050917755
2024-07-10,146.68732809821822,264.5927398047863,109.45719214500085,164.11695675342327,171.21355420035712
2024-07-11,146.68732809821822,264.5927398047863,109.6973053280057,164.11695675342327,171.27358249610836
2024-07-12,146.68732809821822,264.5927398047863,109.48020684461277,163.40825494903774,171.04213242416375
2024-07-13,146.68732809821822,264.5927398047863,109.48020684461277,163.40825494903774,171.04213242416375
2024-07-14,146.68732809821822,264.5927398047863,109.48020684461277,163.40825494903774,171.04213242416375
2024-07-15,146.68732809821822,264.5927398047863,109.96515944357854,163.40825494903774,171.16337057390518
2024-07-16,146.68732809821822,264.5927398047863,110.46100292718211,163.40825494903774,171.28733144480609
2024-07-17,146.68732809821822,264.5927398047863,110.46100292718211,163.40825494903774,171.28733144480609
2024-07-18,146.68732809821822,264.5927398047863,110.46100292718211,164.93941807019962,171.67012222509655
2024-07-19,146.68732809821822,264.5927398047863,111.17343117320513,164.93941807019962,171.8482292866023
2024-07-20,146.68732809821822,264.5927398047863,111.17343117320513,170.2303330758776,173.1709580380218
2024-07-21,146.68732809821822,264.5927398047863,111.17343117320513,173.37688127298892,173.95759508729964
2024-07-22,146.68732809821822,264.5927398047863,110.14362610976573,173.37688127298892,173.70014382143978
2024-07-23,146.68732809821822,264.5927398047863,109.75114328602649,173.37688127298892,173.60202311550498
2024-07-24,146.68732809821822,264.5927398047863,110.2910640291547,175.20681279774558,174.19448618247617
2024-07-25,146.68732809821822,264.5927398047863,110.50035395375073,175.20681279774558,174.2468086636252
2024-07-26,146.68732809821822,264.5927398047863,109.9266303705675,175.20681279774558,174.1033777678294
2024-07-27,146.68732809821822,264.5927398047863,109.9266303705675,175.20681279774558,174.1033777678294
2024-07-28,146.68732809821822,264.5927398047863,109.9266303705675,175.20681279774558,174.1033777678294
2024-07-29,146.68732809821822,264.5927398047863,109.98519456154429,174.02411302506502,173.82234387240345
2024-07-30,146.68732809821822,264.5927398047863,110.15996243672244,173.27070572809083,173.67768401695446
2024-07-31,146.68732809821822,264.5927398047863,112.03226989667017,172.5173982201626,173.9574340049593
2024-08-01,146.68732809821822,264.5927398047863,112.0256942682096,172.5173982201626,173.95579009784416
2024-08-02,147.4032367361582,263.71956224804836,112.0256942682096,172.5173982201626,173.9164728681447
2024-08-03,147.4032367361582,263.71956224804836,112.0256942682096,172.5173982201626,173.9164728681447
2024-08-04,147.4032367361582,263.71956224804836,112.0256942682096,172.76267969512452,173.9777932368852
2024-08-05,149.89078008530313,263.71956224804836,112.0256942682096,172.76267969512452,174.59967907417138
2024-08-06,149.89078008530313,268.4928930113227,110.56600749416157,172.76267969512452,175.42809007147798
2024-08-07,149.89078008530313,268.4928930113227,110.56600749416157,172.76267969512452,175.42809007147798
2024-08-08,149.89078008530313,268.4928930113227,108.73274282819835,172.76267969512452,174.96977390498716
2024-08-09,149.89078008530313,268.4928930113227,108.73274282819835,171.27692058987301,174.5983341286743
2024-08-10,149.89078008530313,268.4928930113227,108.73274282819835,171.27692058987301,174.5983341286743
2024-08-11,149.89078008530313,268.4928930113227,108.73274282819835,169.79754798356277,174.22849097709673
2024-08-12,149.89078008530313,271.51076267609614,108.73274282819835,169.79754798356277,174.98295839329006
2024-08-13,149.89078008530313,271.51076267609614,107.01362696254255,169.66452918530229,174.519924727311
2024-08-14,149.89078008530313,273.29875939262416,107.08544515463517,174.08897590493697,176.09099013437486
2024-08-15,149.89078008530313,273.29875939262416,107.08544515463517,174.08897590493697,176.09099013437486
2024-08-16,149.89078008530313,273.29875939262416,107.08544515463517,173.7531857652922,176.00704259946366
2024-08-17,149.89078008530313,273.29875939262416,107.08544515463517,173.7531857652922,176.00704259946366
2024-08-18,149.89078008530313,273.29875939262416,107.08544515463517,173.7531857652922,176.00704259946366
2024-08-19,149.89078008530313,274.7781828574847,107.08544515463517,173.7531857652922,176.3768984656788
2024-08-20,149.89078008530313,275.79576006726467,107.08544515463517,173.7531857652922,176.63129276812379
2024-08-21,149.89078008530313,275.79576006726467,107.08544515463517,173.7531857652922,176.63129276812379
2024-08-22,149.89078008530313,275.79576006726467,107.08544515463517,173.7531857652922,176.63129276812379
2024-08-23,149.89078008530313,275.79576006726467,107.08544515463517,173.7531857652922,176.63129276812379
2024-08-24,149.89078008530313,275.79576006726467,107.08544515463517,173.7531857652922,176.63129276812379
2024-08-25,149.89078008530313,275.79576006726467,107.08544515463517,172.25894459113437,176.25773247458432
2024-08-26,149.89078008530313,275.79576006726467,107.13681725198323,176.78557529382886,177.40223317459495
2024-08-27,149.89078008530313,275.79576006726467,107.2171632122356,176.78557529382886,177.42231966465806
2024-08-28,150.3943277394667,275.79576006726467,107.37559476045706,176.78557529382886,177.58781446525433
2024-08-29,150.3943277394667,275.79576006726467,107.3959381110069,176.78557529382886,177.59290030289176
2024-08-30,150.3943277394667,275.79576006726467,107.49477802630459,176.78557529382886,177.6176102817162
2024-08-31,150.3943277394667,275.79576006726467,107.49477802630459,176.78557529382886,177.6176102817162
2024-09-01,150.3943277394667,275.79576006726467,107.49477802630459,176.78557529382886,177.6176102817162
2024-09-02,150.3943277394667,275.79576006726467,107.49477802630459,176.78557529382886,177.6176102817162
2024-09-03,150.3943277394667,275.79576006726467,107.80301061039299,176.78557529382886,177.6946684277383
2024-09-04,150.3943277394667,275.79576006726467,108.1219285907298,176.78557529382886,177.7743979228225
2024-09-05,150.3943277394667,275.79576006726467,108.1219285907298,176.78557529382886,177.7743979228225
2024-09-06,150.3943277394667,275.79576006726467,108.1219285907298,176.78557529382886,177.7743979228225
2024-09-07,150.3943277394667,275.79576006726467,108.1219285907298,176.78557529382886,177.7743979228225
2024-09-08,150.3943277394667,275.79576006726467,108.1219285907298,176.78557529382886,177.7743979228225
2024-09-09,150.3943277394667,275.79576006726467,108.80158143864476,176.78557529382886,177.94431113480124
2024-09-10,150.3943277394667,275.79576006726467,109.05124983175638,176.78557529382886,178.00672823307914
2024-09-11,150.3943277394667,275.79576006726467,109.68055802427024,174.50509622657705,177.59393551439467
2024-09-12,150.3943277394667,275.79576006726467,109.68055802427024,174.50509622657705,177.59393551439467
2024-09-13,150.3943277394667,275.79576006726467,109.68055802427024,174.50509622657705,177.59393551439467
2024-09-14,150.3943277394667,275.79576006726467,109.68055802427024,174.50509622657705,177.59393551439467
2024-09-15,150.3943277394667,275.79576006726467,109.68055802427024,174.50509622657705,177.59393551439467
2024-09-16,150.3943277394667,275.79576006726467,109.68055802427024,175.17328367830407,177.76098237732643
2024-09-17,150.3943277394667,278.31422959711006,109.89765650766317,175.17328367830407,178.444874380636
2024-09-18,150.3943277394667,278.31422959711006,109.89765650766317,176.13205683185745,178.68456766902435
2024-09-19,150.3943277394667,278.31422959711006,110.03173768174163,176.13205683185745,178.71808796254396
2024-09-20,150.3943277394667,278.31422959711006,110.34387454522852,175.374657973045,178.60677246371256
2024-09-21,150.3943277394667,278.31422959711006,110.34387454522852,175.374657973045,178.60677246371256
2024-09-22,150.3943277394667,278.31422959711006,110.34387454522852,174.61725911423252,178.41742274900943
2024-09-23,150.3943277394667,278.31422959711006,110.4508312519072,174.61725911423252,178.4441619256791
2024-09-24,150.3943277394667,278.31422959711006,110.74426867195936,174.61725911423252,178.51752128069216
2024-09-25,150.3943277394667,278.31422959711006,110.74426867195936,174.61725911423252,178.51752128069216
2024-09-26,150.3943277394667,278.31422959711006,110.74426867195936,174.61725911423252,178.51752128069216
2024-09-27,150.3943277394667,278.31422959711006,110.88492547449837,175.18974887088694,178.6958079204905
2024-09-28,150.3943277394667,278.31422959711006,110.88492547449837,175.18974887088694,178.6958079204905
2024-09-29,150.3943277394667,278.31422959711006,110.88492547449837,175.18974887088694,178.6958079204905
2024-09-30,150.3943277394667,278.31422959711006,110.56148674959493,178.4388802072419,179.4272310733534
2024-10-01,150.3943277394667,278.31422959711006,110.56148674959493,179.37390356785755,179.66098691350732
2024-10-02,150.3943277394667,278.31422959711006,111.10027730658149,179.37390356785755,179.79568455275393
2024-10-03,150.04843145852433,278.31422959711006,111.10027730658149,179.37390356785755,179.70921048251836
2024-10-04,150.04843145852433,278.31422959711006,111.2592225757764,179.37390356785755,179.74894679981708
2024-10-05,150.04843145852433,278.31422959711006,111.2592225757764,179.37390356785755,179.74894679981708
2024-10-06,150.04843145852433,278.31422959711006,111.2592225757764,179.37390356785755,179.74894679981708
2024-10-07,150.04843145852433,278.31422959711006,111.3525143045605,178.6025342426111,179.5794274007015
2024-10-08,150.04843145852433,278.31422959711006,111.3525143045605,178.6025342426111,179.5794274007015
2024-10-09,150.04843145852433,278.31422959711006,110.36462887255713,176.29860474955944,178.75647366943772
2024-10-10,150.04843145852433,278.31422959711006,110.18349085730783,175.53062825187553,178.51919504120443
2024-10-11,150.04843145852433,278.31422959711006,110.79009258279385,175.53062825187553,178.67084547257593
2024-10-12,150.04843145852433,278.31422959711006,110.79009258279385,175.53062825187553,178.67084547257593
2024-10-13,150.04843145852433,278.31422959711006,110.79009258279385,174.02101956464037,178.29344330076714
2024-10-14,150.04843145852433,278.31422959711006,110.76337909217284,174.02101956464037,178.2867649281119
2024-10-15,150.04843145852433,278.31422959711006,110.76337909217284,174.02101956464037,178.2867649281119
2024-10-16,150.04843145852433,278.31422959711006,110.76337909217284,174.02101956464037,178.2867649281119
2024-10-17,150.04843145852433,278.31422959711006,109.81792701257898,173.42428106981842,177.90121728450794
2024-10-18,150.04843145852433,278.31422959711006,111.00287581000954,173.42428106981842,178.19745448386558
2024-10-19,150.04843145852433,278.31422959711006,111.00287581000954,173.42428106981842,178.19745448386558
2024-10-20,150.04843145852433,278.31422959711006,111.00287581000954,173.42428106981842,178.19745448386558
2024-10-21,150.04843145852433,278.31422959711006,111.00287581000954,173.16403123796294,178.1323920259017
2024-10-22,150.04843145852433,278.31422959711006,111.00287581000954,174.9918671927545,178.5893510145996
2024-10-23,150.04843145852433,278.31422959711006,111.41467454235168,173.06533987151164,178.2106688673744
2024-10-24,150.04843145852433,278.31422959711006,111.68776861185401,173.06533987151164,178.27894238475
2024-10-25,150.04843145852433,278.31422959711006,111.93959463305426,173.06533987151164,178.34189889005006
2024-10-26,150.59014629090765,278.31422959711006,111.93959463305426,172.32121295581143,178.29129586922087
2024-10-27,150.59014629090765,278.31422959711006,111.93959463305426,172.32121295581143,178.29129586922087
2024-10-28,150.59014629090765,278.31422959711006,111.78085485224871,172.32121295581143,178.25161092401947
2024-10-29,150.59014629090765,278.31422959711006,112.28358219689692,172.32121295581143,178.37729276018152
2024-10-30,150.59014629090765,278.31422959711006,112.28358219689692,172.32121295581143,178.37729276018152
2024-10-31,150.59014629090765,278.31422959711006,111.9353821210717,168.44171421614706,177.32036805630912
2024-11-01,150.59014629090765,278.31422959711006,111.94658123829358,168.44171421614706,177.32316783561458
2024-11-02,150.59014629090765,278.31422959711006,111.94658123829358,168.44171421614706,177.32316783561458
2024-11-03,150.59014629090765,278.31422959711006,111.94658123829358,168.44171421614706,177.32316783561458
2024-11-04,150.59014629090765,278.31422959711006,111.76431303690264,168.44171421614706,177.27760078526686
2024-11-05,150.59014629090765,278.31422959711006,112.51958561211394,168.44171421614706,177.46641892906968
2024-11-06,150.59014629090765,278.31422959711006,115.08120387427809,168.44171421614706,178.10682349461072
2024-11-07,150.59014629090765,278.31422959711006,115.08120387427809,168.44171421614706,178.10682349461072
2024-11-08,150.59014629090765,278.31422959711006,115.08120387427809,168.44171421614706,178.10682349461072
2024-11-09,150.59014629090765,278.31422959711006,115.08120387427809,168.44171421614706,178.10682349461072
2024-11-10,150.59014629090765,278.31422959711006,115.08120387427809,168.44171421614706,178.10682349461072
2024-11-11,150.59014629090765,278.31422959711006,115.08120387427809,168.44171421614706,178.10682349461072
2024-11-12,150.59014629090765,278.31422959711006,115.08120387427809,168.44171421614706,178.10682349461072
2024-11-13,150.59014629090765,278.31422959711006,115.08120387427809,170.3164510225384,178.57550769620855
2024-11-14,150.59014629090765,277.39578798342313,115.08120387427809,170.3164510225384,178.34589729278684
2024-11-15,150.59014629090765,277.39578798342313,114.84643338939742,172.7016087989989,178.8834941156818
2024-11-16,150.59014629090765,277.39578798342313,114.84643338939742,172.7016087989989,178.8834941156818
2024-11-17,150.59014629090765,277.39578798342313,114.84643338939742,187.72993890914609,182.6405766432186
2024-11-18,150.59014629090765,277.39578798342313,115.02479731138993,186.92274531640115,182.48336922553048
2024-11-19,150.59014629090765,277.39578798342313,115.50481818901028,186.11894455121876,182.40242425363996
2024-11-20,150.59014629090765,277.39578798342313,115.98134576401098,196.17787996176082,185.03629000002564
2024-11-21,150.59014629090765,277.39578798342313,116.93203779753433,196.17787996176082,185.2739630084065
2024-11-22,150.59014629090765,277.39578798342313,117.0851266476316,196.17787996176082,185.3122352209308
2024-11-23,150.59014629090765,277.39578798342313,117.0851266476316,195.3343631562876,185.1013560195625
2024-11-24,150.59014629090765,277.39578798342313,117.0851266476316,218.26189435533286,190.8332388193238
2024-11-25,150.59014629090765,277.39578798342313,117.26688112804906,217.41827776081365,190.66777329079838
2024-11-26,150.59014629090765,277.39578798342313,117.26688112804906,215.54124580636534,190.1985153021863
2024-11-27,150.59014629090765,277.39578798342313,117.26688112804906,215.54124580636534,190.1985153021863
2024-11-28,150.59014629090765,277.39578798342313,117.26688112804906,215.54124580636534,190.1985153021863
2024-11-29,150.59014629090765,277.39578798342313,117.26688112804906,215.54124580636534,190.1985153021863
2024-11-30,150.59014629090765,277.39578798342313,117.26688112804906,214.61440514751814,189.9668051374745
2024-12-01,150.59014629090765,277.39578798342313,117.26688112804906,214.61440514751814,189.9668051374745
2024-12-02,150.59014629090765,277.39578798342313,117.73364800455361,212.76072382982375,189.62007652717705
2024-12-03,150.59014629090765,277.39578798342313,117.73364800455361,212.76072382982375,189.62007652717705
2024-12-04,150.59014629090765,277.39578798342313,117.94786965049508,212.91749242102193,189.71282408646198
2024-12-05,150.59014629090765,277.39578798342313,118.07290933544027,211.08636342771382,189.2863017593712
2024-12-06,150.59014629090765,277.39578798342313,118.15531017958658,211.08636342771382,189.3069019704078
2024-12-07,150.59014629090765,277.39578798342313,118.15531017958658,214.3399852711368,190.12030743126354
2024-12-08,150.59014629090765,277.39578798342313,118.15531017958658,214.3399852711368,190.12030743126354
2024-12-09,150.59014629090765,277.39578798342313,118.15531017958658,214.3399852711368,190.12030743126354
2024-12-10,151.60212460636984,277.39578798342313,118.15531017958658,214.3399852711368,190.3733020101291
2024-12-11,151.60212460636984,277.39578798342313,118.14113148071851,214.3399852711368,190.3697573354121
2024-12-12,151.60212460636984,277.39578798342313,117.92413574152027,214.3399852711368,190.31550840061252
2024-12-13,151.60212460636984,277.39578798342313,117.92413574152027,214.3399852711368,190.31550840061252
2024-12-14,151.60212460636984,277.39578798342313,117.92413574152027,213.4182338536334,190.08507054623666
2024-12-15,151.60212460636984,277.39578798342313,117.92413574152027,212.75024597999828,189.9180735778279
2024-12-16,151.60212460636984,277.39578798342313,117.92413574152027,212.75024597999828,189.9180735778279
2024-12-17,151.60212460636984,277.39578798342313,117.53607091815294,212.75024597999828,189.82105737198606
2024-12-18,151.60212460636984,279.19608110308707,115.32933110446926,212.62171768880586,189.68731362568303
2024-12-19,151.60212460636984,279.19608110308707,114.77317677857909,212.62171768880586,189.54827504421047
2024-12-20,152.7163471120501,279.19608110308707,113.95204517456754,212.62171768880586,189.62154776962763
2024-12-21,152.7163471120501,279.19608110308707,113.95204517456754,212.62171768880586,189.62154776962763
2024-12-22,152.7163471120501,279.19608110308707,113.95204517456754,212.62171768880586,189.62154776962763
2024-12-23,152.7163471120501,279.19608110308707,113.11827603460836,212.62171768880586,189.41310548463787
2024-12-24,152.7163471120501,279.19608110308707,113.43072113067932,212.62171768880586,189.49121675865558
2024-12-25,152.7163471120501,279.19608110308707,113.43072113067932,212.62171768880586,189.49121675865558
2024-12-26,152.7163471120501,279.19608110308707,113.43072113067932,210.78969059408414,189.03320998497517
2024-12-27,152.7163471120501,279.19608110308707,113.43072113067932,210.78969059408414,189.03320998497517
2024-12-28,152.7163471120501,279.19608110308707,113.43072113067932,210.78969059408414,189.03320998497517
2024-12-29,152.7163471120501,279.19608110308707,113.43072113067932,210.19315167735408,188.88407525579265
2024-12-30,152.7163471120501,279.19608110308707,113.43072113067932,210.19315167735408,188.88407525579265
2024-12-31,152.7163471120501,279.19608110308707,113.43072113067932,210.19315167735408,188.88407525579265
2025-01-01,152.7163471120501,279.19608110308707,113.43072113067932,210.19315167735408,188.88407525579265
2025-01-02,152.7163471120501,279.19608110308707,113.5351092324906,210.19315167735408,188.91017228124548
2025-01-03,152.7163471120501,279.19608110308707,115.4961876766558,209.28936228812293,189.17449454497898
2025-01-04,152.7163471120501,279.19608110308707,115.4961876766558,209.28936228812293,189.17449454497898
2025-01-05,152.7163471120501,279.19608110308707,115.4961876766558,209.28936228812293,189.17449454497898
2025-01-06,152.7163471120501,280.6981698299441,115.46783027891966,209.28936228812293,189.5429273772592
2025-01-07,152.7163471120501,280.6981698299441,115.61105568632608,208.52637524273686,189.38798696776428
2025-01-08,152.7163471120501,280.6981698299441,115.70578583383593,208.52637524273686,189.41166950464176
2025-01-09,152.7163471120501,280.6981698299441,115.70578583383593,208.52637524273686,189.41166950464176
2025-01-10,152.7163471120501,280.6981698299441,115.84438775248103,208.52637524273686,189.44631998430302
2025-01-11,152.7163471120501,280.6981698299441,115.84438775248103,208.52637524273686,189.44631998430302
2025-01-12,152.7163471120501,280.6981698299441,115.84438775248103,208.52637524273686,189.44631998430302
2025-01-13,152.7163471120501,283.60457426196655,116.08059665608745,208.52637524273686,190.23197331821024
2025-01-14,152.7163471120501,286.46435206263857,116.08059665608745,208.52637524273686,190.94691776837826
2025-01-15,152.7163471120501,286.46435206263857,114.785711570332,208.52637524273686,190.62319649693939
2025-01-16,152.7163471120501,286.46435206263857,114.785711570332,208.52637524273686,190.62319649693939
2025-01-17,152.7163471120501,286.46435206263857,114.785711570332,208.52637524273686,190.62319649693939
2025-01-18,152.7163471120501,286.46435206263857,114.785711570332,208.52637524273686,190.62319649693939
2025-01-19,152.7163471120501,286.46435206263857,114.785711570332,208.21144101369703,190.54446293967942
2025-01-20,153.5944911707259,286.46435206263857,114.785711570332,208.21144101369703,190.76399895434835
2025-01-21,153.5944911707259,286.46435206263857,115.35152385052363,208.21144101369703,190.90545202439628
2025-01-22,153.5944911707259,286.46435206263857,115.35152385052363,208.21144101369703,190.90545202439628
2025-01-23,153.5944911707259,286.46435206263857,115.35152385052363,208.21144101369703,190.90545202439628
2025-01-24,153.5944911707259,286.46435206263857,115.35152385052363,208.21144101369703,190.90545202439628
2025-01-25,153.5944911707259,286.46435206263857,115.35152385052363,207.04410875409388,190.6136189594955
2025-01-26,153.5944911707259,286.46435206263857,115.35152385052363,207.04410875409388,190.6136189594955
2025-01-27,154.29794315781083,288.0839877567705,115.35152385052363,207.04410875409388,191.1943908797997
2025-01-28,154.29794315781083,288.0839877567705,115.35152385052363,207.04410875409388,191.1943908797997
2025-01-29,154.29794315781083,288.0839877567705,115.35152385052363,207.04410875409388,191.1943908797997
2025-01-30,154.29794315781083,288.0839877567705,117.46712956351185,207.04410875409388,191.72329230804678
2025-01-31,154.29794315781083,290.0141574803673,119.14658617001493,206.15389067511285,192.40314437082648
2025-02-01,154.29794315781083,290.0141574803673,119.14658617001493,203.49830458410918,191.73924784807556
2025-02-02,154.98455375293977,290.0141574803673,119.14658617001493,203.49830458410918,191.9109004968578
2025-02-03,154.98455375293977,290.0141574803673,119.14658617001493,203.49830458410918,191.9109004968578
2025-02-04,154.98455375293977,291.22641666195864,119.14658617001493,203.49830458410918,192.2139652922556
2025-02-05,154.98455375293977,291.22641666195864,119.20021863964632,203.49830458410918,192.22737340966347
2025-02-06,154.98455375293977,291.22641666195864,119.54574736640944,203.49830458410918,192.31375559135424
2025-02-07,154.98455375293977,291.22641666195864,119.54574736640944,203.49830458410918,192.31375559135424
2025-02-08,154.98455375293977,291.22641666195864,119.54574736640944,203.49830458410918,192.31375559135424
2025-02-09,154.98455375293977,291.22641666195864,119.54574736640944,201.74820429611802,191.87623051935645
2025-02-10,154.98455375293977,292.0185376585655,119.28621553060698,201.74820429611802,192.00937780955758
2025-02-11,154.98455375293977,292.0185376585655,119.28621553060698,201.74820429611802,192.00937780955758
2025-02-12,154.98455375293977,292.0185376585655,119.28621553060698,200.00568797561954,191.57374872943296
2025-02-13,154.98455375293977,294.533517668602,119.42820800767704,200.28849013186124,192.30869239027004
2025-02-14,154.98455375293977,296.2765161963569,119.54153485442689,200.28849013186124,192.7727737338962
2025-02-15,154.98455375293977,296.2765161963569,119.54153485442689,200.28849013186124,192.7727737338962
2025-02-16,154.98455375293977,296.2765161963569,119.54153485442689,200.28849013186124,192.7727737338962
2025-02-17,154.98455375293977,296.2765161963569,119.54153485442689,200.28849013186124,192.7727737338962
2025-02-18,154.98455375293977,296.2765161963569,118.82540781739479,200.53806253579936,192.6561350756227
2025-02-19,154.98455375293977,296.2765161963569,118.97839392329735,200.53806253579936,192.69438160209836
2025-02-20,154.98455375293977,296.2765161963569,118.9987372738472,200.53806253579936,192.6994674397358
2025-02-21,154.98455375293977,296.2765161963569,118.9987372738472,199.79802697098336,192.51445854853182
2025-02-22,154.98455375293977,296.2765161963569,118.9987372738472,199.79802697098336,192.51445854853182
2025-02-23,154.98455375293977,296.2765161963569,118.9987372738472,199.79802697098336,192.51445854853182
2025-02-24,154.98455375293977,296.2765161963569,118.9987372738472,199.79802697098336,192.51445854853182
2025-02-25,155.73065731255232,296.2765161963569,119.23196659580742,199.79802697098336,192.75929176892498
2025-02-26,155.73065731255232,296.2765161963569,119.45173642826245,199.79802697098336,192.81423422703875
2025-02-27,155.73065731255232,296.2765161963569,119.45173642826245,199.79802697098336,192.81423422703875
2025-02-28,155.73065731255232,296.2765161963569,118.71865659910551,199.79802697098336,192.63096426974954
2025-03-01,155.73065731255232,296.2765161963569,118.71865659910551,199.79802697098336,192.63096426974954
2025-03-02,155.73065731255232,296.2765161963569,118.71865659910551,199.79802697098336,192.63096426974954
2025-03-03,155.73065731255232,300.35327233874267,118.71865659910551,194.6543008080917,192.36422176462304
2025-03-04,156.93905209869655,300.35327233874267,118.55981407410528,194.6543008080917,192.62660982990906
2025-03-05,156.93905209869655,300.35327233874267,118.55981407410528,194.6543008080917,192.62660982990906
2025-03-06,156.93905209869655,304.2611024888585,119.15737431045802,192.12854026587794,193.12151729097278
2025-03-07,156.93905209869655,305.59958258696383,119.21110952428408,192.12854026587794,193.4695711189556
2025-03-08,156.93905209869655,305.59958258696383,119.21110952428408,192.12854026587794,193.4695711189556
2025-03-09,156.93905209869655,305.59958258696383,119.21110952428408,192.12854026587794,193.4695711189556
2025-03-10,157.74893371068683,304.5922080684345,119.21110952428408,192.12854026587794,193.42019789232086
2025-03-11,161.43709889584247,304.5922080684345,119.30049697366975,192.12854026587794,194.36458605095618
2025-03-12,161.43709889584247,313.3692809262848,119.51625978253165,192.12854026587794,196.61279496763422
2025-03-13,161.43709889584247,313.3692809262848,119.58674230009319,192.12854026587794,196.6304155970246
2025-03-14,161.43709889584247,317.33340866264984,118.8781155892739,192.12854026587794,197.44429085341105
2025-03-15,161.43709889584247,317.33340866264984,118.8781155892739,192.12854026587794,197.44429085341105
2025-03-16,161.43709889584247,317.33340866264984,118.8781155892739,192.12854026587794,197.44429085341105
2025-03-17,161.43709889584247,322.4194004007963,116.79877857701346,192.12854026587794,198.19595453488253
2025-03-18,161.43709889584247,322.4194004007963,116.79877857701346,192.12854026587794,198.19595453488253
2025-03-19,161.43709889584247,324.03325346210215,116.79877857701346,192.12854026587794,198.599417800209
2025-03-20,161.43709889584247,324.03325346210215,116.79877857701346,192.12854026587794,198.599417800209
2025-03-21,161.43709889584247,324.03325346210215,116.79877857701346,192.12854026587794,198.599417800209
2025-03-22,161.43709889584247,324.03325346210215,116.79877857701346,192.12854026587794,198.599417800209
2025-03-23,161.43709889584247,324.03325346210215,116.79877857701346,192.12854026587794,198.599417800209
2025-03-24,161.43709889584247,327.2264631888894,116.99830780311335,192.12854026587794,199.4476025384308
2025-03-25,161.43709889584247,327.2264631888894,116.58342674493034,192.12854026587794,199.34388227388504
2025-03-26,161.43709889584247,327.2264631888894,116.72562471038978,191.3023867544012,199.17289338738073
2025-03-27,161.43709889584247,327.2264631888894,116.8480957904676,191.3023867544012,199.20351115740016
2025-03-28,161.43709889584247,327.2264631888894,116.59657800185146,188.6701513001515,198.4825728466837
2025-03-29,161.43709889584247,327.2264631888894,116.59657800185146,188.6701513001515,198.4825728466837
2025-03-30,161.43709889584247,327.2264631888894,116.59657800185146,188.6701513001515,198.4825728466837
2025-03-31,161.43709889584247,326.2213153163333,116.59298195503709,188.6701513001515,198.2303868668411
2025-04-01,162.41210587156695,326.2213153163333,117.19228884269965,188.6701513001515,198.62396533268785
2025-04-02,162.41210587156695,329.8456302903613,117.61549218065306,188.6701513001515,199.6358449106832
2025-04-03,162.41210587156695,327.69259656830656,117.61549218065306,188.6701513001515,199.09758648016953
2025-04-04,162.41210587156695,327.69259656830656,117.61549218065306,188.6701513001515,199.09758648016953
2025-04-05,162.41210587156695,327.69259656830656,117.61549218065306,188.6701513001515,199.09758648016953
2025-04-06,162.41210587156695,327.69259656830656,117.61549218065306,188.6701513001515,199.09758648016953
2025-04-07,163.84621517120422,327.69259656830656,117.61549218065306,188.6701513001515,199.45611380507881
2025-04-08,163.84621517120422,333.3682174535811,117.61549218065306,188.6701513001515,200.8750190263975
2025-04-09,163.84621517120422,344.6834340862942,118.16681752939256,188.6701513001515,203.8416545217606
2025-04-10,163.84621517120422,344.6834340862942,117.01824017688442,188.6701513001515,203.55451018363357
2025-04-11,163.84621517120422,350.0225987949525,117.01824017688442,188.6701513001515,204.88930136079816
2025-04-12,163.84621517120422,350.0225987949525,117.01824017688442,188.6701513001515,204.88930136079816
2025-04-13,163.84621517120422,350.0225987949525,117.01824017688442,187.85886635652233,204.6864801248909
2025-04-14,163.84621517120422,368.27527990933896,117.01824017688442,187.85886635652233,209.2496504034875
2025-04-15,163.84621517120422,370.9982685335044,117.01824017688442,187.85886635652233,209.93039755952884
2025-04-16,163.84621517120422,370.9982685335044,117.01824017688442,187.22879832035076,209.77288055048592
2025-04-17,163.84621517120422,370.9982685335044,117.01824017688442,187.22879832035076,209.77288055048592
2025-04-18,163.84621517120422,370.9982685335044,117.01824017688442,187.41181143063562,209.81863382805716
2025-04-19,163.84621517120422,370.9982685335044,117.01824017688442,187.41181143063562,209.81863382805716
2025-04-20,163.84621517120422,370.9982685335044,117.01824017688442,187.41181143063562,209.81863382805716
2025-04-21,163.84621517120422,370.9982685335044,115.63047433912365,186.60591509548817,209.2702182848301
2025-04-22,163.84621517120422,370.9982685335044,115.92185687528189,185.80001876034063,209.1415898350828
2025-04-23,163.84621517120422,372.8636328892227,115.92185687528189,185.80001876034063,209.60793092401232
2025-04-24,163.84621517120422,372.8636328892227,116.45489375736548,185.00110765841015,209.54146236905063
2025-04-25,163.84621517120422,372.8636328892227,116.45489375736548,185.00110765841015,209.54146236905063
2025-04-26,163.84621517120422,372.8636328892227,116.45489375736548,185.00110765841015,209.54146236905063
2025-04-27,163.84621517120422,372.8636328892227,116.45489375736548,185.00110765841015,209.54146236905063
2025-04-28,163.84621517120422,372.8636328892227,116.45489375736548,185.00110765841015,209.54146236905063
2025-04-29,163.84621517120422,372.8636328892227,116.45489375736548,189.15482669636393,210.57989212853906
2025-04-30,163.84621517120422,372.8636328892227,116.45489375736548,189.15482669636393,210.57989212853906
2025-05-01,163.84621517120422,372.8636328892227,116.45489375736548,189.15482669636393,210.57989212853906
2025-05-02,163.84621517120422,372.8636328892227,116.45489375736548,189.15482669636393,210.57989212853906
2025-05-03,163.84621517120422,372.8636328892227,116.45489375736548,189.15482669636393,210.57989212853906
2025-05-04,163.84621517120422,372.8636328892227,116.45489375736548,189.15482669636393,210.57989212853906
2025-05-05,163.84621517120422,372.8636328892227,116.45489375736548,189.15482669636393,210.57989212853906
2025-05-06,163.84621517120422,372.8636328892227,116.45489375736548,189.15482669636393,210.57989212853906
2025-05-07,163.84621517120422,372.8636328892227,116.45489375736548,189.15482669636393,210.57989212853906
2025-05-08,163.84621517120422,372.8636328892227,116.45489375736548,189.15482669636393,210.57989212853906
2025-05-09,163.84621517120422,372.8636328892227,116.45489375736548,187.53165807482983,210.17409997315556
2025-05-10,163.84621517120422,372.8636328892227,116.45489375736548,187.53165807482983,210.17409997315556
2025-05-11,163.84621517120422,372.8636328892227,116.45489375736548,187.53165807482983,210.17409997315556
2025-05-12,163.84621517120422,372.8636328892227,117.12684079067823,187.53165807482983,210.3420867314837
2025-05-13,163.84621517120422,372.8636328892227,117.96297304711541,188.01773051768564,210.672637906307
2025-05-14,163.84621517120422,372.8636328892227,118.04434644931474,188.01773051768564,210.6929812568568
2025-05-15,163.84621517120422,372.8636328892227,118.24110158215785,187.73213426815713,210.67077097768546
2025-05-16,163.84621517120422,372.8636328892227,119.70561733335663,187.73213426815713,211.03689991548515
2025-05-17,163.84621517120422,372.8636328892227,119.70561733335663,189.46097948935952,211.46911122078572
2025-05-18,163.84621517120422,372.8636328892227,119.70561733335663,189.46097948935952,211.46911122078572
2025-05-19,163.84621517120422,372.8636328892227,119.70561733335663,189.46097948935952,211.46911122078572
2025-05-20,163.84621517120422,372.8636328892227,119.70561733335663,189.46097948935952,211.46911122078572
2025-05-21,163.84621517120422,372.8636328892227,119.70561733335663,188.6463017181678,211.26544177798783
2025-05-22,163.84621517120422,372.8636328892227,119.70561733335663,187.8351165635846,211.062645489342
2025-05-23,163.84621517120422,372.8636328892227,119.70561733335663,187.02393140900136,210.8598492006962
2025-05-24,163.84621517120422,372.8636328892227,119.70561733335663,187.02393140900136,210.8598492006962
2025-05-25,163.84621517120422,372.8636328892227,119.70561733335663,185.1651608499632,210.39515656093667
2025-05-26,163.84621517120422,372.8636328892227,119.70561733335663,185.1651608499632,210.39515656093667
2025-05-27,163.84621517120422,372.8636328892227,120.75782063123978,185.1651608499632,210.65820738540742
2025-05-28,163.84621517120422,372.8636328892227,120.75782063123978,185.1651608499632,210.65820738540742
2025-05-29,163.84621517120422,372.8636328892227,120.75782063123978,185.1651608499632,210.65820738540742
2025-05-30,163.84621517120422,372.8636328892227,120.75782063123978,185.17653680120225,210.66105137321722
2025-05-31,163.84621517120422,372.8636328892227,120.75782063123978,185.17653680120225,210.66105137321722
2025-06-01,163.84621517120422,372.8636328892227,120.75782063123978,185.17653680120225,210.66105137321722
2025-06-02,163.84621517120422,372.8636328892227,121.72022550295851,185.17653680120225,210.90165259114696
2025-06-03,163.84621517120422,372.8636328892227,121.72022550295851,185.17653680120225,210.90165259114696
2025-06-04,163.84621517120422,372.8636328892227,121.72022550295851,185.17653680120225,210.90165259114696
2025-06-05,163.84621517120422,372.8636328892227,121.83334686131897,185.17653680120225,210.92993293073704
2025-06-06,163.84621517120422,372.8636328892227,121.83334686131897,185.17653680120225,210.92993293073704
2025-06-07,163.84621517120422,372.8636328892227,121.83334686131897,185.17653680120225,210.92993293073704
2025-06-08,163.84621517120422,372.8636328892227,121.83334686131897,185.17653680120225,210.92993293073704
2025-06-09,163.84621517120422,372.8636328892227,121.85410118864759,185.17653680120225,210.93512151256922
2025-06-10,163.84621517120422,372.8636328892227,121.85410118864759,185.17653680120225,210.93512151256922
2025-06-11,163.84621517120422,372.8636328892227,121.92355626426217,184.38022021446662,210.75340613478892
2025-06-12,163.84621517120422,372.8636328892227,121.92478919459853,184.0246718437224,210.66482727468693
2025-06-13,163.84621517120422,372.8636328892227,121.73224657373798,183.528420918179,210.49262888808596
2025-06-14,163.84621517120422,372.8636328892227,121.73224657373798,183.528420918179,210.49262888808596
2025-06-15,163.84621517120422,372.8636328892227,121.73224657373798,183.528420918179,210.49262888808596
2025-06-16,163.84621517120422,372.8636328892227,121.83827858266439,183.528420918179,210.5191368903176
2025-06-17,163.84621517120422,372.8636328892227,121.83827858266439,183.528420918179,210.5191368903176
2025-06-18,163.84621517120422,372.8636328892227,121.71149224640934,183.528420918179,210.4874403062538
2025-06-19,163.84621517120422,372.8636328892227,121.71149224640934,183.528420918179,210.4874403062538
2025-06-20,163.84621517120422,372.8636328892227,121.5579924195333,183.528420918179,210.44906534953483
2025-06-21,163.84621517120422,372.8636328892227,121.5579924195333,183.528420918179,210.44906534953483
2025-06-22,164.48848008928928,372.8636328892227,121.5579924195333,183.528420918179,210.60963157905607
2025-06-23,165.48371666600232,372.8636328892227,120.22622216788197,183.528420918179,210.52549816032152
2025-06-24,165.48371666600232,372.8636328892227,120.5765798717958,183.528420918179,210.61308758629997
2025-06-25,165.48371666600232,372.8636328892227,120.5765798717958,181.95005757827954,210.21849675132512
2025-06-26,165.48371666600232,372.8636328892227,120.5765798717958,178.7968235150891,209.43018823552754
2025-06-27,165.48371666600232,372.8636328892227,120.69720155636907,178.0143776057415,209.2647321793339
2025-06-28,165.48371666600232,372.8636328892227,120.69720155636907,178.0143776057415,209.2647321793339
2025-06-29,165.48371666600232,372.8636328892227,120.69720155636907,178.0143776057415,209.2647321793339
2025-06-30,165.48371666600232,372.8636328892227,120.69720155636907,178.0143776057415,209.2647321793339
2025-07-01,165.48371666600232,372.8636328892227,120.69720155636907,177.23881714056483,209.07084206303975
2025-07-02,165.48371666600232,372.8636328892227,120.87453803641462,177.23881714056483,209.11517618305112
2025-07-03,165.48371666600232,372.8636328892227,120.87453803641462,177.23881714056483,209.11517618305112
2025-07-04,165.48371666600232,372.8636328892227,120.87453803641462,175.714539463574,208.73410676380342
2025-07-05,165.48371666600232,372.8636328892227,120.87453803641462,175.714539463574,208.73410676380342
2025-07-06,165.48371666600232,372.8636328892227,120.87453803641462,175.69508059961245,208.72924204781302
2025-07-07,165.48371666600232,372.8636328892227,120.87453803641462,175.69508059961245,208.72924204781302
2025-07-08,165.48371666600232,372.8636328892227,120.87453803641462,175.69508059961245,208.72924204781302
2025-07-09,165.48371666600232,372.8636328892227,120.87453803641462,184.9091021580379,211.0327474374194
2025-07-10,165.48371666600232,372.8636328892227,120.87453803641462,184.9091021580379,211.0327474374194
2025-07-11,165.48371666600232,372.8636328892227,120.87453803641462,184.9091021580379,211.0327474374194
2025-07-12,165.48371666600232,372.8636328892227,120.87453803641462,184.9091021580379,211.0327474374194
2025-07-13,165.48371666600232,372.8636328892227,120.87453803641462,184.9091021580379,211.0327474374194
2025-07-14,165.48371666600232,372.8636328892227,120.87453803641462,184.9091021580379,211.0327474374194
2025-07-15,165.48371666600232,372.8636328892227,120.87453803641462,186.85049804712835,211.51809640969202
2025-07-16,165.48371666600232,372.8636328892227,120.9434793910557,186.85049804712835,211.5353317483523
2025-07-17,165.48371666600232,372.8636328892227,120.80929547278257,186.85049804712835,211.50178576878398
2025-07-18,165.48371666600232,372.8636328892227,120.86970905926388,186.85049804712835,211.5168891654043
2025-07-19,165.48371666600232,372.8636328892227,120.86970905926388,189.00274819032566,212.05495170120363
2025-07-20,165.48371666600232,372.8636328892227,120.86970905926388,189.00274819032566,212.05495170120363
2025-07-21,165.48371666600232,372.8636328892227,120.90248445737195,189.00274819032566,212.06314555073064
2025-07-22,165.48371666600232,372.8636328892227,120.90248445737195,189.00274819032566,212.06314555073064
2025-07-23,165.48371666600232,372.8636328892227,120.59301894294717,198.45077506151995,214.34778588992302
2025-07-24,165.48371666600232,372.8636328892227,120.59301894294717,205.1447240533512,216.02127313788085
2025-07-25,165.48371666600232,372.8636328892227,120.71600374399847,205.1447240533512,216.05201933814365
2025-07-26,165.48371666600232,372.8636328892227,120.71600374399847,205.1447240533512,216.05201933814365
2025-07-27,165.48371666600232,372.8636328892227,120.71600374399847,205.1447240533512,216.05201933814365
2025-07-28,165.48371666600232,372.8636328892227,120.43674502281434,205.1447240533512,215.98220465784763
2025-07-29,165.48371666600232,372.8636328892227,119.09357016555174,205.1447240533512,215.64641094353198
2025-07-30,165.48371666600232,372.8636328892227,119.09357016555174,205.1447240533512,215.64641094353198
2025-07-31,165.48371666600232,372.8636328892227,119.09357016555174,205.1447240533512,215.64641094353198
2025-08-01,165.48371666600232,372.8636328892227,119.09357016555174,205.1447240533512,215.64641094353198
2025-08-02,165.48371666600232,372.8636328892227,119.09357016555174,205.1447240533512,215.64641094353198
2025-08-03,165.48371666600232,372.8636328892227,119.09357016555174,205.1447240533512,215.64641094353198
2025-08-04,165.48371666600232,372.8636328892227,119.36234897887684,205.1447240533512,215.71360564686327
2025-08-05,165.48371666600232,374.9926720084014,119.36234897887684,205.1447240533512,216.24586542665796
2025-08-06,165.48371666600232,374.9926720084014,118.66214729202265,205.1447240533512,216.0708150049444
2025-08-07,165.48371666600232,374.9926720084014,118.66214729202265,205.1447240533512,216.0708150049444
2025-08-08,165.48371666600232,374.9926720084014,117.85519438687915,204.26258888709268,215.6485429870939
2025-08-09,165.48371666600232,374.9926720084014,117.85519438687915,204.26258888709268,215.6485429870939
2025-08-10,165.48371666600232,374.9926720084014,117.85519438687915,204.26258888709268,215.6485429870939
2025-08-11,165.48371666600232,374.9926720084014,117.85519438687915,204.26258888709268,215.6485429870939
2025-08-12,165.48371666600232,376.4101481882746,117.53761208107338,204.26258888709268,215.92351645561072
2025-08-13,165.48371666600232,376.4101481882746,114.88855850922283,204.26258888709268,215.2612530626481
2025-08-14,165.48371666600232,376.4101481882746,115.46238483660079,204.49549652035594,215.4629365528084
2025-08-15,165.48371666600232,376.4101481882746,115.60499377883902,204.49549652035594,215.49858878836795
2025-08-16,165.48371666600232,376.4101481882746,115.60499377883902,204.49549652035594,215.49858878836795
2025-08-17,165.48371666600232,376.4101481882746,115.60499377883902,204.49549652035594,215.49858878836795
2025-08-18,165.48371666600232,376.4101481882746,115.60499377883902,204.49549652035594,215.49858878836795
2025-08-19,165.48371666600232,376.4101481882746,115.72294411435018,204.49549652035594,215.52807637224575
2025-08-20,165.48371666600232,376.4101481882746,115.42149264711172,204.49549652035594,215.45271350543612
2025-08-21,165.48371666600232,376.4101481882746,115.53019600510024,204.49549652035594,215.47988934493327
2025-08-22,165.48371666600232,376.4101481882746,116.81429295041256,204.49549652035594,215.80091358126134
2025-08-23,165.48371666600232,376.4101481882746,116.81429295041256,204.49549652035594,215.80091358126134
2025-08-24,165.48371666600232,376.4101481882746,116.81429295041256,202.2969442598347,215.25127551613105
2025-08-25,165.48371666600232,376.4101481882746,116.75295466617897,199.95758965546835,214.65110229398107
2025-08-26,165.48371666600232,376.4101481882746,117.01197278100794,199.95758965546835,214.7158568226883
2025-08-27,165.48371666600232,376.4101481882746,117.16454791013172,199.95758965546835,214.75400060496926
2025-08-28,165.48371666600232,378.39757927025835,117.22763284567515,199.95758965546835,215.26662960935107
2025-08-29,165.48371666600232,380.0473910023563,116.53719185731708,199.95758965546835,215.50647229528602
2025-08-30,165.48371666600232,380.0473910023563,116.53719185731708,199.95758965546835,215.50647229528602
2025-08-31,165.48371666600232,380.0473910023563,116.53719185731708,199.95758965546835,215.50647229528602
2025-09-01,165.48371666600232,380.0473910023563,116.53719185731708,199.95758965546835,215.50647229528602
2025-09-02,165.48371666600232,380.0473910023563,116.53719185731708,199.95758965546835,215.50647229528602
2025-09-03,165.48371666600232,380.0473910023563,116.6619233096782,199.95758965546835,215.53765515837625
2025-09-04,165.48371666600232,380.0473910023563,116.6619233096782,199.95758965546835,215.53765515837625
2025-09-05,165.48371666600232,381.9210305050499,116.71904908192926,199.95758965546835,216.02034647711247
2025-09-06,165.48371666600232,381.9210305050499,116.71904908192926,199.25367772528878,215.84436849456753
2025-09-07,165.48371666600232,381.9210305050499,116.71904908192926,199.25367772528878,215.84436849456753
2025-09-08,165.48371666600232,381.9210305050499,116.98967729075889,199.25367772528878,215.91202554677497
2025-09-09,165.48371666600232,381.9210305050499,116.95351133422585,199.25367772528878,215.90298405764173
2025-09-10,165.48371666600232,384.4825374458709,116.55393916105257,199.25367772528878,216.44346774955366
2025-09-11,165.48371666600232,384.4825374458709,116.5655492550532,199.25367772528878,216.4463702730538
2025-09-12,165.48371666600232,384.4825374458709,117.34414476246056,199.25367772528878,216.64101914990565
2025-09-13,165.48371666600232,384.4825374458709,117.34414476246056,199.25367772528878,216.64101914990565
2025-09-14,165.48371666600232,384.4825374458709,117.34414476246056,200.73634337011558,217.01168556111236
2025-09-15,165.48371666600232,384.4825374458709,117.34414476246056,201.9278245788404,217.30955586329355
2025-09-16,165.48371666600232,384.4825374458709,116.01576506923416,201.9278245788404,216.97746093998694
2025-09-17,165.48371666600232,384.4825374458709,115.94343315616808,201.9278245788404,216.95937796172043
2025-09-18,165.48371666600232,384.4825374458709,115.91322636292742,203.03358699708815,217.2282668679722
2025-09-19,165.48371666600232,384.4825374458709,115.91322636292742,203.03358699708815,217.2282668679722
2025-09-20,165.48371666600232,384.4825374458709,115.91322636292742,202.16053263401173,217.0100032772031
2025-09-21,165.48371666600232,384.4825374458709,115.91322636292742,201.63065279998085,216.87753331869538
2025-09-22,165.48371666600232,384.4825374458709,115.91322636292742,205.1554014812686,217.75872048901732
2025-09-23,165.48371666600232,384.4825374458709,115.91322636292742,205.1554014812686,217.75872048901732
2025-09-24,165.48371666600232,384.4825374458709,116.00014795164037,205.1554014812686,217.78045088619558
2025-09-25,165.48371666600232,384.4825374458709,116.02912181454468,205.1554014812686,217.78769435192166
2025-09-26,165.48371666600232,384.4825374458709,115.9410700396901,205.1554014812686,217.76568140820797
2025-09-27,165.48371666600232,384.4825374458709,115.9410700396901,205.1554014812686,217.76568140820797
2025-09-28,165.48371666600232,384.4825374458709,115.9410700396901,205.1554014812686,217.76568140820797
2025-09-29,165.48371666600232,387.40462810027225,115.98278418273671,204.27326631501006,218.2860988160053
2025-09-30,165.48371666600232,387.40462810027225,115.98278418273671,204.27326631501006,218.2860988160053
2025-10-01,165.48371666600232,389.96527096952155,115.74626704654621,204.27326631501006,218.86713024927
2025-10-02,165.48371666600232,389.96527096952155,115.74626704654621,204.27326631501006,218.86713024927
2025-10-03,165.48371666600232,392.3375462361375,114.88742832308117,204.27326631501006,219.24548938505774
2025-10-04,165.48371666600232,392.3375462361375,114.88742832308117,204.27326631501006,219.24548938505774
2025-10-05,165.48371666600232,392.3375462361375,114.88742832308117,204.27326631501006,219.24548938505774
2025-10-06,165.48371666600232,392.3375462361375,115.00784451926506,204.27326631501006,219.2755934341037
2025-10-07,165.48371666600232,392.3375462361375,115.00784451926506,205.90651363018583,219.68390526289764
2025-10-08,165.48371666600232,392.3375462361375,111.72311261482947,205.90651363018583,218.86272228678877
2025-10-09,165.48371666600232,392.3375462361375,111.72311261482947,205.90651363018583,218.86272228678877
2025-10-10,165.48371666600232,392.3375462361375,111.72311261482947,205.90651363018583,218.86272228678877
2025-10-11,165.95198708494442,392.3375462361375,111.72311261482947,205.90651363018583,218.97978989152432
2025-10-12,165.95198708494442,392.3375462361375,111.72311261482947,205.90651363018583,218.97978989152432
2025-10-13,165.95198708494442,392.3375462361375,111.72311261482947,205.90651363018583,218.97978989152432
2025-10-14,165.95198708494442,392.3375462361375,111.28912113643298,205.90651363018583,218.87129202192517
2025-10-15,165.95198708494442,392.3375462361375,111.72239340546662,205.90651363018583,218.97961008918355
2025-10-16,165.57031530274645,392.3375462361375,111.72239340546662,205.90651363018583,218.8841921436341
2025-10-17,165.57031530274645,392.3375462361375,112.0070975689696,205.90651363018583,218.95536818450984
2025-10-18,165.57031530274645,392.3375462361375,112.0070975689696,205.90651363018583,218.95536818450984
2025-10-19,165.57031530274645,392.3375462361375,112.0070975689696,205.90651363018583,218.95536818450984
2025-10-20,165.57031530274645,392.3375462361375,113.30239363150385,205.90651363018583,219.2791922001434
2025-10-21,165.57031530274645,392.3375462361375,113.30239363150385,202.37637634041636,218.39665787770107
2025-10-22,165.57031530274645,392.3375462361375,113.30239363150385,200.61699567115122,217.95681271038475
2025-10-23,165.57031530274645,392.3375462361375,114.02869234381083,200.61699567115122,218.13838738846147
2025-10-24,165.57031530274645,392.3375462361375,114.50840498884712,200.61699567115122,218.2583155497206
2025-10-25,165.57031530274645,392.3375462361375,114.50840498884712,200.03522553322279,218.11287301523845
2025-10-26,165.57031530274645,392.3375462361375,114.50840498884712,200.03522553322279,218.11287301523845
2025-10-27,165.57031530274645,392.3375462361375,114.50840498884712,200.03522553322279,218.11287301523845
2025-10-28,165.57031530274645,392.3375462361375,114.50840498884712,199.17254923092585,217.89720393966422
2025-10-29,165.57031530274645,392.3375462361375,114.50840498884712,199.29199671893622,217.9270658116668
2025-10-30,165.57031530274645,392.3375462361375,114.42374377241751,199.29199671893622,217.90590050755944
2025-10-31,165.57031530274645,392.3375462361375,114.57488048281552,199.29199671893622,217.94368468515893
2025-11-01,165.57031530274645,392.3375462361375,114.57488048281552,199.29199671893622,217.94368468515893
2025-11-02,165.57031530274645,392.3375462361375,114.57488048281552,199.29199671893622,217.94368468515893
2025-11-03,165.57031530274645,392.3375462361375,114.57488048281552,199.29199671893622,217.94368468515893
2025-11-04,166.6233507394268,392.3375462361375,114.44090205293176,199.29199671893622,218.17344893685805
2025-11-05,169.27572049268548,392.3375462361375,113.76176292599027,200.10258313924365,218.8694031985142
2025-11-06,169.27572049268548,392.3375462361375,113.70104110692485,200.10258313924365,218.85422274374787
2025-11-07,169.27572049268548,392.3375462361375,113.79248344020442,200.10258313924365,218.87708332706777
2025-11-08,169.27572049268548,392.3375462361375,113.79248344020442,200.10258313924365,218.87708332706777
2025-11-09,169.27572049268548,392.3375462361375,113.79248344020442,200.10258313924365,218.87708332706777
2025-11-10,169.27572049268548,392.3375462361375,113.9766010370999,200.10258313924365,218.9231127262916
2025-11-11,169.27572049268548,392.3375462361375,113.9766010370999,198.38172104171784,218.49289720191018
2025-11-12,169.27572049268548,392.3375462361375,113.68028677959623,197.567342637664,218.2152240365208
2025-11-13,169.27572049268548,392.3375462361375,111.89407895480386,197.567342637664,217.7686720803227
2025-11-14,169.89865268864355,392.3375462361375,110.28736523814564,197.567342637664,217.5227267001477
2025-11-15,169.89865268864355,392.3375462361375,110.28736523814564,197.567342637664,217.5227267001477
2025-11-16,169.89865268864355,392.3375462361375,110.28736523814564,197.567342637664,217.5227267001477
2025-11-17,169.89865268864355,392.3375462361375,110.28736523814564,197.567342637664,217.5227267001477
2025-11-18,169.89865268864355,392.3375462361375,110.28736523814564,197.567342637664,217.5227267001477
2025-11-19,169.89865268864355,396.6454082904344,109.60586299472614,197.567342637664,218.42931665286702
2025-11-20,169.89865268864355,396.6454082904344,109.60586299472614,197.567342637664,218.42931665286702
2025-11-21,172.18599274524655,395.3506967407885,109.41496428098073,197.567342637664,218.62974910116998
2025-11-22,172.18599274524655,395.3506967407885,109.41496428098073,197.567342637664,218.62974910116998
2025-11-23,172.18599274524655,395.3506967407885,109.41496428098073,197.567342637664,218.62974910116998
2025-11-24,172.18599274524655,395.3506967407885,109.14032904855794,197.567342637664,218.56109029306427
2025-11-25,172.18599274524655,400.3782971808003,109.14032904855794,197.567342637664,219.81799040306723
2025-11-26,172.18599274524655,400.3782971808003,107.77496144524095,197.567342637664,219.4766485022379
2025-11-27,172.18599274524655,400.3782971808003,107.77496144524095,197.567342637664,219.4766485022379
2025-11-28,172.18599274524655,400.3782971808003,108.03459602523809,197.567342637664,219.54155714723726
2025-11-29,172.18599274524655,400.3782971808003,108.03459602523809,197.567342637664,219.54155714723726
2025-11-30,172.18599274524655,400.3782971808003,108.03459602523809,197.567342637664,219.54155714723726
2025-12-01,172.18599274524655,400.3782971808003,108.03459602523809,197.45078903198637,219.51241874581783
2025-12-02,172.18599274524655,400.3782971808003,108.03459602523809,197.45078903198637,219.51241874581783
2025-12-03,172.18599274524655,403.92032595438366,108.03459602523809,197.45078903198637,220.39792593921365
2025-12-04,172.18599274524655,405.87934237506687,108.03459602523809,195.75267883693874,220.46315249562255
2025-12-05,172.18599274524655,405.87934237506687,108.03459602523809,191.5221222335982,219.4055133447874
2025-12-06,172.18599274524655,405.87934237506687,108.03459602523809,191.5221222335982,219.4055133447874
2025-12-07,172.18599274524655,405.87934237506687,108.03459602523809,191.5221222335982,219.4055133447874
2025-12-08,172.18599274524655,405.87934237506687,108.222617901532,191.5221222335982,219.45251881386093
2025-12-09,172.18599274524655,405.87934237506687,108.22909078579788,191.5221222335982,219.45413703492738
2025-12-10,172.18599274524655,405.87934237506687,107.98065532302262,191.5221222335982,219.39202816923355
2025-12-11,172.18599274524655,405.87934237506687,108.52047332195613,189.87500424103445,219.11520317082602
2025-12-12,172.18599274524655,405.87934237506687,108.52047332195613,189.87500424103445,219.11520317082602
2025-12-13,172.18599274524655,405.87934237506687,108.52047332195613,189.87500424103445,219.11520317082602
2025-12-14,172.18599274524655,405.87934237506687,108.52047332195613,189.87500424103445,219.11520317082602
2025-12-15,172.18599274524655,405.87934237506687,108.66277403161027,189.87500424103445,219.15077834823956
2025-12-16,172.18599274524655,405.87934237506687,108.66277403161027,187.6896241345795,218.6044333216258
2025-12-17,172.18599274524655,405.87934237506687,108.66277403161027,187.6896241345795,218.6044333216258
2025-12-18,172.18599274524655,405.87934237506687,108.68229542860254,187.6896241345795,218.60931367087386
2025-12-19,172.18599274524655,405.87934237506687,109.25971780279484,187.6896241345795,218.75366926442194
2025-12-20,172.18599274524655,405.87934237506687,109.25971780279484,187.6896241345795,218.75366926442194
2025-12-21,172.18599274524655,405.87934237506687,109.25971780279484,187.6896241345795,218.75366926442194
2025-12-22,172.18599274524655,405.87934237506687,109.03409155124213,187.6896241345795,218.6972627015338
2025-12-23,172.18599274524655,405.87934237506687,109.03409155124213,187.6896241345795,218.6972627015338
2025-12-24,172.18599274524655,405.87934237506687,109.03409155124213,187.6896241345795,218.6972627015338
2025-12-25,172.18599274524655,405.87934237506687,109.03409155124213,187.6896241345795,218.6972627015338
2025-12-26,172.18599274524655,405.87934237506687,109.03409155124213,187.6896241345795,218.6972627015338
2025-12-27,172.18599274524655,405.87934237506687,109.03409155124213,187.6896241345795,218.6972627015338
2025-12-28,172.18599274524655,405.87934237506687,109.03409155124213,187.6896241345795,218.6972627015338
2025-12-29,172.18599274524655,405.87934237506687,108.99484326886821,186.07543652718158,218.2839037290908
2025-12-30,172.18599274524655,408.2415478845202,108.77240208735105,186.07543652718158,218.81884481107488
2025-12-31,172.18599274524655,408.2415478845202,108.77240208735105,186.07543652718158,218.81884481107488
2026-01-01,172.18599274524655,408.2415478845202,108.77240208735105,186.94819152312016,219.0370335600595
2026-01-02,172.18599274524655,408.2415478845202,109.12584211710579,188.6129721768182,219.54158873092265
2026-01-03,172.18599274524655,408.2415478845202,109.12584211710579,188.6129721768182,219.54158873092265
2026-01-04,172.18599274524655,408.2415478845202,109.12584211710579,188.6129721768182,219.54158873092265
2026-01-05,172.18599274524655,408.2415478845202,109.90330743837147,188.6129721768182,219.73595506123914
2026-01-06,172.18599274524655,408.2415478845202,110.87382910147119,188.6129721768182,219.97858547701404
2026-01-07,172.18599274524655,408.2415478845202,111.08774251482856,188.6129721768182,220.03206383035337
2026-01-08,172.18599274524655,408.2415478845202,111.08774251482856,189.35101196071506,220.21657377632758
2026-01-09,172.80932355403198,408.2415478845202,112.13819916140189,189.35101196071506,220.63502064016726
2026-01-10,172.80932355403198,408.2415478845202,112.13819916140189,189.35101196071506,220.63502064016726
2026-01-11,172.80932355403198,408.2415478845202,112.13819916140189,189.35101196071506,220.63502064016726
2026-01-12,172.80932355403198,408.2415478845202,112.13819916140189,189.35101196071506,220.63502064016726
2026-01-13,172.80932355403198,408.2415478845202,112.93806271711134,189.35101196071506,220.8349865290946
2026-01-14,172.80932355403198,408.2415478845202,112.93806271711134,189.35101196071506,220.8349865290946
2026-01-15,172.80932355403198,408.2415478845202,113.41119973368703,188.53673334570718,220.74970112948654
2026-01-16,172.80932355403198,408.2415478845202,113.41119973368703,187.72604713635377,220.54702957714824
2026-01-17,172.80932355403198,408.2415478845202,113.41119973368703,187.72604713635377,220.54702957714824
2026-01-18,172.80932355403198,408.2415478845202,113.41119973368703,186.90238835102596,220.34111488081626
2026-01-19,172.80932355403198,408.2415478845202,113.41119973368703,185.27393091005618,219.93400052057385
2026-01-20,172.80932355403198,408.2415478845202,113.41119973368703,185.27393091005618,219.93400052057385
2026-01-21,172.80932355403198,408.2415478845202,114.18291138004975,185.27393091005618,220.12692843216453
2026-01-22,172.80932355403198,408.2415478845202,113.95481926782433,185.27393091005618,220.06990540410817
2026-01-23,172.80932355403198,408.2415478845202,113.95481926782433,185.27393091005618,220.06990540410817
2026-01-24,172.80932355403198,408.2415478845202,113.95481926782433,185.27393091005618,220.06990540410817
2026-01-25,172.80932355403198,408.2415478845202,113.95481926782433,185.27393091005618,220.06990540410817
2026-01-26,172.80932355403198,408.2415478845202,113.55052086169502,185.27393091005618,219.96883080257584
2026-01-27,172.80932355403198,408.2415478845202,113.55052086169502,185.27393091005618,219.96883080257584
2026-01-28,172.80932355403198,408.2415478845202,112.25399186882443,185.27393091005618,219.64469855435817
2026-01-29,172.80932355403198,410.0868059594352,112.30115145418995,182.0872675164702,219.32113712103182
2026-01-30,172.80932355403198,408.7396186785687,112.24659428680633,182.0872675164702,218.9707010089693
2026-01-31,174.0138318651094,408.7396186785687,112.24659428680633,182.0872675164702,219.27182808673868
2026-02-01,174.39460676844584,408.7396186785687,112.24659428680633,182.0872675164702,219.36702181257283
2026-02-02,174.39460676844584,408.7396186785687,112.41057402154135,182.0872675164702,219.40801674625655
2026-02-03,174.39460676844584,404.6841984573,112.62171334164192,182.0872675164702,218.44694652096445
2026-02-04,174.39460676844584,403.3370111764334,112.90569829578206,182.0872675164702,218.18114593928283
2026-02-05,175.90285805397218,403.3370111764334,112.90569829578206,182.0872675164702,218.55820876066448
2026-02-06,177.3452385697772,410.1655029395051,113.59716672608707,182.0872675164702,220.79879393795986
2026-02-07,177.3452385697772,410.1655029395051,113.59716672608707,182.0872675164702,220.79879393795986
2026-02-08,177.3452385697772,410.1655029395051,113.59716672608707,182.0872675164702,220.79879393795986
2026-02-09,177.3452385697772,410.1655029395051,114.325520322288,182.0872675164702,220.98088233701012
2026-02-10,177.3452385697772,410.1655029395051,114.29860134327761,182.0872675164702,220.97415259225755
2026-02-11,177.3452385697772,408.8345003838472,112.77192535428766,178.17234366549118,219.28100199335083
2026-02-12,177.3452385697772,406.149929711101,112.77192535428766,178.17234366549118,218.60985932516422
2026-02-13,179.93970980986168,408.35939395349305,112.77192535428766,177.39279163847627,219.61595518902968
2026-02-14,179.93970980986168,408.35939395349305,112.77192535428766,177.39279163847627,219.61595518902968
2026-02-15,179.93970980986168,408.35939395349305,112.77192535428766,178.9911127875671,220.0155354763024
2026-02-16,179.93970980986168,408.35939395349305,112.77192535428766,178.9911127875671,220.0155354763024
2026-02-17,179.93970980986168,408.35939395349305,112.77192535428766,178.9911127875671,220.0155354763024
2026-02-18,179.93970980986168,408.35939395349305,112.93662429838558,178.32591900721877,219.89041176723978
2026-02-19,179.93970980986168,407.01180787036265,114.10266816399206,178.32591900721877,219.84502621285878
2026-02-20,179.93970980986168,409.4905301079093,113.46236634264572,178.32591900721877,220.30463131690888
2026-02-21,179.93970980986168,409.4905301079093,113.46236634264572,178.32591900721877,220.30463131690888
2026-02-22,179.93970980986168,409.4905301079093,113.46236634264572,178.32591900721877,220.30463131690888
2026-02-23,179.93970980986168,408.15025539961647,113.46236634264572,178.32591900721877,219.96956263983566
2026-02-24,179.93970980986168,411.5968042645256,114.6258416033848,177.8623988887492,221.0061886416303
2026-02-25,179.93970980986168,411.5968042645256,115.07750508326905,177.8623988887492,221.11910451160134
2026-02-26,179.93970980986168,414.7901801589227,115.33518752356696,176.33283239232264,221.59947747116848
2026-02-27,179.93970980986168,414.7901801589227,115.75849360571505,175.06042226732689,221.3872014604566
2026-02-28,179.93970980986168,414.7901801589227,115.75849360571505,175.06042226732689,221.3872014604566
2026-03-01,179.93970980986168,414.7901801589227,115.75849360571505,175.06042226732689,221.3872014604566
2026-03-02,179.93970980986168,414.7901801589227,115.75849360571505,175.06042226732689,221.3872014604566
2026-03-03,179.93970980986168,414.7901801589227,115.75849360571505,175.06042226732689,221.3872014604566
2026-03-04,179.93970980986168,417.4820289729845,115.75849360571505,175.06042226732689,222.06016366397202
2026-03-05,179.93970980986168,420.75054586059866,115.81633858732896,175.06042226732689,222.89175413127907
2026-03-06,179.93970980986168,420.75054586059866,115.81633858732896,172.79770565025535,222.32607497701116
2026-03-07,179.93970980986168,420.75054586059866,115.81633858732896,172.79770565025535,222.32607497701116
2026-03-08,179.93970980986168,420.75054586059866,115.81633858732896,172.79770565025535,222.32607497701116
2026-03-09,179.93970980986168,420.75054586059866,116.58147460523112,172.79770565025535,222.5173589814867
2026-03-10,179.93970980986168,420.75054586059866,115.21785365322394,172.79770565025535,222.17645374348493
2026-03-11,179.93970980986168,420.75054586059866,114.73166812392182,172.79770565025535,222.0549073611594
2026-03-12,179.93970980986168,420.75054586059866,114.73166812392182,172.79770565025535,222.0549073611594
2026-03-13,179.93970980986168,420.75054586059866,114.73166812392182,172.79770565025535,222.0549073611594
2026-03-14,179.93970980986168,420.75054586059866,114.73166812392182,172.79770565025535,222.0549073611594
2026-03-15,179.93970980986168,420.75054586059866,114.73166812392182,172.79770565025535,222.0549073611594
2026-03-16,179.93970980986168,423.2498064147344,114.37956376869816,172.79770565025535,222.59169641088744
2026-03-17,179.93970980986168,425.12214981007037,114.58474392550634,172.79770565025535,223.11107729892345
2026-03-18,179.93970980986168,425.12214981007037,114.8015341763152,178.4948618620237,224.58956391456778
2026-03-19,179.93970980986168,425.12214981007037,114.8015341763152,178.4948618620237,224.58956391456778
2026-03-20,179.93970980986168,425.12214981007037,114.8015341763152,178.4948618620237,224.58956391456778
2026-03-21,179.93970980986168,425.12214981007037,114.8015341763152,178.4948618620237,224.58956391456778
2026-03-22,179.93970980986168,425.12214981007037,114.8015341763152,178.4948618620237,224.58956391456778
2026-03-23,179.93970980986168,425.12214981007037,113.91978349743293,178.4948618620237,224.36912624484714
2026-03-24,179.93970980986168,425.12214981007037,113.57713160812133,178.4948618620237,224.2834632725193
2026-03-25,179.93970980986168,427.32430267762487,111.74869591930883,178.4948618620237,224.37689256720478
2026-03-26,179.93970980986168,427.32430267762487,111.74869591930883,176.65185797224666,223.9161415947605
2026-03-27,179.93970980986168,427.32430267762487,111.74869591930883,175.0807792327021,223.52337190987436
2026-03-28,179.93970980986168,427.32430267762487,111.74869591930883,174.51976521633267,223.383118405782
2026-03-29,179.93970980986168,427.32430267762487,111.74869591930883,174.51976521633267,223.383118405782
2026-03-30,179.93970980986168,427.32430267762487,111.85072090464207,174.51976521633267,223.40862465211532
2026-03-31,179.93970980986168,427.32430267762487,113.03227914364768,174.51976521633267,223.7040142118667
2026-04-01,179.93970980986168,432.7289706581235,112.35314001670619,174.51976521633267,224.885396425256
2026-04-02,179.93970980986168,432.7289706581235,112.35314001670619,172.2685243395462,224.32258620605938
2026-04-03,179.93970980986168,432.7289706581235,112.35314001670619,172.2685243395462,224.32258620605938
2026-04-04,179.93970980986168,432.7289706581235,112.35314001670619,172.2685243395462,224.32258620605938
2026-04-05,179.93970980986168,432.7289706581235,112.35314001670619,171.52779025140853,224.13740268402495
2026-04-06,179.93970980986168,432.7289706581235,112.35314001670619,171.52779025140853,224.13740268402495
2026-04-07,179.93970980986168,432.7289706581235,112.35314001670619,170.7901496236955,223.9529925270967
2026-04-08,179.93970980986168,437.7586980435426,112.35314001670619,170.7901496236955,225.2104243734515
2026-04-09,179.93970980986168,437.7586980435426,112.35314001670619,170.7901496236955,225.2104243734515
2026-04-10,179.93970980986168,437.7586980435426,112.35314001670619,170.7901496236955,225.2104243734515
2026-04-11,179.93970980986168,437.7586980435426,112.35314001670619,170.7901496236955,225.2104243734515
2026-04-12,179.93970980986168,437.7586980435426,112.35314001670619,170.8820553350218,225.23340080128312
2026-04-13,179.93970980986168,440.20578196815563,112.35314001670619,170.8820553350218,225.84517178243635
2026-04-14,179.93970980986168,440.20578196815563,112.35314001670619,170.8820553350218,225.84517178243635
2026-04-15,179.93970980986168,440.20578196815563,114.10102425687694,170.8820553350218,226.282142842479
2026-04-16,179.93970980986168,440.20578196815563,113.10759063835995,170.8820553350218,226.03378443784976
2026-04-17,179.93970980986168,440.20578196815563,113.39989787227047,170.8820553350218,226.1068612463274
2026-04-18,179.93970980986168,440.20578196815563,113.39989787227047,170.8820553350218,226.1068612463274
2026-04-19,179.93970980986168,440.20578196815563,113.39989787227047,176.07587559898377,227.4053163123179
2026-04-20,179.93970980986168,440.20578196815563,113.39989787227047,176.07587559898377,227.4053163123179
2026-04-21,179.93970980986168,440.20578196815563,113.39989787227047,176.07587559898377,227.4053163123179
2026-04-22,179.93970980986168,440.20578196815563,113.39989787227047,176.07587559898377,227.4053163123179
2026-04-23,179.93970980986168,440.20578196815563,113.27783776897145,176.07587559898377,227.37480128649315
2026-04-24,179.93970980986168,440.20578196815563,113.27783776897145,195.56118365774753,232.2461283011841
2026-04-25,179.93970980986168,440.20578196815563,113.27783776897145,195.3692893223725,232.19815471734034
2026-04-26,179.93970980986168,440.20578196815563,113.27783776897145,195.3692893223725,232.19815471734034
2026-04-27,179.93970980986168,440.20578196815563,113.27783776897145,195.21611313682877,232.15986067095443
2026-04-28,179.93970980986168,440.20578196815563,113.08827472975709,194.45901364515413,231.92319503823217
2026-04-29,179.93970980986168,440.20578196815563,113.03957398147114,194.45901364515413,231.91101985116066
2026-04-30,179.93970980986168,440.20578196815563,110.49686065113104,194.45901364515413,231.27534151857557
2026-05-01,179.93970980986168,440.20578196815563,110.49686065113104,194.45901364515413,231.27534151857557
2026-05-02,179.93970980986168,440.20578196815563,110.49686065113104,194.45901364515413,231.27534151857557
2026-05-03,179.93970980986168,440.20578196815563,110.49686065113104,194.45901364515413,231.27534151857557
2026-05-04,179.93970980986168,440.20578196815563,110.83940979624798,194.45901364515413,231.36097880485488
2026-05-05,179.93970980986168,440.20578196815563,110.70255452891273,194.45901364515413,231.32676498802107
2026-05-06,179.93970980986168,440.20578196815563,110.58768651924244,194.45901364515413,231.2980479856035
2026-05-07,179.93970980986168,440.20578196815563,110.58768651924244,194.45901364515413,231.2980479856035
2026-05-08,179.93970980986168,440.20578196815563,110.58768651924244,194.45901364515413,231.2980479856035
2026-05-09,179.93970980986168,440.20578196815563,110.58768651924244,195.08119834669512,231.45359416098873
2026-05-10,179.93970980986168,440.20578196815563,110.58768651924244,195.08119834669512,231.45359416098873
2026-05-11,179.93970980986168,440.20578196815563,110.95705189917507,195.08119834669512,231.5459355059719
2026-05-12,179.93970980986168,442.36719053775164,111.28542234542394,208.73423582546496,235.58163962962558
2026-05-13,179.93970980986168,442.36719053775164,111.28542234542394,208.73423582546496,235.58163962962558
2026-05-14,179.93970980986168,442.36719053775164,110.64450405890942,208.73423582546496,235.4214100579969
2026-05-15,179.93970980986168,442.36719053775164,110.64450405890942,208.73423582546496,235.4214100579969
2026-05-16,179.93970980986168,442.36719053775164,110.64450405890942,208.73423582546496,235.4214100579969
2026-05-17,179.93970980986168,442.36719053775164,110.64450405890942,208.73423582546496,235.4214100579969
2026-05-18,179.93970980986168,442.36719053775164,110.76132420827891,208.73423582546496,235.45061509533926
2026-05-19,179.93970980986168,442.36719053775164,110.87701417150677,208.73423582546496,235.47953758614625
2026-05-20,179.93970980986168,442.36719053775164,111.69619363581911,208.73423582546496,235.68433245222434
2026-05-21,179.93970980986168,447.15803536711405,112.64513901803264,208.73423582546496,237.11928000511838
2026-05-22,179.93970980986168,447.15803536711405,113.42681685128086,208.73423582546496,237.31469946343034
2026-05-23,179.93970980986168,447.15803536711405,113.42681685128086,208.73423582546496,237.31469946343034
2026-05-24,179.93970980986168,447.15803536711405,113.42681685128086,208.73423582546496,237.31469946343034
2026-05-25,179.93970980986168,447.15803536711405,113.42681685128086,208.73423582546496,237.31469946343034
2026-05-26,179.93970980986168,447.15803536711405,114.43329898252426,208.73423582546496,237.56631999624122
2026-05-27,179.93970980986168,447.15803536711405,114.43329898252426,207.15407628273832,237.17128011055956
2026-05-28,179.93970980986168,449.6043216871995,114.81078115383787,205.3589711350206,237.42844594647988
2026-05-29,179.93970980986168,449.6043216871995,114.81078115383787,205.3589711350206,237.42844594647988
2026-05-30,179.93970980986168,449.6043216871995,114.81078115383787,205.3589711350206,237.42844594647988
2026-05-31,179.93970980986168,449.6043216871995,114.81078115383787,205.3589711350206,237.42844594647988
2026-06-01,179.93970980986168,449.6043216871995,114.61166290451675,205.3589711350206,237.37866638414965
2026-06-02,179.52585004185437,449.6043216871995,114.61166290451675,205.3589711350206,237.2752014421478
2026-06-03,179.52585004185437,449.6043216871995,113.77511967130076,205.3589711350206,237.06606563384383
2026-06-04,181.60471558974766,449.6043216871995,114.01204778427008,205.3589711350206,237.64501404905945
2026-06-05,182.53139076015466,452.8504724145151,113.26499474463444,205.3589711350206,238.50145726358122
2026-06-06,182.53139076015466,452.8504724145151,113.26499474463444,205.3589711350206,238.50145726358122
2026-06-07,182.53139076015466,452.8504724145151,113.26499474463444,205.3589711350206,238.50145726358122
2026-06-08,182.53139076015466,452.8504724145151,112.3165630833944,205.3589711350206,238.2643493482712
2026-06-09,182.53139076015466,452.8504724145151,112.51383193721098,205.3589711350206,238.3136665617253
2026-06-10,182.53139076015466,456.6271298533405,112.51383193721098,205.3589711350206,239.25783092143166
2026-06-11,182.53139076015466,459.06397785318103,113.30136618955689,205.3589711350206,240.0639264844783
2026-06-12,182.53139076015466,459.06397785318103,115.0543876394624,205.3589711350206,240.5021818469547
2026-06-13,182.53139076015466,459.06397785318103,115.0543876394624,205.3589711350206,240.5021818469547
2026-06-14,182.53139076015466,459.06397785318103,115.0543876394624,205.3589711350206,240.5021818469547
2026-06-15,182.53139076015466,459.06397785318103,115.03116745146107,205.3589711350206,240.49637679995436
2026-06-16,182.53139076015466,459.06397785318103,115.03116745146107,205.3589711350206,240.49637679995436
2026-06-17,182.53139076015466,457.5490942203582,115.03116745146107,205.3589711350206,240.11765589174865
2026-06-18,182.53139076015466,457.5490942203582,115.03116745146107,205.3589711350206,240.11765589174865
2026-06-19,182.53139076015466,457.5490942203582,115.03116745146107,205.3589711350206,240.11765589174865
2026-06-20,182.53139076015466,457.5490942203582,115.03116745146107,205.3589711350206,240.11765589174865
2026-06-21,182.53139076015466,457.5490942203582,115.03116745146107,205.8209944178008,240.23316171244372
2026-06-22,182.53139076015466,457.5490942203582,115.2037776985506,205.8209944178008,240.27631427421605
2026-06-23,182.53139076015466,457.5490942203582,115.04801749939124,205.8209944178008,240.23737422442625
2026-06-24,182.53139076015466,457.5490942203582,115.04801749939124,206.19480418395514,240.33082666596482
2026-06-25,182.53139076015466,457.5490942203582,115.04801749939124,206.19480418395514,240.33082666596482
2026-06-26,182.53139076015466,457.5490942203582,116.25330964737167,206.19480418395514,240.63214970295994
2026-06-27,183.69045720891302,457.5490942203582,116.25330964737167,206.19480418395514,240.92191631514953
