,hrp_walk_forward,baseline_equal_weight,buy_and_hold
2022-03-17,100.0,,
2022-03-18,100.0,100.0,100.0
2022-03-19,100.0,100.0,100.13426131428564
2022-03-20,100.0,100.0,99.88500578704036
2022-03-21,100.0,100.0,99.80636141447734
2022-03-22,100.0,100.0,100.97984698858855
2022-03-23,100.01718616484412,100.0171861820303,100.13035911368382
2022-03-24,100.65106763738034,100.65110077297936,101.82104644903067
2022-03-25,100.60029478937341,100.60065630182604,101.9663988737922
2022-03-26,100.60029478937341,100.60065630182604,102.18285899611463
2022-03-27,100.60029478937341,100.60065630182604,102.586898143985
2022-03-28,100.60029478937341,100.60065630182604,102.89967608499063
2022-03-29,100.66624496276084,100.66621300767441,104.70583607321777
2022-03-30,100.81272023384406,100.81314311876687,104.1453559511417
2022-03-31,101.12796775315323,101.12585950614017,102.45811498909124
2022-04-01,101.48045417914706,101.4822050993526,103.24236940668546
2022-04-02,101.48045417914706,101.4822050993526,103.1171003817488
2022-04-03,101.80763915659992,101.82321382167929,103.44872658508203
2022-04-04,101.71126216584672,101.72384178604416,103.90097595650919
2022-04-05,101.63088510121541,101.64436306322658,102.29738033596578
2022-04-06,101.65367914634193,101.66464199058942,100.75230346139134
2022-04-07,102.26760320810821,102.26514197759306,101.56014468759463
2022-04-08,102.11437744167648,102.10881602449531,101.08674844492987
2022-04-09,102.11437744167648,102.10881602449531,101.23348781856194
2022-04-10,101.91714584217131,101.91125522454472,100.99527122693286
2022-04-11,101.91209972538135,101.90403599119304,99.06020972160876
2022-04-12,101.85600538308239,101.84873517011424,99.01595425223096
2022-04-13,101.69050674179678,101.68385370277173,100.44810049666674
2022-04-14,101.81703818758017,101.80808599452484,99.28032523757004
2022-04-15,101.81703818758017,101.80808599452484,99.43285739560359
2022-04-16,101.81703818758017,101.80808599452484,99.38648698223433
2022-04-17,101.71601475382997,101.70875946932509,99.13717521771288
2022-04-18,101.68840585769583,101.68156822756245,99.25734058437081
2022-04-19,101.55695815099668,101.5503263060926,101.04621840800687
2022-04-20,101.55997430728607,101.54880204372651,100.99593416078208
2022-04-21,101.39839110132031,101.39014820844814,99.12140396226128
2022-04-22,101.38934169136917,101.38125354977639,96.33618264023652
2022-04-23,101.38934169136917,101.38125354977639,96.23862293603358
2022-04-24,101.32530661132735,101.31913180549338,96.1544489203295
2022-04-25,100.73813534434204,100.74230737018466,96.80188687524534
2022-04-26,100.22921602869914,100.25374606002244,94.02841066410642
2022-04-27,100.07865824814495,100.10510452052719,94.3772742129356
2022-04-28,99.55751455510496,99.59723458662884,96.43018648232957
2022-04-29,99.33750567388205,99.38961989339548,93.13966687885691
2022-04-30,99.31705339956439,99.3709378596752,92.64956100489623
2022-05-01,99.0806700210451,99.13308093619375,93.06472562381211
2022-05-02,98.9302959667118,98.98679840196392,93.45266016634486
2022-05-03,99.04250994203406,99.10118339438142,93.88516101804636
2022-05-04,98.99379009704063,99.05144063808228,97.16906417066372
2022-05-05,98.63228065776569,98.69588569757252,93.58872104449297
2022-05-06,98.01832926980416,98.12960141862538,93.01508289438493
2022-05-07,97.9645314206899,98.08189510474651,92.7575427838331
2022-05-08,97.85396086090982,97.98427522087322,92.67874366713147
2022-05-09,97.73122960479382,97.86998223370239,88.25693753759215
2022-05-10,97.6900476111472,97.83614448501734,88.60102930595329
2022-05-11,97.3005090899065,97.49112077524069,86.56727914225752
2022-05-12,97.22460095731155,97.42639205245455,86.59496213563119
2022-05-13,97.73000715277475,97.9613201792656,89.11619880808871
2022-05-14,97.73000715277475,97.9613201792656,89.24287795377697
2022-05-15,97.73000715277475,97.9613201792656,89.55956413967894
2022-05-16,97.63869561779522,97.87909996972628,88.81493513534579
2022-05-17,97.7904349269892,98.0450909357946,90.82859784233088
2022-05-18,97.81976891683941,98.07787084907265,87.34049159113688
2022-05-19,98.08500975569397,98.33376879224397,87.34282647881595
2022-05-20,97.96811795214938,98.23198654666595,87.3224754727273
2022-05-21,97.96811795214938,98.23198654666595,87.42688152770933
2022-05-22,98.38236725078131,98.5819845498956,87.59539389549194
2022-05-23,98.35050149583802,98.56867759682926,88.80384723463722
2022-05-24,98.34745031931563,98.56901085204704,88.3462275676201
2022-05-25,98.42743673144426,98.65611968535205,89.37750938409368
2022-05-26,98.67934235299394,98.87642323150378,90.71697574354087
2022-05-27,99.07587567205432,99.31855956060461,92.62773112985974
2022-05-28,99.07587567205432,99.31855956060461,92.74720260030878
2022-05-29,99.07587567205432,99.31855956060461,92.8079483610798
2022-05-30,99.07587567205432,99.31855956060461,93.27984975014577
2022-05-31,99.17001335149507,99.40413186041637,92.36409182831623
2022-06-01,99.09284680172152,99.33144449974083,91.29765920362301
2022-06-02,99.07301948804421,99.31390022690486,93.1926409317343
2022-06-03,99.05867711337505,99.30038591652273,91.86217569610807
2022-06-04,99.12450514144007,99.37200037185403,91.91882756058041
2022-06-05,99.14837814873638,99.39303757060482,91.91711461139207
2022-06-06,99.69260337822774,99.87740395502273,92.37827937144216
2022-06-07,99.48121458941665,99.66032995602023,93.3113196462475
2022-06-08,99.49148486057373,99.66997876736735,92.12930218950446
2022-06-09,99.49148486057373,99.66997876736735,90.0586267697056
2022-06-10,99.33402939080419,99.52419639107728,87.38425114235196
2022-06-11,99.27487232534001,99.47110846821565,87.05353520275428
2022-06-12,99.27487232534001,99.47110846821565,86.761898040697
2022-06-13,98.89014016072522,99.1193933647419,82.93712004618821
2022-06-14,98.7563702197472,98.99668738673311,82.58877301998588
2022-06-15,98.10004661427642,98.41785460103993,83.85386006499408
2022-06-16,98.10004661427642,98.41785460103993,80.6744948136191
2022-06-17,98.01024858141022,98.3202284047538,80.85739655135161
2022-06-18,97.81404160128811,98.15089538513658,80.65654688987311
2022-06-19,97.81404160128811,98.15089538513658,80.95280747485269
2022-06-20,97.81404160128811,98.15089538513658,81.00935870738348
2022-06-21,97.9409850703731,98.31335759185696,83.01230002827545
2022-06-22,97.51048790415597,97.91873706379909,82.60584594447847
2022-06-23,97.51048790415597,97.91873706379909,83.28445120719795
2022-06-24,97.63204200663051,98.06998454388378,85.85537286122032
2022-06-25,97.65970476086433,98.09354757179771,85.87479276843972
2022-06-26,97.65970476086433,98.09354757179771,85.76384277948314
2022-06-27,97.3055220000189,97.75779562931572,85.62020604136133
2022-06-28,97.41721546788587,97.89047305138537,84.06717712769245
2022-06-29,97.6471581962367,98.10407669153024,83.54752595024961
2022-06-30,97.48364433881375,97.9591401013678,82.84616060322351
2022-07-01,97.48364433881375,97.9591401013678,83.46168009956823
2022-07-02,97.48364433881375,97.9591401013678,83.48775489866237
2022-07-03,97.48364433881375,97.9591401013678,83.51581192539436
2022-07-04,97.48364433881375,97.9591401013678,83.7070777165298
2022-07-05,97.48364433881375,97.9591401013678,83.45179195300302
2022-07-06,97.48364433881375,97.9591401013678,83.59306956925555
2022-07-07,97.54752481616835,98.01500312895723,85.14775058033568
2022-07-08,97.54752481616835,98.01500312895723,85.05979100758675
2022-07-09,97.54752481616835,98.01500312895723,85.19156711122722
2022-07-10,97.6072533859917,98.05482067213559,85.02592746786422
2022-07-11,97.60096402281974,98.04822203941313,83.98009096997231
2022-07-12,97.80550279169769,98.30412318837655,83.18126855225788
2022-07-13,97.92179550860288,98.41668925738996,83.00055029797593
2022-07-14,97.92179550860288,98.41668925738996,82.69152921492508
2022-07-15,98.04086258146013,98.51998645999237,84.41456300490194
2022-07-16,98.04086258146013,98.51998645999237,84.61543215263963
2022-07-17,97.99401411899726,98.47129036455756,84.48393285036656
2022-07-18,98.05727297268513,98.55093981199431,84.28911401175773
2022-07-19,98.08137079936571,98.59434500331308,86.62674773386689
2022-07-20,98.03764734785176,98.56428668436153,86.93019642888908
2022-07-21,98.35938179219758,98.87454218822674,87.66906836069954
2022-07-22,98.42675513338523,98.95508262247137,86.80032263765496
2022-07-23,99.85535132983479,100.19592337992216,86.82311177095374
2022-07-24,100.22827195930763,100.58452842556326,86.87138174455866
2022-07-25,100.10809119028221,100.46398709144282,86.78028733472054
2022-07-26,100.11998997412346,100.49039181284837,85.952508391157
2022-07-27,100.11609165936221,100.48669395811707,88.15982642844341
2022-07-28,100.09276995724703,100.46457840111098,89.57387359563012
2022-07-29,100.29250931369711,100.62159741168051,90.37450857282622
2022-07-30,100.29250931369711,100.62159741168051,90.37590830721807
2022-07-31,100.29250931369711,100.62159741168051,90.28801312705552
2022-08-01,100.17488813772096,100.50022599539648,90.12615485543704
2022-08-02,100.22189039743506,100.52829707835077,89.66460515237263
2022-08-03,100.32326271425893,100.62686958339296,90.89128522241181
2022-08-04,100.75355017340821,101.01487811236183,90.91875374752912
2022-08-05,101.08663266847056,101.33018566178134,91.17895482419608
2022-08-06,101.02710077110875,101.27193247544935,91.08904291129271
2022-08-07,101.02710077110875,101.27193247544935,91.17234373161466
2022-08-08,100.94891376506583,101.19936403637473,91.21297810575726
2022-08-09,100.84213930315758,101.09591685561344,90.54364308728472
2022-08-10,101.80677181062983,102.02738382168475,92.77004671388443
2022-08-11,101.66423647436893,101.89326486345563,92.78654843953737
2022-08-12,101.70331880853134,101.93238216136018,94.45344234669862
2022-08-13,101.70331880853134,101.93238216136018,94.42571643914354
2022-08-14,101.65473049738796,101.88268833451714,94.38787468426894
2022-08-15,101.50687403778917,101.73875976440982,94.46735861217121
2022-08-16,101.4728131779336,101.70794272430082,94.62447049143572
2022-08-17,101.31798238819954,101.56509675745076,93.65610608184257
2022-08-18,101.31798238819954,101.56509675745076,93.79972162132732
2022-08-19,101.48069699416338,101.70765929084034,92.1016118673414
2022-08-20,101.45476346140396,101.68024227481129,92.13233727559185
2022-08-21,101.50040174929842,101.72839255669311,92.24328524277277
2022-08-22,101.2918950401948,101.52396814260685,90.47593058432504
2022-08-23,101.129953676785,101.38137584564058,90.51664443231813
2022-08-24,101.129953676785,101.38137584564058,90.78283389537764
2022-08-25,101.16241922911013,101.41186525432857,92.16470936823869
2022-08-26,101.00110069368257,101.25820175640374,88.85465978630006
2022-08-27,100.82658583652353,101.07799180993882,88.85840133002789
2022-08-28,100.68375334941845,100.93254045848936,88.72511910019904
2022-08-29,100.71535128791977,100.96802646514014,88.45604692431914
2022-08-30,100.42142815265687,100.69309056931006,87.47628930524164
2022-08-31,100.14850340249464,100.44658579905868,86.89023278124172
2022-09-01,99.93707356289686,100.23996499345617,86.98937275810171
2022-09-02,99.64433856187884,99.97855979991513,86.22388181344299
2022-09-03,99.64433856187884,99.97855979991513,86.24044969566236
2022-09-04,99.64433856187884,99.97855979991513,86.32008948401736
2022-09-05,99.64433856187884,99.97855979991513,86.3328518949151
2022-09-06,99.30267132592091,99.66749522747524,85.77045268543627
2022-09-07,99.33525734406066,99.73179546902111,87.39932234635044
2022-09-08,99.86394412856917,100.27937169588013,88.43497743507658
2022-09-09,100.1537958433539,100.6450404508576,90.05224823526031
2022-09-10,100.1537958433539,100.6450404508576,90.12258063722388
2022-09-11,100.1537958433539,100.6450404508576,90.0962236610294
2022-09-12,100.37588187550166,100.96237517628583,90.83635693171493
2022-09-13,100.17276052519625,100.76254829322858,86.99572242445315
2022-09-14,100.05897692279862,100.66434369735549,87.41969701283448
2022-09-15,99.99090093115308,100.59941429111032,86.39685358859933
2022-09-16,99.8018945803162,100.43672875985243,85.66789930381978
2022-09-17,99.89442104353962,100.53769061551858,85.7945020955654
2022-09-18,99.84428315245124,100.48576320875895,85.49915729481283
2022-09-19,99.70824929480098,100.37689085597361,86.0823402663708
2022-09-20,99.55524814509499,100.23689867074468,85.00226504391735
2022-09-21,99.17526873033987,99.86378038374885,83.57230177548769
2022-09-22,99.11070921298972,99.81340754009446,82.92023238687143
2022-09-23,98.92232352933283,99.65667260704197,81.44419451380537
2022-09-24,98.92232352933283,99.65667260704197,81.38720567615005
2022-09-25,98.92232352933283,99.65667260704197,81.35582815899444
2022-09-26,98.92232352933283,99.65667260704197,80.44110075254615
2022-09-27,98.92232352933283,99.65667260704197,80.41535850926225
2022-09-28,98.66768736053308,99.42709041172752,82.20224232042239
2022-09-29,98.62898286785871,99.41570918948078,80.89185073341586
2022-09-30,98.67785851740129,99.48291362897454,79.93935017376467
2022-10-01,98.71854577241625,99.52445327886048,79.89431476402791
2022-10-02,98.68805564138748,99.49322174258631,79.81369412690856
2022-10-03,98.53315311829081,99.36543368986571,82.18217518117957
2022-10-04,98.88214698420727,99.93052379578825,84.88300816293957
2022-10-05,98.88214698420727,99.93052379578825,84.81480498301872
2022-10-06,98.64829871973211,99.70639144991065,83.98645350385215
2022-10-07,98.3593516888581,99.41842468463351,81.78964988638728
2022-10-08,98.40186920223059,99.46184163997854,81.72910225937383
2022-10-09,98.3969060777386,99.4567736179391,81.77589546701451
2022-10-10,98.27670042985139,99.33364144363634,81.01149460207937
2022-10-11,98.06008673340533,99.1013757270805,80.33315758450723
2022-10-12,97.97032700633876,99.02870109623423,80.10811293514618
2022-10-13,98.0354677804863,99.10688147847368,82.01777919584201
2022-10-14,98.17121442676414,99.30423191028913,80.18378856258883
2022-10-15,98.17121442676414,99.30423191028913,80.1224039039903
2022-10-16,98.15256350736144,99.28616892515714,80.18452569071981
2022-10-17,98.23316409407141,99.39855656538133,82.13191309419234
2022-10-18,98.3741004915311,99.6069230952424,83.1222837619178
2022-10-19,98.11592937076048,99.3520266896146,82.66890930076441
2022-10-20,98.13207188754284,99.36516869064995,82.20593806995922
2022-10-21,98.02017555689244,99.30934913909286,84.26018079769322
2022-10-22,98.02017555689244,99.30934913909286,84.27857704255722
2022-10-23,98.12239644657026,99.41008648778916,84.38226931272503
2022-10-24,98.12239644657026,99.41008648778916,85.21328435914167
2022-10-25,98.48714322023719,99.88138540144115,86.56394723404426
2022-10-26,98.96436064547463,100.36195743962469,86.77276504983222
2022-10-27,99.13333316757381,100.5028434999994,86.80717549774803
2022-10-28,99.16326050697954,100.53275276653191,88.7873318029511
2022-10-29,99.16326050697954,100.53275276653191,89.08126415905726
2022-10-30,99.18882128240807,100.55788590446619,89.01963607458995
2022-10-31,99.20981292447092,100.58236700028496,88.49272776769268
2022-11-01,99.25507835516639,100.62288522374465,88.83683084802776
2022-11-02,99.29418887243675,100.65589894615235,86.7672061525723
2022-11-03,99.29418887243675,100.65589894615235,86.48332802801711
2022-11-04,99.58987281425028,100.90627628665068,88.09478124294911
2022-11-05,99.58987281425028,100.90627628665068,88.10363327147093
2022-11-06,99.2822579310107,100.6091276474871,87.81547006242155
2022-11-07,99.46443178021545,100.7886172602528,88.58081500604867
2022-11-08,100.05051137223168,101.36536780332939,88.45679175326342
2022-11-09,99.66113838037901,100.98752159203099,86.07137079160636
2022-11-10,100.03608093925693,101.36907135526614,90.72486593700006
2022-11-11,100.20209480397315,101.51234456172264,91.3244467214995
2022-11-12,99.96773418791028,101.28987708061973,91.1733219676965
2022-11-13,99.86211572607107,101.19581170128001,91.05556868059927
2022-11-14,99.89429870162986,101.2717115543376,90.38828286196505
2022-11-15,99.95843139803962,101.32805227499759,91.13816186909037
2022-11-16,99.99106412147385,101.3527789335678,90.15688742912357
2022-11-17,100.22311462569526,101.56007158207939,89.87157437557104
2022-11-18,100.63749553030101,101.92751057082114,90.38256145414329
2022-11-19,100.63749553030101,101.92751057082114,90.38851479547876
2022-11-20,100.63749553030101,101.92751057082114,90.1967510537947
2022-11-21,100.30554223095763,101.63401021998834,89.97188264869985
2022-11-22,100.3088022875811,101.64069574284046,91.3080009394422
2022-11-23,100.37690701956616,101.70344666366606,91.83051221392857
2022-11-24,100.37690701956616,101.70344666366606,91.86111222850849
2022-11-25,100.32893985314296,101.65592970535002,91.96575016597133
2022-11-26,100.32893985314296,101.65592970535002,91.99036328300606
2022-11-27,100.32893985314296,101.65592970535002,92.02138149546188
2022-11-28,100.26741311299745,101.59327382578593,90.50760805742773
2022-11-29,100.25058722436827,101.57681125755045,90.71029039046321
2022-11-30,100.50679722441649,101.80215046072088,93.03682715186501
2022-12-01,100.63510887485006,101.91833860222603,92.99071529988966
2022-12-02,101.21099712909576,102.43571828790847,92.90893384624995
2022-12-03,101.21099712909576,102.43571828790847,92.80934540898772
2022-12-04,101.21099712909576,102.43571828790847,92.87780584073047
2022-12-05,101.17521386161108,102.40223475483576,91.1498769185674
2022-12-06,101.08358310563015,102.31673556259267,90.03737407362868
2022-12-07,100.90803072069032,102.1565261192257,89.86359477200756
2022-12-08,100.90803072069032,102.1565261192257,90.5712228218508
2022-12-09,100.9486900535354,102.19105273270858,89.78027066365239
2022-12-10,100.9486900535354,102.19105273270858,89.77621900488307
2022-12-11,100.9185137773039,102.16238115842413,89.70160613868474
2022-12-12,100.80185111163107,102.04963672292577,91.01645190580061
2022-12-13,100.6373666497932,101.89416615066014,91.62710153743654
2022-12-14,100.68983314148674,101.94791013579496,91.11144172051819
2022-12-15,100.62015806041356,101.88189101928691,88.85741707853273
2022-12-16,99.98030386319667,101.28585693420345,87.71735111407278
2022-12-17,99.74731970078676,101.06950354855628,87.80854282451355
2022-12-18,99.74731970078676,101.06950354855628,87.79476836399368
2022-12-19,99.53803936966152,100.87641396877545,86.99341913540376
2022-12-20,99.54393486281612,100.896725251554,87.35050032515193
2022-12-21,99.58364994123654,100.9744476640976,88.48009011197313
2022-12-22,99.4993966899098,100.89786497897508,87.33940005572707
2022-12-23,99.47675832962372,100.87668607888143,87.83081193887432
2022-12-24,99.47675832962372,100.87668607888143,87.82629137637917
2022-12-25,99.47675832962372,100.87668607888143,87.8122033062905
2022-12-26,99.47675832962372,100.87668607888143,87.84758240075888
2022-12-27,99.38488611076326,100.79542822449963,87.72363660778309
2022-12-28,99.32960791650471,100.74563980820248,86.7082222259101
2022-12-29,99.2892390698113,100.70321966983454,88.06247433057331
2022-12-30,99.26733963790105,100.68352502892724,87.86533226932772
2022-12-31,99.26733963790105,100.68352502892724,87.87439182430232
2023-01-01,99.25824907953816,100.65440972789787,87.88845439848653
2023-01-02,99.24708765092383,100.61876367939264,87.9463154849119
2023-01-03,99.34697761744388,100.76306353124555,87.72268784483464
2023-01-04,99.32468761041821,100.77405331553105,88.80228933556646
2023-01-05,99.19197830105159,100.70764555731499,88.07864801691416
2023-01-06,99.10104618124491,100.62430340684516,90.13481307581499
2023-01-07,99.10104618124491,100.62430340684516,90.1208413112436
2023-01-08,99.2554464720056,101.11640774452442,90.2451228196708
2023-01-09,99.56483506931163,101.57860972630822,90.17774367629357
2023-01-10,99.76390272114763,102.24371060644589,90.80570990353856
2023-01-11,99.77661279730987,102.41919950098541,91.70805727446131
2023-01-12,99.92385555903667,102.6833774347316,92.22733037857724
2023-01-13,100.24568793820687,102.84366496045585,92.7206854078976
2023-01-14,100.3734535400752,102.96429975799404,92.92969291714734
2023-01-15,100.3734535400752,102.96429975799404,92.90129219551339
2023-01-16,100.3734535400752,102.96429975799404,92.89012816578986
2023-01-17,100.4633108613611,103.10948444053724,92.6415007301512
2023-01-18,100.50346355538531,103.2074012736047,91.08335212873388
2023-01-19,100.91392923580662,103.53235304924038,90.41758196784703
2023-01-20,101.15001068937441,103.7466599436425,92.20233934715834
2023-01-21,101.87798169092999,104.39724135847443,92.13800332407848
2023-01-22,101.87798169092999,104.39724135847443,92.18729249156694
2023-01-23,102.71241985076422,105.18548829108167,93.30596764361233
2023-01-24,102.62181159221757,105.10696085256825,93.086038986745
2023-01-25,102.9886825128452,105.28509847750243,93.35120058363965
2023-01-26,103.28267524426226,105.49277870083733,94.26828770267024
2023-01-27,103.443670412691,105.63072262694521,94.26589494713667
2023-01-28,103.443670412691,105.63072262694521,94.1983048343905
2023-01-29,103.443670412691,105.63072262694521,94.341330667979
2023-01-30,103.32054754810127,105.51661697343265,93.07287948145114
2023-01-31,103.15517127861172,105.43706271605937,94.28764657844505
2023-02-01,103.09627697893875,105.37711357261239,95.11622721045953
2023-02-02,103.00773679955502,105.37039121978663,95.62832464727855
2023-02-03,103.09727472561885,105.45479841967314,94.89981655313184
2023-02-04,103.09727472561885,105.45479841967314,94.89717336140671
2023-02-05,102.99875763201096,105.36526336364314,94.7836746335087
2023-02-06,103.24593527661054,105.46448458868647,94.15091400157974
2023-02-07,103.44327853387232,105.64534305198328,95.40020551491364
2023-02-08,103.49169310802779,105.69069545097847,94.79620372696857
2023-02-09,103.54622084979168,105.6732297162152,93.82168852888204
2023-02-10,103.56121930142699,105.6735746988149,94.15259340651521
2023-02-11,103.5412893230373,105.6033634746445,94.21810552069391
2023-02-12,103.5412893230373,105.6033634746445,94.18632256160528
2023-02-13,103.65611731806723,105.67328815449679,95.10563987559563
2023-02-14,103.68513661017698,105.69971424650643,95.39170775637083
2023-02-15,103.84143629247285,105.83197217777547,96.09505699189643
2023-02-16,103.76795951616873,105.76672937581068,94.70531866114642
2023-02-17,103.65053066904495,105.73293245893778,94.56011172359354
2023-02-18,103.65053066904495,105.73293245893778,94.63035443290455
2023-02-19,103.66979303860835,105.8000034630675,94.62515691977065
2023-02-20,103.76803671584685,106.14406235448108,94.7235161020806
2023-02-21,103.70693408913445,106.08305010064687,92.8988798659126
2023-02-22,103.67983274229961,106.09387225454223,92.73741778281106
2023-02-23,103.6443268128137,106.30573074410012,93.20357555737168
2023-02-24,103.47252153952762,106.2077960469575,92.28901153766114
2023-02-25,103.46478731293666,106.1792268711526,92.25595858152421
2023-02-26,103.54031823260704,106.24907041366305,92.34709459981016
2023-02-27,103.58122514897397,106.28797763560452,92.47062738673246
2023-02-28,103.53657186213682,106.18274951161295,92.11099657077106
2023-03-01,103.59113451835209,106.23506798538801,92.11106890135784
2023-03-02,103.49816907393814,106.14657490411928,92.61522265706016
2023-03-03,103.5176759260559,106.11118999859582,93.69255903705593
2023-03-04,103.4858296961517,105.9959348210158,93.64027854196331
2023-03-05,103.34763580236365,105.86655523760238,93.65271543297119
2023-03-06,103.35909937998169,105.9086743588741,93.6132855189045
2023-03-07,103.31024318166185,105.7546010067763,92.20767681424223
2023-03-08,103.27779652732636,105.63976680072346,92.2685947223483
2023-03-09,103.253817896311,105.55573178180877,90.41065716410476
2023-03-10,103.0042357655668,105.4948006434019,89.02571218871952
2023-03-11,102.97020104659191,105.37609805034242,89.01829167508997
2023-03-12,103.05652391523066,105.47595496113831,89.29044605172693
2023-03-13,102.76946531027139,105.28430320100131,88.97280340857729
2023-03-14,102.8318564058367,105.3826168404366,90.51565869772034
2023-03-15,102.61266329386747,105.25922137129857,89.23008056007892
2023-03-16,102.74790935453295,105.40595724086046,90.73023030348814
2023-03-17,102.64513209816535,105.30862389889279,89.83669583378943
2023-03-18,102.64513209816535,105.30862389889279,89.73279057356567
2023-03-19,102.64513209816535,105.30862389889279,89.81371849038779
2023-03-20,102.65959253412579,105.42847264332393,90.63944966655284
2023-03-21,102.903683563987,106.49769219968891,91.98635332627595
2023-03-22,102.76469277529408,106.46900519962416,90.25905459985275
2023-03-23,102.86460954450038,106.51518208067785,90.67712094407568
2023-03-24,102.97708407772299,106.58154741038803,90.75565788458469
2023-03-25,102.97708407772299,106.58154741038803,90.73423906594367
2023-03-26,102.97708407772299,106.58154741038803,90.79854914851201
2023-03-27,103.13409133952266,106.76929235330348,91.17619034935578
2023-03-28,103.18024985675206,106.84267843026211,91.29061215427758
2023-03-29,103.39651631958439,107.18495490175172,92.68526469776745
2023-03-30,103.56951200029772,107.43305091124151,93.13595336120824
2023-03-31,103.69336437120187,107.59756967794341,94.41431498004894
2023-04-01,103.81906473808347,107.7315637772879,94.41721031871073
2023-04-02,103.75793000058124,107.6718361095377,94.337097213519
2023-04-03,103.70836150052955,107.62782254900733,94.70967379144831
2023-04-04,103.83628242063271,107.7686115517283,93.84001153152126
2023-04-05,103.85231200187039,107.78302352920257,93.80738087595294
2023-04-06,103.93340066527743,107.90355659911792,93.65100593092471
2023-04-07,104.01162837467565,107.98793294629792,93.62410065404441
2023-04-08,104.01162837467565,107.98793294629792,93.5914240116365
2023-04-09,104.03943531585251,108.01257010936655,93.63213876302177
2023-04-10,104.23105454732462,108.27215988701569,94.17854296735752
2023-04-11,104.3880384798855,108.35265383452214,94.42231409876015
2023-04-12,104.40417989467076,108.36457110749514,94.15832717385186
2023-04-13,104.7582902674058,108.57870759882495,95.10240367224787
2023-04-14,104.88517277351026,108.76319434341501,95.01640141452502
2023-04-15,104.88517277351026,108.76319434341501,95.03476213798756
2023-04-16,104.88517277351026,108.76319434341501,95.10047396318967
2023-04-17,104.81859361978711,108.68703936171885,95.23767219894525
2023-04-18,105.1561875359879,109.0477762869865,95.52080924948275
2023-04-19,105.1488667208651,109.01979765858573,95.0356570417109
2023-04-20,104.85170737550933,108.7320528744414,94.40689666500091
2023-04-21,104.71271558916008,108.60972915131724,94.19572935250453
2023-04-22,104.78882159813215,108.69352201375196,94.2950127821685
2023-04-23,104.76788918351139,108.67059613193322,94.25747744538435
2023-04-24,104.71249815452133,108.637171870416,94.32291462798857
2023-04-25,104.56345979930161,108.4759646587921,92.98116555879164
2023-04-26,104.45306596275063,108.44699977025725,92.21237914990795
2023-04-27,104.4854543953603,108.45573874962497,93.68314700166569
2023-04-28,104.59266014479441,108.62321244837416,94.58398416353562
2023-04-29,104.56359494116721,108.59612443747193,94.61501521960763
2023-04-30,104.61645517007003,108.64464592413847,94.56915873560791
2023-05-01,103.97586571541761,108.10668936134272,94.50628823133805
2023-05-02,103.90416570289567,108.0264279795242,93.35638211389612
2023-05-03,103.88959513811147,108.01571159842258,92.59073210830807
2023-05-04,103.58568008525084,107.84467933388315,91.82856474480307
2023-05-05,103.58153159788274,107.81684117722709,93.45941421867902
2023-05-06,103.63977927772217,107.87948629151688,93.31930177733734
2023-05-07,103.63977927772217,107.87948629151688,93.27363308868406
2023-05-08,103.65108345839083,107.8817166535892,93.30494747487806
2023-05-09,103.7260289564972,107.93473139490463,93.28345195767827
2023-05-10,103.79032388184268,107.92316758955367,93.49982392957473
2023-05-11,103.5603105735898,107.64826206409161,93.0779416078104
2023-05-12,103.24426899299111,107.37203224301533,93.04075814834572
2023-05-13,103.22950799217602,107.35813423977613,93.01455481296172
2023-05-14,103.24945500200742,107.37692270754422,93.03446936173758
2023-05-15,103.37641866070567,107.55172930306203,93.65821663352466
2023-05-16,103.46232538452782,107.63633337540868,92.76530465696784
2023-05-17,103.46232538452782,107.63633337540868,94.1034916142296
2023-05-18,103.50725090897679,107.67595247344013,94.9897906473123
2023-05-19,103.62100667662517,107.88483320635183,94.91843969342939
2023-05-20,103.62100667662517,107.88483320635183,94.94107966791093
2023-05-21,103.6033803016998,107.86660627698525,94.89878031772669
2023-05-22,103.6712259003155,107.99221256878442,94.99662345719341
2023-05-23,103.73789168415541,108.06682805170324,94.05720590694523
2023-05-24,103.63610425665495,107.95517644055906,93.22786160465641
2023-05-25,103.59014611356221,107.89396081836212,93.92689758448829
2023-05-26,103.57129203348346,107.87406381791011,95.30172134275502
2023-05-27,103.57129203348346,107.87406381791011,95.36036761040022
2023-05-28,103.57129203348346,107.87406381791011,95.47021688076768
2023-05-29,103.57129203348346,107.87406381791011,95.43445418725751
2023-05-30,103.49970389836247,107.79145535554639,95.4086631431718
2023-05-31,103.2922392100864,107.62017908871479,94.74444085302102
2023-06-01,103.09598639799027,107.48802066353589,95.56507337163431
2023-06-02,103.07579963803806,107.55824893618184,97.12503287863804
2023-06-03,103.10804782213891,107.59161946291849,97.10332790470731
2023-06-04,103.3459705026774,107.83065782087596,97.10773274871816
2023-06-05,103.22463701674529,107.7172719659995,96.66901291089717
2023-06-06,103.31481589026295,107.77941905918829,97.0412403424779
2023-06-07,103.29556523681711,107.84008921862358,96.93200526585682
2023-06-08,103.485744858683,108.08809615802255,97.58816170962808
2023-06-09,103.51601517352003,108.15902779849375,97.6548473485767
2023-06-10,103.49682733517102,108.1538971826383,97.35485621489892
2023-06-11,103.49682733517102,108.1538971826383,97.36393724490308
2023-06-12,103.56528070637776,108.17244732227078,98.21199563770574
2023-06-13,103.64571910696905,108.39574528642093,98.99481720255363
2023-06-14,103.51686311574872,108.3154902296483,98.864813863825
2023-06-15,103.42359874436693,108.22226210278842,100.02205717443263
2023-06-16,103.68053864928612,108.52145664344066,99.77554667874615
2023-06-17,103.68053864928612,108.52145664344066,99.80865696314646
2023-06-18,103.69323166185977,108.53333291806875,99.77974921650787
2023-06-19,103.69323166185977,108.53333291806875,99.80577529176604
2023-06-20,103.75943246045705,108.6113837362969,99.16903458172912
2023-06-21,103.75943246045705,108.6113837362969,98.9086193041023
2023-06-22,103.89345786672848,108.72927036998617,98.85029126484656
2023-06-23,103.96748702663554,108.87070055814914,98.2892874581946
2023-06-24,103.96748702663554,108.87070055814914,98.23534855984967
2023-06-25,104.18267345127721,109.08396245830312,98.35451580349527
2023-06-26,104.9185560855201,109.76117602671025,98.32585641965484
2023-06-27,105.14504800122937,109.92418644855981,99.43494865182792
2023-06-28,105.08059177404911,109.85793463226679,99.19063873480646
2023-06-29,105.08059177404911,109.85793463226679,99.81785190559759
2023-06-30,105.22898468157548,109.93358558293156,100.98595277588964
2023-07-01,105.17871796375731,109.88926590026455,101.04729055568461
2023-07-02,105.12846485876919,109.84512762330819,101.05123398635882
2023-07-03,105.12846485876919,109.84512762330819,101.27427508689705
2023-07-04,105.07823912975773,109.80118208991925,101.25926712104442
2023-07-05,105.07958096541776,109.81775277441655,100.81836352753116
2023-07-06,104.99803568424933,109.74895398881542,99.63731602294631
2023-07-07,104.96495178979382,109.69510987732704,99.6852863136136
2023-07-08,104.9746759617453,109.7518272574096,99.68910936359545
2023-07-09,104.9746759617453,109.7518272574096,99.631499302317
2023-07-10,105.09072984634685,109.81115546447569,100.58073378432574
2023-07-11,105.04101536586545,109.76288750975544,101.42397566749814
2023-07-12,105.17971948542863,109.92181152567713,101.89616349689615
2023-07-13,105.17971948542863,109.92181152567713,103.3141841789183
2023-07-14,104.74941944104029,109.52463755472502,102.81242681947528
2023-07-15,104.81776856775423,109.58638704926831,102.8285872931373
2023-07-16,104.66687907936586,109.45732822404489,102.77427429856915
2023-07-17,104.53019191965642,109.31274031560329,103.28067212869772
2023-07-18,104.5963837737846,109.41626830493539,103.88305187781015
2023-07-19,104.67743586285032,109.49442666409497,104.17933622794824
2023-07-20,104.86751053865464,109.71189231505389,104.06588524109446
2023-07-21,105.06912254389427,110.02010053544052,104.23309127111511
2023-07-22,105.06912254389427,110.02010053544052,104.16756826222857
2023-07-23,105.07098232179916,110.02183502392108,104.20535409913393
2023-07-24,105.2313074869081,110.29774119544837,104.38780611592023
2023-07-25,105.46317859495298,110.39216770529737,104.62859560077707
2023-07-26,105.54990339337613,110.47276065730838,104.71980145696756
2023-07-27,105.54990339337613,110.47276065730838,104.39327448130307
2023-07-28,105.65404414192736,110.52219517097211,105.2814165110151
2023-07-29,105.65404414192736,110.52219517097211,105.31533001509037
2023-07-30,105.5245921545937,110.38162351558,105.23446378218604
2023-07-31,105.6711210405498,110.38914266553479,105.612096134387
2023-08-01,106.293223238971,110.59401943807173,105.72695361998144
2023-08-02,106.10012992281237,110.47781750846633,104.57827959208375
2023-08-03,106.10422360748414,110.43798484105034,104.45527119925936
2023-08-04,106.0559400287399,110.45026889580087,103.91280935926046
2023-08-05,106.07770423429632,110.44257628605855,103.93634773720784
2023-08-06,106.1230072422011,110.48475639445859,103.91207585152856
2023-08-07,106.2412369752817,110.45032703060042,105.04260615301386
2023-08-08,106.27170450538095,110.48522523691236,104.78336826180492
2023-08-09,106.20879612304985,110.47516269379986,104.19081535528238
2023-08-10,106.20879612304985,110.47516269379986,104.29994500119929
2023-08-11,106.15186436897746,110.40324119542872,104.30337058497554
2023-08-12,106.15186436897746,110.40324119542872,104.30958567556414
2023-08-13,106.15186436897746,110.40324119542872,104.27183537690534
2023-08-14,106.04520092193101,110.34541846212522,104.76697741768719
2023-08-15,105.85639806411777,110.21493320362019,103.48303649635005
2023-08-16,105.82850236119103,110.06223431533772,102.65392350933509
2023-08-17,105.66841514954545,109.66222773454115,101.65426346574513
2023-08-18,105.3993171661147,109.49396989427602,101.8486930883516
2023-08-19,105.3993171661147,109.49396989427602,101.89053883984204
2023-08-20,105.3116100537449,109.41139940444322,101.93225108754189
2023-08-21,105.13145640866117,109.24482490823179,102.41229713735827
2023-08-22,105.09864659474917,109.15519139071735,102.1026309907449
2023-08-23,104.80310933559882,109.01624290193111,103.23462587578469
2023-08-24,104.59442222006943,108.71396564973654,101.77495036485301
2023-08-25,104.49744485317356,108.61433466125573,102.58729134515623
2023-08-26,104.49744485317356,108.61433466125573,102.58145534457637
2023-08-27,104.49744485317356,108.61433466125573,102.6090507993059
2023-08-28,104.13282363016548,108.4422930421662,103.26261632129612
2023-08-29,104.21608569865508,108.48874870162244,104.65093433571137
2023-08-30,104.20297826449658,108.47606289485692,104.99100989032144
2023-08-31,104.09411993863291,108.35796037390222,104.79682815010501
2023-09-01,104.2342997714543,108.54737744706424,105.4195276111716
2023-09-02,104.2342997714543,108.54737744706424,105.44765540928618
2023-09-03,104.2342997714543,108.54737744706424,105.45387775022321
2023-09-04,104.12218566992051,108.22521203004027,105.4604756192331
2023-09-05,104.12674921849042,108.23284962774345,104.85283087535645
2023-09-06,104.07215258394542,108.13050114364526,104.54100387401746
2023-09-07,104.09395404566138,108.12466200980741,104.52293055201939
2023-09-08,104.09395404566138,108.12466200980741,104.75357924120503
2023-09-09,104.09395404566138,108.12466200980741,104.74109123950474
2023-09-10,104.02071779343412,108.00839158304912,104.67323617064858
2023-09-11,104.08643537974778,107.98557562632718,105.1393565922717
2023-09-12,104.27299380751154,108.12042643685523,104.72360002546316
2023-09-13,104.20883711604807,108.06661415148567,104.6381466052485
2023-09-14,104.31231562178426,108.12564387147515,105.60378494863241
2023-09-15,104.31231562178426,108.12564387147515,104.43013517716926
2023-09-16,104.31231562178426,108.12564387147515,104.42945253444202
2023-09-17,104.31231562178426,108.12564387147515,104.40120175250965
2023-09-18,104.35886204459403,108.19529103355406,104.6266885413652
2023-09-19,104.40029732650378,108.27577446752991,104.26802568005711
2023-09-20,104.25271598719905,108.24940097261316,103.64749221155544
2023-09-21,104.1549150054096,108.22549992228578,101.87293799599942
2023-09-22,104.29088517381557,108.88907804854017,101.81082692342669
2023-09-23,104.29088517381557,108.88907804854017,101.81515426037745
2023-09-24,104.29088517381557,108.88907804854017,101.77142334946177
2023-09-25,103.84955209522735,108.69202877989605,102.12629345902123
2023-09-26,103.83686719066245,108.68162062725133,100.70819654356393
2023-09-27,103.42710429219612,108.53760201659878,101.03633303650352
2023-09-28,103.42710429219612,108.53760201659878,101.87619293654654
2023-09-29,103.22264615697176,108.40553806791758,101.4547569798878
2023-09-30,103.22264615697176,108.40553806791758,101.47645993108078
2023-10-01,103.22264615697176,108.40553806791758,101.59562557816535
2023-10-02,103.11285345673092,108.34791941772454,101.00051531618122
2023-10-03,102.97339933458547,108.14166846931677,99.60749550934482
2023-10-04,102.96050083546406,108.14361188292033,100.23029544877933
2023-10-05,103.16667421345242,108.32748154827134,100.0631961728406
2023-10-06,103.37873677392733,108.58037055026743,101.28904518539852
2023-10-07,103.38903044746664,108.5896642513275,101.27290991735282
2023-10-08,103.38903044746664,108.5896642513275,101.26053214159117
2023-10-09,103.39670806883443,108.50820168888748,101.85408502811283
2023-10-10,103.60245127398046,108.62400663964343,102.61239820759438
2023-10-11,103.57022412144734,108.49413917535102,102.94844269204907
2023-10-12,103.61095969568173,108.47365069657049,102.20762679103208
2023-10-13,103.61095969568173,108.47365069657049,101.5878540749968
2023-10-14,103.60232462601837,108.46556378212607,101.60347783202425
2023-10-15,103.65097985397726,108.51005232082159,101.63331774543359
2023-10-16,103.60774025455103,108.44372013395326,102.82442010256334
2023-10-17,103.69056390267019,108.56904947531379,103.03747661152654
2023-10-18,103.64792906054649,108.37312040763499,101.64150191701162
2023-10-19,103.30138811423495,108.01657944341653,100.72786698461675
2023-10-20,103.20194955977406,107.93383864567909,99.56836919568013
2023-10-21,103.20194955977406,107.93383864567909,99.70612124458081
2023-10-22,103.20194955977406,107.93383864567909,99.808178984888
2023-10-23,103.22234947504863,108.02845484081783,99.79871753260964
2023-10-24,103.24466745558382,108.20340042185225,100.62260164462349
2023-10-25,103.24466745558382,108.20340042185225,99.2778146366132
2023-10-26,103.36915826440001,108.30496782606791,98.41536172133891
2023-10-27,103.39548888015908,108.54500912515117,97.77989608387612
2023-10-28,103.39548888015908,108.54500912515117,97.80224973507325
2023-10-29,103.88622129817291,109.1228968870151,97.87588495493058
2023-10-30,103.75935165860777,109.0359390054762,99.10588157077355
2023-10-31,104.29302050291183,109.58223252283324,100.03625647023144
2023-11-01,104.2457454794052,109.58873086924766,101.25428666758495
2023-11-02,105.0857656002323,110.44329682575294,103.3318212131635
2023-11-03,105.93837128014991,111.28857788422638,104.1268503119335
2023-11-04,105.93837128014991,111.28857788422638,104.18768455297915
2023-11-05,106.30292039368065,111.62432215356097,104.29658554773032
2023-11-06,106.30292039368065,111.62432215356097,104.64495988835296
2023-11-07,106.78369192537056,112.07884747180125,104.51799631862875
2023-11-08,106.78369192537056,112.07884747180125,104.61999146894021
2023-11-09,106.92917656667748,112.20833536388885,103.98859447157302
2023-11-10,106.98616297030212,112.23270541942468,105.91963910009723
2023-11-11,106.98616297030212,112.23270541942468,105.98382454657234
2023-11-12,106.93504649505114,112.18565331324201,105.97716631187119
2023-11-13,107.25717982616183,112.52556785396706,105.8890761640563
2023-11-14,107.30478709449226,112.62097006855618,107.65534382762631
2023-11-15,107.61123241720307,112.9706049632144,107.88060238594906
2023-11-16,107.58542712516048,112.96208303272807,107.48364635561643
2023-11-17,107.5588263509798,112.83700897871654,108.03147159367569
2023-11-18,107.5588263509798,112.83700897871654,107.98602367363657
2023-11-19,107.64419644415509,113.23399650646793,108.13700266647727
2023-11-20,107.64419644415509,113.23399650646793,108.81546280054441
2023-11-21,107.86657706316072,113.3930007291141,108.13753380585008
2023-11-22,108.07526685678384,113.55779910613728,109.0371408622222
2023-11-23,108.07526685678384,113.55779910613728,109.0735141793423
2023-11-24,108.37006843955818,113.80618883625905,109.23818198302581
2023-11-25,108.37006843955818,113.80618883625905,109.329024392769
2023-11-26,108.31828539698982,113.75881927008287,109.27247738026577
2023-11-27,108.30051850403426,113.74262881041328,108.96859076219783
2023-11-28,108.30383428341466,113.8213335588639,108.9122367078088
2023-11-29,108.30383428341466,113.8213335588639,109.2712656441036
2023-11-30,108.31531340826469,113.83815785970629,110.10114699679168
2023-12-01,108.53985966495958,114.16555425777668,110.88125483616219
2023-12-02,108.53985966495958,114.16555425777668,111.04566449843865
2023-12-03,108.53985966495958,114.16555425777668,111.02103356468712
2023-12-04,108.47548073215434,114.11158813483509,110.65443145744004
2023-12-05,108.45721446513362,114.0950462016012,110.31990633806072
2023-12-06,108.4774234711738,114.09370857515087,109.77070280804834
2023-12-07,108.64249634527513,114.16223386767311,110.53441369241708
2023-12-08,108.65742143720574,114.20665318771348,111.51420714685955
2023-12-09,108.65742143720574,114.20665318771348,111.47123753914451
2023-12-10,108.65742143720574,114.20665318771348,111.53489398619718
2023-12-11,108.85434142178067,114.39176470273841,112.21421341747757
2023-12-12,109.03559396258184,114.57243962793258,112.66303058804256
2023-12-13,109.01489731247874,114.55191436462889,114.28043059477189
2023-12-14,109.51872884946188,115.15770053807924,115.091702845615
2023-12-15,109.42786245957139,115.09332757491882,114.85123075444966
2023-12-16,109.273863649418,114.9520465399448,114.91815399656917
2023-12-17,109.15730007958062,114.84406701877343,114.7666897167387
2023-12-18,109.14377484704538,114.59943118406044,115.20053073156357
2023-12-19,109.25601369281198,114.68841640816674,115.98143750305577
2023-12-20,109.22342036621745,114.62730147868254,114.27497505496981
2023-12-21,109.3112359347393,114.72134429399128,115.90308155801874
2023-12-22,109.35698056622003,114.74079978130351,116.24516072308148
2023-12-23,109.44811194088071,115.16668643551624,116.33704375889253
2023-12-24,109.38364939566276,115.10670185054926,116.3118117915486
2023-12-25,109.38364939566276,115.10670185054926,116.50737729490456
2023-12-26,109.55149590850866,115.2252925349058,117.01489907386808
2023-12-27,109.62471703732606,115.35104742571684,117.41533887124005
2023-12-28,109.72147170076676,115.72313041837545,117.36271388963705
2023-12-29,110.01129825621128,116.62676978186953,116.91061857846017
2023-12-30,110.01129825621128,116.62676978186953,116.84570928302664
2023-12-31,109.93533073743056,116.55717700580436,116.80699973762285
2024-01-01,109.93533073743056,116.55717700580436,117.0444432573036
2024-01-02,110.09124078673098,116.74009984480946,116.26096862613097
2024-01-03,109.87720153077001,116.51052119905326,115.08032981858901
2024-01-04,109.86639182544118,116.49129705454354,115.14161921932312
2024-01-05,109.79249577598624,116.42284485446129,115.20252943104174
2024-01-06,109.79249577598624,116.42284485446129,115.04539423715288
2024-01-07,109.74283955761939,116.37105397900778,114.87898164867407
2024-01-08,109.85497928692864,116.31677777897022,116.69199087123792
2024-01-09,109.67817671851839,116.13715324166476,116.33547288055523
2024-01-10,109.70623533152374,116.15214929833641,117.1767650378457
2024-01-11,109.74038861818123,116.13319675718799,117.37415160222491
2024-01-12,109.61899733752443,115.99298633940876,117.25559982172696
2024-01-13,110.26598989960131,116.6416579523771,117.4055072590852
2024-01-14,110.31643708611713,116.69836991264833,117.2604656020938
2024-01-15,110.25147616383109,116.63965874345159,117.3462519570726
2024-01-16,110.29277538400655,116.69674891125229,117.02284857474591
2024-01-17,109.9524906441033,116.56549496201161,116.28490032587457
2024-01-18,109.9392987886404,116.55415171295695,117.0619988906926
2024-01-19,110.03770820529246,116.5751054933385,118.76740114255533
2024-01-20,110.1857683916799,116.71715678558765,118.81571744040404
2024-01-21,110.1857683916799,116.71715678558765,118.7319599121546
2024-01-22,110.10969750837431,116.66412684844325,118.80669755811974
2024-01-23,109.73562958482299,116.30387688661594,118.8300446701693
2024-01-24,109.63911140217037,116.20607823633713,118.98674790119833
2024-01-25,109.61802329410226,116.19560495745291,119.81616835782042
2024-01-26,109.47401937879239,116.01938128045222,120.0184845982386
2024-01-27,109.479215247655,116.02443007813127,120.03214106041548
2024-01-28,109.41250855636177,115.9482170039723,120.02632625220706
2024-01-29,109.69125735434899,116.42980796175489,121.09901423355105
2024-01-30,109.93277135872906,116.59693847920016,121.36209306720215
2024-01-31,109.98513343598329,116.6464937444629,119.82699785514383
2024-02-01,110.53901792975292,117.1831377162444,121.6358174462074
2024-02-02,110.9684494837468,117.64820305185084,122.60424732695276
2024-02-03,110.9684494837468,117.64820305185084,122.57519984485828
2024-02-04,111.49411343061213,118.20913021635366,122.5392483456793
2024-02-05,111.42779231106958,118.142807553546,122.2763706951373
2024-02-06,111.36720666601308,118.0907436092173,122.55352706970409
2024-02-07,111.45157587225792,118.17380051467714,123.77031108162983
2024-02-08,111.70537829516877,118.38505169718397,124.09864491675225
2024-02-09,111.70348120853122,118.38174397615042,124.88956835798369
2024-02-10,111.7460230574117,118.42823288588309,124.95509493065416
2024-02-11,111.7460230574117,118.42823288588309,124.98808080148412
2024-02-12,111.77339864810591,118.44168830567968,125.0815700842709
2024-02-13,111.71595955981348,118.43068594836123,123.57469959265903
2024-02-14,111.83238852432409,118.52961415290208,125.34760714225655
2024-02-15,113.06995946519687,119.88700150536147,126.31969532812298
2024-02-16,113.51386259890752,120.38664862616828,125.76879944177995
2024-02-17,113.86967283292353,120.81572867422778,125.80148287155554
2024-02-18,113.86967283292353,120.81572867422778,125.8738878900477
2024-02-19,114.01770235115816,120.98228179225747,125.92831650917391
2024-02-20,114.16677963058457,121.12337609599476,125.06071339808715
2024-02-21,115.91141124586221,123.11326415153036,124.5808898459178
2024-02-22,116.43788264033783,123.37409675391895,127.0946687762472
2024-02-23,116.39448257958658,123.26089846317028,127.46224332731902
2024-02-24,117.5199381483696,124.21754101402902,127.61976096844143
2024-02-25,117.52856359836692,124.2254180222242,127.63788994863421
2024-02-26,117.9172819157324,124.42507350351522,128.15657596323354
2024-02-27,120.02155563540022,126.33333171648844,128.8020125187029
2024-02-28,119.87742629759414,126.16629016845758,129.10101850959907
2024-02-29,120.33149336858746,126.61820902886156,129.82218372716144
2024-03-01,120.37336577012061,126.6227110338046,132.00152208223358
2024-03-02,120.37336577012061,126.6227110338046,132.24906661347768
2024-03-03,120.25755103490022,126.49144711413626,132.26130477843535
2024-03-04,120.37769687115936,126.62675997364809,132.91453404475175
2024-03-05,123.94741976877204,131.08280474289572,131.19418390626035
2024-03-06,124.44204157013601,131.43512003491895,132.92221919961318
2024-03-07,124.51062806693534,131.49435980265045,134.1303763774388
2024-03-08,124.86949571981103,131.8266532692791,133.0455093075367
2024-03-09,124.86949571981103,131.8266532692791,133.13624458113225
2024-03-10,124.74687417498356,131.66605820316582,133.15215823937865
2024-03-11,124.76932060834378,131.67654341061368,132.9822074242634
2024-03-12,124.66019233654836,131.44540824355738,134.15433791233315
2024-03-13,124.66156061412947,131.4467286072154,134.51374353147168
2024-03-14,124.70421152076658,131.44646429960278,134.00116653001265
2024-03-15,125.49631499963914,132.42950308867682,133.05686643380244
2024-03-16,125.62432232323815,132.54260941392545,132.43232104969044
2024-03-17,125.68097824677386,132.60970317327283,132.89690348626462
2024-03-18,125.6539182940336,132.57789648168895,133.42154159072555
2024-03-19,125.14734253609217,132.04320996193937,132.99457553917205
2024-03-20,124.56557553307002,131.45639072537318,135.23856628760007
2024-03-21,124.65790507719967,131.4996436971661,136.40639572104678
2024-03-22,124.65445422506127,131.50719520666638,135.75162922553125
2024-03-23,124.4990537995356,131.36165766986187,135.79247414991815
2024-03-24,124.4990537995356,131.36165766986187,136.17885827502906
2024-03-25,124.49753234700869,131.3609419560429,136.2269588142379
2024-03-26,124.49584467948182,131.35821832394424,136.2825644322102
2024-03-27,124.3923063066591,131.3095139985636,136.94326131755727
2024-03-28,124.47993368553894,131.39441715534724,137.48422938943838
2024-03-29,124.50835336720758,131.43946246085656,137.46547032878232
2024-03-30,125.21901868455842,132.23657773640005,137.36833690647302
2024-03-31,125.3110539542933,132.3819744134329,137.6828838537237
2024-04-01,125.84724062706935,132.77160814555154,137.04030446796014
2024-04-02,125.88526693620989,133.07936587812603,135.74023918632773
2024-04-03,125.77066542115173,132.803529195662,136.630065213876
2024-04-04,125.77061540393524,132.80912193300955,134.9524177954977
2024-04-05,125.76115651534808,132.61526095404398,136.71667695176342
2024-04-06,125.5637275096908,132.4436902145332,136.89347634629888
2024-04-07,125.56623807568133,132.44584451551225,137.04591985442835
2024-04-08,125.76732960970914,132.5098876408685,136.9573212287061
2024-04-09,125.74776565955024,132.43742956568474,136.27166537596509
2024-04-10,125.70870971285493,132.17464122680903,135.3294584719568
2024-04-11,125.75547389005276,132.1335934260898,135.87575393861042
2024-04-12,125.60904398078992,131.62288082595308,132.88920226583545
2024-04-13,125.81812741468038,131.53180320839556,132.11912377346263
2024-04-14,125.81812741468038,131.53180320839556,132.5217518338938
2024-04-15,125.36326526572275,131.28115542265118,130.78037239933388
2024-04-16,124.4201412351071,130.46571792181382,130.8509580772466
2024-04-17,124.36810805999731,130.35819527318665,129.79599657130709
2024-04-18,123.2092737263814,129.50180873081138,129.51573299715804
2024-04-19,122.82222285990613,129.27786066386494,128.5706945214035
2024-04-20,122.77999269358213,129.2439884238559,128.9161985354093
2024-04-21,122.77999269358213,129.2439884238559,128.88718636948403
2024-04-22,122.80059165961157,129.24444414656443,130.26632905784248
2024-04-23,123.0643930560914,130.78676985366735,132.0513672961004
2024-04-24,123.30128153548581,130.89126974081339,131.92785752694462
2024-04-25,123.19576021682505,130.8128607649212,132.0506570632055
2024-04-26,123.38753539208693,131.14628341290782,132.87433053390797
2024-04-27,123.38753539208693,131.14628341290782,132.9286924128331
2024-04-28,123.38753539208693,131.14628341290782,132.8648529623721
2024-04-29,123.34764814978232,131.131015420731,133.1313947313479
2024-04-30,123.30928845656489,130.82317516861244,130.83181303322115
2024-05-01,123.451330607499,130.89336832219453,129.8257828035148
2024-05-02,123.63214652828131,131.04840148594192,131.14679692096658
2024-05-03,124.13813662086395,131.40187717868287,132.77280389664304
2024-05-04,124.13813662086395,131.40187717868287,132.87645253707942
2024-05-05,124.13813662086395,131.40187717868287,132.92205588557846
2024-05-06,124.48113916897312,131.58465723972915,134.64841816503977
2024-05-07,124.53862324031428,131.5335322791896,134.41284732089787
2024-05-08,124.54649028370852,131.56868505912882,134.73264431611392
2024-05-09,124.67583845946714,131.63661764007867,135.9735959115801
2024-05-10,124.69372770548092,131.64755096810666,135.84663709473844
2024-05-11,124.83430455376325,132.51921233678976,135.8006264281621
2024-05-12,124.83297473617955,132.5078631420214,135.80583134546563
2024-05-13,124.9190111315273,132.53228127382397,135.55374250253993
2024-05-14,125.47671014977541,132.58118312253103,136.23874087106887
2024-05-15,125.74595458186948,132.78194063005012,138.92041790539793
2024-05-16,125.93095814260593,132.71152838643263,138.07577125469604
2024-05-17,126.10625591292592,132.78839490258966,138.7681425508753
2024-05-18,126.02310569685622,132.64113740263505,138.78514448869433
2024-05-19,126.02310569685622,132.64113740263505,138.6548734141561
2024-05-20,126.07869990656422,132.66843327604477,139.68002658671705
2024-05-21,126.07869990656422,132.66843327604477,139.86644808734724
2024-05-22,126.06230613333575,132.64840804773095,139.4438014097369
2024-05-23,125.88766923708422,132.7744610644712,138.36955372596032
2024-05-24,125.7716902901308,132.88674949602117,139.73375832069837
2024-05-25,126.03273363660348,134.58270724777378,139.91574706998847
2024-05-26,125.95850437967897,134.51213320534896,139.78775422959507
2024-05-27,126.41191471212521,135.33069880753644,139.95272889254375
2024-05-28,126.28497822390685,135.24598289007065,139.54233550136098
2024-05-29,126.40922228635092,135.61211438722464,138.25274086817998
2024-05-30,126.47287612889629,136.37840168601352,137.70051532053913
2024-05-31,126.30209623170497,136.35860704985646,137.94211564647475
2024-06-01,126.31725932759228,136.37113513862695,137.99287518120678
2024-06-02,126.30438058363293,136.26196796898188,137.90633216216287
2024-06-03,126.10413389824603,136.08133211706976,137.28933411994794
2024-06-04,126.63476250421584,136.4606013009323,137.45012531311917
2024-06-05,126.95417303677046,136.5821817289053,139.46448143416777
2024-06-06,127.09196166440174,136.60655012509517,138.70732024076963
2024-06-07,127.1034229864357,136.32805006665905,138.08257559931786
2024-06-08,127.03043866024318,136.25748719454793,138.0007789689692
2024-06-09,127.06585056618134,136.53514106679236,138.07119807583322
2024-06-10,126.89548561587729,136.2824274601638,139.06065900264326
2024-06-11,126.83711955763374,135.9279495657277,138.35602540238426
2024-06-12,126.46745739627887,135.6212360386937,139.5380871879628
2024-06-13,126.44986700825594,135.50065614017512,139.6490660545658
2024-06-14,126.77514542156882,135.3354322928623,139.12516058861823
2024-06-15,126.73246359315351,135.29931737029563,139.26649363453183
2024-06-16,126.69394747934888,135.26681504475533,139.39580391752574
2024-06-17,126.84282431281994,135.27888364598118,140.24870168637227
2024-06-18,126.60838108159795,134.69190457400717,141.07025914221913
2024-06-19,126.60838108159795,134.69190457400717,141.1538842772881
2024-06-20,127.16046257073783,135.2374408453548,140.60634101407683
2024-06-21,127.20312539000744,135.21745332055025,140.25909954610415
2024-06-22,127.20482392751282,135.21883428271633,140.24625503466115
2024-06-23,127.20482392751282,135.21883428271633,140.11711842320904
2024-06-24,127.21545659761921,135.14757491276245,139.72707124022116
2024-06-25,127.27820341526778,135.1843001408433,140.4348465289892
2024-06-26,127.26502525287096,135.10118670824488,139.5622233588163
2024-06-27,127.49176559093476,135.3809979031307,139.95287328059717
2024-06-28,127.55770369069342,135.1973774059141,139.5813430541723
2024-06-29,127.55770369069342,135.1973774059141,139.60288415584205
2024-06-30,127.55075481641431,135.13486046290416,139.8020118157523
2024-07-01,127.65195484305477,135.23550772074714,139.8970038147955
2024-07-02,127.68954205456386,135.2457641426392,140.57531108807055
2024-07-03,127.4731986064426,134.72506036968835,141.03963859796252
2024-07-04,127.45590416424335,134.59980427393532,140.49028933386361
2024-07-05,127.58970156450104,134.64362078546912,140.6330535870818
2024-07-06,127.58970156450104,134.64362078546912,140.98736779739065
2024-07-07,127.64470494131359,134.69604306801108,140.5323190513278
2024-07-08,127.57353866074568,134.65557053080445,141.11926493653823
2024-07-09,127.57353866074568,134.65557053080445,141.27027929951512
2024-07-10,127.51203769520546,134.55580888855928,142.51142736745456
2024-07-11,127.61021902689924,134.56810265027144,141.87253862578805
2024-07-12,127.60437086028922,134.4983679921525,142.66507065172883
2024-07-13,127.60437086028922,134.4983679921525,142.84435989735374
2024-07-14,127.60437086028922,134.4983679921525,143.0031713596122
2024-07-15,127.91937400225856,135.7024098598374,143.72101294027388
2024-07-16,128.16299015215506,135.81154911204308,144.70142495940163
2024-07-17,128.26237172316473,135.90078754095168,141.73863235683336
2024-07-18,128.0601438986248,135.91954297867895,140.75025959145697
2024-07-19,128.28678472955198,136.00225563902418,140.5486737339781
2024-07-20,128.3513765072734,136.60340015032796,140.64356294790971
2024-07-21,128.38861455979975,136.96090545446089,140.83102704496227
2024-07-22,128.18756865572917,137.3136782470608,142.00375773737255
2024-07-23,128.1113561397482,137.29685443509075,141.84934047050697
2024-07-24,128.31438706574423,137.52253502953914,138.4035956054669
2024-07-25,128.0715667092644,137.3653880643981,137.81093584149997
2024-07-26,127.85254704287507,137.26359395544438,139.8117857921237
2024-07-27,127.85254704287507,137.26359395544438,139.79844798935483
2024-07-28,127.85254704287507,137.26359395544438,139.7820556376985
2024-07-29,127.78945173000666,137.07040218332438,139.59231503247466
2024-07-30,127.74611577756461,136.83418760339148,138.73343638899186
2024-07-31,128.26546358463514,136.86501464413567,141.16421705525133
2024-08-01,128.15286770668197,136.6571544457792,138.77384793637452
2024-08-02,128.00735878548514,135.85879230280344,134.73240366662475
2024-08-03,128.00735878548514,135.85879230280344,134.56431688863407
2024-08-04,128.01391546912865,135.91403528196824,134.2339553997335
2024-08-05,127.39263513656964,135.47022555630448,130.7644118590642
2024-08-06,127.14165967123661,135.66655750358655,132.99187101317972
2024-08-07,127.10723410616238,135.6360198925857,131.89829885323226
2024-08-08,126.31782648722434,135.25282025237684,136.01547249527502
2024-08-09,126.2803957867104,135.06568828488548,136.49484937367288
2024-08-10,126.2803957867104,135.06568828488548,136.5208358049817
2024-08-11,126.26327579102592,134.89760455617272,136.2176458708108
2024-08-12,125.98179309479436,134.88389332548363,136.38854287056282
2024-08-13,125.47325497207062,134.7044524302866,138.6338600341191
2024-08-14,125.73691004554152,135.45759517906336,139.58256426880237
2024-08-15,126.05457673371339,136.32205552086842,141.6839259849829
2024-08-16,126.05076041816199,136.28390363236127,141.73024459446063
2024-08-17,126.05076041816199,136.28390363236127,141.82185323987923
2024-08-18,126.05076041816199,136.28390363236127,141.75045678556583
2024-08-19,126.15925444542016,136.4064740802599,143.08513936761537
2024-08-20,126.21116567247073,136.50202702815216,142.75710813595217
2024-08-21,126.21116567247073,136.50202702815216,143.75559338286385
2024-08-22,126.21116567247073,136.50202702815216,142.78097571814408
2024-08-23,126.48673664932126,136.76776451264013,144.550029173149
2024-08-24,126.48673664932126,136.76776451264013,144.58991248333862
2024-08-25,126.38057458879832,136.41116606322598,144.55414814274093
2024-08-26,126.38056736617192,137.13277400959376,143.81376684904586
2024-08-27,126.37705703963049,137.13923384083617,143.83888494067182
2024-08-28,126.4754731247777,137.2068594493079,143.17217937172026
2024-08-29,126.65864628976931,137.31040537238698,143.5399104230036
2024-08-30,126.80091135558042,137.28632713428863,145.31928434478374
2024-08-31,126.79575061530299,137.2822836770664,145.25129052506725
2024-09-01,126.76841819380454,137.06899902169474,144.94696093249067
2024-09-02,126.77279275891604,136.7662644914041,145.2020291096931
2024-09-03,126.86465127292345,136.74247702245026,141.27432154566606
2024-09-04,126.9108572126162,136.35268366588025,141.35213005678997
2024-09-05,126.44938135463502,135.98352244203406,140.311557435968
2024-09-06,126.5192313973901,135.77629128659407,137.77362838113115
2024-09-07,126.4772808850323,135.74395467651368,137.91590381915634
2024-09-08,126.4772808850323,135.74395467651368,138.01395687285174
2024-09-09,126.69544227805815,135.82286212505477,140.34350220906637
2024-09-10,126.78256463036794,135.85608445252174,140.95646333760064
2024-09-11,126.87851485234012,135.70716960654428,142.50491470438254
2024-09-12,126.83460972665506,136.11932361379408,143.79672216009402
2024-09-13,126.83460972665506,136.11932361379408,145.12895664382606
2024-09-14,126.84150662583265,136.17092106989728,145.04295036522666
2024-09-15,126.84150662583265,136.17092106989728,144.90954470434787
2024-09-16,126.89956868691768,136.3438042484034,145.57276579634092
2024-09-17,127.25425958647678,136.69712685275647,145.79859908268713
2024-09-18,127.26519183037755,136.806060981962,145.52680773769947
2024-09-19,127.4447391142383,136.90110050584593,148.22369137532985
2024-09-20,127.66727859188276,136.97025517598505,149.03626833501133
2024-09-21,127.66727859188276,136.97025517598505,149.1634497469263
2024-09-22,127.43308471267032,136.67013294885976,149.0771830061774
2024-09-23,127.51553513079475,136.7108995680411,149.6807059617281
2024-09-24,127.60849631023952,136.7449675458239,149.9658157547455
2024-09-25,127.78699981700738,136.85348381838514,149.78772860288763
2024-09-26,127.79130673439877,136.8492829579667,150.82025124065137
2024-09-27,127.8424210869729,136.93065844670394,150.5922242575954
2024-09-28,127.8424210869729,136.93065844670394,150.6037658601193
2024-09-29,127.8424210869729,136.93065844670394,150.56954258500858
2024-09-30,127.74956067833412,137.1334808469508,150.70832671960144
2024-10-01,127.51248047139558,136.94692900755484,149.3556072377665
2024-10-02,127.55898111886796,136.8698851442236,149.78633783450167
2024-10-03,127.43804646823429,136.68968701012398,149.8934864026428
2024-10-04,127.77102729517036,136.9906825917226,151.65246093114033
2024-10-05,127.77102729517036,136.9906825917226,151.62947866286893
2024-10-06,127.77102729517036,136.9906825917226,151.7508194687496
2024-10-07,127.78206762496012,136.9513441336952,150.6798775868488
2024-10-08,127.8647902645547,137.01447066044034,151.7734458644819
2024-10-09,127.35268878624228,136.43899942232537,152.8280196578602
2024-10-10,127.13573849332789,136.1217877160833,152.64398759994143
2024-10-11,127.2960659765279,136.19907457591057,154.51093684677502
2024-10-12,127.2960659765279,136.19907457591057,154.63194497240792
2024-10-13,127.2572461590658,137.18427288247403,154.57568541302015
2024-10-14,127.39415686966649,137.29122765024397,155.80550950867004
2024-10-15,127.25507762867497,137.19839955327487,153.89410374942207
2024-10-16,127.25507762867497,137.19839955327487,155.13023684519197
2024-10-17,126.9751983853481,137.02083252624203,155.11367099218498
2024-10-18,127.30732839332876,137.20890294850926,155.54058928083992
2024-10-19,127.30732839332876,137.20890294850926,155.5738067523471
2024-10-20,127.33406219552379,137.43270051445188,155.73566052169423
2024-10-21,127.43919919629315,138.23566356764377,155.3244644551968
2024-10-22,127.52306478170541,138.38185700044656,154.73153162600502
2024-10-23,127.35264759688204,138.11842068635954,153.49956601620238
2024-10-24,127.51591365138518,138.27208711766502,153.7840937903628
2024-10-25,127.54931225209174,138.0544526704935,153.16658158492888
2024-10-26,127.46443405982842,137.95534508619482,153.3183181107216
2024-10-27,127.54827082694524,137.91569148046932,153.45990802828672
2024-10-28,127.50304441103977,137.8390540027899,154.12211462033065
2024-10-29,128.05947430160163,138.18190813834295,154.61352211360364
2024-10-30,128.08897446136967,138.21925808621302,153.9016972675568
2024-10-31,127.60850946673995,137.6708720538198,151.43882119074505
2024-11-01,127.84728532772405,137.8938930334033,151.63395007684878
2024-11-02,127.84325931084395,137.85908892795246,151.56714352197878
2024-11-03,127.7578493556228,137.72065668257716,151.37275218548118
2024-11-04,127.77872670977229,137.66356076362396,150.56180629836211
2024-11-05,127.97694770560375,137.75728847270216,153.4766655994047
2024-11-06,128.66773343382704,138.20343368532156,159.10477668696018
2024-11-07,128.7120292352944,138.6507195095902,160.92778873360047
2024-11-08,128.67476719482676,138.6182250668213,162.601981473366
2024-11-09,128.6606622451869,138.6094421474452,162.92148679735277
2024-11-10,128.6606622451869,138.6094421474452,163.4784403775856
2024-11-11,128.6606622451869,138.6094421474452,165.0011412089186
2024-11-12,128.50154063357544,138.47936754087402,163.97872313767076
2024-11-13,128.72067695966197,139.92789362198113,163.7965762102977
2024-11-14,129.1267476690229,144.72810960756317,162.20985096437477
2024-11-15,129.27428718100558,144.97541196826683,161.68154532223943
2024-11-16,129.70766303503098,145.24380472716408,161.99766221946982
2024-11-17,130.99899554930244,147.38489798889879,161.95095845210056
2024-11-18,130.97975082011723,147.31389405083723,163.06313885723122
2024-11-19,131.16812891474817,147.37919515444472,164.4090303555785
2024-11-20,132.09180905234382,148.60401897312983,164.37537206737613
2024-11-21,134.66083794272657,150.61579202487775,166.88614489091654
2024-11-22,136.84669981603633,152.63690964425626,168.61835023945468
2024-11-23,136.78132129569752,152.54107073978352,168.92542451749216
2024-11-24,138.5651883843154,155.14605674376605,168.89815349188348
2024-11-25,138.55150155772688,155.07130813053223,168.0536311754281
2024-11-26,138.51374745488343,154.89518967876558,168.89283545088617
2024-11-27,138.70198082424176,155.0287556146344,168.55785935135418
2024-11-28,138.70198082424176,155.0287556146344,168.50804523615514
2024-11-29,138.68600718189487,154.982724046587,169.92476843997972
2024-11-30,138.61974520485364,154.87741803159315,170.10564373020352
2024-12-01,138.73496295271482,156.1559313148946,170.55913552781686
2024-12-02,138.72450533737154,156.00569447372493,171.11995748325953
2024-12-03,138.81093214620392,157.01375061721845,173.51355204315925
2024-12-04,138.9006249880736,157.0742553677707,173.63024707957908
2024-12-05,138.8332357025748,156.88924280792526,172.93883009690856
2024-12-06,139.06768447286223,159.48761374407363,174.4186803381177
2024-12-07,139.305856184033,159.85728456867253,174.58952225876817
2024-12-08,139.305856184033,159.85728456867253,174.74718245006923
2024-12-09,139.07091315302458,159.6227880757653,169.64441562810882
2024-12-10,139.16959893784536,159.27988610416583,168.2164362147345
2024-12-11,139.33510498508713,159.39051836192573,170.50912114603278
2024-12-12,141.0927250932446,160.72155192030442,170.09980698138247
2024-12-13,141.16789561984837,160.73138570566027,170.51934627957553
2024-12-14,141.10044225566403,160.6266579213689,170.15306974532353
2024-12-15,141.06699230782303,160.7515543480654,170.4428512927646
2024-12-16,140.88560408810346,160.59873252993398,171.04628300222666
2024-12-17,140.7868396024184,160.55367834503002,169.23752412247282
2024-12-18,140.21116705825557,159.6961062423177,162.74311255864228
2024-12-19,139.53425057920515,158.89320087915655,161.559763201319
2024-12-20,139.26765944449554,158.78898877633122,164.20549510243893
2024-12-21,139.26765944449554,158.78898877633122,163.75734391990832
2024-12-22,139.1429101993166,158.70836268122824,163.7220077924044
2024-12-23,138.83979160783153,158.54392947640977,165.33994722386527
2024-12-24,138.9214851074223,158.58020423846773,167.18766338792892
2024-12-25,138.9214851074223,158.58020423846773,167.0841686561864
2024-12-26,138.7797210270937,158.36181192069066,166.4560649274488
2024-12-27,138.76195098214149,158.34104501953766,164.62296149934028
2024-12-28,138.76195098214149,158.34104501953766,165.0360518383408
2024-12-29,138.71831780185747,158.2732673109208,164.58779582492576
2024-12-30,138.52539748584468,157.35973538155451,162.95573625135367
2024-12-31,138.46162569678827,157.28503548581438,162.26623571974903
2025-01-01,138.58931854631027,157.3858567716338,162.80473539569633
2025-01-02,138.54800056833332,157.37296940321437,164.27136012971923
2025-01-03,139.93676992427325,157.8068742530559,167.53284769162096
2025-01-04,139.93676992427325,157.8068742530559,167.5688822541884
2025-01-05,139.93676992427325,157.8068742530559,167.3574202682453
2025-01-06,140.11411950023071,158.02011251163108,168.49618530013908
2025-01-07,140.1270530466013,157.86519080167125,165.347433799926
2025-01-08,140.17701729023392,157.4851939065863,165.2580775991477
2025-01-09,140.1517474527034,157.14392252933925,164.6528554184944
2025-01-10,140.243037188229,157.19351078000219,163.4556373793266
2025-01-11,140.26587400339466,157.2115406220422,163.68531303324878
2025-01-12,140.16531030392844,157.13204139206675,163.47887048210532
2025-01-13,140.0858122279162,156.67042500652948,162.9425941293034
2025-01-14,140.01602518632578,156.81727015996984,164.68605337369664
2025-01-15,139.59845368332768,156.6944230239118,168.9188629023554
2025-01-16,139.50749822176152,156.63577652891627,169.846563095798
2025-01-17,139.49148426165104,156.62873259790808,172.3956495840158
2025-01-18,139.49148426165104,156.62873259790808,172.24539331156313
2025-01-19,139.49178362317554,156.65115816833645,171.29598178671054
2025-01-20,139.5809058283075,156.73701415456517,171.61972223709685
2025-01-21,139.74005026525504,156.26840086570462,174.57255432399472
2025-01-22,139.81367402306947,156.32263860234474,175.9409845716251
2025-01-23,139.9129231417687,156.47927430786777,177.45940956586915
2025-01-24,139.8368386617032,156.42290337685668,176.69709267494463
2025-01-25,139.509354727543,156.0455776785784,176.670853000814
2025-01-26,139.55804141169784,156.6734624001905,176.1354523356573
2025-01-27,139.4057233551062,156.6570081247767,169.61324011909224
2025-01-28,139.17643844318468,156.40714624491198,170.26773167530666
2025-01-29,139.14228389269215,156.41918406488315,170.8242940151154
2025-01-30,139.26256596176302,156.26294625422048,173.47902728746195
2025-01-31,139.98854136777834,156.57967484619127,172.83855796086377
2025-02-01,139.93915498666732,156.09631965049255,171.91626497003494
2025-02-02,139.94107479685263,155.28983112713246,170.5969292718197
2025-02-03,139.94107479685263,155.28983112713246,170.53105354272938
2025-02-04,140.0354300605665,155.41611603056697,171.38049711966804
2025-02-05,140.28823125646804,155.52945523923907,172.5930477743318
2025-02-06,140.38118284470477,155.55061869269144,173.42243925578288
2025-02-07,140.52840534545294,155.61342857113848,172.8299059555251
2025-02-08,140.23867691231456,155.39810895020707,173.01955940627195
2025-02-09,140.21493918294738,155.1992656156935,172.9830168122275
2025-02-10,139.64787197140097,154.86347855137834,175.216135792371
2025-02-11,139.64787197140097,154.86347855137834,174.43099120609835
2025-02-12,139.66877857899448,154.6989804270627,174.0935930464392
2025-02-13,139.8025183045802,154.63773094064334,176.46021485672208
2025-02-14,140.28299769127418,155.0770634357699,177.47315150045227
2025-02-15,140.28299769127418,155.0770634357699,177.42321042598684
2025-02-16,140.28299769127418,155.0770634357699,177.3357802181044
2025-02-17,140.2561565167241,154.74532649473335,177.2466881092477
2025-02-18,139.98900356370362,154.67031948125765,177.96184617839782
2025-02-19,140.04136549111303,154.68808111253162,177.65972492077745
2025-02-20,140.3131469363939,154.78399928391522,175.7937680791305
2025-02-21,140.57010134434793,154.7155321180651,171.01968754868818
2025-02-22,140.57010134434793,154.7155321180651,171.22133396917266
2025-02-23,140.57010134434793,154.7155321180651,171.2248907492889
2025-02-24,140.53705858977722,154.56637713507155,168.0386720011772
2025-02-25,140.64071004504578,154.5369034018382,166.88027762956418
2025-02-26,140.69802289713272,154.34573203906862,167.0355999187034
2025-02-27,140.68845798316767,154.15488148241997,164.49459067377484
2025-02-28,140.17212268612357,153.35295764099777,166.76260512251227
2025-03-01,140.0743920901358,153.28400896197093,166.89293974926122
2025-03-02,140.52330154114426,153.59894566971295,168.8458440464828
2025-03-03,140.5236094945966,152.51491820331364,164.0780909543468
2025-03-04,140.56425649763483,152.1783633676131,162.21372456943095
2025-03-05,140.35189575966837,152.08516720154287,164.11285898706726
2025-03-06,140.13509302540518,151.91769779754725,159.28929021588428
2025-03-07,140.09972065551034,151.95978117091082,159.98506138702638
2025-03-08,140.09972065551034,151.95978117091082,159.8548723307943
2025-03-09,139.99659703065794,150.8250467305589,158.94602314176393
2025-03-10,140.00311683759875,150.57481135013586,153.86682833688164
2025-03-11,139.88905509146005,150.64108913076353,154.08896844115134
2025-03-12,140.47914066869433,151.5399757217876,155.76486948289724
2025-03-13,140.36097892767566,151.47216821905735,153.5851895285295
2025-03-14,140.46703071011805,151.8168145948792,157.63328979323836
2025-03-15,140.46703071011805,151.8168145948792,157.7875519492717
2025-03-16,140.46703071011805,151.8168145948792,157.33985502360238
2025-03-17,139.8566114337167,151.94783081080857,159.7944801908523
2025-03-18,140.0950092683148,152.07705339263606,157.8466905202788
2025-03-19,140.17292453203223,152.2285980773937,160.57305931599547
2025-03-20,140.15237546889733,152.21393236609342,160.2373221330278
2025-03-21,140.30955765282647,152.95991664853918,159.9588606917207
2025-03-22,140.30955765282647,152.95991664853918,159.98770866167402
2025-03-23,140.30955765282647,152.95991664853918,160.09676658724027
2025-03-24,140.53282593520663,153.28293199410894,163.69379606615243
2025-03-25,140.82170092547096,153.54477600508602,163.79407522582738
2025-03-26,140.76348528398486,153.42623084307175,161.00592735231535
2025-03-27,140.80266504127675,153.43771971005052,159.19583175279638
2025-03-28,140.4850982435201,152.95744657703253,156.0366978788376
2025-03-29,140.5302375065814,153.4373768732497,155.70835707775797
2025-03-30,140.5271896024547,153.4042566539076,155.65517479914527
2025-03-31,140.4512698710789,153.22195129638857,156.19237204224103
2025-04-01,140.75410562548555,153.379257359367,157.25309914976148
2025-04-02,141.05591583558342,153.53099924862204,158.22986097313714
2025-04-03,140.88182605803593,153.08455905174628,150.15639402488577
2025-04-04,140.29025466364203,152.614519234673,140.43731193761107
2025-04-05,140.29025466364203,152.614519234673,140.37027636177734
2025-04-06,140.2381542227001,152.14320178834998,139.45109781686634
2025-04-07,140.09102081059942,151.63166419159745,140.4242376762525
2025-04-08,140.0589326929002,151.7873686835477,138.8228186300079
2025-04-09,140.17504985310637,152.44669074089012,152.4022149668716
2025-04-10,139.6270947218021,152.21200189764696,147.0623111474742
2025-04-11,139.6471291222011,152.54967773252358,149.28314926220204
2025-04-12,139.6471291222011,152.54967773252358,149.710671788224
2025-04-13,139.6329096352079,152.4575009558332,149.5582457537537
2025-04-14,140.40311571918375,154.14300998331495,150.91359310025126
2025-04-15,140.3993756112787,154.31213937614413,151.1501664329071
2025-04-16,140.38822489860436,154.240552147605,148.31355023173833
2025-04-17,140.25271566352146,154.77365003957985,149.14050464169043
2025-04-18,140.25596206725473,154.79444366915553,149.0619600439325
2025-04-19,140.26395125845116,154.8644614739756,149.22674656577394
2025-04-20,140.26395125845116,154.8644614739756,149.19146150195294
2025-04-21,139.86993921604588,154.70089583646785,145.6282428394791
2025-04-22,139.97457489893722,154.75166896609662,149.99850641263032
2025-04-23,140.22623557871054,155.05320388653857,153.1822979746436
2025-04-24,140.37408618142862,154.942998508043,157.14961694205033
2025-04-25,140.37408618142862,154.942998508043,158.1427741016572
2025-04-26,140.3951105848151,154.9945606764243,158.27524826816634
2025-04-27,140.3951105848151,154.9945606764243,158.13956607207857
2025-04-28,140.39737202745806,155.22400092287498,158.77103097326292
2025-04-29,140.4720174988749,155.69593921681547,159.62319390429516
2025-04-30,140.42445268280144,155.48633679283463,160.1549608374274
2025-05-01,140.42445268280144,155.48633679283463,161.19195358850558
2025-05-02,140.5019765532231,155.62496228679552,164.6766611038654
2025-05-03,140.45891892454145,155.45483267925758,164.5589122651449
2025-05-04,140.42532043439346,155.37351279498205,164.38165633760372
2025-05-05,140.78719876591242,155.59767116342948,164.01428484799024
2025-05-06,140.54782047535892,155.32394018721877,162.68959144758676
2025-05-07,140.79300098631666,155.96618092496885,163.42608117213206
2025-05-08,140.83670032531418,155.9989406956657,165.97651860660295
2025-05-09,140.6768363120078,155.71589061945056,165.84384048565693
2025-05-10,140.6768363120078,155.71589061945056,166.62612391377866
2025-05-11,140.6768363120078,155.71589061945056,166.24777620458613
2025-05-12,140.92241048647435,155.79390342571796,171.22197077506115
2025-05-13,141.23541561229118,155.94620477771298,173.94901544545291
2025-05-14,141.2648912479246,155.95565220012332,173.67562695601822
2025-05-15,141.35224862072192,156.13246857392457,174.08500830317683
2025-05-16,142.0741386668134,158.00659106225916,175.3087251892691
2025-05-17,142.03835721287993,158.03791102535544,175.10204753696536
2025-05-18,142.2779296161998,158.206918699086,175.4756616403498
2025-05-19,142.44288611496782,159.77785928487128,175.79445697914505
2025-05-20,142.44944690071264,159.78247763269613,175.4259942861304
2025-05-21,142.37722257732835,159.64739115489257,172.65201710857787
2025-05-22,142.47583956008333,159.6383060182566,172.887725488127
2025-05-23,142.43050873175383,159.54602921180674,172.17096400223306
2025-05-24,142.43050873175383,159.54602921180674,172.28031553590836
2025-05-25,142.38639008245443,159.22810560256,172.40158037239604
2025-05-26,142.38639008245443,159.22810560256,172.4228717583884
2025-05-27,142.50022844483513,159.03934343927529,176.07022144567875
2025-05-28,142.50022844483513,159.03934343927529,175.22688881489003
2025-05-29,142.4882349275197,158.91976477033495,174.85079191665426
2025-05-30,142.6038110152491,159.15475137632836,175.07452245131392
2025-05-31,142.6038110152491,159.15475137632836,175.08103415830598
2025-06-01,142.79182232572626,159.119567986396,175.2025860498259
2025-06-02,143.2958692005647,159.34691699464253,176.3760570401418
2025-06-03,143.1029897517993,159.2625690574299,177.74033648377824
2025-06-04,143.1029897517993,159.2625690574299,177.5057936312882
2025-06-05,143.11843038585326,159.03067422196423,176.26744537708703
2025-06-06,143.46288725520998,159.2808230059228,178.5677362304014
2025-06-07,143.67442046161477,159.43472847740537,178.84173369729072
2025-06-08,143.67442046161477,159.43472847740537,178.85173629735564
2025-06-09,143.77010324999637,159.50235284660326,178.7996024182615
2025-06-10,143.63342730913035,159.40090548692012,179.11647939664158
2025-06-11,143.94030696104983,160.00410590548483,179.3237926790944
2025-06-12,143.9001739344949,159.87808659491535,179.5498687098043
2025-06-13,143.75388748109935,159.6278179659002,177.64586530268912
2025-06-14,143.73451315751214,159.43767536691527,177.45932795773624
2025-06-15,143.77990457867804,159.8796272048144,177.56290345548902
2025-06-16,143.94131082279935,159.99939402325393,179.74359509492035
2025-06-17,143.92301717367792,159.81775049807476,178.14407735284703
2025-06-18,143.87770637104435,159.80303065053135,178.28676707621116
2025-06-19,143.87770637104435,159.80303065053135,178.2899944569133
2025-06-20,143.79313196875825,159.49264554264911,177.37740730181784
2025-06-21,143.7036311229653,158.62067697852723,177.0558202792472
2025-06-22,143.7429545407482,158.46508927959184,176.7750113062632
2025-06-23,142.88944009991778,158.14938552832461,179.05073874138
2025-06-24,142.9990226723171,158.17782780670007,181.9731769709385
2025-06-25,143.00319369990257,158.02329530849352,181.42896084308327
2025-06-26,143.06525890100278,157.7147138546119,183.0709866676537
2025-06-27,143.09373251934306,157.63981785229342,183.10574560738024
2025-06-28,143.09373251934306,157.63981785229342,183.27892721497975
2025-06-29,143.09373251934306,157.63981785229342,183.5250709759518
2025-06-30,143.40158531272348,157.77323432671574,185.55125067942086
2025-07-01,143.3876987300431,157.68511650279967,183.81771830115906
2025-07-02,143.64161078631884,159.73520893625385,185.2227787715788
2025-07-03,143.64161078631884,159.73520893625385,187.02015935341933
2025-07-04,143.61415294678693,159.56202317193095,186.67324527609807
2025-07-05,143.64134561021856,159.87263189334598,186.74925517086794
2025-07-06,143.64099204454223,159.87042101124823,187.01564040209715
2025-07-07,143.64099204454223,159.87042101124823,186.2907841503268
2025-07-08,143.85689863866577,160.0233761266801,186.17724065062646
2025-07-09,144.51593818333845,161.1936929738459,187.75082317380972
2025-07-10,144.74409969519934,161.35638078859523,188.20177244254836
2025-07-11,144.7704503111687,161.37538907415075,187.88484027159063
2025-07-12,144.8505069007966,161.43317957887587,187.8494678920899
2025-07-13,144.8505069007966,161.43317957887587,188.04812331292266
2025-07-14,144.818871862232,161.34968148341434,189.49670737457853
2025-07-15,145.07669093865408,161.66029514721288,188.53430178539008
2025-07-16,145.1004208453226,161.66829921342165,189.3426114182391
2025-07-17,145.11873277014152,161.82171618638404,191.38263485771097
2025-07-18,145.25577887234243,161.87574349233026,191.84017127708722
2025-07-19,145.29296772283487,162.1202783901971,191.82986028205988
2025-07-20,145.29296772283487,162.1202783901971,192.18861818713268
2025-07-21,145.30426642334237,162.12408360200132,191.9770863500427
2025-07-22,145.40398544829682,162.16368639503006,191.20949795897673
2025-07-23,145.4588091038981,163.2012258536972,192.35723060070765
2025-07-24,146.81330727755147,166.9833719607304,192.30795749771318
2025-07-25,146.9422981812553,167.05943055387053,194.07688794703492
2025-07-26,147.03650815717103,167.1267662690874,194.14974867418482
2025-07-27,147.2561228430332,167.28453843463492,194.5038456576611
2025-07-28,147.15842867018296,167.25211659863575,194.3539715417885
2025-07-29,146.45753212736992,166.88494093987535,194.21421399325627
2025-07-30,146.51362846944878,166.55794275817019,194.21741030470056
2025-07-31,146.26644839716775,166.20944715301096,192.68454801062933
2025-08-01,146.23734284777882,165.88923572973238,189.77058927356978
2025-08-02,146.18620753398085,165.33407668384496,189.38718207499304
2025-08-03,146.18620753398085,165.33407668384496,189.83780147963049
2025-08-04,146.1929542105767,165.3005754430992,193.2671695405061
2025-08-05,146.19709771918951,165.4362983455305,191.9409230093365
2025-08-06,145.95114708285644,165.35500518425954,193.32986652575187
2025-08-07,146.4885456699746,165.5481980875091,194.54966042511222
2025-08-08,146.2992976585746,165.38164014343556,196.2211911334997
2025-08-09,146.2992976585746,165.38164014343556,196.4545501622571
2025-08-10,146.2992976585746,165.38164014343556,196.48642718391085
2025-08-11,146.2513766926849,165.34736301126654,195.7530270719495
2025-08-12,146.60332001805835,166.65050053075035,198.9817048663458
2025-08-13,146.31939979069256,168.80935892012337,198.4438454307371
2025-08-14,146.53269253882115,168.9024425061369,197.11646791784165
2025-08-15,146.55259100487262,168.81956121926518,196.2071354116848
2025-08-16,146.55259100487262,168.81956121926518,196.25638921047056
2025-08-17,146.55259100487262,168.81956121926518,196.54523466733895
2025-08-18,146.55259100487262,168.81956121926518,196.5068883788717
2025-08-19,146.43153926689635,168.35309564389146,193.43345979121943
2025-08-20,146.17990005519766,168.2473491669956,194.11463393205435
2025-08-21,146.03742525196026,168.06081144533417,193.2994115417066
2025-08-22,147.60625138595563,168.72383277177764,196.7122799717401
2025-08-23,147.7217032887397,169.07804342155478,196.59753245098
2025-08-24,147.64947453942966,168.39994905079354,196.42844860104674
2025-08-25,147.7861098285593,167.76887595213682,194.49011978112458
2025-08-26,148.06472706631178,167.93367559248424,196.68528683793525
2025-08-27,148.1200950181745,167.95138950950366,196.3852502611212
2025-08-28,148.3772473526083,168.20522058248065,197.97933552799734
2025-08-29,148.07422873677402,167.99476155142784,195.60927585321812
2025-08-30,148.06844601266536,167.93081938972995,195.62299397528034
2025-08-31,148.06844601266536,167.93081938972995,195.52804074316103
2025-09-01,148.04416159258415,167.66299047756473,195.32287530474582
2025-09-02,148.19230348960127,167.82949855405136,194.75841489976563
2025-09-03,148.36529585423258,167.9350400779765,195.05529823771482
2025-09-04,148.14053855700936,167.8436721077405,196.29383837391634
2025-09-05,148.27325295294597,168.05100689953858,195.78956985378534
2025-09-06,148.25860821882074,167.9378070390633,195.57777835579486
2025-09-07,148.3411299675591,168.00188368356828,196.00660599900348
2025-09-08,148.45112101162556,168.04169027547104,198.17653507997858
2025-09-09,148.4379599992349,168.03749142106642,199.41263078858378
2025-09-10,148.3341550398048,168.19429047290134,202.1532298843969
2025-09-11,148.40467341905114,168.6740363861819,203.8282607156782
2025-09-12,148.68895103204605,168.7644310415174,203.77048835177095
2025-09-13,148.68895103204605,168.7644310415174,203.8113390150823
2025-09-14,148.79748211793378,168.998202906114,203.45906596423265
2025-09-15,148.68468988753335,168.95382651351719,204.4881237671405
2025-09-16,148.19909038209204,168.76719868410856,204.5301060580443
2025-09-17,148.24115204637673,168.76751346641626,204.9585373852969
2025-09-18,148.24811937664833,168.88964126113945,207.60266327975435
2025-09-19,148.70078543667702,169.08027209016555,208.5969689081121
2025-09-20,148.6865730337418,168.981077180047,208.72987881478045
2025-09-21,148.66900084262772,168.82152387942958,208.57853740476804
2025-09-22,149.0025315896451,169.04704371358596,208.8538327634926
2025-09-23,148.95535457016334,168.90554934900925,208.28368738551998
2025-09-24,148.9353606611774,168.78100655574428,207.4864476025352
2025-09-25,149.1519816780334,168.72516450924374,205.37119306568843
2025-09-26,149.22948855790287,168.89071259500085,206.8981364115064
2025-09-27,149.22948855790287,168.89071259500085,206.84925033227117
2025-09-28,148.8834720936995,168.20450234204358,207.19452525169558
2025-09-29,149.01032956067698,168.38351002564647,209.38217771071686
2025-09-30,148.99048562204183,168.1709876700673,210.81046038791914
2025-10-01,149.10283226299723,168.43125883628815,213.19408451242518
2025-10-02,149.48560747331325,172.55084567795768,213.7327563978986
2025-10-03,149.19272138265438,172.63482034921265,213.26387819063018
2025-10-04,149.19272138265438,172.63482034921265,213.08173337393544
2025-10-05,149.19272138265438,172.63482034921265,213.19542695030174
2025-10-06,150.05965442719474,173.64225691145958,213.5111375946413
2025-10-07,150.09022381492792,173.82782361552984,212.35549170568723
2025-10-08,148.80970817452734,173.4731450628796,214.9853346449516
2025-10-09,148.7904727221991,173.2474246810425,213.94464240265714
2025-10-10,148.62638051679428,173.10559289168717,206.3582093921304
2025-10-11,148.75273647394036,173.21218213218248,206.45813293291792
2025-10-12,149.178847820593,173.53887358988197,207.45222617084693
2025-10-13,149.23207171418892,173.58061179038884,211.1074517344034
2025-10-14,149.19743502415344,173.5981794572004,210.40551276693645
2025-10-15,149.06921685333037,173.4553843159089,211.5763879883831
2025-10-16,148.96850271837533,173.38835716505068,209.69760720774892
2025-10-17,148.81112750776393,173.2963784652402,209.27341259486437
2025-10-18,148.81112750776393,173.2963784652402,209.54218734533848
2025-10-19,149.05369045226718,173.48754781981162,209.87729858971474
2025-10-20,149.56562039490657,173.37353712850847,211.55938376942174
2025-10-21,149.50028693379028,172.9724491024078,210.66441133221082
2025-10-22,149.31999769943363,172.67717754860757,208.85188439549566
2025-10-23,150.718702036514,173.32085758884838,212.42291595850028
2025-10-24,150.91350156151776,173.37655205252767,215.1145313527524
2025-10-25,150.9023510657387,173.31045234673368,215.15190629156348
2025-10-26,150.9023510657387,173.31045234673368,215.742122056017
2025-10-27,151.03084350378515,173.4117707789329,218.32109383984906
2025-10-28,151.01424803920736,173.3137550059331,216.99424931197632
2025-10-29,150.95274439063672,173.19463388932138,218.6630242395541
2025-10-30,150.90785818251643,173.06503266458355,216.16353429152576
2025-10-31,150.96444796989815,173.0792147215434,217.49841026116974
2025-11-01,151.0609696388027,174.16520748561172,217.54494051587977
2025-11-02,151.08834390612077,174.05178555748068,217.64078508667868
2025-11-03,151.4769273078143,173.96294368087922,216.97092071855064
2025-11-04,151.30269052208862,174.2377203116008,212.22974237286888
2025-11-05,151.0669780033989,174.34573179228317,214.86867464394953
2025-11-06,151.11700809668616,174.3431745023907,211.80808569213713
2025-11-07,151.14528904486534,174.34658782538057,213.454065066489
2025-11-08,151.14528904486534,174.34658782538057,213.1802562852865
2025-11-09,151.14528904486534,174.34658782538057,213.5374830597968
2025-11-10,151.83333877023782,174.6615147072474,217.60266904582502
2025-11-11,151.96336940002385,174.59518513736768,215.38734180698856
2025-11-12,151.8699629111579,174.49965603859195,215.1639890122677
2025-11-13,151.1658648293389,174.30644946450943,209.82826432659877
2025-11-14,151.32627396899704,176.047708437632,210.1752032536749
2025-11-15,151.32627396899704,176.047708437632,210.565748982834
2025-11-16,151.32627396899704,176.047708437632,210.47042434327818
2025-11-17,151.37915138211508,175.97588653532523,207.38235508808313
2025-11-18,151.1996678963947,175.13130153087315,206.41058675022444
2025-11-19,150.99556697632232,174.92153933452857,207.4272074775211
2025-11-20,150.81100022407858,173.3214697117259,201.6823188444866
2025-11-21,150.86860837303476,173.0433435186925,202.2931617433949
2025-11-22,150.86860837303476,173.0433435186925,202.13818460735015
2025-11-23,150.88152001379473,173.05408188049572,202.55816609768047
2025-11-24,150.75165160944607,172.8757670040508,206.860896714912
2025-11-25,150.96284846001737,173.32833542543025,208.71612100156943
2025-11-26,150.56545271116764,173.25643950994575,211.62988630210776
2025-11-27,150.56545271116764,173.25643950994575,211.48833403118448
2025-11-28,150.67688825022125,173.2865829902879,213.13855785597806
2025-11-29,150.67688825022125,173.2865829902879,213.10469149632522
2025-11-30,150.66434348122334,173.15136010918835,212.90246724630555
2025-12-01,150.60697739180728,172.89774050458792,210.6206534384926
2025-12-02,150.11754627416926,172.45688832767215,212.25561755678018
2025-12-03,150.6221218235961,172.98767891464155,214.15965728877734
2025-12-04,150.69323896235883,172.99537088792633,215.1873345882465
2025-12-05,150.59365050717773,172.42496311576576,215.518487391908
2025-12-06,150.59365050717773,172.42496311576576,215.50514329313077
2025-12-07,150.58796755843176,172.36447974715617,215.52441712278775
2025-12-08,150.66848491854012,172.38630901863462,215.49761240159552
2025-12-09,150.67125349137626,172.38706051814455,215.81309340458768
2025-12-10,150.5649974318875,172.3582172512402,217.37801622642704
2025-12-11,150.68492256819724,171.78618937012178,217.97306481470588
2025-12-12,150.6175274220761,171.46240869484257,213.13818062523038
2025-12-13,150.6937758644294,172.25474537467198,213.16293641679596
2025-12-14,150.68011851685108,172.10846345777702,212.84740344780909
2025-12-15,150.95995777306965,172.16644812475062,212.54142109506984
2025-12-16,150.9653175943032,171.82472201672923,212.2753044007114
2025-12-17,150.86811221191786,171.13205849526176,208.00046820501302
2025-12-18,150.85493830656986,170.96117709876114,210.49337830281183
2025-12-19,151.44818489868032,171.2776016814793,214.00592903471784
2025-12-20,151.44818489868032,171.2776016814793,214.10194500146545
2025-12-21,151.44818489868032,171.2776016814793,214.07328663477875
2025-12-22,151.47012991669422,171.31115151760662,215.73672251626974
2025-12-23,151.47012991669422,171.31115151760662,215.97842388081065
2025-12-24,151.58894197347925,171.3907966993571,216.7314075119602
2025-12-25,151.5686027721431,171.18409967950558,216.55310315700564
2025-12-26,151.5686027721431,171.18409967950558,216.20725441776597
2025-12-27,151.5686027721431,171.18409967950558,216.63992882427954
2025-12-28,151.64746190950424,171.978973566107,216.7114668071898
2025-12-29,151.62313076802377,171.71189179757638,215.58274764535608
2025-12-30,151.71434697012575,171.9717838363953,214.81615164226793
2025-12-31,151.6724220106114,171.94129058471762,212.46879195583688
2026-01-01,151.6834480370145,171.94663171874575,212.724407116239
2026-01-02,151.81306873309842,172.06287173749976,214.81138530604082
2026-01-03,151.81306873309842,172.06287173749976,214.96897634588143
2026-01-04,151.82497349164632,172.19031233415066,215.07422408379583
2026-01-05,152.03278671104337,172.19975564331492,217.64810445983474
2026-01-06,152.58196270638592,172.410826445908,220.05805460799917
2026-01-07,152.75815468932868,172.458654086823,217.78731192430598
2026-01-08,152.77474915861393,172.54250887654032,215.610084128993
2026-01-09,153.27136440590797,172.72540945203906,218.1128148176833
2026-01-10,153.3162342479484,173.203109736923,217.997740673269
2026-01-11,153.2858226994055,173.10769291666452,218.02104414736277
2026-01-12,153.07904681662598,173.19520137377256,219.31316188649276
2026-01-13,153.54582001267403,173.38183691100684,220.17083183428406
2026-01-14,153.6611077321853,173.43935834203054,219.00997614636304
2026-01-15,153.86933457607563,173.2240992574037,219.5518604801595
2026-01-16,153.9293350063512,173.40746981435666,219.0013035401012
2026-01-17,153.94743913777486,173.46489639746935,219.0524239400528
2026-01-18,153.86437826413731,172.6770861677461,218.7014893858269
2026-01-19,153.8271604898236,172.49206368080758,218.47077484955003
2026-01-20,153.49832002092433,172.15821326985917,214.36351319745935
2026-01-21,153.86228446845845,172.2809621072788,217.08339909157797
2026-01-22,153.71413374556857,172.2107760053457,217.20507694487864
2026-01-23,153.71413374556857,172.2107760053457,216.76930376572832
2026-01-24,153.71013046423613,172.1688495167591,216.6861927926763
2026-01-25,153.6212625158784,171.23966295776557,216.24327518871914
2026-01-26,154.4790081513564,171.73713523409697,217.62184919110985
2026-01-27,154.47337101611922,171.68077055988857,219.59686104082903
2026-01-28,153.9138849838723,171.49254381785428,219.94612625358076
2026-01-29,153.9559162452916,171.2886969108463,220.1154268055483
2026-01-30,153.76671656661992,170.72015733160362,215.73625154453669
2026-01-31,153.87666651667124,170.74800464923786,214.94023563065116
2026-02-01,153.91407881353564,170.78523294285793,214.69584659319577
2026-02-02,153.8266019719133,169.93544985344928,216.2837836176605
2026-02-03,153.74489466332963,169.60282180061074,215.47471245872936
2026-02-04,153.6116138149747,169.11487012563077,210.71591513122098
2026-02-05,153.79091180231183,169.0002370761207,206.97062304272885
2026-02-06,154.50403875390006,169.86274939559462,215.05587961627498
2026-02-07,154.50403875390006,169.86274939559462,215.02620906904954
2026-02-08,154.50403875390006,169.86274939559462,215.0017283297297
2026-02-09,154.80244243548455,169.94731098330553,217.56511259133464
2026-02-10,154.7914629300734,169.94418569962934,216.05541043935594
2026-02-11,153.618136960531,168.93117805261846,218.89469660673396
2026-02-12,153.0984484413753,168.4352046853631,214.78044548130904
2026-02-13,153.65329279359287,168.958037915917,217.2265876669596
2026-02-14,153.65329279359287,168.958037915917,217.741434717556
2026-02-15,153.69172724613082,169.13963637006822,217.43289100708728
2026-02-16,153.6954895013016,169.17433807703952,217.5127589835394
2026-02-17,153.782143545916,169.23091216941927,217.77462901379852
2026-02-18,153.93711346451983,169.214536263749,218.63121884706015
2026-02-19,154.41930298959207,169.26230910369682,218.26027054630165
2026-02-20,154.56223004474245,170.18931661724383,219.48661280405756
2026-02-21,154.56223004474245,170.18931661724383,219.54414566744575
2026-02-22,154.56223004474245,170.18931661724383,219.38282647509467
2026-02-23,154.78220700392092,170.21432360125448,216.04913984671853
2026-02-24,155.58947959829996,170.52226263503144,217.9159216042873
2026-02-25,155.9587665232747,170.67690033266314,221.8628496209407
2026-02-26,156.0931341194791,170.7420678906825,221.17969644104238
2026-02-27,156.10596913508567,170.36617440353828,220.74622656201592
2026-02-28,156.10596913508567,170.36617440353828,220.81840087099337
2026-03-01,156.05986322083584,170.13029715798592,220.71325099435097
2026-03-02,156.1199734314688,170.1685994247716,221.54798553775234
2026-03-03,156.03779903672142,170.1330983655199,217.64212290169067
2026-03-04,156.1503136858534,170.3858694446987,221.37774711237412
2026-03-05,156.2393732114666,170.84888519964298,219.48711129884325
2026-03-06,156.21765898322073,171.470332801682,215.82975979653074
2026-03-07,156.21765898322073,171.470332801682,215.73373881329562
2026-03-08,156.20564873381886,171.35506624649312,215.66287211498283
2026-03-09,156.44784689652042,171.40607372461068,219.07869099381452
2026-03-10,155.8976312577226,171.25731501928342,218.97787759583397
2026-03-11,155.49883693335846,171.0904185450269,218.59701963197017
2026-03-12,155.2779250106123,170.9047994215174,215.5161897622093
2026-03-13,155.1403712076947,170.81738924265034,214.9717739154642
2026-03-14,155.1403712076947,170.81738924265034,215.04090280699174
2026-03-15,155.1403712076947,170.81738924265034,215.2933696699434
2026-03-16,154.9960124725564,170.94593739241307,218.13848542857227
2026-03-17,154.8799713266987,170.74087231365897,219.61266759619525
2026-03-18,154.57214705558584,171.0101216461754,216.69510847975738
2026-03-19,154.32211570983523,171.33670639819874,216.9582565374072
2026-03-20,154.46103292515468,171.4097372897828,212.67778309487278
2026-03-21,154.45628757548263,171.36240643699574,212.4956869157405
2026-03-22,154.41744342339769,171.1956344128305,212.3865134721644
2026-03-23,154.05681199143132,171.0597905543747,215.35025919626082
2026-03-24,153.91723158531838,171.0200087946038,216.106526030055
2026-03-25,153.35176858841567,171.06462362722942,217.18264761652475
2026-03-26,153.10949266325656,170.6089462362628,210.9657311995883
2026-03-27,153.1117451097441,170.1703031090263,208.2760721012293
2026-03-28,153.09276254321972,169.74439470666331,208.30859628120425
2026-03-29,153.06507321161183,169.47818141495384,208.3270753326497
2026-03-30,153.0167799520365,169.43422059020318,205.23558952502555
2026-03-31,153.5036857825865,169.57139907217183,211.4753980753544
2026-04-01,153.57393940444618,170.07425458365952,214.14890327549963
2026-04-02,153.59948801211593,169.81037027627667,214.13342193652315
2026-04-03,153.5917261419755,169.7397153253614,214.14181787894415
2026-04-04,153.5917261419755,169.7397153253614,214.2471426706388
2026-04-05,153.537876286698,169.34078148725587,214.31110787583702
2026-04-06,153.562645381955,169.34994313956813,215.61104419196857
2026-04-07,153.53555676509234,169.19519431014206,217.10481168589573
2026-04-08,153.88244772580737,171.20295745823717,223.12595278276845
2026-04-09,153.88244772580737,171.20295745823717,223.7685286911428
2026-04-10,153.48064152727113,170.961601752266,223.6602103398717
2026-04-11,153.48064152727113,170.961601752266,223.64861792302477
2026-04-12,153.48303807342504,170.97204391848152,223.45340629627705
2026-04-13,153.81972922431277,171.32793374485402,227.06563111883506
2026-04-14,153.84022530795926,171.24266513714045,229.7631093171432
2026-04-15,154.5504257591327,171.54944867546405,230.3794791672665
2026-04-16,154.24323478919143,171.48129606446633,230.75508737630122
2026-04-17,154.57645738110472,172.05203074568414,233.89096465253104
2026-04-18,154.4743065291447,171.7781011410015,233.67134943813724
2026-04-19,154.5756006575103,172.2759359554425,233.3982418763256
2026-04-20,154.96747612686704,172.464298424744,233.9418292026749
2026-04-21,154.93512037098148,172.4474733371083,232.90911147314793
2026-04-22,154.9728902435498,172.54637529526428,234.6326282584398
2026-04-23,155.64123943331313,172.92536783243418,234.73565045418445
2026-04-24,157.68567139694082,176.00737663804958,236.04321432089492
2026-04-25,157.6811816254403,175.98557393920882,236.02640440038437
2026-04-26,158.34612706028005,177.7064724792488,236.07948552444225
2026-04-27,158.10177260151858,177.4599164520365,235.6823800806137
2026-04-28,157.96647147410675,177.2935407310328,232.39834766413972
2026-04-29,157.73950284229716,177.03543543329246,232.7235638658559
2026-04-30,156.79633809511756,176.49682191628588,238.0242818185019
2026-05-01,156.90092144118287,176.4574179387177,238.58067146814943
2026-05-02,156.89269599285655,176.3810969385986,238.6595216912173
2026-05-03,156.88764382461255,176.3343690990802,238.8187810445496
2026-05-04,157.04301901057477,176.49655062382973,239.4159508292707
2026-05-05,156.85886343857604,176.40359378160505,242.41319739443338
2026-05-06,156.70135988636517,176.3241413195308,246.3603554291076
2026-05-07,156.49446696437084,176.20312789919925,243.84046143023014
2026-05-08,156.5082771449434,176.21140672497228,246.52831599101444
2026-05-09,156.63429555351712,177.31912179842325,246.48254089572615
2026-05-10,156.63429555351712,177.31912179842325,246.6770845141209
2026-05-11,156.71820265808884,177.32067434380573,250.25274020051108
2026-05-12,157.54150497336465,179.49892229328896,248.77521262891898
2026-05-13,157.53865061643063,179.4711267948854,248.7882416384813
2026-05-14,157.33273204670877,180.16771228128292,251.3583552514002
2026-05-15,157.85452559483008,180.39627200934126,247.47095808940122
2026-05-16,158.06458662733579,180.9804564360768,247.34276490646698
2026-05-17,157.987391384919,180.6825818894987,247.368998201802
2026-05-18,157.99955764253306,180.7164233581962,244.57853579960124
2026-05-19,157.84221957995717,180.45897571885266,242.30431037025824
2026-05-20,158.26067416497344,180.57780143193403,245.5990841660009
2026-05-21,158.89933350858502,181.22245233681394,247.77223152195734
2026-05-22,159.2489418815827,181.2542621668602,249.37304997105437
2026-05-23,159.20046923027869,180.78407110381266,249.65566288318232
2026-05-24,159.20046923027869,180.78407110381266,249.76736064224218
2026-05-25,159.20046923027869,180.78407110381266,249.82998449023034
2026-05-26,159.4774447177381,181.07910481667142,253.30992210837522
2026-05-27,159.42476491523036,180.6691366016661,252.7334246103569
2026-05-28,159.50993680538815,180.5326505412599,254.31754318494788
2026-05-29,159.25200982702887,180.3787113629486,257.5688734035414
2026-05-30,159.1923684114771,179.81339211236437,257.75101039080226
2026-05-31,159.27425991265488,179.87693846739757,257.89960486861685
2026-06-01,159.33528407779733,179.73989768746458,260.08302365330087
2026-06-02,159.2723364623123,179.49530901234002,262.20518128272613
2026-06-03,159.5297736095343,179.49025924144576,261.17243466263136
2026-06-04,159.65191316851056,179.34752571274217,259.99366997410647
2026-06-05,159.53557876642972,179.56855839799604,249.3860100257434
2026-06-06,159.53557876642972,179.56855839799604,249.3053279351816
2026-06-07,159.40162615845,179.4625999329189,249.88000041031367
2026-06-08,159.47057434251286,179.73267745508716,252.49119251536285
2026-06-09,159.55622397251273,179.75496823616317,250.5139341147093
2026-06-10,159.83185377020013,180.1863941033954,245.6308875252646
2026-06-11,160.433624601822,180.56261998760323,253.41134894739193
2026-06-12,161.7595659338913,181.11038117624156,256.4455078159257
2026-06-13,161.7595659338913,181.11038117624156,256.58838424909214
2026-06-14,161.78131316890313,181.1277592041392,256.93814148699397
2026-06-15,161.8827716199647,181.19171932405408,264.1938554801418
2026-06-16,161.97030475709226,182.16137270328625,262.1634556672214
2026-06-17,162.05198842175724,182.10418896027969,262.6487858924353
2026-06-18,162.00893323656936,182.07806367802826,265.98842207982574
2026-06-19,162.04343473750293,182.61557435292465,266.0815957238391
2026-06-20,162.04343473750293,182.61557435292465,266.1598971323449
2026-06-21,162.04695987695868,182.6021922752236,265.95002498569266
2026-06-22,162.0823170172823,182.5217106085014,268.68038153837995
2026-06-23,162.06488045667305,182.433904579923,260.4727422566165
2026-06-24,162.3440828352627,182.6132889710209,259.2560574812668
2026-06-25,162.59012233818518,182.19798168552742,262.8624319510452
2026-06-26,163.14312230887455,182.3128486996581,258.29169563861285
2026-06-27,163.25822794725434,182.4261704172962,258.1699609669871
