trade_zeile,symbol,entry_time,exit_time,result,pnl_pct,entry_price,exit_price,kerzen,ausgefuehrt
0,COST,2016-09-01,2016-09-15,sma_exit,-2.57,131.9610137939453,128.9705352783203,10,True
1,ABBV,2016-09-01,2016-09-06,sma_exit,0.61,42.474876403808594,42.8596076965332,3,True
2,BX,2016-09-01,2016-09-08,sma_exit,-0.82,17.277231216430664,17.187406539916992,5,True
3,SLB,2016-09-01,2016-09-07,sma_exit,-0.11,59.566165924072266,59.6800422668457,4,True
4,DE,2016-09-01,2016-09-06,sma_exit,0.8,71.4134521484375,72.19981384277344,3,True
5,MAR,2016-09-02,2016-09-15,sma_exit,-2.65,64.6441879272461,63.12282943725586,9,True
6,DHR,2016-09-06,2016-09-19,sma_exit,-3.68,66.96917724609375,64.70317077636719,10,True
7,AVGO,2016-09-06,2016-09-14,sma_exit,-1.17,13.116199493408203,13.001980781555176,7,True
8,MNST,2016-09-07,2016-09-15,sma_exit,-4.12,25.36166763305664,24.39166641235352,7,True
9,ACN,2016-09-08,2016-09-19,sma_exit,-1.9,94.85989379882812,93.33943939208984,8,True
10,AMD,2016-09-08,2016-09-14,sma_exit,-3.35,6.230000019073486,6.039999961853027,5,True
11,ORCL,2016-09-08,2016-09-15,sma_exit,0.04,35.072593688964844,35.19316864013672,6,True
12,ADI,2016-09-08,2016-09-14,sma_exit,-1.1,51.060279846191406,50.6528549194336,5,True
13,DE,2016-09-09,2016-09-16,sma_exit,-0.64,70.2851791381836,70.04584503173828,6,True
14,PM,2016-09-09,2016-09-15,sma_exit,1.97,59.55415344238281,60.90349960327149,5,True
15,T,2016-09-09,2016-09-15,sma_exit,1.56,14.930294036865234,15.208521842956545,5,True
16,UPS,2016-09-09,2016-09-19,sma_exit,-0.77,72.90958404541016,72.56409454345703,7,True
17,MCO,2016-09-09,2016-09-15,sma_exit,1.65,97.08345794677734,98.97738647460938,5,True
18,CB,2016-09-09,2016-09-15,sma_exit,0.62,104.38025665283205,105.33771514892578,5,True
19,TXN,2016-09-09,2016-09-14,sma_exit,1.38,50.72737503051758,51.57954406738281,4,True
20,ETN,2016-09-09,2016-09-19,sma_exit,-0.8,51.57958221435547,51.31993865966797,7,True
21,LIN,2016-09-09,2016-09-15,sma_exit,0.38,99.83480072021484,100.51504516601562,5,True
22,BRK-B,2016-09-09,2016-09-21,sma_exit,-0.41,146.6199951171875,146.4600067138672,9,True
23,CME,2016-09-09,2016-09-12,sma_exit,1.71,72.51500701904297,73.9714584350586,2,False
24,MDT,2016-09-09,2016-09-12,sma_exit,1.27,65.36688232421875,66.39122772216797,2,False
25,ABT,2016-09-09,2016-09-15,sma_exit,-0.03,33.972747802734375,34.06388854980469,5,False
26,RTX,2016-09-09,2016-09-15,sma_exit,-0.27,51.453895568847656,51.468936920166016,5,False
27,ADBE,2016-09-09,2016-09-15,sma_exit,-0.06,99.37999725341795,99.62000274658205,5,False
28,MO,2016-09-09,2016-09-21,sma_exit,0.56,32.151424407958984,32.42692947387695,9,False
29,LMT,2016-09-09,2016-09-15,sma_exit,0.18,182.74974060058597,183.63299560546875,5,False
30,GLW,2016-09-09,2016-09-15,sma_exit,0.64,17.40414810180664,17.56745147705078,5,False
31,SYK,2016-09-09,2016-09-15,sma_exit,2.38,98.97533416748048,101.62567138671876,5,False
32,LRCX,2016-09-09,2016-09-12,sma_exit,2.33,7.963155746459961,8.172577857971191,2,False
33,TMUS,2016-09-09,2016-09-14,sma_exit,2.46,42.44400024414063,43.61348724365234,4,False
34,CSCO,2016-09-09,2016-09-15,sma_exit,1.19,22.924850463867188,23.266681671142575,5,False
35,PEP,2016-09-09,2016-09-15,sma_exit,1.07,77.14807891845703,78.2083740234375,5,False
36,MSFT,2016-09-09,2016-09-15,sma_exit,1.44,49.91263961791992,50.78284454345703,5,False
37,MRSH,2016-09-09,2016-09-15,sma_exit,0.32,55.740272521972656,56.08658218383789,5,False
38,PFE,2016-09-09,2016-09-12,sma_exit,1.31,20.53988647460937,20.871170043945312,2,False
39,AMAT,2016-09-09,2016-09-14,sma_exit,1.68,25.93966484069824,26.451988220214844,4,False
40,PG,2016-09-09,2016-09-12,sma_exit,2.03,65.6773910522461,67.20814514160156,2,False
41,PWR,2016-09-13,2016-09-19,sma_exit,1.87,24.38627815246582,24.91576766967773,5,False
42,CME,2016-09-23,2016-10-06,sma_exit,-2.46,72.81584930419922,71.2431640625,10,True
43,BAC,2016-09-26,2016-09-28,sma_exit,1.62,12.132416725158691,12.365577697753906,3,True
44,PNC,2016-09-26,2016-09-28,sma_exit,1.57,63.276123046875,64.4584732055664,3,True
45,ICE,2016-09-27,2016-10-05,sma_exit,-2.21,48.30878448486328,47.386863708496094,7,True
46,KKR,2016-09-27,2016-09-30,sma_exit,1.48,11.94517707824707,12.158333778381348,4,True
47,AMGN,2016-09-28,2016-10-04,sma_exit,-1.57,125.94830322265624,124.34524536132812,5,True
48,SO,2016-09-29,2016-10-10,sma_exit,-4.72,34.50273895263672,32.97813034057617,8,True
49,BNY,2016-09-29,2016-09-30,sma_exit,1.8,30.268539428710938,30.903993606567383,2,True
50,DUK,2016-09-29,2016-10-10,sma_exit,-4.35,53.518341064453125,51.352569580078125,8,True
51,MNST,2016-09-29,2016-10-06,sma_exit,0.64,24.22833251953125,24.456666946411133,6,True
52,PM,2016-09-30,2016-10-10,sma_exit,-1.3,59.97312545776367,59.37474060058594,7,True
53,NEE,2016-09-30,2016-10-07,sma_exit,-0.77,23.681257247924805,23.568967819213867,6,True
54,LMT,2016-09-30,2016-10-13,sma_exit,-3.11,184.1168365478516,178.9478759765625,10,True
55,PLD,2016-10-04,2016-10-12,sma_exit,-2.23,38.849735260009766,38.098106384277344,7,True
56,NEM,2016-10-04,2016-10-12,sma_exit,0.49,26.820743560791016,27.03217887878418,7,True
57,EQIX,2016-10-04,2016-10-10,sma_exit,0.63,291.0887756347656,293.8090515136719,5,True
58,WELL,2016-10-04,2016-10-13,sma_exit,-3.07,50.36194610595703,48.96768951416016,8,True
59,VZ,2016-10-04,2016-10-12,sma_exit,-1.05,29.929859161376957,29.704265594482425,7,True
60,WMT,2016-10-06,2016-10-13,sma_exit,-1.93,19.56375503540039,19.245027542114254,6,True
61,TMUS,2016-10-06,2016-10-10,sma_exit,1.13,43.261695861816406,43.87971878051758,3,True
62,FTNT,2016-10-07,2016-10-18,sma_exit,-11.73,6.998000144958496,6.197999954223633,8,True
63,T,2016-10-07,2016-10-11,sma_exit,0.29,14.851008415222168,14.938882827758787,3,True
64,MDT,2016-10-11,2016-10-18,sma_exit,0.12,64.40056610107422,64.67146301269531,6,True
65,CSCO,2016-10-11,2016-10-18,sma_exit,-2.23,23.25666618347168,22.80711555480957,6,True
66,MMM,2016-10-11,2016-10-14,sma_exit,0.08,102.63641357421876,103.02955627441406,4,True
67,STX,2016-10-11,2016-10-18,sma_exit,0.38,23.560205459594727,23.721302032470703,6,True
68,LIN,2016-10-11,2016-10-18,sma_exit,0.86,99.59671783447266,100.75314331054688,6,True
69,BKNG,2016-10-11,2016-10-18,sma_exit,-0.58,57.14688873291016,56.98824691772461,6,True
70,ADI,2016-10-11,2016-10-14,sma_exit,-0.36,51.63399505615234,51.60074234008789,4,True
71,MU,2016-10-11,2016-10-14,sma_exit,1.3,16.440814971923828,16.704097747802734,4,True
72,PANW,2016-10-11,2016-10-20,sma_exit,-4.76,25.913333892822266,24.75666618347168,8,True
73,AMAT,2016-10-11,2016-10-19,sma_exit,-1.42,25.74193382263184,25.454315185546875,7,True
74,JCI,2016-10-11,2016-10-18,sma_exit,-0.91,31.811952590942383,31.617807388305664,6,True
75,GD,2016-10-11,2016-10-14,sma_exit,0.86,121.05413818359376,122.4621353149414,4,True
76,DHR,2016-10-11,2016-10-18,sma_exit,-0.18,64.41096496582031,64.4869155883789,6,False
77,INTC,2016-10-12,2016-10-14,sma_exit,0.56,30.08467483520508,30.343955993652344,3,True
78,TXN,2016-10-12,2016-10-17,sma_exit,-0.36,52.08932876586914,52.05890274047852,4,True
79,UNP,2016-10-12,2016-10-14,sma_exit,0.67,76.99774932861328,77.74439239501953,3,True
80,SCHW,2016-10-13,2016-10-14,sma_exit,1.42,27.65102195739746,28.1260986328125,2,True
81,COF,2016-10-13,2016-10-17,sma_exit,0.7,59.705055236816406,60.30150985717773,3,True
82,PNC,2016-10-13,2016-10-18,sma_exit,1.88,63.78685760498047,65.17951202392578,4,True
83,APH,2016-10-13,2016-10-19,sma_exit,1.93,14.453529357910156,14.77548122406006,5,False
84,WMB,2016-10-13,2016-10-19,sma_exit,2.61,17.679439544677734,18.19408416748047,5,False
85,GLW,2016-10-13,2016-10-17,sma_exit,0.69,18.041837692260746,18.2206974029541,3,False
86,PFE,2016-10-13,2016-10-26,sma_exit,-1.4,19.73274040222168,19.51590156555176,10,False
87,TMO,2016-10-13,2016-10-19,sma_exit,-0.45,147.89942932128906,147.67572021484375,5,False
88,ABBV,2016-10-14,2016-10-18,sma_exit,1.99,40.282318115234375,41.20620727539063,3,True
89,WDC,2016-10-14,2016-10-25,sma_exit,-2.51,36.706172943115234,35.89627456665039,8,True
90,KKR,2016-10-14,2016-10-19,sma_exit,0.65,11.72349739074707,11.834338188171388,4,True
91,LLY,2016-10-17,2016-10-31,time_exit,-6.27,67.15272521972656,63.1422119140625,11,True
92,QCOM,2016-10-17,2016-10-18,sma_exit,1.1,50.04037094116211,50.73888397216797,2,True
93,AMZN,2016-10-17,2016-10-21,sma_exit,0.44,40.647499084472656,40.949501037597656,5,True
94,JPM,2016-10-17,2016-10-18,sma_exit,0.49,52.0237922668457,52.43428039550781,2,True
95,COP,2016-10-17,2016-10-19,sma_exit,1.21,30.34307098388672,30.80079460144043,3,True
96,PG,2016-10-19,2016-10-25,sma_exit,1.37,65.64724731445312,66.74468994140625,5,True
97,UPS,2016-10-20,2016-10-24,sma_exit,0.68,72.7537841796875,73.4650650024414,3,True
98,UNP,2016-10-20,2016-11-02,sma_exit,-2.45,72.76695251464844,71.20146942138672,10,True
99,CMCSA,2016-10-20,2016-10-24,sma_exit,0.65,23.34126281738281,23.562524795532227,3,True
100,MMM,2016-10-21,2016-10-24,sma_exit,0.74,102.52747344970705,103.59814453125,2,True
101,MCO,2016-10-21,2016-11-04,time_exit,-4.83,93.09520721435548,88.87932586669922,11,True
102,BLK,2016-10-24,2016-10-31,sma_exit,-0.85,269.7117004394531,268.2182312011719,6,True
103,MRSH,2016-10-25,2016-10-31,sma_exit,0.8,53.23418426513672,53.82002639770508,5,True
104,CAT,2016-10-25,2016-11-04,sma_exit,-2.87,68.4377670288086,66.6798324584961,9,True
105,HCA,2016-10-26,2016-11-04,sma_exit,-4.86,73.11432647705078,69.77955627441406,8,True
106,MDT,2016-10-26,2016-10-31,sma_exit,0.81,62.79056167602539,63.48716354370117,4,True
107,SLB,2016-10-27,2016-11-07,sma_exit,-0.11,60.431640625,60.54552459716797,8,True
108,EQIX,2016-10-27,2016-11-07,sma_exit,-0.7,289.802734375,288.6322631835937,8,True
109,LIN,2016-10-27,2016-11-07,sma_exit,0.49,99.11203002929688,99.89434051513672,8,True
110,CME,2016-10-27,2016-11-02,sma_exit,0.77,68.46016693115234,69.19181060791016,5,True
111,INTC,2016-10-28,2016-11-07,sma_exit,0.31,28.148170471191406,28.32047843933105,7,True
112,UNH,2016-10-28,2016-11-07,sma_exit,0.83,119.55088806152344,120.8967742919922,7,True
113,GLW,2016-10-28,2016-11-07,sma_exit,1.02,17.637453079223633,17.87074851989746,7,True
114,AMZN,2016-10-28,2016-11-07,sma_exit,0.81,38.81600189208984,39.24649810791016,7,True
115,COF,2016-10-31,2016-11-04,sma_exit,-1.57,62.200103759765625,61.41043472290039,5,True
116,GOOG,2016-10-31,2016-11-07,sma_exit,-0.56,38.88417053222656,38.78405380249024,6,True
117,SPGI,2016-10-31,2016-11-03,sma_exit,0.23,105.21061706542967,105.7718734741211,4,True
118,AAPL,2016-11-01,2016-11-07,sma_exit,-0.76,25.49616050720215,25.37881851196289,5,True
119,NFLX,2016-11-01,2016-11-07,sma_exit,0.74,12.329999923706056,12.458000183105469,5,True
120,GOOGL,2016-11-02,2016-11-07,sma_exit,1.43,39.074520111083984,39.74903869628906,4,True
121,MU,2016-11-02,2016-11-07,sma_exit,3.9,16.265287399291992,16.94788360595703,4,True
122,AXP,2016-11-02,2016-11-07,sma_exit,2.07,57.324012756347656,58.68157577514648,4,True
123,SCHW,2016-11-02,2016-11-07,sma_exit,3.72,27.325515747070312,28.425216674804688,4,True
124,STX,2016-11-02,2016-11-07,sma_exit,5.83,21.91569328308105,23.25814819335937,4,False
125,C,2016-11-02,2016-11-07,sma_exit,2.68,35.93064498901367,37.00010681152344,4,False
126,TXN,2016-11-02,2016-11-07,sma_exit,0.68,52.37846374511719,52.89197540283203,4,False
127,LMT,2016-11-03,2016-11-09,sma_exit,5.88,183.33343505859372,194.6698455810547,5,True
128,META,2016-11-03,2016-11-08,sma_exit,3.22,118.95538330078124,123.13864135742188,4,False
129,BKNG,2016-11-03,2016-11-07,sma_exit,2.64,56.32748794555664,57.98155212402344,3,False
130,ANET,2016-11-03,2016-11-07,sma_exit,4.28,5.130000114440918,5.364999771118164,3,False
131,MSFT,2016-11-03,2016-11-07,sma_exit,1.74,52.57653427124024,53.65098190307617,3,False
132,MRVL,2016-11-03,2016-11-07,sma_exit,1.44,11.792657852172852,11.99807357788086,3,False
133,PG,2016-11-04,2016-11-07,sma_exit,1.44,65.29422760009766,66.43004608154297,2,True
134,JPM,2016-11-04,2016-11-07,sma_exit,2.83,52.480743408203125,54.12271499633789,2,True
135,BA,2016-11-04,2016-11-07,sma_exit,2.2,128.3876190185547,131.59872436523438,2,True
136,AMD,2016-11-04,2016-11-07,sma_exit,5.8,6.559999942779541,6.960000038146973,2,True
137,PEP,2016-11-04,2016-11-07,sma_exit,0.79,78.4530029296875,79.3056869506836,2,False
138,NVDA,2016-11-04,2016-11-07,sma_exit,5.18,1.659539818763733,1.7504127025604248,2,False
139,CB,2016-11-04,2016-11-07,sma_exit,0.83,103.97022247314452,105.14413452148438,2,False
140,NFLX,2016-11-10,2016-11-16,sma_exit,-0.5,11.541999816894531,11.519000053405762,5,True
141,V,2016-11-14,2016-11-16,sma_exit,2.08,73.03876495361328,74.77996826171875,3,True
142,AMZN,2016-11-14,2016-11-15,sma_exit,3.06,35.95349884033203,37.1619987487793,2,True
143,ADBE,2016-11-14,2016-11-16,sma_exit,1.32,102.41999816894533,104.08000183105467,3,True
144,AVGO,2016-11-14,2016-11-16,sma_exit,2.17,12.592927932739258,12.904335021972656,3,True
145,WMB,2016-11-28,2016-11-30,sma_exit,4.69,17.70365333557129,18.58762550354004,3,True
146,SPGI,2016-11-28,2016-12-09,sma_exit,-3.17,102.53730010986328,99.59283447265624,10,True
147,SLB,2016-11-29,2016-11-30,sma_exit,4.87,60.674564361572266,63.81002426147461,2,True
148,PSX,2016-11-29,2016-12-01,sma_exit,2.84,57.1460075378418,58.94244384765625,3,True
149,VLO,2016-11-30,2016-12-05,sma_exit,4.51,42.359161376953125,44.39592361450195,4,True
150,AMZN,2016-11-30,2016-12-05,sma_exit,0.87,37.52849960327149,37.96799850463867,4,True
151,MRVL,2016-12-01,2016-12-07,sma_exit,2.93,13.053155899047852,13.475128173828123,5,True
152,ADBE,2016-12-01,2016-12-05,sma_exit,2.15,99.51000213623048,101.9499969482422,3,True
153,TXN,2016-12-01,2016-12-07,sma_exit,2.24,53.96500015258789,55.33692932128906,5,True
154,DHR,2016-12-01,2016-12-08,sma_exit,0.63,64.98470306396484,65.59222412109375,6,True
155,NOW,2016-12-01,2016-12-06,sma_exit,2.97,15.41800022125244,15.92199993133545,4,True
156,GLW,2016-12-01,2016-12-06,sma_exit,1.65,18.40423393249512,18.764026641845703,4,True
157,CDNS,2016-12-01,2016-12-06,sma_exit,1.33,25.18000030517578,25.59000015258789,4,True
158,KLAC,2016-12-01,2016-12-06,sma_exit,2.58,6.528745174407959,6.717048168182373,4,True
159,APH,2016-12-01,2016-12-05,sma_exit,1.36,15.239001274108888,15.492448806762695,3,True
160,LRCX,2016-12-01,2016-12-06,sma_exit,4.23,8.63785457611084,9.029528617858888,4,True
161,AAPL,2016-12-01,2016-12-06,sma_exit,0.12,25.16735076904297,25.27307891845703,4,True
162,ACN,2016-12-01,2016-12-06,sma_exit,0.34,100.42134857177734,101.06146240234376,4,True
163,BKNG,2016-12-01,2016-12-05,sma_exit,1.06,57.95530700683594,58.74258041381836,3,True
164,NVDA,2016-12-01,2016-12-05,sma_exit,4.54,2.1556875705718994,2.2599780559539795,3,True
165,AVGO,2016-12-01,2016-12-07,sma_exit,3.24,12.51680850982666,12.95969295501709,5,True
166,INTC,2016-12-01,2016-12-06,sma_exit,2.54,27.561241149902344,28.344968795776367,4,True
167,TJX,2016-12-02,2016-12-07,sma_exit,1.11,33.637413024902344,34.11296081542969,4,True
168,CSCO,2016-12-02,2016-12-07,sma_exit,2.09,21.915515899658203,22.43998908996582,4,False
169,LMT,2016-12-08,2016-12-19,sma_exit,-3.03,200.4889678955078,195.0214385986328,8,True
170,MRSH,2016-12-14,2016-12-23,sma_exit,-0.33,58.19251251220703,58.175559997558594,8,True
171,JCI,2016-12-15,2016-12-20,sma_exit,0.76,34.3701286315918,34.734718322753906,4,True
172,FCX,2016-12-15,2016-12-20,sma_exit,-3.38,13.158284187316896,12.753000259399414,4,True
173,BKNG,2016-12-16,2016-12-20,sma_exit,0.91,58.136260986328125,58.840110778808594,3,True
174,ICE,2016-12-16,2016-12-20,sma_exit,-0.04,51.29327774047852,51.42612457275391,3,True
175,UPS,2016-12-16,2016-12-20,sma_exit,1.18,79.00081634521484,80.16729736328125,3,True
176,MRK,2016-12-21,2016-12-27,sma_exit,0.31,42.35604476928711,42.61262893676758,4,True
177,BX,2016-12-22,2017-01-03,sma_exit,0.16,18.26469612121582,18.34952735900879,7,True
178,CME,2016-12-22,2017-01-04,sma_exit,-1.93,82.94341278076172,81.58740234375,8,True
179,SBUX,2016-12-22,2017-01-04,sma_exit,-2.26,46.24945068359375,45.34246063232422,8,True
180,KKR,2016-12-27,2017-01-03,sma_exit,-0.87,13.729809761047363,13.652191162109377,5,True
181,ACN,2016-12-28,2017-01-11,sma_exit,-0.72,99.52518463134766,99.10697174072266,10,True
182,DIS,2016-12-28,2017-01-03,sma_exit,1.41,96.83976745605467,98.49246215820312,4,True
183,JCI,2016-12-28,2017-01-03,sma_exit,1.06,33.916385650634766,34.37821960449219,4,True
184,INTU,2016-12-28,2017-01-04,sma_exit,-0.72,107.00010681152344,106.55528259277344,5,True
185,BRK-B,2016-12-28,2017-01-03,sma_exit,-0.25,163.75,163.8300018310547,4,True
186,FCX,2016-12-29,2017-01-03,sma_exit,1.93,12.1405668258667,12.410757064819336,3,True
187,COF,2016-12-29,2017-01-03,sma_exit,1.72,73.5841293334961,75.07085418701172,3,True
188,SLB,2016-12-29,2017-01-03,sma_exit,0.41,64.30213165283203,64.76033782958984,3,True
189,BAC,2016-12-29,2017-01-03,sma_exit,2.11,17.75370216369629,18.18140983581543,3,True
190,ADBE,2016-12-30,2017-01-04,sma_exit,0.86,102.9499969482422,104.13999938964844,3,True
191,UPS,2016-12-30,2017-01-04,sma_exit,0.11,78.20269775390625,78.52333068847656,3,True
192,AVGO,2016-12-30,2017-01-09,sma_exit,-0.19,13.669425010681152,13.684887886047363,6,True
193,TT,2016-12-30,2017-01-03,sma_exit,0.89,50.344520568847656,50.94161224365234,2,True
194,COP,2016-12-30,2017-01-04,sma_exit,1.57,37.01705551147461,37.71103286743164,3,True
195,GOOG,2016-12-30,2017-01-03,sma_exit,1.56,38.25372695922852,38.963470458984375,2,True
196,CMCSA,2016-12-30,2017-01-04,sma_exit,0.89,25.14472007751465,25.44332504272461,3,False
197,HD,2016-12-30,2017-01-04,sma_exit,0.76,106.39837646484376,107.52520751953124,3,False
198,GOOGL,2016-12-30,2017-01-03,sma_exit,1.66,39.27425003051758,40.04541015625,2,False
199,MRVL,2016-12-30,2017-01-04,sma_exit,2.37,13.006266593933104,13.353226661682127,3,False
200,MAR,2016-12-30,2017-01-09,sma_exit,-0.82,75.94087219238281,75.54591369628906,6,False
201,MSFT,2016-12-30,2017-01-06,sma_exit,0.83,55.55104446411133,56.17681503295898,5,False
202,APH,2016-12-30,2017-01-04,sma_exit,0.79,15.379782676696776,15.546860694885254,3,False
203,COST,2017-01-03,2017-01-05,sma_exit,1.69,135.3499298095703,138.04457092285156,3,True
204,UNP,2017-01-03,2017-01-06,sma_exit,0.35,82.79496765136719,83.33605194091797,4,True
205,MCD,2017-01-03,2017-01-06,sma_exit,0.65,94.80191040039062,95.70538330078124,4,True
206,WM,2017-01-03,2017-01-11,sma_exit,-0.85,59.61348342895508,59.28379821777344,7,True
207,CB,2017-01-04,2017-01-17,sma_exit,-0.7,111.65340423583984,111.20342254638672,9,True
208,ADI,2017-01-05,2017-01-10,sma_exit,1.14,59.63618850708008,60.49742126464844,4,True
209,LIN,2017-01-05,2017-01-09,sma_exit,0.46,98.97603607177734,99.72903442382812,3,True
210,CVX,2017-01-06,2017-01-12,sma_exit,-0.88,77.40094757080078,76.95050048828125,5,True
211,PSX,2017-01-09,2017-01-18,sma_exit,-0.17,58.27655792236328,58.35286331176758,7,True
212,T,2017-01-09,2017-01-12,sma_exit,0.21,15.829187393188477,15.910656929016112,4,True
213,BRK-B,2017-01-10,2017-01-13,sma_exit,-0.03,161.47000122070312,161.89999389648438,4,True
214,STX,2017-01-11,2017-01-18,sma_exit,0.7,25.153568267822266,25.40600204467773,5,True
215,C,2017-01-12,2017-01-24,sma_exit,-4.5,43.98867416381836,42.139427185058594,8,True
216,AMD,2017-01-12,2017-01-23,sma_exit,-8.2,10.760000228881836,9.90999984741211,7,True
217,RTX,2017-01-17,2017-01-19,sma_exit,0.39,55.44681930541992,55.83001327514648,3,True
218,BX,2017-01-18,2017-01-23,sma_exit,-0.33,19.302244186401367,19.29570960998535,4,True
219,UNH,2017-01-18,2017-01-23,sma_exit,0.54,134.89883422851562,136.0362091064453,4,True
220,GS,2017-01-19,2017-01-24,sma_exit,0.68,188.7590484619141,190.6106109619141,4,True
221,BNY,2017-01-19,2017-01-25,sma_exit,-0.14,34.899356842041016,34.953834533691406,5,True
222,GE,2017-01-19,2017-01-26,sma_exit,-3.15,135.9356231689453,132.0591583251953,6,True
223,MRVL,2017-01-23,2017-01-24,sma_exit,3.71,13.08128833770752,13.606411933898926,2,True
224,SYK,2017-01-23,2017-01-27,sma_exit,1.25,109.44483947753906,111.13954162597656,5,True
225,MMM,2017-01-24,2017-01-27,sma_exit,0.56,107.12354278564452,108.0427703857422,4,True
226,PLD,2017-01-26,2017-02-02,sma_exit,-3.99,38.99150466918945,37.552467346191406,6,True
227,COP,2017-01-30,2017-02-02,sma_exit,2.25,35.053253173828125,35.946563720703125,4,True
228,CVX,2017-01-30,2017-02-02,sma_exit,0.05,74.07544708251953,74.33377838134766,4,True
229,UPS,2017-01-31,2017-02-08,sma_exit,-3.02,74.4439926147461,72.41796875,7,True
230,MA,2017-01-31,2017-02-03,sma_exit,-0.06,100.65155792236328,100.88819885253906,4,True
231,ADP,2017-02-01,2017-02-07,sma_exit,0.79,77.45751190185547,78.3032455444336,5,True
232,CB,2017-02-01,2017-02-03,sma_exit,1.88,109.07259368896484,111.44964599609376,3,True
233,TT,2017-02-01,2017-02-03,sma_exit,1.01,52.33039474487305,53.01471328735352,3,True
234,MPC,2017-02-01,2017-02-03,sma_exit,0.64,35.68581008911133,36.022396087646484,3,True
235,PSX,2017-02-01,2017-02-09,sma_exit,-2.16,56.00850296020508,54.96809005737305,7,True
236,WM,2017-02-01,2017-02-02,sma_exit,0.36,58.48072814941406,58.869606018066406,2,True
237,MRSH,2017-02-01,2017-02-02,sma_exit,2.87,57.52076721191406,59.34683227539063,2,True
238,GOOGL,2017-02-01,2017-02-03,sma_exit,0.3,40.40373229980469,40.64607620239258,3,True
239,PWR,2017-02-02,2017-02-03,sma_exit,2.71,34.83893966674805,35.88812255859375,2,True
240,SLB,2017-02-02,2017-02-10,sma_exit,-0.64,62.95804977416992,62.74419784545898,7,True
241,SCHW,2017-02-02,2017-02-09,sma_exit,2.23,34.534996032714844,35.40869903564453,6,True
242,LIN,2017-02-02,2017-02-10,sma_exit,-0.63,99.7889404296875,99.45525360107422,7,True
243,CAT,2017-02-03,2017-02-09,sma_exit,0.43,76.19371032714844,76.7491455078125,5,True
244,CME,2017-02-07,2017-02-10,sma_exit,-0.09,83.8544921875,84.03105163574219,4,True
245,WDC,2017-02-08,2017-02-13,sma_exit,1.5,51.96237564086914,52.8994255065918,4,True
246,BX,2017-02-09,2017-02-13,sma_exit,0.63,19.988740921020508,20.174251556396484,3,True
247,INTC,2017-02-09,2017-02-14,sma_exit,1.03,29.155750274658203,29.54220390319824,4,True
248,INTU,2017-02-09,2017-02-10,sma_exit,0.94,107.90106201171876,109.23948669433594,2,True
249,TXN,2017-02-10,2017-02-14,sma_exit,0.34,57.97128677368164,58.34150314331055,3,True
250,NVDA,2017-02-13,2017-02-21,sma_exit,2.18,2.665829658508301,2.731996536254883,6,True
251,MU,2017-02-14,2017-02-17,sma_exit,0.69,22.54517364501953,22.76945686340332,4,True
252,EQIX,2017-02-16,2017-02-24,sma_exit,1.98,309.2899475097656,316.3387756347656,6,True
253,FCX,2017-02-17,2017-03-01,sma_exit,-6.47,13.428476333618164,12.599892616271973,8,True
254,COP,2017-02-17,2017-02-28,sma_exit,-0.17,35.26300048828125,35.30754089355469,7,True
255,WDC,2017-02-22,2017-02-27,sma_exit,1.89,50.202880859375,51.30172729492188,4,True
256,SLB,2017-02-22,2017-02-27,sma_exit,1.41,61.23822021484375,62.283180236816406,4,True
257,UNP,2017-02-23,2017-02-28,sma_exit,1.44,86.17071533203125,87.66924285888672,4,True
258,NOW,2017-02-27,2017-03-07,sma_exit,-1.09,17.549999237060547,17.41200065612793,7,True
259,TT,2017-02-28,2017-03-01,sma_exit,1.77,53.24281311035156,54.34310150146485,2,True
260,MRVL,2017-02-28,2017-03-01,sma_exit,1.82,14.62853717803955,14.937986373901367,2,True
261,COST,2017-03-03,2017-03-15,sma_exit,-2.48,144.66128540039062,141.5005645751953,9,True
262,FTNT,2017-03-03,2017-03-08,sma_exit,2.35,7.25600004196167,7.447999954223633,4,True
263,INTC,2017-03-06,2017-03-09,sma_exit,0.4,29.24620056152344,29.45174789428711,4,True
264,SBUX,2017-03-07,2017-03-16,sma_exit,-2.79,45.71760559082031,44.5787239074707,8,True
265,CVX,2017-03-08,2017-03-21,sma_exit,-1.73,73.30644989013672,72.25646209716797,10,True
266,DUK,2017-03-08,2017-03-13,sma_exit,0.38,54.73426055908203,55.10906982421875,4,True
267,BX,2017-03-08,2017-03-13,sma_exit,4.0,19.279823303222656,20.107990264892575,4,True
268,NEE,2017-03-09,2017-03-10,sma_exit,0.72,25.3098201751709,25.56734275817871,2,True
269,IBM,2017-03-09,2017-03-16,sma_exit,-0.27,113.59757995605467,113.63603973388672,6,True
270,TSLA,2017-03-09,2017-03-13,sma_exit,0.22,16.32666778564453,16.411333084106445,3,True
271,WDC,2017-03-09,2017-03-13,sma_exit,1.64,50.06131362915039,51.032073974609375,3,True
272,STX,2017-03-09,2017-03-15,sma_exit,0.51,31.84618759155273,32.10541915893555,5,True
273,GS,2017-03-10,2017-03-16,sma_exit,-0.36,203.13079833984372,203.00001525878903,5,True
274,MRK,2017-03-13,2017-03-27,time_exit,-1.8,46.049949645996094,45.36082458496094,11,True
275,HCA,2017-03-14,2017-03-15,sma_exit,1.93,77.51432037353516,79.24653625488281,2,True
276,PNC,2017-03-14,2017-03-28,sma_exit,-5.01,91.96998596191406,87.63451385498047,11,True
277,COF,2017-03-15,2017-03-28,sma_exit,-6.69,76.30648040771484,71.427001953125,10,True
278,MS,2017-03-15,2017-03-16,sma_exit,0.75,34.97257614135742,35.338714599609375,2,True
279,BRK-B,2017-03-17,2017-03-31,time_exit,-3.85,172.82000732421875,166.67999267578125,11,True
280,USB,2017-03-20,2017-03-28,sma_exit,-3.12,37.99414825439453,36.92240905761719,7,True
281,BAC,2017-03-20,2017-03-28,sma_exit,-4.23,19.782867431640625,19.00580406188965,7,True
282,JPM,2017-03-20,2017-03-28,sma_exit,-1.89,70.1148910522461,69.00123596191406,7,True
283,CRM,2017-03-20,2017-03-28,sma_exit,-1.22,81.49018096923828,80.74310302734375,7,True
284,CME,2017-03-21,2017-03-31,sma_exit,-1.53,85.4053955078125,84.35448455810547,9,True
285,AXP,2017-03-21,2017-03-24,sma_exit,0.56,68.1938247680664,68.78314208984375,4,True
286,BNY,2017-03-21,2017-03-28,sma_exit,0.95,36.28236389160156,36.7357177734375,6,True
287,INTU,2017-03-21,2017-04-04,time_exit,-4.45,112.5111846923828,107.84527587890624,11,True
288,C,2017-03-21,2017-03-27,sma_exit,0.2,43.22829818725586,43.44428634643555,5,True
289,MS,2017-03-21,2017-03-28,sma_exit,-0.7,32.53938293457031,32.409706115722656,6,True
290,SCHW,2017-03-21,2017-03-28,sma_exit,-0.18,35.726749420166016,35.77092742919922,6,True
291,WDC,2017-03-21,2017-03-23,sma_exit,3.76,49.36021423339844,51.362403869628906,3,True
292,CSX,2017-03-21,2017-03-24,sma_exit,1.23,13.377427101135254,13.58269214630127,4,True
293,AVGO,2017-03-21,2017-03-24,sma_exit,1.07,16.78033447265625,17.009489059448242,4,True
294,WFC,2017-03-21,2017-03-28,sma_exit,-0.1,43.05265045166016,43.13744354248047,6,True
295,GS,2017-03-21,2017-03-28,sma_exit,-1.88,190.55267333984372,187.55128479003903,6,False
296,BKNG,2017-03-21,2017-03-27,sma_exit,1.12,68.43196105957031,69.40567779541016,5,False
297,STX,2017-03-21,2017-03-24,sma_exit,1.34,30.779483795166016,31.284290313720703,4,False
298,VRTX,2017-03-21,2017-03-24,sma_exit,0.24,89.5,89.9800033569336,4,False
299,NOW,2017-03-21,2017-03-27,sma_exit,0.82,16.785999298095703,16.974000930786133,5,False
300,PWR,2017-03-21,2017-03-28,sma_exit,1.29,35.211544036865234,35.77046203613281,6,False
301,JNJ,2017-03-22,2017-04-05,sma_exit,-1.46,97.50554656982422,96.37808990478516,11,False
302,GOOGL,2017-03-23,2017-03-29,sma_exit,0.92,41.613502502441406,42.12001419067383,5,True
303,ELV,2017-03-23,2017-03-28,sma_exit,-0.77,145.96115112304688,145.272705078125,4,True
304,GOOG,2017-03-23,2017-03-28,sma_exit,0.11,40.521728515625,40.687278747558594,4,False
305,UNH,2017-03-23,2017-03-30,sma_exit,-0.48,141.8824462890625,141.62493896484375,6,False
306,TMO,2017-03-23,2017-04-03,sma_exit,-0.35,150.7458038330078,150.67758178710938,8,False
307,MO,2017-03-24,2017-04-05,sma_exit,-1.99,38.00772857666016,37.363616943359375,9,True
308,BX,2017-03-24,2017-03-30,sma_exit,-0.27,19.66409492492676,19.670713424682617,5,True
309,PGR,2017-03-24,2017-03-28,sma_exit,0.51,30.50312805175781,30.750049591064453,3,True
310,PG,2017-03-24,2017-03-28,sma_exit,-0.09,70.05835723876953,70.20533752441406,3,False
311,GD,2017-03-27,2017-03-28,sma_exit,1.29,150.7469024658203,153.14431762695312,2,True
312,MMM,2017-03-27,2017-03-30,sma_exit,0.15,116.6811981201172,117.20195770263672,4,True
313,ICE,2017-03-27,2017-03-28,sma_exit,0.42,52.77871322631836,53.160789489746094,2,False
314,WM,2017-03-27,2017-03-30,sma_exit,1.16,61.12046813964844,62.0133056640625,4,False
315,DE,2017-03-27,2017-03-29,sma_exit,1.21,92.79623413085938,94.20126342773438,3,False
316,AMGN,2017-03-28,2017-04-04,sma_exit,-0.51,123.91204071044922,123.64875793457033,6,True
317,DHR,2017-03-29,2017-04-05,sma_exit,-0.12,72.4737548828125,72.60072326660156,6,True
318,ABT,2017-03-29,2017-04-11,sma_exit,-2.14,37.48048782348633,36.789581298828125,10,True
319,SO,2017-03-30,2017-04-03,sma_exit,0.28,33.70059585571289,33.8973503112793,3,True
320,NEE,2017-03-30,2017-04-04,sma_exit,0.8,25.18794250488281,25.465110778808597,4,True
321,MRVL,2017-03-31,2017-04-06,sma_exit,-1.35,14.364924430847168,14.214309692382812,5,True
322,PG,2017-04-03,2017-04-05,sma_exit,0.02,69.36991119384766,69.59424591064453,3,True
323,MRSH,2017-04-03,2017-04-05,sma_exit,0.25,62.56374740600586,62.90625381469727,3,True
324,ABBV,2017-04-03,2017-04-06,sma_exit,-0.22,43.97523498535156,44.00904846191406,4,True
325,ACN,2017-04-03,2017-04-10,sma_exit,-0.13,100.40428924560548,100.574951171875,6,True
326,TJX,2017-04-04,2017-04-11,sma_exit,0.07,33.58317565917969,33.70576095581055,6,True
327,NVDA,2017-04-04,2017-04-17,sma_exit,-1.84,2.4820210933685303,2.443848133087158,9,True
328,HD,2017-04-04,2017-04-06,sma_exit,0.32,116.83392333984376,117.55252075195312,3,True
329,MAR,2017-04-05,2017-04-12,sma_exit,-0.53,84.75343322753906,84.55985260009766,6,True
330,ADI,2017-04-05,2017-04-18,sma_exit,-3.59,67.29324340820312,65.08208465576172,9,True
331,CDNS,2017-04-05,2017-04-06,sma_exit,0.74,30.850000381469727,31.170000076293945,2,True
332,PWR,2017-04-05,2017-04-10,sma_exit,1.12,34.6134033203125,35.10368347167969,4,True
333,GLW,2017-04-05,2017-04-07,sma_exit,0.11,21.00180053710937,21.088321685791016,3,True
334,APH,2017-04-05,2017-04-11,sma_exit,-0.06,15.95772933959961,15.99671745300293,5,True
335,VLO,2017-04-05,2017-04-07,sma_exit,0.44,45.25768280029297,45.59142303466797,3,True
336,ORCL,2017-04-06,2017-04-11,sma_exit,0.11,38.34975051879883,38.50624847412109,4,True
337,IBM,2017-04-07,2017-04-17,sma_exit,-0.9,110.36621856689452,109.6994171142578,6,True
338,SYK,2017-04-10,2017-04-17,sma_exit,-0.12,118.2249984741211,118.44202423095705,5,True
339,COF,2017-04-10,2017-04-17,sma_exit,-0.02,70.23896789550781,70.43417358398438,5,True
340,MRK,2017-04-10,2017-04-12,sma_exit,0.5,44.901397705078125,45.26032638549805,3,True
341,T,2017-04-10,2017-04-12,sma_exit,0.15,15.914971351623535,15.985909461975098,3,True
342,PFE,2017-04-11,2017-04-17,sma_exit,-0.09,20.851612091064453,20.89462280273437,4,True
343,MU,2017-04-11,2017-04-17,sma_exit,-0.48,26.504226684570312,26.455469131469727,4,True
344,AAPL,2017-04-11,2017-04-20,sma_exit,0.27,32.6961784362793,32.88317108154297,7,True
345,INTC,2017-04-11,2017-04-18,sma_exit,-0.22,29.3859806060791,29.410646438598636,5,True
346,GOOGL,2017-04-11,2017-04-17,sma_exit,1.52,41.62490463256836,42.38069915771485,4,True
347,PWR,2017-04-12,2017-04-18,sma_exit,0.02,34.152549743652344,34.26041412353516,4,True
348,TXN,2017-04-12,2017-04-18,sma_exit,1.14,60.532012939453125,61.403602600097656,4,True
349,AVGO,2017-04-12,2017-04-18,sma_exit,1.56,16.25056266784668,16.553516387939453,4,True
350,NOW,2017-04-12,2017-04-17,sma_exit,1.97,16.898000717163086,17.281999588012695,3,True
351,MS,2017-04-12,2017-04-17,sma_exit,0.72,31.32659149169922,31.646953582763672,3,True
352,SCHW,2017-04-12,2017-04-19,sma_exit,-0.61,33.92451477050781,33.81848907470703,5,True
353,BAC,2017-04-12,2017-04-17,sma_exit,0.41,18.33396339416504,18.46347427368164,3,True
354,ADBE,2017-04-12,2017-04-17,sma_exit,0.17,129.3800048828125,129.99000549316406,3,True
355,WFC,2017-04-12,2017-04-20,sma_exit,0.42,40.94819641113281,41.24112701416016,6,True
356,CSCO,2017-04-12,2017-04-18,sma_exit,-0.15,24.86507797241211,24.903188705444336,4,False
357,JPM,2017-04-12,2017-04-17,sma_exit,0.24,66.89122772216797,67.25153350830078,3,False
358,C,2017-04-12,2017-04-17,sma_exit,0.52,43.5783576965332,43.93587112426758,3,False
359,PNC,2017-04-12,2017-04-17,sma_exit,1.78,84.91889953613281,86.68314361572266,3,False
360,AXP,2017-04-12,2017-04-20,sma_exit,4.06,67.72308349609375,70.67296600341797,6,False
361,MRSH,2017-04-12,2017-04-19,sma_exit,-0.4,62.3404655456543,62.28045272827149,5,False
362,SBUX,2017-04-12,2017-04-17,sma_exit,0.57,46.840213775634766,47.24695587158203,3,False
363,MSFT,2017-04-12,2017-04-17,sma_exit,0.08,58.66693115234375,58.89177322387695,3,False
364,SPGI,2017-04-13,2017-04-17,sma_exit,1.63,111.44303894042967,113.59754943847656,2,False
365,ADP,2017-04-13,2017-04-18,sma_exit,0.36,82.79752349853516,83.3453369140625,3,False
366,GS,2017-04-13,2017-04-24,sma_exit,-0.34,182.63624572753903,182.55441284179688,7,False
367,MRVL,2017-04-13,2017-04-18,sma_exit,1.13,13.818943977355955,14.01662540435791,3,False
368,PH,2017-04-13,2017-04-20,sma_exit,1.97,133.5697479248047,136.5961151123047,5,False
369,USB,2017-04-13,2017-04-20,sma_exit,1.1,35.19707489013672,35.690032958984375,5,False
370,MA,2017-04-13,2017-04-17,sma_exit,1.0,105.48745727539062,106.86270904541016,2,False
371,META,2017-04-13,2017-04-17,sma_exit,1.16,138.17660522460938,140.1889190673828,2,False
372,WM,2017-04-13,2017-04-18,sma_exit,0.3,61.23951721191406,61.60514068603516,3,False
373,CME,2017-04-13,2017-04-17,sma_exit,1.05,82.27403259277344,83.38882446289062,2,False
374,AMAT,2017-04-13,2017-04-18,sma_exit,1.11,33.927730560302734,34.40697479248047,3,False
375,BKNG,2017-04-13,2017-04-17,sma_exit,1.53,68.10411834716797,69.35123443603516,2,False
376,BRK-B,2017-04-13,2017-04-20,sma_exit,0.98,162.89999389648438,164.97999572753906,5,False
377,LRCX,2017-04-13,2017-04-17,sma_exit,1.43,11.057313919067385,11.248125076293944,2,False
378,AMD,2017-04-13,2017-04-18,sma_exit,4.9,12.3100004196167,12.949999809265137,3,False
379,HCA,2017-04-17,2017-04-25,sma_exit,-1.51,79.33917236328125,78.37579345703125,7,True
380,LLY,2017-04-17,2017-04-21,sma_exit,-0.89,71.3834457397461,70.95884704589844,5,True
381,KKR,2017-04-19,2017-04-20,sma_exit,1.84,14.669594764709473,14.982823371887209,2,True
382,DHR,2017-04-20,2017-04-26,sma_exit,-0.19,70.16292572021484,70.2391128540039,5,True
383,COP,2017-04-21,2017-04-25,sma_exit,1.9,35.4337272644043,36.21305847167969,3,True
384,TJX,2017-05-01,2017-05-02,sma_exit,1.32,33.99468994140625,34.54632568359375,2,True
385,ADI,2017-05-02,2017-05-05,sma_exit,0.07,63.48469924926758,63.72008514404297,4,True
386,COP,2017-05-02,2017-05-08,sma_exit,0.62,34.661800384521484,34.980960845947266,5,True
387,PG,2017-05-02,2017-05-08,sma_exit,0.08,67.20417785644531,67.46144104003906,5,True
388,SO,2017-05-03,2017-05-04,sma_exit,0.35,33.564903259277344,33.782020568847656,2,True
389,UNH,2017-05-03,2017-05-05,sma_exit,0.62,148.10572814941406,149.46200561523438,3,True
390,PFE,2017-05-03,2017-05-15,sma_exit,-0.39,20.56891441345215,20.55083656311035,9,True
391,DIS,2017-05-03,2017-05-09,sma_exit,0.1,103.6361846923828,104.05400848388672,5,True
392,ADP,2017-05-03,2017-05-12,sma_exit,-0.65,79.73120880126953,79.45320129394531,8,True
393,WELL,2017-05-03,2017-05-05,sma_exit,0.95,50.21611022949219,50.84209442138672,3,True
394,CAT,2017-05-04,2017-05-10,sma_exit,0.68,81.85887908935547,82.65776824951172,5,True
395,PWR,2017-05-05,2017-05-19,time_exit,-9.2,33.838775634765625,30.828487396240234,11,True
396,MS,2017-05-09,2017-05-10,sma_exit,0.33,32.81697082519531,33.02384948730469,2,True
397,BRK-B,2017-05-09,2017-05-15,sma_exit,-0.09,163.4600067138672,163.8000030517578,5,True
398,BX,2017-05-09,2017-05-15,sma_exit,0.1,20.438112258911133,20.5198917388916,5,True
399,INTC,2017-05-10,2017-05-16,sma_exit,-0.83,29.828235626220703,29.670854568481445,5,True
400,MCO,2017-05-11,2017-05-15,sma_exit,0.17,105.99762725830078,106.49288177490234,3,True
401,ABT,2017-05-11,2017-05-22,sma_exit,-0.6,37.025978088378906,36.916202545166016,8,True
402,ABBV,2017-05-11,2017-05-12,sma_exit,0.86,44.59714126586914,45.116188049316406,2,True
403,WFC,2017-05-11,2017-05-19,sma_exit,-1.57,41.71678924560547,41.18893432617188,7,True
404,PH,2017-05-12,2017-05-19,sma_exit,0.04,136.8241729736328,137.2870330810547,6,True
405,CSCO,2017-05-12,2017-05-15,sma_exit,2.03,25.497758865356445,26.09232711791992,2,True
406,TT,2017-05-12,2017-05-16,sma_exit,0.61,59.34437942504883,59.88380432128906,3,True
407,UNH,2017-05-12,2017-05-18,sma_exit,-0.51,147.4791259765625,147.17010498046875,5,True
408,DIS,2017-05-16,2017-05-22,sma_exit,-0.62,100.25653839111328,99.93158721923828,5,True
409,MNST,2017-05-16,2017-05-19,sma_exit,1.58,23.405000686645508,23.84499931335449,4,True
410,VLO,2017-05-16,2017-05-23,sma_exit,-0.95,45.35323715209961,45.05808639526367,6,True
411,CSX,2017-05-17,2017-05-22,sma_exit,3.72,14.506388664245604,15.089929580688477,4,True
412,LLY,2017-05-17,2017-05-23,sma_exit,-0.49,68.14664459228516,68.01580810546875,5,True
413,BAC,2017-05-17,2017-05-23,sma_exit,3.33,18.26920890808105,18.93294906616211,5,True
414,WDC,2017-05-17,2017-05-22,sma_exit,2.94,57.808631896972656,59.68088150024414,4,True
415,META,2017-05-17,2017-05-22,sma_exit,2.04,143.5890655517578,146.9495849609375,4,True
416,CMCSA,2017-05-17,2017-05-19,sma_exit,1.67,27.865535736083984,28.41407012939453,3,True
417,HCA,2017-05-17,2017-05-22,sma_exit,0.62,75.55977630615234,76.25453186035156,4,True
418,LMT,2017-05-18,2017-05-19,sma_exit,1.75,208.154052734375,212.41339111328125,2,True
419,ORCL,2017-05-18,2017-05-22,sma_exit,0.74,38.50624847412109,38.90727615356445,3,True
420,CSCO,2017-05-18,2017-05-24,sma_exit,0.05,23.91986846923828,24.00371742248535,5,True
421,BA,2017-05-18,2017-05-19,sma_exit,1.59,167.1599578857422,170.3260040283203,2,True
422,LOW,2017-05-24,2017-06-01,sma_exit,0.43,67.12081146240234,67.60836791992188,6,True
423,VLO,2017-05-26,2017-06-02,sma_exit,-0.86,43.88455581665039,43.63860702514648,5,True
424,FTNT,2017-05-30,2017-06-05,sma_exit,0.26,7.829999923706055,7.874000072479248,5,True
425,BAC,2017-05-31,2017-06-07,sma_exit,0.55,18.199275970458984,18.353572845458984,6,True
426,JPM,2017-05-31,2017-06-06,sma_exit,0.69,64.34561920166016,64.98005676269531,5,True
427,AVGO,2017-06-01,2017-06-02,sma_exit,8.2,18.22285270690918,19.771778106689453,2,True
428,DELL,2017-06-05,2017-06-07,sma_exit,1.53,16.98154067993164,17.292570114135742,3,True
429,DIS,2017-06-06,2017-06-09,sma_exit,-0.19,97.95393371582033,98.06536102294922,4,True
430,MRK,2017-06-07,2017-06-09,sma_exit,0.22,45.98534393310547,46.22224807739258,3,True
431,ETN,2017-06-07,2017-06-12,sma_exit,0.79,62.38032531738281,63.06279754638672,4,True
432,CAT,2017-06-07,2017-06-08,sma_exit,1.15,85.25215911865234,86.48759460449219,2,True
433,PH,2017-06-07,2017-06-09,sma_exit,2.56,133.33111572265625,137.13853454589844,3,True
434,TT,2017-06-07,2017-06-13,sma_exit,1.45,59.693843841552734,60.7369270324707,5,True
435,KO,2017-06-08,2017-06-13,sma_exit,0.3,33.876094818115234,34.07919692993164,4,True
436,SBUX,2017-06-08,2017-06-19,sma_exit,-2.45,50.83959579467773,49.74502944946289,8,True
437,PEP,2017-06-08,2017-06-13,sma_exit,0.07,87.7557373046875,88.08134460449219,4,True
438,GLW,2017-06-09,2017-06-13,sma_exit,1.25,22.89160919189453,23.247434616088867,3,True
439,BKNG,2017-06-09,2017-06-19,sma_exit,0.21,72.15214538574219,72.52345275878906,7,True
440,MCO,2017-06-09,2017-06-13,sma_exit,1.5,107.50578308105467,109.43834686279295,3,True
441,CSX,2017-06-09,2017-06-13,sma_exit,1.25,15.614228248596191,15.855581283569336,3,True
442,NFLX,2017-06-09,2017-06-16,sma_exit,-3.88,15.803000450134276,15.23799991607666,6,True
443,MAR,2017-06-09,2017-06-13,sma_exit,1.13,94.69422149658205,96.0440902709961,3,True
444,ADBE,2017-06-09,2017-06-19,sma_exit,1.37,138.0500030517578,140.35000610351562,7,True
445,CRM,2017-06-09,2017-06-19,sma_exit,0.01,85.7858657836914,86.05126953125,7,True
446,TMUS,2017-06-09,2017-06-19,sma_exit,-0.03,60.69948196411133,60.861122131347656,7,True
447,PM,2017-06-12,2017-06-15,sma_exit,0.82,75.04371643066406,75.88754272460938,4,True
448,EQIX,2017-06-12,2017-06-15,sma_exit,1.81,355.8113098144531,363.30419921875,4,True
449,AAPL,2017-06-12,2017-06-19,sma_exit,0.33,33.70970916748047,33.922969818115234,6,True
450,MA,2017-06-12,2017-06-16,sma_exit,0.69,114.53572845458984,115.67386627197266,5,True
451,AMZN,2017-06-12,2017-06-16,sma_exit,2.06,48.24549865722656,49.385501861572266,5,True
452,CDNS,2017-06-12,2017-06-21,sma_exit,-0.18,34.22999954223633,34.27000045776367,8,True
453,DHR,2017-06-12,2017-06-14,sma_exit,0.16,71.16171264648438,71.49187469482422,3,True
454,MCD,2017-06-12,2017-06-14,sma_exit,1.19,119.27542877197266,121.05084228515624,3,False
455,ORCL,2017-06-12,2017-06-16,sma_exit,0.24,39.09906768798828,39.30828857421875,5,False
456,SYK,2017-06-12,2017-06-14,sma_exit,0.6,127.1689682006836,128.3175048828125,3,False
457,V,2017-06-12,2017-06-13,sma_exit,1.39,87.63318634033203,89.11406707763672,2,False
458,MSFT,2017-06-12,2017-06-19,sma_exit,1.26,63.11885452270508,64.10480499267578,6,False
459,KLAC,2017-06-15,2017-06-19,sma_exit,3.77,8.444043159484863,8.78764820098877,3,True
460,LRCX,2017-06-15,2017-06-20,sma_exit,0.8,13.153768539428713,13.29817008972168,4,True
461,NOW,2017-06-15,2017-06-19,sma_exit,2.01,20.25200080871582,20.71999931335449,3,True
462,AVGO,2017-06-15,2017-06-19,sma_exit,1.03,18.56568717956543,18.81220054626465,3,True
463,AMD,2017-06-16,2017-06-19,sma_exit,3.98,11.4399995803833,11.93000030517578,2,True
464,COST,2017-06-16,2017-06-28,sma_exit,-4.45,148.1522674560547,141.99961853027344,9,True
465,WMT,2017-06-16,2017-06-27,sma_exit,0.72,21.6754150390625,21.897241592407227,8,True
466,APH,2017-06-21,2017-06-23,sma_exit,0.17,17.177501678466797,17.257951736450195,3,True
467,MRSH,2017-06-22,2017-06-28,sma_exit,-0.26,67.44978332519531,67.47550964355469,5,True
468,CB,2017-06-22,2017-06-28,sma_exit,0.25,124.18504333496094,124.8656234741211,5,True
469,USB,2017-06-22,2017-06-27,sma_exit,-0.07,36.12664031982422,36.21115112304688,4,True
470,WFC,2017-06-23,2017-06-26,sma_exit,0.56,40.71540451049805,41.064727783203125,2,True
471,DUK,2017-06-23,2017-06-26,sma_exit,0.56,59.18645858764648,59.69596481323242,2,True
472,LOW,2017-06-23,2017-06-28,sma_exit,0.95,63.94340515136719,64.74193572998047,4,True
473,HD,2017-06-23,2017-06-28,sma_exit,0.97,121.49996948242188,123.04169464111328,4,True
474,SO,2017-06-23,2017-07-10,time_exit,-5.44,34.213863372802734,32.456485748291016,11,True
475,CMCSA,2017-06-23,2017-06-28,sma_exit,0.61,28.88947486877441,29.15276527404785,4,True
476,BRK-B,2017-06-23,2017-06-28,sma_exit,1.3,167.22000122070312,169.88999938964844,4,True
477,DE,2017-06-23,2017-06-28,sma_exit,0.09,107.62874603271484,108.04690551757812,4,True
478,PNC,2017-06-23,2017-06-27,sma_exit,1.01,87.51770782470703,88.66706085205078,3,True
479,TMO,2017-06-26,2017-06-28,sma_exit,1.17,169.0029754638672,171.48097229003906,3,True
480,MRVL,2017-06-27,2017-07-12,sma_exit,-2.45,15.805179595947266,15.464948654174805,11,True
481,LMT,2017-06-27,2017-06-28,sma_exit,0.49,217.73492431640625,219.4512481689453,2,True
482,MO,2017-06-27,2017-07-12,time_exit,-2.28,39.47505187988281,38.69477462768555,11,True
483,MAR,2017-06-27,2017-07-05,sma_exit,-0.16,93.4090576171875,93.53849792480467,6,True
484,TMUS,2017-06-27,2017-07-07,sma_exit,-1.94,58.00870132446289,57.05789566040039,8,True
485,NVDA,2017-06-27,2017-07-06,sma_exit,-2.41,3.613790273666382,3.537363290786743,7,True
486,PM,2017-06-27,2017-07-05,sma_exit,0.04,75.0341567993164,75.2882308959961,6,True
487,GD,2017-06-27,2017-06-28,sma_exit,0.7,162.32276916503906,163.947265625,2,True
488,INTU,2017-06-27,2017-07-07,sma_exit,-2.55,126.11460876464844,123.27204895019533,8,True
489,MRK,2017-06-29,2017-07-13,sma_exit,-2.55,46.525970458984375,45.4774169921875,10,True
490,JNJ,2017-06-29,2017-07-05,sma_exit,0.45,103.11183166503906,103.88922882080078,4,True
491,PG,2017-06-29,2017-07-05,sma_exit,0.48,67.80438995361328,68.33441162109375,4,True
492,WELL,2017-06-29,2017-07-03,sma_exit,1.39,54.26556015014648,55.1833610534668,3,True
493,AMD,2017-06-29,2017-07-05,sma_exit,4.38,12.600000381469728,13.1899995803833,4,True
494,DUK,2017-06-30,2017-07-07,sma_exit,-0.5,57.55462646484375,57.43756103515625,5,True
495,TSLA,2017-07-05,2017-07-11,sma_exit,-0.26,21.80599975585937,21.814666748046875,5,True
496,SBUX,2017-07-05,2017-07-07,sma_exit,-0.13,47.32723236083984,47.40890884399414,3,True
497,DHR,2017-07-06,2017-07-12,sma_exit,0.38,70.3131103515625,70.78791046142578,5,True
498,HCA,2017-07-06,2017-07-11,sma_exit,1.55,78.57958221435547,80.0339126586914,4,True
499,WMT,2017-07-10,2017-07-13,sma_exit,2.19,21.09636878967285,21.62067604064941,4,True
500,KO,2017-07-11,2017-07-12,sma_exit,0.11,33.5494384765625,33.6856689453125,2,True
501,MS,2017-07-12,2017-07-17,sma_exit,0.52,34.449012756347656,34.732505798339844,4,True
502,CME,2017-07-14,2017-07-20,sma_exit,-0.31,86.09603881835938,86.08891296386719,5,True
503,ELV,2017-07-18,2017-07-21,sma_exit,0.33,167.78591918945312,168.8487548828125,4,True
504,CSX,2017-07-19,2017-07-25,sma_exit,-0.9,15.266919136047363,15.175678253173828,5,True
505,HCA,2017-07-19,2017-07-24,sma_exit,0.71,78.95012664794922,79.7467269897461,4,True
506,SCHW,2017-07-19,2017-07-25,sma_exit,1.55,37.32885360717773,38.019309997558594,5,True
507,UNP,2017-07-20,2017-08-03,time_exit,-3.68,86.68531799316406,83.75337982177734,11,True
508,C,2017-07-21,2017-07-25,sma_exit,2.78,49.28814315795898,50.80411911010742,3,True
509,ETN,2017-07-21,2017-08-04,time_exit,-5.15,65.72614288330078,62.5360221862793,11,True
510,NOW,2017-07-24,2017-07-26,sma_exit,1.34,21.59000015258789,21.944000244140625,3,True
511,MO,2017-07-24,2017-07-27,sma_exit,1.52,38.04017639160156,38.7314338684082,4,True
512,HD,2017-07-24,2017-07-26,sma_exit,1.16,116.09587860107422,117.7901382446289,3,True
513,MCD,2017-07-24,2017-07-25,sma_exit,4.45,121.99078369140624,127.79102325439452,2,True
514,MDT,2017-07-24,2017-07-25,sma_exit,0.69,66.9566879272461,67.61769104003906,2,True
515,MMM,2017-07-25,2017-07-31,sma_exit,0.59,122.90084075927734,123.99798583984376,5,True
516,TT,2017-07-25,2017-08-04,sma_exit,-2.83,61.2788200378418,59.72773361206055,9,True
517,MU,2017-07-25,2017-08-07,sma_exit,-4.68,29.15660285949707,27.879173278808597,10,True
518,GD,2017-07-26,2017-08-01,sma_exit,0.66,159.5818328857422,161.1147918701172,5,True
519,HCA,2017-07-26,2017-08-09,time_exit,-4.84,75.61537170410156,72.1787338256836,11,True
520,WDC,2017-07-26,2017-08-09,time_exit,-13.18,63.40417098999024,55.23994445800781,11,True
521,LLY,2017-07-26,2017-07-28,sma_exit,1.24,71.3734359741211,72.47228240966797,3,True
522,PFE,2017-07-26,2017-07-28,sma_exit,0.49,20.408123016357425,20.56945037841797,3,True
523,TMO,2017-07-26,2017-08-01,sma_exit,-0.07,170.78826904296875,171.18826293945312,5,True
524,ELV,2017-07-26,2017-07-28,sma_exit,1.21,163.8359375,166.31581115722656,3,True
525,PANW,2017-07-27,2017-08-10,time_exit,-5.71,22.503332138061523,21.286666870117188,11,True
526,AMGN,2017-07-27,2017-08-02,sma_exit,1.04,130.4455108642578,132.1958770751953,5,True
527,GLW,2017-07-27,2017-08-02,sma_exit,0.65,23.318603515625,23.540010452270508,5,True
528,MRSH,2017-07-27,2017-08-01,sma_exit,1.44,66.68299102783203,67.84593200683594,4,True
529,FTNT,2017-07-27,2017-08-04,sma_exit,-4.41,7.684000015258789,7.368000030517578,7,True
530,RTX,2017-07-27,2017-08-02,sma_exit,1.1,60.52863311767578,61.375186920166016,5,True
531,GOOGL,2017-07-27,2017-08-04,sma_exit,-1.01,47.2069091796875,46.87385559082031,7,True
532,ABT,2017-07-28,2017-08-04,sma_exit,-1.01,42.11178588867188,41.814701080322266,6,True
533,MRVL,2017-07-28,2017-08-01,sma_exit,0.85,14.728070259094238,14.898119926452637,3,True
534,ABBV,2017-07-28,2017-08-02,sma_exit,0.08,48.53995895385742,48.72602081298828,4,True
535,AMZN,2017-07-31,2017-08-07,sma_exit,0.15,49.38899993896485,49.61349868774414,6,True
536,KLAC,2017-07-31,2017-08-07,sma_exit,-0.97,8.057807922363281,8.003873825073242,6,True
537,REGN,2017-07-31,2017-08-09,sma_exit,-3.87,487.0240783691406,469.657958984375,8,False
538,LIN,2017-07-31,2017-08-14,sma_exit,0.39,112.76901245117188,113.54878997802734,11,False
539,ORCL,2017-07-31,2017-08-03,sma_exit,0.3,43.69186782836914,43.95438766479492,4,False
540,ANET,2017-08-01,2017-08-04,sma_exit,16.11,9.237500190734863,10.753125190734863,4,True
541,MDT,2017-08-01,2017-08-04,sma_exit,-0.11,65.7212905883789,65.8471908569336,4,True
542,MSFT,2017-08-01,2017-08-04,sma_exit,-0.16,65.65157318115234,65.74201965332031,4,True
543,CSX,2017-08-01,2017-08-03,sma_exit,1.08,14.30445957183838,14.501664161682127,3,True
544,MCK,2017-08-01,2017-08-08,sma_exit,-2.78,150.2836151123047,146.55589294433594,6,False
545,LRCX,2017-08-02,2017-08-07,sma_exit,2.53,13.425738334655762,13.805787086486816,4,True
546,MCO,2017-08-02,2017-08-14,sma_exit,0.6,119.0551300048828,120.1226806640625,9,True
547,PM,2017-08-02,2017-08-07,sma_exit,0.92,72.69691467285156,73.58609771728516,4,True
548,AMAT,2017-08-02,2017-08-07,sma_exit,2.58,38.72548675537109,39.8402099609375,4,True
549,WMB,2017-08-03,2017-08-17,time_exit,-6.67,19.31930923461914,18.08774948120117,11,True
550,ADI,2017-08-03,2017-08-07,sma_exit,0.89,65.89793395996094,66.6842269897461,3,True
551,GILD,2017-08-04,2017-08-09,sma_exit,0.71,52.80702590942383,53.34113311767578,4,True
552,ICE,2017-08-07,2017-08-09,sma_exit,1.81,57.37273406982422,58.58489608764648,3,True
553,SPGI,2017-08-08,2017-08-09,sma_exit,1.38,129.20132446289062,131.37095642089844,2,True
554,MRSH,2017-08-08,2017-08-14,sma_exit,0.13,66.70884704589844,66.99310302734375,5,True
555,MRK,2017-08-08,2017-08-14,sma_exit,0.26,45.065242767333984,45.31833267211914,5,True
556,MPC,2017-08-08,2017-08-22,time_exit,-8.36,41.29558944702149,37.96846008300781,11,True
557,NEM,2017-08-08,2017-08-10,sma_exit,1.66,28.11346244812012,28.66408920288086,3,True
558,BKNG,2017-08-09,2017-08-23,sma_exit,-5.22,74.68553924560547,71.01234436035156,11,True
559,SCHW,2017-08-09,2017-08-23,sma_exit,-5.68,37.265872955322266,35.26155471801758,11,True
560,PH,2017-08-09,2017-08-15,sma_exit,-2.06,140.61416625976562,138.142822265625,5,True
561,MA,2017-08-10,2017-08-14,sma_exit,2.38,121.31056213378906,124.56019592285156,3,True
562,AMD,2017-08-10,2017-08-14,sma_exit,4.98,12.119999885559082,12.760000228881836,3,True
563,CRM,2017-08-10,2017-08-14,sma_exit,2.69,86.13973999023438,88.71517944335938,3,True
564,WM,2017-08-10,2017-08-14,sma_exit,0.69,63.98232269287109,64.61521911621094,3,True
565,VLO,2017-08-10,2017-08-14,sma_exit,0.59,46.99983215332031,47.41869735717773,3,True
566,AVGO,2017-08-10,2017-08-14,sma_exit,3.94,18.777868270874023,19.57358169555664,3,True
567,ABT,2017-08-10,2017-08-14,sma_exit,1.82,40.79607009887695,41.661895751953125,3,True
568,WELL,2017-08-10,2017-08-14,sma_exit,1.33,52.0445556640625,52.89229965209961,3,True
569,ORCL,2017-08-10,2017-08-14,sma_exit,1.26,42.09049987792969,42.746803283691406,3,True
570,TMUS,2017-08-10,2017-08-11,sma_exit,1.52,59.39687728881836,60.480804443359375,2,True
571,BX,2017-08-10,2017-08-22,sma_exit,-1.97,22.362499237060547,21.988636016845703,9,True
572,AXP,2017-08-10,2017-08-14,sma_exit,0.78,74.96452331542969,75.77127075195312,3,False
573,PSX,2017-08-10,2017-08-16,sma_exit,-0.19,58.988380432128906,59.05215835571289,5,False
574,C,2017-08-10,2017-08-14,sma_exit,0.7,50.43169784545898,50.93436050415039,3,False
575,GOOG,2017-08-10,2017-08-14,sma_exit,1.4,44.96554565429688,45.73031234741211,3,False
576,TT,2017-08-10,2017-08-15,sma_exit,1.14,57.560245513916016,58.3865852355957,4,False
577,KKR,2017-08-10,2017-08-22,sma_exit,0.46,16.388994216918945,16.513017654418945,9,False
578,WDC,2017-08-10,2017-08-14,sma_exit,4.3,54.012237548828125,56.49493408203125,3,False
579,AMGN,2017-08-10,2017-08-14,sma_exit,1.21,128.14199829101562,130.0817413330078,3,False
580,NOW,2017-08-10,2017-08-14,sma_exit,3.03,20.88400077819824,21.57999992370605,3,False
581,SYK,2017-08-10,2017-08-14,sma_exit,1.15,130.54171752929688,132.4375,3,False
582,UNH,2017-08-10,2017-08-15,sma_exit,0.7,165.98182678222656,167.6453857421875,4,False
583,DELL,2017-08-10,2017-08-14,sma_exit,6.93,16.10455322265625,17.269630432128906,3,False
584,NFLX,2017-08-10,2017-08-22,sma_exit,-0.18,16.913999557495117,16.93400001525879,9,False
585,AMZN,2017-08-10,2017-08-14,sma_exit,2.46,47.84600067138672,49.165000915527344,3,False
586,GOOGL,2017-08-10,2017-08-14,sma_exit,1.36,45.77361679077149,46.53387069702149,3,False
587,MS,2017-08-11,2017-08-22,sma_exit,-0.48,35.163902282714844,35.1022834777832,8,True
588,USB,2017-08-11,2017-08-14,sma_exit,1.12,36.85550308227539,37.37947463989258,2,False
589,JPM,2017-08-11,2017-08-15,sma_exit,1.13,72.00040435791016,73.03211212158203,3,False
590,BAC,2017-08-11,2017-08-14,sma_exit,2.05,19.376829147338867,19.83160400390625,2,False
591,PLD,2017-08-11,2017-08-14,sma_exit,2.41,46.47308349609375,47.73395538330078,2,False
592,MCK,2017-08-14,2017-08-22,sma_exit,-0.84,138.93267822265625,138.18716430664062,7,True
593,PSX,2017-08-17,2017-08-22,sma_exit,1.36,57.530155181884766,58.48320007324219,4,True
594,PFE,2017-08-18,2017-08-22,sma_exit,1.17,20.469629287719727,20.77037811279297,3,True
595,BLK,2017-08-18,2017-08-22,sma_exit,0.86,333.5195007324219,337.3787536621094,3,True
596,DE,2017-08-18,2017-08-31,sma_exit,-1.48,102.65640258789062,101.4487533569336,10,True
597,TSLA,2017-08-21,2017-08-23,sma_exit,4.11,22.52400016784668,23.51799964904785,3,True
598,ADP,2017-08-21,2017-08-24,sma_exit,1.35,84.60684967041016,86.00476837158203,4,True
599,BAC,2017-08-21,2017-08-22,sma_exit,1.62,18.98701286315918,19.352462768554688,2,True
600,C,2017-08-21,2017-08-22,sma_exit,1.06,49.4788818359375,50.15410232543945,2,True
601,MDT,2017-08-22,2017-08-29,sma_exit,-2.8,64.33635711669922,62.73108673095703,6,True
602,CB,2017-08-23,2017-09-07,time_exit,-6.79,123.673828125,115.64840698242188,11,True
603,KO,2017-08-24,2017-08-25,sma_exit,0.05,34.36677932739258,34.48786926269531,2,True
604,PEP,2017-08-25,2017-08-30,sma_exit,-0.21,87.72542572021484,87.80555725097656,4,True
605,PNC,2017-08-30,2017-09-01,sma_exit,0.38,92.6318588256836,93.25779724121094,3,True
606,PGR,2017-09-01,2017-09-08,sma_exit,-0.85,35.23331069946289,35.04039764404297,5,True
607,BNY,2017-09-05,2017-09-11,sma_exit,0.34,40.36341094970703,40.62356948852539,5,True
608,MA,2017-09-05,2017-09-07,sma_exit,2.62,126.0519561767578,129.7292022705078,3,True
609,NEE,2017-09-06,2017-09-11,sma_exit,1.82,29.54152107238769,30.16921043395996,4,True
610,GD,2017-09-06,2017-09-11,sma_exit,1.52,161.28695678710938,164.2300262451172,4,True
611,AXP,2017-09-07,2017-09-11,sma_exit,1.22,74.83155822753906,75.96630859375,3,True
612,BRK-B,2017-09-07,2017-09-11,sma_exit,1.93,173.99000549316406,177.8699951171875,3,True
613,AAPL,2017-09-08,2017-09-11,sma_exit,1.51,36.91630554199219,37.58421325683594,2,True
614,KKR,2017-09-08,2017-09-11,sma_exit,2.45,16.087787628173828,16.530738830566406,2,True
615,MRVL,2017-09-08,2017-09-12,sma_exit,1.73,16.296293258666992,16.626943588256836,3,True
616,REGN,2017-09-11,2017-09-20,sma_exit,-1.86,440.9488525390625,434.0737915039063,8,True
617,CDNS,2017-09-13,2017-09-14,sma_exit,1.22,37.45000076293945,38.02000045776367,2,True
618,VRTX,2017-09-14,2017-09-28,sma_exit,-2.75,153.3800048828125,149.6199951171875,11,True
619,ORCL,2017-09-15,2017-09-22,sma_exit,-1.49,42.65053939819336,42.14302062988281,6,True
620,ELV,2017-09-18,2017-09-26,sma_exit,-0.69,164.43927001953125,163.79930114746094,7,True
621,DUK,2017-09-20,2017-10-02,sma_exit,-1.29,59.2702522277832,58.68590545654297,9,True
622,PM,2017-09-20,2017-09-26,sma_exit,-0.43,72.04271697998047,71.9476318359375,5,True
623,WELL,2017-09-21,2017-10-05,time_exit,-5.4,53.22404098510742,50.511226654052734,11,True
624,PEP,2017-09-21,2017-10-05,sma_exit,-2.38,86.01359558105469,84.22163391113281,11,True
625,SYK,2017-09-21,2017-09-27,sma_exit,-0.09,127.60265350341795,127.87478637695312,5,True
626,KO,2017-09-21,2017-09-25,sma_exit,0.34,34.63261413574219,34.85383605957031,3,True
627,PANW,2017-09-21,2017-09-27,sma_exit,-0.4,23.34333229064941,23.31999969482422,5,True
628,CVS,2017-09-21,2017-09-25,sma_exit,1.98,59.8411865234375,61.20257568359375,3,True
629,AAPL,2017-09-21,2017-09-26,sma_exit,-0.46,35.69684600830078,35.638668060302734,4,True
630,AVGO,2017-09-21,2017-09-27,sma_exit,-0.22,18.828786849975582,18.844446182250977,5,True
631,MRK,2017-09-22,2017-10-02,sma_exit,-1.19,47.43786239624024,47.01542282104492,7,True
632,EQIX,2017-09-22,2017-09-27,sma_exit,-0.24,371.401123046875,371.628173828125,4,True
633,SO,2017-09-22,2017-09-28,sma_exit,-0.05,33.915184020996094,33.99854278564453,5,True
634,PLD,2017-09-22,2017-10-02,sma_exit,-0.44,49.89926910400391,49.828739166259766,7,True
635,TSLA,2017-09-22,2017-10-03,sma_exit,-1.14,23.4060001373291,23.209333419799805,8,True
636,NVDA,2017-09-25,2017-09-27,sma_exit,2.47,4.219554901123047,4.336270332336426,3,True
637,JNJ,2017-09-25,2017-10-02,sma_exit,-0.26,102.61773681640624,102.65687561035156,6,True
638,ADBE,2017-09-25,2017-09-28,sma_exit,1.26,144.57000732421875,146.8300018310547,4,True
639,FTNT,2017-09-25,2017-10-03,sma_exit,-2.48,7.510000228881836,7.34600019454956,7,True
640,CRM,2017-09-25,2017-09-29,sma_exit,0.73,90.89743041992188,91.83126831054688,5,True
641,AMZN,2017-09-25,2017-09-27,sma_exit,0.88,46.98949813842773,47.54349899291992,3,False
642,BKNG,2017-09-25,2017-09-29,sma_exit,-0.23,71.6597900390625,71.70954132080078,5,False
643,MA,2017-09-25,2017-09-28,sma_exit,0.88,131.66763305664062,133.21644592285156,4,False
644,MRVL,2017-09-25,2017-09-27,sma_exit,1.46,16.636396408081055,16.929256439208984,3,False
645,META,2017-09-25,2017-09-27,sma_exit,2.65,161.4521942138672,166.2203369140625,3,False
646,APH,2017-09-26,2017-09-28,sma_exit,0.51,18.80470466613769,18.95676040649414,3,True
647,ISRG,2017-09-26,2017-09-27,sma_exit,0.43,112.95999908447266,113.7866668701172,2,True
648,MCD,2017-09-26,2017-09-28,sma_exit,2.4,123.92677307128906,127.27238464355467,3,False
649,ABBV,2017-09-27,2017-09-28,sma_exit,4.67,58.40094757080078,61.302040100097656,2,True
650,TT,2017-09-27,2017-09-29,sma_exit,0.97,59.95938491821289,60.72208023071289,3,True
651,DHR,2017-09-28,2017-09-29,sma_exit,0.57,72.22038269042969,72.84884643554688,2,True
652,ETN,2017-09-28,2017-10-02,sma_exit,1.61,63.84498596191406,65.0616455078125,3,True
653,WMT,2017-09-29,2017-10-03,sma_exit,1.08,22.652454376220703,22.965545654296875,3,True
654,INTU,2017-09-29,2017-10-04,sma_exit,0.07,132.84228515625,133.33758544921875,4,True
655,ACN,2017-09-29,2017-10-05,sma_exit,0.55,116.47655487060548,117.46827697753906,5,True
656,PM,2017-10-03,2017-10-04,sma_exit,0.82,70.65243530273438,71.44109344482422,2,True
657,UNP,2017-10-04,2017-10-12,sma_exit,-0.37,93.45763397216795,93.39192199707033,7,True
658,UPS,2017-10-09,2017-10-10,sma_exit,0.53,81.77281188964844,82.44989776611328,2,True
659,C,2017-10-12,2017-10-18,sma_exit,0.74,54.29547882080078,54.85814666748047,5,True
660,COF,2017-10-12,2017-10-16,sma_exit,2.37,72.4749526977539,74.4112777709961,3,True
661,AMGN,2017-10-12,2017-10-17,sma_exit,1.58,139.41905212402344,142.03567504882812,4,True
662,MS,2017-10-13,2017-10-16,sma_exit,1.03,37.20518112182617,37.69816589355469,2,True
663,REGN,2017-10-13,2017-10-27,time_exit,-7.92,438.8189697265625,405.3943481445313,11,True
664,ELV,2017-10-13,2017-10-17,sma_exit,1.57,163.39932250976562,166.4480743408203,3,True
665,KKR,2017-10-13,2017-10-16,sma_exit,1.16,17.63810157775879,17.8950138092041,2,True
666,GS,2017-10-13,2017-10-16,sma_exit,1.33,196.4004669189453,199.59518432617188,2,True
667,VZ,2017-10-13,2017-10-17,sma_exit,0.83,29.636791229248047,29.971174240112305,3,True
668,GILD,2017-10-16,2017-10-19,sma_exit,1.75,58.06890106201172,59.260066986083984,4,True
669,HD,2017-10-16,2017-10-23,sma_exit,0.02,132.6463623046875,133.0663604736328,6,True
670,ANET,2017-10-16,2017-10-19,sma_exit,0.41,11.7993745803833,11.88312530517578,4,True
671,DHR,2017-10-16,2017-10-19,sma_exit,4.31,73.1460952758789,76.51759338378906,4,True
672,SCHW,2017-10-17,2017-10-20,sma_exit,2.67,38.48085784912109,39.62490463256836,4,True
673,ICE,2017-10-17,2017-10-31,sma_exit,-3.34,60.94370651245117,59.0931396484375,11,True
674,TMO,2017-10-17,2017-10-19,sma_exit,1.64,184.30813598632807,187.8914031982422,3,True
675,MRK,2017-10-17,2017-10-18,sma_exit,0.16,46.04670333862305,46.2579345703125,2,True
676,UNP,2017-10-18,2017-10-19,sma_exit,1.18,90.67288970947266,92.0118637084961,2,True
677,GD,2017-10-18,2017-10-20,sma_exit,1.35,173.16563415527344,176.0216827392578,3,True
678,PSX,2017-10-18,2017-10-20,sma_exit,0.32,64.18001556396484,64.57830047607422,3,True
679,APH,2017-10-19,2017-10-24,sma_exit,0.34,19.836870193481445,19.96358299255371,4,True
680,WMB,2017-10-19,2017-10-27,sma_exit,-3.61,18.59647750854492,17.980783462524414,7,True
681,AMD,2017-10-20,2017-10-23,sma_exit,1.8,13.8100004196167,14.100000381469728,2,True
682,PG,2017-10-20,2017-10-26,sma_exit,-1.15,69.84564971923828,69.2520523071289,5,True
683,AMZN,2017-10-23,2017-10-27,sma_exit,13.63,48.31499862670898,55.04750061035156,5,True
684,VRTX,2017-10-23,2017-10-27,sma_exit,-0.93,151.05999755859375,150.11000061035156,5,True
685,NEM,2017-10-24,2017-10-31,sma_exit,-2.91,29.264080047607425,28.499568939208984,6,True
686,TSLA,2017-10-25,2017-10-31,sma_exit,1.45,21.7226676940918,22.101999282836918,5,True
687,CME,2017-10-25,2017-10-26,sma_exit,1.75,96.07274627685548,98.04656219482422,2,True
688,BLK,2017-10-25,2017-10-26,sma_exit,0.62,377.9046325683594,381.392578125,2,True
689,AMGN,2017-10-25,2017-11-01,sma_exit,-1.47,135.406494140625,133.81973266601562,6,True
690,GD,2017-10-26,2017-11-03,sma_exit,-0.23,167.83212280273438,167.95555114746094,7,True
691,PFE,2017-10-26,2017-11-02,sma_exit,-1.08,22.393159866333008,22.217723846435547,6,True
692,GILD,2017-10-26,2017-11-09,time_exit,-6.54,56.565425872802734,53.0355224609375,11,True
693,MRSH,2017-10-26,2017-11-01,sma_exit,1.0,70.40106201171875,71.31826782226562,5,True
694,LMT,2017-10-26,2017-11-02,sma_exit,0.66,242.72657775878903,245.0680084228516,6,True
695,ABBV,2017-10-26,2017-10-27,sma_exit,2.35,62.14604187011719,63.79059600830078,2,True
696,BMY,2017-10-27,2017-10-31,sma_exit,2.57,43.58673858642578,44.83746337890625,3,True
697,CVX,2017-10-27,2017-11-01,sma_exit,1.78,77.47795104980469,79.08839416503906,4,True
698,LLY,2017-10-27,2017-11-02,sma_exit,-1.17,73.60157775878906,72.96085357666016,5,True
699,FCX,2017-10-30,2017-11-01,sma_exit,2.86,12.55486011505127,12.95113754272461,3,True
700,ABT,2017-10-30,2017-11-03,sma_exit,1.87,46.30986785888672,47.31642532348633,5,True
701,BRK-B,2017-10-31,2017-11-02,sma_exit,0.59,186.94000244140625,188.6100006103516,3,True
702,CSX,2017-10-31,2017-11-02,sma_exit,2.06,14.903303146362305,15.254972457885742,3,True
703,JNJ,2017-10-31,2017-11-03,sma_exit,0.18,109.06412506103516,109.58827209472656,4,True
704,TT,2017-11-01,2017-11-15,time_exit,-5.06,59.60527420043945,56.7656364440918,11,True
705,VZ,2017-11-02,2017-11-16,sma_exit,-5.97,29.38909912109375,27.72334289550781,11,True
706,PANW,2017-11-02,2017-11-03,sma_exit,1.89,23.87166786193848,24.393333435058597,2,True
707,PWR,2017-11-02,2017-11-08,sma_exit,-0.9,35.84890365600586,35.633182525634766,5,True
708,NEE,2017-11-02,2017-11-07,sma_exit,3.46,29.862340927124023,30.98422622680664,4,True
709,KKR,2017-11-02,2017-11-03,sma_exit,1.17,17.629241943359375,17.88836669921875,2,True
710,UPS,2017-11-03,2017-11-10,sma_exit,-1.5,80.5931625366211,79.6237564086914,6,True
711,DELL,2017-11-03,2017-11-07,sma_exit,1.69,20.616989135742188,21.027441024780277,3,True
712,ADP,2017-11-03,2017-11-14,sma_exit,-0.44,92.78485870361328,92.65259552001952,8,True
713,JPM,2017-11-07,2017-11-15,sma_exit,-0.87,78.22797393798828,77.78434753417969,7,True
714,BRK-B,2017-11-08,2017-11-21,sma_exit,-1.07,184.6000061035156,183.17999267578125,10,True
715,PNC,2017-11-08,2017-11-15,sma_exit,-0.59,98.70838928222656,98.41954040527344,6,True
716,BAC,2017-11-08,2017-11-15,sma_exit,-0.3,21.867578506469727,21.867578506469727,6,True
717,WFC,2017-11-08,2017-11-14,sma_exit,-0.71,42.72282791137695,42.54962539672852,5,True
718,AXP,2017-11-09,2017-11-17,sma_exit,-0.36,83.43254089355469,83.37915802001953,7,True
719,MMM,2017-11-09,2017-11-14,sma_exit,0.11,141.585693359375,142.1684112548828,4,True
720,BX,2017-11-10,2017-11-16,sma_exit,-2.04,22.538461685180664,22.1456356048584,5,True
721,KKR,2017-11-10,2017-11-16,sma_exit,1.21,17.209285736083984,17.46840476989746,5,True
722,COF,2017-11-10,2017-11-15,sma_exit,0.25,75.00885772705078,75.42198944091797,4,True
723,BLK,2017-11-10,2017-11-14,sma_exit,0.69,375.2303161621094,378.9518127441406,3,True
724,RTX,2017-11-10,2017-11-14,sma_exit,0.28,60.5986557006836,60.95266342163086,3,True
725,TMO,2017-11-10,2017-11-16,sma_exit,2.08,181.77932739257807,186.1046600341797,5,True
726,MS,2017-11-13,2017-11-16,sma_exit,-0.36,37.643341064453125,37.62010192871094,4,True
727,COP,2017-11-14,2017-11-22,sma_exit,-2.27,38.6761589050293,37.913665771484375,7,True
728,FCX,2017-11-14,2017-11-20,sma_exit,0.79,12.42877197265625,12.56386661529541,5,True
729,C,2017-11-14,2017-11-20,sma_exit,0.43,53.89601516723633,54.287818908691406,5,True
730,GS,2017-11-14,2017-11-16,sma_exit,0.6,195.3383636474609,197.0921173095703,3,True
731,PSX,2017-11-14,2017-11-16,sma_exit,0.06,66.02207946777344,66.25997161865234,3,True
732,PH,2017-11-14,2017-11-16,sma_exit,1.16,158.12521362304688,160.4398651123047,3,True
733,LIN,2017-11-15,2017-11-16,sma_exit,1.66,127.40178680419922,129.90325927734375,2,True
734,ETN,2017-11-15,2017-11-21,sma_exit,0.27,64.1324691772461,64.49593353271484,5,True
735,XOM,2017-11-15,2017-11-21,sma_exit,-0.72,55.21397018432617,54.98280334472656,5,True
736,AAPL,2017-11-15,2017-11-21,sma_exit,2.1,39.48966598510742,40.43791580200195,5,True
737,UNP,2017-11-15,2017-11-16,sma_exit,0.45,95.04304504394533,95.75773620605467,2,True
738,CVX,2017-11-16,2017-11-21,sma_exit,0.22,78.91267395019531,79.32593536376953,4,True
739,JNJ,2017-11-17,2017-11-24,sma_exit,-0.29,107.96101379394533,107.96884155273438,5,True
740,VRTX,2017-11-20,2017-11-22,sma_exit,1.36,144.63999938964844,147.0399932861328,3,True
741,GS,2017-11-27,2017-11-28,sma_exit,1.53,193.5845642089844,197.1250762939453,2,True
742,MU,2017-11-29,2017-12-06,sma_exit,-5.24,42.65250396728516,40.54621505737305,6,True
743,NOW,2017-11-29,2017-12-07,sma_exit,0.04,24.118000030517575,24.200000762939453,7,True
744,CRM,2017-11-29,2017-12-06,sma_exit,-0.89,101.76934051513672,101.16970825195312,6,True
745,NVDA,2017-11-29,2017-12-07,sma_exit,-2.56,4.850179672241211,4.740790367126465,7,True
746,AAPL,2017-11-29,2017-12-11,sma_exit,1.58,39.58308410644531,40.3281364440918,9,True
747,ADI,2017-11-29,2017-12-06,sma_exit,-0.07,72.82232666015625,72.99324035644531,6,True
748,LRCX,2017-12-01,2017-12-07,sma_exit,0.7,16.682159423828125,16.84868812561035,5,True
749,AMAT,2017-12-01,2017-12-07,sma_exit,0.45,47.2343635559082,47.589237213134766,5,True
750,VRTX,2017-12-04,2017-12-08,sma_exit,3.17,138.7899932861328,143.61000061035156,5,True
751,SO,2017-12-04,2017-12-06,sma_exit,0.81,35.3590202331543,35.752437591552734,3,True
752,GOOGL,2017-12-04,2017-12-06,sma_exit,1.76,50.14881134033203,51.18215560913086,3,True
753,TMO,2017-12-04,2017-12-07,sma_exit,1.68,177.72744750976562,181.24234008789065,4,True
754,QCOM,2017-12-04,2017-12-07,sma_exit,0.74,51.905853271484375,52.44453430175781,4,True
755,ANET,2017-12-04,2017-12-07,sma_exit,4.66,13.092499732971191,13.741250038146973,4,True
756,GOOG,2017-12-04,2017-12-06,sma_exit,1.67,49.497589111328125,50.47397613525391,3,True
757,DUK,2017-12-05,2017-12-11,sma_exit,0.17,61.79747772216797,62.08553695678711,5,True
758,ISRG,2017-12-05,2017-12-07,sma_exit,3.56,123.16666412353516,127.92666625976562,3,True
759,PLD,2017-12-05,2017-12-07,sma_exit,1.84,50.49480056762695,51.576148986816406,3,True
760,PANW,2017-12-06,2017-12-07,sma_exit,0.73,23.56166648864746,23.80500030517578,2,True
761,BMY,2017-12-06,2017-12-08,sma_exit,2.08,44.335716247558594,45.390113830566406,3,True
762,INTC,2017-12-07,2017-12-11,sma_exit,1.05,36.16548538208008,36.65238571166992,3,True
763,SYK,2017-12-07,2017-12-08,sma_exit,0.22,137.5237579345703,138.23345947265625,2,True
764,MCO,2017-12-14,2017-12-28,sma_exit,-1.42,138.3408966064453,136.78631591796875,10,True
765,CB,2017-12-14,2017-12-27,sma_exit,-0.27,125.9157485961914,125.95883178710938,9,True
766,ISRG,2017-12-14,2017-12-15,sma_exit,2.28,120.1866683959961,123.29000091552734,2,True
767,BX,2017-12-15,2017-12-18,sma_exit,0.94,22.03339958190918,22.306974411010746,2,True
768,CSX,2017-12-15,2017-12-20,sma_exit,4.39,15.70235538482666,16.43807601928711,4,True
769,ORCL,2017-12-18,2017-12-28,sma_exit,-0.7,41.91390228271485,41.74697113037109,8,True
770,DUK,2017-12-19,2017-12-29,sma_exit,-1.36,59.724910736083984,59.09260559082031,8,True
771,SO,2017-12-19,2018-01-04,time_exit,-6.54,34.99370193481445,32.808780670166016,11,True
772,SBUX,2017-12-20,2017-12-28,sma_exit,-0.16,47.61949157714844,47.68548202514648,6,True
773,PLD,2017-12-20,2017-12-22,sma_exit,0.94,49.73762893676758,50.35294342041016,3,True
774,MMM,2017-12-21,2017-12-27,sma_exit,0.3,146.28125,147.16603088378906,4,True
775,MRSH,2017-12-21,2017-12-27,sma_exit,0.91,69.83858489990234,70.68659973144531,4,True
776,MCD,2017-12-22,2017-12-27,sma_exit,0.43,139.35549926757812,140.3716583251953,3,True
777,APH,2017-12-22,2017-12-28,sma_exit,0.22,20.35020065307617,20.45640563964844,4,True
778,JNJ,2017-12-22,2017-12-28,sma_exit,0.01,110.29084014892578,110.6371841430664,4,True
779,GILD,2017-12-22,2018-01-02,sma_exit,1.61,53.171417236328125,54.18789291381836,6,True
780,CDNS,2017-12-26,2017-12-28,sma_exit,0.46,41.970001220703125,42.290000915527344,3,True
781,META,2017-12-26,2017-12-27,sma_exit,0.63,174.45797729492188,176.07379150390625,2,True
782,DIS,2017-12-27,2018-01-02,sma_exit,3.56,101.49429321289062,105.41678619384766,4,True
783,GOOG,2017-12-27,2018-01-02,sma_exit,1.19,52.00994491577149,52.78461456298828,4,True
784,GOOGL,2017-12-27,2018-01-02,sma_exit,0.93,52.5440788269043,53.18885803222656,4,True
785,AMGN,2017-12-29,2018-01-02,sma_exit,1.48,133.56707763671875,135.94808959960938,2,True
786,GLW,2017-12-29,2018-01-02,sma_exit,1.67,25.557456970214844,26.060775756835938,2,True
787,MCK,2017-12-29,2018-01-02,sma_exit,1.66,146.00662231445312,148.86215209960938,2,True
788,ADP,2018-01-02,2018-01-03,sma_exit,0.79,96.4087905883789,97.45609283447266,2,True
789,PG,2018-01-02,2018-01-05,sma_exit,0.35,71.74512481689453,72.21209716796875,4,True
790,T,2018-01-03,2018-01-08,sma_exit,1.29,15.34792423248291,15.592517852783203,4,True
791,NEE,2018-01-04,2018-01-08,sma_exit,0.98,30.2840633392334,30.673093795776367,3,True
792,MO,2018-01-04,2018-01-10,sma_exit,-0.17,37.48949432373047,37.53756332397461,5,True
793,PLD,2018-01-04,2018-01-08,sma_exit,0.79,49.39054489135742,49.92696380615234,3,True
794,PWR,2018-01-10,2018-01-11,sma_exit,2.14,37.39817810058594,38.310089111328125,2,True
795,INTC,2018-01-10,2018-01-17,sma_exit,4.15,35.67858123779297,37.26523208618164,5,True
796,PG,2018-01-12,2018-01-17,sma_exit,1.47,70.92202758789062,72.180419921875,3,True
797,META,2018-01-12,2018-01-19,sma_exit,0.77,177.80856323242188,179.71185302734375,5,True
798,AAPL,2018-01-24,2018-02-07,time_exit,-8.73,40.69014739990234,37.26153564453125,11,True
799,LLY,2018-01-24,2018-01-25,sma_exit,0.54,74.45499420166016,75.08207702636719,2,True
800,MRVL,2018-01-24,2018-01-26,sma_exit,0.13,22.134801864624023,22.229846954345703,3,True
801,SCHW,2018-01-25,2018-02-01,sma_exit,1.05,48.13705825805664,48.78562927246094,6,True
802,CSX,2018-01-25,2018-01-26,sma_exit,2.85,16.654640197753906,17.179733276367188,2,True
803,AVGO,2018-01-25,2018-01-31,sma_exit,-0.0,19.49845123291016,19.556798934936523,5,True
804,UNP,2018-01-25,2018-02-06,sma_exit,-2.13,110.3650131225586,108.3410873413086,9,True
805,ADI,2018-01-25,2018-02-08,time_exit,-10.41,78.60810089111328,70.66010284423828,11,True
806,GLW,2018-01-25,2018-01-26,sma_exit,1.39,27.01149177551269,27.466875076293945,2,True
807,UPS,2018-01-25,2018-01-26,sma_exit,0.79,92.32362365722656,93.32920837402344,2,True
808,PH,2018-01-25,2018-01-26,sma_exit,0.74,182.6268310546875,184.5189666748047,2,True
809,DELL,2018-01-26,2018-02-09,sma_exit,-18.96,21.093727111816406,17.157453536987305,11,True
810,SBUX,2018-01-26,2018-02-09,sma_exit,-5.67,47.83396911621094,45.265357971191406,11,True
811,SLB,2018-01-30,2018-02-13,time_exit,-11.24,58.59626388549805,52.18575286865234,11,True
812,CVX,2018-01-30,2018-02-13,time_exit,-9.83,86.25498962402344,78.03103637695312,11,True
813,KLAC,2018-01-30,2018-02-12,sma_exit,-5.33,9.637409210205078,9.152941703796388,10,True
814,BKNG,2018-01-31,2018-02-07,sma_exit,-1.84,74.89115142822266,73.74079132080078,6,True
815,GLW,2018-01-31,2018-02-12,sma_exit,-5.97,24.942289352416992,23.52820205688477,9,True
816,WMB,2018-01-31,2018-02-12,sma_exit,-6.58,19.929458618164062,18.67870712280273,9,True
817,JNJ,2018-01-31,2018-02-12,sma_exit,-6.03,108.7717056274414,102.53775787353516,9,True
818,PH,2018-02-01,2018-02-12,sma_exit,-6.42,170.27041625976562,159.8536834716797,8,True
819,MCK,2018-02-01,2018-02-14,sma_exit,-10.83,155.6686553955078,139.28443908691406,10,True
820,UPS,2018-02-01,2018-02-15,sma_exit,-9.67,84.03990173339844,76.16399383544922,11,True
821,LOW,2018-02-01,2018-02-14,sma_exit,-6.97,88.5797348022461,82.66931915283203,10,True
822,MDT,2018-02-01,2018-02-12,sma_exit,-5.88,67.64826965332031,63.874977111816406,8,True
823,GOOGL,2018-02-02,2018-02-12,sma_exit,-6.08,55.46814727783203,52.264556884765625,7,True
824,LIN,2018-02-02,2018-02-12,sma_exit,-1.14,135.84083557128906,134.701904296875,7,True
825,MAR,2018-02-02,2018-02-12,sma_exit,-1.77,131.3015594482422,129.37619018554688,7,True
826,MPC,2018-02-02,2018-02-12,sma_exit,-4.22,51.85911560058594,49.82814025878906,7,False
827,INTU,2018-02-02,2018-02-12,sma_exit,-2.77,153.5129852294922,149.71788024902344,7,False
828,IBM,2018-02-02,2018-02-12,sma_exit,-4.16,105.0846710205078,101.02783203125,7,False
829,CSX,2018-02-02,2018-02-12,sma_exit,-4.08,16.390615463256836,15.770580291748049,7,False
830,GOOG,2018-02-02,2018-02-12,sma_exit,-5.69,55.1091194152832,52.13732147216797,7,False
831,TJX,2018-02-02,2018-02-12,sma_exit,-3.82,34.80413818359375,33.57997131347656,7,False
832,PSX,2018-02-02,2018-02-13,sma_exit,-3.65,69.52067565917969,67.19158172607422,8,False
833,COST,2018-02-02,2018-02-13,sma_exit,-3.88,170.36865234375,164.26715087890625,8,False
834,AMAT,2018-02-02,2018-02-12,sma_exit,-2.63,46.11516571044922,45.04143905639648,7,False
835,LRCX,2018-02-02,2018-02-12,sma_exit,-3.71,15.949067115783691,15.404840469360352,7,False
836,PWR,2018-02-02,2018-02-14,sma_exit,-4.9,35.38805389404297,33.76032638549805,9,False
837,STX,2018-02-02,2018-02-12,sma_exit,-5.32,37.59174728393555,35.70380783081055,7,False
838,UNH,2018-02-02,2018-02-12,sma_exit,-2.97,201.3002014160156,195.926513671875,7,False
839,HD,2018-02-02,2018-02-14,sma_exit,-5.08,157.47019958496094,149.9364471435547,9,False
840,CAT,2018-02-02,2018-02-12,sma_exit,-3.6,132.03636169433594,127.6767578125,7,False
841,USB,2018-02-05,2018-02-12,sma_exit,-1.49,39.107704162597656,38.64231872558594,6,False
842,PNC,2018-02-05,2018-02-13,sma_exit,1.68,111.87258911132812,114.08294677734376,7,False
843,KKR,2018-02-05,2018-02-14,sma_exit,-1.9,19.60393714904785,19.29119300842285,8,False
844,CSCO,2018-02-05,2018-02-09,sma_exit,1.63,30.3190975189209,30.90547752380371,5,False
845,C,2018-02-05,2018-02-12,sma_exit,1.73,55.43102264404297,56.55824661254883,6,False
846,WFC,2018-02-05,2018-02-13,sma_exit,-0.58,46.06670379638672,45.93996810913086,7,False
847,ANET,2018-02-05,2018-02-07,sma_exit,5.82,16.58562469482422,17.60124969482422,3,False
848,RTX,2018-02-05,2018-02-14,sma_exit,-0.72,65.67398834228516,65.39530181884766,8,False
849,BRK-B,2018-02-05,2018-02-12,sma_exit,0.76,196.8000030517578,198.88999938964844,6,False
850,ACN,2018-02-05,2018-02-09,sma_exit,1.02,132.19754028320312,133.9476318359375,5,False
851,TXN,2018-02-05,2018-02-12,sma_exit,-2.48,82.3431396484375,80.54948425292969,6,False
852,WMT,2018-02-05,2018-02-07,sma_exit,2.46,29.16859245300293,29.97291374206543,3,False
853,AXP,2018-02-05,2018-02-12,sma_exit,2.62,82.1729736328125,84.5753402709961,6,False
854,DE,2018-02-05,2018-02-12,sma_exit,1.09,138.60223388671875,140.53541564941406,6,False
855,ELV,2018-02-05,2018-02-07,sma_exit,3.17,205.4570159912109,212.58045959472656,3,False
856,VLO,2018-02-05,2018-02-12,sma_exit,-0.43,64.2766342163086,64.19282531738281,6,False
857,MCD,2018-02-05,2018-02-12,sma_exit,-0.27,133.20144653320312,133.2421417236328,6,False
858,CMCSA,2018-02-05,2018-02-13,sma_exit,-0.91,29.0218505859375,28.84416961669922,7,False
859,MMM,2018-02-05,2018-02-12,sma_exit,-1.27,144.20025634765625,142.79840087890625,6,False
860,FCX,2018-02-05,2018-02-06,sma_exit,5.88,15.896221160888672,16.877906799316406,2,False
861,GILD,2018-02-05,2018-02-07,sma_exit,5.3,57.31047439575195,60.52076721191406,3,False
862,ABT,2018-02-05,2018-02-13,sma_exit,-2.16,50.33681106567383,49.40258407592773,7,False
863,MRVL,2018-02-05,2018-02-09,sma_exit,-0.53,20.2910270690918,20.243513107299805,5,False
864,CDNS,2018-02-05,2018-02-12,sma_exit,-2.06,39.290000915527344,38.59999847412109,6,False
865,PEP,2018-02-05,2018-02-13,sma_exit,-2.33,87.88490295410156,86.10356140136719,7,False
866,BX,2018-02-05,2018-02-13,sma_exit,0.2,24.018577575683597,24.139833450317383,7,False
867,APH,2018-02-05,2018-02-13,sma_exit,-2.03,20.412538528442383,20.059288024902344,7,False
868,VZ,2018-02-05,2018-02-13,sma_exit,-1.13,31.627775192260746,31.364715576171875,7,False
869,BLK,2018-02-05,2018-02-12,sma_exit,-0.22,424.9880065917969,425.3200378417969,6,False
870,HWM,2018-02-05,2018-02-13,sma_exit,-6.86,19.72376823425293,18.429670333862305,7,False
871,PFE,2018-02-05,2018-02-12,sma_exit,-0.33,22.12432098388672,22.11793708801269,6,False
872,WM,2018-02-05,2018-02-13,sma_exit,-1.47,70.67391204833984,69.84397888183594,7,False
873,QCOM,2018-02-05,2018-02-07,sma_exit,5.06,49.63055038452149,52.29177474975586,3,False
874,ISRG,2018-02-05,2018-02-12,sma_exit,-0.43,133.00332641601562,132.836669921875,6,False
875,FTNT,2018-02-05,2018-02-06,sma_exit,5.88,8.765999794006348,9.30799961090088,2,False
876,COF,2018-02-05,2018-02-12,sma_exit,-1.74,83.48661804199219,82.28731536865234,6,False
877,SYK,2018-02-05,2018-02-12,sma_exit,-0.78,140.9063262939453,140.23097229003906,6,False
878,SPGI,2018-02-05,2018-02-06,sma_exit,7.88,145.71292114257812,157.6250457763672,2,False
879,NVDA,2018-02-05,2018-02-07,sma_exit,6.77,5.276872634887695,5.649734020233154,3,False
880,MNST,2018-02-05,2018-02-12,sma_exit,0.06,31.924999237060547,32.040000915527344,6,False
881,INTC,2018-02-05,2018-02-12,sma_exit,1.08,37.37435150146485,37.889930725097656,6,False
882,NEM,2018-02-05,2018-02-13,sma_exit,-2.36,29.85462760925293,29.238584518432617,7,False
883,NEE,2018-02-06,2018-02-12,sma_exit,-0.01,29.991294860839844,30.07952308654785,5,False
884,CB,2018-02-06,2018-02-12,sma_exit,-1.17,126.3225326538086,125.22279357910156,5,False
885,ADP,2018-02-06,2018-02-12,sma_exit,-1.45,93.88201904296876,92.80147552490234,5,False
886,COP,2018-02-07,2018-02-14,sma_exit,0.02,41.99794006347656,42.13289642333984,6,True
887,DHR,2018-02-08,2018-02-12,sma_exit,3.23,78.38435363769531,81.14857482910156,3,True
888,TMO,2018-02-08,2018-02-12,sma_exit,2.61,194.1848297119141,199.8326416015625,3,True
889,ICE,2018-02-08,2018-02-13,sma_exit,2.86,60.06646347045898,61.96706008911133,4,False
890,PSX,2018-02-20,2018-02-23,sma_exit,0.62,65.7022476196289,66.30883026123047,4,True
891,QCOM,2018-02-22,2018-02-26,sma_exit,7.42,49.99234771728516,53.85152816772461,3,True
892,LOW,2018-02-28,2018-03-09,sma_exit,-2.88,76.40918731689453,74.43904876708984,8,True
893,MPC,2018-02-28,2018-03-02,sma_exit,1.46,49.61791610717773,50.49317169189453,3,True
894,INTU,2018-03-01,2018-03-02,sma_exit,2.44,154.3771514892578,158.60438537597656,2,True
895,LMT,2018-03-01,2018-03-07,sma_exit,0.44,270.98974609375,272.99200439453125,5,True
896,WMT,2018-03-01,2018-03-05,sma_exit,0.71,25.96001434326172,26.2222957611084,3,True
897,NVDA,2018-03-01,2018-03-06,sma_exit,3.98,5.73750114440918,5.983349323272705,4,True
898,LIN,2018-03-01,2018-03-05,sma_exit,2.96,129.59417724609375,133.81704711914062,3,True
899,C,2018-03-01,2018-03-08,sma_exit,0.31,55.72606658935547,56.0665168762207,6,True
900,ETN,2018-03-01,2018-03-06,sma_exit,1.4,67.27696228027344,68.41809844970703,4,True
901,HD,2018-03-02,2018-03-05,sma_exit,1.54,144.87875366210938,147.54156494140625,2,True
902,BX,2018-03-02,2018-03-06,sma_exit,0.48,23.995925903320312,24.183006286621094,3,True
903,DE,2018-03-02,2018-03-06,sma_exit,3.09,135.3274383544922,139.91754150390625,3,True
904,PH,2018-03-02,2018-03-06,sma_exit,1.0,155.05751037597656,157.08026123046875,3,True
905,FCX,2018-03-02,2018-03-06,sma_exit,1.77,16.49964714050293,16.841882705688477,3,True
906,CAT,2018-03-02,2018-03-06,sma_exit,4.73,122.7219696044922,128.9007568359375,3,True
907,QCOM,2018-03-06,2018-03-09,sma_exit,1.13,50.38900375366211,51.11069869995117,4,True
908,LMT,2018-03-12,2018-03-19,sma_exit,0.35,265.7325134277344,267.4476013183594,6,True
909,TJX,2018-03-14,2018-03-20,sma_exit,-0.35,36.46767425537109,36.44985580444336,5,True
910,VZ,2018-03-15,2018-03-16,sma_exit,0.26,30.243667602539062,30.41276359558105,2,True
911,RTX,2018-03-19,2018-03-26,sma_exit,-0.74,66.01809692382812,65.72746276855469,6,True
912,GOOG,2018-03-19,2018-03-29,sma_exit,-6.49,54.510398864746094,51.13862609863281,9,True
913,ISRG,2018-03-19,2018-03-29,sma_exit,-3.59,142.2866668701172,137.61000061035156,9,True
914,LIN,2018-03-19,2018-03-29,sma_exit,-3.83,131.76019287109375,127.10923767089844,9,True
915,AMZN,2018-03-19,2018-03-20,sma_exit,2.39,77.24649810791016,79.32550048828125,2,True
916,ABBV,2018-03-19,2018-04-03,time_exit,-19.44,78.29569244384766,63.31167221069336,11,True
917,T,2018-03-19,2018-03-28,sma_exit,-3.09,15.174373626708984,14.751248359680176,8,True
918,KLAC,2018-03-19,2018-03-29,sma_exit,-6.31,10.274299621582031,9.656848907470703,9,True
919,TMUS,2018-03-19,2018-03-28,sma_exit,-4.02,60.109981536865234,57.87558364868164,8,True
920,AMGN,2018-03-19,2018-04-03,time_exit,-8.15,141.27072143554688,130.18112182617188,11,True
921,DHR,2018-03-19,2018-03-29,sma_exit,-2.53,85.31617736816406,83.41210174560547,9,True
922,AAPL,2018-03-19,2018-03-26,sma_exit,-1.74,41.10932159423828,40.51601028442383,6,True
923,GOOGL,2018-03-20,2018-03-29,sma_exit,-5.65,54.30843734741211,51.40121078491211,8,True
924,CRM,2018-03-21,2018-03-29,sma_exit,-4.74,119.6303253173828,114.32217407226562,7,True
925,GILD,2018-03-21,2018-03-26,sma_exit,-1.54,56.331581115722656,55.6319465637207,4,True
926,BRK-B,2018-03-22,2018-03-28,sma_exit,-0.79,197.6300048828125,196.6699981689453,5,True
927,BMY,2018-03-22,2018-03-29,sma_exit,-1.39,46.807838439941406,46.29545974731445,6,True
928,AXP,2018-03-22,2018-03-28,sma_exit,0.58,81.63712310791016,82.35157012939453,5,True
929,SYK,2018-03-22,2018-03-29,sma_exit,0.07,146.7561492919922,147.2931671142578,6,True
930,BX,2018-03-22,2018-03-29,sma_exit,-1.96,23.377145767211918,22.988609313964844,6,True
931,COF,2018-03-22,2018-03-28,sma_exit,-0.7,81.82052612304688,81.49201965332031,5,True
932,BAC,2018-03-22,2018-03-29,sma_exit,-2.13,25.136943817138672,24.676170349121094,6,False
933,CSCO,2018-03-22,2018-03-26,sma_exit,2.0,33.67313003540039,34.44712829589844,3,False
934,MSFT,2018-03-22,2018-03-26,sma_exit,4.14,82.44699096679688,86.11066436767578,3,False
935,PNC,2018-03-22,2018-03-29,sma_exit,-1.63,114.07551574707033,112.55729675292967,6,False
936,ICE,2018-03-22,2018-03-26,sma_exit,1.47,64.51324462890625,65.65545654296875,3,False
937,DELL,2018-03-22,2018-04-04,sma_exit,-2.3,18.98282241821289,18.602962493896484,9,False
938,DE,2018-03-22,2018-03-28,sma_exit,0.03,133.8003387451172,134.24143981933594,5,False
939,SCHW,2018-03-22,2018-03-29,sma_exit,-2.51,47.53539657592773,46.48499298095703,6,False
940,ACN,2018-03-22,2018-03-29,sma_exit,1.88,130.8043975830078,133.65158081054688,6,False
941,GS,2018-03-22,2018-03-29,sma_exit,-0.59,209.2247467041016,208.6117706298828,6,False
942,APH,2018-03-22,2018-03-29,sma_exit,-2.61,20.39927673339844,19.92729759216309,6,False
943,ADI,2018-03-22,2018-03-26,sma_exit,2.54,77.7800064086914,79.98779296875,3,False
944,PFE,2018-03-22,2018-03-28,sma_exit,-1.14,22.71779441833496,22.526348114013672,5,False
945,JPM,2018-03-22,2018-03-29,sma_exit,-0.28,87.55413818359375,87.5700454711914,6,False
946,CSX,2018-03-22,2018-03-29,sma_exit,0.46,16.46820831298828,16.593303680419922,6,False
947,PGR,2018-03-23,2018-03-28,sma_exit,0.97,47.02975463867188,47.628665924072266,4,False
948,MS,2018-03-23,2018-03-29,sma_exit,3.33,40.48231506347656,41.95171356201172,5,False
949,HD,2018-03-23,2018-03-26,sma_exit,2.37,140.26734924316406,144.0067138671875,2,False
950,STX,2018-03-23,2018-03-29,sma_exit,3.68,41.29734420776367,42.941017150878906,5,False
951,NFLX,2018-03-23,2018-03-26,sma_exit,6.15,30.0939998626709,32.03499984741211,2,False
952,MAR,2018-03-23,2018-03-26,sma_exit,3.56,124.69937896728516,129.5098419189453,2,False
953,HCA,2018-03-23,2018-04-03,sma_exit,-2.03,91.81814575195312,90.22865295410156,7,False
954,WM,2018-03-23,2018-03-29,sma_exit,1.17,72.0609359741211,73.12139892578125,5,False
955,MCO,2018-03-23,2018-03-29,sma_exit,1.52,146.98236083984375,149.6544647216797,5,False
956,KKR,2018-03-23,2018-04-04,sma_exit,-2.77,18.555864334106445,18.09669303894043,8,False
957,ABT,2018-03-23,2018-04-04,sma_exit,-0.37,50.99675750732422,50.96247482299805,8,False
958,UNH,2018-03-23,2018-03-27,sma_exit,2.25,185.1302490234375,189.8423767089844,3,False
959,CME,2018-03-23,2018-03-29,sma_exit,1.99,117.21511840820312,119.89869689941406,5,False
960,BKNG,2018-03-23,2018-03-26,sma_exit,1.94,81.74398040771484,83.57312774658203,2,False
961,ELV,2018-03-23,2018-03-28,sma_exit,2.41,192.86810302734372,198.10055541992188,4,False
962,VRTX,2018-03-23,2018-03-29,sma_exit,0.97,160.92999267578125,162.97999572753906,5,False
963,MA,2018-03-23,2018-03-29,sma_exit,1.64,163.7815704345703,166.9555206298828,5,False
964,MRVL,2018-03-23,2018-04-04,sma_exit,-3.19,20.41457748413086,19.82391166687012,8,False
965,V,2018-03-23,2018-03-29,sma_exit,1.94,110.22140502929688,112.68962860107422,5,False
966,TXN,2018-03-23,2018-03-26,sma_exit,4.87,80.0911865234375,84.23163604736328,2,False
967,WDC,2018-03-23,2018-03-29,sma_exit,0.17,63.73186874389648,64.03086853027344,5,False
968,MU,2018-03-23,2018-04-03,sma_exit,-5.21,52.862186431884766,50.26831817626953,7,False
969,NEE,2018-04-12,2018-04-16,sma_exit,1.62,32.126548767089844,32.74253845214844,3,True
970,AAPL,2018-04-20,2018-04-30,sma_exit,-0.58,38.86272430419922,38.754844665527344,7,True
971,SBUX,2018-04-20,2018-04-26,sma_exit,2.08,48.10169982910156,49.24618911743164,5,True
972,TXN,2018-04-23,2018-04-25,sma_exit,4.71,77.50733947753906,81.3870620727539,3,True
973,MRVL,2018-04-23,2018-04-26,sma_exit,2.3,19.40456199645996,19.909687042236328,4,True
974,GS,2018-04-23,2018-05-07,sma_exit,-4.14,204.3129730224609,196.46910095214844,11,True
975,WDC,2018-04-23,2018-04-26,sma_exit,0.75,60.37374114990234,61.00524139404297,4,True
976,SPGI,2018-04-24,2018-05-01,sma_exit,0.21,166.0463104248047,166.88941955566406,6,True
977,NOW,2018-04-24,2018-04-26,sma_exit,2.5,32.13199996948242,33.03200149536133,3,True
978,ADI,2018-04-24,2018-04-26,sma_exit,0.9,75.29729461669922,76.1993179321289,3,True
979,FTNT,2018-04-24,2018-04-30,sma_exit,-1.57,11.21399974822998,11.071999549865724,5,True
980,WM,2018-04-24,2018-04-27,sma_exit,0.81,70.75707244873047,71.53936767578125,4,True
981,MCO,2018-04-24,2018-04-26,sma_exit,2.33,148.8751220703125,152.7904510498047,3,True
982,CRM,2018-04-24,2018-04-26,sma_exit,2.2,115.87529754638672,118.7751235961914,3,True
983,BLK,2018-04-24,2018-04-26,sma_exit,1.46,418.07275390625,425.41357421875,3,True
984,NVDA,2018-04-24,2018-04-26,sma_exit,1.52,5.465464115142822,5.564790725708008,3,True
985,LIN,2018-04-24,2018-04-26,sma_exit,5.97,129.29376220703125,137.4065704345703,3,True
986,MU,2018-04-24,2018-04-26,sma_exit,6.13,45.9387092590332,48.89337158203125,3,True
987,ADBE,2018-04-24,2018-04-26,sma_exit,1.54,217.88999938964844,221.91000366210935,3,True
988,MA,2018-04-25,2018-04-26,sma_exit,3.0,164.62564086914062,170.05686950683594,2,True
989,COF,2018-04-25,2018-05-08,sma_exit,-3.08,80.18671417236328,77.95641326904297,10,True
990,NFLX,2018-04-25,2018-04-27,sma_exit,1.66,30.576000213623047,31.176000595092773,3,True
991,CME,2018-04-26,2018-05-03,sma_exit,-1.82,118.20108032226562,116.39972686767578,6,True
992,MRSH,2018-04-30,2018-05-04,sma_exit,-0.73,71.1664047241211,70.86077880859375,5,True
993,JPM,2018-04-30,2018-05-04,sma_exit,-0.62,87.06171417236328,86.7815933227539,5,True
994,BRK-B,2018-04-30,2018-05-04,sma_exit,0.69,193.72999572753903,195.63999938964844,5,True
995,NEM,2018-04-30,2018-05-03,sma_exit,1.02,31.143674850463867,31.555850982666016,4,True
996,PFE,2018-05-01,2018-05-08,sma_exit,-1.49,22.59016227722168,22.322139739990234,6,True
997,ICE,2018-05-01,2018-05-09,sma_exit,-0.95,65.06185913085938,64.63916778564453,7,True
998,BNY,2018-05-01,2018-05-04,sma_exit,0.25,43.28490829467773,43.52455139160156,4,True
999,STX,2018-05-01,2018-05-04,sma_exit,2.41,39.778411865234375,40.85707092285156,4,True
1000,BA,2018-05-02,2018-05-04,sma_exit,2.86,310.475830078125,320.2825927734375,3,True
1001,BAC,2018-05-03,2018-05-07,sma_exit,1.21,24.026147842407227,24.388185501098636,3,True
1002,AXP,2018-05-03,2018-05-04,sma_exit,0.95,87.08018493652344,88.16487884521484,2,True
1003,TJX,2018-05-07,2018-05-09,sma_exit,2.14,36.472110748291016,37.36287689208984,3,True
1004,NEE,2018-05-09,2018-05-11,sma_exit,1.25,31.969013214111328,32.463829040527344,3,True
1005,PLD,2018-05-15,2018-05-21,sma_exit,-0.92,51.04726791381836,50.729305267333984,5,True
1006,NOW,2018-05-16,2018-05-18,sma_exit,1.33,34.22999954223633,34.78799819946289,3,True
1007,WM,2018-05-16,2018-05-21,sma_exit,0.58,70.9482650756836,71.57413482666016,4,True
1008,ANET,2018-05-17,2018-05-21,sma_exit,2.44,15.466875076293944,15.890625,3,True
1009,NEE,2018-05-17,2018-05-21,sma_exit,2.13,31.59134292602539,32.35880279541016,3,True
1010,CSCO,2018-05-17,2018-05-23,sma_exit,0.21,34.251197814941406,34.4245719909668,5,True
1011,BAC,2018-05-18,2018-05-22,sma_exit,1.78,24.89832878112793,25.41670227050781,3,True
1012,GOOGL,2018-05-18,2018-05-21,sma_exit,1.04,53.01192855834961,53.724117279052734,2,True
1013,ABBV,2018-05-24,2018-05-30,sma_exit,-0.43,72.82929992675781,72.73749542236328,4,True
1014,COP,2018-05-25,2018-05-30,sma_exit,3.64,49.89778137207031,51.8641242980957,3,True
1015,CVX,2018-05-25,2018-05-30,sma_exit,2.13,85.74010467529297,87.82415771484375,3,True
1016,SLB,2018-05-25,2018-06-01,sma_exit,0.22,54.307373046875,54.59235763549805,5,True
1017,PSX,2018-05-25,2018-05-30,sma_exit,2.8,84.0242919921875,86.62643432617188,3,True
1018,SCHW,2018-05-25,2018-06-01,sma_exit,-1.29,51.094085693359375,50.58582305908203,5,True
1019,BLK,2018-05-29,2018-06-01,sma_exit,2.52,426.6669006347656,438.7118225097656,4,True
1020,ETN,2018-05-29,2018-06-05,sma_exit,2.96,66.17002868652344,68.32866668701172,6,True
1021,JPM,2018-05-29,2018-06-01,sma_exit,2.03,84.78072357177734,86.7575912475586,4,True
1022,LIN,2018-05-29,2018-05-31,sma_exit,1.62,135.04583740234375,137.64437866210938,3,True
1023,MAR,2018-05-29,2018-06-01,sma_exit,2.52,125.80313110351562,129.34681701660156,4,True
1024,BAC,2018-05-29,2018-06-01,sma_exit,1.63,23.82867431640625,24.28954315185547,4,True
1025,MCO,2018-05-29,2018-05-30,sma_exit,1.23,158.8854217529297,161.31320190429688,2,True
1026,TMO,2018-05-29,2018-06-01,sma_exit,1.07,204.3520965576172,207.1489105224609,4,True
1027,BNY,2018-05-29,2018-06-04,sma_exit,0.75,44.08368682861328,44.54696273803711,5,True
1028,CSCO,2018-05-29,2018-06-01,sma_exit,1.31,33.865020751953125,34.408817291259766,4,True
1029,AXP,2018-05-29,2018-06-04,sma_exit,1.47,87.6001205444336,89.15093994140625,5,True
1030,CME,2018-05-29,2018-05-30,sma_exit,3.99,117.6302490234375,122.67855072021484,2,True
1031,RTX,2018-05-29,2018-06-01,sma_exit,0.26,65.29969024658203,65.6650390625,4,True
1032,TT,2018-05-29,2018-06-05,sma_exit,-0.78,61.12997817993164,60.83409881591797,6,False
1033,DE,2018-05-31,2018-06-05,sma_exit,3.0,132.4956512451172,136.87344360351562,4,True
1034,NEE,2018-06-06,2018-06-12,sma_exit,0.52,31.748857498168945,32.009159088134766,5,True
1035,PANW,2018-06-07,2018-06-12,sma_exit,4.19,33.08333206176758,34.56999969482422,4,True
1036,SYK,2018-06-12,2018-06-15,sma_exit,3.29,148.7759552001953,154.12144470214844,4,True
1037,MPC,2018-06-12,2018-06-18,sma_exit,-1.19,58.793060302734375,58.27104568481445,5,True
1038,PLD,2018-06-13,2018-06-20,sma_exit,-0.49,51.43206405639648,51.33598327636719,6,True
1039,BLK,2018-06-13,2018-06-20,sma_exit,-1.35,435.4512023925781,430.8772583007813,6,True
1040,JPM,2018-06-14,2018-06-28,sma_exit,-3.17,86.4614486694336,83.98038482666016,11,True
1041,MU,2018-06-15,2018-06-19,sma_exit,1.45,56.78223419189453,57.7768783569336,3,True
1042,BAC,2018-06-15,2018-06-28,sma_exit,-2.38,24.19040870666504,23.68644142150879,10,True
1043,FCX,2018-06-15,2018-06-22,sma_exit,-2.96,15.25415325164795,14.84774112701416,6,True
1044,VLO,2018-06-15,2018-06-19,sma_exit,0.95,83.80371856689453,84.85144805908203,3,True
1045,SCHW,2018-06-15,2018-06-29,time_exit,-9.2,50.01514053344727,45.56558227539063,11,True
1046,DE,2018-06-15,2018-06-29,sma_exit,-5.85,131.8221435546875,124.50704956054688,11,True
1047,AXP,2018-06-15,2018-06-22,sma_exit,-1.61,88.31726837158203,87.16087341308594,6,True
1048,COP,2018-06-15,2018-06-20,sma_exit,2.93,49.81393814086914,51.422061920166016,4,True
1049,BA,2018-06-15,2018-06-28,sma_exit,-6.79,344.4504089355469,322.0921325683594,10,True
1050,CVX,2018-06-15,2018-06-22,sma_exit,0.55,87.03824615478516,87.78205871582031,6,True
1051,CAT,2018-06-15,2018-06-29,time_exit,-9.87,126.40687561035156,114.31555938720705,11,True
1052,PSX,2018-06-15,2018-06-28,sma_exit,-2.54,83.07937622070312,81.21861267089844,10,True
1053,TMO,2018-06-18,2018-06-28,sma_exit,-3.69,208.2807464599609,201.2244873046875,9,True
1054,DHR,2018-06-18,2018-06-26,sma_exit,-2.42,86.27462005615234,84.44294738769531,7,True
1055,ETN,2018-06-19,2018-07-03,sma_exit,-3.83,67.26226806640625,64.88860321044922,11,True
1056,AAPL,2018-06-19,2018-06-28,sma_exit,-0.4,43.713775634765625,43.66904830932617,8,True
1057,LOW,2018-06-19,2018-06-21,sma_exit,0.62,84.12726593017578,84.89859771728516,3,True
1058,LIN,2018-06-19,2018-06-22,sma_exit,1.52,137.5188446044922,140.02462768554688,4,True
1059,MAR,2018-06-19,2018-07-03,time_exit,-9.13,127.70121002197266,116.42518615722656,11,True
1060,UPS,2018-06-19,2018-07-03,time_exit,-8.19,82.06652069091797,75.59095764160156,11,False
1061,KLAC,2018-06-19,2018-07-02,sma_exit,-6.43,9.862526893615724,9.257823944091797,10,False
1062,MCD,2018-06-20,2018-06-22,sma_exit,0.92,133.8335723876953,135.471923828125,3,True
1063,ABT,2018-06-20,2018-06-28,sma_exit,-1.7,53.51583862304688,52.76658248901367,7,True
1064,BX,2018-06-21,2018-06-29,sma_exit,-1.13,23.603343963623047,23.406890869140625,7,True
1065,CSCO,2018-06-21,2018-06-28,sma_exit,-0.81,34.01475524902344,33.841365814208984,6,True
1066,TT,2018-06-21,2018-06-29,sma_exit,-0.46,62.1489486694336,62.05215072631836,7,False
1067,XOM,2018-06-21,2018-06-22,sma_exit,1.82,55.28936004638672,56.46187973022461,2,False
1068,VLO,2018-06-21,2018-06-29,sma_exit,-0.65,80.92244720458984,80.63871002197266,7,False
1069,ADBE,2018-06-22,2018-06-29,sma_exit,-0.23,243.6300048828125,243.80999755859372,6,True
1070,ACN,2018-06-22,2018-06-28,sma_exit,2.75,140.2154541015625,144.4931182861328,5,True
1071,CRM,2018-06-22,2018-06-28,sma_exit,-0.22,132.71400451660156,132.82211303710938,5,True
1072,ISRG,2018-06-22,2018-06-28,sma_exit,-0.2,161.07000732421875,161.23666381835938,5,True
1073,AVGO,2018-06-25,2018-07-05,sma_exit,-3.08,20.46538734436035,19.89622688293457,8,True
1074,MPC,2018-06-25,2018-06-29,sma_exit,-0.03,54.51563262939453,54.6636848449707,5,False
1075,GOOG,2018-06-25,2018-06-29,sma_exit,-1.11,55.74898147583008,55.29498672485352,5,False
1076,BLK,2018-06-25,2018-07-09,sma_exit,-2.44,421.5164794921875,412.4828186035156,10,False
1077,NVDA,2018-06-25,2018-07-02,sma_exit,1.0,5.911889553070068,5.989026546478272,6,False
1078,BNY,2018-06-25,2018-07-09,sma_exit,-3.1,44.46709060668945,43.22102737426758,10,False
1079,PGR,2018-06-25,2018-07-02,sma_exit,-1.03,47.423770904541016,47.077030181884766,6,False
1080,COF,2018-06-25,2018-07-02,sma_exit,-1.04,82.02764129638672,81.41987609863281,6,False
1081,MU,2018-06-25,2018-07-02,sma_exit,2.18,51.83830642700195,53.12547302246094,6,False
1082,BKNG,2018-06-25,2018-07-02,sma_exit,-0.43,80.31475067138672,80.21369934082031,6,False
1083,GOOGL,2018-06-25,2018-06-29,sma_exit,-1.19,56.46332931518555,55.963260650634766,5,False
1084,AMZN,2018-06-25,2018-06-28,sma_exit,2.0,83.15750122070312,85.07250213623047,4,False
1085,NOW,2018-06-25,2018-06-28,sma_exit,0.3,34.27799987792969,34.48199844360352,4,False
1086,DELL,2018-06-25,2018-07-02,sma_exit,6.96,21.914628982543945,23.505460739135746,6,False
1087,MCO,2018-06-25,2018-06-28,sma_exit,0.28,157.75991821289062,158.6715087890625,4,False
1088,SPGI,2018-06-25,2018-06-29,sma_exit,-0.33,179.56369018554688,179.51080322265625,5,False
1089,CDNS,2018-06-25,2018-06-29,sma_exit,-0.37,43.34000015258789,43.310001373291016,5,False
1090,LLY,2018-06-26,2018-06-28,sma_exit,0.15,76.25202941894531,76.59246826171875,3,False
1091,INTC,2018-06-27,2018-06-29,sma_exit,1.65,41.44937515258789,42.25693130493164,3,False
1092,HD,2018-06-27,2018-07-06,sma_exit,-0.58,160.11695861816406,159.6736297607422,7,False
1093,CME,2018-06-27,2018-07-09,sma_exit,-0.09,121.4635009765625,121.71656036376952,8,False
1094,MRK,2018-06-27,2018-06-29,sma_exit,1.07,44.712528228759766,45.3248176574707,3,False
1095,ADP,2018-06-27,2018-07-02,sma_exit,1.05,111.78040313720705,113.2840347290039,4,False
1096,AMGN,2018-06-28,2018-06-29,sma_exit,0.38,142.9771728515625,143.9519805908203,2,True
1097,HCA,2018-06-28,2018-07-03,sma_exit,0.46,96.14517211914062,96.87263488769533,4,True
1098,UNH,2018-06-28,2018-07-02,sma_exit,0.75,214.06155395507807,216.31668090820312,3,True
1099,LOW,2018-06-29,2018-07-05,sma_exit,-0.35,81.90753173828125,81.86466217041016,4,True
1100,ELV,2018-06-29,2018-07-05,sma_exit,0.55,213.606689453125,215.41940307617188,4,True
1101,UNP,2018-07-16,2018-07-18,sma_exit,1.4,115.92913055419922,117.89899444580078,3,True
1102,PLD,2018-07-17,2018-07-25,sma_exit,0.24,50.78346252441406,51.05570983886719,7,True
1103,WELL,2018-07-17,2018-07-19,sma_exit,0.71,47.8810920715332,48.36653900146485,3,True
1104,EQIX,2018-07-18,2018-07-25,sma_exit,-0.74,371.2708740234375,369.6390075683594,6,True
1105,NFLX,2018-07-19,2018-07-25,sma_exit,-0.67,36.42300033569336,36.2869987487793,5,True
1106,STX,2018-07-20,2018-07-25,sma_exit,-0.37,41.891563415527344,41.86189270019531,4,True
1107,VZ,2018-07-20,2018-07-24,sma_exit,1.46,32.474002838134766,33.044960021972656,3,True
1108,AMGN,2018-07-20,2018-07-24,sma_exit,0.18,148.55313110351562,149.26275634765625,3,True
1109,XOM,2018-07-20,2018-07-24,sma_exit,1.68,56.47576522827149,57.59278869628906,3,True
1110,PSX,2018-07-20,2018-07-24,sma_exit,0.48,80.21556091308594,80.84068298339844,3,True
1111,DELL,2018-07-23,2018-07-26,sma_exit,0.53,23.86747169494629,24.066326141357425,4,True
1112,BKNG,2018-07-23,2018-07-24,sma_exit,1.22,78.1781234741211,79.36414337158203,2,True
1113,MU,2018-07-24,2018-07-27,sma_exit,1.19,51.84804916381836,52.6183967590332,4,True
1114,VRTX,2018-07-24,2018-07-31,sma_exit,-0.2,174.8800048828125,175.0500030517578,6,True
1115,PANW,2018-07-24,2018-07-25,sma_exit,2.56,34.793331146240234,35.790000915527344,2,True
1116,NOW,2018-07-25,2018-07-26,sma_exit,4.3,36.77199935913086,38.4640007019043,2,True
1117,ADI,2018-07-25,2018-07-26,sma_exit,0.89,83.33480072021484,84.32736206054688,2,True
1118,HD,2018-07-26,2018-08-07,sma_exit,-1.48,163.71307373046875,161.78363037109375,9,True
1119,MCO,2018-07-27,2018-08-03,sma_exit,-2.52,164.2711944580078,160.62490844726562,6,True
1120,LOW,2018-07-27,2018-07-30,sma_exit,1.01,84.39055633544922,85.4927978515625,2,True
1121,NFLX,2018-07-30,2018-08-02,sma_exit,2.55,33.49599838256836,34.45000076293945,4,True
1122,CRM,2018-07-30,2018-08-02,sma_exit,1.95,135.6826171875,138.73971557617188,4,True
1123,BX,2018-07-30,2018-08-03,sma_exit,-0.16,25.853424072265625,25.890396118164062,5,True
1124,CME,2018-07-30,2018-08-03,sma_exit,-0.04,119.98976135253906,120.3023452758789,5,True
1125,ADBE,2018-07-30,2018-08-02,sma_exit,3.79,242.32000732421875,252.22000122070312,4,True
1126,TXN,2018-07-30,2018-08-02,sma_exit,0.87,88.6530532836914,89.69217681884766,4,True
1127,SPGI,2018-07-30,2018-08-06,sma_exit,-1.47,176.8607177734375,174.7917022705078,6,True
1128,INTU,2018-07-30,2018-08-03,sma_exit,0.92,191.1949920654297,193.5250244140625,5,True
1129,ACN,2018-07-30,2018-08-02,sma_exit,0.16,140.03094482421875,140.6721954345703,4,True
1130,ICE,2018-07-31,2018-08-07,sma_exit,-0.56,66.68608093261719,66.51465606689453,6,True
1131,MRSH,2018-07-31,2018-08-06,sma_exit,-0.14,73.14397430419922,73.25804901123047,5,True
1132,SYK,2018-07-31,2018-08-02,sma_exit,1.66,149.8421173095703,152.77935791015625,3,True
1133,XOM,2018-08-02,2018-08-07,sma_exit,1.4,55.44200134277344,56.38557434082031,4,True
1134,KKR,2018-08-06,2018-08-16,sma_exit,-5.07,24.319787979125977,23.160402297973636,9,True
1135,DHR,2018-08-10,2018-08-16,sma_exit,-0.15,85.61332702636719,85.74134063720703,5,True
1136,SO,2018-08-10,2018-08-14,sma_exit,0.98,33.293697357177734,33.719520568847656,3,True
1137,LIN,2018-08-10,2018-08-17,sma_exit,0.51,137.75167846679688,138.8640899658203,6,True
1138,PLD,2018-08-10,2018-08-16,sma_exit,1.37,51.704322814941406,52.56911849975586,5,True
1139,EQIX,2018-08-10,2018-08-16,sma_exit,1.15,373.5691223144531,379.0030822753906,5,True
1140,KLAC,2018-08-10,2018-08-21,sma_exit,-0.48,10.188066482543944,10.16990089416504,8,True
1141,JCI,2018-08-13,2018-08-15,sma_exit,2.16,30.902692794799805,31.661550521850582,3,True
1142,REGN,2018-08-13,2018-08-16,sma_exit,1.15,363.0242309570313,368.3044128417969,4,True
1143,TMO,2018-08-13,2018-08-16,sma_exit,-0.26,225.7793426513672,225.867431640625,4,True
1144,ABT,2018-08-13,2018-08-16,sma_exit,0.85,54.87236022949219,55.50387191772461,4,True
1145,BAC,2018-08-13,2018-08-16,sma_exit,0.49,25.181819915771484,25.380098342895508,4,True
1146,RTX,2018-08-13,2018-08-16,sma_exit,1.09,68.98979949951172,69.95124053955078,4,True
1147,JPM,2018-08-13,2018-08-16,sma_exit,0.47,91.64681243896484,92.35494232177734,4,True
1148,MCO,2018-08-13,2018-08-16,sma_exit,1.0,157.54595947265625,159.59234619140625,4,True
1149,WMB,2018-08-14,2018-08-17,sma_exit,0.23,19.74130630493164,19.845518112182617,4,True
1150,MU,2018-08-14,2018-08-21,sma_exit,-1.64,49.36144256591797,48.69834518432617,6,True
1151,HD,2018-08-14,2018-08-16,sma_exit,0.89,158.5405731201172,160.42074584960938,3,True
1152,PANW,2018-08-15,2018-08-16,sma_exit,2.47,34.13833236694336,35.08333206176758,2,True
1153,ADI,2018-08-15,2018-08-17,sma_exit,0.57,80.92664337158203,81.63446044921875,3,True
1154,VLO,2018-08-15,2018-08-20,sma_exit,1.39,81.707275390625,83.08467864990234,4,True
1155,NFLX,2018-08-15,2018-08-20,sma_exit,0.11,32.63999938964844,32.77299880981445,4,True
1156,ETN,2018-08-15,2018-08-16,sma_exit,0.81,68.48347473144531,69.24030303955078,2,False
1157,MPC,2018-08-15,2018-08-20,sma_exit,1.75,60.480445861816406,61.718597412109375,4,False
1158,PSX,2018-08-15,2018-08-20,sma_exit,1.01,83.86437225341797,84.96196746826172,4,False
1159,NOW,2018-08-16,2018-08-21,sma_exit,-0.26,36.40599822998047,36.41999816894531,4,True
1160,MSFT,2018-08-21,2018-08-22,sma_exit,0.72,98.11091613769533,99.11065673828124,2,True
1161,SO,2018-08-22,2018-09-05,sma_exit,-1.63,33.08367919921875,32.64509963989258,10,True
1162,MNST,2018-08-27,2018-08-28,sma_exit,0.28,30.21999931335449,30.395000457763672,2,True
1163,STX,2018-08-30,2018-09-10,sma_exit,-5.66,39.41426849365234,37.300411224365234,7,True
1164,KO,2018-08-30,2018-09-05,sma_exit,0.66,35.186256408691406,35.52284240722656,4,True
1165,PG,2018-08-31,2018-09-05,sma_exit,0.11,67.36949920654297,67.6456527709961,3,True
1166,VZ,2018-09-04,2018-09-06,sma_exit,1.77,34.12271499633789,34.82839584350586,3,True
1167,WMB,2018-09-04,2018-09-18,time_exit,-2.98,19.01834297180176,18.50892448425293,11,True
1168,ANET,2018-09-05,2018-09-12,sma_exit,-1.93,17.018125534057617,16.740625381469727,6,True
1169,KKR,2018-09-05,2018-09-10,sma_exit,3.24,23.23343086242676,24.055042266845703,4,True
1170,DIS,2018-09-05,2018-09-07,sma_exit,0.7,104.42971801757812,105.47525024414062,3,True
1171,NFLX,2018-09-05,2018-09-11,sma_exit,4.02,34.11800003051758,35.59299850463867,5,True
1172,BX,2018-09-05,2018-09-12,sma_exit,-2.11,26.962690353393555,26.47461700439453,6,True
1173,PANW,2018-09-06,2018-09-07,sma_exit,2.99,36.72833251953125,37.935001373291016,2,True
1174,ADI,2018-09-06,2018-09-18,sma_exit,-5.69,84.20437622070312,79.66849517822266,9,True
1175,GOOG,2018-09-06,2018-09-11,sma_exit,0.21,58.06010437011719,58.353515625,4,True
1176,GOOGL,2018-09-06,2018-09-11,sma_exit,0.21,58.67918014526367,58.97653579711914,4,True
1177,COP,2018-09-06,2018-09-11,sma_exit,1.02,53.98262786865234,54.694332122802734,4,True
1178,TXN,2018-09-07,2018-09-18,sma_exit,-3.57,86.69469451904297,83.85710906982422,8,True
1179,TMUS,2018-09-07,2018-09-10,sma_exit,1.52,61.22242736816406,62.33486557006836,2,True
1180,VRTX,2018-09-07,2018-09-13,sma_exit,-0.08,179.47000122070312,179.86000061035156,5,True
1181,PSX,2018-09-07,2018-09-14,sma_exit,-0.91,83.65913391113281,83.14675903320312,6,True
1182,AAPL,2018-09-10,2018-09-11,sma_exit,2.23,51.577903747558594,52.881927490234375,2,True
1183,BAC,2018-09-12,2018-09-19,sma_exit,1.57,25.262042999267575,25.73523712158203,6,True
1184,CDNS,2018-09-12,2018-09-20,sma_exit,-0.56,45.869998931884766,45.75,7,True
1185,REGN,2018-09-12,2018-09-13,sma_exit,1.97,385.24456787109375,393.9920043945313,2,True
1186,TJX,2018-09-17,2018-09-18,sma_exit,0.73,48.49049758911133,48.989051818847656,2,True
1187,COST,2018-09-17,2018-09-20,sma_exit,0.53,208.62625122070312,210.352783203125,4,True
1188,AMZN,2018-09-17,2018-09-20,sma_exit,1.6,95.40149688720705,97.21499633789062,4,True
1189,MPC,2018-09-19,2018-09-21,sma_exit,3.21,63.11344146728516,65.33111572265625,3,True
1190,NOW,2018-09-19,2018-09-21,sma_exit,1.68,37.20000076293945,37.9379997253418,3,True
1191,NEE,2018-09-19,2018-09-28,sma_exit,-1.23,34.625885009765625,34.304534912109375,8,True
1192,VZ,2018-09-19,2018-09-21,sma_exit,1.42,34.32160186767578,34.911800384521484,3,True
1193,VLO,2018-09-19,2018-09-24,sma_exit,4.49,80.3738021850586,84.22764587402344,4,True
1194,WELL,2018-09-24,2018-09-28,sma_exit,0.26,49.95923614501953,50.24042510986328,5,True
1195,SPGI,2018-09-25,2018-10-09,time_exit,-9.49,182.5404052734375,165.77090454101562,11,True
1196,EQIX,2018-09-25,2018-09-28,sma_exit,0.66,368.2394104003906,371.7864685058594,4,True
1197,DUK,2018-09-26,2018-09-28,sma_exit,2.17,56.81951141357422,58.223819732666016,3,True
1198,APH,2018-09-26,2018-09-28,sma_exit,0.15,21.761940002441406,21.85958671569824,3,True
1199,PH,2018-09-26,2018-10-03,sma_exit,-1.04,166.45013427734375,165.2203369140625,6,True
1200,ICE,2018-09-26,2018-10-04,sma_exit,0.67,68.041015625,68.70172119140625,7,True
1201,QCOM,2018-09-26,2018-10-01,sma_exit,0.87,59.33316802978516,60.02770614624024,4,True
1202,AXP,2018-09-26,2018-10-02,sma_exit,0.05,97.17208862304688,97.51394653320312,5,True
1203,WM,2018-09-26,2018-09-28,sma_exit,0.36,78.86882019042969,79.38716888427734,3,True
1204,USB,2018-09-27,2018-10-03,sma_exit,0.64,38.62459564208984,38.989444732666016,5,True
1205,KKR,2018-09-27,2018-10-03,sma_exit,1.63,25.104881286621094,25.58872604370117,5,True
1206,PEP,2018-09-27,2018-09-28,sma_exit,0.38,87.4038314819336,87.99413299560547,2,True
1207,MRSH,2018-09-28,2018-10-02,sma_exit,0.65,72.58243560791016,73.27559661865234,3,True
1208,CME,2018-09-28,2018-10-01,sma_exit,2.07,127.20177459716795,130.22091674804688,2,True
1209,LIN,2018-09-28,2018-10-01,sma_exit,4.76,143.03785705566406,150.2818603515625,2,True
1210,JPM,2018-09-28,2018-10-02,sma_exit,0.7,90.80188751220705,91.71121215820312,3,True
1211,PANW,2018-10-01,2018-10-12,sma_exit,-6.02,37.46833419799805,35.32500076293945,10,True
1212,LOW,2018-10-02,2018-10-16,sma_exit,-6.17,96.95443725585938,91.26237487792967,11,True
1213,ORCL,2018-10-04,2018-10-16,sma_exit,-2.41,43.98180770874024,43.0520133972168,9,True
1214,ISRG,2018-10-04,2018-10-12,sma_exit,-4.34,184.81333923339844,177.33999633789062,7,True
1215,V,2018-10-04,2018-10-12,sma_exit,-4.87,138.6875,132.3560333251953,7,True
1216,AMZN,2018-10-04,2018-10-16,sma_exit,-4.99,95.47100067138672,90.9980010986328,9,True
1217,WM,2018-10-04,2018-10-05,sma_exit,0.74,78.21867370605469,79.0357666015625,2,True
1218,APH,2018-10-04,2018-10-16,sma_exit,-6.08,21.29693984985352,20.067012786865234,9,True
1219,AMD,2018-10-04,2018-10-12,sma_exit,-5.48,27.780000686645508,26.34000015258789,7,True
1220,HD,2018-10-04,2018-10-16,sma_exit,-2.95,164.09841918945312,159.7493896484375,9,True
1221,TMUS,2018-10-05,2018-10-12,sma_exit,-0.61,65.21581268310547,65.01614379882812,6,True
1222,MA,2018-10-05,2018-10-12,sma_exit,-4.54,204.0526580810547,195.4029541015625,6,True
1223,MSFT,2018-10-05,2018-10-12,sma_exit,-2.58,103.80423736572266,101.43431854248048,6,True
1224,FTNT,2018-10-05,2018-10-15,sma_exit,-7.21,17.219999313354492,16.030000686645508,7,True
1225,GOOGL,2018-10-05,2018-10-16,sma_exit,-3.28,57.87827682495117,56.15605163574219,8,True
1226,NFLX,2018-10-05,2018-10-12,sma_exit,-3.66,35.1349983215332,33.95600128173828,6,True
1227,COST,2018-10-05,2018-10-12,sma_exit,3.42,196.7741241455078,204.0850372314453,6,True
1228,ADBE,2018-10-08,2018-10-12,sma_exit,-2.59,254.69000244140625,248.8699951171875,5,True
1229,PH,2018-10-08,2018-10-22,time_exit,-13.54,161.71804809570312,140.3125,11,True
1230,DHR,2018-10-08,2018-10-16,sma_exit,-0.83,90.25148010253906,89.77290344238281,7,True
1231,NOW,2018-10-08,2018-10-12,sma_exit,2.02,36.05199813842773,36.88999938964844,5,False
1232,CSCO,2018-10-08,2018-10-16,sma_exit,-3.88,37.99798583984375,36.63862609863281,7,False
1233,TMO,2018-10-08,2018-10-16,sma_exit,-2.18,234.7117462158203,230.2948760986328,7,False
1234,GOOG,2018-10-08,2018-10-16,sma_exit,-2.71,56.9464225769043,55.57401657104492,7,False
1235,CRM,2018-10-08,2018-10-12,sma_exit,-1.58,146.1220245361328,144.24452209472656,5,False
1236,AVGO,2018-10-08,2018-10-16,sma_exit,-1.56,19.71641731262207,19.46727752685547,7,False
1237,NVDA,2018-10-08,2018-10-16,sma_exit,-7.8,6.574366569519043,6.081109523773193,7,False
1238,IBM,2018-10-08,2018-10-16,sma_exit,-2.5,101.20018768310548,98.97007751464844,7,False
1239,VRTX,2018-10-08,2018-10-12,sma_exit,-2.47,185.33999633789065,181.32000732421875,5,False
1240,DELL,2018-10-09,2018-10-12,sma_exit,-0.38,24.112215042114254,24.09181785583496,4,False
1241,KKR,2018-10-09,2018-10-15,sma_exit,-5.06,23.7902946472168,22.658302307128903,5,False
1242,ABT,2018-10-09,2018-10-16,sma_exit,-0.37,61.67194747924805,61.63017654418945,6,False
1243,ETN,2018-10-09,2018-10-16,sma_exit,-5.8,73.04157257080078,69.02528381347656,6,False
1244,GLW,2018-10-09,2018-10-16,sma_exit,-5.0,27.864051818847656,26.55422782897949,6,False
1245,QCOM,2018-10-09,2018-10-16,sma_exit,-6.02,57.9854621887207,54.66987609863281,6,False
1246,ACN,2018-10-09,2018-10-16,sma_exit,-4.8,148.27011108398438,141.594482421875,6,False
1247,LIN,2018-10-09,2018-10-16,sma_exit,-0.62,143.4383544921875,142.98446655273438,6,False
1248,AXP,2018-10-10,2018-10-16,sma_exit,0.38,93.51392364501952,94.14591979980467,5,False
1249,PSX,2018-10-10,2018-10-16,sma_exit,-3.12,82.74423217773438,80.40937805175781,5,False
1250,BX,2018-10-10,2018-10-16,sma_exit,3.21,25.720312118530277,26.62251663208008,5,False
1251,TT,2018-10-10,2018-10-16,sma_exit,0.71,67.9548110961914,68.64298248291016,5,False
1252,CSX,2018-10-10,2018-10-15,sma_exit,1.57,20.85107421875,21.24075698852539,4,False
1253,UNP,2018-10-10,2018-10-16,sma_exit,-1.15,129.61268615722656,128.51341247558594,5,False
1254,BA,2018-10-10,2018-10-16,sma_exit,-0.09,355.4281616210937,356.1825866699219,5,False
1255,MPC,2018-10-10,2018-10-16,sma_exit,-1.02,63.199649810791016,62.7451400756836,5,False
1256,RTX,2018-10-10,2018-10-16,sma_exit,0.76,68.80208587646484,69.53146362304688,5,False
1257,VLO,2018-10-10,2018-10-24,time_exit,-22.09,81.20903015136719,63.51507186889648,11,False
1258,ADP,2018-10-11,2018-10-16,sma_exit,3.39,116.61978912353516,120.92404174804688,4,False
1259,LMT,2018-10-11,2018-10-16,sma_exit,3.03,263.54510498046875,272.32568359375,4,False
1260,MDT,2018-10-11,2018-10-16,sma_exit,3.39,74.98464965820312,77.75499725341797,4,False
1261,HCA,2018-10-11,2018-10-16,sma_exit,2.02,123.83753204345705,126.70832824707033,4,False
1262,JNJ,2018-10-11,2018-10-16,sma_exit,1.73,107.52047729492188,109.70557403564452,4,False
1263,CVS,2018-10-11,2018-10-17,sma_exit,1.3,56.60977554321289,57.51474380493164,5,False
1264,AMGN,2018-10-11,2018-10-16,sma_exit,4.08,152.2023162841797,158.86827087402344,4,False
1265,UNH,2018-10-11,2018-10-16,sma_exit,5.71,225.50108337402344,239.05111694335935,4,False
1266,LLY,2018-10-11,2018-10-16,sma_exit,2.59,97.21336364746094,100.0240707397461,4,False
1267,XOM,2018-10-11,2018-10-17,sma_exit,-0.42,57.19847106933594,57.12839126586914,5,False
1268,REGN,2018-10-11,2018-10-16,sma_exit,6.92,368.1954345703125,394.79443359375,4,False
1269,MO,2018-10-12,2018-10-18,sma_exit,1.15,33.236690521240234,33.7181396484375,5,True
1270,PGR,2018-10-15,2018-10-16,sma_exit,5.78,52.19923400878906,55.37501525878906,2,True
1271,LOW,2018-10-22,2018-10-25,sma_exit,-0.26,84.72637939453125,84.7610092163086,4,True
1272,TT,2018-10-22,2018-10-25,sma_exit,2.41,64.64603424072266,66.39774322509766,4,True
1273,BX,2018-10-23,2018-10-30,sma_exit,-4.47,24.98079872131348,23.940168380737305,6,True
1274,BA,2018-10-23,2018-10-25,sma_exit,3.62,338.5789794921875,351.8493957519531,3,True
1275,UNP,2018-10-23,2018-10-30,sma_exit,1.34,120.76824188232422,122.74854278564452,6,True
1276,COP,2018-10-23,2018-10-30,sma_exit,0.13,53.19536209106445,53.425899505615234,6,True
1277,HCA,2018-10-23,2018-10-29,sma_exit,-1.55,122.15432739257812,120.6300811767578,5,True
1278,WM,2018-10-24,2018-10-29,sma_exit,-1.23,76.62849426269531,75.91685485839844,4,True
1279,LLY,2018-10-24,2018-10-30,sma_exit,1.6,95.7809829711914,97.6007308959961,5,True
1280,CVS,2018-10-24,2018-10-30,sma_exit,3.4,54.36869430541992,56.37800979614258,5,True
1281,ELV,2018-10-24,2018-10-31,sma_exit,3.52,238.8565368652344,247.98138427734372,6,True
1282,MSFT,2018-10-24,2018-10-25,sma_exit,5.54,94.72264099121094,100.25862884521484,2,True
1283,COST,2018-10-24,2018-10-30,sma_exit,1.56,201.2164306640625,204.957275390625,5,True
1284,ADP,2018-10-24,2018-10-31,sma_exit,4.37,116.17249298095705,121.59921264648438,6,True
1285,TMUS,2018-10-24,2018-10-31,sma_exit,4.02,62.47749328613281,65.17778778076172,6,True
1286,MDT,2018-10-24,2018-11-01,sma_exit,-0.21,73.66390228271484,73.72832489013672,7,True
1287,REGN,2018-10-24,2018-10-31,sma_exit,-3.76,348.10504150390625,336.068603515625,6,True
1288,TMO,2018-10-24,2018-10-25,sma_exit,4.07,216.0061187744141,225.43724060058597,2,True
1289,AMGN,2018-10-24,2018-10-30,sma_exit,0.34,147.5149383544922,148.45718383789062,5,True
1290,AMD,2018-10-25,2018-10-31,sma_exit,-5.8,19.270000457763672,18.209999084472656,5,True
1291,MRK,2018-10-25,2018-10-29,sma_exit,1.83,52.59571838378906,53.71589279174805,3,True
1292,MO,2018-11-12,2018-11-27,time_exit,-12.41,33.867549896240234,29.76693725585937,11,True
1293,LIN,2018-11-13,2018-11-16,sma_exit,0.43,139.6561737060547,140.67953491210938,4,True
1294,BA,2018-11-13,2018-11-27,sma_exit,-9.31,339.61773681640625,309.0287475585937,10,True
1295,PM,2018-11-13,2018-11-19,sma_exit,1.12,58.168190002441406,58.99629974365234,5,True
1296,PGR,2018-11-14,2018-11-28,sma_exit,-1.15,51.06446838378906,50.63105010986328,10,True
1297,TJX,2018-11-14,2018-11-28,sma_exit,-9.4,47.45893478393555,43.140403747558594,10,True
1298,WMT,2018-11-15,2018-11-26,sma_exit,-4.71,29.535646438598636,28.23303985595703,7,True
1299,COST,2018-11-15,2018-11-27,sma_exit,-3.31,207.2653350830078,201.0187225341797,8,True
1300,CVS,2018-11-20,2018-11-26,sma_exit,2.77,58.81566619873047,60.62250518798828,4,True
1301,FTNT,2018-11-20,2018-11-26,sma_exit,5.37,13.407999992370604,14.16800022125244,4,True
1302,DIS,2018-11-20,2018-11-27,sma_exit,1.51,106.33068084716795,108.26016998291016,5,True
1303,PG,2018-11-21,2018-11-27,sma_exit,1.13,74.89645385742188,75.96978759765625,4,True
1304,SBUX,2018-11-23,2018-11-28,sma_exit,1.4,55.44998550415039,56.395263671875,4,True
1305,BRK-B,2018-11-23,2018-11-27,sma_exit,2.34,207.07000732421875,212.52999877929688,3,True
1306,TSLA,2018-11-23,2018-11-26,sma_exit,5.89,21.722000122070312,23.06666755676269,2,True
1307,CVS,2018-12-06,2018-12-12,sma_exit,-3.0,59.6334342956543,58.02130508422852,5,True
1308,DHR,2018-12-07,2018-12-13,sma_exit,0.32,87.05536651611328,87.59374237060547,5,True
1309,ADP,2018-12-07,2018-12-21,time_exit,-9.81,117.59033966064452,106.41082000732422,11,True
1310,HCA,2018-12-10,2018-12-13,sma_exit,1.34,125.7223892211914,127.78465270996094,4,True
1311,ELV,2018-12-10,2018-12-13,sma_exit,1.07,249.5941162109375,253.01333618164065,4,True
1312,CMCSA,2018-12-11,2018-12-26,time_exit,-7.63,27.738243103027344,25.705310821533203,11,True
1313,TT,2018-12-11,2018-12-26,time_exit,-8.12,67.92388916015625,62.61353302001953,11,True
1314,MRSH,2018-12-11,2018-12-26,time_exit,-7.52,73.61612701416016,68.2986068725586,11,True
1315,ICE,2018-12-14,2018-12-26,sma_exit,-5.29,69.99404907226562,66.49888610839844,8,True
1316,WMT,2018-12-14,2018-12-26,sma_exit,-1.87,27.402585983276367,26.97297096252441,8,True
1317,JNJ,2018-12-14,2018-12-26,sma_exit,-5.03,107.52604675292967,102.4407958984375,8,True
1318,VZ,2018-12-17,2018-12-27,sma_exit,-1.73,36.29107284545898,35.77216720581055,8,True
1319,LLY,2018-12-17,2018-12-20,sma_exit,0.56,98.11024475097656,98.9522933959961,4,True
1320,CME,2018-12-17,2018-12-27,sma_exit,-0.02,139.2111358642578,139.598388671875,8,True
1321,MDT,2018-12-17,2018-12-27,sma_exit,-2.14,73.96994018554688,72.60765838623047,8,True
1322,NEE,2018-12-17,2018-12-27,sma_exit,-2.29,36.17775344848633,35.45894241333008,8,True
1323,GLW,2018-12-18,2018-12-26,sma_exit,-5.1,25.078170776367188,23.87540054321289,6,True
1324,UNH,2018-12-18,2018-12-26,sma_exit,-4.1,222.57032775878903,214.1064300537109,6,True
1325,AMGN,2018-12-18,2018-12-26,sma_exit,0.11,147.92831420898438,148.52919006347656,6,True
1326,ELV,2018-12-18,2018-12-26,sma_exit,-0.28,233.98666381835935,234.02273559570312,6,True
1327,TSLA,2018-12-19,2018-12-26,sma_exit,-2.37,22.197999954223636,21.73933219909668,5,True
1328,REGN,2018-12-19,2018-12-26,sma_exit,0.42,357.3280029296875,359.893798828125,5,True
1329,SO,2018-12-19,2018-12-28,sma_exit,-3.24,33.52464294433594,32.53993606567383,7,True
1330,KO,2018-12-19,2018-12-27,sma_exit,-1.07,38.11342239379883,37.81901931762695,6,False
1331,PEP,2018-12-19,2018-12-27,sma_exit,-0.86,87.2966079711914,86.80474090576172,6,False
1332,PFE,2018-12-19,2018-12-26,sma_exit,0.22,27.484939575195312,27.629005432128903,5,False
1333,MCD,2018-12-20,2018-12-27,sma_exit,0.87,144.76844787597656,146.4605712890625,5,True
1334,MRK,2018-12-20,2018-12-26,sma_exit,0.39,55.63685989379883,56.02296829223633,4,True
1335,ABT,2018-12-21,2018-12-26,sma_exit,3.19,58.43356323242188,60.47487258911133,3,False
1336,SBUX,2018-12-21,2018-12-26,sma_exit,2.45,51.81240081787109,53.23875045776367,3,False
1337,PG,2018-12-24,2018-12-27,sma_exit,5.03,71.5781021118164,75.3962631225586,3,False
1338,WELL,2018-12-24,2018-12-28,sma_exit,4.11,52.5580940246582,54.87590408325195,4,False
1339,MRK,2019-01-24,2019-01-30,sma_exit,-0.03,55.39458847045898,55.546016693115234,5,True
1340,PFE,2019-01-24,2019-01-30,sma_exit,1.24,26.816970825195312,27.22953987121582,5,True
1341,AMGN,2019-01-28,2019-02-05,sma_exit,-2.2,151.76290893554688,148.88497924804688,7,True
1342,VZ,2019-01-29,2019-01-31,sma_exit,3.04,34.91989517211914,36.08652114868164,3,True
1343,CME,2019-01-29,2019-02-01,sma_exit,0.94,137.227783203125,138.93190002441406,4,True
1344,WMT,2019-01-30,2019-02-05,sma_exit,0.54,28.282686233520508,28.5213623046875,5,True
1345,MCD,2019-01-31,2019-02-14,sma_exit,-1.93,149.01950073242188,146.5939178466797,11,True
1346,REGN,2019-02-06,2019-02-12,sma_exit,2.11,402.75927734375,412.4478454589844,5,True
1347,VRTX,2019-02-07,2019-02-12,sma_exit,1.83,180.17999267578125,184.00999450683597,4,True
1348,UNH,2019-02-11,2019-02-13,sma_exit,2.29,226.2392425537109,232.09884643554688,3,True
1349,WELL,2019-02-21,2019-03-04,sma_exit,-0.14,59.57074737548828,59.66677474975586,8,True
1350,LRCX,2019-02-28,2019-03-04,sma_exit,0.65,16.028406143188477,16.181318283081055,3,True
1351,NFLX,2019-03-04,2019-03-06,sma_exit,2.14,35.104000091552734,35.96099853515625,3,True
1352,MAR,2019-03-04,2019-03-05,sma_exit,0.73,117.05242919921876,118.26134490966795,2,True
1353,UNP,2019-03-05,2019-03-11,sma_exit,-1.01,141.42282104492188,140.4222412109375,5,True
1354,MMM,2019-03-05,2019-03-11,sma_exit,1.3,131.2743377685547,133.373779296875,5,True
1355,MRSH,2019-03-05,2019-03-11,sma_exit,-0.95,80.97842407226562,80.45552825927734,5,True
1356,HCA,2019-03-05,2019-03-12,sma_exit,-5.11,127.27960205078124,121.15962982177734,6,True
1357,USB,2019-03-06,2019-03-11,sma_exit,0.4,37.5938835144043,37.85872650146485,4,True
1358,PFE,2019-03-06,2019-03-12,sma_exit,-0.61,27.652315139770508,27.566436767578125,5,True
1359,TMUS,2019-03-06,2019-03-11,sma_exit,0.67,67.2980728149414,67.95413208007812,4,True
1360,LRCX,2019-03-06,2019-03-11,sma_exit,1.37,15.400341033935549,15.657021522521973,4,True
1361,FTNT,2019-03-06,2019-03-11,sma_exit,-0.71,16.579999923706055,16.511999130249023,4,True
1362,PH,2019-03-06,2019-03-11,sma_exit,-0.39,154.88697814941406,154.7520751953125,4,True
1363,VZ,2019-03-06,2019-03-07,sma_exit,0.81,36.492862701416016,36.89922332763672,2,True
1364,AMD,2019-03-07,2019-03-11,sma_exit,3.69,22.07999992370605,22.959999084472656,3,True
1365,DELL,2019-03-07,2019-03-11,sma_exit,1.62,24.462188720703125,24.93182373046875,3,True
1366,GLW,2019-03-07,2019-03-12,sma_exit,0.38,27.954784393310547,28.1440544128418,4,True
1367,LOW,2019-03-07,2019-03-12,sma_exit,-0.15,87.59203338623047,87.72250366210938,4,True
1368,ADP,2019-03-07,2019-03-11,sma_exit,0.15,128.3372802734375,128.90890502929688,3,True
1369,MRVL,2019-03-07,2019-03-11,sma_exit,0.8,18.453414916992188,18.65556526184082,3,True
1370,VRTX,2019-03-07,2019-03-12,sma_exit,1.92,178.61000061035156,182.57000732421875,4,True
1371,IBM,2019-03-07,2019-03-11,sma_exit,1.44,94.578857421875,96.22087097167967,3,True
1372,CRM,2019-03-07,2019-03-11,sma_exit,1.02,152.9538116455078,154.96897888183594,3,True
1373,PWR,2019-03-07,2019-03-11,sma_exit,2.27,34.35520935058594,35.238887786865234,3,True
1374,MSFT,2019-03-07,2019-03-11,sma_exit,1.91,103.07323455810548,105.35152435302734,3,False
1375,SPGI,2019-03-08,2019-03-11,sma_exit,0.16,174.26373291015625,175.0714111328125,2,False
1376,CMCSA,2019-03-08,2019-03-11,sma_exit,2.27,28.91464233398437,29.65662384033203,2,False
1377,CB,2019-03-08,2019-03-11,sma_exit,0.49,117.16329193115234,118.09275817871094,2,False
1378,MA,2019-03-08,2019-03-11,sma_exit,1.4,212.6579132080078,216.27133178710935,2,False
1379,ADBE,2019-03-08,2019-03-11,sma_exit,2.14,254.7400054931641,260.9599914550781,2,False
1380,REGN,2019-03-08,2019-03-12,sma_exit,3.42,398.8759460449219,413.7158508300781,3,False
1381,BA,2019-03-11,2019-03-20,sma_exit,-6.26,390.6411437988281,367.3497619628906,8,True
1382,REGN,2019-03-22,2019-03-26,sma_exit,3.23,388.13720703125,401.82806396484375,3,True
1383,ELV,2019-03-26,2019-04-01,sma_exit,-0.29,260.7784118652344,260.8056030273437,5,True
1384,CRM,2019-03-27,2019-03-29,sma_exit,1.8,152.48196411132812,155.67672729492188,3,True
1385,HCA,2019-03-27,2019-03-29,sma_exit,1.02,120.97159576416016,122.56980895996094,3,True
1386,GLW,2019-03-28,2019-04-01,sma_exit,2.8,27.074254989624023,27.91363525390625,3,True
1387,GOOG,2019-03-28,2019-04-01,sma_exit,1.92,57.91389083862305,59.199554443359375,3,True
1388,GOOGL,2019-03-28,2019-04-01,sma_exit,1.98,58.09832382202149,59.42208862304688,3,True
1389,JNJ,2019-04-04,2019-04-12,sma_exit,0.0,110.33074188232422,110.66439819335938,7,True
1390,WM,2019-04-04,2019-04-10,sma_exit,0.61,90.5302276611328,91.35565948486328,5,True
1391,MRK,2019-04-04,2019-04-18,time_exit,-10.88,62.38641357421875,55.785736083984375,11,True
1392,LLY,2019-04-04,2019-04-09,sma_exit,1.0,114.34496307373048,115.82877349853516,4,True
1393,MRSH,2019-04-09,2019-04-11,sma_exit,0.71,82.51420593261719,83.35100555419922,3,True
1394,UNP,2019-04-09,2019-04-12,sma_exit,1.75,140.8376922607422,143.72927856445312,4,True
1395,ELV,2019-04-11,2019-04-23,sma_exit,-9.58,249.91497802734372,226.7135009765625,8,True
1396,PFE,2019-04-12,2019-04-25,sma_exit,-5.33,27.5532283782959,26.165985107421875,9,True
1397,LLY,2019-04-12,2019-04-23,sma_exit,-4.83,112.02365112304688,106.95316314697266,7,True
1398,CVX,2019-04-12,2019-04-22,sma_exit,1.49,86.53101348876953,88.07725524902344,6,True
1399,SYK,2019-04-12,2019-04-23,sma_exit,-3.26,178.39129638671875,173.1044464111328,7,True
1400,DHR,2019-04-16,2019-04-23,sma_exit,-0.61,109.85871887207033,109.5159149169922,5,True
1401,VRTX,2019-04-16,2019-04-23,sma_exit,-2.73,179.74000549316406,175.3699951171875,5,True
1402,ABT,2019-04-16,2019-04-23,sma_exit,-0.67,66.92733001708984,66.68196868896484,5,True
1403,WELL,2019-04-16,2019-04-24,sma_exit,-0.69,59.00259780883789,58.770503997802734,6,True
1404,ISRG,2019-04-16,2019-04-25,sma_exit,-8.07,187.1433258056641,172.5933380126953,7,True
1405,TMO,2019-04-16,2019-04-23,sma_exit,-1.39,261.6968688964844,258.84295654296875,5,True
1406,CRM,2019-04-17,2019-04-22,sma_exit,1.9,152.69822692871094,156.06007385253906,3,True
1407,NEM,2019-04-17,2019-05-02,time_exit,-12.24,28.23336410522461,24.863201141357425,11,True
1408,EQIX,2019-04-17,2019-04-23,sma_exit,0.3,388.8448181152344,391.18212890625,4,True
1409,CDNS,2019-04-18,2019-04-23,sma_exit,4.95,63.369998931884766,66.69999694824219,3,True
1410,PM,2019-04-22,2019-04-26,sma_exit,0.26,58.35116195678711,58.676513671875,5,True
1411,GLW,2019-04-22,2019-04-23,sma_exit,1.16,28.26749420166016,28.6789608001709,2,True
1412,PG,2019-04-23,2019-04-26,sma_exit,2.32,85.7937240600586,88.03919219970703,4,True
1413,STX,2019-04-24,2019-04-30,sma_exit,2.53,36.39762878417969,37.427833557128906,5,True
1414,T,2019-04-24,2019-04-30,sma_exit,0.25,14.13996696472168,14.218037605285645,5,True
1415,VZ,2019-04-25,2019-04-29,sma_exit,1.47,36.98141860961914,37.6369514465332,3,True
1416,CAT,2019-04-25,2019-04-29,sma_exit,1.82,117.59767150878906,120.09422302246094,3,True
1417,PH,2019-04-25,2019-05-09,time_exit,-5.45,163.68165588378906,155.25885009765625,11,True
1418,INTC,2019-04-26,2019-05-03,sma_exit,-1.6,45.408390045166016,44.8194465637207,6,True
1419,AVGO,2019-04-26,2019-04-30,sma_exit,2.27,25.852066040039062,26.51749420166016,3,True
1420,INTU,2019-04-29,2019-05-03,sma_exit,0.16,235.1639862060547,236.23666381835935,5,True
1421,APH,2019-04-29,2019-05-01,sma_exit,0.71,23.11712074279785,23.350812911987305,3,True
1422,AMD,2019-05-01,2019-05-02,sma_exit,5.22,26.809999465942383,28.290000915527344,2,True
1423,MU,2019-05-01,2019-05-02,sma_exit,1.28,40.85824966430664,41.501834869384766,2,True
1424,ETN,2019-05-01,2019-05-03,sma_exit,1.67,71.0676498413086,72.46800231933594,3,True
1425,WMB,2019-05-02,2019-05-10,sma_exit,0.03,18.610326766967773,18.671321868896484,7,True
1426,CSCO,2019-05-02,2019-05-15,sma_exit,-4.85,44.551605224609375,42.52431869506836,10,True
1427,FTNT,2019-05-03,2019-05-10,sma_exit,-3.86,17.191999435424805,16.579999923706055,6,True
1428,PWR,2019-05-03,2019-05-17,time_exit,-9.82,38.11579513549805,34.489009857177734,11,True
1429,ANET,2019-05-03,2019-05-16,sma_exit,-9.2,17.400625228881836,15.85124969482422,10,True
1430,MRVL,2019-05-06,2019-05-15,sma_exit,-5.74,23.58668708801269,22.30259132385254,8,True
1431,ACN,2019-05-06,2019-05-14,sma_exit,-1.8,157.53196716308594,155.16357421875,7,True
1432,AVGO,2019-05-07,2019-05-14,sma_exit,-2.02,25.592214584350582,25.151641845703125,6,True
1433,KLAC,2019-05-07,2019-05-21,time_exit,-8.33,10.65945053100586,9.803789138793944,11,True
1434,PGR,2019-05-07,2019-05-10,sma_exit,0.58,59.66875076293945,60.193397521972656,4,True
1435,APH,2019-05-08,2019-05-22,time_exit,-4.52,22.10054397583008,21.168107986450195,11,True
1436,ADI,2019-05-08,2019-05-22,sma_exit,-8.54,96.88838958740234,88.90418243408203,11,True
1437,DUK,2019-05-08,2019-05-13,sma_exit,-0.02,65.25404357910156,65.43984985351562,4,True
1438,LOW,2019-05-08,2019-05-15,sma_exit,0.53,93.2223892211914,93.99976348876952,6,True
1439,NEE,2019-05-08,2019-05-10,sma_exit,1.77,38.95539855957031,39.7598762512207,3,True
1440,AMAT,2019-05-08,2019-05-15,sma_exit,-0.49,38.6414794921875,38.56713104248047,6,True
1441,T,2019-05-08,2019-05-10,sma_exit,0.76,13.91494083404541,14.061895370483398,3,True
1442,KO,2019-05-09,2019-05-10,sma_exit,1.37,38.04482269287109,38.678897857666016,2,True
1443,JNJ,2019-05-09,2019-05-16,sma_exit,-0.67,112.90242767333984,112.47921752929688,6,True
1444,CRM,2019-05-09,2019-05-10,sma_exit,2.02,153.65174865722656,157.2200164794922,2,False
1445,TMO,2019-05-09,2019-05-16,sma_exit,-1.04,263.8251342773437,261.8832702636719,6,False
1446,PANW,2019-05-10,2019-05-17,sma_exit,-4.27,39.15833282470703,37.60333251953125,6,True
1447,BAC,2019-05-10,2019-05-21,sma_exit,-3.31,24.81970596313477,24.07293510437012,8,True
1448,MS,2019-05-10,2019-05-21,sma_exit,-4.51,37.158599853515625,35.594966888427734,8,True
1449,AAPL,2019-05-10,2019-05-17,sma_exit,-4.45,47.125244140625,45.17026519775391,6,True
1450,NFLX,2019-05-10,2019-05-15,sma_exit,-1.98,36.104000091552734,35.499000549316406,4,True
1451,LRCX,2019-05-10,2019-05-15,sma_exit,-1.52,18.124271392822266,17.90263557434082,4,True
1452,JPM,2019-05-13,2019-05-16,sma_exit,1.4,90.09517669677734,91.62625885009766,4,True
1453,TXN,2019-05-13,2019-05-15,sma_exit,2.67,87.58821105957031,90.18859100341795,3,False
1454,AMZN,2019-05-13,2019-05-15,sma_exit,2.36,91.13400268554688,93.55750274658205,3,False
1455,HD,2019-05-13,2019-05-16,sma_exit,0.77,159.1918487548828,160.89801025390625,4,False
1456,MAR,2019-05-13,2019-05-15,sma_exit,4.32,119.00741577148438,124.50397491455078,3,False
1457,META,2019-05-13,2019-05-15,sma_exit,2.31,179.9596710205078,184.6484832763672,3,False
1458,DELL,2019-05-13,2019-05-15,sma_exit,5.73,29.485389709472656,31.26261138916016,3,False
1459,SYK,2019-05-13,2019-05-16,sma_exit,0.48,170.54896545410156,171.8730010986328,4,False
1460,MCO,2019-05-13,2019-05-16,sma_exit,2.84,172.15188598632812,177.55540466308594,4,False
1461,BLK,2019-05-13,2019-05-28,time_exit,-3.34,370.302734375,359.0375671386719,11,False
1462,QCOM,2019-05-20,2019-05-30,sma_exit,-13.39,64.7839584350586,56.30337524414063,8,True
1463,AVGO,2019-05-20,2019-05-30,sma_exit,-6.16,22.7022762298584,21.37223625183105,8,True
1464,VRT,2019-05-23,2019-05-29,sma_exit,-0.1,10.006778717041016,10.02667236328125,4,True
1465,CSX,2019-05-23,2019-05-30,sma_exit,-0.47,22.73920440673828,22.70126724243164,5,True
1466,LRCX,2019-05-28,2019-06-04,sma_exit,0.54,16.386024475097656,16.523401260375977,6,True
1467,PG,2019-05-28,2019-06-04,sma_exit,-0.09,86.8748779296875,87.05785369873047,6,True
1468,UNP,2019-05-28,2019-06-04,sma_exit,0.58,143.99212646484375,145.25723266601562,6,True
1469,ORCL,2019-05-28,2019-06-04,sma_exit,0.22,46.58470153808594,46.827754974365234,6,True
1470,KKR,2019-05-28,2019-06-04,sma_exit,-0.22,21.83977508544922,21.858327865600582,6,True
1471,MCD,2019-05-28,2019-05-30,sma_exit,1.01,164.9751434326172,167.1309356689453,3,True
1472,WM,2019-05-29,2019-05-30,sma_exit,0.79,95.18102264404295,96.21944427490234,2,True
1473,JCI,2019-05-29,2019-05-30,sma_exit,1.48,32.980743408203125,33.56707000732422,2,True
1474,SBUX,2019-05-29,2019-05-30,sma_exit,0.88,64.16326141357422,64.92182922363281,2,True
1475,PM,2019-05-29,2019-06-07,sma_exit,-3.96,56.170509338378906,54.11448287963867,8,True
1476,BX,2019-05-29,2019-06-04,sma_exit,0.54,30.56118392944336,30.81671714782715,5,True
1477,CMCSA,2019-05-29,2019-06-05,sma_exit,-1.78,31.90494537353516,31.433055877685547,6,True
1478,TT,2019-05-29,2019-05-30,sma_exit,0.9,83.05305480957031,84.05022430419922,2,True
1479,COST,2019-05-29,2019-06-04,sma_exit,1.74,218.12872314453125,222.5875244140625,5,True
1480,DIS,2019-05-29,2019-06-03,sma_exit,0.38,126.02525329589844,126.8873291015625,4,True
1481,SO,2019-05-29,2019-05-31,sma_exit,0.85,40.10234069824219,40.56485748291016,3,True
1482,PLD,2019-05-29,2019-06-03,sma_exit,2.37,59.87229537963867,61.46833038330078,4,False
1483,VZ,2019-05-30,2019-06-05,sma_exit,0.05,37.63034057617188,37.76275634765625,5,True
1484,AMZN,2019-05-31,2019-06-06,sma_exit,-1.47,88.75350189208984,87.71800231933594,5,True
1485,DELL,2019-05-31,2019-06-11,sma_exit,-9.05,27.4180965423584,25.019302368164062,8,True
1486,T,2019-05-31,2019-06-04,sma_exit,2.64,14.04352569580078,14.456842422485352,3,True
1487,TMUS,2019-05-31,2019-06-04,sma_exit,2.76,69.82723236083984,71.966552734375,3,True
1488,HWM,2019-05-31,2019-06-03,sma_exit,0.7,16.508031845092773,16.673866271972656,2,True
1489,AXP,2019-05-31,2019-06-04,sma_exit,1.57,104.36432647705078,106.31129455566406,3,True
1490,RTX,2019-05-31,2019-06-04,sma_exit,2.13,67.4189224243164,69.05769348144531,3,True
1491,MSFT,2019-06-03,2019-06-05,sma_exit,4.7,112.31108856201172,117.92475128173828,3,True
1492,META,2019-06-03,2019-06-07,sma_exit,5.3,162.72105407714844,171.84097290039062,5,True
1493,ADBE,2019-06-03,2019-06-05,sma_exit,5.04,259.0299987792969,272.8599853515625,3,True
1494,MA,2019-06-03,2019-06-05,sma_exit,5.48,232.52557373046875,245.9630584716797,3,False
1495,V,2019-06-03,2019-06-04,sma_exit,2.05,150.6387481689453,154.18153381347656,2,False
1496,NOW,2019-06-03,2019-06-05,sma_exit,5.69,49.67599868774414,52.650001525878906,3,False
1497,MNST,2019-06-13,2019-06-18,sma_exit,2.21,30.299999237060547,31.059999465942383,4,True
1498,NFLX,2019-06-14,2019-06-17,sma_exit,2.91,33.972999572753906,35.0620002746582,2,True
1499,CSX,2019-06-17,2019-06-18,sma_exit,1.06,23.212726593017575,23.52748107910156,2,True
1500,AMD,2019-06-17,2019-06-19,sma_exit,4.15,29.200000762939453,30.5,3,True
1501,LRCX,2019-06-17,2019-06-18,sma_exit,4.3,15.890417098999023,16.620874404907227,2,True
1502,UNP,2019-06-17,2019-06-20,sma_exit,1.33,140.42420959472656,142.7171630859375,4,True
1503,USB,2019-06-17,2019-06-20,sma_exit,0.96,38.18910217285156,38.6710090637207,4,True
1504,PEP,2019-06-18,2019-06-19,sma_exit,0.3,106.38824462890624,107.0246353149414,2,True
1505,MRVL,2019-06-25,2019-06-27,sma_exit,1.75,22.601890563964844,23.06531524658203,3,True
1506,TMUS,2019-06-26,2019-06-28,sma_exit,1.21,69.44690704345703,70.49279022216797,3,True
1507,ADP,2019-06-26,2019-06-28,sma_exit,1.24,139.58438110351562,141.73614501953125,3,True
1508,PLD,2019-06-26,2019-06-28,sma_exit,2.21,64.38945770263672,66.00455474853516,3,True
1509,EQIX,2019-06-26,2019-06-28,sma_exit,2.56,428.1924743652344,440.4282836914063,3,True
1510,ELV,2019-06-26,2019-07-01,sma_exit,1.09,252.9507293701172,256.470458984375,4,True
1511,PGR,2019-06-26,2019-06-27,sma_exit,1.1,64.42324829101562,65.3249740600586,2,True
1512,MDT,2019-06-26,2019-07-01,sma_exit,0.61,79.17020416259766,79.88680267333984,4,True
1513,CMCSA,2019-06-27,2019-07-01,sma_exit,1.39,31.9658203125,32.50620651245117,3,True
1514,PEP,2019-06-27,2019-07-02,sma_exit,0.26,106.09017181396484,106.68631744384766,4,True
1515,GE,2019-07-08,2019-07-12,sma_exit,1.37,49.21403503417969,50.03426361083984,5,True
1516,STX,2019-07-09,2019-07-10,sma_exit,2.31,36.175537109375,37.11844253540039,2,True
1517,CAT,2019-07-09,2019-07-12,sma_exit,2.73,116.00817108154295,119.52409362792967,4,True
1518,ETN,2019-07-10,2019-07-12,sma_exit,2.45,69.17717742919922,71.07638549804688,3,True
1519,PWR,2019-07-10,2019-07-12,sma_exit,1.32,36.96543502807617,37.56562805175781,3,True
1520,DE,2019-07-10,2019-07-12,sma_exit,2.54,145.9852294921875,150.1248321533203,3,True
1521,QCOM,2019-07-10,2019-07-15,sma_exit,1.14,63.44776916503906,64.36074829101562,4,True
1522,GLW,2019-07-11,2019-07-12,sma_exit,1.11,26.97101593017578,27.352174758911133,2,True
1523,BRK-B,2019-07-11,2019-07-24,sma_exit,-2.74,213.1699981689453,207.97000122070312,10,True
1524,MRK,2019-07-12,2019-07-17,sma_exit,2.45,61.17642593383789,62.8568115234375,4,True
1525,TMO,2019-07-12,2019-07-18,sma_exit,0.66,285.5332946777344,288.2714233398437,5,True
1526,NFLX,2019-07-15,2019-07-24,sma_exit,-13.57,36.65999984741211,31.79400062561035,8,True
1527,BX,2019-07-15,2019-07-19,sma_exit,-0.37,35.35403823852539,35.330814361572266,5,True
1528,ORCL,2019-07-17,2019-07-24,sma_exit,-0.09,52.41317367553711,52.52163696289063,6,True
1529,PGR,2019-07-17,2019-07-24,sma_exit,0.72,65.82266235351562,66.49565887451172,6,True
1530,LMT,2019-07-17,2019-07-23,sma_exit,-0.49,295.689208984375,295.13653564453125,5,True
1531,WMB,2019-07-17,2019-07-31,time_exit,-11.41,19.046409606933597,16.930143356323242,11,True
1532,EQIX,2019-07-17,2019-07-24,sma_exit,-1.05,447.3190612792969,443.9479064941406,6,True
1533,HWM,2019-07-18,2019-07-24,sma_exit,1.73,18.950313568115234,19.33474922180176,5,True
1534,DIS,2019-07-19,2019-07-23,sma_exit,0.71,134.785888671875,136.1448211669922,3,True
1535,KKR,2019-07-19,2019-07-22,sma_exit,3.68,23.31431198120117,24.24168968200684,2,True
1536,AMZN,2019-07-19,2019-07-23,sma_exit,1.23,98.22599792480467,99.72450256347656,3,True
1537,META,2019-07-19,2019-07-22,sma_exit,1.7,196.63323974609372,200.5587921142578,2,True
1538,PEP,2019-07-19,2019-07-26,sma_exit,0.57,104.80119323730467,105.71154022216795,6,True
1539,MNST,2019-07-19,2019-07-24,sma_exit,2.04,31.6299991607666,32.369998931884766,4,True
1540,T,2019-07-19,2019-07-24,sma_exit,1.07,15.361292839050291,15.57210636138916,4,True
1541,WM,2019-07-19,2019-07-26,sma_exit,1.16,104.12800598144533,105.6526336669922,6,True
1542,KO,2019-07-19,2019-07-23,sma_exit,5.42,41.56931686401367,43.94749450683594,3,True
1543,HD,2019-07-22,2019-07-24,sma_exit,1.33,177.93617248535156,180.8333740234375,3,True
1544,PWR,2019-07-22,2019-07-24,sma_exit,2.22,36.76865768432617,37.69354248046875,3,True
1545,WMT,2019-07-22,2019-07-26,sma_exit,-0.12,34.019649505615234,34.07997131347656,5,True
1546,MAR,2019-07-22,2019-07-23,sma_exit,3.1,128.98345947265625,133.37269592285156,2,True
1547,TJX,2019-07-22,2019-07-24,sma_exit,1.18,49.273231506347656,50.00050735473633,3,True
1548,CB,2019-07-23,2019-07-24,sma_exit,3.0,131.2586669921875,135.5880126953125,2,True
1549,ELV,2019-07-24,2019-07-26,sma_exit,3.53,262.08575439453125,272.1278076171875,3,True
1550,PG,2019-07-24,2019-07-26,sma_exit,1.59,94.25099182128906,96.0339126586914,3,True
1551,DUK,2019-07-24,2019-07-29,sma_exit,0.4,65.49354553222656,65.95178985595703,4,True
1552,TT,2019-07-25,2019-07-30,sma_exit,3.11,86.33609771728516,89.28404235839844,4,True
1553,EQIX,2019-07-25,2019-07-30,sma_exit,1.4,428.3670959472656,435.6509704589844,4,True
1554,NEM,2019-07-26,2019-08-05,sma_exit,0.08,30.92000961303711,31.036130905151367,7,True
1555,CME,2019-07-29,2019-08-01,sma_exit,0.18,152.42396545410156,153.156982421875,4,True
1556,FTNT,2019-07-29,2019-08-02,sma_exit,3.42,16.591999053955078,17.209999084472656,5,True
1557,AMZN,2019-07-29,2019-08-08,sma_exit,-4.46,95.62249755859376,91.64450073242188,9,True
1558,ICE,2019-07-30,2019-08-01,sma_exit,1.21,80.32721710205078,81.54303741455078,3,True
1559,ADI,2019-07-31,2019-08-08,sma_exit,-4.67,103.5142059326172,98.99329376220705,7,True
1560,ORCL,2019-07-31,2019-08-08,sma_exit,-3.23,50.88569641113281,49.39438247680664,7,True
1561,AVGO,2019-07-31,2019-08-08,sma_exit,-6.86,24.382965087890625,22.78456115722656,7,True
1562,CMCSA,2019-07-31,2019-08-08,sma_exit,-1.48,33.01864242553711,32.62857818603516,7,True
1563,MSFT,2019-07-31,2019-08-08,sma_exit,1.62,127.70890045166016,130.1642608642578,7,True
1564,QCOM,2019-07-31,2019-08-08,sma_exit,-2.9,62.42387771606445,60.80269241333008,7,True
1565,LIN,2019-07-31,2019-08-07,sma_exit,-0.56,172.8392333984375,172.38743591308594,6,True
1566,STX,2019-07-31,2019-08-08,sma_exit,-2.83,36.387691497802734,35.46837615966797,7,True
1567,COST,2019-07-31,2019-08-07,sma_exit,-0.78,249.7935943603516,248.5882568359375,6,True
1568,PWR,2019-08-01,2019-08-08,sma_exit,-5.51,34.938602447509766,33.11836624145508,6,True
1569,CVX,2019-08-01,2019-08-08,sma_exit,1.76,88.09740447998047,89.91425323486328,6,True
1570,KKR,2019-08-01,2019-08-08,sma_exit,-1.77,23.824371337890625,23.474903106689453,6,True
1571,MS,2019-08-01,2019-08-08,sma_exit,-4.17,34.69268798828125,33.351219177246094,6,True
1572,HWM,2019-08-01,2019-08-06,sma_exit,0.56,18.377033233642575,18.535463333129883,4,True
1573,AXP,2019-08-01,2019-08-07,sma_exit,-0.74,113.25138854980467,112.74942016601562,5,True
1574,RTX,2019-08-01,2019-08-08,sma_exit,-0.57,70.37619018554688,70.18400573730469,6,True
1575,C,2019-08-01,2019-08-08,sma_exit,-1.92,53.35223007202149,52.48714065551758,6,False
1576,NOW,2019-08-01,2019-08-08,sma_exit,-2.81,54.79999923706055,53.422000885009766,6,False
1577,DE,2019-08-01,2019-08-08,sma_exit,-4.11,146.34832763671875,140.7653045654297,6,False
1578,ADBE,2019-08-01,2019-08-08,sma_exit,-0.52,298.44000244140625,297.7799987792969,6,False
1579,MRVL,2019-08-01,2019-08-08,sma_exit,-1.43,24.82390594482422,24.543251037597656,6,False
1580,GD,2019-08-01,2019-08-07,sma_exit,-1.71,156.36961364746094,154.17027282714844,5,False
1581,GS,2019-08-01,2019-08-08,sma_exit,-2.47,178.69924926757812,174.814453125,6,False
1582,TJX,2019-08-01,2019-08-07,sma_exit,-1.1,47.80958557128906,47.4277458190918,5,False
1583,CDNS,2019-08-01,2019-08-08,sma_exit,-2.56,73.04000091552734,71.38999938964844,6,False
1584,BLK,2019-08-01,2019-08-08,sma_exit,-3.47,380.8640747070313,368.7879333496094,6,False
1585,AMAT,2019-08-01,2019-08-08,sma_exit,-1.56,45.27493667602539,44.70513916015625,6,False
1586,WMT,2019-08-01,2019-08-07,sma_exit,-1.38,32.98236846923828,32.62653732299805,5,False
1587,MAR,2019-08-02,2019-08-09,sma_exit,-2.89,128.90765380859375,125.57073974609376,6,True
1588,MNST,2019-08-02,2019-08-08,sma_exit,-0.64,31.19499969482422,31.09000015258789,5,True
1589,ABT,2019-08-02,2019-08-08,sma_exit,-0.6,75.48066711425781,75.25198364257812,5,False
1590,BKNG,2019-08-02,2019-08-08,sma_exit,4.84,72.30723571777344,76.02546691894531,5,False
1591,TMO,2019-08-02,2019-08-06,sma_exit,0.11,269.7129821777344,270.83172607421875,3,False
1592,USB,2019-08-02,2019-08-13,sma_exit,-4.99,41.38997268676758,39.448543548583984,8,False
1593,DHR,2019-08-02,2019-08-08,sma_exit,0.92,119.4391632080078,120.8979034423828,5,False
1594,AMD,2019-08-02,2019-08-07,sma_exit,-1.15,29.440000534057617,29.190000534057617,4,False
1595,LRCX,2019-08-02,2019-08-08,sma_exit,-1.58,18.79934310913086,18.558931350708008,5,False
1596,META,2019-08-02,2019-08-08,sma_exit,0.3,187.37457275390625,188.50462341308597,5,False
1597,PSX,2019-08-02,2019-08-08,sma_exit,0.9,74.83417510986328,75.72900390625,5,False
1598,CSCO,2019-08-02,2019-08-08,sma_exit,-0.47,43.45368194580078,43.38024139404297,5,False
1599,BAC,2019-08-05,2019-08-09,sma_exit,0.59,23.68841552734375,23.899314880371094,5,True
1600,GE,2019-08-05,2019-08-13,sma_exit,-3.51,46.608585357666016,45.11287307739258,7,False
1601,GOOGL,2019-08-05,2019-08-08,sma_exit,4.15,57.23002624511719,59.77942657470703,4,False
1602,GOOG,2019-08-05,2019-08-08,sma_exit,4.25,57.11246109008789,59.713523864746094,4,False
1603,PNC,2019-08-05,2019-08-09,sma_exit,-0.74,103.24270629882812,102.7922134399414,5,False
1604,HD,2019-08-05,2019-08-08,sma_exit,2.94,172.6049041748047,178.18887329101562,4,False
1605,TXN,2019-08-05,2019-08-07,sma_exit,2.94,96.18827056884766,99.30598449707033,3,False
1606,UNP,2019-08-05,2019-08-08,sma_exit,1.41,142.21420288085938,144.65208435058594,4,False
1607,DIS,2019-08-05,2019-08-06,sma_exit,2.28,133.29202270507812,136.73272705078125,2,False
1608,COF,2019-08-05,2019-08-08,sma_exit,2.17,76.91656494140625,78.81685638427734,4,False
1609,PANW,2019-08-05,2019-08-09,sma_exit,0.01,35.755001068115234,35.8650016784668,5,False
1610,AAPL,2019-08-05,2019-08-08,sma_exit,4.92,46.2075080871582,48.61897659301758,4,False
1611,PLD,2019-08-05,2019-08-07,sma_exit,2.07,64.80145263671875,66.33415222167969,3,False
1612,MA,2019-08-05,2019-08-07,sma_exit,4.56,246.81906127929688,258.8023986816406,3,False
1613,JPM,2019-08-05,2019-08-09,sma_exit,-0.14,90.83245849609376,90.97341918945312,5,False
1614,INTU,2019-08-05,2019-08-08,sma_exit,4.7,250.5970001220703,263.1206359863281,4,False
1615,V,2019-08-05,2019-08-07,sma_exit,3.53,160.3837432861328,166.51947021484375,3,False
1616,ELV,2019-08-05,2019-08-06,sma_exit,2.32,257.2868957519531,264.0180358886719,2,False
1617,BX,2019-08-05,2019-08-07,sma_exit,4.12,34.81519317626953,36.35542297363281,3,False
1618,ACN,2019-08-05,2019-08-08,sma_exit,4.35,165.8349151611328,173.54791259765625,4,False
1619,PGR,2019-08-05,2019-08-06,sma_exit,2.56,63.47538375854492,65.28921508789062,2,False
1620,ETN,2019-08-05,2019-08-08,sma_exit,3.51,67.82884979248047,70.41561126708984,4,False
1621,KLAC,2019-08-05,2019-08-06,sma_exit,6.96,11.60523509979248,12.447686195373535,2,False
1622,ADP,2019-08-05,2019-08-07,sma_exit,2.65,136.95248413085938,140.9988555908203,3,False
1623,TMUS,2019-08-05,2019-08-08,sma_exit,1.94,72.44194030761719,74.06783294677734,4,False
1624,IBM,2019-08-07,2019-08-16,sma_exit,-3.01,98.35365295410156,95.68540954589844,8,True
1625,VRT,2019-08-20,2019-08-21,sma_exit,0.98,10.066461563110352,10.19577407836914,2,True
1626,PM,2019-08-23,2019-09-04,sma_exit,-10.4,57.07474899291992,51.31245803833008,8,True
1627,ADI,2019-08-23,2019-08-27,sma_exit,2.46,91.80210876464844,94.3401870727539,3,True
1628,META,2019-08-23,2019-08-27,sma_exit,1.7,176.20266723632812,179.7217559814453,3,True
1629,MRVL,2019-08-23,2019-08-29,sma_exit,1.47,23.01413345336914,23.420602798461918,5,True
1630,WDC,2019-08-27,2019-08-29,sma_exit,4.3,38.46022415161133,40.2276725769043,3,True
1631,MRK,2019-09-10,2019-09-13,sma_exit,1.5,62.68033599853516,63.8075065612793,4,True
1632,ICE,2019-09-10,2019-09-13,sma_exit,0.8,82.3840560913086,83.28678894042969,4,True
1633,MCD,2019-09-10,2019-09-18,sma_exit,0.06,177.85401916503906,178.49014282226562,7,True
1634,AMGN,2019-09-10,2019-09-17,sma_exit,-0.38,159.32762145996094,159.20623779296875,6,True
1635,WM,2019-09-10,2019-09-17,sma_exit,-0.14,101.78797912597656,101.94915771484376,6,True
1636,SBUX,2019-09-10,2019-09-17,sma_exit,0.14,77.29973602294922,77.64196014404297,6,True
1637,CME,2019-09-11,2019-09-16,sma_exit,1.88,155.19041442871094,158.5764923095703,4,True
1638,INTU,2019-09-11,2019-09-17,sma_exit,0.61,253.06936645507807,255.36102294921875,5,True
1639,EQIX,2019-09-11,2019-09-12,sma_exit,1.68,463.5720520019531,472.7304992675781,2,True
1640,PLD,2019-09-11,2019-09-12,sma_exit,1.58,67.97396087646484,69.25121307373047,2,True
1641,ADP,2019-09-11,2019-09-19,sma_exit,-0.92,138.1440887451172,137.28257751464844,7,True
1642,WELL,2019-09-12,2019-09-17,sma_exit,1.82,71.48416900634766,72.99641418457031,4,True
1643,SPGI,2019-09-16,2019-09-17,sma_exit,2.35,222.54171752929688,228.44644165039065,2,True
1644,TJX,2019-09-16,2019-09-18,sma_exit,1.22,50.60882568359375,51.37576675415039,3,True
1645,UPS,2019-09-18,2019-09-27,sma_exit,-2.03,90.27161407470705,88.71288299560547,8,True
1646,ETN,2019-09-19,2019-09-27,sma_exit,-2.07,74.60911560058594,73.28484344482422,7,True
1647,LOW,2019-09-19,2019-09-26,sma_exit,-1.33,98.23876190185548,97.22889709472656,6,True
1648,PH,2019-09-20,2019-09-23,sma_exit,1.97,160.91537475585938,164.56922912597656,2,True
1649,NVDA,2019-09-20,2019-09-25,sma_exit,2.91,4.289649963378906,4.427264213562012,4,True
1650,HD,2019-09-20,2019-09-25,sma_exit,1.23,190.37744140625,193.28387451171875,4,True
1651,INTC,2019-09-20,2019-09-25,sma_exit,0.29,44.494815826416016,44.757999420166016,4,True
1652,MAR,2019-09-20,2019-09-30,sma_exit,-2.35,120.80998229980467,118.33614349365234,7,True
1653,BKNG,2019-09-23,2019-10-01,sma_exit,-1.86,78.70455169677734,77.47545623779297,7,True
1654,GD,2019-09-23,2019-10-07,sma_exit,-5.7,159.23394775390625,150.63247680664062,11,True
1655,ADI,2019-09-24,2019-10-03,sma_exit,-0.38,98.27717590332033,98.1974868774414,8,True
1656,BRK-B,2019-09-24,2019-09-25,sma_exit,0.53,206.3999938964844,208.1100006103516,2,True
1657,CMCSA,2019-09-24,2019-10-04,sma_exit,-2.03,34.96137237548828,34.356563568115234,9,True
1658,META,2019-09-24,2019-10-03,sma_exit,-1.35,179.70193481445312,177.81849670410156,8,True
1659,ADBE,2019-09-24,2019-09-25,sma_exit,1.52,272.4700012207031,277.42999267578125,2,True
1660,COF,2019-09-24,2019-10-08,time_exit,-7.91,81.11669921875,74.94526672363281,11,True
1661,ACN,2019-09-24,2019-09-26,sma_exit,0.74,169.9371795654297,171.70684814453125,3,True
1662,MS,2019-09-24,2019-10-07,sma_exit,-4.67,34.37752151489258,32.87440872192383,10,True
1663,GS,2019-09-24,2019-10-07,sma_exit,-3.84,176.5489959716797,170.30282592773438,10,True
1664,BAC,2019-09-24,2019-09-27,sma_exit,1.12,24.574817657470703,24.922983169555664,4,True
1665,MDT,2019-09-25,2019-09-30,sma_exit,1.14,88.12091064453125,89.38827514648438,4,True
1666,TMO,2019-09-25,2019-09-27,sma_exit,1.5,277.2602844238281,282.2392883300781,3,True
1667,UNP,2019-09-25,2019-10-04,sma_exit,-4.75,140.31167602539062,134.0679473876953,8,True
1668,CVS,2019-09-26,2019-09-30,sma_exit,2.1,49.23346328735352,50.416542053222656,3,True
1669,CVX,2019-09-26,2019-10-09,sma_exit,-6.14,88.57553100585938,83.40074157714844,10,True
1670,HWM,2019-09-26,2019-10-07,sma_exit,-6.19,19.84056282043457,18.671247482299805,8,True
1671,SYK,2019-09-26,2019-09-30,sma_exit,-0.1,200.86952209472656,201.2696075439453,3,True
1672,MRSH,2019-09-27,2019-10-04,sma_exit,-1.7,89.2058334350586,87.95394897460938,6,True
1673,MU,2019-09-27,2019-10-03,sma_exit,0.28,42.13567733764648,42.37946319580078,5,True
1674,AMD,2019-09-27,2019-10-04,sma_exit,0.71,28.71999931335449,29.01000022888184,6,True
1675,DHR,2019-09-27,2019-09-30,sma_exit,1.73,121.616455078125,124.0821533203125,2,True
1676,BX,2019-09-27,2019-10-10,sma_exit,-7.69,39.26385498046875,36.36323547363281,10,True
1677,KKR,2019-09-30,2019-10-07,sma_exit,-2.5,25.02187728881836,24.4720516204834,6,True
1678,NEM,2019-09-30,2019-10-03,sma_exit,0.23,31.566633224487305,31.733129501342773,4,True
1679,AMGN,2019-09-30,2019-10-04,sma_exit,0.77,156.6083526611328,158.29171752929688,5,True
1680,SBUX,2019-10-01,2019-10-07,sma_exit,-1.06,74.0143814086914,73.44971466064453,5,True
1681,BLK,2019-10-01,2019-10-10,sma_exit,-3.37,368.39984130859375,357.09356689453125,8,True
1682,AXP,2019-10-01,2019-10-09,sma_exit,-2.31,106.50687408447266,104.36730194091795,7,True
1683,TT,2019-10-01,2019-10-11,sma_exit,-4.23,85.07762145996094,81.7340316772461,9,False
1684,PNC,2019-10-01,2019-10-04,sma_exit,2.08,106.56710052490234,109.1070327758789,4,False
1685,MCO,2019-10-01,2019-10-04,sma_exit,0.73,189.9629364013672,191.91452026367188,4,False
1686,PSX,2019-10-01,2019-10-04,sma_exit,-0.47,76.66780853271484,76.53880310058594,4,False
1687,JCI,2019-10-02,2019-10-11,sma_exit,1.75,36.54587173461914,37.29669570922852,8,False
1688,CME,2019-10-02,2019-10-04,sma_exit,3.64,159.219970703125,165.48641967773438,3,False
1689,PGR,2019-10-02,2019-10-04,sma_exit,2.38,61.546661376953125,63.19807434082031,3,False
1690,EQIX,2019-10-02,2019-10-03,sma_exit,2.23,492.5912780761719,505.0746154785156,2,False
1691,USB,2019-10-02,2019-10-04,sma_exit,1.99,39.78657531738281,40.69698333740234,3,False
1692,VZ,2019-10-02,2019-10-04,sma_exit,1.38,39.41820907592773,40.08064270019531,3,False
1693,JPM,2019-10-02,2019-10-04,sma_exit,1.72,93.88317108154295,95.78006744384766,3,False
1694,PG,2019-10-02,2019-10-04,sma_exit,2.11,101.34912109375,103.7933120727539,3,False
1695,C,2019-10-02,2019-10-04,sma_exit,2.6,52.10964584350586,53.61961364746094,3,False
1696,QCOM,2019-10-02,2019-10-03,sma_exit,2.05,63.633338928222656,65.12974548339844,2,False
1697,RTX,2019-10-02,2019-10-04,sma_exit,1.8,70.05915832519531,71.53044891357422,3,False
1698,WDC,2019-10-02,2019-10-04,sma_exit,3.7,41.49848175048828,43.15635681152344,3,False
1699,WMT,2019-10-02,2019-10-04,sma_exit,1.46,35.187103271484375,35.805274963378906,3,False
1700,GOOG,2019-10-02,2019-10-04,sma_exit,2.45,58.31733703613281,59.921688079833984,3,False
1701,LOW,2019-10-02,2019-10-07,sma_exit,1.47,93.3913803100586,95.04230499267578,4,False
1702,SPGI,2019-10-02,2019-10-04,sma_exit,3.08,210.89285278320312,218.0284423828125,3,False
1703,GOOGL,2019-10-02,2019-10-04,sma_exit,2.5,58.37834548950195,60.01582336425781,3,False
1704,ICE,2019-10-02,2019-10-04,sma_exit,3.65,82.91998291015625,86.19351196289062,3,False
1705,PH,2019-10-02,2019-10-10,sma_exit,-0.63,155.7163848876953,155.1982879638672,7,False
1706,BA,2019-10-02,2019-10-04,sma_exit,1.97,363.06842041015625,371.3110046386719,3,False
1707,DIS,2019-10-03,2019-10-04,sma_exit,1.35,123.50953674316406,125.5527801513672,2,True
1708,MCK,2019-10-04,2019-10-09,sma_exit,0.89,124.80043029785156,126.28070831298828,4,True
1709,PG,2019-10-15,2019-10-18,sma_exit,0.57,98.10140228271484,98.9555206298828,4,True
1710,CB,2019-10-17,2019-10-30,sma_exit,-0.07,137.52279663085938,137.8373260498047,10,True
1711,LMT,2019-10-18,2019-10-24,sma_exit,0.31,309.0139465332031,310.88885498046875,5,True
1712,GD,2019-10-18,2019-10-22,sma_exit,2.82,149.55892944335938,154.2318878173828,3,True
1713,CME,2019-10-21,2019-10-30,sma_exit,-0.83,157.86402893066406,157.02133178710938,8,True
1714,MDT,2019-10-22,2019-10-25,sma_exit,0.61,85.98949432373047,86.77129364013672,4,True
1715,SBUX,2019-10-22,2019-10-28,sma_exit,-0.13,71.40491485595703,71.52471923828125,5,True
1716,SYK,2019-10-22,2019-10-28,sma_exit,1.59,195.1841278076172,198.86892700195312,5,True
1717,ADP,2019-10-22,2019-10-24,sma_exit,1.61,137.4031982421875,140.0308380126953,3,True
1718,TXN,2019-10-23,2019-10-29,sma_exit,0.83,97.8499526977539,98.95223999023438,5,True
1719,T,2019-10-24,2019-10-28,sma_exit,4.24,17.565710067749023,18.36241912841797,3,True
1720,COST,2019-10-25,2019-10-28,sma_exit,0.52,269.3017578125,271.5179443359375,2,True
1721,WELL,2019-10-25,2019-10-29,sma_exit,1.38,71.90107727050781,73.1108627319336,3,True
1722,WM,2019-10-25,2019-10-30,sma_exit,0.89,99.70171356201172,100.88365173339844,4,True
1723,PLD,2019-10-28,2019-11-01,sma_exit,1.5,71.2166976928711,72.50190734863281,5,True
1724,TJX,2019-10-28,2019-10-30,sma_exit,0.08,53.26572036743164,53.46658706665039,3,True
1725,WMT,2019-10-29,2019-11-04,sma_exit,0.06,35.49920654296875,35.62648010253906,5,True
1726,DUK,2019-10-29,2019-11-01,sma_exit,0.61,71.0196304321289,71.6650619506836,4,True
1727,WDC,2019-10-31,2019-11-06,sma_exit,3.71,38.057464599609375,39.58271026611328,5,True
1728,EQIX,2019-11-04,2019-11-11,sma_exit,-1.81,476.5202026367188,469.3267517089844,6,True
1729,BKNG,2019-11-04,2019-11-18,time_exit,-8.75,78.63678741455078,71.99193572998047,11,True
1730,PG,2019-11-04,2019-11-08,sma_exit,0.23,100.3033218383789,100.83401489257812,5,True
1731,SYK,2019-11-04,2019-11-12,sma_exit,-2.73,190.9130859375,186.269775390625,7,True
1732,CMCSA,2019-11-04,2019-11-07,sma_exit,1.55,33.72645568847656,34.34888458251953,4,True
1733,DHR,2019-11-05,2019-11-08,sma_exit,1.02,114.66620635986328,116.17825317382812,4,True
1734,PEP,2019-11-05,2019-11-13,sma_exit,-0.84,108.70520782470705,108.12117767333984,7,True
1735,VRT,2019-11-05,2019-11-06,sma_exit,-0.01,10.185827255249023,10.21566677093506,2,True
1736,WELL,2019-11-06,2019-11-13,sma_exit,-1.35,69.37521362304688,68.6469497680664,6,True
1737,NEE,2019-11-08,2019-11-13,sma_exit,2.33,46.59767532348633,47.82094192504883,4,True
1738,DUK,2019-11-08,2019-11-14,sma_exit,-1.13,68.30127716064453,67.73340606689453,5,True
1739,NEM,2019-11-08,2019-11-13,sma_exit,1.78,30.47611618041992,31.10877799987793,4,True
1740,TMUS,2019-11-11,2019-11-15,sma_exit,-2.25,75.70320892333984,74.22945404052734,5,True
1741,ISRG,2019-11-11,2019-11-13,sma_exit,0.75,181.6000061035156,183.50999450683597,3,True
1742,LRCX,2019-11-11,2019-11-13,sma_exit,0.14,25.112083435058597,25.22317886352539,3,True
1743,PWR,2019-11-13,2019-11-15,sma_exit,0.29,41.53541946411133,41.78165817260742,3,True
1744,PNC,2019-11-14,2019-11-18,sma_exit,1.51,116.69400024414062,118.80046844482422,3,True
1745,T,2019-11-14,2019-11-15,sma_exit,1.11,18.581865310668945,18.844257354736328,2,True
1746,PH,2019-11-14,2019-11-15,sma_exit,0.94,177.34152221679688,179.53253173828125,2,True
1747,BMY,2019-11-19,2019-11-26,sma_exit,0.14,43.62583160400391,43.81892395019531,6,True
1748,MPC,2019-11-19,2019-11-21,sma_exit,1.95,50.7097053527832,51.84936141967773,3,True
1749,QCOM,2019-11-19,2019-12-04,time_exit,-6.26,75.64788055419922,71.13825988769531,11,True
1750,BRK-B,2019-11-20,2019-11-25,sma_exit,0.43,217.47999572753903,219.05999755859372,4,True
1751,UPS,2019-11-20,2019-11-25,sma_exit,0.78,89.44971466064453,90.41929626464844,4,True
1752,TXN,2019-11-20,2019-11-25,sma_exit,2.09,96.33319854736328,98.6373291015625,4,True
1753,LRCX,2019-11-21,2019-11-26,sma_exit,1.84,24.430736541748047,24.95471572875977,4,True
1754,KLAC,2019-11-21,2019-11-27,sma_exit,2.21,14.983942985534668,15.36042308807373,5,True
1755,SBUX,2019-11-21,2019-11-25,sma_exit,1.46,70.76446533203125,72.0112075805664,3,True
1756,HD,2019-11-21,2019-11-26,sma_exit,0.72,185.1830596923828,187.0642242431641,4,True
1757,PM,2019-11-22,2019-11-29,sma_exit,0.37,58.84616470336914,59.23904037475586,5,True
1758,BX,2019-11-22,2019-11-25,sma_exit,2.06,40.44981384277344,41.40463638305664,2,True
1759,GD,2019-11-25,2019-12-05,sma_exit,-0.46,156.615478515625,156.3668212890625,8,True
1760,WM,2019-11-25,2019-11-26,sma_exit,2.03,98.77051544189452,101.07166290283205,2,True
1761,COST,2019-11-25,2019-11-26,sma_exit,0.43,272.2079162597656,274.20135498046875,2,True
1762,CME,2019-11-27,2019-12-03,sma_exit,1.26,153.9646759033203,156.3701934814453,4,True
1763,VLO,2019-11-29,2019-12-10,sma_exit,-1.26,73.66168212890625,72.95198822021484,8,True
1764,MPC,2019-11-29,2019-12-06,sma_exit,-1.03,49.7176513671875,49.356910705566406,6,True
1765,GE,2019-12-02,2019-12-06,sma_exit,-0.84,53.90415191650391,53.61436080932617,5,True
1766,ORCL,2019-12-02,2019-12-06,sma_exit,-1.38,50.32281494140625,49.778106689453125,5,True
1767,DE,2019-12-02,2019-12-06,sma_exit,-0.35,150.74066162109375,150.66775512695312,5,True
1768,JPM,2019-12-03,2019-12-04,sma_exit,1.67,108.4482192993164,110.58741760253906,2,True
1769,COST,2019-12-03,2019-12-09,sma_exit,-0.47,269.1312866210937,268.66705322265625,5,True
1770,MRVL,2019-12-03,2019-12-11,sma_exit,-1.81,24.413515090942383,24.04479217529297,7,True
1771,PNC,2019-12-03,2019-12-05,sma_exit,1.34,117.25775909423828,119.18415832519533,3,True
1772,MCK,2019-12-03,2019-12-06,sma_exit,0.04,135.79115295410156,136.2508544921875,4,True
1773,C,2019-12-03,2019-12-05,sma_exit,1.58,58.08199691772461,59.17504501342773,3,True
1774,UNP,2019-12-03,2019-12-06,sma_exit,2.08,144.87445068359375,148.32379150390625,4,True
1775,LRCX,2019-12-03,2019-12-05,sma_exit,2.41,23.869726181030277,24.51590156555176,3,True
1776,MRSH,2019-12-03,2019-12-05,sma_exit,0.96,95.2658233642578,96.46979522705078,3,True
1777,CAT,2019-12-03,2019-12-06,sma_exit,1.6,122.88201141357422,125.21575927734376,4,True
1778,USB,2019-12-03,2019-12-05,sma_exit,0.84,44.33856201171875,44.84265899658203,3,True
1779,ADP,2019-12-03,2019-12-06,sma_exit,1.41,143.9851837158203,146.44044494628906,4,True
1780,INTC,2019-12-03,2019-12-06,sma_exit,1.02,49.45888519287109,50.11164093017578,4,True
1781,GS,2019-12-03,2019-12-05,sma_exit,2.01,181.38157653808597,185.5691375732422,3,False
1782,PSX,2019-12-03,2019-12-06,sma_exit,0.42,86.21128845214844,86.83062744140625,4,False
1783,KKR,2019-12-03,2019-12-05,sma_exit,2.71,26.448715209960938,27.24423217773437,3,False
1784,RTX,2019-12-03,2019-12-06,sma_exit,1.97,77.56385040283203,79.32310485839844,4,False
1785,UPS,2019-12-03,2019-12-06,sma_exit,0.21,87.88633728027344,88.33729553222656,4,False
1786,PWR,2019-12-04,2019-12-09,sma_exit,0.32,39.63445663452149,39.88069534301758,4,True
1787,DIS,2019-12-05,2019-12-11,sma_exit,-0.2,142.10104370117188,142.24559020996094,5,True
1788,NOW,2019-12-09,2019-12-13,sma_exit,0.92,53.93999862670898,54.59600067138672,5,True
1789,SO,2019-12-10,2019-12-16,sma_exit,2.92,46.70511245727539,48.20698165893555,5,True
1790,PLD,2019-12-11,2019-12-20,sma_exit,-1.67,74.45873260498047,73.4368896484375,8,True
1791,ICE,2019-12-12,2019-12-13,sma_exit,1.32,83.1858901977539,84.53333282470703,2,True
1792,SCHW,2019-12-20,2019-12-23,sma_exit,0.93,43.83406448364258,44.37150573730469,2,True
1793,VLO,2019-12-27,2020-01-02,sma_exit,1.77,71.89517974853516,73.38395690917969,4,True
1794,MU,2019-12-30,2020-01-02,sma_exit,3.8,51.88704681396485,54.01284790039063,3,True
1795,GILD,2019-12-30,2020-01-06,sma_exit,0.81,50.87187957763672,51.43600845336914,5,True
1796,JCI,2019-12-30,2020-01-02,sma_exit,1.55,35.71049499511719,36.36935806274414,3,True
1797,AMGN,2019-12-30,2020-01-06,sma_exit,-0.29,195.7434539794922,195.76791381835935,5,True
1798,AVGO,2019-12-30,2020-01-02,sma_exit,2.55,26.86832046508789,27.633760452270508,3,True
1799,SCHW,2019-12-31,2020-01-02,sma_exit,1.11,43.32394790649414,43.934268951416016,2,True
1800,HWM,2019-12-31,2020-01-02,sma_exit,2.2,23.228477478027344,23.809757232666016,2,True
1801,MO,2020-01-02,2020-01-06,sma_exit,0.88,29.57514190673828,29.923433303833008,3,True
1802,WMT,2020-01-03,2020-01-09,sma_exit,-0.75,35.88368225097656,35.72236251831055,5,True
1803,MAR,2020-01-03,2020-01-13,sma_exit,-1.95,142.53314208984375,140.17459106445312,7,True
1804,UNH,2020-01-03,2020-01-08,sma_exit,1.9,259.0538635253906,264.74420166015625,4,True
1805,ELV,2020-01-03,2020-01-08,sma_exit,3.27,270.9399108886719,280.6137084960937,4,True
1806,ACN,2020-01-06,2020-01-10,sma_exit,-0.67,187.08419799804688,186.39308166503903,5,True
1807,LIN,2020-01-06,2020-01-08,sma_exit,1.17,186.34117126464844,189.07627868652344,3,True
1808,USB,2020-01-06,2020-01-21,time_exit,-6.0,43.72811508178711,41.23522567749024,11,True
1809,KO,2020-01-07,2020-01-09,sma_exit,1.71,44.53379821777344,45.428592681884766,3,True
1810,WFC,2020-01-07,2020-01-22,time_exit,-8.09,44.38776016235352,40.93183898925781,11,True
1811,VZ,2020-01-07,2020-01-13,sma_exit,-0.02,40.294864654541016,40.40681838989258,5,True
1812,AVGO,2020-01-09,2020-01-14,sma_exit,0.33,26.251169204711918,26.41574478149414,4,True
1813,TT,2020-01-09,2020-01-13,sma_exit,0.34,92.84173583984376,93.43214416503906,3,True
1814,HWM,2020-01-10,2020-01-16,sma_exit,3.69,21.7790584564209,22.647199630737305,5,True
1815,DIS,2020-01-13,2020-01-14,sma_exit,0.62,139.50076293945312,140.7805633544922,2,True
1816,ETN,2020-01-14,2020-01-16,sma_exit,0.47,83.74937438964844,84.39019012451172,3,True
1817,T,2020-01-15,2020-01-17,sma_exit,1.05,18.388193130493164,18.635831832885746,3,True
1818,BNY,2020-01-16,2020-01-23,sma_exit,0.34,38.67610168457031,38.9244499206543,5,True
1819,VLO,2020-01-17,2020-01-30,sma_exit,-3.62,70.36775207519531,68.03040313720703,9,True
1820,VRT,2020-01-17,2020-01-22,sma_exit,1.37,11.339691162109377,11.5286865234375,3,True
1821,MPC,2020-01-17,2020-01-30,sma_exit,-4.76,46.64310073852539,44.56060409545898,9,True
1822,COP,2020-01-21,2020-02-04,time_exit,-12.08,50.30657577514648,44.38260269165039,11,True
1823,REGN,2020-01-21,2020-02-03,sma_exit,-6.51,360.3098754882813,337.9310302734375,10,True
1824,FCX,2020-01-21,2020-02-03,sma_exit,-7.06,11.402337074279783,10.631027221679688,10,True
1825,BKNG,2020-01-21,2020-02-04,sma_exit,-6.63,77.96662902832031,73.02912139892578,11,True
1826,PSX,2020-01-22,2020-02-05,sma_exit,-9.35,77.88453674316406,70.8346939086914,11,True
1827,GE,2020-01-22,2020-01-23,sma_exit,3.22,54.96827697753906,56.90207290649414,2,True
1828,NFLX,2020-01-22,2020-01-23,sma_exit,6.94,32.599998474121094,34.959999084472656,2,True
1829,MRK,2020-01-23,2020-01-29,sma_exit,-1.79,68.87226104736328,67.8457260131836,5,True
1830,ABBV,2020-01-23,2020-02-04,sma_exit,-1.37,65.82813262939453,65.12562561035156,9,True
1831,C,2020-01-24,2020-01-30,sma_exit,-1.56,62.11362075805664,61.3294792175293,5,True
1832,HCA,2020-01-24,2020-01-28,sma_exit,1.13,136.1371612548828,138.0827178955078,3,True
1833,MO,2020-01-24,2020-02-06,sma_exit,-7.44,30.175647735595703,28.01981544494629,10,True
1834,BAC,2020-01-24,2020-01-30,sma_exit,-0.48,28.6364688873291,28.58524703979492,5,True
1835,PM,2020-01-24,2020-02-04,sma_exit,-3.26,62.388427734375,60.541770935058594,8,True
1836,AMGN,2020-01-24,2020-01-29,sma_exit,0.39,183.78396606445312,185.0548248291016,4,True
1837,JPM,2020-01-24,2020-01-29,sma_exit,0.51,111.97859191894533,112.88685607910156,4,True
1838,META,2020-01-24,2020-01-29,sma_exit,2.13,216.04281616210935,221.2867584228516,4,True
1839,CVS,2020-01-24,2020-02-05,sma_exit,-1.55,57.91973114013672,57.19808578491211,9,True
1840,BMY,2020-01-24,2020-02-04,sma_exit,-0.1,49.9078254699707,50.008934020996094,8,True
1841,APH,2020-01-24,2020-02-04,sma_exit,-1.74,24.80604553222656,24.44817352294922,8,True
1842,DIS,2020-01-24,2020-01-30,sma_exit,-1.92,135.81642150878906,133.61550903320312,5,False
1843,CMCSA,2020-01-24,2020-01-30,sma_exit,-1.31,34.426204681396484,34.07876968383789,5,False
1844,RTX,2020-01-27,2020-01-29,sma_exit,0.89,81.5032730102539,82.46925354003906,3,False
1845,MS,2020-01-27,2020-01-30,sma_exit,1.7,43.24256134033203,44.10823440551758,4,False
1846,UPS,2020-01-27,2020-02-05,sma_exit,-8.03,86.37560272216797,79.70124816894531,8,False
1847,MAR,2020-01-27,2020-01-29,sma_exit,3.04,131.77175903320312,136.17369079589844,3,False
1848,GOOGL,2020-01-27,2020-01-30,sma_exit,1.27,70.95730590820312,72.07340240478516,4,False
1849,AMAT,2020-01-27,2020-02-03,sma_exit,0.83,55.598087310791016,56.22892761230469,6,False
1850,UNH,2020-01-27,2020-02-04,sma_exit,-1.44,254.17767333984372,251.26986694335935,7,False
1851,PWR,2020-01-27,2020-02-05,sma_exit,1.77,38.99268341064453,39.80132675170898,8,False
1852,CAT,2020-01-27,2020-02-04,sma_exit,-1.94,119.91832733154295,117.95697784423828,7,False
1853,DE,2020-01-27,2020-02-04,sma_exit,0.4,149.55409240722656,150.60739135742188,7,False
1854,BRK-B,2020-01-27,2020-01-30,sma_exit,2.14,222.4499969482422,227.8800048828125,4,False
1855,MCK,2020-01-27,2020-02-04,sma_exit,-1.22,144.25717163085938,142.935546875,7,False
1856,GOOG,2020-01-27,2020-01-30,sma_exit,1.23,71.06840515136719,72.15582275390625,4,False
1857,QCOM,2020-01-27,2020-02-04,sma_exit,1.86,75.44573974609375,77.07512664794922,7,False
1858,ADI,2020-01-27,2020-02-04,sma_exit,-0.08,99.8556900024414,100.07816314697266,7,False
1859,SCHW,2020-01-27,2020-01-30,sma_exit,2.82,41.68426513671875,42.98689651489258,4,False
1860,TJX,2020-01-27,2020-02-04,sma_exit,0.27,55.85041046142578,56.17123031616211,7,False
1861,ELV,2020-01-27,2020-02-04,sma_exit,-3.97,258.9936218261719,249.4840545654297,7,False
1862,VRTX,2020-01-27,2020-01-28,sma_exit,1.72,227.3699951171875,231.97000122070312,2,False
1863,LIN,2020-01-27,2020-01-29,sma_exit,1.34,186.78793334960935,189.8420867919922,3,False
1864,GS,2020-01-27,2020-01-30,sma_exit,2.22,203.51589965820312,208.63494873046875,4,False
1865,MU,2020-01-27,2020-02-04,sma_exit,-0.14,54.032344818115234,54.120113372802734,7,False
1866,SBUX,2020-01-29,2020-02-04,sma_exit,1.61,74.56493377685547,75.99225616455078,5,True
1867,MDT,2020-01-29,2020-02-03,sma_exit,-0.62,97.87651824951172,97.56231689453124,4,True
1868,WELL,2020-01-30,2020-02-06,sma_exit,-1.15,70.54694366455078,69.94390869140625,6,True
1869,COST,2020-01-31,2020-02-05,sma_exit,0.82,278.09722900390625,281.2192687988281,4,True
1870,ABT,2020-01-31,2020-02-04,sma_exit,0.95,77.27571105957031,78.24234008789062,3,True
1871,TXN,2020-01-31,2020-02-04,sma_exit,4.52,100.7188949584961,105.57746124267578,3,True
1872,TMO,2020-01-31,2020-02-04,sma_exit,3.78,307.74859619140625,320.2967834472656,3,True
1873,LOW,2020-01-31,2020-02-04,sma_exit,2.38,103.04344177246094,105.80036163330078,3,True
1874,ICE,2020-02-04,2020-02-10,sma_exit,2.11,85.15872192382812,87.20977783203125,5,True
1875,SO,2020-02-07,2020-02-12,sma_exit,0.05,52.937110900878906,53.12290191650391,4,True
1876,CME,2020-02-12,2020-02-14,sma_exit,2.34,161.6350860595703,165.90882873535156,3,True
1877,PG,2020-02-12,2020-02-14,sma_exit,1.88,104.61083984375,106.89032745361328,3,True
1878,LLY,2020-02-13,2020-02-20,sma_exit,-0.16,131.96607971191406,132.1521759033203,5,True
1879,JPM,2020-02-18,2020-02-19,sma_exit,1.06,114.0726547241211,115.62852478027344,2,True
1880,JNJ,2020-02-18,2020-02-21,sma_exit,0.23,123.9736099243164,124.63028717041016,4,True
1881,BAC,2020-02-18,2020-02-20,sma_exit,1.39,29.259746551513672,29.754941940307617,3,True
1882,PGR,2020-02-19,2020-03-02,sma_exit,-3.42,69.05736541748047,66.90301513671875,9,True
1883,RTX,2020-02-20,2020-02-21,sma_exit,0.78,81.2784423828125,82.15682220458984,2,True
1884,LMT,2020-02-20,2020-03-04,sma_exit,-5.33,355.554443359375,337.67901611328125,10,True
1885,FTNT,2020-02-21,2020-03-02,sma_exit,-4.13,22.895999908447266,22.020000457763672,7,True
1886,GE,2020-02-21,2020-03-02,sma_exit,-8.79,59.222633361816406,54.19475936889648,7,True
1887,CDNS,2020-02-24,2020-03-02,sma_exit,-4.54,71.38999938964844,68.36000061035156,6,True
1888,TMO,2020-02-24,2020-03-02,sma_exit,-5.93,317.5355224609375,299.6615600585937,6,True
1889,TXN,2020-02-24,2020-03-02,sma_exit,-2.33,101.37842559814452,99.3164520263672,6,True
1890,CVS,2020-02-24,2020-03-02,sma_exit,-6.03,55.07362365722656,51.91938018798828,6,True
1891,PANW,2020-02-24,2020-03-04,sma_exit,-21.97,39.55500030517578,30.981666564941406,8,True
1892,NFLX,2020-02-24,2020-02-26,sma_exit,2.56,36.869998931884766,37.92399978637695,3,True
1893,MSFT,2020-02-24,2020-03-02,sma_exit,0.81,161.6743621826172,163.47189331054688,6,True
1894,MS,2020-02-24,2020-03-02,sma_exit,-6.74,40.71530151367188,38.09273147583008,6,True
1895,MA,2020-02-24,2020-03-02,sma_exit,-5.82,312.7979736328125,295.5237121582031,6,True
1896,META,2020-02-24,2020-03-02,sma_exit,-2.43,198.97271728515625,194.72994995117188,6,True
1897,TT,2020-02-24,2020-03-03,sma_exit,-4.08,101.06462860107422,97.24577331542967,7,True
1898,BX,2020-02-24,2020-03-02,sma_exit,-4.62,46.65352249145508,44.63793182373047,6,True
1899,LIN,2020-02-24,2020-03-02,sma_exit,-6.19,191.9571990966797,180.65220642089844,6,True
1900,INTU,2020-02-24,2020-03-02,sma_exit,-2.13,273.45849609375,268.4461975097656,6,True
1901,UNP,2020-02-24,2020-03-04,sma_exit,-8.03,152.46310424804688,140.6701202392578,8,True
1902,IBM,2020-02-24,2020-03-04,sma_exit,-8.64,107.09280395507812,98.16292572021484,8,True
1903,KKR,2020-02-24,2020-03-02,sma_exit,-5.48,29.71296119689941,28.17235946655273,6,False
1904,JPM,2020-02-24,2020-03-04,sma_exit,-9.61,111.14601135253906,100.79336547851562,8,False
1905,UNH,2020-02-24,2020-03-02,sma_exit,-1.98,248.5410919189453,244.35374450683597,6,False
1906,AAPL,2020-02-24,2020-03-02,sma_exit,-0.09,71.91969299316406,72.07162475585938,6,False
1907,MRSH,2020-02-24,2020-03-04,sma_exit,-2.71,102.23638153076172,99.77361297607422,8,False
1908,CMCSA,2020-02-24,2020-03-02,sma_exit,-4.96,34.433921813964844,32.82802963256836,6,False
1909,ADP,2020-02-24,2020-03-02,sma_exit,-6.91,151.1916961669922,141.1953887939453,6,False
1910,INTC,2020-02-24,2020-03-02,sma_exit,-6.1,54.746280670166016,51.57284164428711,6,False
1911,CAT,2020-02-24,2020-03-02,sma_exit,-3.76,116.77305603027344,112.73542022705078,6,False
1912,AMZN,2020-02-24,2020-03-02,sma_exit,-3.05,100.4645004272461,97.69750213623048,6,False
1913,V,2020-02-24,2020-03-02,sma_exit,-3.55,189.67481994628903,183.5110321044922,6,False
1914,AVGO,2020-02-24,2020-03-02,sma_exit,-2.57,24.99458694458008,24.426288604736328,6,False
1915,LRCX,2020-02-24,2020-03-02,sma_exit,-0.34,27.93515968322754,27.923076629638672,6,False
1916,BLK,2020-02-24,2020-03-04,sma_exit,-5.78,451.57366943359375,426.82958984375,8,False
1917,COF,2020-02-24,2020-03-02,sma_exit,-7.19,87.9332504272461,81.87352752685547,6,False
1918,MAR,2020-02-24,2020-03-02,sma_exit,-8.74,128.74485778808594,117.88133239746094,6,False
1919,ABT,2020-02-24,2020-03-02,sma_exit,-3.87,75.04985046386719,72.37169647216797,6,False
1920,FCX,2020-02-24,2020-03-02,sma_exit,-6.88,10.44516944885254,9.757500648498535,6,False
1921,AXP,2020-02-24,2020-03-04,sma_exit,-10.04,117.84779357910156,106.3654556274414,8,False
1922,TJX,2020-02-24,2020-02-26,sma_exit,3.33,56.81124877929688,58.872100830078125,3,False
1923,HCA,2020-02-24,2020-03-02,sma_exit,-3.52,132.88204956054688,128.59957885742188,6,False
1924,KLAC,2020-02-24,2020-02-28,sma_exit,-0.31,14.325493812561035,14.32362937927246,5,False
1925,GOOG,2020-02-24,2020-03-02,sma_exit,-2.58,70.45828247070312,68.84847259521484,6,False
1926,NOW,2020-02-24,2020-03-02,sma_exit,2.95,66.71199798583984,68.87999725341797,6,False
1927,GOOGL,2020-02-24,2020-03-02,sma_exit,-2.66,70.3690185546875,68.70675659179688,6,False
1928,ACN,2020-02-24,2020-03-04,sma_exit,-7.88,184.1402130126953,170.17379760742188,8,False
1929,BAC,2020-02-24,2020-03-09,time_exit,-32.87,27.944896697998047,18.843320846557617,11,False
1930,ADBE,2020-02-24,2020-03-02,sma_exit,0.5,357.4100036621094,360.2799987792969,6,False
1931,WDC,2020-02-24,2020-03-02,sma_exit,-5.84,47.20502471923828,44.59077072143555,6,False
1932,C,2020-02-24,2020-03-02,sma_exit,-7.11,57.82925033569336,53.89051818847656,6,False
1933,QCOM,2020-02-25,2020-03-02,sma_exit,0.12,69.52621459960938,69.82091522216797,5,False
1934,T,2020-02-25,2020-03-02,sma_exit,-0.76,18.135704040527344,18.053157806396484,5,False
1935,BMY,2020-02-25,2020-03-04,sma_exit,-1.36,48.336524963378906,47.82314300537109,7,False
1936,RTX,2020-02-25,2020-03-04,sma_exit,-0.13,75.2652359008789,75.38996887207031,7,False
1937,ICE,2020-02-25,2020-03-02,sma_exit,1.25,84.58850860595703,85.90370178222656,5,False
1938,SPGI,2020-02-25,2020-03-02,sma_exit,2.06,253.2181701660156,259.2030029296875,5,False
1939,ETN,2020-02-25,2020-03-02,sma_exit,-2.88,87.40726470947266,85.15559387207031,5,False
1940,PNC,2020-02-25,2020-03-04,sma_exit,-8.75,111.51223754882812,102.09201049804688,7,False
1941,COST,2020-02-25,2020-03-02,sma_exit,1.1,278.0906677246094,281.985595703125,5,False
1942,GS,2020-02-25,2020-03-02,sma_exit,-3.45,185.97085571289065,180.10885620117188,5,False
1943,CSX,2020-02-25,2020-03-04,sma_exit,-4.69,23.031822204589844,22.01979637145996,7,False
1944,CB,2020-02-25,2020-03-04,sma_exit,-3.65,141.97718811035156,137.21783447265625,7,False
1945,PLD,2020-02-25,2020-03-03,sma_exit,-2.82,76.49850463867188,74.57142639160156,6,False
1946,ISRG,2020-02-25,2020-03-02,sma_exit,-0.2,186.17333984375,186.35667419433597,5,False
1947,AMAT,2020-02-25,2020-03-02,sma_exit,1.91,55.59384536743164,56.82170104980469,5,False
1948,AMGN,2020-02-25,2020-03-02,sma_exit,0.57,172.60928344726562,174.10250854492188,5,False
1949,MDT,2020-02-25,2020-03-04,sma_exit,-4.85,89.74012756347656,85.65538787841797,7,False
1950,CRM,2020-02-25,2020-03-02,sma_exit,-2.79,178.187255859375,173.75396728515625,5,False
1951,AMD,2020-02-25,2020-03-02,sma_exit,-0.53,47.56999969482422,47.459999084472656,5,False
1952,ABBV,2020-02-25,2020-03-02,sma_exit,-0.85,68.84664154052734,68.4683609008789,5,False
1953,HWM,2020-02-25,2020-03-10,time_exit,-23.67,23.953414916992188,18.355976104736328,11,False
1954,VRTX,2020-02-25,2020-03-02,sma_exit,0.7,230.0,232.2899932861328,5,False
1955,MU,2020-02-25,2020-02-28,sma_exit,0.58,50.804649353027344,51.253204345703125,4,False
1956,LLY,2020-02-25,2020-03-02,sma_exit,-2.2,126.0192413330078,123.62745666503906,5,False
1957,MCO,2020-02-25,2020-03-02,sma_exit,-0.5,246.2099456787109,245.72698974609372,5,False
1958,MNST,2020-02-25,2020-03-02,sma_exit,-3.08,33.310001373291016,32.3849983215332,5,False
1959,PH,2020-02-25,2020-03-02,sma_exit,-1.27,178.29705810546875,176.56427001953125,5,False
1960,PG,2020-02-26,2020-03-02,sma_exit,-0.8,101.82293701171876,101.3144760131836,4,True
1961,HD,2020-02-26,2020-03-02,sma_exit,-2.57,200.64309692382807,196.08921813964844,4,False
1962,MCK,2020-02-26,2020-03-04,sma_exit,-4.26,152.25390625,146.22410583496094,6,False
1963,TMUS,2020-02-26,2020-03-02,sma_exit,-0.68,89.04302215576172,88.70075225830078,4,False
1964,WM,2020-02-26,2020-03-02,sma_exit,-3.53,108.77399444580078,105.26602935791016,4,False
1965,BRK-B,2020-02-26,2020-03-02,sma_exit,0.43,216.05999755859372,217.6300048828125,4,False
1966,VRT,2020-02-26,2020-03-10,sma_exit,-10.2,12.25482177734375,11.041276931762695,10,False
1967,MCD,2020-02-26,2020-03-04,sma_exit,-1.15,179.35235595703125,177.82899475097656,6,False
1968,LOW,2020-02-26,2020-03-04,sma_exit,-0.31,100.43720245361328,100.42832946777344,6,False
1969,EQIX,2020-02-27,2020-03-02,sma_exit,3.28,528.6463012695312,547.5719604492188,3,False
1970,DUK,2020-02-27,2020-03-02,sma_exit,1.47,73.61695098876953,74.9189224243164,3,False
1971,NEE,2020-02-27,2020-03-02,sma_exit,4.59,54.25246047973633,56.90305709838867,3,False
1972,SO,2020-02-27,2020-03-03,sma_exit,1.32,49.11713409423828,49.91388320922852,4,False
1973,TSLA,2020-02-27,2020-03-02,sma_exit,9.22,45.26666641235352,49.574668884277344,3,False
1974,KO,2020-02-27,2020-03-03,sma_exit,1.76,45.09201431274414,46.01962661743164,4,False
1975,JNJ,2020-02-27,2020-03-04,sma_exit,2.83,116.38184356689452,120.0292510986328,5,False
1976,DHR,2020-02-28,2020-03-02,sma_exit,3.93,124.34884643554688,129.60389709472656,2,False
1977,TSLA,2020-03-09,2020-03-20,sma_exit,-29.98,40.53333282470703,28.50200080871582,10,True
1978,NEE,2020-03-11,2020-03-17,sma_exit,-8.38,51.15866088867188,47.02374267578125,5,True
1979,REGN,2020-03-12,2020-03-13,sma_exit,7.49,427.8525085449219,461.1978149414063,2,True
1980,NFLX,2020-04-28,2020-04-30,sma_exit,3.67,40.382999420166016,41.98500061035156,3,True
1981,WMT,2020-04-29,2020-05-05,sma_exit,0.61,37.788177490234375,38.1336555480957,5,True
1982,VRTX,2020-04-29,2020-05-04,sma_exit,5.13,251.0500030517578,264.69000244140625,4,True
1983,REGN,2020-04-29,2020-05-04,sma_exit,4.67,511.3247680664063,536.7547607421875,4,True
1984,AMD,2020-04-30,2020-05-05,sma_exit,-0.68,52.38999938964844,52.18999862670898,4,True
1985,PGR,2020-04-30,2020-05-05,sma_exit,0.66,65.6493911743164,66.27787017822266,4,True
1986,NEM,2020-04-30,2020-05-04,sma_exit,5.18,49.83128356933594,52.56245040893555,3,True
1987,JNJ,2020-05-01,2020-05-05,sma_exit,0.52,124.05307006835938,125.06531524658205,3,True
1988,BMY,2020-05-04,2020-05-05,sma_exit,1.68,47.191524505615234,48.12484359741211,2,True
1989,GILD,2020-05-19,2020-05-27,sma_exit,3.24,57.20533752441406,59.22976303100586,6,True
1990,LLY,2020-05-20,2020-05-28,sma_exit,-1.92,143.18124389648438,140.86236572265625,6,True
1991,BMY,2020-05-21,2020-06-01,sma_exit,-1.69,47.95228958129883,47.28564453125,7,True
1992,NFLX,2020-05-22,2020-05-29,sma_exit,-2.53,42.93199920654297,41.97299957275391,5,True
1993,JNJ,2020-05-22,2020-05-28,sma_exit,1.5,121.61096954345705,123.80111694335938,4,True
1994,FTNT,2020-05-26,2020-05-29,sma_exit,0.91,27.506000518798828,27.84000015258789,4,True
1995,NEM,2020-05-26,2020-06-01,sma_exit,1.86,49.605079650878906,50.67744064331055,5,True
1996,VRTX,2020-05-26,2020-05-29,sma_exit,7.75,266.5,287.9599914550781,4,True
1997,WMT,2020-05-27,2020-05-29,sma_exit,0.99,37.61048126220703,38.09565353393555,3,True
1998,WMT,2020-06-04,2020-06-16,sma_exit,-2.31,37.496856689453125,36.741458892822266,9,True
1999,VRTX,2020-06-05,2020-06-09,sma_exit,1.64,265.69000244140625,270.8500061035156,3,True
2000,AMAT,2020-06-11,2020-06-16,sma_exit,5.35,52.543678283691406,55.51176452636719,4,True
2001,LIN,2020-06-11,2020-06-16,sma_exit,4.31,183.24185180664065,191.68104553222656,4,True
2002,UNH,2020-06-11,2020-06-16,sma_exit,2.97,254.9552001953125,263.2850646972656,4,True
2003,HD,2020-06-11,2020-06-16,sma_exit,4.08,206.8101043701172,215.8607940673828,4,True
2004,BX,2020-06-11,2020-06-16,sma_exit,4.25,44.14693069458008,46.15360641479492,4,True
2005,MCK,2020-06-11,2020-06-16,sma_exit,6.36,141.11888122558594,150.51654052734375,4,True
2006,PGR,2020-06-11,2020-06-15,sma_exit,4.14,64.47738647460938,67.33944702148438,3,True
2007,BLK,2020-06-11,2020-06-15,sma_exit,3.09,455.615234375,471.0740051269531,3,True
2008,ADI,2020-06-11,2020-06-16,sma_exit,5.79,104.0380859375,110.37120819091795,4,True
2009,MNST,2020-06-11,2020-06-16,sma_exit,2.21,33.900001525878906,34.75,4,True
2010,MRVL,2020-06-11,2020-06-15,sma_exit,2.91,32.494876861572266,33.53837966918945,3,True
2011,ICE,2020-06-11,2020-06-16,sma_exit,2.88,84.95954132080078,87.65995025634766,4,True
2012,MRSH,2020-06-11,2020-06-16,sma_exit,2.71,94.51960754394533,97.36709594726562,4,True
2013,AVGO,2020-06-11,2020-06-16,sma_exit,5.48,25.60686492919922,27.0861759185791,4,True
2014,LMT,2020-06-11,2020-06-17,sma_exit,-0.76,324.38818359375,322.8924560546875,5,True
2015,NEE,2020-06-19,2020-06-30,sma_exit,-1.14,51.64302444458008,51.20807266235352,8,True
2016,PGR,2020-06-24,2020-06-25,sma_exit,3.08,65.64089965820312,67.85751342773438,2,True
2017,JNJ,2020-06-24,2020-06-30,sma_exit,0.28,117.77826690673828,118.46056365966795,5,True
2018,ISRG,2020-06-24,2020-06-30,sma_exit,2.38,184.98666381835935,189.94332885742188,5,True
2019,INTC,2020-06-26,2020-06-30,sma_exit,3.75,51.25796508789063,53.33504104614258,3,True
2020,AMD,2020-06-26,2020-06-30,sma_exit,4.71,50.09999847412109,52.61000061035156,3,True
2021,VRT,2020-06-26,2020-06-29,sma_exit,6.55,12.205087661743164,13.040643692016602,2,True
2022,LOW,2020-06-26,2020-06-29,sma_exit,2.88,115.38536071777344,119.04994201660156,2,True
2023,AMAT,2020-06-26,2020-06-30,sma_exit,3.25,55.36004257202149,57.32295608520508,3,True
2024,ABBV,2020-07-10,2020-07-14,sma_exit,3.05,75.86727905273438,78.41112518310547,3,True
2025,INTU,2020-07-14,2020-07-20,sma_exit,4.38,273.501953125,286.2967224121094,5,True
2026,ADBE,2020-07-16,2020-07-20,sma_exit,6.5,426.2900085449219,455.2699890136719,3,True
2027,CRWD,2020-07-16,2020-07-20,sma_exit,5.3,25.26499938964844,26.68000030517578,3,True
2028,ORCL,2020-07-17,2020-07-21,sma_exit,1.54,50.51398468017578,51.44329452514648,3,True
2029,AMZN,2020-07-17,2020-07-20,sma_exit,7.63,148.09849548339844,159.8419952392578,2,True
2030,ADI,2020-07-23,2020-07-27,sma_exit,3.15,100.70057678222656,104.1729965209961,3,True
2031,MRVL,2020-07-23,2020-07-30,sma_exit,1.43,34.509422302246094,35.10523223876953,6,True
2032,AVGO,2020-07-24,2020-07-27,sma_exit,1.95,26.931041717529297,27.537845611572266,2,True
2033,GILD,2020-07-24,2020-08-07,time_exit,-6.13,58.75174331665039,55.32907485961914,11,True
2034,LLY,2020-07-24,2020-07-28,sma_exit,1.65,149.17477416992188,152.08274841308594,3,True
2035,AMGN,2020-07-24,2020-07-28,sma_exit,2.64,204.83590698242188,210.8575439453125,3,True
2036,META,2020-07-24,2020-07-29,sma_exit,0.82,228.70166015625,231.25917053222656,4,True
2037,REGN,2020-07-24,2020-07-27,sma_exit,4.37,603.2473754882812,631.4412231445312,2,True
2038,JNJ,2020-07-27,2020-08-03,sma_exit,-0.18,123.97801208496094,124.12122344970705,6,True
2039,BX,2020-07-28,2020-08-06,sma_exit,-1.76,43.46466827392578,42.83147048950195,8,True
2040,LLY,2020-07-31,2020-08-04,sma_exit,2.73,140.52572631835938,144.7895050048828,3,True
2041,ABBV,2020-07-31,2020-08-12,sma_exit,0.33,75.27056121826172,75.74640655517578,9,True
2042,WMT,2020-08-03,2020-08-04,sma_exit,1.51,39.704708099365234,40.42327499389648,2,True
2043,CRWD,2020-08-07,2020-08-13,sma_exit,-1.15,25.4375,25.22249984741211,5,True
2044,REGN,2020-08-10,2020-08-12,sma_exit,0.38,602.5537719726562,606.6254272460938,3,True
2045,ANET,2020-08-10,2020-08-18,sma_exit,-1.65,13.904375076293944,13.7162504196167,7,True
2046,AMGN,2020-08-10,2020-08-12,sma_exit,1.19,196.7326202392578,199.66500854492188,3,True
2047,DHR,2020-08-10,2020-08-12,sma_exit,1.62,174.20217895507812,177.53878784179688,3,True
2048,ORCL,2020-08-10,2020-08-18,sma_exit,0.14,50.55078506469727,50.7716064453125,7,True
2049,FTNT,2020-08-10,2020-08-14,sma_exit,0.27,25.375999450683597,25.520000457763672,5,True
2050,TSLA,2020-08-11,2020-08-12,sma_exit,12.82,91.6259994506836,103.65066528320312,2,True
2051,MRVL,2020-08-11,2020-08-21,sma_exit,-3.85,33.884281158447266,32.68285369873047,9,True
2052,VRTX,2020-08-11,2020-08-12,sma_exit,3.13,261.8599853515625,270.8500061035156,2,True
2053,EQIX,2020-08-11,2020-08-17,sma_exit,1.53,673.517333984375,685.8743286132812,5,True
2054,NEM,2020-08-11,2020-08-17,sma_exit,8.42,52.89752578735352,57.508296966552734,5,True
2055,PLD,2020-08-11,2020-08-17,sma_exit,3.38,85.0691146850586,88.2007064819336,5,True
2056,INTU,2020-08-11,2020-08-13,sma_exit,2.21,286.7567443847656,293.9543762207031,3,True
2057,DIS,2020-08-19,2020-08-24,sma_exit,1.99,123.8810806274414,126.71221923828124,4,True
2058,CAT,2020-08-20,2020-08-21,sma_exit,0.39,123.4976806640625,124.35105895996094,2,True
2059,APH,2020-08-20,2020-08-24,sma_exit,1.05,25.40925407409668,25.752614974975582,3,True
2060,ETN,2020-08-20,2020-08-21,sma_exit,0.83,90.0264663696289,91.0401382446289,2,True
2061,KKR,2020-08-20,2020-08-26,sma_exit,1.62,32.54628372192383,33.17198181152344,5,True
2062,LRCX,2020-08-21,2020-08-28,sma_exit,-1.05,33.18918991088867,32.93940734863281,6,True
2063,MRSH,2020-08-21,2020-08-26,sma_exit,0.36,103.31552124023438,103.9984130859375,4,True
2064,AMAT,2020-08-21,2020-08-25,sma_exit,2.56,59.24501419067383,60.93854904174805,3,True
2065,AMGN,2020-08-24,2020-08-25,sma_exit,5.07,195.88841247558597,206.40753173828125,2,True
2066,MCK,2020-08-24,2020-08-25,sma_exit,1.26,144.10379028320312,146.35694885253906,2,True
2067,NEE,2020-08-26,2020-08-28,sma_exit,0.4,59.48724365234375,59.90510559082031,3,True
2068,LLY,2020-08-28,2020-09-02,sma_exit,1.2,138.43894958496094,140.5154571533203,4,True
2069,MRK,2020-09-01,2020-09-02,sma_exit,2.66,66.72906494140625,68.70494842529297,2,True
2070,PFE,2020-09-01,2020-09-11,sma_exit,-2.5,25.806190490722656,25.23940086364746,8,True
2071,BMY,2020-09-01,2020-09-11,sma_exit,-3.55,48.183815002441406,46.61903762817383,8,True
2072,PANW,2020-09-03,2020-09-11,sma_exit,0.0,40.36833190917969,40.4900016784668,6,True
2073,ICE,2020-09-04,2020-09-14,sma_exit,0.08,92.67916870117188,93.0310516357422,6,True
2074,MSFT,2020-09-08,2020-09-15,sma_exit,2.72,192.72984313964844,198.5499267578125,6,True
2075,CRM,2020-09-08,2020-09-14,sma_exit,1.93,237.1669006347656,242.4455718994141,5,True
2076,KLAC,2020-09-08,2020-09-14,sma_exit,1.77,16.407075881958008,16.746551513671875,5,True
2077,MS,2020-09-08,2020-09-14,sma_exit,1.65,41.76759719848633,42.5834846496582,5,True
2078,AMZN,2020-09-08,2020-09-22,sma_exit,-0.96,157.49200439453125,156.44949340820312,11,True
2079,MA,2020-09-08,2020-09-14,sma_exit,2.34,318.73419189453125,327.1594543457031,5,True
2080,WM,2020-09-08,2020-09-09,sma_exit,1.6,100.7858428955078,102.70193481445312,2,True
2081,AMD,2020-09-08,2020-09-15,sma_exit,0.0,78.69000244140625,78.93000030517578,6,True
2082,ADBE,2020-09-08,2020-09-14,sma_exit,4.85,462.1300048828125,485.9100036621094,5,True
2083,AAPL,2020-09-08,2020-09-14,sma_exit,1.95,109.33811950683594,111.79975128173828,5,True
2084,NFLX,2020-09-10,2020-09-15,sma_exit,2.89,48.06700134277344,49.5989990234375,4,True
2085,BKNG,2020-09-10,2020-09-16,sma_exit,-0.85,71.15216827392578,70.76323699951172,5,True
2086,MO,2020-09-17,2020-09-28,sma_exit,-4.97,26.281030654907227,25.05253028869629,8,True
2087,AAPL,2020-09-18,2020-09-22,sma_exit,4.35,103.5426788330078,108.35929870605467,3,True
2088,PM,2020-09-18,2020-09-24,sma_exit,-0.97,58.47511672973633,58.08457565307617,5,True
2089,ISRG,2020-09-18,2020-09-24,sma_exit,-0.0,218.52333068847656,219.1766662597656,5,True
2090,BRK-B,2020-09-21,2020-09-28,sma_exit,-0.06,213.0200042724609,213.5399932861328,6,True
2091,LIN,2020-09-21,2020-09-28,sma_exit,-0.88,220.2629547119141,218.97897338867188,6,True
2092,PG,2020-09-21,2020-09-22,sma_exit,0.61,117.35578155517578,118.4288101196289,2,True
2093,META,2020-09-21,2020-09-25,sma_exit,2.39,245.98980712890625,252.60177612304688,5,True
2094,KO,2020-09-21,2020-09-28,sma_exit,0.09,41.35273361206055,41.51279067993164,6,True
2095,PWR,2020-09-21,2020-09-23,sma_exit,3.91,48.679786682128906,50.7270622253418,3,True
2096,GOOGL,2020-09-21,2020-09-25,sma_exit,0.32,70.8785171508789,71.32058715820312,5,True
2097,HCA,2020-09-21,2020-09-25,sma_exit,-4.21,119.45812225341795,114.79216766357422,5,True
2098,GOOG,2020-09-21,2020-09-25,sma_exit,0.66,70.93260192871094,71.6165771484375,5,True
2099,MNST,2020-09-21,2020-09-25,sma_exit,0.22,39.18999862670898,39.39500045776367,5,True
2100,V,2020-09-21,2020-09-25,sma_exit,-0.4,188.9969940185547,188.8055725097656,5,True
2101,PLD,2020-09-21,2020-09-25,sma_exit,0.86,82.18144989013672,83.13477325439453,5,True
2102,DIS,2020-09-21,2020-09-28,sma_exit,0.16,121.59291076660156,122.15526580810548,6,True
2103,NEM,2020-09-21,2020-09-28,sma_exit,-2.72,53.7750358581543,52.474369049072266,6,True
2104,MDT,2020-09-22,2020-09-25,sma_exit,-0.88,87.39384460449219,86.8865737915039,4,True
2105,UBER,2020-09-22,2020-09-25,sma_exit,-0.13,34.400001525878906,34.459999084472656,4,True
2106,MS,2020-09-22,2020-09-28,sma_exit,1.27,39.65299987792969,40.27738952636719,5,True
2107,MCO,2020-09-22,2020-09-25,sma_exit,0.19,265.3861999511719,266.6793212890625,4,True
2108,ICE,2020-09-23,2020-09-25,sma_exit,3.37,90.09596252441406,93.40258026123048,3,True
2109,SBUX,2020-09-23,2020-09-25,sma_exit,1.28,72.4876708984375,73.63185119628906,3,False
2110,SPGI,2020-09-23,2020-09-25,sma_exit,2.55,308.595703125,317.4021911621094,3,False
2111,ABT,2020-09-23,2020-09-28,sma_exit,1.36,91.8397216796875,93.36843872070312,4,False
2112,MRSH,2020-09-23,2020-09-28,sma_exit,-0.3,104.289794921875,104.289794921875,4,False
2113,FCX,2020-09-23,2020-09-28,sma_exit,7.35,13.725549697875977,14.775642395019531,4,False
2114,MCD,2020-09-23,2020-09-25,sma_exit,1.19,186.9766998291016,189.7686920166016,3,False
2115,KKR,2020-09-24,2020-09-28,sma_exit,5.42,31.34227752685547,33.13405990600586,3,True
2116,ACN,2020-09-24,2020-09-29,sma_exit,4.21,194.78762817382807,203.5631256103516,4,True
2117,UBER,2020-10-14,2020-10-20,sma_exit,3.12,35.11000061035156,36.310001373291016,5,True
2118,LIN,2020-10-15,2020-10-20,sma_exit,1.29,212.09689331054688,215.4594268798828,4,True
2119,TJX,2020-10-16,2020-10-22,sma_exit,-1.41,52.11914825439453,51.53953170776367,5,True
2120,VZ,2020-10-16,2020-10-23,sma_exit,-0.46,40.963523864746094,40.90000915527344,6,True
2121,ICE,2020-10-19,2020-11-02,time_exit,-4.15,91.4427490234375,87.92251586914062,11,True
2122,ORCL,2020-10-19,2020-10-23,sma_exit,0.17,55.07902908325195,55.33769989013672,5,True
2123,MCO,2020-10-19,2020-11-02,sma_exit,-6.84,270.52032470703125,252.83628845214844,11,True
2124,PANW,2020-10-19,2020-11-02,time_exit,-8.76,40.38999938964844,36.97499847412109,11,True
2125,NVDA,2020-10-19,2020-10-23,sma_exit,0.39,13.439532279968262,13.531630516052246,5,True
2126,AMAT,2020-10-19,2020-10-29,sma_exit,-4.41,59.03570175170898,56.60958480834961,9,True
2127,MRVL,2020-10-19,2020-10-23,sma_exit,-1.3,40.93561172485352,40.5247802734375,5,True
2128,PGR,2020-10-19,2020-10-23,sma_exit,-1.51,81.53184509277344,80.54438018798828,5,True
2129,SBUX,2020-10-19,2020-10-22,sma_exit,1.71,76.51426696777344,78.05152893066406,4,True
2130,INTU,2020-10-20,2020-10-23,sma_exit,-0.33,321.1640319824219,321.07763671875,4,True
2131,SPGI,2020-10-20,2020-11-02,sma_exit,-3.9,305.9779968261719,294.97662353515625,10,True
2132,CDNS,2020-10-21,2020-10-23,sma_exit,0.44,111.2300033569336,112.0500030517578,3,True
2133,COF,2020-10-21,2020-10-23,sma_exit,5.49,66.52727508544922,70.38064575195312,3,True
2134,NFLX,2020-10-21,2020-10-27,sma_exit,-0.32,48.90499877929688,48.89300155639648,5,True
2135,AMD,2020-10-21,2020-10-23,sma_exit,3.18,79.19999694824219,81.95999908447266,3,True
2136,CRWD,2020-10-21,2020-11-03,sma_exit,-6.43,33.78499984741211,31.71500015258789,10,True
2137,TXN,2020-10-21,2020-10-23,sma_exit,2.32,123.78933715820312,127.03372192382812,3,True
2138,CRM,2020-10-22,2020-10-27,sma_exit,-0.05,245.4240264892578,246.0433349609375,4,True
2139,NOW,2020-10-22,2020-10-29,sma_exit,0.62,101.19200134277344,102.11799621582033,6,True
2140,EQIX,2020-10-22,2020-11-03,sma_exit,-3.55,693.1215209960938,670.5953369140625,9,True
2141,UNP,2020-10-22,2020-11-02,sma_exit,-4.52,164.05905151367188,157.1333770751953,8,False
2142,ORCL,2020-10-26,2020-11-02,sma_exit,-2.11,53.11125946044922,52.15047073364258,6,True
2143,AVGO,2020-10-26,2020-11-03,sma_exit,-2.86,32.26456069946289,31.4398193359375,7,True
2144,COST,2020-10-26,2020-11-03,sma_exit,0.23,339.6488952636719,341.44903564453125,7,True
2145,V,2020-10-26,2020-11-02,sma_exit,-4.61,184.80453491210935,176.8311004638672,6,True
2146,PEP,2020-10-26,2020-11-02,sma_exit,-2.41,115.24040222167967,112.81134033203124,6,True
2147,MA,2020-10-26,2020-11-03,sma_exit,-7.43,307.6712951660156,285.7418212890625,7,True
2148,KLAC,2020-10-26,2020-10-29,sma_exit,1.21,18.70820999145508,18.991273880004883,4,True
2149,STX,2020-10-26,2020-11-02,sma_exit,-1.1,41.06690979003906,40.73979568481445,6,True
2150,LRCX,2020-10-26,2020-10-29,sma_exit,1.32,32.77017593383789,33.30089569091797,4,True
2151,UPS,2020-10-26,2020-11-03,sma_exit,-2.99,129.68092346191406,126.19183349609376,7,True
2152,DELL,2020-10-26,2020-11-03,sma_exit,-4.92,29.80768585205078,28.431020736694336,7,False
2153,ADI,2020-10-27,2020-11-02,sma_exit,-1.8,108.77179718017578,107.13510131835938,5,True
2154,GLW,2020-10-27,2020-11-02,sma_exit,-1.46,28.306055068969727,27.978620529174805,5,True
2155,CAT,2020-10-27,2020-10-30,sma_exit,-0.84,142.7162628173828,141.93902587890625,4,False
2156,MMM,2020-10-27,2020-11-02,sma_exit,0.89,109.47967529296876,110.7782211303711,5,False
2157,MS,2020-10-28,2020-11-02,sma_exit,4.27,39.60305404663086,41.41463088989258,4,False
2158,LOW,2020-10-28,2020-11-03,sma_exit,1.7,144.97442626953125,147.87538146972656,5,False
2159,PLD,2020-10-28,2020-10-29,sma_exit,2.44,82.99857330322266,85.271240234375,2,False
2160,LIN,2020-10-28,2020-11-02,sma_exit,5.08,200.37425231933597,211.1546173095703,4,False
2161,PGR,2020-10-28,2020-11-02,sma_exit,2.79,77.9480972290039,80.35713195800781,4,False
2162,MRSH,2020-10-28,2020-11-03,sma_exit,-1.19,98.30567169189452,97.42803955078124,5,False
2163,PH,2020-10-28,2020-11-02,sma_exit,6.98,188.18359375,201.878662109375,4,False
2164,ETN,2020-10-28,2020-11-02,sma_exit,4.62,92.5968246459961,97.1492919921875,4,False
2165,DE,2020-10-28,2020-11-02,sma_exit,3.43,207.5153045654297,215.25405883789065,4,False
2166,BRK-B,2020-10-28,2020-11-02,sma_exit,1.5,200.6999969482422,204.30999755859372,4,False
2167,JCI,2020-10-28,2020-10-30,sma_exit,2.3,36.96138000488281,37.92269515991211,3,False
2168,HCA,2020-10-28,2020-11-02,sma_exit,2.96,120.50558471679688,124.43295288085938,4,False
2169,QCOM,2020-10-28,2020-10-29,sma_exit,3.7,107.60625457763672,111.90769958496094,2,False
2170,CMCSA,2020-10-28,2020-11-03,sma_exit,1.22,32.98196029663086,33.48478317260742,5,False
2171,UNH,2020-10-28,2020-11-02,sma_exit,1.03,279.10113525390625,282.81646728515625,4,False
2172,MCD,2020-10-28,2020-11-03,sma_exit,0.68,186.733154296875,188.5684356689453,5,False
2173,BLK,2020-10-28,2020-11-02,sma_exit,2.06,524.240966796875,536.5983276367188,4,False
2174,KKR,2020-10-28,2020-11-02,sma_exit,0.51,32.96342849731445,33.22887420654297,4,False
2175,MU,2020-10-28,2020-11-03,sma_exit,1.86,48.75686264038086,49.81000518798828,5,False
2176,MDT,2020-10-28,2020-11-03,sma_exit,0.23,86.40647888183594,86.86128997802734,5,False
2177,SYK,2020-10-28,2020-11-03,sma_exit,1.32,193.0966339111328,196.2152099609375,5,False
2178,ELV,2020-10-29,2020-11-03,sma_exit,7.09,252.0013885498047,270.6297912597656,4,True
2179,NEE,2020-10-30,2020-11-02,sma_exit,2.32,62.7530403137207,64.39879608154297,2,True
2180,SO,2020-10-30,2020-11-02,sma_exit,2.42,45.94089126586914,47.18837356567383,2,True
2181,ISRG,2020-10-30,2020-11-03,sma_exit,1.94,222.3600006103516,227.3333282470703,3,True
2182,HD,2020-10-30,2020-11-02,sma_exit,1.21,231.5496826171875,235.0484313964844,2,False
2183,MRVL,2020-10-30,2020-11-04,sma_exit,4.1,36.69043731689453,38.30437850952149,4,False
2184,WMT,2020-10-30,2020-11-02,sma_exit,0.89,42.78173828125,43.29049301147461,2,False
2185,VRT,2020-11-09,2020-11-11,sma_exit,2.36,16.810592651367188,17.258214950561523,3,True
2186,NEM,2020-11-18,2020-11-30,sma_exit,-4.75,51.99296569824219,49.67878341674805,8,True
2187,TMO,2020-11-18,2020-11-25,sma_exit,-1.56,447.1550598144531,441.51373291015625,6,True
2188,ELV,2020-11-19,2020-11-24,sma_exit,0.37,287.5891418457031,289.5166320800781,4,True
2189,EQIX,2020-11-19,2020-12-01,sma_exit,-2.77,653.5628662109375,637.45166015625,8,True
2190,UNH,2020-11-19,2020-11-27,sma_exit,-0.02,305.3801574707031,306.23193359375,6,True
2191,VZ,2020-11-20,2020-11-24,sma_exit,0.7,42.367774963378906,42.79117584228516,3,True
2192,V,2020-11-20,2020-11-23,sma_exit,1.8,195.4457550048828,199.5487060546875,2,True
2193,MA,2020-11-20,2020-11-24,sma_exit,5.7,312.4499206542969,331.2066650390625,3,True
2194,PG,2020-11-23,2020-11-30,sma_exit,-0.22,119.77696990966795,119.8718719482422,5,True
2195,JNJ,2020-11-23,2020-11-30,sma_exit,0.26,122.84416198730467,123.53573608398438,5,True
2196,ISRG,2020-11-23,2020-11-27,sma_exit,1.2,239.68333435058597,243.27333068847656,4,True
2197,PGR,2020-11-23,2020-12-01,sma_exit,-4.36,79.10580444335938,75.89662170410156,6,True
2198,AAPL,2020-11-23,2020-11-27,sma_exit,2.11,110.52669525146484,113.18671417236328,4,True
2199,SO,2020-11-23,2020-11-24,sma_exit,0.92,48.831912994384766,49.429683685302734,2,True
2200,DHR,2020-11-24,2020-11-30,sma_exit,2.62,188.34439086914065,193.84130859375,4,True
2201,ABT,2020-11-25,2020-11-30,sma_exit,1.4,95.44666290283205,97.07019805908205,3,True
2202,MCD,2020-12-02,2020-12-14,sma_exit,0.2,184.4919891357422,185.41940307617188,9,True
2203,CRM,2020-12-02,2020-12-07,sma_exit,2.83,217.0253448486328,223.8276824951172,4,True
2204,ETN,2020-12-03,2020-12-09,sma_exit,0.69,106.38115692138672,107.43829345703124,5,True
2205,HD,2020-12-04,2020-12-09,sma_exit,0.3,230.4379119873047,231.8258819580078,4,True
2206,WMT,2020-12-07,2020-12-08,sma_exit,0.6,45.66777420043945,46.0809440612793,2,True
2207,TT,2020-12-08,2020-12-15,sma_exit,0.0,130.74014282226562,131.1324920654297,6,True
2208,GOOG,2020-12-09,2020-12-23,time_exit,-3.2,88.42687225341797,85.86199188232422,11,True
2209,GOOGL,2020-12-09,2020-12-23,time_exit,-3.09,88.1116943359375,85.6520004272461,11,True
2210,WM,2020-12-10,2020-12-15,sma_exit,1.3,105.36376953125,107.05046081542967,4,True
2211,BMY,2020-12-10,2020-12-15,sma_exit,3.64,47.93305587768555,49.82012939453125,4,True
2212,UNH,2020-12-10,2020-12-15,sma_exit,-0.29,308.8888854980469,308.90704345703125,4,True
2213,V,2020-12-11,2020-12-15,sma_exit,0.73,197.7081298828125,199.740478515625,3,True
2214,GLW,2020-12-11,2020-12-15,sma_exit,3.57,30.899059295654297,32.095497131347656,3,True
2215,MA,2020-12-11,2020-12-15,sma_exit,1.6,316.72564697265625,322.7521057128906,3,True
2216,BRK-B,2020-12-11,2020-12-17,sma_exit,-1.06,226.38999938964844,224.67999267578125,5,True
2217,QCOM,2020-12-11,2020-12-16,sma_exit,3.48,128.2483367919922,133.1016845703125,4,True
2218,VZ,2020-12-11,2020-12-18,sma_exit,-0.12,42.5865364074707,42.664161682128906,6,True
2219,SCHW,2020-12-11,2020-12-15,sma_exit,2.98,45.85312271118164,47.35588073730469,3,True
2220,CME,2020-12-14,2020-12-15,sma_exit,1.86,140.74050903320312,143.78436279296875,2,True
2221,AXP,2020-12-14,2020-12-17,sma_exit,1.08,109.43831634521484,110.94896697998048,4,True
2222,WMT,2020-12-14,2020-12-17,sma_exit,0.01,45.07342147827149,45.212684631347656,4,True
2223,MS,2020-12-14,2020-12-15,sma_exit,3.05,51.89828872680664,53.634376525878906,2,True
2224,MCK,2020-12-14,2020-12-18,sma_exit,0.41,166.77549743652344,167.9561767578125,5,True
2225,SYK,2020-12-14,2020-12-15,sma_exit,1.05,217.5929412841797,220.52301025390625,2,True
2226,MRK,2020-12-14,2020-12-23,sma_exit,-1.0,64.44739532470703,63.99806213378906,8,True
2227,RTX,2020-12-14,2020-12-23,sma_exit,-0.41,62.44902420043945,62.378448486328125,8,False
2228,CVS,2020-12-14,2020-12-28,sma_exit,-2.65,57.93892288208008,56.5760498046875,10,False
2229,ACN,2020-12-14,2020-12-15,sma_exit,1.05,222.29925537109372,225.30886840820312,2,False
2230,JPM,2020-12-14,2020-12-15,sma_exit,1.41,102.44507598876952,104.1943359375,2,False
2231,BLK,2020-12-14,2020-12-15,sma_exit,1.79,599.8897094726562,612.3977661132812,2,False
2232,SO,2020-12-14,2020-12-15,sma_exit,1.71,48.19374084472656,49.16310501098633,2,False
2233,ABBV,2020-12-15,2020-12-17,sma_exit,1.71,82.65423583984375,84.31824493408203,3,True
2234,PFE,2020-12-15,2020-12-30,time_exit,-5.39,28.842988967895508,27.375141143798828,11,True
2235,SPGI,2020-12-16,2020-12-18,sma_exit,0.21,289.2097473144531,290.6788635253906,3,True
2236,BA,2020-12-17,2021-01-04,time_exit,-8.67,221.2400054931641,202.72000122070312,11,True
2237,AMAT,2020-12-18,2020-12-30,sma_exit,0.73,82.15088653564453,83.00016784667969,8,True
2238,CVX,2020-12-18,2020-12-30,sma_exit,-2.43,68.58275604248047,67.11970520019531,8,True
2239,T,2020-12-18,2020-12-31,sma_exit,-2.48,15.313835144042969,14.98046875,9,True
2240,COP,2020-12-21,2020-12-30,sma_exit,-0.87,32.885108947753906,32.6971435546875,7,True
2241,VLO,2020-12-21,2020-12-23,sma_exit,2.92,44.38891220092773,45.81789779663086,3,True
2242,GE,2020-12-22,2020-12-23,sma_exit,2.06,51.55435562133789,52.76910018920898,2,True
2243,WMT,2020-12-22,2020-12-28,sma_exit,0.41,44.62470245361328,44.94034957885742,4,True
2244,AXP,2020-12-22,2020-12-23,sma_exit,1.8,106.8179931640625,109.05598449707033,2,True
2245,CMCSA,2020-12-22,2020-12-24,sma_exit,0.42,39.29865646362305,39.58150100708008,3,True
2246,COST,2020-12-22,2020-12-24,sma_exit,0.4,341.03857421875,343.44073486328125,3,True
2247,SLB,2020-12-22,2020-12-30,sma_exit,2.13,18.975313186645508,19.437257766723636,6,True
2248,WDC,2020-12-22,2020-12-31,sma_exit,11.1,37.40998458862305,41.67616653442383,7,True
2249,KLAC,2020-12-23,2020-12-24,sma_exit,2.19,23.864316940307617,24.45811653137207,2,True
2250,AMD,2020-12-23,2020-12-30,sma_exit,0.51,91.5500030517578,92.29000091552734,5,True
2251,MU,2020-12-23,2020-12-28,sma_exit,0.72,68.21083068847656,68.9031982421875,3,True
2252,SBUX,2020-12-23,2020-12-28,sma_exit,1.93,89.56470489501953,91.5655517578125,3,True
2253,STX,2020-12-28,2020-12-31,sma_exit,-0.88,52.98657989501953,52.68148422241211,4,True
2254,NVDA,2020-12-28,2020-12-30,sma_exit,1.61,12.84815502166748,13.092917442321776,3,True
2255,VRT,2020-12-29,2020-12-31,sma_exit,0.62,18.41197204589844,18.58116340637207,3,True
2256,WMB,2020-12-29,2021-01-04,sma_exit,-0.2,15.469813346862791,15.485220909118652,4,True
2257,UPS,2020-12-30,2021-01-11,sma_exit,-2.93,129.09707641601562,125.70326232910156,8,True
2258,VZ,2020-12-30,2020-12-31,sma_exit,0.75,41.02702331542969,41.45747756958008,2,True
2259,CRM,2021-01-04,2021-01-08,sma_exit,0.49,216.56333923339844,218.263916015625,5,True
2260,PANW,2021-01-04,2021-01-07,sma_exit,2.96,58.61000061035156,60.518333435058594,4,True
2261,BX,2021-01-05,2021-01-07,sma_exit,0.37,51.240966796875,51.58361053466797,3,True
2262,FTNT,2021-01-05,2021-01-08,sma_exit,4.22,28.347999572753903,29.62800025939941,4,True
2263,KO,2021-01-06,2021-01-21,sma_exit,-3.41,42.89103698730469,41.55812072753906,11,True
2264,MSFT,2021-01-06,2021-01-07,sma_exit,2.55,202.3783721923828,208.13751220703125,2,True
2265,ORCL,2021-01-06,2021-01-08,sma_exit,0.99,58.025535583496094,58.77669906616211,3,True
2266,INTU,2021-01-06,2021-01-08,sma_exit,3.59,346.59716796875,360.0965270996094,3,True
2267,ADBE,2021-01-06,2021-01-08,sma_exit,3.73,466.30999755859375,485.1000061035156,3,True
2268,MCO,2021-01-11,2021-01-20,sma_exit,-0.6,263.2809143066406,262.49969482421875,7,True
2269,VZ,2021-01-13,2021-01-15,sma_exit,0.26,40.69596481323242,40.9241943359375,3,True
2270,V,2021-01-14,2021-01-20,sma_exit,1.76,193.50930786132807,197.48765563964844,4,True
2271,DIS,2021-01-14,2021-01-20,sma_exit,-0.18,168.15135192871094,168.35496520996094,4,True
2272,WM,2021-01-14,2021-01-22,sma_exit,0.33,105.08876037597656,105.74877166748048,6,True
2273,ORCL,2021-01-14,2021-01-26,sma_exit,0.02,57.12598419189453,57.31145858764648,8,True
2274,TMUS,2021-01-14,2021-01-19,sma_exit,3.84,118.55606842041016,123.46221160888672,3,True
2275,BKNG,2021-01-15,2021-01-28,sma_exit,-4.32,83.00599670410156,79.67160034179688,9,True
2276,PG,2021-01-15,2021-01-25,sma_exit,-1.59,116.34144592285156,114.8374481201172,6,True
2277,ACN,2021-01-15,2021-01-19,sma_exit,0.56,232.11849975585935,234.1226043701172,2,True
2278,LIN,2021-01-15,2021-01-26,sma_exit,-1.17,239.30511474609372,237.2281646728516,7,True
2279,APH,2021-01-15,2021-01-20,sma_exit,1.38,31.341121673583984,31.86687469482422,3,True
2280,ADBE,2021-01-15,2021-01-20,sma_exit,2.24,458.0799865722656,469.7300109863281,3,True
2281,ADP,2021-01-15,2021-01-22,sma_exit,0.23,142.9615478515625,143.7246856689453,5,True
2282,ICE,2021-01-19,2021-01-28,sma_exit,-2.28,107.0013427734375,104.8870620727539,8,True
2283,CSX,2021-01-19,2021-01-28,sma_exit,-6.73,28.61676979064941,26.776100158691406,8,True
2284,COST,2021-01-19,2021-01-21,sma_exit,2.05,333.9169616699219,341.7640075683594,3,True
2285,USB,2021-01-19,2021-02-02,sma_exit,-8.25,38.076419830322266,35.05057907104492,11,True
2286,WMT,2021-01-19,2021-01-22,sma_exit,1.75,44.3740348815918,45.28385543823242,4,True
2287,CME,2021-01-21,2021-02-01,sma_exit,0.37,149.6720733642578,150.66876220703125,8,True
2288,BAC,2021-01-21,2021-02-02,sma_exit,-2.63,27.852706909179688,27.20395278930664,9,True
2289,BNY,2021-01-21,2021-02-01,sma_exit,-3.8,36.1330451965332,34.86821746826172,8,True
2290,JPM,2021-01-21,2021-02-01,sma_exit,-4.16,117.60057067871094,113.0562973022461,8,True
2291,C,2021-01-22,2021-02-02,sma_exit,-2.33,50.53748321533203,49.513946533203125,8,True
2292,MNST,2021-01-22,2021-01-28,sma_exit,0.3,44.09999847412109,44.3650016784668,5,True
2293,COF,2021-01-22,2021-01-28,sma_exit,1.12,95.18312072753906,96.53849029541016,5,True
2294,WMB,2021-01-22,2021-02-02,sma_exit,-1.13,16.640832901000977,16.50216293334961,8,True
2295,PEP,2021-01-22,2021-01-26,sma_exit,2.02,116.50691986083984,119.2054214477539,3,True
2296,ELV,2021-01-22,2021-02-02,sma_exit,-5.11,290.50927734375,276.5429382324219,8,True
2297,MS,2021-01-22,2021-02-02,sma_exit,-4.1,62.172245025634766,59.81118774414063,8,True
2298,HWM,2021-01-22,2021-02-01,sma_exit,-6.69,26.359363555908203,24.67496681213379,7,True
2299,RTX,2021-01-22,2021-01-28,sma_exit,0.57,59.608829498291016,60.12923049926758,5,True
2300,MAR,2021-01-22,2021-01-28,sma_exit,-2.08,117.82380676269533,115.7242660522461,5,False
2301,PNC,2021-01-25,2021-02-02,sma_exit,-0.35,123.61133575439452,123.55381774902344,7,True
2302,GS,2021-01-25,2021-02-02,sma_exit,1.09,247.71343994140625,251.15293884277344,7,False
2303,SCHW,2021-01-25,2021-02-02,sma_exit,-4.75,52.94954299926758,50.59333801269531,7,False
2304,PH,2021-01-25,2021-01-28,sma_exit,-1.87,250.8099822998047,246.87728881835935,4,False
2305,CAT,2021-01-25,2021-02-01,sma_exit,-1.7,170.21539306640625,167.83493041992188,6,False
2306,ADI,2021-01-25,2021-02-01,sma_exit,-1.5,139.61614990234375,137.94497680664062,6,False
2307,PANW,2021-01-26,2021-02-01,sma_exit,1.7,59.04333114624024,60.22666549682617,5,True
2308,TT,2021-01-26,2021-02-02,sma_exit,-2.26,138.14776611328125,135.4387969970703,6,True
2309,TJX,2021-01-26,2021-01-28,sma_exit,1.28,59.31371307373047,60.25211334228516,3,True
2310,ABBV,2021-01-26,2021-02-02,sma_exit,-5.2,88.48433685302734,84.14956665039062,6,False
2311,SLB,2021-01-26,2021-02-02,sma_exit,-1.31,20.20124244689941,19.99691772460937,6,False
2312,COP,2021-01-26,2021-02-02,sma_exit,-2.0,34.061912536621094,33.481685638427734,6,False
2313,KKR,2021-01-26,2021-01-29,sma_exit,-0.81,37.25273895263672,37.06242370605469,4,False
2314,UBER,2021-01-26,2021-02-01,sma_exit,1.32,51.91999816894531,52.7599983215332,5,False
2315,ETN,2021-01-26,2021-02-01,sma_exit,0.36,110.0356216430664,110.76470184326172,5,False
2316,UNP,2021-01-26,2021-02-01,sma_exit,-1.02,176.2014923095703,174.92433166503906,5,False
2317,AXP,2021-01-26,2021-02-01,sma_exit,0.46,108.68978881835938,109.51323699951172,5,False
2318,ANET,2021-01-26,2021-01-28,sma_exit,0.47,19.1875,19.33562469482422,3,False
2319,NOW,2021-01-27,2021-01-28,sma_exit,7.01,103.3000030517578,110.8479995727539,2,False
2320,PWR,2021-01-27,2021-02-01,sma_exit,1.39,71.01052856445312,72.20941162109375,4,False
2321,LRCX,2021-01-27,2021-02-02,sma_exit,-0.1,48.675872802734375,48.77321243286133,5,False
2322,INTU,2021-01-27,2021-02-01,sma_exit,2.58,349.18182373046875,359.2502746582031,4,False
2323,CDNS,2021-01-27,2021-02-01,sma_exit,4.35,128.42999267578125,134.39999389648438,4,False
2324,DE,2021-01-27,2021-02-01,sma_exit,3.79,261.5530700683594,272.2489624023437,4,False
2325,BA,2021-01-27,2021-02-02,sma_exit,3.26,194.02999877929688,200.94000244140625,5,False
2326,FCX,2021-01-27,2021-02-01,sma_exit,9.16,23.966278076171875,26.23373413085937,4,False
2327,MDT,2021-01-27,2021-02-02,sma_exit,1.9,94.37997436523438,96.45376586914062,5,False
2328,TXN,2021-01-27,2021-02-01,sma_exit,6.19,139.01243591308594,148.03575134277344,4,False
2329,CRWD,2021-01-27,2021-01-28,sma_exit,5.45,50.23249816894531,53.122501373291016,2,False
2330,CVX,2021-01-27,2021-02-03,sma_exit,0.56,69.377197265625,69.97501373291016,6,False
2331,BLK,2021-01-27,2021-01-28,sma_exit,2.87,612.0553588867188,631.4578247070312,2,False
2332,PGR,2021-01-27,2021-02-04,sma_exit,0.96,77.71045684814453,78.69255065917969,7,False
2333,UNH,2021-01-27,2021-02-02,sma_exit,1.42,302.83203125,308.04302978515625,5,False
2334,APH,2021-01-27,2021-02-02,sma_exit,0.82,29.87327003479004,30.20870780944824,5,False
2335,SYK,2021-01-27,2021-02-02,sma_exit,1.6,217.97462463378903,222.11216735839844,5,False
2336,AVGO,2021-01-27,2021-02-01,sma_exit,4.66,39.85871887207031,41.83417510986328,4,False
2337,BMY,2021-01-27,2021-02-02,sma_exit,1.18,49.77609634399414,50.51446914672852,5,False
2338,WM,2021-01-27,2021-02-01,sma_exit,0.72,101.7153778076172,102.75120544433594,4,False
2339,XOM,2021-01-27,2021-02-02,sma_exit,0.32,36.336082458496094,36.560428619384766,5,False
2340,DHR,2021-01-27,2021-01-29,sma_exit,6.74,191.9010009765625,205.4083251953125,3,False
2341,DIS,2021-01-27,2021-01-28,sma_exit,5.13,158.06788635253906,166.6485137939453,2,False
2342,HCA,2021-01-27,2021-02-01,sma_exit,6.01,149.84751892089844,159.3048095703125,4,False
2343,CB,2021-01-27,2021-02-01,sma_exit,1.73,134.39097595214844,137.1139678955078,4,False
2344,MU,2021-01-27,2021-02-01,sma_exit,6.81,73.2230453491211,78.43029022216797,4,False
2345,JCI,2021-01-27,2021-02-01,sma_exit,4.89,43.72873306274414,45.99648284912109,4,False
2346,BRK-B,2021-01-27,2021-02-02,sma_exit,1.85,227.3600006103516,232.2400054931641,5,False
2347,AMGN,2021-01-29,2021-02-10,sma_exit,-1.53,202.1250457763672,199.6385803222656,9,True
2348,PSX,2021-01-29,2021-02-03,sma_exit,4.85,54.62541198730469,57.43724060058594,4,True
2349,TSLA,2021-01-29,2021-02-02,sma_exit,9.69,264.510009765625,290.92999267578125,3,True
2350,WMT,2021-02-01,2021-02-03,sma_exit,1.09,43.09903717041016,43.69630432128906,3,True
2351,PFE,2021-02-02,2021-02-09,sma_exit,-0.36,26.35482215881348,26.339757919311523,6,True
2352,LLY,2021-02-03,2021-02-04,sma_exit,2.07,186.01223754882807,190.4131774902344,2,True
2353,ICE,2021-02-10,2021-02-16,sma_exit,0.38,104.00218963623048,104.7100830078125,4,True
2354,CME,2021-02-11,2021-02-16,sma_exit,3.37,146.86671447753906,152.25234985351562,3,True
2355,TMUS,2021-02-16,2021-02-18,sma_exit,0.55,115.9983901977539,116.98721313476562,3,True
2356,NEE,2021-02-16,2021-03-01,sma_exit,-6.31,69.91960144042969,65.7155532836914,10,True
2357,DUK,2021-02-16,2021-02-18,sma_exit,1.0,71.53490447998047,72.4656982421875,3,True
2358,PLD,2021-02-17,2021-03-03,time_exit,-9.48,90.6067123413086,82.28489685058594,11,True
2359,WM,2021-02-17,2021-02-18,sma_exit,0.79,102.86119079589844,103.97956848144533,2,True
2360,LIN,2021-02-17,2021-02-19,sma_exit,0.34,231.13633728027344,232.619873046875,3,True
2361,AAPL,2021-02-17,2021-03-01,sma_exit,-2.63,127.21054077148438,124.24517822265624,9,True
2362,ISRG,2021-02-19,2021-02-24,sma_exit,0.84,250.0500030517578,252.90333557128903,4,True
2363,ADBE,2021-02-19,2021-02-24,sma_exit,-0.82,479.1199951171875,476.6199951171875,4,True
2364,NFLX,2021-02-19,2021-02-23,sma_exit,0.8,54.02199935913086,54.6150016784668,3,True
2365,ORCL,2021-02-19,2021-02-22,sma_exit,5.13,56.69012069702149,59.76898956298828,2,True
2366,META,2021-02-19,2021-02-24,sma_exit,0.75,259.2830810546875,262.0091247558594,4,True
2367,MDT,2021-02-19,2021-02-23,sma_exit,3.82,95.92897033691406,99.88191986083984,3,True
2368,NOW,2021-02-19,2021-03-01,sma_exit,-2.8,114.14600372314452,111.29399871826172,7,True
2369,ABT,2021-02-19,2021-03-01,sma_exit,-0.97,110.80792999267578,110.0604248046875,7,True
2370,CSCO,2021-02-22,2021-02-24,sma_exit,0.38,38.95013046264648,39.215919494628906,3,True
2371,KKR,2021-02-22,2021-02-26,sma_exit,0.16,43.276329040527344,43.47673034667969,5,True
2372,TMO,2021-02-22,2021-03-01,sma_exit,-1.1,456.3273010253906,452.66302490234375,6,True
2373,GOOGL,2021-02-22,2021-02-24,sma_exit,1.14,101.81022644042967,103.27474212646484,3,True
2374,GOOG,2021-02-22,2021-02-24,sma_exit,1.17,102.34170532226562,103.84293365478516,3,True
2375,UBER,2021-02-22,2021-03-01,sma_exit,-1.95,55.310001373291016,54.400001525878906,6,True
2376,CRWD,2021-02-22,2021-03-01,sma_exit,-1.38,56.45750045776367,55.84999847412109,6,True
2377,TSLA,2021-02-22,2021-03-01,sma_exit,0.25,238.1666717529297,239.47666931152344,6,True
2378,CDNS,2021-02-22,2021-02-24,sma_exit,4.4,133.16000366210938,139.4199981689453,3,True
2379,MSFT,2021-02-22,2021-03-01,sma_exit,0.74,224.11802673339844,226.4404296875,6,True
2380,DHR,2021-02-22,2021-03-01,sma_exit,-0.22,194.7510223388672,194.8978271484375,6,False
2381,JNJ,2021-02-23,2021-02-24,sma_exit,1.04,137.84677124023438,139.69398498535156,2,True
2382,CRM,2021-02-23,2021-03-05,sma_exit,-10.86,231.63262939453125,207.1757354736328,9,True
2383,LOW,2021-02-23,2021-03-02,sma_exit,-3.59,151.946044921875,146.9529571533203,6,False
2384,ANET,2021-02-23,2021-03-01,sma_exit,-0.0,17.9424991607666,17.99625015258789,5,False
2385,INTU,2021-02-23,2021-02-24,sma_exit,3.23,383.78173828125,397.3312377929688,2,False
2386,COST,2021-02-23,2021-03-09,sma_exit,-7.13,322.9477233886719,300.88922119140625,11,False
2387,SO,2021-02-24,2021-03-02,sma_exit,-1.24,47.65739440917969,47.20840835571289,5,True
2388,MNST,2021-02-24,2021-03-01,sma_exit,-1.08,44.119998931884766,43.775001525878906,4,True
2389,PANW,2021-02-25,2021-03-01,sma_exit,1.74,60.00666809082031,61.231666564941406,3,True
2390,JNJ,2021-03-04,2021-03-08,sma_exit,2.53,131.51461791992188,135.23486328125,3,True
2391,SYK,2021-03-04,2021-03-10,sma_exit,1.52,222.7450408935547,226.78810119628903,5,True
2392,CRWD,2021-03-05,2021-03-09,sma_exit,8.43,45.77999877929688,49.775001525878906,3,True
2393,BX,2021-03-05,2021-03-09,sma_exit,4.74,54.59804534912109,57.35194396972656,3,True
2394,PANW,2021-03-08,2021-03-09,sma_exit,3.0,55.24666595458984,57.06999969482422,2,True
2395,VRT,2021-03-08,2021-03-09,sma_exit,2.5,19.56644821166992,20.11383819580078,2,True
2396,CDNS,2021-03-08,2021-03-09,sma_exit,6.07,119.68000030517578,127.3000030517578,2,True
2397,TSLA,2021-03-08,2021-03-09,sma_exit,19.34,187.6666717529297,224.52667236328125,2,True
2398,SYK,2021-03-18,2021-03-24,sma_exit,0.98,218.0785217285156,220.8651885986328,5,True
2399,ICE,2021-03-18,2021-03-24,sma_exit,0.57,104.2811050415039,105.18718719482422,5,True
2400,VLO,2021-03-18,2021-03-25,sma_exit,-2.04,61.4590950012207,60.391700744628906,6,True
2401,MA,2021-03-18,2021-03-24,sma_exit,-2.3,355.4628601074219,348.3437805175781,5,True
2402,COP,2021-03-18,2021-03-24,sma_exit,-0.62,44.02408981323242,43.883880615234375,5,True
2403,MPC,2021-03-18,2021-03-24,sma_exit,0.31,46.36821746826172,46.64896774291992,5,True
2404,INTU,2021-03-18,2021-03-23,sma_exit,2.17,359.6252746582031,368.5011901855469,4,True
2405,PANW,2021-03-18,2021-03-24,sma_exit,0.79,52.92499923706055,53.5,5,True
2406,CB,2021-03-19,2021-03-25,sma_exit,-0.5,148.14430236816406,147.84661865234375,5,True
2407,CME,2021-03-19,2021-03-24,sma_exit,0.75,163.5908660888672,165.30213928222656,4,True
2408,V,2021-03-19,2021-03-25,sma_exit,0.22,198.64877319335935,199.67611694335935,5,True
2409,UPS,2021-03-19,2021-03-22,sma_exit,0.81,124.49054718017578,125.87391662597656,2,True
2410,CVX,2021-03-19,2021-03-24,sma_exit,0.98,82.46710968017578,83.52008056640625,4,True
2411,XOM,2021-03-22,2021-03-24,sma_exit,0.47,45.55790328979492,45.90828704833984,3,True
2412,GLW,2021-03-23,2021-03-25,sma_exit,3.09,34.782470703125,35.96021270751953,3,True
2413,AXP,2021-03-23,2021-03-25,sma_exit,4.26,127.33966064453124,133.14146423339844,3,True
2414,BRK-B,2021-03-23,2021-03-25,sma_exit,0.68,248.30999755859372,250.75,3,True
2415,PWR,2021-03-23,2021-03-26,sma_exit,5.47,81.63190460205078,86.33819580078125,4,True
2416,COF,2021-03-23,2021-03-25,sma_exit,4.16,110.98424530029295,115.93463134765624,3,True
2417,C,2021-03-23,2021-03-25,sma_exit,0.84,58.92973709106445,59.60288619995117,3,True
2418,MS,2021-03-23,2021-04-06,sma_exit,-0.34,66.69853973388672,66.6732177734375,10,True
2419,TJX,2021-03-23,2021-03-26,sma_exit,2.04,59.59345626831055,60.98795700073242,4,True
2420,DE,2021-03-23,2021-03-25,sma_exit,2.3,333.0695495605469,341.74365234375,3,False
2421,MAR,2021-03-23,2021-03-26,sma_exit,2.79,136.53758239746094,140.755859375,4,False
2422,FCX,2021-03-23,2021-03-26,sma_exit,2.06,29.92300033569336,30.629255294799805,4,False
2423,SCHW,2021-03-23,2021-03-25,sma_exit,2.49,58.96566009521485,60.61289596557617,3,False
2424,BNY,2021-03-23,2021-03-25,sma_exit,4.12,38.22837829589844,39.91707992553711,3,False
2425,GS,2021-03-24,2021-03-30,sma_exit,0.72,288.7606506347656,291.7127990722656,5,True
2426,BKNG,2021-03-24,2021-03-25,sma_exit,2.7,86.27650451660156,88.86865234375,2,True
2427,VRT,2021-03-24,2021-03-30,sma_exit,2.72,19.108640670776367,19.68587875366211,5,True
2428,BA,2021-03-24,2021-03-25,sma_exit,3.02,239.2400054931641,247.19000244140625,2,True
2429,GE,2021-03-24,2021-03-26,sma_exit,3.62,60.78269958496094,63.1653938293457,3,True
2430,CRWD,2021-03-26,2021-03-31,sma_exit,2.42,44.42124938964844,45.62749862670898,4,True
2431,CMCSA,2021-03-31,2021-04-05,sma_exit,0.98,42.70647430419922,43.25105667114258,3,True
2432,PSX,2021-04-08,2021-04-14,sma_exit,0.94,63.90019607543945,64.69059753417969,5,True
2433,JNJ,2021-04-09,2021-04-16,sma_exit,0.31,138.54270935058594,139.39328002929688,6,True
2434,VLO,2021-04-12,2021-04-14,sma_exit,2.52,58.623802185058594,60.274932861328125,3,True
2435,CMCSA,2021-04-12,2021-04-15,sma_exit,1.24,42.27582550048828,42.92597961425781,4,True
2436,SLB,2021-04-12,2021-04-14,sma_exit,2.6,23.68760871887207,24.37485122680664,3,True
2437,COP,2021-04-13,2021-04-14,sma_exit,3.44,41.88803863525391,43.455020904541016,2,True
2438,QCOM,2021-04-14,2021-04-15,sma_exit,1.99,120.34813690185548,123.10783386230467,2,True
2439,WDC,2021-04-14,2021-04-21,sma_exit,0.82,51.68325805664063,52.26261138916016,6,True
2440,META,2021-04-14,2021-04-23,sma_exit,-0.86,300.1839294433594,298.5086669921875,8,True
2441,MRVL,2021-04-14,2021-04-21,sma_exit,-1.53,47.135650634765625,46.5571174621582,6,True
2442,MU,2021-04-15,2021-04-21,sma_exit,-1.16,88.025634765625,87.26502227783203,5,True
2443,BA,2021-04-19,2021-04-23,sma_exit,-2.66,244.1499938964844,238.3800048828125,5,True
2444,KLAC,2021-04-19,2021-04-21,sma_exit,1.98,30.707294464111328,31.407793045043945,3,True
2445,AVGO,2021-04-19,2021-04-23,sma_exit,0.59,41.733009338378906,42.1060791015625,5,True
2446,AMAT,2021-04-19,2021-04-21,sma_exit,2.88,125.13807678222656,129.11526489257812,3,True
2447,MAR,2021-04-20,2021-04-22,sma_exit,2.99,136.10614013671875,140.58326721191406,3,True
2448,C,2021-04-20,2021-04-23,sma_exit,1.98,57.99896240234375,59.32031631469727,4,True
2449,PSX,2021-04-20,2021-04-23,sma_exit,1.12,61.45566940307617,62.32754898071289,4,True
2450,DE,2021-04-20,2021-04-23,sma_exit,1.32,345.8223876953125,351.4262084960937,4,True
2451,COP,2021-04-20,2021-04-26,sma_exit,2.99,40.12311172485352,41.442684173583984,5,True
2452,LMT,2021-04-22,2021-04-29,sma_exit,-0.23,327.90118408203125,328.12548828125,6,True
2453,INTC,2021-04-26,2021-05-06,sma_exit,-2.37,53.44295501708984,52.335391998291016,9,True
2454,VZ,2021-04-26,2021-04-29,sma_exit,0.37,41.04729461669922,41.321231842041016,4,True
2455,DUK,2021-04-27,2021-04-29,sma_exit,0.65,79.81507110595703,80.5759048461914,3,True
2456,MCK,2021-04-28,2021-05-03,sma_exit,1.92,182.3341217041016,186.3894500732422,4,True
2457,LOW,2021-04-28,2021-05-03,sma_exit,1.3,177.22532653808594,180.0636749267578,4,True
2458,PEP,2021-04-28,2021-04-29,sma_exit,1.19,120.18267822265624,121.97064971923828,2,True
2459,TMO,2021-04-29,2021-05-05,sma_exit,0.43,457.684814453125,461.0159606933594,5,True
2460,BMY,2021-04-29,2021-05-04,sma_exit,1.39,50.868045806884766,51.72542190551758,4,True
2461,NEM,2021-04-29,2021-05-03,sma_exit,3.15,53.49774169921875,55.34367752075195,3,True
2462,GILD,2021-04-29,2021-05-03,sma_exit,2.77,52.64165496826172,54.257843017578125,3,True
2463,ABT,2021-04-30,2021-05-07,sma_exit,-1.24,108.53925323486328,107.51782989501952,6,True
2464,AAPL,2021-04-30,2021-05-07,sma_exit,-1.08,127.81336975097656,126.81312561035156,6,True
2465,CRWD,2021-05-03,2021-05-11,sma_exit,-5.18,51.27999877929688,48.775001525878906,7,True
2466,ADBE,2021-05-03,2021-05-11,sma_exit,-3.93,503.4599914550781,485.1900024414063,7,True
2467,ICE,2021-05-03,2021-05-07,sma_exit,-0.86,107.84930419921876,107.24214935302734,5,True
2468,PH,2021-05-03,2021-05-05,sma_exit,1.09,290.4127197265625,294.4419250488281,3,True
2469,DELL,2021-05-04,2021-05-05,sma_exit,1.65,44.43988037109375,45.30547332763672,2,True
2470,KLAC,2021-05-04,2021-05-06,sma_exit,2.28,29.15010643005371,29.90266990661621,3,True
2471,AMAT,2021-05-04,2021-05-06,sma_exit,2.04,123.06344604492188,125.9411849975586,3,True
2472,BKNG,2021-05-04,2021-05-14,sma_exit,-4.52,93.3349838256836,89.400146484375,9,True
2473,MSFT,2021-05-04,2021-05-06,sma_exit,0.48,236.8096160888672,238.6636505126953,3,True
2474,INTU,2021-05-04,2021-05-07,sma_exit,0.56,382.9173583984375,386.2109680175781,4,True
2475,LRCX,2021-05-04,2021-05-06,sma_exit,1.54,57.438926696777344,58.495262145996094,3,True
2476,NVDA,2021-05-04,2021-05-07,sma_exit,2.91,14.298504829406738,14.757810592651367,4,True
2477,CDNS,2021-05-04,2021-05-07,sma_exit,1.84,126.3499984741211,129.0500030517578,4,True
2478,PANW,2021-05-04,2021-05-11,sma_exit,-0.93,57.59999847412109,57.23833465576172,6,True
2479,AMZN,2021-05-04,2021-05-14,sma_exit,-2.99,165.593505859375,161.14500427246094,9,True
2480,WDC,2021-05-04,2021-05-06,sma_exit,3.16,50.622352600097656,52.37548065185547,3,True
2481,ANET,2021-05-04,2021-05-05,sma_exit,3.37,19.096250534057617,19.79624938964844,2,False
2482,UBER,2021-05-05,2021-05-14,sma_exit,-7.65,51.18000030517578,47.41999816894531,8,True
2483,MDT,2021-05-05,2021-05-14,sma_exit,-1.66,108.0404281616211,106.56868743896484,8,True
2484,PLD,2021-05-05,2021-05-07,sma_exit,2.36,97.35460662841795,99.9476318359375,3,True
2485,MA,2021-05-05,2021-05-07,sma_exit,1.4,357.96002197265625,364.0303955078125,3,False
2486,BA,2021-05-05,2021-05-07,sma_exit,2.89,228.17999267578125,235.47000122070312,3,False
2487,MAR,2021-05-06,2021-05-07,sma_exit,2.58,136.7005615234375,140.63121032714844,2,True
2488,SPGI,2021-05-11,2021-05-20,sma_exit,-1.65,343.0003662109375,338.3567810058594,8,True
2489,ABT,2021-05-12,2021-05-14,sma_exit,1.38,105.167724609375,106.93936920166016,3,True
2490,INTC,2021-05-12,2021-05-14,sma_exit,2.93,49.06843185424805,50.65159225463867,3,True
2491,AMAT,2021-05-12,2021-05-14,sma_exit,8.36,109.83163452148438,119.34440612792967,3,True
2492,GOOGL,2021-05-12,2021-05-14,sma_exit,3.25,109.0455551147461,112.917724609375,3,True
2493,ADP,2021-05-12,2021-05-14,sma_exit,2.44,168.95291137695312,173.5905303955078,3,True
2494,SYK,2021-05-12,2021-05-14,sma_exit,3.05,231.8124084472656,239.5691680908203,3,True
2495,GOOG,2021-05-12,2021-05-14,sma_exit,3.14,110.97557067871094,114.7958755493164,3,True
2496,AAPL,2021-05-12,2021-05-14,sma_exit,3.51,119.56716918945312,124.12507629394533,3,True
2497,MU,2021-05-12,2021-05-14,sma_exit,3.48,74.89053344726562,77.71841430664062,3,True
2498,TSLA,2021-05-12,2021-05-20,sma_exit,-0.83,196.6300048828125,195.5933380126953,7,True
2499,ACN,2021-05-12,2021-05-14,sma_exit,2.85,256.4648742675781,264.5519104003906,3,True
2500,VRT,2021-05-12,2021-05-14,sma_exit,6.82,21.65645980834961,23.199079513549805,3,True
2501,PH,2021-05-12,2021-05-13,sma_exit,3.69,284.5232849121094,295.88287353515625,2,True
2502,V,2021-05-12,2021-05-14,sma_exit,2.71,211.83123779296875,218.2060394287109,3,True
2503,SBUX,2021-05-12,2021-05-18,sma_exit,0.87,97.14347076416016,98.27603912353516,5,True
2504,SO,2021-05-12,2021-05-13,sma_exit,1.83,52.539058685302734,53.65742874145508,2,False
2505,SCHW,2021-05-12,2021-05-14,sma_exit,5.95,64.326171875,68.34774017333984,3,False
2506,MRSH,2021-05-12,2021-05-17,sma_exit,0.98,122.37535858154295,123.94202423095705,4,False
2507,GLW,2021-05-12,2021-05-14,sma_exit,3.04,37.3822135925293,38.62973403930664,3,False
2508,MNST,2021-05-13,2021-05-14,sma_exit,2.68,44.73500061035156,46.06999969482422,2,True
2509,DIS,2021-05-17,2021-05-20,sma_exit,0.45,164.90330505371094,166.1443634033203,4,True
2510,T,2021-05-18,2021-05-21,sma_exit,1.26,16.113277435302734,16.364110946655273,4,True
2511,PGR,2021-05-19,2021-05-27,sma_exit,-2.13,90.26747131347656,88.61402893066406,7,True
2512,DE,2021-05-20,2021-05-25,sma_exit,1.24,331.76617431640625,336.8749389648437,4,True
2513,TJX,2021-05-21,2021-05-25,sma_exit,0.04,62.13580322265625,62.34896087646485,3,True
2514,AMGN,2021-05-26,2021-06-03,sma_exit,-1.48,202.61361694335935,200.22694396972656,6,True
2515,PFE,2021-05-26,2021-06-02,sma_exit,-0.63,29.60379219055176,29.50491523742676,5,True
2516,ABBV,2021-05-27,2021-06-04,sma_exit,-0.26,92.45769500732422,92.49063873291016,6,True
2517,DUK,2021-05-27,2021-06-02,sma_exit,0.37,81.72740936279297,82.27490997314453,4,True
2518,PG,2021-05-27,2021-06-03,sma_exit,0.34,117.96680450439452,118.72715759277344,5,True
2519,CVS,2021-05-27,2021-06-03,sma_exit,0.44,72.77179718017578,73.31070709228516,5,True
2520,MCK,2021-05-28,2021-06-03,sma_exit,0.46,187.0556640625,188.4849395751953,4,True
2521,UNH,2021-06-01,2021-06-15,sma_exit,-1.88,371.1986083984375,365.321044921875,11,True
2522,BMY,2021-06-01,2021-06-09,sma_exit,0.16,52.65558242797852,52.89823532104492,7,True
2523,PANW,2021-06-03,2021-06-10,sma_exit,2.92,58.52166748046875,60.40833282470703,6,True
2524,SBUX,2021-06-03,2021-06-10,sma_exit,0.68,98.3202896118164,99.28472137451172,6,True
2525,KLAC,2021-06-03,2021-06-04,sma_exit,2.36,29.31854248046875,30.098073959350582,2,True
2526,MSFT,2021-06-03,2021-06-04,sma_exit,1.77,235.364013671875,240.2301177978516,2,True
2527,UBER,2021-06-03,2021-06-07,sma_exit,3.93,48.70000076293945,50.7599983215332,3,True
2528,HD,2021-06-03,2021-06-11,sma_exit,-0.51,274.9864196777344,274.4036560058594,7,True
2529,CRWD,2021-06-04,2021-06-08,sma_exit,3.66,51.73500061035156,53.78499984741211,3,True
2530,CSX,2021-06-07,2021-06-15,sma_exit,0.05,30.463592529296875,30.569204330444336,7,True
2531,TJX,2021-06-07,2021-06-08,sma_exit,0.36,60.5416145324707,60.94016647338867,2,True
2532,JNJ,2021-06-08,2021-06-09,sma_exit,1.05,141.25714111328125,143.15911865234375,2,True
2533,BNY,2021-06-08,2021-06-15,sma_exit,-2.19,44.5898551940918,43.74869918823242,6,True
2534,JPM,2021-06-09,2021-06-23,sma_exit,-7.55,142.95553588867188,132.585205078125,11,True
2535,C,2021-06-09,2021-06-23,sma_exit,-11.17,65.38985443115234,58.28518295288086,11,True
2536,PGR,2021-06-09,2021-06-21,sma_exit,-0.53,84.7441635131836,84.54753112792969,9,True
2537,COF,2021-06-09,2021-06-15,sma_exit,0.64,145.9832305908203,147.35577392578125,5,True
2538,GE,2021-06-09,2021-06-21,sma_exit,-4.23,66.76371002197266,64.13793182373047,9,True
2539,CAT,2021-06-09,2021-06-22,sma_exit,-9.47,214.16456604003903,194.5233459472656,10,True
2540,USB,2021-06-09,2021-06-23,sma_exit,-5.55,47.28935623168945,44.80715560913086,11,True
2541,WFC,2021-06-10,2021-06-15,sma_exit,0.52,39.74652862548828,40.07268524169922,4,True
2542,BRK-B,2021-06-10,2021-06-24,time_exit,-3.61,284.9100036621094,275.489990234375,11,True
2543,UNP,2021-06-10,2021-06-14,sma_exit,1.08,195.2379302978516,197.93186950683597,3,True
2544,BAC,2021-06-10,2021-06-16,sma_exit,-0.47,36.88571166992188,36.82379150390625,5,True
2545,CME,2021-06-10,2021-06-14,sma_exit,1.5,172.54608154296875,175.65057373046875,3,True
2546,FCX,2021-06-10,2021-06-22,sma_exit,-9.39,37.38465881347656,33.98521041870117,9,True
2547,CB,2021-06-10,2021-06-15,sma_exit,1.3,153.9406280517578,156.39683532714844,4,True
2548,DE,2021-06-10,2021-06-21,sma_exit,-1.34,318.8959655761719,315.57098388671875,8,True
2549,BLK,2021-06-10,2021-06-11,sma_exit,1.22,768.9461669921875,780.6649780273438,2,True
2550,WDC,2021-06-10,2021-06-15,sma_exit,1.55,55.34750747680664,56.37078857421875,4,False
2551,GS,2021-06-10,2021-06-23,sma_exit,-3.75,329.6632995605469,318.2994689941406,10,False
2552,PH,2021-06-14,2021-06-22,sma_exit,-2.87,277.8235168457031,270.693359375,7,True
2553,SLB,2021-06-14,2021-06-21,sma_exit,-3.03,30.51219749450684,29.67882537841797,6,True
2554,MNST,2021-06-15,2021-06-21,sma_exit,-0.46,46.095001220703125,46.02000045776367,5,True
2555,MMM,2021-06-15,2021-06-22,sma_exit,-3.03,139.72312927246094,135.913330078125,6,True
2556,STX,2021-06-15,2021-06-24,sma_exit,-8.34,80.92669677734375,74.42256927490234,8,True
2557,GLW,2021-06-16,2021-06-22,sma_exit,-0.8,35.395206451416016,35.21977615356445,5,True
2558,MO,2021-06-16,2021-06-21,sma_exit,-0.47,32.18680191040039,32.132450103759766,4,True
2559,ORCL,2021-06-16,2021-06-22,sma_exit,1.78,71.79094696044922,73.28115844726562,5,True
2560,WDC,2021-06-17,2021-06-24,sma_exit,-1.68,53.24827194213867,52.51091003417969,6,True
2561,PSX,2021-06-17,2021-06-22,sma_exit,1.21,71.36931610107422,72.44816589355469,4,True
2562,PWR,2021-06-17,2021-06-22,sma_exit,1.75,86.40624237060547,88.18098449707031,4,True
2563,LIN,2021-06-17,2021-06-21,sma_exit,0.08,268.4201965332031,269.4386291503906,3,False
2564,DELL,2021-06-17,2021-06-28,sma_exit,-0.2,45.88100051879883,45.927040100097656,8,False
2565,CSCO,2021-06-17,2021-06-21,sma_exit,-0.21,45.8784294128418,45.92160034179688,3,False
2566,VLO,2021-06-17,2021-06-21,sma_exit,1.48,66.35698699951172,67.53921508789062,3,False
2567,APH,2021-06-17,2021-06-22,sma_exit,0.13,32.136810302734375,32.27417755126953,4,False
2568,IBM,2021-06-17,2021-06-21,sma_exit,0.42,113.65005493164062,114.46966552734376,3,False
2569,HWM,2021-06-17,2021-06-23,sma_exit,-0.92,33.51066589355469,33.30381393432617,5,False
2570,NEM,2021-06-17,2021-06-28,sma_exit,-1.9,55.07501220703125,54.19270706176758,8,False
2571,UNP,2021-06-18,2021-06-22,sma_exit,1.65,190.9880523681641,194.7044982910156,3,False
2572,MS,2021-06-18,2021-06-24,sma_exit,3.26,71.1894302368164,73.72073364257812,5,False
2573,LMT,2021-06-18,2021-06-22,sma_exit,0.57,329.3351135253906,332.19256591796875,3,False
2574,UNH,2021-06-18,2021-06-21,sma_exit,1.93,356.6653747558594,364.6346435546875,2,False
2575,WFC,2021-06-18,2021-06-22,sma_exit,3.99,36.80234146118164,38.38020706176758,3,False
2576,TT,2021-06-18,2021-06-22,sma_exit,3.57,163.11561584472656,169.42724609375,3,False
2577,CB,2021-06-18,2021-06-23,sma_exit,1.93,145.84506225585938,149.09832763671875,4,False
2578,MCD,2021-06-18,2021-06-22,sma_exit,1.56,203.2585906982422,207.02952575683597,3,False
2579,CVS,2021-06-18,2021-06-23,sma_exit,1.31,69.38667297363281,70.50662994384766,4,False
2580,RTX,2021-06-18,2021-06-21,sma_exit,2.12,76.71105194091797,78.56810760498047,2,False
2581,ELV,2021-06-18,2021-06-22,sma_exit,2.35,343.6219482421875,352.7334899902344,3,False
2582,BA,2021-06-18,2021-06-21,sma_exit,3.04,237.3500061035156,245.27999877929688,2,False
2583,BKNG,2021-06-18,2021-06-25,sma_exit,1.44,87.83851623535156,89.36803436279297,6,False
2584,GD,2021-06-18,2021-06-21,sma_exit,2.74,165.65159606933594,170.68869018554688,2,False
2585,ADI,2021-06-18,2021-06-24,sma_exit,2.69,148.56561279296875,153.0081787109375,5,False
2586,SBUX,2021-06-18,2021-06-22,sma_exit,1.66,97.06385803222656,98.9661865234375,3,False
2587,BLK,2021-06-18,2021-06-22,sma_exit,2.55,745.3131713867188,766.5704345703125,3,False
2588,ADP,2021-06-18,2021-06-22,sma_exit,1.72,172.8497772216797,176.3354949951172,3,False
2589,INTC,2021-06-18,2021-06-24,sma_exit,0.42,50.94441986083984,51.31046295166016,5,False
2590,MCK,2021-06-18,2021-06-22,sma_exit,2.52,179.76361083984375,184.8291778564453,3,False
2591,LRCX,2021-06-18,2021-06-23,sma_exit,1.59,58.15868377685547,59.25605010986328,4,False
2592,ABBV,2021-06-18,2021-06-22,sma_exit,1.1,93.1162338256836,94.41683959960938,3,False
2593,GILD,2021-06-18,2021-06-21,sma_exit,0.81,55.49874877929688,56.11529541015625,2,False
2594,ETN,2021-06-18,2021-06-22,sma_exit,2.26,128.28111267089844,131.56967163085938,3,False
2595,DIS,2021-06-18,2021-06-23,sma_exit,1.39,167.17208862304688,169.9935302734375,4,False
2596,MPC,2021-06-18,2021-06-22,sma_exit,3.9,52.1414794921875,54.32917785644531,3,False
2597,TXN,2021-06-18,2021-06-22,sma_exit,1.87,158.0104522705078,161.43702697753906,3,False
2598,BAC,2021-06-18,2021-06-23,sma_exit,3.36,34.311058044433594,35.56742858886719,4,False
2599,MRSH,2021-06-18,2021-06-23,sma_exit,2.07,123.77610778808594,126.70672607421876,4,False
2600,MAR,2021-06-18,2021-06-21,sma_exit,2.62,133.09585571289062,136.97857666015625,2,False
2601,WM,2021-06-18,2021-06-21,sma_exit,1.37,126.7629852294922,128.88082885742188,2,False
2602,WMB,2021-06-18,2021-06-23,sma_exit,2.27,20.72201156616211,21.25476837158203,4,False
2603,EQIX,2021-06-24,2021-06-28,sma_exit,2.16,702.9882202148438,720.3074951171875,3,True
2604,MAR,2021-06-28,2021-07-01,sma_exit,2.18,130.25811767578125,133.48890686035156,4,True
2605,RTX,2021-06-29,2021-07-01,sma_exit,1.81,75.38970184326172,76.9789047241211,3,True
2606,WMB,2021-06-29,2021-06-30,sma_exit,1.27,20.785615921020508,21.11163902282715,2,True
2607,PM,2021-06-29,2021-06-30,sma_exit,0.89,77.53217315673828,78.45836639404297,2,True
2608,CVS,2021-07-01,2021-07-09,sma_exit,-1.39,69.23509216308594,68.47722625732422,6,True
2609,IBM,2021-07-06,2021-07-09,sma_exit,1.67,108.3266143798828,110.46537017822266,4,True
2610,PWR,2021-07-06,2021-07-09,sma_exit,1.75,87.29682159423828,89.0826416015625,4,True
2611,VLO,2021-07-07,2021-07-21,sma_exit,-10.53,61.06226348876953,54.81332778930664,11,True
2612,XOM,2021-07-07,2021-07-12,sma_exit,0.96,49.94181060791016,50.57011032104492,4,True
2613,LRCX,2021-07-07,2021-07-12,sma_exit,1.63,58.24697113037109,59.36996078491211,4,True
2614,CME,2021-07-07,2021-07-09,sma_exit,0.99,167.7475128173828,169.91172790527344,3,True
2615,SCHW,2021-07-07,2021-07-09,sma_exit,0.39,65.38054656982422,65.82843017578125,3,True
2616,KLAC,2021-07-07,2021-07-09,sma_exit,0.25,29.15522766113281,29.31664085388184,3,True
2617,BA,2021-07-07,2021-07-08,sma_exit,1.85,231.77999877929688,236.7700042724609,2,True
2618,TSLA,2021-07-07,2021-07-12,sma_exit,6.07,214.88333129882807,228.5666656494141,4,True
2619,MPC,2021-07-08,2021-07-12,sma_exit,1.23,50.8837776184082,51.66318893432617,3,True
2620,BAC,2021-07-08,2021-07-09,sma_exit,2.95,34.311058044433594,35.42586135864258,2,True
2621,GS,2021-07-08,2021-07-09,sma_exit,3.27,316.4393920898437,327.74139404296875,2,True
2622,USB,2021-07-08,2021-07-09,sma_exit,3.21,44.25222396850586,45.80393981933594,2,True
2623,PNC,2021-07-08,2021-07-09,sma_exit,3.21,151.49517822265625,156.81976318359375,2,True
2624,WFC,2021-07-08,2021-07-09,sma_exit,3.46,37.3047981262207,38.70637130737305,2,True
2625,AMAT,2021-07-08,2021-07-12,sma_exit,2.92,126.92757415771484,131.01705932617188,3,True
2626,BNY,2021-07-08,2021-07-09,sma_exit,2.99,41.9189682006836,43.29777526855469,2,True
2627,MS,2021-07-08,2021-07-09,sma_exit,2.77,74.19483184814453,76.47213745117188,2,True
2628,C,2021-07-08,2021-07-09,sma_exit,2.28,55.84162521362305,57.28096389770508,2,True
2629,KKR,2021-07-08,2021-07-12,sma_exit,3.89,55.5225944519043,57.84759521484375,3,False
2630,CRWD,2021-07-14,2021-07-20,sma_exit,-1.08,63.557498931884766,63.060001373291016,5,True
2631,XOM,2021-07-15,2021-07-21,sma_exit,-2.32,48.734806060791016,47.751014709472656,5,True
2632,ABT,2021-07-15,2021-07-19,sma_exit,1.53,105.8493881225586,107.78201293945312,3,True
2633,COP,2021-07-15,2021-07-21,sma_exit,-0.41,47.4419059753418,47.39202880859375,5,True
2634,AMD,2021-07-15,2021-07-21,sma_exit,2.55,86.93000030517578,89.41000366210938,5,True
2635,SLB,2021-07-15,2021-07-21,sma_exit,-1.34,25.74495506286621,25.47612571716309,5,True
2636,MPC,2021-07-15,2021-07-21,sma_exit,-0.61,48.04951858520508,47.89895248413086,5,True
2637,CRM,2021-07-15,2021-07-20,sma_exit,0.76,233.5396728515625,236.0266265869141,4,True
2638,PSX,2021-07-15,2021-07-21,sma_exit,-4.72,63.55377960205078,60.74544525146485,5,True
2639,SYK,2021-07-15,2021-07-21,sma_exit,0.33,244.04275512695312,245.5902862548828,5,True
2640,PGR,2021-07-15,2021-07-23,sma_exit,-0.53,84.9461669921875,84.74935913085938,7,True
2641,GE,2021-07-16,2021-07-20,sma_exit,0.9,61.0722885131836,61.80222702026367,3,True
2642,ADI,2021-07-16,2021-07-21,sma_exit,2.44,146.96261596679688,150.99298095703125,4,True
2643,AMZN,2021-07-16,2021-07-21,sma_exit,0.02,178.68150329589844,179.25999450683594,4,True
2644,KLAC,2021-07-16,2021-07-20,sma_exit,2.96,27.84112548828125,28.747896194458008,3,True
2645,CAT,2021-07-16,2021-07-20,sma_exit,0.24,189.7955322265625,190.82327270507807,3,True
2646,CVX,2021-07-16,2021-07-21,sma_exit,0.92,79.63300323486328,80.60197448730469,4,True
2647,ANET,2021-07-16,2021-07-21,sma_exit,0.72,22.715625762939453,22.9481258392334,4,True
2648,NVDA,2021-07-16,2021-07-21,sma_exit,6.58,18.098398208618164,19.343095779418945,4,True
2649,TXN,2021-07-16,2021-07-21,sma_exit,4.06,160.64292907714844,167.65145874023438,4,False
2650,AMAT,2021-07-16,2021-07-20,sma_exit,2.66,122.76143646240234,126.39126586914062,3,False
2651,APH,2021-07-16,2021-07-20,sma_exit,0.55,32.513145446777344,32.79034423828125,3,False
2652,WMB,2021-07-16,2021-07-21,sma_exit,-0.3,20.101781845092773,20.101781845092773,4,False
2653,HWM,2021-07-16,2021-07-20,sma_exit,0.43,31.186006546020508,31.41255569458008,3,False
2654,MRVL,2021-07-16,2021-07-20,sma_exit,4.5,52.97705841064453,55.51940155029297,3,False
2655,LRCX,2021-07-16,2021-07-20,sma_exit,2.86,55.863319396972656,57.62993240356445,3,False
2656,RTX,2021-07-16,2021-07-20,sma_exit,1.22,74.57720947265625,75.71109771728516,3,False
2657,WDC,2021-07-16,2021-07-26,sma_exit,-0.19,48.30492401123047,48.35758972167969,7,False
2658,PH,2021-07-16,2021-07-21,sma_exit,1.43,280.7148742675781,285.5619812011719,4,False
2659,FCX,2021-07-16,2021-07-21,sma_exit,4.07,30.986083984375,32.339393615722656,4,False
2660,ETN,2021-07-19,2021-07-20,sma_exit,2.98,137.42823791503906,141.94192504882812,2,True
2661,JPM,2021-07-19,2021-07-21,sma_exit,3.71,129.68727111816406,134.88462829589844,3,False
2662,AVGO,2021-07-19,2021-07-21,sma_exit,2.57,42.39379501342773,43.60915756225586,3,False
2663,CME,2021-07-19,2021-07-21,sma_exit,2.5,167.15582275390625,171.8408660888672,3,False
2664,DE,2021-07-19,2021-07-20,sma_exit,3.61,313.6412048339844,325.8890075683594,2,False
2665,C,2021-07-19,2021-07-21,sma_exit,4.02,54.46086502075195,56.81235504150391,3,False
2666,ISRG,2021-07-19,2021-07-20,sma_exit,2.15,310.7300109863281,318.3500061035156,2,False
2667,GS,2021-07-19,2021-07-21,sma_exit,4.99,312.71905517578125,329.2753295898437,3,False
2668,PWR,2021-07-19,2021-07-20,sma_exit,3.05,84.76689910888672,87.6043701171875,2,False
2669,UNP,2021-07-19,2021-07-21,sma_exit,1.03,190.57015991210935,193.1040802001953,3,False
2670,SBUX,2021-07-19,2021-07-21,sma_exit,3.13,102.03649139404295,105.5315170288086,3,False
2671,AXP,2021-07-19,2021-07-21,sma_exit,5.66,153.20950317382812,162.3375244140625,3,False
2672,CMCSA,2021-07-19,2021-07-21,sma_exit,1.78,45.09319305419922,46.03279113769531,3,False
2673,INTU,2021-07-19,2021-07-20,sma_exit,1.66,480.8974609375,490.3268432617188,2,False
2674,SCHW,2021-07-19,2021-07-21,sma_exit,4.02,62.217430114746094,64.90467071533203,3,False
2675,MCD,2021-07-19,2021-07-21,sma_exit,2.61,202.93991088867188,208.84417724609372,3,False
2676,BAC,2021-07-19,2021-07-21,sma_exit,3.84,32.67424774169922,34.02793884277344,3,False
2677,META,2021-07-19,2021-07-21,sma_exit,2.45,334.0168762207031,343.216064453125,3,False
2678,BLK,2021-07-19,2021-07-20,sma_exit,3.69,749.1957397460938,779.0517578125,2,False
2679,GD,2021-07-19,2021-07-20,sma_exit,2.92,165.75094604492188,171.08120727539062,2,False
2680,GLW,2021-07-19,2021-07-21,sma_exit,3.59,34.50046157836914,35.84259033203125,3,False
2681,KKR,2021-07-19,2021-07-20,sma_exit,1.77,54.89111328125,56.029693603515625,2,False
2682,MRK,2021-07-20,2021-07-23,sma_exit,1.5,65.16930389404297,66.34146118164062,4,True
2683,PM,2021-07-20,2021-07-22,sma_exit,2.13,75.14936065673828,76.97802734375,3,True
2684,UPS,2021-07-27,2021-08-03,sma_exit,-0.83,153.27847290039062,152.4617462158203,6,True
2685,AMGN,2021-07-30,2021-08-03,sma_exit,0.75,205.1531524658203,207.310546875,3,True
2686,AMZN,2021-07-30,2021-08-05,sma_exit,1.15,166.37950134277344,168.79949951171875,5,True
2687,SBUX,2021-08-02,2021-08-13,sma_exit,-2.92,106.5047836303711,103.71160888671876,10,True
2688,V,2021-08-03,2021-08-05,sma_exit,1.02,227.96539306640625,230.9653167724609,3,True
2689,DIS,2021-08-03,2021-08-05,sma_exit,1.85,167.72476196289062,171.33151245117188,3,True
2690,KO,2021-08-04,2021-08-06,sma_exit,0.66,48.38670349121094,48.85245895385742,3,True
2691,MAR,2021-08-04,2021-08-18,time_exit,-6.08,132.2714080810547,124.63057708740234,11,True
2692,MNST,2021-08-04,2021-08-06,sma_exit,5.09,46.005001068115234,48.48500061035156,3,True
2693,MCD,2021-08-04,2021-08-11,sma_exit,0.01,207.87046813964844,208.50784301757807,6,True
2694,AMAT,2021-08-10,2021-08-23,sma_exit,-5.06,132.2238006591797,125.9315414428711,10,True
2695,MCK,2021-08-10,2021-08-12,sma_exit,1.2,189.66136169433597,192.50038146972656,3,True
2696,AVGO,2021-08-10,2021-08-12,sma_exit,0.11,43.90411758422852,44.0861930847168,3,True
2697,SYK,2021-08-10,2021-08-12,sma_exit,2.62,240.6819000244141,247.697998046875,3,True
2698,LRCX,2021-08-10,2021-08-23,sma_exit,-5.63,58.58681106567383,55.46652221679688,10,True
2699,EQIX,2021-08-10,2021-08-12,sma_exit,1.42,719.8113403320312,732.2147827148438,3,True
2700,ANET,2021-08-10,2021-08-19,sma_exit,-1.61,23.231250762939453,22.927499771118164,8,True
2701,PANW,2021-08-11,2021-08-20,sma_exit,0.24,60.913333892822266,61.24333190917969,8,True
2702,AMZN,2021-08-11,2021-08-23,sma_exit,-1.1,164.60549926757812,163.2935028076172,9,True
2703,NOW,2021-08-11,2021-08-12,sma_exit,1.69,114.04000091552734,116.31400299072266,2,True
2704,BMY,2021-08-11,2021-08-13,sma_exit,0.66,54.48680877685547,55.00828170776367,3,True
2705,TXN,2021-08-12,2021-08-16,sma_exit,0.75,163.0577392578125,164.77626037597656,3,True
2706,V,2021-08-12,2021-08-16,sma_exit,1.24,223.17318725585935,226.61050415039065,3,True
2707,ICE,2021-08-12,2021-08-20,sma_exit,-1.05,110.5797882080078,109.74605560302734,7,True
2708,KLAC,2021-08-12,2021-08-23,sma_exit,0.03,31.19189453125,31.294775009155277,8,True
2709,CME,2021-08-13,2021-08-23,sma_exit,-2.81,167.81231689453125,163.6055145263672,7,True
2710,XOM,2021-08-17,2021-08-23,sma_exit,-1.47,46.62746047973633,46.08197021484375,5,True
2711,WMB,2021-08-17,2021-08-23,sma_exit,-0.22,19.46564483642578,19.48155212402344,5,True
2712,AXP,2021-08-17,2021-08-24,sma_exit,-2.4,154.94100952148438,151.69439697265625,6,True
2713,GE,2021-08-17,2021-08-23,sma_exit,-0.94,61.81438446044922,61.41901397705078,5,True
2714,KKR,2021-08-17,2021-08-23,sma_exit,1.12,60.90898132324219,61.77198028564453,5,True
2715,FCX,2021-08-17,2021-08-23,sma_exit,-1.77,32.39539337158203,31.91940689086914,5,True
2716,USB,2021-08-18,2021-08-23,sma_exit,-0.09,45.06426239013672,45.160743713378906,4,True
2717,GS,2021-08-18,2021-08-23,sma_exit,0.36,351.57965087890625,353.9158935546875,4,True
2718,CSCO,2021-08-18,2021-08-19,sma_exit,3.54,47.95475006103516,49.79814910888672,2,True
2719,COP,2021-08-18,2021-08-23,sma_exit,2.05,44.83149719238281,45.886756896972656,4,True
2720,JPM,2021-08-18,2021-08-23,sma_exit,0.42,137.28477478027344,138.27308654785156,4,True
2721,RTX,2021-08-18,2021-08-23,sma_exit,-0.31,76.31819152832031,76.30923461914062,4,False
2722,DELL,2021-08-18,2021-08-20,sma_exit,1.29,44.64246368408203,45.35151290893555,3,False
2723,CVX,2021-08-18,2021-08-23,sma_exit,-0.27,79.1353759765625,79.15995025634766,4,False
2724,MPC,2021-08-18,2021-08-23,sma_exit,0.66,50.34769058227539,50.830787658691406,4,False
2725,PNC,2021-08-18,2021-08-23,sma_exit,0.62,154.44664001464844,155.86993408203125,4,False
2726,TMUS,2021-08-18,2021-08-20,sma_exit,1.12,132.95126342773438,134.83384704589844,3,False
2727,C,2021-08-19,2021-08-23,sma_exit,1.2,58.88057327270508,59.76581954956055,3,True
2728,STX,2021-08-19,2021-08-23,sma_exit,3.69,75.9301528930664,78.96250915527344,3,True
2729,WFC,2021-08-19,2021-08-24,sma_exit,2.05,41.83184814453125,42.8145637512207,4,False
2730,COF,2021-08-19,2021-08-24,sma_exit,0.86,153.9325408935547,155.71820068359375,4,False
2731,BX,2021-08-19,2021-08-20,sma_exit,2.35,92.67504119873048,95.1352996826172,2,False
2732,SCHW,2021-08-19,2021-08-23,sma_exit,1.45,66.46420288085938,67.62401580810547,3,False
2733,MS,2021-08-19,2021-08-23,sma_exit,2.14,85.04975891113281,87.12206268310547,3,False
2734,DE,2021-08-19,2021-08-24,sma_exit,2.21,336.1424560546875,344.56988525390625,4,False
2735,IBM,2021-08-19,2021-08-24,sma_exit,1.02,108.97370147705078,110.41065979003906,4,False
2736,MA,2021-08-19,2021-08-23,sma_exit,0.74,346.8964233398437,350.4886779785156,3,False
2737,BAC,2021-08-19,2021-08-23,sma_exit,1.49,35.55857467651367,36.19560623168945,3,False
2738,UNP,2021-08-24,2021-09-08,time_exit,-2.54,196.7138214111328,192.3085174560547,11,True
2739,TMUS,2021-08-26,2021-09-01,sma_exit,-0.18,130.8119354248047,130.96408081054688,5,True
2740,MRK,2021-08-26,2021-09-02,sma_exit,0.42,65.51154327392578,65.98211669921875,6,True
2741,WMT,2021-08-27,2021-08-31,sma_exit,0.78,45.878997802734375,46.37372589111328,3,True
2742,JNJ,2021-08-27,2021-09-01,sma_exit,0.17,150.3932647705078,151.0977325439453,4,True
2743,BMY,2021-08-27,2021-09-13,time_exit,-5.95,54.266788482666016,51.20307922363281,11,True
2744,ANET,2021-09-01,2021-09-13,sma_exit,-0.66,22.4737491607666,22.393749237060547,8,True
2745,WFC,2021-09-01,2021-09-09,sma_exit,1.79,38.46759414672852,39.27324295043945,6,True
2746,TJX,2021-09-01,2021-09-14,sma_exit,-3.91,67.05115509033203,64.63256072998047,9,True
2747,ABBV,2021-09-01,2021-09-15,sma_exit,-4.31,93.44681549072266,89.70130157470703,10,True
2748,COF,2021-09-03,2021-09-13,sma_exit,0.76,144.00616455078125,145.535400390625,6,True
2749,CSX,2021-09-03,2021-09-16,sma_exit,-3.71,29.90372657775879,28.885129928588867,9,True
2750,BRK-B,2021-09-03,2021-09-13,sma_exit,-1.0,281.8900146484375,279.9200134277344,6,True
2751,MNST,2021-09-07,2021-09-16,sma_exit,0.44,47.59000015258789,47.93999862670898,8,True
2752,KKR,2021-09-07,2021-09-13,sma_exit,0.58,60.18981552124024,60.71720504760742,5,True
2753,BNY,2021-09-07,2021-09-15,sma_exit,-2.28,46.379615783691406,45.46284866333008,7,True
2754,DELL,2021-09-08,2021-09-09,sma_exit,1.27,43.68938446044922,44.37541580200195,2,True
2755,GS,2021-09-08,2021-09-13,sma_exit,0.75,358.780517578125,362.5543518066406,4,True
2756,QCOM,2021-09-08,2021-09-13,sma_exit,0.32,128.53302001953125,129.33567810058594,4,True
2757,SCHW,2021-09-08,2021-09-09,sma_exit,0.78,66.931884765625,67.65208435058594,2,True
2758,C,2021-09-08,2021-09-13,sma_exit,0.39,59.0491828918457,59.4538688659668,4,True
2759,VRT,2021-09-08,2021-09-16,sma_exit,-7.96,25.866329193115234,23.88579750061035,7,True
2760,HWM,2021-09-08,2021-09-09,sma_exit,1.57,30.644502639770508,31.2161922454834,2,True
2761,TT,2021-09-09,2021-09-23,sma_exit,-2.45,179.41558837890625,175.56631469726562,11,True
2762,UPS,2021-09-09,2021-09-13,sma_exit,2.55,149.2096710205078,153.45681762695312,3,True
2763,LLY,2021-09-09,2021-09-23,sma_exit,-3.56,229.3504180908203,221.87741088867188,11,True
2764,ETN,2021-09-09,2021-09-15,sma_exit,-0.91,149.4759979248047,148.5691375732422,5,True
2765,MSFT,2021-09-09,2021-09-14,sma_exit,0.55,285.2789611816406,287.7167053222656,4,True
2766,REGN,2021-09-09,2021-09-15,sma_exit,0.61,640.06982421875,645.9048461914062,5,True
2767,JNJ,2021-09-09,2021-09-23,sma_exit,-2.21,146.1666259765625,143.3749542236328,11,False
2768,CRM,2021-09-10,2021-09-16,sma_exit,0.93,252.8260040283203,255.9322052001953,5,False
2769,GOOG,2021-09-10,2021-09-15,sma_exit,2.01,140.68067932128906,143.9369354248047,4,False
2770,ISRG,2021-09-10,2021-09-15,sma_exit,1.85,341.1566772460937,348.50665283203125,4,False
2771,CSCO,2021-09-10,2021-09-23,sma_exit,-2.37,50.33725738525391,49.29381561279297,10,False
2772,BLK,2021-09-10,2021-09-23,sma_exit,-4.71,816.0872192382812,780.0736694335938,10,False
2773,PFE,2021-09-10,2021-09-23,sma_exit,-3.37,34.99128341674805,33.916748046875,10,False
2774,CMCSA,2021-09-10,2021-09-13,sma_exit,0.83,47.21924591064453,47.75275039672852,2,False
2775,GOOGL,2021-09-10,2021-09-15,sma_exit,2.22,139.6378173828125,143.1600799560547,4,False
2776,UNH,2021-09-10,2021-09-13,sma_exit,2.33,371.2828369140625,381.0357666015625,2,False
2777,AMD,2021-09-10,2021-09-14,sma_exit,0.2,105.1999969482422,105.7300033569336,3,False
2778,CVS,2021-09-10,2021-09-15,sma_exit,1.79,70.98445892333984,72.46701049804688,4,False
2779,MDT,2021-09-13,2021-09-15,sma_exit,0.94,111.18477630615234,112.5613250732422,3,True
2780,FTNT,2021-09-13,2021-09-16,sma_exit,2.1,59.38399887084961,60.8120002746582,4,True
2781,ADBE,2021-09-13,2021-09-15,sma_exit,2.17,645.1500244140625,661.0800170898438,3,True
2782,CRWD,2021-09-13,2021-09-16,sma_exit,3.92,63.50749969482422,66.18499755859375,4,True
2783,EQIX,2021-09-13,2021-09-15,sma_exit,0.16,759.9601440429688,763.490478515625,3,True
2784,WMT,2021-09-13,2021-09-16,sma_exit,-0.32,45.42182540893555,45.41243362426758,4,True
2785,MO,2021-09-14,2021-09-23,sma_exit,0.61,33.467742919921875,33.772178649902344,8,True
2786,GD,2021-09-14,2021-09-22,sma_exit,-1.78,177.06871032714844,174.44863891601562,7,True
2787,DE,2021-09-14,2021-09-23,sma_exit,-1.56,333.3333740234375,329.1383056640625,8,True
2788,ORCL,2021-09-14,2021-09-21,sma_exit,0.31,80.75891876220703,81.25437927246094,6,True
2789,SBUX,2021-09-15,2021-09-22,sma_exit,-1.67,101.82853698730467,100.4339828491211,6,True
2790,META,2021-09-16,2021-09-24,sma_exit,-5.69,369.8124694824219,349.8874206542969,7,True
2791,SO,2021-09-17,2021-10-01,time_exit,-4.03,53.42707824707031,51.4362678527832,11,True
2792,GS,2021-09-17,2021-09-23,sma_exit,-0.2,346.7857360839844,347.1400756835937,5,True
2793,MCO,2021-09-17,2021-09-23,sma_exit,1.57,354.56134033203125,361.1925659179688,5,True
2794,NEE,2021-09-17,2021-10-01,sma_exit,-3.28,71.37471008300781,69.25025177001953,11,True
2795,ABT,2021-09-20,2021-10-04,time_exit,-7.78,113.2985610961914,104.8240966796875,11,True
2796,LIN,2021-09-20,2021-09-23,sma_exit,2.4,283.3662109375,291.0174255371094,4,True
2797,KO,2021-09-20,2021-10-01,sma_exit,-2.22,46.979095458984375,46.075313568115234,10,True
2798,DUK,2021-09-20,2021-09-29,sma_exit,-1.6,82.18055725097656,81.10835266113281,8,True
2799,AAPL,2021-09-20,2021-09-22,sma_exit,1.74,139.41954040527344,142.25790405273438,3,True
2800,MS,2021-09-20,2021-09-22,sma_exit,1.9,84.11166381835938,85.96224212646484,3,True
2801,PLD,2021-09-20,2021-10-01,sma_exit,-2.34,112.26982879638672,109.98198699951172,10,True
2802,NVDA,2021-09-20,2021-09-22,sma_exit,3.62,21.043933868408203,21.86922645568848,3,False
2803,JPM,2021-09-20,2021-09-22,sma_exit,1.63,134.972900390625,137.57598876953125,3,False
2804,CB,2021-09-21,2021-09-27,sma_exit,1.2,165.0681915283203,167.53765869140625,5,True
2805,AMZN,2021-09-21,2021-09-23,sma_exit,1.86,167.18150329589844,170.8000030517578,3,False
2806,MDT,2021-09-21,2021-09-23,sma_exit,2.39,109.3037567138672,112.246337890625,3,False
2807,BRK-B,2021-09-21,2021-09-23,sma_exit,1.51,273.17999267578125,278.1199951171875,3,False
2808,PNC,2021-09-21,2021-09-22,sma_exit,1.71,153.12326049804688,156.202880859375,2,False
2809,IBM,2021-09-21,2021-09-23,sma_exit,2.53,104.9864730834961,107.95516967773438,3,False
2810,BNY,2021-09-21,2021-09-23,sma_exit,4.16,43.0443229675293,44.965179443359375,3,False
2811,APH,2021-09-21,2021-09-22,sma_exit,1.99,35.3719596862793,36.181190490722656,2,False
2812,UNH,2021-09-27,2021-10-05,sma_exit,-3.22,372.5328979492188,361.6494140625,7,True
2813,WELL,2021-09-27,2021-09-29,sma_exit,0.91,73.44512939453125,74.33223724365234,3,True
2814,REGN,2021-09-27,2021-10-11,time_exit,-12.06,613.2826538085938,541.1531982421875,11,True
2815,DHR,2021-09-27,2021-10-07,sma_exit,-4.47,273.3855895996094,261.9823608398437,9,True
2816,EQIX,2021-09-27,2021-10-11,time_exit,-7.42,730.984375,678.9166259765625,11,True
2817,KKR,2021-09-28,2021-10-01,sma_exit,2.47,57.552852630615234,59.14461898803711,4,True
2818,PEP,2021-09-28,2021-10-05,sma_exit,-0.27,129.81430053710938,129.84866333007812,6,True
2819,SPGI,2021-09-28,2021-10-05,sma_exit,-0.53,386.41845703125,385.52972412109375,6,True
2820,MSFT,2021-09-28,2021-10-01,sma_exit,1.67,272.101806640625,277.4571838378906,4,True
2821,NOW,2021-09-28,2021-10-01,sma_exit,3.01,122.50399780273438,126.55999755859376,4,True
2822,CRWD,2021-09-28,2021-10-01,sma_exit,2.76,60.46500015258789,62.317501068115234,4,True
2823,ADBE,2021-09-28,2021-10-06,sma_exit,-1.76,578.77001953125,570.3099975585938,7,True
2824,PG,2021-09-28,2021-10-06,sma_exit,0.13,123.6424789428711,124.17017364501952,7,True
2825,CDNS,2021-09-28,2021-10-07,sma_exit,-0.44,152.47000122070312,152.25,8,False
2826,BX,2021-09-28,2021-10-07,sma_exit,-2.75,99.23292541503906,96.79786682128906,8,False
2827,PFE,2021-09-28,2021-10-07,sma_exit,-1.0,33.03410339355469,32.80384826660156,8,False
2828,GOOGL,2021-09-29,2021-10-01,sma_exit,1.33,133.172607421875,135.34288024902344,3,True
2829,KLAC,2021-09-29,2021-10-13,time_exit,-4.74,31.93868637084961,30.520353317260746,11,True
2830,GOOG,2021-09-29,2021-10-01,sma_exit,1.14,133.34532165527344,135.26988220214844,3,False
2831,AVGO,2021-09-30,2021-10-05,sma_exit,-0.2,44.470733642578125,44.51567459106445,4,False
2832,PWR,2021-09-30,2021-10-01,sma_exit,2.2,112.98184204101562,115.81085968017578,2,False
2833,LIN,2021-09-30,2021-10-05,sma_exit,1.22,275.0867919921875,279.2592468261719,4,False
2834,ETN,2021-09-30,2021-10-05,sma_exit,1.01,138.1678924560547,139.972412109375,4,False
2835,HCA,2021-09-30,2021-10-14,sma_exit,-0.39,233.1908416748047,232.98912048339844,11,False
2836,BLK,2021-09-30,2021-10-06,sma_exit,-0.43,746.6776733398438,745.689453125,5,False
2837,CSCO,2021-09-30,2021-10-05,sma_exit,0.86,47.32867813110352,47.87601089477539,4,False
2838,ACN,2021-09-30,2021-10-05,sma_exit,1.33,294.49810791015625,299.28485107421875,4,False
2839,APH,2021-09-30,2021-10-05,sma_exit,1.56,35.06549072265625,35.716705322265625,4,False
2840,TT,2021-09-30,2021-10-05,sma_exit,2.47,162.88638305664062,167.405517578125,4,False
2841,JCI,2021-09-30,2021-10-05,sma_exit,1.45,62.261451721191406,63.34975051879883,4,False
2842,DASH,2021-10-04,2021-10-06,sma_exit,3.53,197.67999267578125,205.25999450683597,3,True
2843,MRVL,2021-10-04,2021-10-06,sma_exit,10.4,56.53044891357422,62.577110290527344,3,True
2844,ADI,2021-10-04,2021-10-07,sma_exit,1.36,151.09742736816406,153.59947204589844,4,True
2845,TXN,2021-10-12,2021-10-14,sma_exit,1.83,163.58717346191406,167.0675811767578,3,True
2846,WFC,2021-10-13,2021-10-15,sma_exit,4.76,40.76944732666016,42.83226776123047,3,True
2847,JPM,2021-10-13,2021-10-15,sma_exit,3.18,142.9235382080078,147.9036102294922,3,True
2848,C,2021-10-13,2021-10-15,sma_exit,2.59,59.234676361083984,60.94612884521485,3,True
2849,USB,2021-10-14,2021-10-19,sma_exit,1.81,48.67495727539063,49.703880310058594,4,True
2850,MRK,2021-10-14,2021-10-19,sma_exit,1.18,67.61796569824219,68.61932373046875,4,True
2851,PANW,2021-10-25,2021-10-28,sma_exit,-0.18,82.961669921875,83.06500244140625,4,True
2852,WELL,2021-10-26,2021-10-27,sma_exit,2.03,71.35152435302734,73.01045227050781,2,True
2853,RTX,2021-10-26,2021-11-03,sma_exit,-0.85,80.08158874511719,79.64148712158203,7,True
2854,APH,2021-10-27,2021-11-02,sma_exit,2.43,36.2817497253418,37.272945404052734,5,True
2855,COF,2021-10-27,2021-11-03,sma_exit,0.62,139.64730834960938,140.92930603027344,6,True
2856,TXN,2021-10-27,2021-11-02,sma_exit,1.52,162.38943481445312,165.34568786621094,5,True
2857,DASH,2021-10-28,2021-11-02,sma_exit,1.33,196.0,199.19000244140625,4,True
2858,SYK,2021-10-29,2021-11-02,sma_exit,2.17,253.2020263671875,259.46368408203125,3,True
2859,ORCL,2021-11-01,2021-11-02,sma_exit,1.28,88.53504180908203,89.93276977539062,2,True
2860,MRSH,2021-11-01,2021-11-08,sma_exit,0.44,151.0922393798828,152.21530151367188,6,True
2861,PNC,2021-11-02,2021-11-03,sma_exit,0.94,175.962158203125,178.13967895507812,2,True
2862,GD,2021-11-04,2021-11-05,sma_exit,1.13,179.4906768798828,182.0631256103516,2,True
2863,PWR,2021-11-04,2021-11-08,sma_exit,5.46,112.44580078125,118.91779327392578,3,True
2864,EQIX,2021-11-05,2021-11-15,sma_exit,1.74,707.8018188476562,722.212890625,7,True
2865,CSX,2021-11-05,2021-11-09,sma_exit,0.07,33.0903434753418,33.21182632446289,3,True
2866,DHR,2021-11-05,2021-11-10,sma_exit,3.11,252.8660125732422,261.48016357421875,4,True
2867,TSLA,2021-11-09,2021-11-16,sma_exit,2.75,341.1666564941406,351.57666015625,6,True
2868,ICE,2021-11-10,2021-11-12,sma_exit,0.5,126.07672119140624,127.09124755859376,3,True
2869,MS,2021-11-10,2021-11-12,sma_exit,1.83,83.95516204833984,85.74126434326172,3,True
2870,NOW,2021-11-10,2021-11-12,sma_exit,2.75,134.1820068359375,138.27999877929688,3,True
2871,INTU,2021-11-10,2021-11-12,sma_exit,3.51,583.0674438476562,605.2806396484375,3,True
2872,SYK,2021-11-11,2021-11-19,sma_exit,-0.2,250.6801605224609,250.93704223632807,7,True
2873,ISRG,2021-11-11,2021-11-16,sma_exit,2.64,350.7900085449219,361.1199951171875,4,True
2874,HCA,2021-11-11,2021-11-17,sma_exit,-0.35,234.4110107421875,234.2861175537109,5,True
2875,MAR,2021-11-12,2021-11-17,sma_exit,-0.15,150.01681518554688,150.2469482421875,4,True
2876,JPM,2021-11-15,2021-11-22,sma_exit,-1.63,147.85926818847656,145.89736938476562,6,True
2877,BKNG,2021-11-15,2021-11-30,time_exit,-12.91,94.19940185546876,82.32522583007812,11,True
2878,WMT,2021-11-15,2021-11-22,sma_exit,-1.75,46.0011100769043,45.33415222167969,6,True
2879,COF,2021-11-17,2021-11-22,sma_exit,0.53,139.6769561767578,140.83518981933594,4,True
2880,KO,2021-11-17,2021-11-23,sma_exit,-0.35,48.5867805480957,48.56071090698242,5,True
2881,USB,2021-11-17,2021-11-23,sma_exit,0.96,48.05923461914063,48.6668586730957,5,True
2882,GS,2021-11-17,2021-11-22,sma_exit,0.88,346.8654479980469,350.94927978515625,4,True
2883,BLK,2021-11-17,2021-11-23,sma_exit,0.12,829.3707275390625,832.8341674804688,5,True
2884,MPC,2021-11-18,2021-11-23,sma_exit,1.53,56.58737182617188,57.6252555847168,4,True
2885,CSCO,2021-11-18,2021-11-23,sma_exit,2.81,46.94808578491211,48.40999984741211,4,True
2886,AXP,2021-11-18,2021-12-02,sma_exit,-11.33,166.23155212402344,147.8924102783203,10,True
2887,BRK-B,2021-11-18,2021-11-22,sma_exit,1.25,280.6300048828125,284.9700012207031,3,True
2888,BNY,2021-11-18,2021-11-22,sma_exit,0.46,50.729759216308594,51.11613082885742,3,True
2889,UNH,2021-11-19,2021-11-23,sma_exit,1.32,404.45751953125,411.0115661621094,3,True
2890,RTX,2021-11-19,2021-11-23,sma_exit,1.9,77.1814956665039,78.87995910644531,3,True
2891,DELL,2021-11-19,2021-11-24,sma_exit,3.84,49.98080062866211,52.05197143554688,4,True
2892,ELV,2021-11-19,2021-11-23,sma_exit,1.74,387.6147766113281,395.503173828125,3,True
2893,XOM,2021-11-19,2021-11-23,sma_exit,3.75,51.60018157958984,53.69242477416992,3,True
2894,CB,2021-11-19,2021-11-23,sma_exit,2.2,176.75820922851562,181.17124938964844,3,True
2895,WMB,2021-11-19,2021-11-23,sma_exit,2.11,22.17070770263672,22.70435333251953,3,True
2896,SLB,2021-11-19,2021-11-23,sma_exit,3.46,27.04735374450684,28.06444549560547,3,False
2897,WFC,2021-11-19,2021-11-22,sma_exit,2.81,43.3886947631836,44.73958969116211,2,False
2898,BAC,2021-11-19,2021-11-23,sma_exit,4.33,40.37402725219727,42.241546630859375,3,False
2899,ISRG,2021-11-22,2021-12-02,sma_exit,-4.23,340.7200012207031,327.32000732421875,8,True
2900,DASH,2021-11-22,2021-12-07,sma_exit,-19.16,201.4600067138672,163.4600067138672,11,True
2901,FCX,2021-11-22,2021-11-23,sma_exit,2.19,35.2972412109375,36.17639923095703,2,True
2902,CRM,2021-11-22,2021-11-29,sma_exit,-0.33,291.7918701171875,291.6935729980469,5,True
2903,NOW,2021-11-22,2021-11-29,sma_exit,2.2,131.2760009765625,134.56399536132812,5,True
2904,ACN,2021-11-23,2021-11-29,sma_exit,1.12,333.0234069824219,337.7504577636719,4,True
2905,NFLX,2021-11-23,2021-11-26,sma_exit,1.47,65.40599822998047,66.56400299072266,3,True
2906,KKR,2021-11-23,2021-12-02,sma_exit,-1.86,73.66480255126953,72.5119857788086,7,True
2907,ICE,2021-11-23,2021-11-29,sma_exit,-0.41,124.0476303100586,123.9066925048828,4,True
2908,ABT,2021-11-23,2021-11-26,sma_exit,0.82,113.38080596923828,114.65596771240234,3,True
2909,ANET,2021-11-23,2021-12-07,sma_exit,-0.46,31.627500534057617,31.57749938964844,10,True
2910,ADI,2021-11-26,2021-11-29,sma_exit,2.62,163.73643493652344,168.51971435546875,2,True
2911,PH,2021-11-26,2021-12-02,sma_exit,-1.82,291.63330078125,287.1971130371094,5,True
2912,QCOM,2021-11-26,2021-11-29,sma_exit,4.25,158.4927978515625,165.7077178955078,2,True
2913,ADP,2021-11-26,2021-11-29,sma_exit,2.43,206.690185546875,212.3430633544922,2,True
2914,HCA,2021-11-26,2021-12-02,sma_exit,0.16,221.93099975585935,222.94940185546875,5,True
2915,JCI,2021-11-26,2021-12-02,sma_exit,-1.28,70.80320739746094,70.108154296875,5,True
2916,LIN,2021-11-26,2021-12-02,sma_exit,1.11,300.5813903808594,304.8126525878906,5,True
2917,STX,2021-11-26,2021-11-29,sma_exit,5.22,85.65018463134766,90.374755859375,2,True
2918,ETN,2021-11-26,2021-12-02,sma_exit,-0.83,155.6872100830078,154.8693389892578,5,True
2919,MSFT,2021-11-26,2021-11-29,sma_exit,1.81,316.9817810058594,323.6640625,2,True
2920,GOOG,2021-11-26,2021-11-29,sma_exit,2.02,141.55792236328125,144.8370361328125,2,False
2921,GOOGL,2021-11-26,2021-11-29,sma_exit,2.05,140.93331909179688,144.25137329101562,2,False
2922,LLY,2021-11-29,2021-12-13,sma_exit,-2.77,244.3130645751953,238.2730712890625,11,True
2923,TT,2021-11-29,2021-12-02,sma_exit,-1.21,182.0194854736328,180.3573455810547,4,True
2924,UPS,2021-11-30,2021-12-03,sma_exit,0.89,157.3724365234375,159.2447052001953,4,True
2925,NFLX,2021-12-01,2021-12-07,sma_exit,0.96,61.777000427246094,62.55799865722656,5,True
2926,BAC,2021-12-01,2021-12-02,sma_exit,2.59,38.986724853515625,40.11263656616211,2,True
2927,CB,2021-12-01,2021-12-02,sma_exit,3.82,164.44851684570312,171.22775268554688,2,True
2928,UNP,2021-12-01,2021-12-02,sma_exit,2.63,208.39002990722656,214.49212646484372,2,True
2929,ELV,2021-12-02,2021-12-06,sma_exit,0.67,374.2178955078125,377.8502197265625,3,True
2930,AMZN,2021-12-03,2021-12-07,sma_exit,3.64,169.489501953125,176.1645050048828,3,True
2931,TSLA,2021-12-06,2021-12-07,sma_exit,3.94,336.336669921875,350.5833435058594,2,True
2932,DHR,2021-12-06,2021-12-08,sma_exit,3.4,265.69635009765625,275.5311889648437,3,True
2933,DELL,2021-12-13,2021-12-21,sma_exit,-0.78,50.61668395996094,50.37141036987305,7,True
2934,WMB,2021-12-14,2021-12-23,sma_exit,-0.42,21.240591049194336,21.21597671508789,8,True
2935,BX,2021-12-14,2021-12-22,sma_exit,2.7,107.23401641845705,110.44994354248048,7,True
2936,ADI,2021-12-14,2021-12-22,sma_exit,-2.56,162.77528381347656,159.09095764160156,7,True
2937,XOM,2021-12-17,2021-12-21,sma_exit,0.48,51.05586242675781,51.455596923828125,3,True
2938,REGN,2021-12-20,2021-12-22,sma_exit,2.08,597.5015258789062,611.7074584960938,3,True
2939,INTU,2021-12-20,2021-12-22,sma_exit,4.17,583.6950073242188,609.7889404296875,3,True
2940,ORCL,2021-12-22,2022-01-04,sma_exit,-1.44,84.29495239257812,83.3381118774414,9,True
2941,PANW,2022-01-03,2022-01-06,sma_exit,-2.38,90.70166778564452,88.8183364868164,4,True
2942,MCO,2022-01-03,2022-01-12,sma_exit,-3.09,368.1733703613281,357.9130554199219,8,True
2943,MRSH,2022-01-03,2022-01-11,sma_exit,-1.2,155.21316528320312,153.82095336914062,7,True
2944,NOW,2022-01-03,2022-01-11,sma_exit,-8.5,126.02799987792967,115.68800354003906,7,True
2945,CDNS,2022-01-03,2022-01-12,sma_exit,-7.39,183.16000366210935,170.17999267578125,8,True
2946,FTNT,2022-01-03,2022-01-10,sma_exit,-2.82,66.6240005493164,64.94200134277344,6,True
2947,ICE,2022-01-03,2022-01-12,sma_exit,-0.65,126.14054107666016,125.69792175292967,8,True
2948,NFLX,2022-01-03,2022-01-18,time_exit,-14.79,59.73699951171875,51.08000183105469,11,True
2949,ABT,2022-01-04,2022-01-11,sma_exit,-0.35,123.66412353515624,123.6003646850586,6,True
2950,INTU,2022-01-04,2022-01-12,sma_exit,-6.83,596.910888671875,557.9195556640625,7,True
2951,UNH,2022-01-04,2022-01-12,sma_exit,-3.8,452.71771240234375,436.8739318847656,7,True
2952,MSFT,2022-01-04,2022-01-11,sma_exit,-4.56,316.33758544921875,302.8480529785156,6,True
2953,TMO,2022-01-04,2022-01-10,sma_exit,0.84,609.9464721679688,616.8947143554688,5,True
2954,EQIX,2022-01-04,2022-01-19,time_exit,-10.63,740.0736083984375,663.6341552734375,11,True
2955,LLY,2022-01-04,2022-01-11,sma_exit,-1.98,255.79861450195312,251.49400329589844,6,True
2956,DHR,2022-01-04,2022-01-11,sma_exit,-0.93,266.1808166503906,264.5088806152344,6,True
2957,CSCO,2022-01-04,2022-01-10,sma_exit,0.63,53.93463516235352,54.43655014038086,5,True
2958,REGN,2022-01-05,2022-01-10,sma_exit,4.09,589.5565185546875,615.462158203125,4,True
2959,GOOGL,2022-01-05,2022-01-11,sma_exit,1.12,136.56405639648438,138.50782775878906,5,True
2960,GOOG,2022-01-05,2022-01-11,sma_exit,1.42,136.4504852294922,138.79379272460938,5,False
2961,COST,2022-01-05,2022-01-20,time_exit,-12.5,521.9871215820312,458.2955322265625,11,False
2962,PLD,2022-01-05,2022-01-18,sma_exit,-2.98,137.6856231689453,134.00003051757812,9,False
2963,ANET,2022-01-05,2022-01-11,sma_exit,-0.28,33.287498474121094,33.29499816894531,5,False
2964,SPGI,2022-01-05,2022-01-12,sma_exit,-2.04,414.0021667480469,406.8078308105469,6,False
2965,ISRG,2022-01-05,2022-01-20,time_exit,-14.69,341.95001220703125,292.7300109863281,11,False
2966,ACN,2022-01-05,2022-01-12,sma_exit,-5.09,366.7042541503906,349.1509094238281,6,False
2967,BX,2022-01-05,2022-01-11,sma_exit,2.68,99.68508911132812,102.65559387207033,5,False
2968,NEE,2022-01-06,2022-01-20,sma_exit,-2.93,75.3175277709961,73.33294677734375,10,True
2969,MCK,2022-01-06,2022-01-07,sma_exit,1.81,238.8876190185547,243.91709899902344,2,False
2970,GILD,2022-01-06,2022-01-10,sma_exit,0.4,60.86122512817383,61.28629684448242,3,False
2971,ELV,2022-01-06,2022-01-11,sma_exit,2.95,411.39251708984375,424.7608642578125,4,False
2972,HD,2022-01-07,2022-01-24,sma_exit,-7.87,350.76141357421875,324.20556640625,11,False
2973,ADP,2022-01-07,2022-01-24,time_exit,-8.93,215.947998046875,197.32244873046875,11,False
2974,APH,2022-01-07,2022-01-24,time_exit,-6.11,39.41797256469727,37.12834167480469,11,False
2975,AVGO,2022-01-07,2022-01-24,time_exit,-12.83,57.14266204833984,49.98357009887695,11,False
2976,MNST,2022-01-10,2022-01-13,sma_exit,1.47,46.3650016784668,47.185001373291016,4,True
2977,CME,2022-01-10,2022-01-12,sma_exit,1.22,184.76724243164065,187.5702667236328,3,True
2978,QCOM,2022-01-10,2022-01-11,sma_exit,2.88,162.65870666503906,167.83682250976562,2,True
2979,PG,2022-01-11,2022-01-14,sma_exit,0.42,140.39920043945312,141.41685485839844,4,True
2980,MCD,2022-01-12,2022-01-27,time_exit,-4.97,233.5189208984375,222.61805725097656,11,True
2981,WM,2022-01-13,2022-01-28,time_exit,-6.37,146.6752166748047,137.7787628173828,11,True
2982,ABT,2022-01-13,2022-01-28,sma_exit,-3.62,118.5063247680664,114.575927734375,11,True
2983,JNJ,2022-01-14,2022-01-25,sma_exit,-0.43,146.92276000976562,146.73890686035156,7,True
2984,UPS,2022-01-14,2022-01-24,sma_exit,-1.47,163.8538818359375,161.94200134277344,6,True
2985,LLY,2022-01-14,2022-01-28,sma_exit,0.1,234.04502868652344,234.984619140625,10,True
2986,LOW,2022-01-18,2022-01-24,sma_exit,-2.84,217.90419006347656,212.3653717041016,5,True
2987,JCI,2022-01-18,2022-01-24,sma_exit,-1.57,68.64733123779297,67.77477264404297,5,True
2988,MRSH,2022-01-18,2022-01-31,sma_exit,-3.18,147.333251953125,143.08839416503906,10,True
2989,GILD,2022-01-18,2022-01-25,sma_exit,-2.56,59.87505722045898,58.52334976196289,6,True
2990,INTU,2022-01-18,2022-01-28,sma_exit,-0.86,519.8009643554688,516.9015502929688,9,True
2991,AXP,2022-01-18,2022-01-25,sma_exit,3.88,157.15353393554688,163.71694946289062,6,True
2992,BAC,2022-01-18,2022-01-25,sma_exit,-2.09,41.33683013916016,40.59515380859375,6,True
2993,UNP,2022-01-18,2022-01-21,sma_exit,3.18,213.684814453125,221.12664794921875,4,True
2994,PFE,2022-01-18,2022-01-26,sma_exit,-2.33,41.895111083984375,41.04342269897461,7,True
2995,CSX,2022-01-18,2022-01-28,sma_exit,-2.63,33.02717590332031,32.258888244628906,9,True
2996,ACN,2022-01-18,2022-01-28,sma_exit,-1.86,322.3901062011719,317.3636474609375,9,True
2997,CSCO,2022-01-18,2022-01-31,sma_exit,-7.1,52.59618377685547,49.02107620239258,10,False
2998,ANET,2022-01-18,2022-01-28,sma_exit,-5.73,31.772499084472656,30.04750061035156,9,False
2999,STX,2022-01-19,2022-01-27,sma_exit,0.99,89.49419403076172,90.64830780029295,7,True
3000,BNY,2022-01-19,2022-01-25,sma_exit,-0.67,52.02061080932617,51.827423095703125,5,False
3001,ETN,2022-01-19,2022-01-31,sma_exit,-3.34,151.8579864501953,147.2480926513672,9,False
3002,CB,2022-01-19,2022-01-24,sma_exit,1.8,180.91278076171875,184.7030029296875,4,False
3003,KKR,2022-01-19,2022-01-27,sma_exit,-1.62,64.2501449584961,63.40475845336914,7,False
3004,PNC,2022-01-19,2022-01-26,sma_exit,-1.5,175.6082000732422,173.49440002441406,6,False
3005,MAR,2022-01-19,2022-01-25,sma_exit,1.54,147.83102416992188,150.5441436767578,5,False
3006,AAPL,2022-01-20,2022-01-28,sma_exit,3.24,160.6924591064453,166.37745666503906,7,True
3007,DELL,2022-01-20,2022-01-27,sma_exit,-3.7,52.14281845092773,50.37141036987305,6,False
3008,MU,2022-01-20,2022-01-31,sma_exit,-3.59,83.1594467163086,80.42231750488281,8,False
3009,NVDA,2022-01-20,2022-01-28,sma_exit,-5.72,24.073944091796875,22.7680721282959,7,False
3010,GD,2022-01-21,2022-01-27,sma_exit,0.79,188.1375732421875,190.1962127685547,5,True
3011,PSX,2022-01-21,2022-01-25,sma_exit,2.72,70.41004943847656,72.53652954101562,3,False
3012,RTX,2022-01-21,2022-01-25,sma_exit,3.25,78.78961944580078,81.59030151367188,3,False
3013,AMD,2022-01-21,2022-01-31,sma_exit,-4.14,118.80999755859376,114.25,7,False
3014,BRK-B,2022-01-21,2022-01-26,sma_exit,1.02,305.2200012207031,309.260009765625,4,False
3015,VLO,2022-01-21,2022-01-25,sma_exit,2.06,68.78597259521484,70.40824890136719,3,False
3016,LIN,2022-01-21,2022-01-28,sma_exit,-0.67,297.3993225097656,296.2892150878906,6,False
3017,PH,2022-01-21,2022-01-26,sma_exit,-0.17,295.2499084472656,295.6361389160156,4,False
3018,FTNT,2022-01-21,2022-01-28,sma_exit,-2.55,57.72999954223633,56.43199920654297,6,False
3019,CVS,2022-01-21,2022-01-24,sma_exit,1.62,87.00114440917969,88.67162322998047,2,False
3020,MRK,2022-01-21,2022-01-27,sma_exit,0.45,69.69734191894531,70.2201919555664,5,False
3021,TSLA,2022-01-21,2022-01-31,sma_exit,-1.06,314.6333312988281,312.239990234375,7,False
3022,QCOM,2022-01-21,2022-01-26,sma_exit,0.96,149.3059844970703,151.17987060546875,4,False
3023,FCX,2022-01-21,2022-02-01,sma_exit,-5.11,38.46467590332031,36.61603546142578,8,False
3024,HCA,2022-01-21,2022-01-24,sma_exit,2.08,229.0403594970703,234.49847412109372,2,False
3025,BMY,2022-01-21,2022-01-27,sma_exit,0.2,52.65277099609375,52.91793823242188,5,False
3026,HWM,2022-01-21,2022-02-01,sma_exit,-3.4,32.183589935302734,31.187406539916992,8,False
3027,KO,2022-01-24,2022-01-28,sma_exit,1.17,52.510372161865234,53.28104019165039,5,True
3028,T,2022-01-24,2022-01-31,sma_exit,-3.49,15.502324104309082,15.007948875427246,6,True
3029,SCHW,2022-01-24,2022-01-26,sma_exit,1.17,83.15799713134766,84.37663269042969,3,True
3030,WFC,2022-01-24,2022-01-26,sma_exit,1.24,47.38805770874024,48.11683654785156,3,False
3031,AMGN,2022-01-24,2022-01-28,sma_exit,1.05,195.12957763671875,197.77069091796875,5,False
3032,TMO,2022-01-24,2022-01-28,sma_exit,-0.95,568.2964477539062,564.5756225585938,5,False
3033,MPC,2022-01-24,2022-01-27,sma_exit,1.85,63.52766036987305,64.89046478271484,4,False
3034,MRVL,2022-01-25,2022-01-31,sma_exit,6.24,65.89592742919922,70.20246124267578,5,True
3035,ICE,2022-01-25,2022-01-28,sma_exit,0.02,116.72354888916016,117.10023498535156,4,True
3036,PEP,2022-01-26,2022-01-28,sma_exit,1.55,146.68077087402344,149.39755249023438,3,True
3037,SO,2022-01-26,2022-01-27,sma_exit,1.21,56.41660690307617,57.26681137084961,2,True
3038,CAT,2022-01-27,2022-02-08,sma_exit,-5.33,196.7112274169922,186.8186492919922,9,True
3039,MRK,2022-02-07,2022-02-15,sma_exit,-0.0,67.60589599609375,67.80632019042969,7,True
3040,KKR,2022-02-08,2022-02-23,time_exit,-12.74,63.769805908203125,55.83989715576172,11,True
3041,PGR,2022-02-10,2022-02-18,sma_exit,-0.39,96.89639282226562,96.80542755126952,7,True
3042,PFE,2022-02-10,2022-02-25,sma_exit,-5.99,39.47533798217773,37.22851943969727,11,True
3043,PG,2022-02-10,2022-02-16,sma_exit,0.23,139.8316650390625,140.57901000976562,5,True
3044,PEP,2022-02-10,2022-02-18,sma_exit,-0.69,145.6770782470703,145.10609436035156,7,True
3045,MCD,2022-02-10,2022-02-22,sma_exit,-1.92,229.8943023681641,226.16212463378903,8,True
3046,TMO,2022-02-11,2022-02-24,sma_exit,-4.91,558.9103393554688,533.1306762695312,9,True
3047,JNJ,2022-02-11,2022-02-25,sma_exit,-0.68,146.80892944335938,146.2447967529297,10,True
3048,UPS,2022-02-11,2022-02-25,sma_exit,-1.24,169.3675537109375,167.76942443847656,10,True
3049,PNC,2022-02-14,2022-02-16,sma_exit,1.67,172.28167724609375,175.66720581054688,3,True
3050,USB,2022-02-14,2022-02-16,sma_exit,0.96,47.26865768432617,47.86492156982422,3,True
3051,IBM,2022-02-14,2022-02-25,sma_exit,-4.89,110.2332534790039,105.17681884765624,9,True
3052,PLD,2022-02-18,2022-02-24,sma_exit,0.25,124.49786376953124,125.17908477783205,4,True
3053,SO,2022-02-18,2022-02-22,sma_exit,0.52,54.23325729370117,54.67549896240234,2,True
3054,CME,2022-02-18,2022-02-22,sma_exit,0.44,196.2281188964844,197.67938232421875,2,True
3055,BAC,2022-02-18,2022-02-25,sma_exit,-2.35,41.06874847412109,40.228797912597656,5,True
3056,WFC,2022-02-18,2022-03-07,time_exit,-17.95,49.66305160522461,40.89635848999024,11,True
3057,BNY,2022-02-18,2022-03-07,time_exit,-11.6,49.79922866821289,44.17274475097656,11,True
3058,DE,2022-02-18,2022-02-28,sma_exit,-2.76,347.7030334472656,339.1494140625,6,True
3059,PANW,2022-02-18,2022-02-24,sma_exit,11.68,80.36166381835938,89.98999786376953,4,True
3060,MPC,2022-02-22,2022-02-25,sma_exit,0.9,68.7606201171875,69.58795928955078,4,True
3061,PSX,2022-02-22,2022-02-25,sma_exit,0.4,71.72509002685547,72.2282943725586,4,True
3062,CVX,2022-02-22,2022-02-23,sma_exit,2.08,110.75384521484376,113.38883209228516,2,True
3063,REGN,2022-02-22,2022-02-25,sma_exit,2.32,597.2538452148438,612.87646484375,4,True
3064,VLO,2022-02-22,2022-03-02,sma_exit,-2.89,75.32109832763672,73.3731460571289,7,True
3065,DELL,2022-02-23,2022-03-02,sma_exit,-5.9,51.5796012878418,48.69085693359375,6,True
3066,MA,2022-02-23,2022-02-24,sma_exit,1.96,351.6061706542969,359.5390014648437,2,True
3067,AAPL,2022-02-23,2022-02-25,sma_exit,2.69,156.55474853515625,161.22975158691406,3,True
3068,AXP,2022-02-23,2022-02-25,sma_exit,2.22,178.6974639892578,183.19921875,3,True
3069,UNH,2022-02-23,2022-02-25,sma_exit,3.21,423.8706665039063,438.74603271484375,3,False
3070,MU,2022-02-23,2022-02-25,sma_exit,2.9,85.34912872314453,88.07647705078125,3,False
3071,SCHW,2022-02-23,2022-02-25,sma_exit,3.58,77.54762268066406,80.55370330810547,3,False
3072,COST,2022-02-23,2022-02-25,sma_exit,4.19,470.816162109375,491.9490051269531,3,False
3073,BRK-B,2022-02-24,2022-02-25,sma_exit,3.26,308.2799987792969,319.239990234375,2,True
3074,PM,2022-02-24,2022-03-10,time_exit,-10.9,83.49784851074219,74.64361572265625,11,True
3075,PG,2022-02-24,2022-02-25,sma_exit,3.97,135.01846313476562,140.78366088867188,2,True
3076,MCK,2022-02-24,2022-02-25,sma_exit,2.99,260.3630676269531,268.9377746582031,2,True
3077,STX,2022-02-24,2022-03-02,sma_exit,2.16,90.19365692138672,92.41439819335938,5,True
3078,KO,2022-03-08,2022-03-14,sma_exit,0.26,51.37189483642578,51.65924453735352,5,True
3079,AAPL,2022-03-08,2022-03-09,sma_exit,3.2,153.98245239257812,159.3714599609375,2,True
3080,PANW,2022-03-08,2022-03-09,sma_exit,5.37,87.5250015258789,92.48500061035156,2,True
3081,RTX,2022-03-08,2022-03-09,sma_exit,3.57,86.16838073730469,89.50245666503906,2,True
3082,PG,2022-03-08,2022-03-15,sma_exit,2.07,130.5967254638672,133.69284057617188,6,True
3083,SLB,2022-03-16,2022-03-18,sma_exit,4.58,34.34592819213867,36.02333068847656,3,True
3084,WMT,2022-03-23,2022-03-25,sma_exit,0.76,44.799583435058594,45.27297592163086,3,True
3085,ICE,2022-03-29,2022-04-12,time_exit,-6.2,125.28179931640624,117.89617919921876,11,True
3086,RTX,2022-03-31,2022-04-07,sma_exit,1.63,90.00214385986328,91.73731231689452,6,True
3087,SCHW,2022-03-31,2022-04-08,sma_exit,-3.41,79.2009506225586,76.73973083496094,7,True
3088,CVS,2022-03-31,2022-04-06,sma_exit,0.54,86.70133972167969,87.42948150634766,5,True
3089,CSX,2022-04-01,2022-04-13,sma_exit,-2.05,33.370094299316406,32.787452697753906,9,True
3090,HCA,2022-04-04,2022-04-06,sma_exit,1.69,236.9106903076172,241.6279144287109,3,True
3091,UPS,2022-04-04,2022-04-19,sma_exit,-7.38,163.981689453125,152.37889099121094,11,True
3092,PFE,2022-04-04,2022-04-06,sma_exit,3.49,39.74057769775391,41.24626541137695,3,True
3093,PWR,2022-04-05,2022-04-07,sma_exit,1.44,129.22085571289062,131.465576171875,3,True
3094,BRK-B,2022-04-05,2022-04-08,sma_exit,2.11,344.79998779296875,353.1000061035156,4,True
3095,UNP,2022-04-05,2022-04-12,sma_exit,-3.1,227.42376708984372,221.0641021728516,6,True
3096,HWM,2022-04-06,2022-04-12,sma_exit,1.22,33.71333312988281,34.22653579711914,5,True
3097,MAR,2022-04-06,2022-04-13,sma_exit,5.34,159.30662536621094,168.2895965576172,6,True
3098,AXP,2022-04-07,2022-04-14,sma_exit,-0.97,172.98304748535156,171.81649780273438,6,True
3099,AVGO,2022-04-08,2022-04-13,sma_exit,0.64,54.54182052612305,55.05657196044922,4,True
3100,AAPL,2022-04-11,2022-04-13,sma_exit,2.51,162.11000061035156,166.6578369140625,3,True
3101,NEE,2022-04-13,2022-04-28,time_exit,-12.34,73.77442169189453,64.8914566040039,11,True
3102,PGR,2022-04-14,2022-04-20,sma_exit,0.53,102.08029174804688,102.9271011352539,4,True
3103,PLD,2022-04-14,2022-04-19,sma_exit,3.92,142.8260955810547,148.84815979003906,3,True
3104,LLY,2022-04-18,2022-04-27,sma_exit,-4.89,287.6835327148437,274.46514892578125,8,True
3105,WM,2022-04-18,2022-04-20,sma_exit,1.33,147.81605529785156,150.22964477539062,3,True
3106,PFE,2022-04-18,2022-04-26,sma_exit,-5.72,40.442718505859375,38.25050735473633,7,True
3107,LMT,2022-04-20,2022-04-26,sma_exit,-2.01,403.0889587402344,396.179443359375,5,True
3108,FCX,2022-04-21,2022-04-28,sma_exit,-7.22,42.31293487548828,39.3853759765625,6,True
3109,NEM,2022-04-21,2022-04-28,sma_exit,-5.21,68.4403305053711,65.08316040039062,6,True
3110,PANW,2022-04-22,2022-04-28,sma_exit,2.7,95.26333618164062,98.1233367919922,5,True
3111,DE,2022-04-22,2022-05-03,sma_exit,-3.8,381.1440124511719,367.7992248535156,8,True
3112,PWR,2022-04-22,2022-05-03,sma_exit,-1.57,119.7887954711914,118.26832580566406,8,True
3113,REGN,2022-04-22,2022-05-06,time_exit,-9.75,681.6475219726562,617.2254028320312,11,True
3114,BRK-B,2022-04-22,2022-05-04,sma_exit,-2.91,335.5599975585937,326.79998779296875,9,True
3115,CVX,2022-04-22,2022-04-28,sma_exit,0.22,134.6361846923828,135.33883666992188,5,True
3116,RTX,2022-04-25,2022-05-04,sma_exit,-2.16,90.49269104003906,88.81204986572266,8,True
3117,COP,2022-04-25,2022-04-28,sma_exit,6.13,78.06302642822266,83.07930755615234,4,True
3118,XOM,2022-04-25,2022-04-27,sma_exit,2.59,70.73821258544922,72.78484344482422,3,True
3119,MPC,2022-04-25,2022-04-27,sma_exit,3.25,76.60678100585938,79.32518768310547,3,True
3120,WMB,2022-04-25,2022-04-28,sma_exit,2.44,28.19154357910156,28.96493911743164,4,True
3121,CME,2022-04-25,2022-04-27,sma_exit,1.67,184.5675506591797,188.20794677734372,3,True
3122,SO,2022-04-26,2022-04-28,sma_exit,2.2,62.71226501464844,64.27709197998047,3,True
3123,AVGO,2022-04-26,2022-04-28,sma_exit,3.07,52.0395736694336,53.79290390014648,3,True
3124,COST,2022-04-26,2022-04-28,sma_exit,1.35,526.4288330078125,535.1314086914062,3,True
3125,DUK,2022-04-27,2022-04-28,sma_exit,0.33,95.12525177001952,95.72248077392578,2,True
3126,AMGN,2022-04-28,2022-05-04,sma_exit,-1.15,207.2921600341797,205.5250701904297,5,True
3127,LMT,2022-04-29,2022-05-04,sma_exit,2.85,383.7724609375,395.86859130859375,4,True
3128,CVS,2022-04-29,2022-05-04,sma_exit,4.32,82.77648162841797,86.59971618652344,4,True
3129,ABBV,2022-04-29,2022-05-04,sma_exit,2.91,126.08283233642578,130.12591552734375,4,True
3130,DUK,2022-05-03,2022-05-04,sma_exit,1.68,91.14662170410156,92.95509338378906,2,True
3131,WELL,2022-05-06,2022-05-12,sma_exit,-1.83,79.58773040771484,78.37273406982422,5,True
3132,VRTX,2022-05-09,2022-05-13,sma_exit,4.68,235.0200042724609,246.72000122070312,5,True
3133,MO,2022-05-10,2022-05-13,sma_exit,2.55,36.99259567260742,38.04706954956055,4,True
3134,RTX,2022-05-11,2022-05-13,sma_exit,0.71,82.67076873779297,83.5065689086914,3,True
3135,ELV,2022-05-12,2022-05-16,sma_exit,1.57,454.861572265625,463.3763732910156,3,True
3136,NEM,2022-05-12,2022-05-19,sma_exit,0.86,58.0401725769043,58.71516799926758,6,True
3137,BRK-B,2022-05-12,2022-05-17,sma_exit,1.82,308.0599975585937,314.6000061035156,4,True
3138,GD,2022-05-12,2022-05-16,sma_exit,1.63,204.6483917236328,208.59500122070312,3,True
3139,KO,2022-05-18,2022-05-23,sma_exit,2.41,54.0065803527832,55.47146987915039,4,True
3140,ABBV,2022-05-23,2022-05-25,sma_exit,2.35,127.06999206542967,130.4435272216797,3,True
3141,MCK,2022-06-02,2022-06-07,sma_exit,0.66,312.0969543457031,315.1044921875,4,True
3142,T,2022-06-03,2022-06-07,sma_exit,0.85,16.520841598510742,16.710552215576172,3,True
3143,MRK,2022-06-06,2022-06-07,sma_exit,0.41,78.98606872558594,79.54875183105469,2,True
3144,MO,2022-06-08,2022-06-21,sma_exit,-6.16,35.50056076049805,33.4196662902832,9,True
3145,SO,2022-06-09,2022-06-21,sma_exit,-8.17,62.56367492675781,57.63684844970703,8,True
3146,PM,2022-06-09,2022-06-21,sma_exit,-1.86,83.7217788696289,82.41272735595703,8,True
3147,AMGN,2022-06-10,2022-06-17,sma_exit,-2.5,210.60731506347656,205.96539306640625,6,True
3148,MRK,2022-06-10,2022-06-17,sma_exit,-2.44,76.64743041992188,75.00559997558594,6,True
3149,WMB,2022-06-10,2022-06-27,sma_exit,-12.62,29.347532272338867,25.730609893798828,11,True
3150,PFE,2022-06-10,2022-06-21,sma_exit,-4.02,39.30176162719727,37.83885192871094,7,True
3151,IBM,2022-06-10,2022-06-15,sma_exit,0.34,116.74817657470705,117.49398803710938,4,True
3152,PGR,2022-06-10,2022-06-21,sma_exit,-1.52,103.40056610107422,102.14402770996094,7,True
3153,TMUS,2022-06-13,2022-06-17,sma_exit,2.08,118.489501953125,121.31340026855467,5,True
3154,CVX,2022-06-13,2022-06-27,sma_exit,-12.11,141.12460327148438,124.45923614501952,10,True
3155,KO,2022-06-13,2022-06-21,sma_exit,-0.63,54.130126953125,53.95236587524414,6,True
3156,VRTX,2022-06-13,2022-06-15,sma_exit,3.01,245.38999938964844,253.50999450683597,3,True
3157,RTX,2022-06-13,2022-06-21,sma_exit,0.75,84.03288269042969,84.91934204101562,6,True
3158,CAT,2022-06-13,2022-06-27,sma_exit,-9.62,192.7264862060547,174.75619506835938,10,True
3159,VLO,2022-06-13,2022-06-27,sma_exit,-15.02,116.4256362915039,99.2904052734375,10,True
3160,BMY,2022-06-13,2022-06-17,sma_exit,-0.04,61.4223861694336,61.58098983764648,5,True
3161,MPC,2022-06-13,2022-06-27,sma_exit,-14.23,93.45189666748048,80.43612670898438,10,True
3162,CB,2022-06-13,2022-06-24,sma_exit,-1.45,187.0244903564453,184.8794860839844,9,True
3163,ELV,2022-06-13,2022-06-21,sma_exit,-0.76,435.67474365234375,433.66998291015625,6,False
3164,JNJ,2022-06-13,2022-06-21,sma_exit,0.99,151.4493865966797,153.40000915527344,6,False
3165,DUK,2022-06-13,2022-06-22,sma_exit,-3.46,87.78651428222656,85.01110076904297,7,False
3166,T,2022-06-13,2022-06-21,sma_exit,0.71,15.619702339172363,15.777796745300291,6,False
3167,UNH,2022-06-13,2022-06-21,sma_exit,2.33,434.4484252929688,445.8557739257813,6,False
3168,GD,2022-06-13,2022-06-21,sma_exit,-0.75,199.1908264160156,198.29347229003903,6,False
3169,ABBV,2022-06-13,2022-06-21,sma_exit,2.6,119.67911529541016,123.15564727783205,6,False
3170,SLB,2022-06-14,2022-06-28,sma_exit,-14.76,39.33049774169922,33.6429443359375,10,False
3171,LMT,2022-06-14,2022-06-21,sma_exit,0.37,371.9183349609375,374.41162109375,5,False
3172,COP,2022-06-15,2022-06-27,sma_exit,-15.29,93.52991485595705,79.51342010498047,8,True
3173,XOM,2022-06-16,2022-06-27,sma_exit,-2.88,79.39441680908203,77.34419250488281,7,True
3174,PSX,2022-06-17,2022-06-28,sma_exit,-2.13,77.98542022705078,76.55513000488281,7,True
3175,BMY,2022-07-05,2022-07-15,sma_exit,-0.71,63.849586486816406,63.58901596069336,9,True
3176,JNJ,2022-07-12,2022-07-15,sma_exit,1.05,155.9181365966797,158.0283203125,4,True
3177,LMT,2022-07-13,2022-07-20,sma_exit,-3.43,364.6170349121094,353.1958923339844,6,True
3178,T,2022-07-13,2022-07-15,sma_exit,0.29,16.38043785095215,16.4765567779541,3,True
3179,VRTX,2022-07-14,2022-07-15,sma_exit,2.04,286.1499938964844,292.8399963378906,2,True
3180,PGR,2022-07-14,2022-07-25,sma_exit,-0.02,102.36800384521484,102.6505126953125,8,True
3181,KO,2022-07-14,2022-07-19,sma_exit,0.26,55.2678337097168,55.57892990112305,4,True
3182,ELV,2022-07-14,2022-07-15,sma_exit,4.53,438.9689636230469,460.1744079589844,2,True
3183,IBM,2022-07-20,2022-07-27,sma_exit,-0.35,110.7388687133789,110.6874542236328,6,True
3184,MRK,2022-07-20,2022-07-26,sma_exit,1.53,79.46410369873047,80.91777038574219,5,True
3185,T,2022-07-21,2022-07-28,sma_exit,-2.1,15.154908180236816,14.882569313049316,6,True
3186,ABBV,2022-07-29,2022-08-08,sma_exit,-2.51,124.34228515625,121.59566497802734,7,True
3187,MRK,2022-08-01,2022-08-08,sma_exit,-0.35,78.47132873535156,78.43586730957031,6,True
3188,VRTX,2022-08-01,2022-08-05,sma_exit,4.89,273.8299865722656,288.0299987792969,5,True
3189,LLY,2022-08-02,2022-08-10,sma_exit,-5.17,309.3055725097656,294.2459411621094,7,True
3190,AMGN,2022-08-02,2022-08-03,sma_exit,1.02,214.02957153320312,216.86387634277344,2,True
3191,MCK,2022-08-03,2022-08-04,sma_exit,2.97,320.4435729980469,330.9356689453125,2,True
3192,BMY,2022-08-04,2022-08-08,sma_exit,2.03,60.62181854248047,62.033966064453125,3,True
3193,WMB,2022-08-04,2022-08-08,sma_exit,1.39,26.840919494628903,27.295137405395508,3,True
3194,MNST,2022-08-05,2022-08-12,sma_exit,-1.79,45.68999862670898,45.0099983215332,6,True
3195,ADI,2022-08-19,2022-08-25,sma_exit,-0.85,156.61248779296875,155.7455291748047,5,True
3196,HWM,2022-08-19,2022-08-25,sma_exit,0.18,37.14862060546875,37.326454162597656,5,True
3197,GS,2022-08-22,2022-08-25,sma_exit,0.89,308.6191101074219,312.287353515625,4,True
3198,NEE,2022-08-22,2022-08-25,sma_exit,0.66,78.62586975097656,79.38069152832031,4,True
3199,PM,2022-08-22,2022-09-01,sma_exit,-2.14,81.93794250488281,80.4290542602539,9,True
3200,CDNS,2022-08-22,2022-08-25,sma_exit,-0.35,184.8999938964844,184.8000030517578,4,True
3201,DHR,2022-08-22,2022-08-25,sma_exit,1.44,248.2149353027344,252.5459747314453,4,True
3202,MRSH,2022-08-22,2022-08-25,sma_exit,0.92,157.8402557373047,159.7720947265625,4,True
3203,TT,2022-08-23,2022-08-25,sma_exit,1.83,150.79690551757812,154.01608276367188,3,True
3204,AAPL,2022-08-23,2022-08-25,sma_exit,1.37,164.0253143310547,166.77169799804688,3,True
3205,MCD,2022-08-23,2022-09-01,sma_exit,-1.32,235.77554321289065,233.36280822753903,8,True
3206,BMY,2022-08-25,2022-09-01,sma_exit,-3.67,60.10065460205078,58.07488632202149,6,True
3207,DUK,2022-08-26,2022-09-01,sma_exit,-0.8,93.13536071777344,92.67279815673828,5,True
3208,MRK,2022-08-29,2022-09-06,sma_exit,-1.64,77.63814544677734,76.60107421875,6,True
3209,PEP,2022-08-29,2022-09-01,sma_exit,-0.57,153.02218627929688,152.60269165039062,4,True
3210,KO,2022-08-30,2022-09-07,sma_exit,-0.04,55.24117660522461,55.38338470458984,6,True
3211,ADP,2022-08-30,2022-09-08,sma_exit,-1.36,224.21774291992188,221.83987426757807,7,True
3212,PGR,2022-08-31,2022-09-07,sma_exit,3.41,111.77275848388672,115.91926574707033,5,True
3213,NEE,2022-08-31,2022-09-06,sma_exit,2.42,75.90186309814453,77.9631576538086,4,True
3214,LLY,2022-08-31,2022-09-01,sma_exit,2.32,291.930908203125,299.5870361328125,2,True
3215,ANET,2022-08-31,2022-09-07,sma_exit,0.03,29.96999931335449,30.0674991607666,5,True
3216,WM,2022-08-31,2022-09-07,sma_exit,2.48,158.77613830566406,163.19100952148438,5,True
3217,CDNS,2022-08-31,2022-09-07,sma_exit,-1.96,173.77000427246094,170.88999938964844,5,True
3218,WMB,2022-09-01,2022-09-09,sma_exit,-1.45,28.245624542236328,27.92075538635254,6,True
3219,PSX,2022-09-01,2022-09-09,sma_exit,1.67,75.20013427734375,76.68096923828125,6,True
3220,GD,2022-09-01,2022-09-07,sma_exit,0.75,207.56251525878903,209.74526977539065,4,True
3221,VLO,2022-09-01,2022-09-09,sma_exit,2.12,98.73133087158205,101.12288665771484,6,True
3222,HWM,2022-09-01,2022-09-07,sma_exit,0.58,34.629234313964844,34.93551254272461,4,True
3223,MPC,2022-09-01,2022-09-08,sma_exit,1.45,89.04268646240234,90.5978775024414,5,True
3224,PANW,2022-09-02,2022-09-08,sma_exit,1.19,89.86666870117188,91.20833587646484,4,True
3225,DE,2022-09-02,2022-09-07,sma_exit,0.73,343.3467712402344,346.8728942871094,3,True
3226,TMUS,2022-09-13,2022-09-19,sma_exit,1.86,130.96408081054688,133.7879638671875,5,True
3227,MCK,2022-09-13,2022-09-19,sma_exit,0.0,341.31689453125,342.3569030761719,5,True
3228,ADP,2022-09-15,2022-09-19,sma_exit,1.87,211.5428466796875,216.1366271972656,3,True
3229,VLO,2022-09-15,2022-09-20,sma_exit,1.85,93.84117126464844,95.85791015625,4,True
3230,NEE,2022-09-16,2022-09-28,sma_exit,-3.15,75.66093444824219,73.5014877319336,9,True
3231,TT,2022-09-16,2022-09-19,sma_exit,1.9,149.37356567382812,152.6643829345703,2,True
3232,LLY,2022-09-20,2022-09-22,sma_exit,2.73,292.4154052734375,301.2733154296875,3,True
3233,XOM,2022-09-21,2022-09-28,sma_exit,-2.6,79.77986145019531,77.94656372070312,6,True
3234,COP,2022-09-22,2022-09-28,sma_exit,-5.37,95.3117218017578,90.48041534423828,5,True
3235,TMUS,2022-09-22,2022-09-28,sma_exit,0.05,128.40640258789062,128.85330200195312,5,True
3236,WM,2022-09-23,2022-10-03,sma_exit,-0.69,156.27041625976562,155.6575469970703,7,True
3237,PWR,2022-09-23,2022-09-28,sma_exit,0.82,128.03240966796875,129.46424865722656,4,True
3238,SO,2022-09-23,2022-10-04,sma_exit,-6.03,64.93296813964844,61.20964813232422,8,True
3239,ADP,2022-09-27,2022-09-28,sma_exit,1.6,208.7095489501953,212.6798248291016,2,True
3240,PGR,2022-09-30,2022-10-03,sma_exit,3.39,105.9039077758789,109.81344604492188,2,True
3241,TMUS,2022-10-12,2022-10-17,sma_exit,0.38,126.40022277832033,127.25592041015624,4,True
3242,NFLX,2022-11-02,2022-11-10,sma_exit,0.42,27.299999237060547,27.496999740600582,7,True
3243,MCK,2022-11-10,2022-11-16,sma_exit,-2.22,363.3231506347656,356.3376770019531,5,True
3244,BMY,2022-11-11,2022-11-17,sma_exit,1.28,64.33583068847656,65.35220336914062,5,True
3245,ELV,2022-11-11,2022-11-18,sma_exit,0.51,463.6945190429688,467.4316101074219,6,True
3246,SCHW,2022-11-14,2022-11-15,sma_exit,2.09,72.4850082397461,74.21964263916016,2,True
3247,PH,2022-11-28,2022-12-02,sma_exit,0.48,282.8125305175781,285.0265808105469,5,True
3248,VRT,2022-11-28,2022-11-30,sma_exit,5.51,13.042684555053713,13.799938201904297,3,True
3249,VLO,2022-12-02,2022-12-12,sma_exit,-5.34,114.18817138671876,108.42800903320312,7,True
3250,COP,2022-12-05,2022-12-13,sma_exit,-5.29,105.26139068603516,100.00582885742188,7,True
3251,XOM,2022-12-05,2022-12-12,sma_exit,-1.01,94.48160552978516,93.80960083007812,6,True
3252,PSX,2022-12-05,2022-12-12,sma_exit,-2.3,91.52174377441406,89.69393157958984,6,True
3253,MPC,2022-12-05,2022-12-12,sma_exit,-1.4,104.12922668457033,102.98098754882812,6,True
3254,ETN,2022-12-06,2022-12-12,sma_exit,1.61,149.90255737304688,152.771240234375,5,True
3255,CVX,2022-12-06,2022-12-13,sma_exit,0.58,147.52220153808594,148.82583618164062,6,True
3256,CAT,2022-12-06,2022-12-12,sma_exit,1.79,215.5859375,220.09048461914065,5,True
3257,GS,2022-12-06,2022-12-12,sma_exit,-0.23,331.7171936035156,331.9640808105469,5,True
3258,WMT,2022-12-06,2022-12-12,sma_exit,-1.18,47.684173583984375,47.26679992675781,5,True
3259,MS,2022-12-06,2022-12-09,sma_exit,1.94,77.78916931152344,79.53144836425781,4,True
3260,BRK-B,2022-12-07,2022-12-12,sma_exit,1.54,305.82000732421875,311.45001220703125,4,True
3261,ANET,2022-12-07,2022-12-12,sma_exit,3.01,31.690000534057617,32.7400016784668,4,True
3262,TMUS,2022-12-08,2022-12-14,sma_exit,-1.31,136.7354278564453,135.35682678222656,5,True
3263,TJX,2022-12-09,2022-12-13,sma_exit,1.11,74.1949234008789,75.240478515625,3,True
3264,GE,2022-12-09,2022-12-20,sma_exit,-1.58,49.79273223876953,49.15549087524414,8,True
3265,BMY,2022-12-09,2022-12-22,sma_exit,-6.64,66.76665496826172,62.53178405761719,10,True
3266,SLB,2022-12-09,2022-12-13,sma_exit,8.39,43.0871696472168,46.82987976074219,3,True
3267,AMGN,2022-12-13,2022-12-21,sma_exit,-2.5,242.40969848632807,237.06756591796875,7,True
3268,WM,2022-12-15,2022-12-23,sma_exit,-2.85,154.6350860595703,150.6975555419922,7,True
3269,PEP,2022-12-15,2022-12-21,sma_exit,0.95,160.12850952148438,162.12734985351562,5,True
3270,CB,2022-12-15,2022-12-20,sma_exit,0.61,203.8672332763672,205.71646118164065,4,True
3271,IBM,2022-12-16,2022-12-21,sma_exit,1.11,123.11585998535156,124.85505676269533,4,True
3272,SBUX,2022-12-16,2022-12-23,sma_exit,-0.87,90.25920104980467,89.74776458740234,6,True
3273,ABBV,2022-12-16,2022-12-21,sma_exit,0.78,140.46055603027344,141.97476196289062,4,True
3274,MRSH,2022-12-16,2022-12-21,sma_exit,1.15,155.49050903320312,157.74954223632812,4,True
3275,WMT,2022-12-16,2022-12-21,sma_exit,1.4,45.58394241333008,46.359901428222656,4,True
3276,PM,2022-12-16,2022-12-21,sma_exit,1.22,84.79112243652344,86.0772476196289,4,True
3277,ADP,2022-12-19,2022-12-21,sma_exit,0.51,225.7894592285156,227.6137542724609,3,True
3278,VRT,2022-12-19,2022-12-21,sma_exit,3.33,12.63416862487793,13.092504501342772,3,True
3279,VRTX,2022-12-19,2022-12-30,sma_exit,-1.26,291.5899963378906,288.7799987792969,9,True
3280,MA,2022-12-19,2022-12-21,sma_exit,1.0,333.6764831542969,338.008056640625,3,True
3281,MCD,2022-12-19,2022-12-21,sma_exit,0.58,243.24172973632807,245.3737335205078,3,True
3282,TT,2022-12-19,2022-12-21,sma_exit,0.97,162.57177734375,164.642333984375,3,True
3283,TXN,2022-12-19,2022-12-21,sma_exit,0.37,150.5081787109375,151.51393127441406,3,True
3284,PH,2022-12-19,2022-12-21,sma_exit,3.07,270.9563903808594,280.1000671386719,3,False
3285,ANET,2022-12-20,2022-12-29,sma_exit,-0.21,30.4424991607666,30.46999931335449,7,True
3286,GILD,2022-12-20,2022-12-29,sma_exit,0.28,75.35446166992188,75.79005432128906,7,True
3287,UNH,2022-12-20,2022-12-21,sma_exit,1.11,485.8919982910156,492.7384033203125,2,False
3288,HD,2022-12-20,2022-12-23,sma_exit,0.94,287.6250305175781,291.1788024902344,4,False
3289,MS,2022-12-20,2022-12-21,sma_exit,1.71,75.70021057128906,77.22026062011719,2,False
3290,AMGN,2022-12-28,2023-01-04,sma_exit,0.84,232.7582092285156,235.4025421142578,5,True
3291,NFLX,2022-12-28,2022-12-29,sma_exit,4.84,27.6879997253418,29.11199951171875,2,True
3292,DE,2023-01-03,2023-01-06,sma_exit,0.21,404.6295166015625,406.7085266113281,4,True
3293,ELV,2023-01-03,2023-01-11,sma_exit,-4.61,475.08197021484375,454.5915832519531,7,True
3294,PEP,2023-01-04,2023-01-06,sma_exit,0.89,158.99139404296875,160.88363647460938,3,True
3295,MCK,2023-01-04,2023-01-06,sma_exit,2.92,367.4631652832031,379.2923278808594,3,True
3296,KO,2023-01-05,2023-01-06,sma_exit,1.63,56.08364486694336,57.16564178466797,2,True
3297,LLY,2023-01-05,2023-01-11,sma_exit,0.12,348.810302734375,350.2583312988281,5,True
3298,PWR,2023-01-05,2023-01-09,sma_exit,1.96,134.95339965820312,138.00938415527344,3,True
3299,LIN,2023-01-05,2023-01-09,sma_exit,5.08,291.829833984375,307.5251770019531,3,True
3300,PFE,2023-01-05,2023-01-06,sma_exit,2.24,39.69835662841797,40.705604553222656,2,True
3301,MO,2023-01-05,2023-01-06,sma_exit,2.08,34.62114715576172,35.44527816772461,2,True
3302,LMT,2023-01-09,2023-01-24,sma_exit,-2.43,415.4795837402344,406.6447448730469,11,True
3303,ABBV,2023-01-12,2023-01-27,time_exit,-4.2,134.49745178222656,129.2490234375,11,True
3304,JNJ,2023-01-13,2023-01-25,sma_exit,-2.56,155.80479431152344,152.2831573486328,8,True
3305,CSCO,2023-01-18,2023-01-23,sma_exit,0.98,42.68363952636719,43.22969818115234,4,True
3306,TJX,2023-01-18,2023-01-24,sma_exit,1.57,75.8582763671875,77.27449798583984,5,True
3307,PM,2023-01-18,2023-01-19,sma_exit,1.64,84.998291015625,86.65098571777344,2,True
3308,IBM,2023-01-18,2023-01-23,sma_exit,0.73,123.33545684814452,124.609130859375,4,True
3309,RTX,2023-01-18,2023-01-23,sma_exit,0.23,88.52214050292969,88.99369049072266,4,True
3310,BRK-B,2023-01-18,2023-01-23,sma_exit,0.39,308.29998779296875,310.4200134277344,4,True
3311,PGR,2023-01-19,2023-01-24,sma_exit,2.3,114.93421936035156,117.91895294189452,4,True
3312,HWM,2023-01-19,2023-01-23,sma_exit,2.3,38.01167297363281,39.00079727172852,3,True
3313,ETN,2023-01-19,2023-01-23,sma_exit,4.35,144.250732421875,150.95697021484375,3,True
3314,HD,2023-01-19,2023-01-24,sma_exit,1.89,284.0074157714844,290.2287292480469,4,True
3315,AVGO,2023-01-19,2023-01-23,sma_exit,2.97,53.65253448486328,55.40627670288086,3,True
3316,GD,2023-01-19,2023-01-24,sma_exit,1.38,215.5924072265625,219.2236175537109,4,True
3317,SCHW,2023-01-19,2023-01-24,sma_exit,3.54,72.34281158447266,75.12012481689453,4,True
3318,WMT,2023-01-19,2023-01-23,sma_exit,2.44,44.33218383789063,45.5488166809082,3,True
3319,PH,2023-01-19,2023-01-23,sma_exit,4.37,285.4386901855469,298.76123046875,3,True
3320,TXN,2023-01-19,2023-01-23,sma_exit,3.94,153.4894561767578,159.99072265625,3,True
3321,VRT,2023-01-19,2023-01-23,sma_exit,11.11,13.88961124420166,15.473862648010254,3,True
3322,ADI,2023-01-19,2023-01-23,sma_exit,3.7,153.48472595214844,159.62863159179688,3,True
3323,KLAC,2023-01-19,2023-01-20,sma_exit,2.62,38.89980697631836,40.036529541015625,2,False
3324,DE,2023-01-19,2023-01-24,sma_exit,1.68,389.6665344238281,397.3625793457031,4,False
3325,TT,2023-01-19,2023-01-24,sma_exit,4.32,160.8767852783203,168.30189514160156,4,False
3326,BLK,2023-01-19,2023-01-23,sma_exit,2.19,671.4107055664062,688.1068725585938,3,False
3327,AMGN,2023-01-19,2023-02-02,time_exit,-6.22,233.3013458251953,219.500732421875,11,False
3328,GILD,2023-01-20,2023-01-24,sma_exit,0.92,73.78994750976562,74.6877670288086,3,False
3329,LLY,2023-01-20,2023-01-25,sma_exit,0.76,336.3222045898437,339.8791809082031,4,False
3330,TMUS,2023-01-23,2023-01-24,sma_exit,0.7,137.2679443359375,138.63710021972656,2,True
3331,SLB,2023-01-24,2023-01-26,sma_exit,3.31,50.88449478149414,52.71916580200195,3,True
3332,MRK,2023-01-26,2023-01-31,sma_exit,0.21,96.12391662597656,96.60962677001952,4,True
3333,IBM,2023-01-26,2023-02-01,sma_exit,0.18,118.10025024414062,118.6623992919922,5,True
3334,PSX,2023-02-01,2023-02-07,sma_exit,4.08,86.108642578125,89.87847900390625,5,True
3335,MCD,2023-02-02,2023-02-06,sma_exit,1.49,240.84434509277344,245.15419006347656,3,True
3336,MCK,2023-02-02,2023-02-08,sma_exit,-0.25,360.0649108886719,360.2613830566406,5,True
3337,CAT,2023-02-02,2023-02-06,sma_exit,2.36,232.37454223632807,238.5610809326172,3,True
3338,SLB,2023-02-02,2023-02-07,sma_exit,3.25,47.967376708984375,49.66899871826172,4,True
3339,MPC,2023-02-02,2023-02-07,sma_exit,1.64,111.0279769897461,113.18555450439452,4,True
3340,VLO,2023-02-02,2023-02-07,sma_exit,0.8,119.56198120117188,120.88294219970705,4,True
3341,CB,2023-02-02,2023-02-07,sma_exit,2.07,201.37603759765625,206.1476287841797,4,True
3342,COP,2023-02-03,2023-02-07,sma_exit,3.32,95.92699432373048,99.39637756347656,3,True
3343,VRTX,2023-02-03,2023-02-07,sma_exit,2.2,301.0199890136719,308.5400085449219,3,True
3344,T,2023-02-07,2023-02-13,sma_exit,-0.25,15.919708251953123,15.927979469299316,5,True
3345,BLK,2023-02-08,2023-02-13,sma_exit,0.67,671.4015502929688,677.8865966796875,4,True
3346,HOOD,2023-02-09,2023-02-15,sma_exit,5.16,10.079999923706056,10.630000114440918,5,True
3347,PNC,2023-02-09,2023-02-13,sma_exit,1.02,138.75941467285156,140.593505859375,3,True
3348,APH,2023-02-10,2023-02-13,sma_exit,1.27,38.7678337097168,39.3746452331543,2,True
3349,ABNB,2023-02-10,2023-02-13,sma_exit,6.63,108.87000274658205,116.41999816894533,2,True
3350,LIN,2023-02-16,2023-02-22,sma_exit,1.72,309.0344543457031,315.2724304199219,4,True
3351,TMO,2023-02-16,2023-03-02,sma_exit,-1.88,551.5299682617188,542.7957763671875,10,True
3352,BAC,2023-02-16,2023-02-28,sma_exit,-3.08,32.259403228759766,31.363304138183597,8,True
3353,CVX,2023-02-17,2023-02-24,sma_exit,-0.57,140.90098571777344,140.52027893066406,5,True
3354,VLO,2023-02-17,2023-02-23,sma_exit,1.88,117.3210220336914,119.87362670898438,4,True
3355,XOM,2023-02-17,2023-02-24,sma_exit,-0.78,99.15599822998048,98.68374633789062,5,True
3356,PSX,2023-02-17,2023-02-24,sma_exit,2.17,88.35491180419922,90.53849792480467,5,True
3357,NOW,2023-02-17,2023-02-23,sma_exit,0.32,87.802001953125,88.34200286865234,4,True
3358,MA,2023-02-17,2023-02-27,sma_exit,-1.86,353.67803955078125,348.1445617675781,6,True
3359,PLD,2023-02-17,2023-02-28,sma_exit,-1.83,112.25518035888672,110.53533172607422,7,True
3360,V,2023-02-17,2023-02-27,sma_exit,-1.74,217.68472290039065,214.55911254882807,6,True
3361,BRK-B,2023-02-21,2023-02-27,sma_exit,0.34,302.7200012207031,304.6600036621094,5,True
3362,DIS,2023-02-21,2023-03-03,sma_exit,-1.23,98.98269653320312,98.0616226196289,9,True
3363,LOW,2023-02-21,2023-02-27,sma_exit,0.88,188.2650451660156,190.4941864013672,5,True
3364,MSFT,2023-02-21,2023-03-02,sma_exit,-0.92,245.8284912109375,244.31069946289065,8,True
3365,STX,2023-02-21,2023-03-02,sma_exit,-3.61,61.19172668457031,59.16659927368164,8,True
3366,ORCL,2023-02-21,2023-02-23,sma_exit,2.46,82.57311248779297,84.85297393798828,3,True
3367,PWR,2023-02-21,2023-02-23,sma_exit,7.04,148.02365112304688,158.8939971923828,3,True
3368,DELL,2023-02-21,2023-03-07,time_exit,-9.59,39.30630111694336,35.65623092651367,11,True
3369,LRCX,2023-02-21,2023-02-27,sma_exit,0.62,46.264591217041016,46.6921272277832,5,False
3370,MCO,2023-02-21,2023-03-02,sma_exit,-1.57,285.62725830078125,282.00543212890625,8,False
3371,KKR,2023-02-21,2023-02-27,sma_exit,-0.39,54.26399993896485,54.21528625488281,5,False
3372,KLAC,2023-02-21,2023-02-23,sma_exit,2.35,36.71946334838867,37.69291305541992,3,False
3373,BA,2023-02-21,2023-03-01,sma_exit,-0.77,205.5200042724609,204.5500030517578,7,False
3374,GS,2023-02-21,2023-02-24,sma_exit,0.46,330.0810546875,332.576416015625,4,False
3375,AXP,2023-02-21,2023-03-01,sma_exit,1.1,166.35337829589844,168.6835479736328,7,False
3376,USB,2023-02-21,2023-02-28,sma_exit,-0.22,40.57454299926758,40.60857391357422,6,False
3377,UPS,2023-02-21,2023-02-24,sma_exit,0.65,147.5509490966797,148.94822692871094,4,False
3378,COF,2023-02-21,2023-02-24,sma_exit,1.08,101.9909210205078,103.3960418701172,4,False
3379,ICE,2023-02-21,2023-03-02,sma_exit,-1.69,99.49459075927734,98.10952758789062,8,False
3380,APH,2023-02-21,2023-02-28,sma_exit,-0.81,37.82606887817383,37.63188934326172,6,False
3381,EQIX,2023-02-21,2023-03-02,sma_exit,-2.45,650.5838012695312,636.5657958984375,8,False
3382,NFLX,2023-02-21,2023-03-07,time_exit,-8.9,33.75,30.847000122070312,11,False
3383,CRM,2023-02-21,2023-02-27,sma_exit,0.64,158.87144470214844,160.36558532714844,5,False
3384,AMAT,2023-02-22,2023-02-27,sma_exit,1.2,107.34174346923828,108.95561981201172,4,True
3385,TJX,2023-02-22,2023-03-03,sma_exit,0.28,73.89762115478516,74.32693481445312,8,True
3386,BLK,2023-02-22,2023-02-28,sma_exit,-0.01,632.3514404296875,634.2097778320312,5,False
3387,AVGO,2023-02-22,2023-02-27,sma_exit,1.31,54.88615036010742,55.77016830444336,4,False
3388,SLB,2023-02-22,2023-02-24,sma_exit,2.58,48.30492401123047,49.6966438293457,3,False
3389,TXN,2023-02-22,2023-02-27,sma_exit,0.25,153.5613250732422,154.4114227294922,4,False
3390,MS,2023-02-22,2023-03-03,sma_exit,0.79,87.16241455078125,88.11225891113281,8,False
3391,SBUX,2023-02-23,2023-03-02,sma_exit,-0.78,95.0070343017578,94.54811096191406,6,True
3392,SCHW,2023-02-23,2023-02-24,sma_exit,1.76,75.08760070800781,76.637451171875,2,True
3393,MRSH,2023-02-24,2023-03-03,sma_exit,0.71,153.04591369628906,154.5854949951172,6,True
3394,CAT,2023-02-24,2023-02-27,sma_exit,1.31,224.09104919433597,227.7061920166016,2,True
3395,HCA,2023-02-24,2023-03-03,sma_exit,0.04,242.2957763671875,243.12242126464844,6,True
3396,GILD,2023-02-24,2023-03-03,sma_exit,0.21,71.70098114013672,72.0654296875,6,True
3397,MCK,2023-02-27,2023-03-13,time_exit,-5.77,349.1297302246094,330.0304870605469,11,True
3398,CME,2023-02-27,2023-03-02,sma_exit,0.98,159.98001098632812,162.0303955078125,4,True
3399,RTX,2023-02-27,2023-03-02,sma_exit,-0.46,92.18878173828124,92.04003143310548,4,True
3400,PM,2023-02-28,2023-03-02,sma_exit,0.79,83.31990814208984,84.22760772705078,3,True
3401,TMUS,2023-02-28,2023-03-06,sma_exit,0.78,135.18563842773438,136.64990234375,5,True
3402,PEP,2023-02-28,2023-03-02,sma_exit,0.25,154.15869140625,155.01258850097656,3,True
3403,WELL,2023-03-01,2023-03-02,sma_exit,1.42,67.9075698852539,69.0782241821289,2,True
3404,T,2023-03-01,2023-03-06,sma_exit,0.29,15.431779861450195,15.522751808166504,4,True
3405,USB,2023-03-02,2023-03-06,sma_exit,1.45,39.40044403076172,40.08959579467773,3,True
3406,PSX,2023-03-08,2023-03-20,sma_exit,-4.09,88.1507797241211,84.81327819824219,9,True
3407,WMT,2023-03-08,2023-03-14,sma_exit,-0.3,44.09907150268555,44.09907150268555,5,True
3408,C,2023-03-09,2023-03-21,sma_exit,-7.56,43.35300064086914,40.20410537719727,9,True
3409,RTX,2023-03-09,2023-03-13,sma_exit,1.29,89.18584442138672,90.60828399658205,3,True
3410,MS,2023-03-09,2023-03-21,sma_exit,-4.03,82.61923217773438,79.53669738769531,9,True
3411,T,2023-03-09,2023-03-14,sma_exit,0.36,15.15060329437256,15.249841690063477,4,True
3412,JPM,2023-03-09,2023-03-14,sma_exit,2.98,120.23958587646484,124.18792724609376,4,True
3413,ABBV,2023-03-09,2023-03-13,sma_exit,2.82,130.19448852539062,134.2589111328125,3,True
3414,SLB,2023-03-09,2023-03-21,sma_exit,-7.79,48.10215377807617,44.4984130859375,9,True
3415,BKNG,2023-03-10,2023-03-20,sma_exit,0.23,97.1558074951172,97.67438507080078,7,True
3416,XOM,2023-03-10,2023-03-20,sma_exit,-5.25,96.03732299804688,91.28802490234376,7,True
3417,SBUX,2023-03-10,2023-03-16,sma_exit,0.76,91.21630096435548,92.18003845214844,5,True
3418,CAT,2023-03-10,2023-03-20,sma_exit,-3.25,215.3995361328125,209.04220581054688,7,True
3419,ORCL,2023-03-10,2023-03-16,sma_exit,0.59,80.53273010253906,81.25119018554688,5,True
3420,JCI,2023-03-10,2023-03-21,sma_exit,-2.62,57.884376525878906,56.5409049987793,8,True
3421,MAR,2023-03-10,2023-03-20,sma_exit,-1.21,159.0787353515625,157.63809204101562,7,True
3422,VRT,2023-03-10,2023-03-21,sma_exit,-3.6,14.18852710723877,13.720226287841797,8,True
3423,MA,2023-03-10,2023-03-14,sma_exit,1.35,339.9472961425781,345.5395202636719,3,True
3424,CRM,2023-03-10,2023-03-14,sma_exit,5.31,170.2348175048828,179.7797393798828,3,False
3425,GLW,2023-03-10,2023-03-16,sma_exit,-0.09,30.6953239440918,30.75993537902832,5,False
3426,PWR,2023-03-10,2023-03-14,sma_exit,1.22,156.6343231201172,159.01345825195312,3,False
3427,PGR,2023-03-10,2023-03-14,sma_exit,0.55,128.37911987304688,129.46530151367188,3,False
3428,UBER,2023-03-10,2023-03-14,sma_exit,3.72,31.11000061035156,32.36000061035156,3,False
3429,AXP,2023-03-10,2023-03-21,sma_exit,-0.99,158.8929901123047,157.7998046875,8,False
3430,TJX,2023-03-13,2023-03-16,sma_exit,1.14,70.15789031982422,71.16914367675781,4,True
3431,V,2023-03-13,2023-03-14,sma_exit,1.65,208.83360290527344,212.9134979248047,2,True
3432,LIN,2023-03-13,2023-03-16,sma_exit,0.73,321.056396484375,324.3741149902344,4,True
3433,VLO,2023-03-13,2023-03-14,sma_exit,2.44,115.96324920654295,119.1404266357422,2,False
3434,PH,2023-03-13,2023-03-21,sma_exit,-2.07,319.5019226074219,313.84478759765625,7,False
3435,FCX,2023-03-13,2023-03-20,sma_exit,-0.73,35.910552978515625,35.75778579711914,6,False
3436,BNY,2023-03-13,2023-03-21,sma_exit,2.01,40.27619934082031,41.20733642578125,7,False
3437,ABNB,2023-03-13,2023-03-16,sma_exit,3.18,115.95999908447266,119.98999786376952,4,False
3438,HWM,2023-03-13,2023-03-16,sma_exit,0.75,39.63308334350586,40.048919677734375,4,False
3439,PM,2023-03-15,2023-03-20,sma_exit,-0.18,82.36083984375,82.46359252929688,4,True
3440,MO,2023-03-17,2023-03-21,sma_exit,1.64,34.58299255371094,35.25450897216797,3,True
3441,LMT,2023-03-17,2023-03-20,sma_exit,1.81,424.3625183105469,433.3167114257813,2,True
3442,EQIX,2023-03-22,2023-03-24,sma_exit,2.52,616.4693603515625,633.8281860351562,3,True
3443,UBER,2023-03-28,2023-03-29,sma_exit,2.36,30.06999969482422,30.8700008392334,2,True
3444,TT,2023-04-04,2023-04-12,sma_exit,0.34,168.03692626953125,169.11988830566406,6,True
3445,AMD,2023-04-05,2023-04-10,sma_exit,2.85,92.55999755859376,95.4800033569336,3,True
3446,PWR,2023-04-05,2023-04-11,sma_exit,2.14,159.1826629638672,163.06686401367188,4,True
3447,AMAT,2023-04-06,2023-04-20,sma_exit,-0.35,111.26946258544922,111.2111358642578,10,True
3448,ETN,2023-04-06,2023-04-11,sma_exit,1.33,149.15310668945312,151.5872802734375,3,True
3449,ABNB,2023-04-06,2023-04-11,sma_exit,3.86,109.69000244140624,114.25,3,True
3450,MCO,2023-04-10,2023-04-13,sma_exit,2.49,287.1727294921875,295.1761474609375,4,True
3451,CRM,2023-04-11,2023-04-13,sma_exit,2.42,185.6776885986328,190.72042846679688,3,True
3452,ADBE,2023-04-11,2023-04-13,sma_exit,1.77,371.1099853515625,378.7999877929688,3,True
3453,NFLX,2023-04-12,2023-04-13,sma_exit,4.28,33.10300064086914,34.61899948120117,2,True
3454,BKNG,2023-04-12,2023-04-13,sma_exit,2.93,99.7706527709961,102.99732971191406,2,True
3455,INTC,2023-04-12,2023-04-17,sma_exit,0.07,31.252397537231445,31.36952209472656,4,True
3456,CSCO,2023-04-12,2023-04-26,time_exit,-7.42,45.94761657714844,42.67416000366211,11,True
3457,PGR,2023-04-13,2023-04-19,sma_exit,0.21,126.239501953125,126.87887573242188,5,True
3458,PLD,2023-04-14,2023-04-17,sma_exit,2.52,108.05818939208984,111.10791778564452,2,True
3459,VLO,2023-04-17,2023-05-01,time_exit,-10.35,116.13524627685548,104.46739959716795,11,True
3460,AMD,2023-04-17,2023-04-27,sma_exit,-3.0,89.87000274658203,87.44000244140625,9,True
3461,GLW,2023-04-19,2023-04-28,sma_exit,-2.59,31.378263473510746,30.65841293334961,8,True
3462,MPC,2023-04-19,2023-04-24,sma_exit,-0.21,117.72409057617188,117.83588409423828,4,True
3463,HOOD,2023-04-20,2023-05-04,time_exit,-13.15,9.729999542236328,8.479999542236328,11,True
3464,ANET,2023-04-20,2023-04-26,sma_exit,0.07,38.84749984741211,38.9900016784668,5,True
3465,PLTR,2023-04-20,2023-05-01,sma_exit,-4.84,8.149999618530273,7.78000020980835,8,True
3466,PSX,2023-04-20,2023-05-04,time_exit,-9.13,89.87276458740234,81.93733978271484,11,True
3467,TMUS,2023-04-20,2023-04-25,sma_exit,1.11,138.76071166992188,140.71932983398438,4,True
3468,INTC,2023-04-20,2023-04-27,sma_exit,-3.54,30.12020492553711,29.14418029785156,6,True
3469,TMO,2023-04-20,2023-04-28,sma_exit,-2.25,560.1513061523438,549.2340698242188,7,True
3470,REGN,2023-04-20,2023-04-27,sma_exit,-1.03,790.6389770507812,784.8832397460938,6,True
3471,MSFT,2023-04-24,2023-04-26,sma_exit,4.53,274.1405639648437,287.372314453125,3,True
3472,CMCSA,2023-04-24,2023-04-27,sma_exit,7.92,31.02325820922852,33.57448959350586,4,True
3473,FTNT,2023-04-24,2023-05-05,sma_exit,-2.81,66.25,64.58999633789062,10,True
3474,PGR,2023-04-24,2023-04-28,sma_exit,0.44,123.67286682128906,124.58626556396484,5,True
3475,CME,2023-04-24,2023-05-01,sma_exit,-0.62,163.64540100097656,163.12969970703125,6,True
3476,NVDA,2023-04-25,2023-04-26,sma_exit,2.42,26.18726921081543,26.90080070495605,2,True
3477,MU,2023-04-25,2023-04-26,sma_exit,4.65,57.38945388793945,60.23227691650391,2,True
3478,C,2023-04-25,2023-05-01,sma_exit,-0.58,42.72856903076172,42.61083221435547,5,True
3479,PANW,2023-04-25,2023-05-05,sma_exit,0.44,91.28500366210938,91.96499633789062,9,True
3480,KKR,2023-04-25,2023-04-28,sma_exit,3.68,49.7241325378418,51.701805114746094,4,False
3481,AXP,2023-04-25,2023-04-28,sma_exit,3.04,150.2611541748047,155.2852325439453,4,False
3482,LMT,2023-04-25,2023-05-01,sma_exit,-1.59,433.2073364257813,427.6052856445313,5,False
3483,CDNS,2023-04-25,2023-04-28,sma_exit,2.42,203.8999938964844,209.4499969482422,4,False
3484,META,2023-04-25,2023-04-27,sma_exit,14.64,205.7432403564453,236.4832763671875,3,False
3485,FCX,2023-04-25,2023-05-01,sma_exit,-0.62,36.17619705200195,36.06119918823242,5,False
3486,UBER,2023-04-25,2023-04-28,sma_exit,4.63,29.59000015258789,31.049999237060547,4,False
3487,INTU,2023-04-25,2023-04-28,sma_exit,5.45,409.31646728515625,432.8324279785156,4,False
3488,ADBE,2023-04-25,2023-04-28,sma_exit,1.86,369.5899963378906,377.55999755859375,4,False
3489,ICE,2023-04-26,2023-04-27,sma_exit,2.39,100.35665130615234,103.05239868164062,2,True
3490,MA,2023-04-26,2023-04-27,sma_exit,1.58,359.7554016113281,366.5333862304688,2,True
3491,LOW,2023-04-26,2023-04-28,sma_exit,3.2,188.22216796875,194.81182861328125,3,True
3492,AVGO,2023-04-26,2023-04-28,sma_exit,1.37,59.12095642089844,60.110164642333984,3,True
3493,V,2023-04-26,2023-04-28,sma_exit,1.71,222.1540985107422,226.6136779785156,3,True
3494,JPM,2023-04-26,2023-04-28,sma_exit,1.93,125.7296905517578,128.52825927734375,3,False
3495,PLD,2023-04-26,2023-04-27,sma_exit,2.31,107.43560791015624,110.2417221069336,2,False
3496,ADI,2023-04-26,2023-05-01,sma_exit,0.74,170.76931762695312,172.5463409423828,4,False
3497,RTX,2023-04-26,2023-05-01,sma_exit,2.41,90.81281280517578,93.27651977539062,4,False
3498,MAR,2023-04-26,2023-05-01,sma_exit,2.74,159.64920043945312,164.5028839111328,4,False
3499,WM,2023-04-27,2023-04-28,sma_exit,2.43,153.70591735839844,157.90921020507812,2,True
3500,ABBV,2023-04-27,2023-05-11,time_exit,-1.83,132.74758911132812,130.71449279785156,11,True
3501,GILD,2023-04-28,2023-05-12,time_exit,-5.21,73.77470397949219,70.14925384521484,11,True
3502,ANET,2023-05-02,2023-05-08,sma_exit,1.99,33.744998931884766,34.51750183105469,5,True
3503,SYK,2023-05-03,2023-05-08,sma_exit,0.09,278.1654663085937,279.2601013183594,4,True
3504,SBUX,2023-05-03,2023-05-09,sma_exit,2.35,95.4200439453125,97.94415283203124,5,True
3505,XOM,2023-05-04,2023-05-08,sma_exit,2.6,94.48689270019533,97.22242736816406,3,True
3506,NOW,2023-05-04,2023-05-08,sma_exit,1.67,86.10199737548828,87.7979965209961,3,True
3507,BA,2023-05-04,2023-05-09,sma_exit,2.15,197.0500030517578,201.8800048828125,4,True
3508,HCA,2023-05-09,2023-05-10,sma_exit,1.34,267.1692199707031,271.5464782714844,2,True
3509,NEM,2023-05-11,2023-05-15,sma_exit,2.34,42.52183532714844,43.64326858520508,3,True
3510,CDNS,2023-05-11,2023-05-16,sma_exit,0.2,201.4600067138672,202.4600067138672,4,True
3511,MO,2023-05-15,2023-05-19,sma_exit,-0.87,35.50534439086914,35.30271911621094,5,True
3512,SO,2023-05-16,2023-05-19,sma_exit,0.42,63.2819938659668,63.73720169067383,4,True
3513,WMT,2023-05-16,2023-05-18,sma_exit,0.83,48.207279205322266,48.75121688842773,3,True
3514,PLD,2023-05-16,2023-05-19,sma_exit,1.19,109.40260314941406,111.03572082519533,4,True
3515,MRK,2023-05-17,2023-05-19,sma_exit,0.34,103.93817901611328,104.59935760498048,3,True
3516,WM,2023-05-17,2023-05-30,sma_exit,-3.04,158.5463409423828,154.2099151611328,9,True
3517,ABT,2023-05-18,2023-06-01,sma_exit,-5.51,101.41533660888672,96.1328125,10,True
3518,KO,2023-05-18,2023-06-02,sma_exit,-2.91,57.05898284912109,55.56890487670898,11,True
3519,PG,2023-05-18,2023-06-02,sma_exit,-4.24,140.06500244140625,134.54615783691406,11,True
3520,PEP,2023-05-22,2023-06-01,sma_exit,-2.0,166.92562866210938,164.08396911621094,8,True
3521,MNST,2023-05-23,2023-05-30,sma_exit,-0.63,57.93999862670898,57.75,5,True
3522,V,2023-05-23,2023-06-01,sma_exit,0.55,219.1042633056641,220.97743225097656,7,True
3523,WELL,2023-05-23,2023-05-31,sma_exit,-2.35,71.31777954101562,69.8571548461914,6,True
3524,SBUX,2023-05-23,2023-06-02,sma_exit,-1.14,92.5560073852539,91.78118133544922,8,True
3525,CME,2023-05-23,2023-05-31,sma_exit,-0.48,156.53038024902344,156.24195861816406,6,True
3526,MA,2023-05-24,2023-05-26,sma_exit,1.29,361.4621276855469,367.2199401855469,3,True
3527,SYK,2023-05-24,2023-05-31,sma_exit,0.81,264.0411682128906,266.9667663574219,5,True
3528,ADI,2023-05-24,2023-05-31,sma_exit,2.29,163.71771240234375,167.96188354492188,5,True
3529,TJX,2023-05-24,2023-05-31,sma_exit,-0.34,73.5988998413086,73.57015991210938,5,True
3530,HWM,2023-05-24,2023-05-30,sma_exit,0.26,42.8495979309082,43.0874252319336,4,True
3531,CSX,2023-05-24,2023-05-30,sma_exit,0.32,29.40761947631836,29.589427947998047,4,True
3532,EQIX,2023-05-24,2023-05-25,sma_exit,4.45,630.7256469726562,660.6934814453125,2,True
3533,CMCSA,2023-05-25,2023-06-05,sma_exit,1.49,32.59068298339844,33.17429733276367,7,True
3534,MDT,2023-05-25,2023-06-01,sma_exit,-1.25,75.10515594482422,74.39491271972656,5,True
3535,BRK-B,2023-05-25,2023-05-30,sma_exit,0.69,319.0199890136719,322.19000244140625,3,True
3536,WMT,2023-05-25,2023-05-31,sma_exit,0.19,47.04217147827149,47.27069091796875,4,True
3537,SO,2023-05-26,2023-06-05,sma_exit,0.02,62.005638122558594,62.20200347900391,6,True
3538,VRTX,2023-05-26,2023-06-02,sma_exit,0.85,329.989990234375,333.7799987792969,5,False
3539,BKNG,2023-05-26,2023-06-02,sma_exit,1.03,101.4893569946289,102.84142303466795,5,False
3540,ICE,2023-05-30,2023-05-31,sma_exit,1.18,100.15519714355467,101.64215087890624,2,True
3541,MRK,2023-05-30,2023-06-01,sma_exit,1.31,98.87533569335938,100.46935272216795,3,True
3542,MO,2023-05-30,2023-06-01,sma_exit,0.29,34.53899383544922,34.74161148071289,3,True
3543,ANET,2023-06-07,2023-06-08,sma_exit,4.03,38.897499084472656,40.58000183105469,2,True
3544,MNST,2023-06-07,2023-06-12,sma_exit,1.48,56.900001525878906,57.90999984741211,4,True
3545,MU,2023-06-08,2023-06-12,sma_exit,2.96,64.47676086425781,66.57925415039062,3,True
3546,AXP,2023-06-20,2023-06-27,sma_exit,-1.02,163.05238342285156,161.87820434570312,6,True
3547,ANET,2023-06-20,2023-06-27,sma_exit,0.76,38.625,39.032501220703125,6,True
3548,MAR,2023-06-20,2023-06-27,sma_exit,1.73,168.55287170410156,171.96681213378906,6,True
3549,AMAT,2023-06-21,2023-06-22,sma_exit,1.35,133.2144317626953,135.4075164794922,2,True
3550,MRVL,2023-06-21,2023-06-27,sma_exit,2.66,58.248313903808594,59.97052383422852,5,True
3551,KLAC,2023-06-21,2023-06-22,sma_exit,2.1,44.44791412353516,45.51423645019531,2,True
3552,COF,2023-06-21,2023-06-27,sma_exit,0.09,102.8191909790039,103.21800994873048,5,True
3553,AMD,2023-06-21,2023-06-27,sma_exit,-1.83,112.11000061035156,110.38999938964844,5,True
3554,TXN,2023-06-21,2023-06-27,sma_exit,3.12,155.36329650878906,160.67633056640625,5,True
3555,EQIX,2023-06-22,2023-06-27,sma_exit,2.14,697.8076782226562,714.83740234375,4,True
3556,WELL,2023-06-22,2023-06-26,sma_exit,1.11,73.4619140625,74.50118255615234,3,True
3557,JPM,2023-06-22,2023-06-29,sma_exit,2.46,129.7740936279297,133.3535919189453,6,True
3558,C,2023-06-22,2023-06-29,sma_exit,-1.03,42.051700592041016,41.74508285522461,6,True
3559,BA,2023-06-22,2023-06-27,sma_exit,1.56,205.6100006103516,209.42999267578125,4,True
3560,IBM,2023-06-22,2023-06-27,sma_exit,0.59,118.22473907470705,119.27926635742188,4,True
3561,PLTR,2023-06-22,2023-06-27,sma_exit,3.69,14.050000190734863,14.609999656677246,4,True
3562,WDC,2023-06-23,2023-06-27,sma_exit,0.62,28.486358642578125,28.749704360961918,3,True
3563,ACN,2023-06-23,2023-06-28,sma_exit,0.8,281.5339050292969,284.6376647949219,4,True
3564,BX,2023-06-23,2023-06-27,sma_exit,3.67,79.24209594726562,82.3905029296875,3,True
3565,CMCSA,2023-06-23,2023-06-26,sma_exit,0.87,33.4244270324707,33.816280364990234,2,True
3566,KKR,2023-06-23,2023-06-27,sma_exit,2.18,52.38134765625,53.68136215209961,3,True
3567,CAT,2023-06-23,2023-06-27,sma_exit,2.37,223.6570281982422,229.6195373535156,3,True
3568,CDNS,2023-06-23,2023-06-27,sma_exit,1.24,225.32000732421875,228.8000030517578,3,False
3569,PLD,2023-06-23,2023-06-27,sma_exit,3.1,106.23353576660156,109.84129333496094,3,False
3570,AVGO,2023-06-23,2023-06-27,sma_exit,2.89,79.30224609375,81.83423614501953,3,False
3571,STX,2023-06-23,2023-06-27,sma_exit,2.67,56.26537322998047,57.93506240844727,3,False
3572,NVDA,2023-06-26,2023-06-30,sma_exit,3.81,40.55299377441406,42.21975326538086,5,True
3573,ORCL,2023-06-26,2023-06-29,sma_exit,0.56,112.33490753173828,113.29683685302734,4,True
3574,BRK-B,2023-06-26,2023-06-29,sma_exit,0.54,334.1199951171875,336.9100036621094,4,False
3575,VRTX,2023-07-07,2023-07-12,sma_exit,2.03,338.17999267578125,346.0599975585937,4,True
3576,MRK,2023-07-07,2023-07-20,sma_exit,-0.8,99.38095092773438,98.88859558105467,10,True
3577,MNST,2023-07-07,2023-07-12,sma_exit,0.31,55.869998931884766,56.209999084472656,4,True
3578,MCK,2023-07-12,2023-07-17,sma_exit,0.41,402.7919006347656,405.6495056152344,4,True
3579,WM,2023-07-18,2023-07-20,sma_exit,2.88,159.1297149658203,164.18214416503906,3,True
3580,SO,2023-07-18,2023-07-20,sma_exit,2.57,61.66646957397461,63.4337272644043,3,True
3581,HCA,2023-07-19,2023-08-02,time_exit,-6.34,280.1026611328125,263.1818542480469,11,True
3582,BA,2023-07-19,2023-07-20,sma_exit,2.1,208.6000061035156,213.6100006103516,2,True
3583,GLW,2023-07-20,2023-07-25,sma_exit,2.14,30.905176162719727,31.65941047668457,4,True
3584,AMAT,2023-07-20,2023-07-25,sma_exit,4.19,130.6509246826172,136.51870727539062,4,True
3585,ISRG,2023-07-21,2023-08-04,time_exit,-8.42,336.6600036621094,309.3099975585937,11,True
3586,AXP,2023-07-24,2023-07-31,sma_exit,0.35,162.04698181152344,163.0996856689453,6,True
3587,APH,2023-07-24,2023-07-25,sma_exit,0.56,40.794471740722656,41.14585113525391,2,True
3588,ETN,2023-07-26,2023-07-31,sma_exit,0.82,194.8125457763672,197.00015258789065,4,True
3589,V,2023-07-27,2023-07-31,sma_exit,1.1,228.7238311767578,231.93359375,3,True
3590,NFLX,2023-07-27,2023-07-28,sma_exit,2.75,41.31700134277344,42.57799911499024,2,True
3591,SYK,2023-07-27,2023-08-04,sma_exit,0.3,273.8798522949219,275.53082275390625,7,True
3592,WM,2023-07-27,2023-08-02,sma_exit,-0.64,156.6082000732422,156.08290100097656,5,True
3593,KKR,2023-07-27,2023-08-04,sma_exit,1.49,57.79640579223633,58.83250045776367,7,True
3594,ANET,2023-07-28,2023-08-01,sma_exit,22.55,37.772499084472656,46.40250015258789,3,True
3595,SPGI,2023-07-28,2023-08-09,sma_exit,-1.45,361.3054809570313,357.1595153808594,9,True
3596,MO,2023-08-01,2023-08-15,time_exit,-4.97,35.9476318359375,34.268802642822266,11,True
3597,SO,2023-08-01,2023-08-09,sma_exit,-3.23,63.62115478515625,61.75572204589844,7,True
3598,MS,2023-08-01,2023-08-15,time_exit,-5.56,82.9561767578125,78.59581756591797,11,True
3599,ABT,2023-08-02,2023-08-14,sma_exit,-2.62,102.04263305664062,99.67523193359376,9,True
3600,MDT,2023-08-02,2023-08-11,sma_exit,-2.65,77.43624114990234,75.61495971679688,8,True
3601,CDNS,2023-08-02,2023-08-07,sma_exit,1.32,228.7400054931641,232.44000244140625,4,True
3602,COST,2023-08-02,2023-08-07,sma_exit,0.8,529.8231811523438,535.635986328125,4,True
3603,MCO,2023-08-02,2023-08-14,sma_exit,-1.72,334.6371459960937,329.8756408691406,9,True
3604,LOW,2023-08-02,2023-08-11,sma_exit,-2.83,216.1311187744141,210.668701171875,8,True
3605,CRM,2023-08-02,2023-08-14,sma_exit,-4.13,216.7501220703125,208.45364379882807,9,True
3606,ABNB,2023-08-03,2023-08-17,time_exit,-9.45,140.8800048828125,127.98999786376952,11,True
3607,EQIX,2023-08-03,2023-08-08,sma_exit,1.68,709.419189453125,723.4970703125,4,True
3608,UPS,2023-08-03,2023-08-17,time_exit,-5.38,151.5062255859375,143.81602478027344,11,True
3609,HOOD,2023-08-03,2023-08-17,time_exit,-13.04,11.539999961853027,10.06999969482422,11,True
3610,ICE,2023-08-03,2023-08-07,sma_exit,3.27,107.92925262451172,111.78146362304688,3,True
3611,BLK,2023-08-03,2023-08-17,time_exit,-5.39,662.85986328125,629.099365234375,11,True
3612,CSX,2023-08-04,2023-08-18,sma_exit,-2.36,30.114913940429688,29.49388694763184,11,True
3613,LIN,2023-08-04,2023-08-07,sma_exit,1.59,363.5887451171875,370.469482421875,2,True
3614,KO,2023-08-04,2023-08-11,sma_exit,0.46,55.58013534545898,56.00127410888672,6,False
3615,PM,2023-08-04,2023-08-09,sma_exit,0.65,84.60978698730469,85.41008758544922,4,False
3616,AAPL,2023-08-04,2023-08-14,sma_exit,-1.56,179.31930541992188,177.06520080566406,7,False
3617,ADI,2023-08-04,2023-08-14,sma_exit,-1.87,178.89105224609375,176.07972717285156,7,False
3618,PANW,2023-08-07,2023-08-11,sma_exit,0.96,107.62000274658205,108.9800033569336,5,True
3619,ISRG,2023-08-07,2023-08-14,sma_exit,-1.65,309.239990234375,305.0799865722656,6,True
3620,PLTR,2023-08-08,2023-08-22,sma_exit,-14.21,17.040000915527344,14.670000076293944,11,True
3621,TSLA,2023-08-09,2023-08-21,sma_exit,-4.8,242.19000244140625,231.27999877929688,9,True
3622,MU,2023-08-10,2023-08-14,sma_exit,4.04,64.71674346923828,67.5253677368164,3,True
3623,WDC,2023-08-11,2023-08-14,sma_exit,1.42,31.51106071472168,32.05279922485352,2,True
3624,LRCX,2023-08-11,2023-08-21,sma_exit,2.35,63.46784973144531,65.1490707397461,7,True
3625,MRVL,2023-08-11,2023-08-14,sma_exit,4.04,56.56306838989258,59.02017211914063,2,True
3626,AMAT,2023-08-11,2023-08-18,sma_exit,2.46,135.3197784423828,139.05299377441406,6,True
3627,BX,2023-08-11,2023-08-18,sma_exit,0.06,89.4254379272461,89.7436294555664,6,True
3628,AVGO,2023-08-11,2023-08-14,sma_exit,2.63,80.03628540039062,82.38404083251953,2,False
3629,DASH,2023-08-11,2023-08-25,sma_exit,-1.78,79.19000244140625,78.0199966430664,11,False
3630,NVDA,2023-08-11,2023-08-14,sma_exit,6.79,40.77556228637695,43.66792297363281,2,False
3631,USB,2023-08-14,2023-08-28,sma_exit,-7.27,33.88862609863281,31.525522232055664,11,True
3632,COF,2023-08-14,2023-08-28,sma_exit,-7.23,104.20853424072266,96.98191833496094,11,True
3633,FCX,2023-08-14,2023-08-23,sma_exit,-5.03,39.63795471191406,37.7623405456543,8,True
3634,PM,2023-08-14,2023-08-21,sma_exit,-1.89,84.29320526123047,82.95645904541016,6,True
3635,EQIX,2023-08-15,2023-08-22,sma_exit,-0.81,710.1384887695312,706.5218505859375,6,True
3636,PEP,2023-08-15,2023-08-23,sma_exit,-2.08,163.32745361328125,160.41842651367188,7,True
3637,WFC,2023-08-15,2023-08-21,sma_exit,-0.86,39.730224609375,39.50707244873047,5,True
3638,CAT,2023-08-16,2023-08-23,sma_exit,-0.84,263.1809387207031,261.76202392578125,6,True
3639,IBM,2023-08-16,2023-08-18,sma_exit,0.25,128.2188720703125,128.92083740234375,3,True
3640,KKR,2023-08-16,2023-08-18,sma_exit,1.49,57.96440124511719,59.00333404541016,3,False
3641,PG,2023-08-17,2023-08-23,sma_exit,0.45,140.55941772460938,141.61285400390625,5,True
3642,NFLX,2023-08-17,2023-08-22,sma_exit,2.22,40.29999923706055,41.31700134277344,4,True
3643,APH,2023-08-17,2023-08-22,sma_exit,0.19,41.66804885864258,41.87302017211914,4,True
3644,WMT,2023-08-17,2023-08-23,sma_exit,1.25,50.28757858276367,51.06600189208984,5,True
3645,PLD,2023-08-17,2023-08-22,sma_exit,0.38,109.23242950439452,109.97760009765624,4,False
3646,BA,2023-08-17,2023-08-22,sma_exit,2.16,224.5399932861328,230.07000732421875,4,False
3647,META,2023-08-17,2023-08-23,sma_exit,2.91,282.6082763671875,291.6786193847656,5,False
3648,PH,2023-08-17,2023-08-23,sma_exit,0.98,385.6698913574219,390.5989685058594,5,False
3649,ISRG,2023-08-17,2023-08-23,sma_exit,-0.19,290.0799865722656,290.3900146484375,5,False
3650,MCK,2023-08-17,2023-08-21,sma_exit,1.83,410.8522338867188,419.62213134765625,3,False
3651,COST,2023-08-17,2023-08-28,sma_exit,-2.11,524.7969360351562,515.2941284179688,8,False
3652,DE,2023-08-17,2023-08-25,sma_exit,-7.21,402.2287292480469,374.4480590820313,7,False
3653,UNP,2023-08-17,2023-08-25,sma_exit,-0.39,208.80728149414065,208.62112426757807,7,False
3654,LIN,2023-08-17,2023-08-21,sma_exit,0.0,362.1837158203125,363.2711486816406,3,False
3655,MCD,2023-08-17,2023-08-23,sma_exit,-0.3,260.775634765625,260.7848815917969,5,False
3656,JPM,2023-08-17,2023-08-28,sma_exit,-1.02,139.13734436035156,138.13563537597656,8,False
3657,WELL,2023-08-18,2023-08-23,sma_exit,-0.55,76.58177185058594,76.39314270019531,4,True
3658,BKNG,2023-08-18,2023-08-23,sma_exit,1.01,119.79254913330078,121.36434936523438,4,True
3659,MCO,2023-08-18,2023-08-23,sma_exit,2.04,319.1659851074219,326.6322631835937,4,True
3660,BRK-B,2023-08-18,2023-08-23,sma_exit,0.18,352.5599975585937,354.260009765625,4,True
3661,ABNB,2023-08-18,2023-08-22,sma_exit,1.32,125.05999755859376,127.08000183105467,3,False
3662,TT,2023-08-18,2023-08-23,sma_exit,2.0,191.3202209472656,195.71104431152344,4,False
3663,WDC,2023-08-18,2023-08-21,sma_exit,1.36,29.900894165039062,30.39748954772949,2,False
3664,SPGI,2023-08-18,2023-08-22,sma_exit,0.1,351.9447631835937,353.3636474609375,3,False
3665,MAR,2023-08-21,2023-08-22,sma_exit,1.77,194.27914428710935,198.30458068847656,2,True
3666,SYK,2023-08-21,2023-08-25,sma_exit,0.38,268.27618408203125,270.1020202636719,5,True
3667,JNJ,2023-08-22,2023-08-25,sma_exit,0.57,151.35401916503906,152.6641387939453,4,True
3668,CME,2023-08-22,2023-08-25,sma_exit,1.57,175.42745971679688,178.7075653076172,4,True
3669,SLB,2023-08-22,2023-08-23,sma_exit,2.32,52.27436828613281,53.64585494995117,2,True
3670,ABBV,2023-08-22,2023-08-28,sma_exit,-0.85,133.6512451171875,132.92091369628906,5,True
3671,AMGN,2023-08-24,2023-08-29,sma_exit,0.88,234.55941772460935,237.3198089599609,4,True
3672,CMCSA,2023-08-24,2023-08-28,sma_exit,1.34,37.9832649230957,38.60455703735352,3,True
3673,MCK,2023-08-31,2023-09-07,sma_exit,1.23,406.8883666992188,413.1053466796875,5,True
3674,BA,2023-09-06,2023-09-20,time_exit,-7.45,217.9499969482422,202.3699951171875,11,True
3675,ICE,2023-09-06,2023-09-11,sma_exit,0.95,109.41234588623048,110.77987670898438,4,True
3676,UNP,2023-09-06,2023-09-12,sma_exit,0.19,199.2179412841797,200.19142150878903,5,True
3677,AMGN,2023-09-06,2023-09-07,sma_exit,1.86,227.6036376953125,232.52110290527344,2,True
3678,GE,2023-09-07,2023-09-11,sma_exit,1.91,87.77478790283203,89.71417236328125,3,True
3679,NVDA,2023-09-07,2023-09-13,sma_exit,-1.93,46.15489959716797,45.40030670166016,5,True
3680,APH,2023-09-07,2023-09-13,sma_exit,-0.58,42.336647033691406,42.21952819824219,5,True
3681,ISRG,2023-09-07,2023-09-12,sma_exit,1.16,297.2200012207031,301.54998779296875,4,True
3682,JPM,2023-09-07,2023-09-11,sma_exit,0.21,134.54095458984375,135.2336883544922,3,True
3683,DHR,2023-09-07,2023-09-13,sma_exit,-1.27,222.17584228515625,220.0231170654297,5,True
3684,MRVL,2023-09-08,2023-09-14,sma_exit,-0.12,55.22552108764648,55.32460784912109,5,True
3685,LRCX,2023-09-08,2023-09-22,time_exit,-7.46,65.11402130126953,60.45117950439453,11,True
3686,PWR,2023-09-11,2023-09-25,time_exit,-8.82,204.29342651367188,186.8970184326172,11,True
3687,AMAT,2023-09-11,2023-09-25,sma_exit,-7.2,143.3107452392578,133.4252166748047,11,True
3688,WDC,2023-09-12,2023-09-13,sma_exit,1.87,31.827075958251957,32.51929473876953,2,True
3689,ACN,2023-09-12,2023-09-18,sma_exit,0.01,298.1401062011719,299.0774841308594,5,True
3690,SPGI,2023-09-12,2023-09-14,sma_exit,2.0,357.6503601074219,365.8692321777344,3,True
3691,ORCL,2023-09-12,2023-09-26,time_exit,-4.62,105.807861328125,101.24192810058594,11,True
3692,KLAC,2023-09-12,2023-09-25,sma_exit,-6.56,47.43675231933594,44.46731948852539,10,True
3693,PH,2023-09-12,2023-09-18,sma_exit,-2.65,393.2488403320313,384.01373291015625,5,True
3694,INTU,2023-09-13,2023-09-14,sma_exit,0.74,529.2926635742188,534.8107299804688,2,True
3695,ADP,2023-09-13,2023-09-27,sma_exit,-2.39,232.1055450439453,227.2538146972656,11,True
3696,ANET,2023-09-13,2023-09-27,sma_exit,-3.75,47.022499084472656,45.400001525878906,11,True
3697,NFLX,2023-09-13,2023-09-27,time_exit,-8.71,41.2239990234375,37.75899887084961,11,True
3698,CAT,2023-09-13,2023-09-14,sma_exit,2.11,264.5327453613281,270.8987121582031,2,True
3699,CRM,2023-09-15,2023-09-29,time_exit,-5.81,210.96026611328125,199.33148193359372,11,True
3700,V,2023-09-15,2023-09-18,sma_exit,1.19,235.63442993164065,239.1434783935547,2,True
3701,HWM,2023-09-15,2023-09-19,sma_exit,0.64,46.29707717895508,46.73346710205078,3,True
3702,INTC,2023-09-19,2023-09-27,sma_exit,-5.06,35.742210388183594,34.040672302246094,7,True
3703,ABNB,2023-09-19,2023-09-27,sma_exit,-5.81,141.85000610351562,134.02999877929688,7,True
3704,NOW,2023-09-19,2023-09-28,sma_exit,-3.59,114.46600341796876,110.7040023803711,8,True
3705,PANW,2023-09-19,2023-09-27,sma_exit,-2.11,118.08499908447266,115.9499969482422,7,True
3706,DASH,2023-09-19,2023-09-27,sma_exit,-1.61,79.19000244140625,78.1500015258789,7,True
3707,AMZN,2023-09-20,2023-10-02,sma_exit,-4.61,135.2899932861328,129.4600067138672,9,True
3708,LOW,2023-09-20,2023-10-04,time_exit,-7.43,202.39976501464844,187.9715881347656,11,True
3709,HOOD,2023-09-20,2023-09-28,sma_exit,-5.58,10.220000267028809,9.68000030517578,7,True
3710,CSCO,2023-09-20,2023-09-28,sma_exit,-3.22,51.27580261230469,49.77911376953125,7,True
3711,NVDA,2023-09-20,2023-09-25,sma_exit,-0.34,42.160343170166016,42.14338302612305,4,True
3712,HD,2023-09-20,2023-10-04,time_exit,-6.24,289.9447021484375,272.71746826171875,11,False
3713,MSFT,2023-09-20,2023-09-29,sma_exit,-1.86,313.4289855957031,308.5238342285156,8,False
3714,INTU,2023-09-20,2023-09-27,sma_exit,-3.23,511.3614807128906,496.3699645996094,6,False
3715,ICE,2023-09-21,2023-09-28,sma_exit,-1.72,108.65714263916016,107.1106948852539,6,False
3716,ETN,2023-09-21,2023-09-25,sma_exit,2.19,202.91796875,207.97528076171875,3,False
3717,TJX,2023-09-21,2023-09-28,sma_exit,0.16,85.76091766357422,86.15522766113281,6,False
3718,MCO,2023-09-21,2023-10-02,sma_exit,-2.78,316.48199462890625,308.6253356933594,8,False
3719,PLTR,2023-09-21,2023-09-27,sma_exit,5.77,14.0,14.850000381469728,5,False
3720,BKNG,2023-09-21,2023-09-25,sma_exit,1.73,118.9246063232422,121.33890533447266,3,False
3721,CME,2023-09-21,2023-09-28,sma_exit,-0.57,178.78501892089844,178.29873657226562,6,False
3722,LLY,2023-09-21,2023-10-05,sma_exit,-1.87,538.9120483398438,530.4384765625,11,False
3723,GOOG,2023-09-21,2023-09-27,sma_exit,-0.22,130.21194458007812,130.3110809326172,5,False
3724,APH,2023-09-21,2023-09-28,sma_exit,0.59,40.772342681884766,41.134376525878906,6,False
3725,MNST,2023-09-21,2023-10-04,sma_exit,-4.72,54.75,52.33000183105469,10,False
3726,AVGO,2023-09-21,2023-09-25,sma_exit,2.86,78.39675903320312,80.87274169921875,3,False
3727,AMD,2023-09-21,2023-09-27,sma_exit,1.74,96.11000061035156,98.06999969482422,5,False
3728,TT,2023-09-21,2023-09-25,sma_exit,1.29,193.0627899169922,196.1339263916016,3,False
3729,MA,2023-09-21,2023-09-28,sma_exit,-1.27,396.2284851074219,392.3778076171875,6,False
3730,SPGI,2023-09-21,2023-09-28,sma_exit,-1.32,343.8167724609375,340.32598876953125,6,False
3731,EQIX,2023-09-21,2023-09-28,sma_exit,-2.01,688.3629150390625,676.5946655273438,6,False
3732,WMB,2023-09-21,2023-09-25,sma_exit,1.22,30.11703491210937,30.57621955871582,3,False
3733,SYK,2023-09-21,2023-10-02,sma_exit,-3.76,276.2494506835937,266.69580078125,8,False
3734,MRVL,2023-09-21,2023-09-27,sma_exit,1.07,51.36152267456055,52.0649642944336,5,False
3735,GOOGL,2023-09-21,2023-09-27,sma_exit,-0.22,129.2935333251953,129.3926544189453,5,False
3736,GE,2023-09-22,2023-09-28,sma_exit,0.75,87.35079193115234,88.27011108398438,5,True
3737,TSLA,2023-09-22,2023-09-28,sma_exit,0.31,244.8800048828125,246.3800048828125,5,False
3738,BRK-B,2023-09-22,2023-10-06,sma_exit,-4.14,360.1600036621094,346.3399963378906,11,False
3739,V,2023-09-22,2023-10-02,sma_exit,-1.92,229.7794952392578,226.05540466308597,7,False
3740,HWM,2023-09-22,2023-09-27,sma_exit,0.31,45.42429733276367,45.70200729370117,4,False
3741,JPM,2023-09-22,2023-09-28,sma_exit,0.98,136.4225616455078,138.16375732421875,5,False
3742,CRWD,2023-09-25,2023-09-27,sma_exit,1.65,39.97999954223633,40.7599983215332,3,True
3743,PG,2023-09-25,2023-10-04,sma_exit,-3.41,139.21954345703125,134.8856658935547,8,True
3744,BX,2023-09-26,2023-10-02,sma_exit,0.85,96.30712127685548,97.41619110107422,5,True
3745,UNP,2023-09-26,2023-10-03,sma_exit,-0.82,191.7389678955078,190.74679565429688,6,True
3746,CMCSA,2023-09-26,2023-09-28,sma_exit,1.1,37.1436653137207,37.66421890258789,3,True
3747,MRSH,2023-09-26,2023-10-04,sma_exit,-1.53,184.0771942138672,181.8130645751953,7,False
3748,ADBE,2023-09-26,2023-09-29,sma_exit,0.41,506.2999877929688,509.8999938964844,4,False
3749,MAR,2023-09-26,2023-09-27,sma_exit,0.81,186.45199584960935,188.51329040527344,2,False
3750,ORCL,2023-09-27,2023-10-02,sma_exit,1.7,100.99093627929688,103.0084457397461,4,True
3751,IBM,2023-09-28,2023-10-04,sma_exit,-0.66,129.07586669921875,128.61087036132812,5,True
3752,ABBV,2023-09-29,2023-10-06,sma_exit,-0.85,134.39053344726562,133.6512451171875,6,True
3753,PGR,2023-09-29,2023-10-04,sma_exit,1.83,127.33197021484376,130.0395050048828,4,True
3754,CB,2023-10-02,2023-10-05,sma_exit,1.81,200.37339782714844,204.6060943603516,4,True
3755,REGN,2023-10-03,2023-10-05,sma_exit,2.52,800.7534790039062,823.3502807617188,3,True
3756,KKR,2023-10-03,2023-10-05,sma_exit,2.11,57.82718276977539,59.21895599365234,3,True
3757,AMGN,2023-10-03,2023-10-06,sma_exit,2.17,238.57208251953125,244.4766540527344,4,True
3758,MPC,2023-10-04,2023-10-09,sma_exit,3.0,133.73870849609375,138.1498565673828,4,True
3759,PSX,2023-10-04,2023-10-09,sma_exit,0.35,100.08362579345705,100.7358169555664,4,True
3760,VLO,2023-10-04,2023-10-10,sma_exit,0.9,118.48624420166016,119.90435791015624,5,True
3761,XOM,2023-10-04,2023-10-09,sma_exit,-0.82,101.03562927246094,100.51007843017578,4,True
3762,CAT,2023-10-05,2023-10-09,sma_exit,3.73,250.03672790527344,260.1034545898437,3,True
3763,DELL,2023-10-05,2023-10-09,sma_exit,1.2,63.08097457885742,64.02445220947266,3,True
3764,ETN,2023-10-05,2023-10-06,sma_exit,3.15,195.72218322753903,202.4748992919922,2,True
3765,ABNB,2023-10-05,2023-10-09,sma_exit,1.92,124.98999786376952,127.7699966430664,3,True
3766,APP,2023-10-13,2023-10-17,sma_exit,2.61,38.52000045776367,39.63999938964844,3,True
3767,KKR,2023-10-18,2023-10-24,sma_exit,-3.29,56.79805755615234,55.102447509765625,5,True
3768,AAPL,2023-10-19,2023-10-30,sma_exit,-3.25,173.1185760498047,168.0175323486328,8,True
3769,BKNG,2023-10-19,2023-10-24,sma_exit,1.5,109.09068298339844,111.05574035644533,4,True
3770,BRK-B,2023-10-19,2023-10-24,sma_exit,-0.31,338.6600036621094,338.6300048828125,4,True
3771,CME,2023-10-19,2023-10-24,sma_exit,-0.24,189.3153076171875,189.4302215576172,4,True
3772,LRCX,2023-10-19,2023-10-31,sma_exit,-2.58,58.7756462097168,57.43501663208008,9,True
3773,BX,2023-10-19,2023-10-30,sma_exit,-1.4,85.65279388427734,84.71434783935547,8,True
3774,TSLA,2023-10-19,2023-11-01,sma_exit,-6.86,220.1100006103516,205.66000366210935,10,True
3775,REGN,2023-10-19,2023-11-01,sma_exit,-2.45,801.0804443359375,783.8727416992188,10,True
3776,CRWD,2023-10-20,2023-10-24,sma_exit,1.97,44.68999862670898,45.70500183105469,3,True
3777,LLY,2023-10-20,2023-10-24,sma_exit,1.03,572.7184448242188,580.349609375,3,True
3778,MA,2023-10-20,2023-10-25,sma_exit,0.19,378.1609802246094,380.0300598144531,4,True
3779,STX,2023-10-20,2023-10-24,sma_exit,1.81,62.87507629394531,64.20439910888672,3,True
3780,PANW,2023-10-20,2023-10-24,sma_exit,3.39,121.5500030517578,126.03500366210938,3,True
3781,CAT,2023-10-20,2023-11-02,sma_exit,-4.34,240.15000915527344,230.43605041503903,10,True
3782,NVDA,2023-10-20,2023-10-23,sma_exit,3.54,41.30993270874024,42.89497375488281,2,True
3783,CSCO,2023-10-20,2023-10-31,sma_exit,-1.81,49.25458526611328,48.51013946533203,8,True
3784,LIN,2023-10-20,2023-10-26,sma_exit,0.78,353.7256774902344,357.5491027832031,5,True
3785,TT,2023-10-20,2023-10-26,sma_exit,-0.21,182.5819549560547,182.73789978027344,5,True
3786,INTU,2023-10-20,2023-10-30,sma_exit,-4.11,495.8357238769531,476.9439086914063,7,False
3787,ADP,2023-10-20,2023-10-31,sma_exit,-10.01,226.364013671875,204.39077758789065,8,False
3788,GD,2023-10-20,2023-10-25,sma_exit,2.88,222.7139587402344,229.78575134277344,4,False
3789,MU,2023-10-20,2023-10-24,sma_exit,0.96,66.58799743652344,67.43000793457031,3,False
3790,JPM,2023-10-20,2023-10-31,sma_exit,-3.02,134.80755615234375,131.13909912109375,8,False
3791,COST,2023-10-20,2023-10-30,sma_exit,0.05,531.381591796875,533.255615234375,7,False
3792,ETN,2023-10-20,2023-10-24,sma_exit,2.61,186.8695373535156,192.3121337890625,3,False
3793,CDNS,2023-10-20,2023-10-30,sma_exit,-2.36,238.63999938964844,233.72000122070312,7,False
3794,PH,2023-10-23,2023-10-30,sma_exit,0.43,355.8912353515625,358.4910583496094,6,True
3795,UNH,2023-10-23,2023-10-25,sma_exit,1.36,492.8153381347656,500.9790344238281,3,True
3796,AMGN,2023-10-23,2023-11-02,sma_exit,-2.67,249.586181640625,243.6723480224609,9,False
3797,V,2023-10-23,2023-10-24,sma_exit,1.05,226.30953979492188,229.35919189453125,2,False
3798,INTC,2023-10-23,2023-10-27,sma_exit,4.69,33.29316711425781,34.95536804199219,5,False
3799,ACN,2023-10-23,2023-10-31,sma_exit,0.43,280.4095458984375,282.4536437988281,7,False
3800,MCK,2023-10-23,2023-10-25,sma_exit,0.37,444.0719299316406,447.0324096679688,3,False
3801,AMD,2023-10-23,2023-10-24,sma_exit,1.36,100.01000213623048,101.66999816894533,2,False
3802,WDC,2023-10-23,2023-10-30,sma_exit,-0.32,31.458391189575195,31.45086669921875,6,False
3803,COP,2023-10-24,2023-10-31,sma_exit,-1.26,109.79467010498048,108.74205780029295,6,True
3804,WMB,2023-10-24,2023-10-31,sma_exit,-0.47,31.02639961242676,30.972381591796875,6,True
3805,VLO,2023-10-25,2023-10-31,sma_exit,-0.19,116.81948852539062,116.94841003417967,5,True
3806,ADBE,2023-10-25,2023-10-30,sma_exit,0.81,521.1400146484375,526.9400024414062,4,True
3807,MPC,2023-10-25,2023-10-31,sma_exit,2.35,138.88504028320312,142.56097412109375,5,True
3808,PSX,2023-10-26,2023-10-30,sma_exit,1.83,99.73036193847656,101.84996795654295,3,True
3809,META,2023-10-26,2023-10-30,sma_exit,4.66,285.8398742675781,300.0252990722656,3,True
3810,PLTR,2023-10-30,2023-11-02,sma_exit,22.03,14.6899995803833,17.969999313354492,4,True
3811,MPC,2023-11-08,2023-11-13,sma_exit,1.97,135.25621032714844,138.3289031982422,4,True
3812,PSX,2023-11-09,2023-11-10,sma_exit,2.24,100.21043395996094,102.75576782226562,2,True
3813,REGN,2023-11-14,2023-11-16,sma_exit,0.06,786.2800903320312,789.093505859375,3,True
3814,SBUX,2023-11-27,2023-12-11,sma_exit,-4.44,95.44440460205078,91.4908676147461,11,True
3815,CMCSA,2023-11-29,2023-12-01,sma_exit,1.09,35.18164825439453,35.67180633544922,3,True
3816,AVGO,2023-11-30,2023-12-07,sma_exit,-0.67,89.77959442138672,89.44306182861328,6,True
3817,NFLX,2023-12-01,2023-12-08,sma_exit,-2.87,46.57400131225586,45.3759994506836,6,True
3818,LLY,2023-12-01,2023-12-06,sma_exit,0.59,573.187744140625,578.3009643554688,4,True
3819,GOOG,2023-12-01,2023-12-07,sma_exit,3.55,132.15484619140625,137.239990234375,5,True
3820,MRVL,2023-12-01,2023-12-07,sma_exit,-1.46,52.37160873413086,51.76654815673828,5,True
3821,GOOGL,2023-12-04,2023-12-07,sma_exit,5.63,128.13381958007812,135.72647094726562,4,True
3822,MSFT,2023-12-04,2023-12-08,sma_exit,1.08,361.424072265625,366.4077453613281,5,True
3823,META,2023-12-04,2023-12-07,sma_exit,1.75,317.2342529296875,323.7470092773437,4,True
3824,NVDA,2023-12-04,2023-12-07,sma_exit,2.1,45.425254821777344,46.51332473754883,4,True
3825,MU,2023-12-04,2023-12-08,sma_exit,0.6,73.59152221679688,74.25521087646484,5,True
3826,CDNS,2023-12-05,2023-12-11,sma_exit,2.21,262.17999267578125,268.75,5,True
3827,INTC,2023-12-05,2023-12-08,sma_exit,1.56,41.365989685058594,42.13568878173828,4,True
3828,DIS,2023-12-05,2023-12-07,sma_exit,1.42,88.02664184570312,89.5391616821289,3,True
3829,ORCL,2023-12-06,2023-12-11,sma_exit,2.47,108.53962707519533,111.54304504394533,4,True
3830,ADBE,2023-12-06,2023-12-07,sma_exit,1.9,595.7000122070312,608.780029296875,2,True
3831,COP,2023-12-06,2023-12-11,sma_exit,1.18,101.6731185913086,103.18184661865234,4,True
3832,KLAC,2023-12-06,2023-12-07,sma_exit,2.09,51.75907897949219,52.994773864746094,2,True
3833,LIN,2023-12-06,2023-12-11,sma_exit,1.68,387.6995544433594,395.3796997070313,4,True
3834,BRK-B,2023-12-06,2023-12-11,sma_exit,1.03,352.3800048828125,357.0599975585937,4,True
3835,DELL,2023-12-06,2023-12-11,sma_exit,2.08,64.81718444824219,66.36021423339844,4,True
3836,AMD,2023-12-06,2023-12-07,sma_exit,9.59,116.81999969482422,128.3699951171875,2,False
3837,PLTR,2023-12-06,2023-12-08,sma_exit,3.44,17.1299991607666,17.770000457763672,3,False
3838,CME,2023-12-07,2023-12-11,sma_exit,1.93,187.279541015625,191.45654296875,3,True
3839,CB,2023-12-07,2023-12-11,sma_exit,0.3,216.6149444580078,217.9157867431641,3,True
3840,MPC,2023-12-07,2023-12-12,sma_exit,0.96,134.1812286376953,135.877685546875,4,True
3841,WMB,2023-12-07,2023-12-18,sma_exit,-0.96,31.84766960144043,31.63796806335449,8,True
3842,VZ,2023-12-13,2023-12-14,sma_exit,2.08,30.892786026000977,31.627729415893555,2,True
3843,MCK,2023-12-14,2023-12-19,sma_exit,1.14,436.4540710449219,442.72894287109375,4,True
3844,CME,2023-12-15,2023-12-18,sma_exit,1.86,183.72467041015625,187.68833923339844,2,True
3845,UNH,2023-12-19,2023-12-27,sma_exit,-0.54,496.8383483886719,495.65325927734375,6,True
3846,ELV,2023-12-20,2023-12-22,sma_exit,1.3,440.02447509765625,447.0766296386719,3,True
3847,TMUS,2023-12-20,2023-12-22,sma_exit,0.46,147.5790557861328,148.6963348388672,3,True
3848,ADP,2023-12-21,2023-12-26,sma_exit,1.25,215.77838134765625,219.12355041503903,3,True
3849,ABNB,2023-12-27,2024-01-05,sma_exit,-0.72,136.5500030517578,135.97999572753906,7,True
3850,CRWD,2024-01-02,2024-01-08,sma_exit,5.53,61.72249984741211,65.31999969482422,5,True
3851,DASH,2024-01-02,2024-01-08,sma_exit,1.84,96.45999908447266,98.5199966430664,5,True
3852,ADBE,2024-01-02,2024-01-08,sma_exit,-0.22,580.0700073242188,580.5499877929688,5,True
3853,ANET,2024-01-02,2024-01-08,sma_exit,5.87,57.88999938964844,61.462501525878906,5,True
3854,BA,2024-01-02,2024-01-17,time_exit,-19.64,251.75999450683597,203.05999755859372,11,True
3855,CRM,2024-01-02,2024-01-08,sma_exit,1.55,251.77420043945312,256.43359375,5,True
3856,GOOGL,2024-01-02,2024-01-08,sma_exit,0.18,136.95556640625,137.6196746826172,5,True
3857,KLAC,2024-01-02,2024-01-08,sma_exit,0.05,54.87083435058594,55.06372833251953,5,True
3858,APH,2024-01-02,2024-01-08,sma_exit,-0.56,47.47725677490234,47.35467529296875,5,True
3859,VRT,2024-01-02,2024-01-05,sma_exit,1.17,45.50021743774414,46.16817092895508,4,True
3860,MU,2024-01-02,2024-01-05,sma_exit,1.05,81.675048828125,82.77607727050781,4,True
3861,PANW,2024-01-02,2024-01-08,sma_exit,-0.1,144.4600067138672,144.75,5,True
3862,INTU,2024-01-02,2024-01-08,sma_exit,-1.19,590.6863403320312,585.4229125976562,5,True
3863,GOOG,2024-01-02,2024-01-08,sma_exit,0.4,138.34030151367188,139.30181884765625,5,True
3864,APP,2024-01-02,2024-01-08,sma_exit,1.02,38.77999877929688,39.290000915527344,5,True
3865,NFLX,2024-01-02,2024-01-08,sma_exit,3.23,46.84999847412109,48.50299835205078,5,True
3866,LOW,2024-01-02,2024-01-08,sma_exit,-0.99,207.131591796875,205.7011566162109,5,True
3867,AMZN,2024-01-02,2024-01-08,sma_exit,-0.85,149.92999267578125,149.10000610351562,5,True
3868,QCOM,2024-01-02,2024-01-08,sma_exit,-1.16,133.1572723388672,132.01779174804688,5,False
3869,AMAT,2024-01-02,2024-01-08,sma_exit,-2.12,151.11724853515625,148.36648559570312,5,False
3870,UBER,2024-01-02,2024-01-08,sma_exit,0.78,58.380001068115234,59.0099983215332,5,False
3871,HD,2024-01-02,2024-01-05,sma_exit,-0.92,324.0235595703125,322.0141296386719,4,False
3872,MRVL,2024-01-02,2024-01-05,sma_exit,2.82,57.69802474975586,59.49672317504883,4,False
3873,AAPL,2024-01-02,2024-01-08,sma_exit,-0.34,183.40402221679688,183.32498168945312,5,False
3874,AVGO,2024-01-02,2024-01-08,sma_exit,-1.27,105.7468719482422,104.72095489501952,5,False
3875,CDNS,2024-01-02,2024-01-08,sma_exit,-0.68,262.8999938964844,261.9100036621094,5,False
3876,LRCX,2024-01-02,2024-01-08,sma_exit,0.75,73.3626708984375,74.13224029541016,5,False
3877,HOOD,2024-01-03,2024-01-08,sma_exit,5.04,11.789999961853027,12.420000076293944,4,False
3878,GE,2024-01-03,2024-01-05,sma_exit,1.5,97.54020690917967,99.29351043701172,3,False
3879,CAT,2024-01-03,2024-01-08,sma_exit,2.5,273.9752197265625,281.6365966796875,4,False
3880,STX,2024-01-03,2024-01-10,sma_exit,2.47,76.4670639038086,78.58720397949219,6,False
3881,NVDA,2024-01-03,2024-01-05,sma_exit,2.91,47.48460006713867,49.00988006591797,3,False
3882,HWM,2024-01-03,2024-01-05,sma_exit,1.73,52.38136672973633,53.44370269775391,3,False
3883,TT,2024-01-03,2024-01-05,sma_exit,1.65,230.8306427001953,235.33062744140625,3,False
3884,ADI,2024-01-03,2024-01-08,sma_exit,-0.29,181.17318725585935,181.1923675537109,4,False
3885,FCX,2024-01-03,2024-01-08,sma_exit,1.71,39.95317840576172,40.75475311279297,4,False
3886,TSLA,2024-01-03,2024-01-18,time_exit,-11.44,238.4499969482422,211.8800048828125,11,False
3887,BX,2024-01-03,2024-01-18,time_exit,-4.6,112.19745635986328,107.3739242553711,11,False
3888,KKR,2024-01-03,2024-01-05,sma_exit,1.43,78.49695587158203,79.85289764404297,3,False
3889,CME,2024-01-03,2024-01-16,sma_exit,-1.7,183.4812469482422,180.9213714599609,9,False
3890,IBM,2024-01-03,2024-01-08,sma_exit,0.35,147.6155242919922,148.57443237304688,4,False
3891,BLK,2024-01-03,2024-01-08,sma_exit,1.36,742.140869140625,754.482177734375,4,False
3892,META,2024-01-03,2024-01-05,sma_exit,1.87,341.47137451171875,348.8861999511719,3,False
3893,MCO,2024-01-03,2024-01-10,sma_exit,0.06,366.9949035644531,368.3250427246094,6,False
3894,ACN,2024-01-03,2024-01-08,sma_exit,0.42,321.2720642089844,323.5823974609375,4,False
3895,PWR,2024-01-03,2024-01-08,sma_exit,1.6,201.1742401123047,204.99351501464844,4,False
3896,ETN,2024-01-03,2024-01-08,sma_exit,2.22,225.44088745117188,231.127685546875,4,False
3897,BKNG,2024-01-03,2024-01-08,sma_exit,1.27,133.53424072265625,135.6324462890625,4,False
3898,PLTR,2024-01-03,2024-01-08,sma_exit,3.3,16.09000015258789,16.670000076293945,4,False
3899,PH,2024-01-03,2024-01-08,sma_exit,1.48,438.7661743164063,446.56451416015625,4,False
3900,ISRG,2024-01-03,2024-01-08,sma_exit,1.79,322.1300048828125,328.8599853515625,4,False
3901,CMCSA,2024-01-04,2024-01-08,sma_exit,2.28,36.26660537719727,37.2024040222168,3,False
3902,NOW,2024-01-04,2024-01-08,sma_exit,3.33,134.37399291992188,139.2519989013672,3,False
3903,WDC,2024-01-04,2024-01-10,sma_exit,0.68,37.635704040527344,38.00438690185547,5,False
3904,INTC,2024-01-04,2024-01-08,sma_exit,3.07,46.25057601928711,47.809696197509766,3,False
3905,UNP,2024-01-04,2024-01-18,sma_exit,-1.57,226.9085998535156,224.0188751220703,10,False
3906,MSFT,2024-01-04,2024-01-08,sma_exit,1.53,360.2491760253906,366.8580932617188,3,False
3907,MCD,2024-01-05,2024-01-10,sma_exit,1.46,270.4204406738281,275.1927795410156,4,True
3908,WELL,2024-01-05,2024-01-08,sma_exit,1.16,84.08198547363281,85.30730438232422,2,True
3909,SPGI,2024-01-05,2024-01-08,sma_exit,0.69,396.0387878417969,399.96282958984375,2,True
3910,GD,2024-01-08,2024-01-12,sma_exit,0.09,240.6114654541016,241.5499420166016,5,True
3911,PSX,2024-01-10,2024-01-12,sma_exit,2.37,118.29718017578124,121.46004486083984,3,True
3912,VLO,2024-01-10,2024-01-11,sma_exit,2.29,115.82737731933594,118.82587432861328,2,True
3913,LIN,2024-01-10,2024-01-12,sma_exit,0.45,393.0940246582031,396.038330078125,3,True
3914,COP,2024-01-10,2024-01-22,sma_exit,-3.11,102.2802963256836,99.41004943847656,8,True
3915,T,2024-01-11,2024-01-18,sma_exit,0.75,14.350262641906738,14.500571250915527,5,True
3916,C,2024-01-11,2024-01-22,sma_exit,1.16,48.12841033935547,48.83074569702149,7,True
3917,WMB,2024-01-11,2024-01-23,sma_exit,-2.69,31.710901260375977,30.95414352416992,8,True
3918,USB,2024-01-12,2024-01-19,sma_exit,-0.63,37.86556243896485,37.73979187011719,5,True
3919,CVS,2024-01-12,2024-01-23,sma_exit,-1.32,68.8627700805664,68.1631088256836,7,True
3920,WFC,2024-01-12,2024-01-19,sma_exit,1.22,44.46528244018555,45.14069747924805,5,True
3921,MS,2024-01-12,2024-01-22,sma_exit,-4.73,82.82505798339844,79.15933990478516,6,True
3922,BAC,2024-01-12,2024-01-19,sma_exit,-2.07,30.92556953430176,30.37871742248535,5,True
3923,AXP,2024-01-12,2024-01-19,sma_exit,0.32,177.10189819335938,178.2012481689453,5,True
3924,HOOD,2024-01-12,2024-01-22,sma_exit,-0.57,11.020000457763672,10.989999771118164,6,True
3925,FCX,2024-01-16,2024-01-24,sma_exit,1.81,37.704708099365234,38.499507904052734,7,True
3926,JPM,2024-01-16,2024-01-19,sma_exit,1.08,159.3981475830078,161.59950256347656,4,True
3927,SCHW,2024-01-16,2024-01-22,sma_exit,-1.36,61.990081787109375,61.334617614746094,5,True
3928,CAT,2024-01-17,2024-01-19,sma_exit,2.56,268.5111999511719,276.1933898925781,3,True
3929,PWR,2024-01-17,2024-01-18,sma_exit,0.57,199.59866333007807,201.34378051757807,2,True
3930,INTC,2024-01-17,2024-01-19,sma_exit,4.24,45.4512825012207,47.51365661621094,3,True
3931,COF,2024-01-17,2024-01-19,sma_exit,1.21,121.0561752319336,122.8804702758789,3,True
3932,MMM,2024-01-17,2024-01-19,sma_exit,1.28,82.96577453613281,84.27971649169922,3,True
3933,ADI,2024-01-17,2024-01-18,sma_exit,2.15,177.7886505126953,182.14157104492188,2,False
3934,PLD,2024-01-17,2024-01-22,sma_exit,1.18,116.83844757080078,118.56993103027344,4,False
3935,PNC,2024-01-18,2024-01-19,sma_exit,2.78,134.02206420898438,138.14468383789062,2,True
3936,DUK,2024-01-22,2024-01-25,sma_exit,0.4,85.89445495605469,86.49986267089844,4,True
3937,MNST,2024-01-22,2024-01-29,sma_exit,-1.6,56.31999969482422,55.59000015258789,6,True
3938,ABT,2024-01-24,2024-01-29,sma_exit,2.12,105.14398956298828,107.68788146972656,4,True
3939,MDT,2024-01-24,2024-01-26,sma_exit,1.85,78.06990051269531,79.74703216552734,3,True
3940,SYK,2024-01-24,2024-01-26,sma_exit,0.87,300.525146484375,304.0504455566406,3,True
3941,LOW,2024-01-24,2024-01-30,sma_exit,1.59,200.4612579345703,204.2410125732422,5,True
3942,QCOM,2024-01-30,2024-02-06,sma_exit,-1.59,138.61729431152344,136.83212280273438,6,True
3943,AAPL,2024-01-30,2024-02-05,sma_exit,-0.49,185.7751007080078,185.4194183349609,5,True
3944,WELL,2024-01-31,2024-02-01,sma_exit,1.69,82.17276763916016,83.8065414428711,2,True
3945,GOOG,2024-01-31,2024-02-06,sma_exit,2.25,140.5607147216797,144.13916015625,5,True
3946,GOOGL,2024-01-31,2024-02-06,sma_exit,2.56,138.86863708496094,142.83346557617188,5,True
3947,USB,2024-02-05,2024-02-08,sma_exit,0.37,36.0239372253418,36.26648712158203,4,True
3948,VZ,2024-02-06,2024-02-13,sma_exit,-2.66,34.90414047241211,34.080379486083984,6,True
3949,CMCSA,2024-02-07,2024-02-14,sma_exit,-2.26,36.46226119995117,35.74765396118164,6,True
3950,AMGN,2024-02-07,2024-02-22,sma_exit,-3.16,272.5616455078125,264.7675170898437,11,True
3951,WMB,2024-02-08,2024-02-12,sma_exit,1.2,31.036205291748047,31.50119972229004,3,True
3952,T,2024-02-08,2024-02-14,sma_exit,0.24,14.871930122375488,14.95150661468506,5,True
3953,RTX,2024-02-09,2024-02-14,sma_exit,0.67,85.88337707519531,86.71839904785156,4,True
3954,PG,2024-02-13,2024-02-15,sma_exit,0.17,146.23268127441406,146.92515563964844,3,True
3955,TMO,2024-02-13,2024-02-14,sma_exit,1.5,534.1817016601562,543.772216796875,2,True
3956,C,2024-02-13,2024-02-14,sma_exit,2.01,49.2221565246582,50.3603630065918,2,True
3957,MDT,2024-02-13,2024-02-15,sma_exit,1.05,77.02860260009766,78.06990051269531,3,True
3958,SPGI,2024-02-14,2024-02-20,sma_exit,0.84,389.8196105957031,394.2618713378906,4,True
3959,AAPL,2024-02-15,2024-02-22,sma_exit,-0.02,181.8772430419922,182.3817596435547,5,True
3960,ADBE,2024-02-16,2024-02-23,sma_exit,0.94,546.6599731445312,553.4400024414062,5,True
3961,MU,2024-02-16,2024-02-21,sma_exit,2.2,78.85797882080078,80.8319091796875,3,True
3962,VLO,2024-02-20,2024-02-22,sma_exit,3.22,126.3044891357422,130.74754333496094,3,True
3963,ANET,2024-02-21,2024-02-22,sma_exit,5.31,63.622501373291016,67.19000244140625,2,True
3964,NVDA,2024-02-21,2024-02-22,sma_exit,16.1,67.35228729248047,78.3986587524414,2,True
3965,FTNT,2024-02-21,2024-02-23,sma_exit,3.22,65.33999633789062,67.63999938964844,3,True
3966,PANW,2024-02-21,2024-02-26,sma_exit,15.28,130.98500061035156,151.38999938964844,4,True
3967,CRWD,2024-02-21,2024-02-26,sma_exit,9.51,73.08999633789062,80.25749969482422,4,True
3968,CVX,2024-02-27,2024-03-01,sma_exit,0.13,137.10543823242188,137.69114685058594,4,True
3969,CVS,2024-02-28,2024-03-06,sma_exit,-1.43,68.24478912353516,67.47331237792969,6,True
3970,INTC,2024-02-28,2024-02-29,sma_exit,2.22,41.556522369384766,42.60557556152344,2,True
3971,AMGN,2024-02-29,2024-03-01,sma_exit,2.07,254.2298889160156,260.2646484375,2,True
3972,ELV,2024-03-01,2024-03-04,sma_exit,0.75,478.2366333007813,483.26708984375,2,True
3973,CB,2024-03-01,2024-03-06,sma_exit,-0.33,244.2311553955078,244.1629638671875,4,True
3974,KO,2024-03-01,2024-03-11,sma_exit,0.89,55.3696403503418,56.03002548217773,7,True
3975,MRK,2024-03-04,2024-03-15,sma_exit,-1.72,114.69841003417967,113.07183837890624,10,True
3976,ADP,2024-03-04,2024-03-11,sma_exit,-0.58,231.99546813964844,231.3358154296875,6,True
3977,CRWD,2024-03-05,2024-03-06,sma_exit,10.46,74.38999938964844,82.39250183105469,2,True
3978,BRK-B,2024-03-05,2024-03-08,sma_exit,0.3,400.739990234375,403.1499938964844,4,True
3979,PANW,2024-03-06,2024-03-12,sma_exit,1.81,139.42999267578125,142.36500549316406,5,True
3980,TJX,2024-03-06,2024-03-11,sma_exit,-0.23,93.37329864501952,93.44110870361328,4,True
3981,UNP,2024-03-07,2024-03-12,sma_exit,0.56,235.6295318603516,237.65426635742188,4,True
3982,CME,2024-03-08,2024-03-11,sma_exit,1.48,195.0422515869141,198.5130615234375,2,True
3983,ICE,2024-03-11,2024-03-19,sma_exit,-1.05,132.85858154296875,131.86436462402344,7,True
3984,LLY,2024-03-11,2024-03-14,sma_exit,3.29,721.9876708984375,747.9032592773438,4,True
3985,STX,2024-03-12,2024-03-19,sma_exit,-5.28,86.620849609375,82.3045425415039,6,True
3986,EQIX,2024-03-13,2024-03-27,sma_exit,-6.29,822.4166870117188,773.1795043945312,11,True
3987,DELL,2024-03-13,2024-03-20,sma_exit,0.67,105.89595794677734,106.9260482788086,6,True
3988,FTNT,2024-03-14,2024-03-20,sma_exit,-0.55,68.04000091552734,67.87000274658203,5,True
3989,CSX,2024-03-14,2024-03-20,sma_exit,1.27,35.74156951904297,36.301387786865234,5,True
3990,MRVL,2024-03-14,2024-03-21,sma_exit,0.47,65.61322021484375,66.1196060180664,6,True
3991,CRM,2024-03-15,2024-03-19,sma_exit,2.12,289.70245361328125,296.7105712890625,3,True
3992,ABT,2024-03-15,2024-03-26,sma_exit,-3.75,109.624267578125,105.8369369506836,8,True
3993,BLK,2024-03-15,2024-03-20,sma_exit,1.62,764.2400512695312,778.8768310546875,4,True
3994,TMO,2024-03-15,2024-03-21,sma_exit,-0.3,579.7389526367188,579.71923828125,5,True
3995,MDT,2024-03-15,2024-03-20,sma_exit,0.26,77.01018524169922,77.44328308105469,4,True
3996,UBER,2024-03-18,2024-03-19,sma_exit,1.52,75.69999694824219,77.08000183105469,2,True
3997,GLW,2024-03-18,2024-03-19,sma_exit,0.38,30.92633819580078,31.136781692504883,2,True
3998,WDC,2024-03-18,2024-03-20,sma_exit,2.08,44.6256217956543,45.6865234375,3,True
3999,PLD,2024-03-18,2024-03-21,sma_exit,1.07,118.89025115966795,120.51394653320312,4,True
4000,TMUS,2024-03-19,2024-03-25,sma_exit,-0.06,154.11131286621094,154.4756622314453,5,True
4001,QCOM,2024-03-19,2024-03-20,sma_exit,1.88,156.6148681640625,160.02203369140625,2,True
4002,MRSH,2024-03-22,2024-03-27,sma_exit,0.28,195.8889923095703,197.0293426513672,4,True
4003,ACN,2024-03-22,2024-03-27,sma_exit,0.72,322.0444641113281,325.3269348144531,4,True
4004,MNST,2024-03-25,2024-03-28,sma_exit,0.02,59.09000015258789,59.27999877929688,4,True
4005,PG,2024-03-25,2024-03-27,sma_exit,1.21,149.90090942382812,152.16546630859375,3,True
4006,META,2024-03-28,2024-04-02,sma_exit,2.13,481.8636779785156,493.5634460449219,3,True
4007,MNST,2024-04-01,2024-04-15,time_exit,-6.59,57.7400016784668,54.11000061035156,11,True
4008,V,2024-04-01,2024-04-05,sma_exit,-0.71,273.0928649902344,271.97412109375,5,True
4009,ABNB,2024-04-01,2024-04-05,sma_exit,-1.28,163.3699951171875,161.77000427246094,5,True
4010,KKR,2024-04-02,2024-04-05,sma_exit,2.79,96.35862731933594,99.34089660644533,4,True
4011,CVS,2024-04-02,2024-04-08,sma_exit,0.54,67.0013427734375,67.56407165527344,5,True
4012,ELV,2024-04-02,2024-04-05,sma_exit,1.33,479.8917541503906,487.7069396972656,4,True
4013,ISRG,2024-04-02,2024-04-05,sma_exit,1.28,382.3599853515625,388.3900146484375,4,True
4014,MAR,2024-04-02,2024-04-05,sma_exit,2.2,242.00721740722656,248.0539703369141,4,True
4015,LIN,2024-04-02,2024-04-05,sma_exit,0.43,448.1281433105469,451.3919677734375,4,True
4016,WMT,2024-04-02,2024-04-05,sma_exit,0.87,57.73458480834961,58.40795516967773,4,True
4017,COST,2024-04-02,2024-04-05,sma_exit,0.04,701.4373168945312,703.82373046875,4,True
4018,NVDA,2024-04-03,2024-04-10,sma_exit,-2.46,88.8103256225586,86.88864135742188,6,True
4019,MO,2024-04-03,2024-04-09,sma_exit,-0.32,35.85487747192383,35.84636688232422,5,True
4020,PG,2024-04-03,2024-04-09,sma_exit,0.03,146.12042236328125,146.59762573242188,5,True
4021,HD,2024-04-03,2024-04-08,sma_exit,0.3,339.96044921875,341.9913024902344,4,True
4022,LOW,2024-04-03,2024-04-08,sma_exit,0.49,229.16656494140625,230.9660186767578,4,True
4023,PLTR,2024-04-04,2024-04-05,sma_exit,1.84,22.479999542236328,22.959999084472656,2,True
4024,WM,2024-04-04,2024-04-10,sma_exit,0.24,200.2183837890625,201.2915496826172,5,True
4025,INTU,2024-04-04,2024-04-05,sma_exit,2.03,608.7427978515625,622.910888671875,2,True
4026,TJX,2024-04-04,2024-04-09,sma_exit,1.11,92.74370574951172,94.0513153076172,4,True
4027,CRWD,2024-04-04,2024-04-10,sma_exit,0.78,77.29750061035156,78.13249969482422,5,False
4028,DHR,2024-04-04,2024-04-08,sma_exit,0.67,238.61317443847656,240.9312438964844,3,False
4029,KO,2024-04-04,2024-04-09,sma_exit,0.41,55.59689331054688,55.99066925048828,4,False
4030,AMGN,2024-04-04,2024-04-11,sma_exit,0.41,248.9007873535156,250.674072265625,6,False
4031,CB,2024-04-04,2024-04-18,sma_exit,-3.01,246.6151885986328,239.92747497558597,11,False
4032,INTC,2024-04-04,2024-04-18,time_exit,-12.1,39.31985092163086,34.67826843261719,11,False
4033,ABBV,2024-04-04,2024-04-17,sma_exit,-1.56,154.35240173339844,152.40707397460938,10,False
4034,REGN,2024-04-04,2024-04-09,sma_exit,0.43,928.26025390625,935.0660400390624,4,False
4035,HOOD,2024-04-04,2024-04-11,sma_exit,2.68,18.450000762939453,19.0,6,False
4036,BLK,2024-04-04,2024-04-09,sma_exit,1.19,754.3074340820312,765.5540161132812,4,False
4037,VRTX,2024-04-04,2024-04-18,time_exit,-2.91,404.010009765625,393.4800109863281,11,False
4038,TXN,2024-04-05,2024-04-08,sma_exit,0.87,156.35333251953125,158.1829071044922,2,True
4039,T,2024-04-09,2024-04-18,sma_exit,-3.67,15.187423706054688,14.675185203552246,8,True
4040,ICE,2024-04-10,2024-04-19,sma_exit,-1.6,129.373046875,127.68949127197266,8,True
4041,VZ,2024-04-10,2024-04-18,sma_exit,-1.26,34.96883773803711,34.63227081298828,7,True
4042,CSX,2024-04-10,2024-04-22,sma_exit,-2.53,34.17794418334961,33.41542053222656,9,True
4043,BRK-B,2024-04-11,2024-04-18,sma_exit,-2.19,407.6099853515625,399.8900146484375,6,True
4044,MRK,2024-04-12,2024-04-19,sma_exit,-0.27,116.99847412109376,117.0356903076172,6,True
4045,UNP,2024-04-12,2024-04-19,sma_exit,-1.29,221.7778167724609,219.58282470703125,6,True
4046,HD,2024-04-12,2024-04-19,sma_exit,-2.49,323.8739624023437,316.780029296875,6,True
4047,PSX,2024-04-12,2024-04-22,sma_exit,-3.65,149.60975646972656,144.6009979248047,7,True
4048,DIS,2024-04-12,2024-04-23,sma_exit,-0.56,110.90016174316406,110.60834503173828,8,True
4049,GS,2024-04-12,2024-04-15,sma_exit,2.62,369.89886474609375,380.7159729003906,2,True
4050,HCA,2024-04-12,2024-04-22,sma_exit,-4.18,317.4768371582031,305.1739196777344,7,True
4051,JPM,2024-04-12,2024-04-19,sma_exit,1.35,174.452880859375,177.3256072998047,6,True
4052,REGN,2024-04-12,2024-04-22,sma_exit,-0.8,896.2423706054688,891.7448120117188,7,True
4053,IBM,2024-04-12,2024-04-23,sma_exit,-0.34,169.58888244628906,169.5144500732422,8,True
4054,MCO,2024-04-12,2024-04-18,sma_exit,-0.98,369.7186279296875,367.2091369628906,5,True
4055,MS,2024-04-12,2024-04-16,sma_exit,3.12,80.36368560791016,83.11426544189453,3,True
4056,SPGI,2024-04-12,2024-04-18,sma_exit,-1.36,387.4775085449219,383.35986328125,5,True
4057,SCHW,2024-04-12,2024-04-15,sma_exit,1.41,67.77513122558594,68.93651580810547,2,True
4058,SYK,2024-04-12,2024-04-23,sma_exit,-2.39,334.7843017578125,327.79595947265625,8,False
4059,FTNT,2024-04-15,2024-04-23,sma_exit,-0.19,64.7300033569336,64.80000305175781,7,True
4060,INTU,2024-04-15,2024-04-22,sma_exit,-0.68,600.605224609375,598.2994995117188,6,True
4061,MA,2024-04-15,2024-04-23,sma_exit,0.36,453.6559753417969,456.6455383300781,7,False
4062,TT,2024-04-15,2024-04-23,sma_exit,0.11,288.3454895019531,289.5327453613281,7,False
4063,PNC,2024-04-15,2024-04-19,sma_exit,1.53,138.41018676757812,140.94595336914062,5,False
4064,CRM,2024-04-15,2024-04-23,sma_exit,1.09,268.609375,272.3300170898437,7,False
4065,MRSH,2024-04-15,2024-04-18,sma_exit,1.93,189.74868774414065,193.98948669433597,4,False
4066,PH,2024-04-15,2024-04-22,sma_exit,-0.97,530.532958984375,526.9691772460938,6,False
4067,TJX,2024-04-15,2024-04-19,sma_exit,0.11,90.06068420410156,90.42874908447266,5,False
4068,MRVL,2024-04-15,2024-04-24,sma_exit,-4.76,67.45716094970703,64.446044921875,8,False
4069,SO,2024-04-15,2024-04-17,sma_exit,1.76,62.954200744628906,64.25212860107422,3,False
4070,WMB,2024-04-15,2024-04-19,sma_exit,1.47,34.95540237426758,35.57433319091797,5,False
4071,CAT,2024-04-15,2024-04-22,sma_exit,-1.67,352.3189392089844,347.4815979003906,6,False
4072,NOW,2024-04-15,2024-04-23,sma_exit,0.4,147.16200256347656,148.19000244140625,7,False
4073,LOW,2024-04-15,2024-04-19,sma_exit,-0.2,218.98878479003903,219.20779418945312,5,False
4074,DE,2024-04-15,2024-04-18,sma_exit,1.43,382.0271911621094,388.6239318847656,4,False
4075,CVX,2024-04-15,2024-04-18,sma_exit,-0.31,141.99818420410156,141.9801788330078,4,False
4076,MO,2024-04-15,2024-04-17,sma_exit,0.07,34.858909606933594,34.986595153808594,3,False
4077,VLO,2024-04-16,2024-04-22,sma_exit,-2.13,158.07003784179688,155.1796875,5,True
4078,DUK,2024-04-16,2024-04-17,sma_exit,1.46,84.86798858642578,86.3575439453125,2,True
4079,NEM,2024-04-16,2024-04-18,sma_exit,0.85,36.69108581542969,37.11470413208008,3,False
4080,COF,2024-04-16,2024-04-18,sma_exit,3.53,131.55763244628906,136.5919647216797,3,False
4081,BNY,2024-04-16,2024-04-18,sma_exit,2.01,51.09961318969727,52.28247833251953,3,False
4082,MPC,2024-04-16,2024-04-23,sma_exit,-2.37,194.1486968994141,190.1392517089844,6,False
4083,NEE,2024-04-16,2024-04-17,sma_exit,3.09,57.41984939575195,59.3648681640625,2,False
4084,BLK,2024-04-16,2024-04-22,sma_exit,1.09,713.9109497070312,723.8528442382812,5,False
4085,C,2024-04-16,2024-04-19,sma_exit,3.42,53.196510314941406,55.174346923828125,4,False
4086,USB,2024-04-16,2024-04-19,sma_exit,-1.64,37.25177764892578,36.75205993652344,4,False
4087,WELL,2024-04-16,2024-04-17,sma_exit,1.27,84.42894744873047,85.75785827636719,2,False
4088,COP,2024-04-16,2024-04-19,sma_exit,-0.42,120.01150512695312,119.8725128173828,4,False
4089,TMO,2024-04-16,2024-04-22,sma_exit,-1.41,550.3626098632812,544.2391357421875,5,False
4090,PLTR,2024-04-17,2024-04-23,sma_exit,1.25,21.309999465942383,21.63999938964844,5,True
4091,CRWD,2024-04-17,2024-04-23,sma_exit,1.73,73.42250061035156,74.9124984741211,5,False
4092,META,2024-04-17,2024-04-18,sma_exit,1.24,490.3879089355469,497.9595642089844,2,False
4093,CDNS,2024-04-17,2024-04-26,sma_exit,-4.15,293.7099914550781,282.4100036621094,8,False
4094,JCI,2024-04-17,2024-04-22,sma_exit,1.19,61.875736236572266,62.79867935180664,4,False
4095,MAR,2024-04-17,2024-04-23,sma_exit,0.22,232.94195556640625,234.1434783935547,5,False
4096,MU,2024-04-18,2024-04-23,sma_exit,0.17,111.13326263427734,111.65949249267578,4,True
4097,ETN,2024-04-18,2024-04-23,sma_exit,0.96,299.7245788574219,303.5082092285156,4,True
4098,BKNG,2024-04-18,2024-04-22,sma_exit,0.66,134.6955108642578,135.98585510253906,3,True
4099,XOM,2024-04-18,2024-04-19,sma_exit,0.85,109.38611602783205,110.64129638671876,2,True
4100,PWR,2024-04-18,2024-04-23,sma_exit,2.25,245.0747985839844,251.3293609619141,4,False
4101,ANET,2024-04-18,2024-04-24,sma_exit,-1.24,64.29750061035156,63.692501068115234,5,False
4102,QCOM,2024-04-18,2024-04-23,sma_exit,-0.36,154.0762176513672,153.99029541015625,4,False
4103,WMT,2024-04-18,2024-04-22,sma_exit,1.18,57.83216857910156,58.69096374511719,3,False
4104,AMZN,2024-04-18,2024-04-23,sma_exit,-0.12,179.22000122070312,179.5399932861328,4,False
4105,MSFT,2024-04-18,2024-04-23,sma_exit,0.52,396.5517883300781,399.7887878417969,4,False
4106,APH,2024-04-19,2024-04-22,sma_exit,1.23,54.12701416015625,54.95731735229492,2,True
4107,NFLX,2024-04-19,2024-04-25,sma_exit,1.46,55.50400161743164,56.47999954223633,5,True
4108,KKR,2024-04-19,2024-04-22,sma_exit,1.7,91.16175842285156,92.98261260986328,2,True
4109,WDC,2024-04-19,2024-04-23,sma_exit,5.56,49.69688415527344,52.60872268676758,3,True
4110,COST,2024-04-19,2024-04-22,sma_exit,0.54,699.6722412109375,705.5396728515625,2,True
4111,VRT,2024-04-19,2024-04-23,sma_exit,5.25,74.80549621582031,78.95415496826172,3,True
4112,ISRG,2024-04-19,2024-04-23,sma_exit,2.63,366.3399963378906,377.0799865722656,3,False
4113,LLY,2024-04-19,2024-04-23,sma_exit,2.37,714.0636596679688,733.1168823242188,3,False
4114,AVGO,2024-04-19,2024-04-23,sma_exit,3.39,117.87286376953124,122.22493743896484,3,False
4115,APP,2024-04-19,2024-04-23,sma_exit,6.26,66.80000305175781,71.18499755859375,3,False
4116,DASH,2024-04-19,2024-04-23,sma_exit,1.41,127.18000030517578,129.36000061035156,3,False
4117,UBER,2024-04-19,2024-04-23,sma_exit,2.01,69.19999694824219,70.80000305175781,3,False
4118,HOOD,2024-04-19,2024-04-22,sma_exit,3.07,16.6299991607666,17.190000534057617,2,False
4119,DHR,2024-04-19,2024-04-23,sma_exit,7.17,232.3100128173828,249.6708526611328,3,False
4120,ORCL,2024-04-19,2024-04-24,sma_exit,0.1,112.09268951416016,112.54151916503906,4,False
4121,AMAT,2024-04-22,2024-04-24,sma_exit,3.18,185.7822113037109,192.25405883789065,3,True
4122,LRCX,2024-04-22,2024-04-23,sma_exit,1.93,85.1741714477539,87.07276916503906,2,True
4123,LIN,2024-04-26,2024-04-29,sma_exit,0.13,430.4881896972656,432.3241271972656,2,True
4124,ABBV,2024-04-26,2024-05-03,sma_exit,2.31,148.1109161376953,151.98023986816406,6,True
4125,DE,2024-04-26,2024-04-29,sma_exit,1.64,381.5712890625,388.9731750488281,2,True
4126,PGR,2024-04-29,2024-05-01,sma_exit,2.18,190.09056091308597,194.80902099609372,3,True
4127,PSX,2024-04-30,2024-05-06,sma_exit,1.03,131.85804748535156,133.61663818359375,5,True
4128,WFC,2024-04-30,2024-05-02,sma_exit,0.56,56.038124084472656,56.51991653442383,3,True
4129,BRK-B,2024-04-30,2024-05-02,sma_exit,0.68,396.7300109863281,400.6000061035156,3,True
4130,MA,2024-04-30,2024-05-06,sma_exit,-0.71,445.1805114746094,443.37493896484375,5,True
4131,DIS,2024-04-30,2024-05-02,sma_exit,1.07,108.06952667236328,109.5480728149414,3,True
4132,ICE,2024-04-30,2024-05-03,sma_exit,1.05,125.30519104003906,126.99851989746094,4,True
4133,UBER,2024-04-30,2024-05-02,sma_exit,3.17,66.2699966430664,68.56999969482422,3,True
4134,BX,2024-04-30,2024-05-06,sma_exit,3.64,108.4784698486328,112.75768280029295,5,True
4135,V,2024-04-30,2024-05-06,sma_exit,1.21,263.6030578613281,267.5874328613281,5,True
4136,COP,2024-04-30,2024-05-07,sma_exit,-1.96,116.3888168334961,114.4616470336914,6,True
4137,CME,2024-05-01,2024-05-07,sma_exit,-0.17,190.54583740234372,190.79307556152344,5,True
4138,IBM,2024-05-01,2024-05-03,sma_exit,0.48,152.99005126953125,154.18101501464844,3,True
4139,WMB,2024-05-01,2024-05-03,sma_exit,1.76,35.0015869140625,35.722129821777344,3,True
4140,BAC,2024-05-01,2024-05-03,sma_exit,0.51,35.083824157714844,35.36867141723633,3,True
4141,MAR,2024-05-01,2024-05-06,sma_exit,0.97,228.4484100341797,231.3399353027344,4,True
4142,COF,2024-05-01,2024-05-06,sma_exit,0.89,136.60157775878906,138.23146057128906,4,True
4143,MPC,2024-05-01,2024-05-06,sma_exit,1.83,170.4443817138672,174.0728759765625,4,True
4144,JCI,2024-05-01,2024-05-06,sma_exit,4.51,58.747467041015625,61.5745735168457,4,True
4145,LIN,2024-05-02,2024-05-07,sma_exit,2.17,407.60296630859375,417.6856994628906,4,True
4146,DASH,2024-05-02,2024-05-09,sma_exit,1.33,114.30999755859376,116.16999816894533,6,True
4147,PH,2024-05-02,2024-05-06,sma_exit,3.49,518.1427001953125,537.7775268554688,3,True
4148,JPM,2024-05-03,2024-05-06,sma_exit,0.48,181.8207855224609,183.2427978515625,2,True
4149,ABNB,2024-05-09,2024-05-16,sma_exit,-0.2,147.0500030517578,147.19000244140625,6,True
4150,HOOD,2024-05-10,2024-05-14,sma_exit,10.73,16.229999542236328,18.020000457763672,3,True
4151,GE,2024-05-13,2024-05-15,sma_exit,2.19,157.41114807128906,161.3291778564453,3,True
4152,DIS,2024-05-15,2024-05-28,sma_exit,-0.62,99.9667510986328,99.64575958251952,9,True
4153,MPC,2024-05-15,2024-05-17,sma_exit,3.77,165.20643615722656,171.92379760742188,3,True
4154,COP,2024-05-15,2024-05-17,sma_exit,0.54,112.54178619384766,113.4835205078125,3,True
4155,UNP,2024-05-21,2024-05-31,sma_exit,-0.65,222.3077087402344,221.5392608642578,8,True
4156,LOW,2024-05-21,2024-05-31,sma_exit,-1.89,215.10888671875,211.69366455078125,8,True
4157,CVX,2024-05-23,2024-05-28,sma_exit,1.04,142.84046936035156,144.75181579589844,3,True
4158,AMZN,2024-05-23,2024-05-28,sma_exit,0.31,181.0500030517578,182.1499938964844,3,True
4159,BLK,2024-05-23,2024-05-31,sma_exit,-1.9,747.1271362304688,735.204345703125,6,True
4160,ANET,2024-05-23,2024-05-29,sma_exit,1.99,75.3550033569336,77.07749938964844,4,True
4161,AXP,2024-05-23,2024-05-30,sma_exit,0.45,229.78256225585935,231.50010681152344,5,True
4162,PLTR,2024-05-23,2024-05-28,sma_exit,1.29,20.71999931335449,21.049999237060547,3,True
4163,ABBV,2024-05-23,2024-05-31,sma_exit,1.58,146.8489532470703,149.61412048339844,6,True
4164,XOM,2024-05-23,2024-05-30,sma_exit,0.12,105.61315155029295,106.05976104736328,5,True
4165,PH,2024-05-23,2024-05-31,sma_exit,0.64,515.6444702148438,520.4918823242188,6,True
4166,DASH,2024-05-23,2024-05-24,sma_exit,1.91,110.38999938964844,112.83000183105467,2,True
4167,SCHW,2024-05-23,2024-05-30,sma_exit,-0.94,70.24060821533203,69.79395294189453,5,True
4168,V,2024-05-23,2024-05-31,sma_exit,-0.95,269.6163635253906,267.8761291503906,6,True
4169,MA,2024-05-23,2024-05-31,sma_exit,-1.22,445.1903991699219,441.1056213378906,6,True
4170,COF,2024-05-23,2024-05-31,sma_exit,-0.2,133.15992736816406,133.29550170898438,6,True
4171,TMO,2024-05-24,2024-06-03,sma_exit,-2.78,579.6398315429688,565.279052734375,6,True
4172,CRM,2024-05-24,2024-06-05,sma_exit,-13.43,268.0090026855469,232.81121826171875,8,True
4173,COP,2024-05-24,2024-05-28,sma_exit,1.16,109.3249740600586,110.91939544677734,2,True
4174,ELV,2024-05-24,2024-05-31,sma_exit,2.97,501.2225341796875,517.6316528320312,5,True
4175,INTU,2024-05-24,2024-06-05,sma_exit,-5.69,595.5716552734375,563.4672241210938,8,False
4176,LMT,2024-05-28,2024-05-31,sma_exit,2.29,429.3981628417969,440.505859375,4,True
4177,AMGN,2024-05-28,2024-05-31,sma_exit,1.59,280.6825866699219,285.9748229980469,4,True
4178,ADP,2024-05-28,2024-05-31,sma_exit,0.37,230.5871124267578,232.1224365234375,4,True
4179,MRSH,2024-05-28,2024-05-31,sma_exit,1.47,196.14352416992188,199.61502075195312,4,True
4180,PG,2024-05-28,2024-05-31,sma_exit,0.58,153.61891174316406,154.9656982421875,4,True
4181,MRK,2024-05-28,2024-06-03,sma_exit,1.55,117.32412719726562,119.49215698242188,5,False
4182,NOW,2024-05-28,2024-06-05,sma_exit,-3.7,145.77200317382812,140.82200622558594,7,False
4183,PEP,2024-05-28,2024-06-04,sma_exit,-0.01,159.65623474121094,160.12582397460938,6,False
4184,KO,2024-05-29,2024-05-30,sma_exit,0.14,57.84701919555664,58.10015869140625,2,True
4185,CAT,2024-05-29,2024-06-10,sma_exit,-2.81,328.5339050292969,320.27459716796875,9,False
4186,MO,2024-05-29,2024-05-30,sma_exit,0.34,38.43418502807617,38.68104553222656,2,False
4187,MS,2024-05-29,2024-06-07,sma_exit,-0.43,91.53280639648438,91.41046905517578,8,False
4188,BX,2024-05-29,2024-05-31,sma_exit,3.46,108.0319366455078,112.09719848632812,3,False
4189,WM,2024-05-29,2024-05-31,sma_exit,2.92,197.38558959960935,203.73760986328125,3,False
4190,PSX,2024-05-29,2024-05-31,sma_exit,2.54,128.24716186523438,131.88514709472656,3,False
4191,MMM,2024-05-29,2024-05-31,sma_exit,2.34,93.41757202148438,95.88802337646484,3,False
4192,MSFT,2024-05-30,2024-06-05,sma_exit,1.95,407.4869384765625,416.66510009765625,5,True
4193,IBM,2024-05-30,2024-06-05,sma_exit,0.76,155.63638305664062,157.28079223632812,5,True
4194,VLO,2024-05-30,2024-06-04,sma_exit,2.67,142.125732421875,146.34527587890625,4,True
4195,SPGI,2024-05-30,2024-06-03,sma_exit,1.52,391.8103332519531,398.9385986328125,3,True
4196,DHR,2024-05-30,2024-06-03,sma_exit,3.12,249.30589294433597,257.8284606933594,3,False
4197,AMZN,2024-05-31,2024-06-04,sma_exit,1.34,176.44000244140625,179.33999633789062,3,True
4198,AVGO,2024-05-31,2024-06-05,sma_exit,6.06,129.9897918701172,138.26148986816406,4,True
4199,LRCX,2024-05-31,2024-06-05,sma_exit,3.91,91.49009704589844,95.34420013427734,4,True
4200,APH,2024-06-03,2024-06-05,sma_exit,0.84,64.74409484863281,65.48106384277344,3,True
4201,ETN,2024-06-03,2024-06-10,sma_exit,-0.76,315.7229309082031,314.2828674316406,6,True
4202,VRT,2024-06-03,2024-06-10,sma_exit,-5.3,95.84797668457033,91.05108642578124,6,True
4203,CRWD,2024-06-03,2024-06-05,sma_exit,10.55,77.17250061035156,85.54499816894531,3,True
4204,ANET,2024-06-04,2024-06-06,sma_exit,0.86,73.29499816894531,74.14250183105469,3,True
4205,AMAT,2024-06-04,2024-06-05,sma_exit,4.95,208.4797821044922,219.4332427978516,2,True
4206,KLAC,2024-06-04,2024-06-05,sma_exit,4.28,73.80459594726562,77.188232421875,2,True
4207,WFC,2024-06-06,2024-06-17,sma_exit,0.58,54.84962463378906,55.33417510986328,8,True
4208,NEE,2024-06-07,2024-06-10,sma_exit,1.8,70.61463928222656,72.09455108642578,2,True
4209,C,2024-06-11,2024-06-17,sma_exit,1.26,55.65365982055664,56.51942443847656,5,True
4210,APP,2024-06-11,2024-06-14,sma_exit,-0.08,77.3499984741211,77.5199966430664,4,True
4211,GS,2024-06-11,2024-06-17,sma_exit,1.03,424.4767456054688,430.1235046386719,5,True
4212,AXP,2024-06-11,2024-06-17,sma_exit,1.37,219.1160888671875,222.7659149169922,5,True
4213,AMGN,2024-06-11,2024-06-17,sma_exit,0.56,281.1594543457031,283.5718078613281,5,True
4214,DUK,2024-06-12,2024-06-14,sma_exit,0.73,93.5173797607422,94.47731018066406,3,True
4215,PGR,2024-06-12,2024-06-17,sma_exit,2.57,186.19993591308597,191.5346221923828,4,True
4216,KO,2024-06-12,2024-06-18,sma_exit,0.08,58.95333480834961,59.174560546875,5,True
4217,T,2024-06-12,2024-06-18,sma_exit,2.2,15.82547664642334,16.22088623046875,5,True
4218,MPC,2024-06-12,2024-06-17,sma_exit,1.46,161.4841766357422,164.32611083984375,4,True
4219,VLO,2024-06-12,2024-06-17,sma_exit,1.54,139.7522735595703,142.32354736328125,4,True
4220,VZ,2024-06-12,2024-06-18,sma_exit,0.48,34.321590423583984,34.58911895751953,5,True
4221,MO,2024-06-12,2024-06-18,sma_exit,-0.49,39.04708099365234,38.97103118896485,5,True
4222,WELL,2024-06-12,2024-06-13,sma_exit,0.67,98.95783233642578,99.91980743408205,2,True
4223,SYK,2024-06-13,2024-06-18,sma_exit,1.35,335.7337341308594,341.2637634277344,4,True
4224,CVX,2024-06-13,2024-06-18,sma_exit,0.02,139.1088104248047,139.55479431152344,4,True
4225,RTX,2024-06-13,2024-06-20,sma_exit,-0.26,100.9207763671875,100.95922088623048,5,True
4226,XOM,2024-06-13,2024-06-20,sma_exit,1.24,102.38455963134766,103.96627807617188,5,True
4227,HWM,2024-06-14,2024-06-21,sma_exit,1.22,78.48807525634766,79.68120574951172,5,True
4228,SCHW,2024-06-17,2024-06-21,sma_exit,0.43,70.69696807861328,71.21158599853516,4,True
4229,TMO,2024-06-17,2024-06-24,sma_exit,-0.66,564.0951538085938,562.0592041015625,5,True
4230,AMD,2024-06-18,2024-06-20,sma_exit,4.32,154.6300048828125,161.77999877929688,2,True
4231,JCI,2024-06-20,2024-06-24,sma_exit,1.1,66.24755096435547,67.1756362915039,3,True
4232,MRVL,2024-06-24,2024-06-28,sma_exit,2.84,67.34784698486328,69.4645767211914,5,True
4233,PWR,2024-06-26,2024-07-03,sma_exit,-4.76,265.91339111328125,254.06285095214844,6,True
4234,KKR,2024-06-26,2024-07-02,sma_exit,-0.16,104.29309844970705,104.44097900390624,5,True
4235,MA,2024-06-27,2024-07-02,sma_exit,0.13,436.84320068359375,438.7178955078125,4,True
4236,V,2024-06-27,2024-07-02,sma_exit,0.32,262.1048583984375,263.7173156738281,4,True
4237,GD,2024-06-27,2024-07-10,sma_exit,-3.44,280.1220092773437,271.3326110839844,9,True
4238,RTX,2024-06-27,2024-07-03,sma_exit,-0.18,96.6833267211914,96.79862213134766,5,True
4239,MCK,2024-06-28,2024-07-05,sma_exit,0.34,578.443359375,582.1277465820312,5,True
4240,DIS,2024-06-28,2024-07-12,sma_exit,-2.02,96.58167266845705,94.91647338867188,10,True
4241,MRK,2024-06-28,2024-07-05,sma_exit,1.84,115.88249206542967,118.3629913330078,5,True
4242,DHR,2024-07-01,2024-07-10,sma_exit,-1.24,241.4466552734375,239.1656036376953,7,True
4243,LIN,2024-07-01,2024-07-05,sma_exit,1.28,417.9937133789063,424.6007080078125,4,True
4244,BRK-B,2024-07-01,2024-07-05,sma_exit,1.18,405.1900024414063,411.1700134277344,4,True
4245,PG,2024-07-01,2024-07-05,sma_exit,1.23,153.2516326904297,155.5967254638672,4,True
4246,BX,2024-07-01,2024-07-03,sma_exit,0.66,113.70655822753906,114.79497528076172,3,True
4247,HCA,2024-07-01,2024-07-03,sma_exit,3.33,310.5054626464844,321.7680969238281,3,True
4248,ETN,2024-07-01,2024-07-03,sma_exit,1.64,303.95855712890625,309.8455810546875,3,True
4249,DASH,2024-07-02,2024-07-05,sma_exit,2.97,107.4499969482422,110.95999908447266,3,True
4250,SYK,2024-07-03,2024-07-05,sma_exit,1.28,325.7325439453125,330.8635559082031,2,True
4251,CVX,2024-07-05,2024-07-10,sma_exit,0.23,140.4467315673828,141.1930694580078,4,True
4252,LMT,2024-07-05,2024-07-12,sma_exit,0.04,435.7631530761719,437.2434997558594,6,True
4253,PSX,2024-07-08,2024-07-11,sma_exit,0.41,126.16832733154295,127.06856536865234,4,True
4254,VLO,2024-07-08,2024-07-12,sma_exit,-0.33,139.356689453125,139.3190155029297,5,True
4255,MMM,2024-07-09,2024-07-10,sma_exit,1.69,95.45713806152344,97.35305786132812,2,True
4256,XOM,2024-07-09,2024-07-11,sma_exit,1.78,103.22193908691406,105.37123107910156,3,True
4257,MCK,2024-07-11,2024-07-16,sma_exit,1.22,569.7177734375,578.354248046875,4,True
4258,APP,2024-07-11,2024-07-12,sma_exit,3.18,82.01000213623047,84.86000061035156,2,True
4259,ABNB,2024-07-11,2024-07-16,sma_exit,3.3,146.0,151.25999450683594,4,True
4260,CRWD,2024-07-11,2024-07-15,sma_exit,1.57,92.60749816894533,94.34249877929688,3,True
4261,NFLX,2024-07-11,2024-07-22,sma_exit,-1.1,65.2750015258789,64.75,8,True
4262,AMZN,2024-07-15,2024-07-23,sma_exit,-3.57,192.72000122070312,186.41000366210935,7,True
4263,DELL,2024-07-16,2024-07-22,sma_exit,-4.41,129.7534942626953,124.41879272460938,5,True
4264,SCHW,2024-07-16,2024-07-22,sma_exit,-4.27,65.4731216430664,62.870880126953125,5,True
4265,META,2024-07-16,2024-07-22,sma_exit,-0.79,486.5240478515625,484.1499633789063,5,True
4266,FCX,2024-07-17,2024-07-26,sma_exit,-7.52,47.28742980957031,43.87493896484375,8,True
4267,AMAT,2024-07-17,2024-07-22,sma_exit,1.24,216.19143676757807,219.531494140625,4,True
4268,ISRG,2024-07-17,2024-07-19,sma_exit,6.45,426.2300109863281,455.010009765625,3,True
4269,LRCX,2024-07-17,2024-07-23,sma_exit,-1.13,95.1253433227539,94.33989715576172,5,True
4270,AMD,2024-07-17,2024-07-31,sma_exit,-9.68,159.42999267578125,144.47999572753906,11,True
4271,AVGO,2024-07-17,2024-07-22,sma_exit,2.96,153.10064697265625,158.08688354492188,4,True
4272,MSFT,2024-07-17,2024-07-22,sma_exit,-0.43,435.8371276855469,435.2671813964844,4,True
4273,NVDA,2024-07-17,2024-07-22,sma_exit,4.4,117.79584503173828,123.33672332763672,4,True
4274,ANET,2024-07-17,2024-07-22,sma_exit,1.35,84.16999816894531,85.55999755859375,4,True
4275,CDNS,2024-07-17,2024-07-31,sma_exit,-7.4,288.1199951171875,267.6600036621094,11,True
4276,WDC,2024-07-17,2024-07-22,sma_exit,1.47,54.0157356262207,54.97130584716797,4,True
4277,GOOG,2024-07-18,2024-07-22,sma_exit,2.0,177.8558349609375,181.95440673828125,3,True
4278,GOOGL,2024-07-18,2024-07-22,sma_exit,1.94,176.33038330078125,180.2799072265625,3,True
4279,CRWD,2024-07-18,2024-08-01,time_exit,-34.94,85.76249694824219,56.05500030517578,11,True
4280,MU,2024-07-18,2024-07-31,sma_exit,-6.8,116.71595001220705,109.1336441040039,10,True
4281,LLY,2024-07-18,2024-07-23,sma_exit,3.16,836.0091552734375,864.9529418945312,4,False
4282,TMUS,2024-07-22,2024-07-29,sma_exit,-0.62,170.77291870117188,170.22434997558594,6,True
4283,VZ,2024-07-22,2024-07-25,sma_exit,1.9,34.28681945800781,35.0411491394043,4,True
4284,GLW,2024-07-23,2024-08-06,time_exit,-13.3,42.468788146972656,36.94572830200195,11,True
4285,T,2024-07-23,2024-07-24,sma_exit,4.92,16.610292434692383,17.476839065551758,2,True
4286,HD,2024-07-24,2024-07-26,sma_exit,2.33,333.2020874023437,341.95281982421875,3,True
4287,MAR,2024-07-24,2024-07-29,sma_exit,1.15,230.21522521972656,233.5552215576172,4,True
4288,WM,2024-07-25,2024-07-31,sma_exit,1.07,194.00485229492188,196.66378784179688,5,True
4289,HOOD,2024-07-25,2024-08-08,sma_exit,-16.59,21.18000030517578,17.729999542236328,11,True
4290,DELL,2024-07-25,2024-07-31,sma_exit,1.72,108.06332397460938,110.24535369873048,5,True
4291,BKNG,2024-07-25,2024-07-31,sma_exit,1.21,144.04779052734375,146.2176513671875,5,True
4292,GOOG,2024-07-26,2024-07-30,sma_exit,1.59,167.3960418701172,170.55184936523438,3,True
4293,GOOGL,2024-07-26,2024-07-30,sma_exit,1.67,165.72216796875,168.9869842529297,3,True
4294,WMT,2024-07-29,2024-08-01,sma_exit,-0.06,68.17771911621094,68.3442153930664,4,True
4295,BAC,2024-07-29,2024-08-08,sma_exit,-7.31,39.25201797485352,36.50083541870117,9,True
4296,NFLX,2024-07-30,2024-08-08,sma_exit,0.95,62.257999420166016,63.03499984741211,8,True
4297,NVDA,2024-07-30,2024-07-31,sma_exit,12.51,103.55931091308594,116.8274383544922,2,True
4298,USB,2024-08-01,2024-08-08,sma_exit,-4.26,39.99899673461914,38.41670227050781,6,True
4299,COF,2024-08-02,2024-08-08,sma_exit,-1.59,131.8330535888672,130.13818359375,5,True
4300,WFC,2024-08-02,2024-08-08,sma_exit,-1.24,50.60264587402344,50.12759017944336,5,True
4301,PNC,2024-08-02,2024-08-08,sma_exit,-0.14,158.83407592773438,159.09567260742188,5,True
4302,C,2024-08-02,2024-08-08,sma_exit,-0.64,55.29605484008789,55.10603713989258,5,True
4303,MS,2024-08-02,2024-08-08,sma_exit,-1.57,91.00788879394533,89.84951782226562,5,True
4304,MSFT,2024-08-02,2024-08-08,sma_exit,-1.72,401.4139404296875,395.7143859863281,5,True
4305,PLTR,2024-08-05,2024-08-06,sma_exit,10.08,24.09000015258789,26.59000015258789,2,True
4306,JPM,2024-08-05,2024-08-08,sma_exit,4.4,187.04124450683597,195.83187866210935,4,True
4307,ICE,2024-08-05,2024-08-06,sma_exit,0.86,145.26852416992188,146.95770263671875,2,True
4308,WMB,2024-08-05,2024-08-06,sma_exit,3.56,38.53816604614258,40.02399826049805,2,True
4309,BX,2024-08-05,2024-08-08,sma_exit,0.58,121.1786651611328,122.2453384399414,4,True
4310,GS,2024-08-05,2024-08-08,sma_exit,5.53,438.5696411132813,464.1278076171875,4,True
4311,BRK-B,2024-08-05,2024-08-07,sma_exit,2.91,413.7200012207031,427.0199890136719,3,True
4312,TXN,2024-08-05,2024-08-08,sma_exit,6.38,171.46031188964844,182.9200134277344,4,True
4313,AXP,2024-08-05,2024-08-08,sma_exit,3.07,221.1292724609375,228.5876922607422,4,False
4314,GOOGL,2024-08-05,2024-08-08,sma_exit,1.45,158.03146362304688,160.79019165039062,4,False
4315,TJX,2024-08-05,2024-08-08,sma_exit,0.65,105.87201690673828,106.87347412109376,4,False
4316,GOOG,2024-08-05,2024-08-08,sma_exit,1.69,159.41726684570312,162.59291076660156,4,False
4317,IBM,2024-08-05,2024-08-08,sma_exit,4.77,172.24961853027344,180.98846435546875,4,False
4318,BNY,2024-08-05,2024-08-08,sma_exit,2.94,58.98763275146485,60.89882659912109,4,False
4319,PFE,2024-08-06,2024-08-13,sma_exit,-1.9,25.60203742980957,25.191638946533203,6,True
4320,CB,2024-08-06,2024-08-08,sma_exit,1.22,260.1764831542969,264.1402282714844,3,True
4321,VRTX,2024-08-07,2024-08-13,sma_exit,0.06,465.8900146484375,467.5899963378906,5,True
4322,DHR,2024-08-07,2024-08-09,sma_exit,1.52,260.0111389160156,264.7509460449219,3,True
4323,MCK,2024-08-08,2024-08-14,sma_exit,0.67,542.2635498046875,547.5325317382812,5,True
4324,LMT,2024-08-21,2024-08-26,sma_exit,0.48,522.13134765625,526.2234497070312,4,True
4325,BMY,2024-08-22,2024-08-27,sma_exit,0.75,43.39646911621094,43.85211563110352,4,True
4326,GD,2024-08-23,2024-08-28,sma_exit,1.48,280.5146484375,285.5099792480469,4,True
4327,PLTR,2024-08-26,2024-08-29,sma_exit,0.19,30.850000381469727,31.0,4,True
4328,DASH,2024-08-28,2024-08-30,sma_exit,0.92,127.16000366210938,128.7100067138672,3,True
4329,STX,2024-08-29,2024-09-04,sma_exit,2.97,94.11153411865234,97.1894073486328,4,True
4330,PEP,2024-08-29,2024-09-03,sma_exit,2.87,159.7178497314453,164.77601623535156,3,True
4331,HOOD,2024-09-03,2024-09-09,sma_exit,1.2,19.3700008392334,19.65999984741211,5,True
4332,HWM,2024-09-03,2024-09-09,sma_exit,0.42,92.56798553466795,93.23474884033205,5,True
4333,SBUX,2024-09-05,2024-09-09,sma_exit,0.41,87.0623779296875,87.68045043945312,3,True
4334,PWR,2024-09-06,2024-09-11,sma_exit,5.82,247.39694213867188,262.534912109375,4,True
4335,PNC,2024-09-06,2024-09-09,sma_exit,3.04,165.093994140625,170.61582946777344,2,True
4336,AMGN,2024-09-06,2024-09-10,sma_exit,2.31,301.8158874511719,309.6965026855469,3,True
4337,HD,2024-09-06,2024-09-09,sma_exit,1.22,344.5465087890625,349.7809753417969,2,True
4338,LIN,2024-09-06,2024-09-11,sma_exit,1.51,446.5007629394531,454.5736083984375,4,True
4339,USB,2024-09-06,2024-09-16,sma_exit,0.15,40.92813873291016,41.11212539672852,7,True
4340,C,2024-09-06,2024-09-16,sma_exit,-1.48,56.14165115356445,55.47657775878906,7,True
4341,PANW,2024-09-06,2024-09-10,sma_exit,3.2,167.91000366210938,173.7899932861328,3,True
4342,XOM,2024-09-06,2024-09-09,sma_exit,1.8,105.64743041992188,107.87030029296876,2,True
4343,JCI,2024-09-06,2024-09-10,sma_exit,3.39,66.2671890258789,68.709228515625,3,True
4344,UBER,2024-09-06,2024-09-11,sma_exit,0.46,69.58000183105469,70.11000061035156,4,True
4345,TMUS,2024-09-06,2024-09-10,sma_exit,1.51,186.3536834716797,189.733154296875,3,True
4346,CAT,2024-09-06,2024-09-10,sma_exit,1.16,321.33502197265625,326.0180969238281,3,True
4347,LLY,2024-09-06,2024-09-11,sma_exit,1.71,890.2442626953125,908.1732788085938,4,True
4348,BLK,2024-09-06,2024-09-09,sma_exit,1.57,831.0118408203125,846.5556030273438,2,True
4349,COF,2024-09-06,2024-09-13,sma_exit,-0.32,135.22421264648438,135.1950225830078,6,True
4350,CSCO,2024-09-06,2024-09-11,sma_exit,0.96,46.24783706665039,46.82950592041016,4,True
4351,AXP,2024-09-06,2024-09-09,sma_exit,2.51,238.88461303710935,245.59913635253903,2,False
4352,AVGO,2024-09-06,2024-09-10,sma_exit,7.88,134.47103881835938,145.47413635253906,3,False
4353,JPM,2024-09-06,2024-09-16,sma_exit,-2.47,203.89321899414065,199.47869873046875,7,False
4354,WM,2024-09-06,2024-09-09,sma_exit,1.52,198.6725311279297,202.2921600341797,2,False
4355,BAC,2024-09-06,2024-09-16,sma_exit,0.58,37.26763534545898,37.59454345703125,7,False
4356,BKNG,2024-09-06,2024-09-09,sma_exit,1.62,147.2013397216797,150.02357482910156,2,False
4357,BRK-B,2024-09-11,2024-09-17,sma_exit,0.49,453.1000061035156,456.6799926757813,5,True
4358,MDT,2024-09-18,2024-09-19,sma_exit,1.22,82.6135025024414,83.86963653564453,2,True
4359,PANW,2024-09-18,2024-09-20,sma_exit,2.84,164.875,170.05999755859375,3,True
4360,PEP,2024-09-19,2024-09-30,sma_exit,-2.94,163.33743286132812,159.0262908935547,8,True
4361,PM,2024-09-19,2024-09-24,sma_exit,0.93,111.19192504882812,112.55697631835938,4,True
4362,MRSH,2024-09-20,2024-09-27,sma_exit,-0.13,215.7808990478516,216.15733337402344,6,True
4363,CME,2024-09-20,2024-09-23,sma_exit,0.97,197.35696411132807,199.85679626464844,2,True
4364,UNP,2024-09-23,2024-09-24,sma_exit,1.73,233.41282653808597,238.15765380859372,2,True
4365,JNJ,2024-09-23,2024-09-30,sma_exit,-1.01,154.6244659423828,153.5255126953125,6,True
4366,REGN,2024-09-24,2024-09-30,sma_exit,0.2,1036.2017822265625,1041.41259765625,5,True
4367,GILD,2024-09-25,2024-09-27,sma_exit,1.4,78.3448715209961,79.67904663085938,3,True
4368,AMGN,2024-09-25,2024-09-30,sma_exit,2.69,294.5661315917969,303.3694152832031,4,True
4369,ELV,2024-09-25,2024-10-09,sma_exit,-5.48,503.3652648925781,477.2729187011719,11,True
4370,SPGI,2024-09-26,2024-09-30,sma_exit,0.66,476.41888427734375,480.9996643066406,3,True
4371,ADP,2024-09-27,2024-09-30,sma_exit,1.11,261.4269714355469,265.1153259277344,2,True
4372,LLY,2024-09-27,2024-10-02,sma_exit,1.21,865.6683349609375,878.7649536132812,4,True
4373,AMZN,2024-09-30,2024-10-04,sma_exit,-0.2,186.3300018310547,186.50999450683597,5,True
4374,UBER,2024-10-02,2024-10-04,sma_exit,1.63,72.87000274658203,74.27999877929688,3,True
4375,TJX,2024-10-02,2024-10-09,sma_exit,-2.42,113.61305236816406,111.20323944091795,6,True
4376,MO,2024-10-02,2024-10-09,sma_exit,-1.01,44.87191009521485,44.55260467529297,6,True
4377,APH,2024-10-02,2024-10-07,sma_exit,0.84,61.31649017333984,62.01708221435547,4,True
4378,TSLA,2024-10-03,2024-10-17,sma_exit,-8.51,240.66000366210935,220.88999938964844,11,True
4379,HCA,2024-10-03,2024-10-10,sma_exit,-1.63,387.3606567382813,382.2183227539063,6,True
4380,REGN,2024-10-03,2024-10-09,sma_exit,-0.54,1005.1050415039062,1002.7274780273438,5,True
4381,PFE,2024-10-03,2024-10-07,sma_exit,2.73,24.74631118774414,25.497255325317383,3,True
4382,PLD,2024-10-03,2024-10-11,sma_exit,-1.77,115.05674743652344,113.35973358154295,7,True
4383,KO,2024-10-03,2024-10-11,sma_exit,-1.65,67.08602905273438,66.18229675292969,7,True
4384,SYK,2024-10-03,2024-10-08,sma_exit,-0.53,345.71929931640625,344.9130859375,4,True
4385,PG,2024-10-03,2024-10-09,sma_exit,-0.8,161.1846466064453,160.37930297851562,5,True
4386,MCO,2024-10-03,2024-10-08,sma_exit,0.42,460.1936340332031,463.510009765625,4,True
4387,VZ,2024-10-07,2024-10-14,sma_exit,-0.24,38.453163146972656,38.47441101074219,6,True
4388,NEE,2024-10-07,2024-10-11,sma_exit,1.66,75.69134521484375,77.17142486572266,5,True
4389,DUK,2024-10-07,2024-10-10,sma_exit,2.32,102.68997192382812,105.3822784423828,4,True
4390,DE,2024-10-07,2024-10-10,sma_exit,-0.37,396.8396606445313,396.5660095214844,4,True
4391,LIN,2024-10-07,2024-10-08,sma_exit,1.04,452.7459716796875,458.8055419921875,2,True
4392,JNJ,2024-10-07,2024-10-09,sma_exit,0.4,151.12875366210938,152.18978881835938,3,True
4393,WELL,2024-10-07,2024-10-11,sma_exit,0.43,120.2301254272461,121.11054229736328,5,True
4394,TMO,2024-10-08,2024-10-09,sma_exit,0.34,591.732177734375,595.5084838867188,2,True
4395,ABBV,2024-10-08,2024-10-09,sma_exit,0.6,180.73858642578125,182.3679656982422,2,True
4396,SBUX,2024-10-10,2024-10-11,sma_exit,1.48,89.26842498779297,90.85638427734376,2,True
4397,NFLX,2024-10-17,2024-10-18,sma_exit,10.79,68.76499938964844,76.38899993896484,2,True
4398,CMCSA,2024-10-21,2024-10-24,sma_exit,2.46,35.281517028808594,36.256473541259766,4,True
4399,LOW,2024-10-22,2024-11-04,sma_exit,-2.55,261.6778869628906,255.79888916015625,10,True
4400,TXN,2024-10-22,2024-10-23,sma_exit,3.71,183.55404663085935,190.90679931640625,2,True
4401,MMM,2024-10-22,2024-10-28,sma_exit,-1.39,126.8166732788086,125.43038177490234,5,True
4402,VZ,2024-10-22,2024-10-31,sma_exit,1.22,36.96892929077149,37.53014373779297,8,True
4403,WM,2024-10-22,2024-10-29,sma_exit,3.52,205.54718017578125,213.39703369140625,6,True
4404,HD,2024-10-22,2024-10-28,sma_exit,-0.04,384.5466613769531,385.5418701171875,5,True
4405,DHR,2024-10-23,2024-10-31,sma_exit,-4.34,253.03941345214844,242.8189849853516,7,True
4406,DELL,2024-10-23,2024-10-25,sma_exit,2.26,116.29163360595705,119.2697296142578,3,True
4407,LMT,2024-10-23,2024-11-05,sma_exit,-4.56,541.4832763671875,518.3961791992188,10,True
4408,TSLA,2024-10-23,2024-10-24,sma_exit,21.62,213.6499938964844,260.4800109863281,2,True
4409,PEP,2024-10-23,2024-11-05,sma_exit,-3.25,161.73829650878906,156.9689178466797,10,True
4410,PGR,2024-10-23,2024-11-05,sma_exit,0.03,227.61241149902344,228.36729431152344,10,True
4411,MCD,2024-10-23,2024-11-01,sma_exit,-1.43,284.4443054199219,281.2432556152344,8,True
4412,STX,2024-10-23,2024-11-05,sma_exit,-2.11,100.5533676147461,98.7369613647461,10,True
4413,KO,2024-10-23,2024-11-05,sma_exit,-4.18,64.69825744628906,62.18682098388672,10,True
4414,BRK-B,2024-10-24,2024-10-28,sma_exit,-0.14,457.7699890136719,458.489990234375,3,True
4415,GD,2024-10-24,2024-10-28,sma_exit,0.58,291.36376953125,293.9266357421875,3,True
4416,IBM,2024-10-24,2024-11-05,sma_exit,-5.25,207.00782775878903,196.75177001953125,9,True
4417,LIN,2024-10-24,2024-11-06,sma_exit,-2.79,463.7118225097656,452.1498107910156,10,True
4418,AVGO,2024-10-24,2024-10-29,sma_exit,4.3,168.7401123046875,176.5099334716797,4,True
4419,SPGI,2024-10-24,2024-11-04,sma_exit,-1.81,459.2037963867188,452.2767333984375,8,True
4420,NEM,2024-10-24,2024-11-05,sma_exit,-6.9,47.93319320678711,44.77008819580078,9,True
4421,PH,2024-10-24,2024-10-29,sma_exit,-0.14,612.883056640625,613.8355712890625,4,False
4422,COF,2024-10-24,2024-10-25,sma_exit,4.93,149.09683227539062,156.88926696777344,2,False
4423,ACN,2024-10-24,2024-11-05,sma_exit,-5.45,351.85260009765625,333.7494201660156,9,False
4424,PFE,2024-10-25,2024-10-28,sma_exit,1.14,24.842361450195312,25.20037269592285,2,True
4425,TJX,2024-10-25,2024-10-29,sma_exit,-0.05,111.04712677001952,111.33006286621094,3,False
4426,ADP,2024-10-25,2024-10-30,sma_exit,1.37,275.8739929199219,280.49169921875,4,False
4427,BLK,2024-10-25,2024-10-29,sma_exit,0.63,939.249267578125,948.0238647460938,3,False
4428,SYK,2024-10-25,2024-10-29,sma_exit,1.45,346.9090576171875,352.9953918457031,3,False
4429,PG,2024-10-25,2024-10-28,sma_exit,0.34,160.32154846191406,161.35084533691406,2,False
4430,CB,2024-10-25,2024-11-06,sma_exit,-3.07,283.4499206542969,275.5957336425781,9,False
4431,V,2024-10-25,2024-10-28,sma_exit,0.57,277.545654296875,279.9690856933594,2,False
4432,HCA,2024-10-25,2024-11-04,sma_exit,-0.41,358.8263244628906,358.4413452148437,7,False
4433,MCO,2024-10-28,2024-11-04,sma_exit,-1.11,454.7909240722656,451.1202392578125,6,True
4434,XOM,2024-10-28,2024-11-04,sma_exit,-0.54,111.5188217163086,111.24681854248048,6,True
4435,MNST,2024-10-28,2024-11-04,sma_exit,1.51,53.09999847412109,54.060001373291016,6,True
4436,CSCO,2024-10-28,2024-11-01,sma_exit,0.1,53.1158447265625,53.32723236083984,5,True
4437,DUK,2024-10-29,2024-11-05,sma_exit,-0.59,106.58404541015624,106.27662658691406,6,True
4438,SO,2024-10-29,2024-10-31,sma_exit,1.05,84.13108825683594,85.26445007324219,3,True
4439,ABT,2024-10-29,2024-11-01,sma_exit,4.29,109.26067352294922,114.27086639404295,4,True
4440,RTX,2024-10-30,2024-11-06,sma_exit,-0.52,117.71891784667967,117.45808410644533,6,False
4441,TT,2024-10-30,2024-11-05,sma_exit,3.63,370.3296203613281,384.8954772949219,5,False
4442,COST,2024-10-30,2024-11-04,sma_exit,0.63,869.5284423828125,877.5969848632812,4,False
4443,GD,2024-10-31,2024-11-05,sma_exit,1.43,282.0213928222656,286.89569091796875,4,True
4444,MRSH,2024-10-31,2024-11-04,sma_exit,1.04,211.4321136474609,214.26101684570312,3,True
4445,PLTR,2024-10-31,2024-11-05,sma_exit,22.73,41.560001373291016,51.130001068115234,4,True
4446,NVDA,2024-10-31,2024-11-05,sma_exit,5.09,132.55287170410156,139.69174194335938,4,False
4447,ICE,2024-10-31,2024-11-06,sma_exit,-0.35,152.61679077148438,152.53846740722656,5,False
4448,ETN,2024-10-31,2024-11-05,sma_exit,1.77,323.7370910644531,330.42462158203125,4,False
4449,VRT,2024-11-01,2024-11-05,sma_exit,4.88,106.6683578491211,112.19636535644533,3,True
4450,AAPL,2024-11-01,2024-11-07,sma_exit,1.75,221.060791015625,225.5928649902344,5,True
4451,BAC,2024-11-04,2024-11-05,sma_exit,1.03,39.73868942260742,40.26751327514648,2,True
4452,JCI,2024-11-04,2024-11-06,sma_exit,9.45,72.86591339111328,79.97286224365234,3,True
4453,WFC,2024-11-04,2024-11-06,sma_exit,13.47,60.98410034179688,69.38018035888672,3,True
4454,JNJ,2024-11-07,2024-11-15,sma_exit,-2.04,148.47622680664062,145.88998413085938,7,True
4455,ANET,2024-11-14,2024-11-20,sma_exit,-1.4,96.4875030517578,95.42749786376952,5,True
4456,MDT,2024-11-14,2024-11-18,sma_exit,1.55,81.25269317626953,82.75492095947266,3,True
4457,STX,2024-11-14,2024-11-19,sma_exit,0.05,94.66703033447266,94.9972915649414,4,True
4458,AVGO,2024-11-14,2024-11-25,sma_exit,-3.56,167.78489685058594,162.30960083007812,8,True
4459,GILD,2024-11-15,2024-11-21,sma_exit,1.24,84.24384307861328,85.53990173339844,5,True
4460,GLW,2024-11-15,2024-11-19,sma_exit,1.42,45.382789611816406,46.16373443603516,3,True
4461,TXN,2024-11-15,2024-11-18,sma_exit,2.71,191.57308959960935,197.34544372558597,2,True
4462,META,2024-11-15,2024-11-20,sma_exit,1.76,550.910400390625,562.2850341796875,4,True
4463,CMCSA,2024-11-15,2024-11-20,sma_exit,-0.04,37.32719802856445,37.422950744628906,4,True
4464,LMT,2024-11-15,2024-11-20,sma_exit,-0.32,507.0942993164063,506.9994812011719,4,True
4465,IBM,2024-11-15,2024-11-19,sma_exit,2.27,195.8375701904297,200.8627014160156,3,True
4466,INTU,2024-11-19,2024-11-21,sma_exit,5.06,633.9888916015625,667.9730224609375,3,True
4467,UNH,2024-11-19,2024-11-20,sma_exit,3.77,553.491455078125,576.033935546875,2,True
4468,MA,2024-11-20,2024-11-22,sma_exit,1.32,507.1246032714844,515.3567504882812,3,True
4469,CSX,2024-11-20,2024-11-21,sma_exit,1.93,33.60666275024414,34.35520553588867,2,True
4470,PNC,2024-11-20,2024-11-22,sma_exit,2.7,192.15261840820312,197.9186248779297,3,True
4471,MCD,2024-11-21,2024-11-25,sma_exit,2.38,274.8221435546875,282.1769104003906,3,True
4472,AVGO,2024-11-27,2024-12-02,sma_exit,3.98,157.238037109375,163.9738311767578,3,True
4473,JPM,2024-12-03,2024-12-06,sma_exit,0.74,236.38815307617188,238.84066772460935,4,True
4474,ACN,2024-12-03,2024-12-04,sma_exit,1.82,340.559814453125,347.7952575683594,2,True
4475,WFC,2024-12-03,2024-12-06,sma_exit,-0.04,71.3879623413086,71.5709228515625,4,True
4476,BAC,2024-12-04,2024-12-05,sma_exit,1.06,44.58463287353516,45.190372467041016,2,True
4477,PWR,2024-12-04,2024-12-11,sma_exit,-0.12,333.0565795898437,333.6455078125,6,True
4478,MNST,2024-12-04,2024-12-12,sma_exit,-1.84,53.75,52.91999816894531,7,True
4479,SO,2024-12-04,2024-12-17,sma_exit,-3.29,81.07640838623047,78.64930725097656,10,True
4480,CVX,2024-12-04,2024-12-18,time_exit,-9.29,147.19558715820312,133.9561309814453,11,True
4481,CSX,2024-12-04,2024-12-18,time_exit,-9.42,34.42926788330078,31.2886905670166,11,True
4482,USB,2024-12-04,2024-12-16,sma_exit,-1.55,48.37794876098633,47.77334213256836,9,True
4483,ICE,2024-12-04,2024-12-10,sma_exit,1.18,152.84201049804688,155.10377502441406,5,True
4484,VZ,2024-12-04,2024-12-13,sma_exit,-0.86,37.877567291259766,37.66377258300781,8,True
4485,TXN,2024-12-05,2024-12-19,time_exit,-4.71,183.8290252685547,175.7134552001953,11,True
4486,MDT,2024-12-05,2024-12-19,time_exit,-5.23,79.49536895751953,75.57444763183594,11,True
4487,DE,2024-12-05,2024-12-11,sma_exit,-0.32,437.9661560058594,437.8782348632813,5,True
4488,ADP,2024-12-05,2024-12-06,sma_exit,0.61,289.13311767578125,291.7772521972656,2,True
4489,MCK,2024-12-05,2024-12-19,sma_exit,-4.96,603.1488647460938,575.0525512695312,11,True
4490,ABT,2024-12-05,2024-12-19,time_exit,-3.04,111.37073516845705,108.31644439697266,11,True
4491,MRSH,2024-12-05,2024-12-19,time_exit,-8.15,221.13951110839844,203.78823852539065,11,True
4492,UNH,2024-12-06,2024-12-20,sma_exit,-8.96,527.22705078125,481.5934753417969,11,True
4493,TT,2024-12-09,2024-12-23,time_exit,-6.31,396.891845703125,373.02728271484375,11,True
4494,HWM,2024-12-09,2024-12-20,sma_exit,-2.87,113.27875518798828,110.370849609375,10,True
4495,TMUS,2024-12-09,2024-12-23,sma_exit,-3.45,221.7756500244141,214.79852294921875,11,True
4496,WELL,2024-12-09,2024-12-13,sma_exit,-0.55,125.86197662353516,125.54112243652344,5,True
4497,LMT,2024-12-09,2024-12-20,sma_exit,-4.42,486.5945129394531,466.5681762695313,10,True
4498,WM,2024-12-09,2024-12-23,time_exit,-6.59,212.5111541748047,199.15286254882807,11,False
4499,PGR,2024-12-09,2024-12-13,sma_exit,1.29,228.17398071289065,231.8010406494141,5,False
4500,CB,2024-12-10,2024-12-13,sma_exit,0.58,270.27099609375,272.6384582519531,4,True
4501,MS,2024-12-10,2024-12-16,sma_exit,1.47,121.33667755126952,123.48033142089844,5,False
4502,WDC,2024-12-10,2024-12-24,sma_exit,-10.65,51.78107070922852,46.42388534545898,11,False
4503,ETN,2024-12-10,2024-12-24,sma_exit,-5.03,350.99542236328125,334.3997497558594,11,False
4504,PH,2024-12-10,2024-12-24,sma_exit,-4.04,667.2796630859375,642.318115234375,11,False
4505,BRK-B,2024-12-11,2024-12-20,sma_exit,-2.08,461.3900146484375,453.2000122070313,8,True
4506,GLW,2024-12-11,2024-12-12,sma_exit,1.76,46.495643615722656,47.45230102539063,2,True
4507,DUK,2024-12-11,2024-12-20,sma_exit,-1.5,103.06685638427734,101.83482360839844,8,False
4508,PNC,2024-12-11,2024-12-24,sma_exit,-4.87,191.61558532714844,182.85353088378903,10,False
4509,NEE,2024-12-11,2024-12-20,sma_exit,-3.42,70.21015930175781,68.01786804199219,8,False
4510,HD,2024-12-12,2024-12-24,sma_exit,-4.71,398.663818359375,381.0787963867188,9,True
4511,LOW,2024-12-12,2024-12-24,sma_exit,-5.34,254.3701629638672,241.5502777099609,9,True
4512,BMY,2024-12-12,2024-12-17,sma_exit,2.13,51.86251068115234,53.12498092651367,4,False
4513,WFC,2024-12-12,2024-12-16,sma_exit,1.37,68.17195129394531,69.30815124511719,3,False
4514,BNY,2024-12-13,2024-12-20,sma_exit,-1.83,76.17514038085938,75.00587463378906,6,True
4515,SBUX,2024-12-16,2024-12-24,sma_exit,-3.75,89.09344482421875,86.02224731445312,7,True
4516,SYK,2024-12-16,2024-12-23,sma_exit,-1.97,366.45599365234375,360.35003662109375,6,True
4517,ORCL,2024-12-16,2024-12-20,sma_exit,-1.22,167.92393493652344,166.38424682617188,5,False
4518,TJX,2024-12-16,2024-12-24,sma_exit,-0.49,121.08079528808594,120.85569763183594,7,False
4519,CAT,2024-12-16,2024-12-24,sma_exit,-3.3,371.0157165527344,359.9024963378906,7,False
4520,SPGI,2024-12-17,2024-12-23,sma_exit,-0.75,466.8165588378906,464.7086791992188,5,True
4521,SCHW,2024-12-17,2024-12-23,sma_exit,-2.97,75.08687591552734,73.08155822753906,5,False
4522,MMM,2024-12-17,2024-12-20,sma_exit,0.66,123.92955780029295,125.11996459960938,4,False
4523,BAC,2024-12-17,2024-12-24,sma_exit,-1.79,43.55640411376953,42.90861892700195,6,False
4524,JPM,2024-12-17,2024-12-20,sma_exit,-0.62,230.150634765625,229.41683959960935,4,False
4525,ICE,2024-12-17,2024-12-24,sma_exit,-1.82,150.0350341796875,147.74708557128906,6,False
4526,C,2024-12-18,2024-12-23,sma_exit,2.12,65.29502868652344,66.87659454345703,4,True
4527,NVDA,2024-12-18,2024-12-20,sma_exit,4.19,128.7177734375,134.49911499023438,3,True
4528,NOW,2024-12-18,2024-12-23,sma_exit,2.27,212.197998046875,217.6519927978516,4,False
4529,ADP,2024-12-18,2024-12-20,sma_exit,1.61,277.82342529296875,283.13916015625,3,False
4530,USB,2024-12-18,2024-12-23,sma_exit,1.19,44.28521728515625,44.94563293457031,4,False
4531,WMB,2024-12-18,2024-12-20,sma_exit,2.55,49.54644775390625,50.95635223388672,3,False
4532,ACN,2024-12-18,2024-12-19,sma_exit,6.76,335.79736328125,359.5130920410156,2,False
4533,GLW,2024-12-18,2024-12-23,sma_exit,1.83,45.40231704711914,46.36874008178711,4,False
4534,EQIX,2024-12-18,2024-12-23,sma_exit,1.13,892.0068969726562,904.7267456054688,4,False
4535,COST,2024-12-18,2024-12-24,sma_exit,-0.91,955.5147094726562,949.6513671875,5,False
4536,AXP,2024-12-18,2024-12-20,sma_exit,3.48,282.4135437011719,293.0808410644531,3,False
4537,PM,2024-12-18,2025-01-02,sma_exit,-1.99,116.9560317993164,114.97926330566406,10,False
4538,COF,2024-12-18,2024-12-23,sma_exit,2.87,170.25209045410156,175.6493377685547,4,False
4539,MO,2024-12-18,2024-12-20,sma_exit,0.81,47.23126220703125,47.75457763671875,3,False
4540,BX,2024-12-18,2024-12-24,sma_exit,2.02,161.48373413085938,165.23634338378906,5,False
4541,BKNG,2024-12-18,2024-12-23,sma_exit,2.12,195.3378143310547,200.070556640625,4,False
4542,FTNT,2024-12-18,2024-12-20,sma_exit,3.8,93.36000061035156,97.19000244140624,3,False
4543,MCO,2024-12-18,2024-12-23,sma_exit,0.48,463.4387817382813,467.0568237304688,4,False
4544,GS,2024-12-18,2024-12-23,sma_exit,3.43,531.4652709960938,551.2944946289062,4,False
4545,VRT,2024-12-18,2024-12-20,sma_exit,4.89,113.9067840576172,119.8157196044922,3,False
4546,IBM,2024-12-18,2024-12-24,sma_exit,1.63,210.3398284912109,214.3905029296875,5,False
4547,PG,2024-12-18,2024-12-24,sma_exit,-0.38,161.14117431640625,161.0077362060547,5,False
4548,NFLX,2024-12-18,2024-12-20,sma_exit,1.89,88.95500183105469,90.90499877929688,3,False
4549,MCD,2024-12-19,2024-12-24,sma_exit,1.0,278.1621398925781,281.7658386230469,4,True
4550,WELL,2024-12-19,2024-12-24,sma_exit,1.97,120.34912872314452,123.08124542236328,4,True
4551,META,2024-12-20,2024-12-23,sma_exit,2.19,582.3715209960938,596.8995361328125,2,True
4552,WMT,2024-12-23,2024-12-24,sma_exit,2.28,88.92706298828125,91.22036743164062,2,True
4553,COST,2024-12-30,2025-01-06,sma_exit,-0.25,913.3914184570312,913.8867797851562,5,True
4554,TT,2024-12-31,2025-01-02,sma_exit,0.92,364.9835510253906,369.4204406738281,2,True
4555,PANW,2024-12-31,2025-01-15,sma_exit,-4.57,181.9600067138672,174.19000244140625,10,True
4556,PWR,2024-12-31,2025-01-03,sma_exit,3.05,315.4783935546875,326.0326538085937,3,True
4557,CRWD,2024-12-31,2025-01-03,sma_exit,4.63,85.54000091552734,89.75499725341797,3,True
4558,TSLA,2025-01-02,2025-01-03,sma_exit,7.92,379.2799987792969,410.4400024414063,2,True
4559,MAR,2025-01-02,2025-01-08,sma_exit,-0.64,270.18914794921875,269.283447265625,5,True
4560,AAPL,2025-01-02,2025-01-15,sma_exit,-2.75,242.09315490722656,236.1562042236328,9,True
4561,MCK,2025-01-02,2025-01-03,sma_exit,1.68,562.1361694335938,573.285400390625,2,True
4562,PH,2025-01-02,2025-01-03,sma_exit,1.0,619.6302490234375,627.6619873046875,2,True
4563,BKNG,2025-01-02,2025-01-15,sma_exit,-2.24,194.6241607666016,190.8445281982422,9,True
4564,ACN,2025-01-02,2025-01-03,sma_exit,1.14,336.9662475585937,341.8252868652344,2,True
4565,APH,2025-01-02,2025-01-03,sma_exit,1.28,68.2448959350586,69.32280731201172,2,True
4566,NOW,2025-01-02,2025-01-03,sma_exit,1.54,210.8679962158203,214.7539978027344,2,True
4567,CRM,2025-01-02,2025-01-14,sma_exit,-2.45,326.8522033691406,319.8141784667969,8,True
4568,CDNS,2025-01-02,2025-01-03,sma_exit,1.78,297.6600036621094,303.8599853515625,2,True
4569,BLK,2025-01-02,2025-01-15,sma_exit,-0.71,985.8883056640624,981.7988891601562,9,True
4570,CAT,2025-01-02,2025-01-03,sma_exit,0.82,352.2652282714844,356.2013854980469,2,True
4571,ADP,2025-01-02,2025-01-08,sma_exit,0.47,278.930908203125,281.0880126953125,5,True
4572,NFLX,2025-01-03,2025-01-15,sma_exit,-4.02,88.1050033569336,84.82599639892578,8,True
4573,BA,2025-01-03,2025-01-07,sma_exit,1.24,169.89999389648438,172.50999450683594,3,True
4574,TMUS,2025-01-06,2025-01-13,sma_exit,0.21,205.8057861328125,206.8523406982422,5,True
4575,DUK,2025-01-06,2025-01-08,sma_exit,1.45,100.03852081298828,101.7878189086914,3,True
4576,CME,2025-01-06,2025-01-10,sma_exit,1.2,215.30812072753903,218.53079223632807,4,True
4577,MA,2025-01-06,2025-01-14,sma_exit,-0.72,506.5210571289063,504.3840942382813,6,True
4578,ORCL,2025-01-07,2025-01-15,sma_exit,-2.36,158.90158081054688,155.63499450683594,6,True
4579,GILD,2025-01-07,2025-01-14,sma_exit,0.11,87.09494018554688,87.45050811767578,5,True
4580,T,2025-01-07,2025-01-14,sma_exit,-0.86,20.509780883789062,20.395872116088867,5,True
4581,MCD,2025-01-10,2025-01-21,sma_exit,-0.19,270.57147216796875,270.8590087890625,7,True
4582,NOW,2025-01-10,2025-01-15,sma_exit,2.59,204.91400146484372,210.8260040283203,4,True
4583,USB,2025-01-10,2025-01-13,sma_exit,1.83,44.53275680541992,45.4820556640625,2,True
4584,GS,2025-01-10,2025-01-14,sma_exit,1.76,540.8824462890625,552.018798828125,3,True
4585,PNC,2025-01-10,2025-01-14,sma_exit,3.24,178.08621215820312,184.3892517089844,3,True
4586,DIS,2025-01-13,2025-01-21,sma_exit,0.27,106.08493041992188,106.6934814453125,6,True
4587,PLTR,2025-01-13,2025-01-15,sma_exit,4.56,64.9800033569336,68.13999938964844,3,True
4588,FTNT,2025-01-14,2025-01-16,sma_exit,1.39,92.48999786376952,94.0500030517578,3,True
4589,TT,2025-01-27,2025-02-10,sma_exit,-2.25,363.2739868164063,356.1789245605469,11,True
4590,ANET,2025-01-27,2025-01-30,sma_exit,13.22,100.3000030517578,113.86000061035156,4,True
4591,WMB,2025-01-27,2025-01-30,sma_exit,3.44,51.96614456176758,53.90951156616211,4,True
4592,JCI,2025-01-27,2025-01-30,sma_exit,1.19,75.9925765991211,77.12664794921875,4,True
4593,TSLA,2025-01-27,2025-01-30,sma_exit,0.49,397.1499938964844,400.2799987792969,4,True
4594,PWR,2025-01-27,2025-01-31,sma_exit,4.89,291.9934997558594,307.1508483886719,5,True
4595,MRVL,2025-01-27,2025-01-30,sma_exit,9.67,99.9212875366211,109.88053894042967,4,True
4596,BX,2025-02-03,2025-02-05,sma_exit,0.45,163.2142333984375,164.44630432128906,3,True
4597,CAT,2025-02-03,2025-02-06,sma_exit,0.78,355.3059387207031,359.1385192871094,4,True
4598,PNC,2025-02-03,2025-02-06,sma_exit,2.12,187.7424774169922,192.2926025390625,4,True
4599,KKR,2025-02-04,2025-02-18,sma_exit,-6.01,147.61570739746094,139.18870544433594,10,True
4600,BLK,2025-02-07,2025-02-19,sma_exit,-0.87,961.313720703125,955.790283203125,8,True
4601,TSLA,2025-02-10,2025-02-13,sma_exit,1.19,350.7300109863281,355.94000244140625,4,True
4602,BMY,2025-02-10,2025-02-20,sma_exit,0.17,51.736209869384766,51.97844696044922,8,True
4603,BX,2025-02-11,2025-02-14,sma_exit,-0.26,156.2972869873047,156.3542022705078,4,True
4604,AXP,2025-02-12,2025-02-14,sma_exit,1.21,301.393310546875,305.9574584960937,3,True
4605,RTX,2025-02-14,2025-02-19,sma_exit,2.15,118.8800048828125,121.79349517822266,3,True
4606,WMT,2025-02-20,2025-02-25,sma_exit,0.19,95.67903137207033,96.15147399902344,4,True
4607,KKR,2025-02-20,2025-02-26,sma_exit,-1.69,133.19944763183594,131.34820556640625,5,True
4608,AMZN,2025-02-20,2025-02-28,sma_exit,-5.06,222.8800048828125,212.27999877929688,7,True
4609,BAC,2025-02-21,2025-02-28,sma_exit,2.58,43.32436752319336,44.57159423828125,6,True
4610,HD,2025-02-21,2025-02-25,sma_exit,1.77,370.65087890625,378.3371276855469,3,True
4611,CRWD,2025-02-21,2025-02-28,sma_exit,-4.49,101.66999816894533,97.41500091552734,6,True
4612,JCI,2025-02-21,2025-02-28,sma_exit,0.15,84.09871673583984,84.47345733642578,6,True
4613,MCO,2025-02-21,2025-02-28,sma_exit,0.62,493.2016296386719,497.7437438964844,6,True
4614,META,2025-02-21,2025-02-28,sma_exit,-2.55,680.18798828125,664.9135131835938,6,True
4615,USB,2025-02-21,2025-02-27,sma_exit,0.59,43.11349868774414,43.49885559082031,5,True
4616,NOW,2025-02-21,2025-02-26,sma_exit,0.08,187.6820068359375,188.3919982910156,4,True
4617,AXP,2025-02-21,2025-02-28,sma_exit,1.58,290.5730285644531,296.0421142578125,6,True
4618,AVGO,2025-02-21,2025-03-07,sma_exit,-11.14,215.90646362304688,192.50491333007807,11,True
4619,CRM,2025-02-21,2025-03-07,time_exit,-8.99,306.2323608398437,279.6322937011719,11,True
4620,TJX,2025-02-21,2025-02-25,sma_exit,1.01,118.8848114013672,120.44561004638672,3,True
4621,GE,2025-02-21,2025-02-27,sma_exit,0.5,198.1617126464844,199.7483367919922,5,True
4622,ACN,2025-02-21,2025-03-07,time_exit,-6.36,353.3769836425781,331.9566650390625,11,True
4623,MS,2025-02-24,2025-02-28,sma_exit,2.12,125.20752716064452,128.23248291015625,5,True
4624,PLTR,2025-02-24,2025-03-05,sma_exit,-0.91,90.68000030517578,90.12999725341795,8,True
4625,HOOD,2025-02-24,2025-02-28,sma_exit,0.04,49.93000030517578,50.09999847412109,5,False
4626,PH,2025-02-24,2025-02-28,sma_exit,1.13,650.2584838867188,659.5621337890625,5,False
4627,PNC,2025-02-24,2025-02-27,sma_exit,0.56,177.59732055664062,179.1171875,4,False
4628,JPM,2025-02-24,2025-02-28,sma_exit,0.97,253.6424102783203,256.8549194335937,5,False
4629,GLW,2025-02-24,2025-02-28,sma_exit,-0.97,49.57062149047852,49.23698425292969,5,False
4630,C,2025-02-24,2025-02-27,sma_exit,0.12,75.80421447753906,76.12271881103516,4,False
4631,NFLX,2025-02-25,2025-02-28,sma_exit,0.04,97.7239990234375,98.05599975585938,4,True
4632,DASH,2025-02-25,2025-02-26,sma_exit,3.53,191.2700042724609,198.6000061035156,2,True
4633,ABNB,2025-02-25,2025-03-03,sma_exit,-0.7,141.5500030517578,140.97999572753906,5,True
4634,MRVL,2025-02-25,2025-03-05,sma_exit,-3.38,92.6211395263672,89.77279663085938,7,True
4635,APP,2025-02-25,2025-03-11,time_exit,-31.94,377.05999755859375,257.760009765625,11,False
4636,SCHW,2025-02-25,2025-02-28,sma_exit,0.37,77.53468322753906,78.05487060546875,4,False
4637,GS,2025-02-25,2025-02-28,sma_exit,1.4,593.9178466796875,604.0262451171875,4,False
4638,WFC,2025-02-25,2025-02-28,sma_exit,2.75,73.54020690917969,75.78512573242188,4,False
4639,ISRG,2025-02-25,2025-03-05,sma_exit,-1.3,573.739990234375,568.02001953125,7,False
4640,GOOG,2025-02-25,2025-03-04,sma_exit,-2.98,176.4515838623047,171.7162322998047,6,False
4641,TSLA,2025-02-25,2025-03-11,time_exit,-24.15,302.79998779296875,230.5800018310547,11,False
4642,NVDA,2025-02-25,2025-03-11,time_exit,-14.41,126.44115447998048,108.59781646728516,11,False
4643,UBER,2025-02-25,2025-02-28,sma_exit,1.11,74.94999694824219,76.01000213623047,4,False
4644,IBM,2025-02-26,2025-03-04,sma_exit,-1.33,246.04556274414065,243.5162506103516,5,True
4645,AAPL,2025-02-27,2025-03-07,sma_exit,0.45,235.84933471679688,237.6085205078125,7,True
4646,SPGI,2025-02-27,2025-02-28,sma_exit,1.3,490.877197265625,498.7071533203125,2,True
4647,ADI,2025-02-27,2025-03-05,sma_exit,2.66,218.2662506103516,224.7195281982422,5,True
4648,C,2025-03-04,2025-03-14,sma_exit,-5.23,69.82982635498047,66.3841781616211,9,True
4649,DE,2025-03-04,2025-03-06,sma_exit,5.04,449.7093505859375,473.7066650390625,3,True
4650,MAR,2025-03-06,2025-03-17,sma_exit,-5.83,259.1312255859375,244.8046875,8,True
4651,SBUX,2025-03-06,2025-03-17,sma_exit,-6.36,101.45711517333984,95.31023406982422,8,True
4652,FTNT,2025-03-06,2025-03-17,sma_exit,-5.26,101.72000122070312,96.66999816894533,8,True
4653,CRWD,2025-03-07,2025-03-12,sma_exit,3.68,83.375,86.69000244140625,4,True
4654,AXP,2025-03-07,2025-03-14,sma_exit,-3.07,268.74560546875,261.2895202636719,6,True
4655,WMB,2025-03-07,2025-03-11,sma_exit,0.75,51.804195404052734,52.34719467163086,3,True
4656,COF,2025-03-07,2025-03-12,sma_exit,-1.87,169.5157012939453,166.85308837890625,4,True
4657,COST,2025-03-07,2025-03-17,sma_exit,-5.25,956.1441650390624,908.8480224609376,7,True
4658,DIS,2025-03-10,2025-03-17,sma_exit,-3.91,101.17723083496094,97.52589416503906,6,True
4659,GS,2025-03-10,2025-03-14,sma_exit,1.53,516.0562133789062,525.52001953125,5,True
4660,MA,2025-03-10,2025-03-14,sma_exit,-2.06,532.2281494140625,522.8345336914062,5,True
4661,NFLX,2025-03-10,2025-03-12,sma_exit,5.82,86.66799926757812,91.96800231933594,3,True
4662,HOOD,2025-03-10,2025-03-14,sma_exit,9.83,35.630001068115234,39.2400016784668,5,True
4663,WMT,2025-03-10,2025-03-17,sma_exit,-0.71,86.43690490722656,86.08258819580078,6,True
4664,WFC,2025-03-10,2025-03-14,sma_exit,5.79,64.61861419677734,68.55689239501953,5,True
4665,DASH,2025-03-10,2025-03-11,sma_exit,3.0,177.86000061035156,183.72999572753903,2,True
4666,JPM,2025-03-10,2025-03-14,sma_exit,-0.21,225.3801422119141,225.5936737060547,5,True
4667,BKNG,2025-03-10,2025-03-14,sma_exit,0.02,176.2439422607422,176.8161163330078,5,True
4668,PGR,2025-03-11,2025-03-13,sma_exit,0.59,259.8514099121094,262.1595764160156,3,True
4669,JCI,2025-03-11,2025-03-14,sma_exit,3.15,75.92354583740234,78.54669952392578,4,True
4670,V,2025-03-11,2025-03-17,sma_exit,0.43,328.38067626953125,330.76336669921875,5,False
4671,SYK,2025-03-11,2025-03-14,sma_exit,0.86,360.00494384765625,364.1835632324219,4,False
4672,MRSH,2025-03-12,2025-03-17,sma_exit,1.05,223.47164916992188,226.4861602783203,4,True
4673,PG,2025-03-12,2025-03-17,sma_exit,0.53,161.44296264648438,162.77577209472656,4,True
4674,BNY,2025-03-13,2025-03-14,sma_exit,2.32,77.40121459960938,79.43194580078125,2,True
4675,CSCO,2025-03-13,2025-03-17,sma_exit,1.74,57.72467041015625,58.9048957824707,3,True
4676,ABT,2025-03-14,2025-03-24,sma_exit,0.09,122.72549438476562,123.20977020263672,7,True
4677,GILD,2025-03-14,2025-03-25,sma_exit,-3.49,107.8448715209961,104.40939331054688,8,True
4678,MDT,2025-03-21,2025-03-31,sma_exit,-0.03,86.08212280273438,86.31324005126953,7,True
4679,ABBV,2025-03-24,2025-03-28,sma_exit,-2.15,199.29714965820312,195.6002655029297,5,True
4680,AMGN,2025-03-25,2025-03-31,sma_exit,1.23,293.5802307128906,298.0672912597656,5,True
4681,SO,2025-03-25,2025-03-26,sma_exit,1.22,83.55484008789062,84.82154846191406,2,True
4682,DUK,2025-03-25,2025-03-27,sma_exit,1.05,110.18099212646484,111.67120361328124,3,True
4683,JCI,2025-03-28,2025-04-01,sma_exit,1.85,78.93920135498047,80.6330795288086,3,True
4684,SYK,2025-03-28,2025-03-31,sma_exit,2.06,359.2263488769531,367.711669921875,2,True
4685,MMM,2025-03-28,2025-04-02,sma_exit,1.72,140.87075805664062,143.71072387695312,4,True
4686,BA,2025-04-01,2025-04-09,sma_exit,-4.67,168.1699981689453,160.82000732421875,7,True
4687,ICE,2025-04-01,2025-04-10,sma_exit,-9.8,168.87173461914062,152.82057189941406,8,True
4688,GLW,2025-04-01,2025-04-02,sma_exit,1.9,44.71090698242188,45.69269943237305,2,True
4689,VRTX,2025-04-02,2025-04-09,sma_exit,-0.55,483.489990234375,482.2999877929688,6,True
4690,CSCO,2025-04-03,2025-04-09,sma_exit,1.13,55.81176376342773,56.61032485961914,5,True
4691,CVX,2025-04-03,2025-04-09,sma_exit,-6.76,146.76011657714844,137.27505493164062,5,True
4692,ABT,2025-04-04,2025-04-09,sma_exit,1.79,120.5268783569336,123.04512786865234,4,True
4693,BMY,2025-04-04,2025-04-21,time_exit,-11.8,52.08037567138672,46.09066009521485,11,True
4694,HWM,2025-04-04,2025-04-09,sma_exit,13.73,111.951416015625,127.6583023071289,4,True
4695,WELL,2025-04-04,2025-04-10,sma_exit,-1.33,139.94078063964844,138.49537658691406,5,True
4696,HOOD,2025-04-04,2025-04-09,sma_exit,22.01,34.5099983215332,42.209999084472656,4,True
4697,NFLX,2025-04-04,2025-04-09,sma_exit,10.17,85.58599853515625,94.5469970703125,4,True
4698,DE,2025-04-04,2025-04-09,sma_exit,4.99,423.20220947265625,445.5802307128906,4,True
4699,ADP,2025-04-04,2025-04-09,sma_exit,2.69,277.0093688964844,285.2965393066406,4,True
4700,IBM,2025-04-04,2025-04-09,sma_exit,3.14,218.7712860107422,226.301513671875,4,True
4701,ABBV,2025-04-04,2025-04-14,sma_exit,-4.5,178.1354522705078,170.64646911621094,7,True
4702,CVS,2025-04-04,2025-04-08,sma_exit,5.94,60.413124084472656,64.18062591552734,3,True
4703,V,2025-04-04,2025-04-09,sma_exit,5.86,309.5858154296875,328.6673583984375,4,True
4704,BRK-B,2025-04-04,2025-04-09,sma_exit,5.35,493.5400085449219,521.4099731445312,4,True
4705,CB,2025-04-04,2025-04-09,sma_exit,1.1,278.0479431152344,281.95098876953125,4,True
4706,MRSH,2025-04-07,2025-04-10,sma_exit,1.95,218.29928588867188,223.20700073242188,4,True
4707,GILD,2025-04-08,2025-04-14,sma_exit,2.91,99.86102294921876,103.06423950195312,5,True
4708,WM,2025-04-08,2025-04-10,sma_exit,4.31,212.3187561035156,222.1073760986328,3,False
4709,MNST,2025-04-08,2025-04-09,sma_exit,5.59,55.0099983215332,58.25,2,False
4710,ADP,2025-04-21,2025-04-22,sma_exit,2.52,275.7702331542969,283.5539245605469,2,True
4711,PGR,2025-04-21,2025-04-24,sma_exit,2.72,241.61241149902344,248.9149475097656,4,True
4712,CVS,2025-04-21,2025-04-24,sma_exit,1.89,61.84610366821289,63.20277786254883,4,True
4713,GILD,2025-05-06,2025-05-12,sma_exit,5.77,94.72232818603516,100.47068786621094,5,True
4714,FTNT,2025-05-08,2025-05-13,sma_exit,7.18,97.73999786376952,105.0500030517578,4,True
4715,WM,2025-05-12,2025-05-15,sma_exit,0.79,221.24424743652344,223.6472625732422,4,True
4716,SO,2025-05-12,2025-05-15,sma_exit,-0.76,83.60244750976562,83.22150421142578,4,True
4717,MO,2025-05-12,2025-05-15,sma_exit,1.65,52.42290496826172,53.444671630859375,4,True
4718,PM,2025-05-12,2025-05-15,sma_exit,2.31,157.88046264648438,162.0087432861328,4,True
4719,VZ,2025-05-13,2025-05-15,sma_exit,1.65,39.28766632080078,40.05223083496094,3,True
4720,WMT,2025-05-13,2025-05-14,sma_exit,0.69,94.85791015625,95.79779052734376,2,True
4721,CVS,2025-05-13,2025-05-16,sma_exit,3.06,58.00619125366211,59.95251083374024,4,True
4722,KO,2025-05-13,2025-05-15,sma_exit,3.54,66.58735656738281,69.14617156982422,3,True
4723,MCD,2025-05-13,2025-05-15,sma_exit,1.58,297.562744140625,303.1440734863281,3,True
4724,ABT,2025-05-13,2025-05-15,sma_exit,3.03,125.57090759277344,129.75497436523438,3,True
4725,TMUS,2025-05-13,2025-05-15,sma_exit,0.89,230.7618408203125,233.50369262695312,3,True
4726,BRK-B,2025-05-14,2025-05-16,sma_exit,1.87,503.3999938964844,514.3099975585938,3,True
4727,CB,2025-05-14,2025-05-15,sma_exit,3.49,278.74139404296875,289.31134033203125,2,True
4728,COF,2025-05-21,2025-05-27,sma_exit,2.77,182.9853515625,188.597412109375,4,True
4729,WFC,2025-05-21,2025-05-27,sma_exit,0.79,71.20970153808594,71.98804473876953,4,True
4730,MS,2025-05-21,2025-05-27,sma_exit,2.82,121.6771469116211,125.47410583496094,4,True
4731,AXP,2025-05-21,2025-05-27,sma_exit,2.41,282.26055908203125,289.91912841796875,4,True
4732,MAR,2025-05-21,2025-05-27,sma_exit,2.04,257.21710205078125,263.23150634765625,4,True
4733,PWR,2025-05-22,2025-05-27,sma_exit,3.18,330.4610900878906,341.9682312011719,3,True
4734,ISRG,2025-05-22,2025-05-27,sma_exit,1.09,542.6699829101562,550.1900024414062,3,True
4735,SYK,2025-05-22,2025-05-27,sma_exit,1.15,373.6681213378906,379.1010437011719,3,True
4736,LRCX,2025-05-23,2025-05-27,sma_exit,3.25,80.41374969482422,83.2707748413086,2,True
4737,TJX,2025-05-23,2025-05-30,sma_exit,0.65,123.79132080078124,124.97310638427734,5,True
4738,C,2025-05-23,2025-05-27,sma_exit,2.96,71.108154296875,73.42362976074219,2,True
4739,KLAC,2025-05-23,2025-05-27,sma_exit,3.91,75.14718627929688,78.31218719482422,2,True
4740,PH,2025-05-23,2025-05-27,sma_exit,2.14,648.0118408203125,663.7925415039062,2,True
4741,DE,2025-05-29,2025-06-02,sma_exit,0.57,495.6524658203125,499.9744567871094,3,True
4742,UBER,2025-06-02,2025-06-05,sma_exit,0.93,83.63999938964844,84.66999816894531,4,True
4743,BRK-B,2025-06-04,2025-06-09,sma_exit,0.17,491.0,493.3299865722656,4,True
4744,MCD,2025-06-06,2025-06-23,time_exit,-6.1,297.9610900878906,280.6666564941406,11,True
4745,CME,2025-06-06,2025-06-12,sma_exit,-1.04,262.76708984375,260.8131408691406,5,True
4746,PGR,2025-06-09,2025-06-13,sma_exit,-1.58,254.6593475341797,251.41168212890625,5,True
4747,ADP,2025-06-09,2025-06-23,sma_exit,-2.43,308.41534423828125,301.8515930175781,10,True
4748,ISRG,2025-06-09,2025-06-23,sma_exit,-2.4,526.1500244140625,515.0900268554688,10,True
4749,ICE,2025-06-09,2025-06-11,sma_exit,0.57,173.28330993652344,174.78994750976562,3,True
4750,WM,2025-06-09,2025-06-12,sma_exit,1.05,230.2989501953125,233.4090881347656,4,True
4751,TT,2025-06-10,2025-06-16,sma_exit,0.87,418.7579345703125,423.65374755859375,5,True
4752,MO,2025-06-10,2025-06-11,sma_exit,2.01,53.90492630004883,55.147605895996094,2,True
4753,WMT,2025-06-11,2025-06-18,sma_exit,-1.04,94.7787857055664,94.07633972167967,6,True
4754,SPGI,2025-06-12,2025-06-20,sma_exit,-0.63,473.5462646484375,471.9829711914063,6,True
4755,MA,2025-06-13,2025-06-24,sma_exit,-1.1,557.794677734375,553.3285522460938,7,True
4756,TJX,2025-06-13,2025-06-20,sma_exit,-0.63,122.02851104736328,121.6247329711914,5,True
4757,AXP,2025-06-13,2025-06-18,sma_exit,2.7,284.02716064453125,292.5443725585937,4,True
4758,BKNG,2025-06-13,2025-06-23,sma_exit,0.36,210.15798950195312,211.5478515625,6,True
4759,WFC,2025-06-13,2025-06-18,sma_exit,2.99,70.40216064453125,72.7177505493164,4,True
4760,APP,2025-06-13,2025-06-24,sma_exit,-4.42,364.489990234375,349.4800109863281,7,True
4761,BLK,2025-06-13,2025-06-18,sma_exit,0.49,951.8751831054688,959.4171752929688,4,True
4762,PH,2025-06-13,2025-06-23,sma_exit,1.25,647.151123046875,657.173583984375,6,True
4763,VZ,2025-06-16,2025-06-23,sma_exit,-0.63,39.14949417114258,39.02052688598633,5,True
4764,SYK,2025-06-17,2025-06-20,sma_exit,0.29,368.8179626464844,370.9812622070313,3,True
4765,T,2025-06-17,2025-06-23,sma_exit,1.69,26.14364624023437,26.663684844970703,4,True
4766,KO,2025-06-17,2025-06-23,sma_exit,-0.13,67.70260620117188,67.81929779052734,4,True
4767,PGR,2025-06-18,2025-06-23,sma_exit,2.02,244.3531951904297,250.0319061279297,3,True
4768,COST,2025-06-18,2025-06-23,sma_exit,2.73,967.9039306640624,997.2716674804688,3,True
4769,LIN,2025-06-20,2025-06-24,sma_exit,1.3,449.80517578125,457.00823974609375,3,True
4770,EQIX,2025-06-20,2025-06-23,sma_exit,0.5,859.1416625976562,866.0507202148438,2,True
4771,WM,2025-06-20,2025-06-23,sma_exit,0.89,228.28126525878903,231.0075836181641,2,True
4772,CDNS,2025-06-23,2025-06-24,sma_exit,0.8,293.5599975585937,296.79998779296875,2,True
4773,DE,2025-06-25,2025-06-27,sma_exit,1.0,498.89154052734375,505.3893432617188,3,True
4774,MO,2025-07-01,2025-07-02,sma_exit,1.47,54.44684982299805,55.411415100097656,2,True
4775,MNST,2025-07-09,2025-07-17,sma_exit,-1.11,59.56999969482422,59.09000015258789,7,True
4776,INTU,2025-07-10,2025-07-16,sma_exit,0.08,739.59130859375,742.3800048828125,5,True
4777,T,2025-07-10,2025-07-21,sma_exit,-1.17,26.376230239868164,26.147035598754883,8,True
4778,WMT,2025-07-11,2025-07-16,sma_exit,0.49,93.3936996459961,94.1356964111328,4,True
4779,CVS,2025-07-11,2025-07-23,sma_exit,-3.78,62.10976028442383,59.94728088378906,9,True
4780,IBM,2025-07-11,2025-07-18,sma_exit,0.5,274.5480651855469,276.7554016113281,6,True
4781,LIN,2025-07-15,2025-07-18,sma_exit,0.67,454.4427490234375,458.8336791992188,4,True
4782,USB,2025-07-15,2025-07-21,sma_exit,-0.1,43.93859100341797,44.02514266967773,5,True
4783,VZ,2025-07-15,2025-07-21,sma_exit,2.68,38.62178802490234,39.77314376831055,5,True
4784,UBER,2025-07-15,2025-07-21,sma_exit,-1.44,92.20999908447266,91.16000366210938,5,True
4785,CRWD,2025-07-16,2025-07-18,sma_exit,0.87,117.6125030517578,118.98999786376952,3,True
4786,TXN,2025-07-21,2025-07-29,sma_exit,-11.11,207.6526336669922,185.2102508544922,7,True
4787,ADI,2025-07-22,2025-07-28,sma_exit,-2.31,231.67474365234372,227.02154541015625,5,True
4788,SPGI,2025-07-22,2025-07-23,sma_exit,1.22,484.7233581542969,492.07171630859375,2,True
4789,MMM,2025-07-24,2025-07-25,sma_exit,1.02,145.9197235107422,147.84512329101562,2,True
4790,IBM,2025-07-24,2025-08-06,sma_exit,-3.46,252.20399475097656,244.2363739013672,10,True
4791,PM,2025-07-24,2025-07-29,sma_exit,0.74,155.45016479492188,157.0618133544922,4,True
4792,KO,2025-07-28,2025-07-29,sma_exit,1.59,66.2147445678711,67.46922302246094,2,True
4793,PNC,2025-07-30,2025-08-06,sma_exit,-2.37,186.4157867431641,182.55291748046875,6,True
4794,FTNT,2025-07-30,2025-08-13,sma_exit,-22.3,101.70999908447266,79.33000183105469,11,True
4795,TT,2025-07-30,2025-08-08,sma_exit,-0.61,428.4503173828125,427.1096496582031,8,True
4796,WFC,2025-07-31,2025-08-08,sma_exit,-3.18,78.44837951660156,76.18858337402344,7,True
4797,V,2025-07-31,2025-08-12,sma_exit,-2.66,342.12701416015625,334.0682678222656,9,True
4798,BAC,2025-07-31,2025-08-08,sma_exit,-2.97,46.262245178222656,45.02910614013672,7,True
4799,DIS,2025-07-31,2025-08-04,sma_exit,-0.1,117.4098892211914,117.64645385742188,3,True
4800,AXP,2025-07-31,2025-08-08,sma_exit,-0.93,296.1423645019531,294.2822265625,7,True
4801,PWR,2025-08-01,2025-08-12,sma_exit,-1.21,394.8338012695313,391.2368469238281,8,True
4802,KKR,2025-08-01,2025-08-06,sma_exit,1.11,141.340576171875,143.33352661132812,4,True
4803,BKNG,2025-08-01,2025-08-06,sma_exit,2.49,213.64491271972656,219.59536743164065,4,True
4804,CRWD,2025-08-01,2025-08-06,sma_exit,0.83,111.66500091552734,112.92250061035156,4,True
4805,PH,2025-08-01,2025-08-07,sma_exit,1.56,704.5752563476562,717.6650390625,5,True
4806,MPC,2025-08-01,2025-08-05,sma_exit,1.75,161.90927124023438,165.22511291503906,3,True
4807,BX,2025-08-01,2025-08-08,sma_exit,-0.57,162.76731872558594,162.3252716064453,6,True
4808,SYK,2025-08-01,2025-08-12,sma_exit,-0.61,373.9823303222656,372.814208984375,8,True
4809,MDT,2025-08-01,2025-08-07,sma_exit,1.83,86.526611328125,88.36678314208984,5,True
4810,VLO,2025-08-01,2025-08-05,sma_exit,2.44,130.41494750976562,133.9891815185547,3,True
4811,BLK,2025-08-01,2025-08-04,sma_exit,1.92,1069.3929443359375,1093.1549072265625,2,False
4812,ADI,2025-08-01,2025-08-07,sma_exit,0.34,218.1087188720703,219.49581909179688,5,False
4813,WMB,2025-08-07,2025-08-20,sma_exit,-1.46,56.11012268066406,55.46072006225586,10,True
4814,MCK,2025-08-07,2025-08-14,sma_exit,1.29,659.860107421875,670.3760375976562,6,True
4815,RTX,2025-08-08,2025-08-12,sma_exit,0.11,151.92596435546875,152.5440216064453,3,True
4816,CAT,2025-08-11,2025-08-14,sma_exit,1.89,404.8953247070313,413.775390625,4,True
4817,INTU,2025-08-11,2025-08-15,sma_exit,1.21,698.245849609375,708.777587890625,5,True
4818,MPC,2025-08-11,2025-08-13,sma_exit,1.68,155.12106323242188,158.19239807128906,3,True
4819,ICE,2025-08-12,2025-08-20,sma_exit,-1.09,180.4335784912109,179.01174926757812,7,True
4820,WELL,2025-08-13,2025-08-19,sma_exit,0.03,160.67446899414062,161.19680786132812,5,True
4821,CSCO,2025-08-15,2025-08-21,sma_exit,0.94,64.85704040527344,65.66040802001953,5,True
4822,HWM,2025-08-15,2025-08-21,sma_exit,0.87,170.8942108154297,172.89004516601562,5,True
4823,WMT,2025-08-15,2025-08-19,sma_exit,0.99,99.16507720947266,100.44429779052734,3,True
4824,KKR,2025-08-19,2025-08-22,sma_exit,1.73,137.94998168945312,140.74969482421875,4,True
4825,AVGO,2025-08-19,2025-08-25,sma_exit,-0.53,292.764892578125,292.08984375,5,True
4826,MSFT,2025-08-19,2025-08-27,sma_exit,-0.73,504.7801818847656,502.6047668457031,7,True
4827,PLTR,2025-08-19,2025-08-26,sma_exit,1.68,157.75,160.8699951171875,6,True
4828,DELL,2025-08-19,2025-08-25,sma_exit,-3.4,133.4988250732422,129.3615264892578,5,True
4829,BX,2025-08-20,2025-08-22,sma_exit,3.37,158.05836486816406,163.85330200195312,3,True
4830,AMD,2025-08-20,2025-08-26,sma_exit,0.56,165.1999969482422,166.6199951171875,5,True
4831,AAPL,2025-08-20,2025-08-26,sma_exit,1.16,225.17819213867188,228.46604919433597,5,True
4832,GS,2025-08-21,2025-08-22,sma_exit,3.32,698.4014282226562,723.7056274414062,2,True
4833,META,2025-08-21,2025-08-22,sma_exit,1.82,736.6854248046875,752.32421875,2,True
4834,INTU,2025-08-22,2025-08-28,sma_exit,0.54,655.2982788085938,660.7767944335938,5,True
4835,CSX,2025-08-22,2025-08-29,sma_exit,-5.91,34.005252838134766,32.097415924072266,6,True
4836,MNST,2025-08-25,2025-08-29,sma_exit,-0.12,62.29999923706055,62.40999984741211,5,True
4837,GILD,2025-08-25,2025-09-05,sma_exit,0.49,111.25181579589844,112.12896728515624,9,True
4838,VRT,2025-08-25,2025-08-26,sma_exit,2.03,124.88243103027344,127.78923034667967,2,True
4839,NEE,2025-08-27,2025-09-10,sma_exit,-3.41,71.27464294433594,69.05541229248047,10,True
4840,CME,2025-09-02,2025-09-03,sma_exit,1.19,255.46131896972656,259.2634582519531,2,True
4841,TXN,2025-09-02,2025-09-16,time_exit,-11.4,194.76611328125,173.1460418701172,11,True
4842,MCO,2025-09-02,2025-09-08,sma_exit,1.53,494.2133483886719,503.2648315429688,5,True
4843,NVDA,2025-09-02,2025-09-09,sma_exit,-0.31,170.55284118652344,170.53285217285156,6,True
4844,BLK,2025-09-02,2025-09-08,sma_exit,-0.72,1091.891357421875,1087.35302734375,5,True
4845,ICE,2025-09-02,2025-09-11,sma_exit,0.32,172.880126953125,173.94650268554688,8,True
4846,ADI,2025-09-03,2025-09-08,sma_exit,1.51,241.52919006347656,245.9044647216797,4,True
4847,KKR,2025-09-03,2025-09-08,sma_exit,2.56,133.85964965820312,137.6918487548828,4,True
4848,LIN,2025-09-03,2025-09-08,sma_exit,0.62,465.51373291015625,469.8196411132813,4,True
4849,SO,2025-09-03,2025-09-10,sma_exit,-0.41,88.73015594482422,88.63335418701172,6,True
4850,TT,2025-09-03,2025-09-05,sma_exit,1.28,405.4806213378906,411.8995056152344,3,True
4851,DUK,2025-09-04,2025-09-10,sma_exit,0.1,116.77186584472656,117.235595703125,5,True
4852,V,2025-09-05,2025-09-11,sma_exit,-0.22,340.4968566894531,340.7646789550781,5,True
4853,AMD,2025-09-05,2025-09-10,sma_exit,5.26,151.13999938964844,159.5399932861328,4,True
4854,UBER,2025-09-05,2025-09-08,sma_exit,3.4,90.98999786376952,94.36000061035156,2,True
4855,MO,2025-09-08,2025-09-11,sma_exit,0.6,61.59217834472656,62.14469528198242,4,True
4856,RTX,2025-09-08,2025-09-11,sma_exit,1.92,151.9644012451172,155.34423828125,4,True
4857,AAPL,2025-09-10,2025-09-12,sma_exit,2.91,225.955322265625,233.2085418701172,3,True
4858,JNJ,2025-09-10,2025-09-11,sma_exit,1.24,171.91575622558594,174.5660400390625,2,True
4859,MCD,2025-09-10,2025-09-17,sma_exit,-0.62,298.2683410644531,297.3226318359375,6,True
4860,ABT,2025-09-10,2025-09-11,sma_exit,2.24,126.4375457763672,129.6531982421875,2,True
4861,BA,2025-09-11,2025-09-18,sma_exit,-2.27,219.9900054931641,215.66000366210935,6,True
4862,PH,2025-09-17,2025-09-18,sma_exit,2.03,732.4017333984375,749.4596557617188,2,True
4863,LOW,2025-09-19,2025-10-03,time_exit,-7.41,259.86151123046875,241.39096069335935,11,True
4864,AVGO,2025-09-22,2025-10-01,sma_exit,-1.89,336.9019470214844,331.53204345703125,8,True
4865,GD,2025-09-22,2025-09-25,sma_exit,0.25,317.0663757324219,318.8056640625,4,True
4866,HD,2025-09-22,2025-09-26,sma_exit,-0.76,403.6064758300781,401.73541259765625,5,True
4867,DIS,2025-09-23,2025-09-24,sma_exit,0.75,110.64779663085938,111.81095886230467,2,True
4868,AMZN,2025-09-23,2025-09-29,sma_exit,0.36,220.7100067138672,222.1699981689453,5,True
4869,KKR,2025-09-24,2025-10-08,time_exit,-9.88,136.94728088378906,123.83233642578124,11,True
4870,T,2025-09-24,2025-10-08,time_exit,-7.61,27.04470634460449,25.067920684814453,11,True
4871,BX,2025-09-24,2025-10-08,time_exit,-9.07,171.13780212402344,156.12673950195312,11,True
4872,MA,2025-09-25,2025-09-29,sma_exit,-0.15,563.7867431640625,564.62158203125,3,True
4873,META,2025-09-30,2025-10-08,sma_exit,-2.55,732.4749145507812,715.9779052734375,7,True
4874,COF,2025-09-30,2025-10-06,sma_exit,0.3,209.3264312744141,210.5770263671875,5,True
4875,HD,2025-10-01,2025-10-14,sma_exit,-2.64,388.9316711425781,379.8211364746094,10,True
4876,AXP,2025-10-01,2025-10-06,sma_exit,0.74,325.0827941894531,328.4764404296875,4,True
4877,WFC,2025-10-01,2025-10-07,sma_exit,0.03,79.1441421508789,79.40836334228516,5,True
4878,PNC,2025-10-01,2025-10-14,sma_exit,-3.81,192.1181640625,185.37155151367188,10,True
4879,BKNG,2025-10-01,2025-10-03,sma_exit,0.96,212.5930633544922,215.27464294433597,3,True
4880,WMT,2025-10-01,2025-10-06,sma_exit,0.43,101.10870361328124,101.842529296875,4,True
4881,NFLX,2025-10-01,2025-10-07,sma_exit,1.42,117.08999633789062,119.1060028076172,5,True
4882,VLO,2025-10-02,2025-10-14,sma_exit,-1.82,161.28053283691406,158.82266235351562,9,True
4883,PM,2025-10-02,2025-10-08,sma_exit,-1.05,152.39096069335938,151.25125122070312,5,True
4884,C,2025-10-02,2025-10-13,sma_exit,-1.57,95.3234405517578,94.109130859375,8,True
4885,CVX,2025-10-02,2025-10-07,sma_exit,0.7,147.5555877685547,149.0372314453125,4,True
4886,JPM,2025-10-02,2025-10-13,sma_exit,0.32,301.7767944335937,303.6580810546875,8,True
4887,CME,2025-10-06,2025-10-08,sma_exit,0.8,253.44329833984372,256.2383728027344,3,True
4888,APP,2025-10-06,2025-10-15,sma_exit,2.31,587.0,602.2999877929688,8,True
4889,LOW,2025-10-06,2025-10-14,sma_exit,-0.68,236.8051605224609,235.90370178222656,7,True
4890,BAC,2025-10-08,2025-10-14,sma_exit,0.2,49.04876327514648,49.2947998046875,5,True
4891,PSX,2025-10-08,2025-10-14,sma_exit,-0.65,127.52375030517578,127.07696533203124,5,True
4892,USB,2025-10-08,2025-10-14,sma_exit,-0.09,45.67355728149414,45.77075958251953,5,True
4893,WELL,2025-10-08,2025-10-14,sma_exit,-0.18,166.6859893798828,166.88308715820312,5,True
4894,BX,2025-10-09,2025-10-14,sma_exit,1.77,154.38726806640625,157.58746337890625,4,True
4895,COF,2025-10-09,2025-10-14,sma_exit,1.34,207.51461791992188,210.9216461181641,4,True
4896,DIS,2025-10-09,2025-10-14,sma_exit,-0.14,109.4057846069336,109.58321380615234,4,True
4897,MPC,2025-10-09,2025-10-15,sma_exit,-2.29,184.4786529541016,180.8099365234375,5,True
4898,MA,2025-10-09,2025-10-14,sma_exit,0.3,561.79443359375,565.1480102539062,4,True
4899,STX,2025-10-09,2025-10-15,sma_exit,-1.35,220.5775604248047,218.2693023681641,5,True
4900,PFE,2025-10-10,2025-10-17,sma_exit,-1.39,23.1560173034668,22.90371322631836,6,True
4901,JCI,2025-10-10,2025-10-14,sma_exit,1.88,104.93527221679688,107.22187042236328,3,True
4902,AAPL,2025-10-10,2025-10-15,sma_exit,1.36,244.3673095703125,248.42233276367188,4,False
4903,CVX,2025-10-10,2025-10-14,sma_exit,2.04,143.2550811767578,146.61276245117188,3,False
4904,HWM,2025-10-10,2025-10-13,sma_exit,2.9,183.70751953125,189.59527587890625,2,False
4905,GOOGL,2025-10-10,2025-10-13,sma_exit,2.9,236.10801696777344,243.6732177734375,2,False
4906,AXP,2025-10-10,2025-10-13,sma_exit,1.87,313.7058410644531,320.5104064941406,2,False
4907,XOM,2025-10-10,2025-10-17,sma_exit,1.06,107.61114501953124,109.07861328125,6,False
4908,RTX,2025-10-10,2025-10-20,sma_exit,1.61,155.3935089111328,158.3594970703125,7,False
4909,PLD,2025-10-10,2025-10-14,sma_exit,3.49,108.70043182373048,112.82444763183594,3,False
4910,GOOG,2025-10-10,2025-10-13,sma_exit,2.71,237.02542114257807,244.16143798828125,2,False
4911,PH,2025-10-10,2025-10-14,sma_exit,2.47,710.7420043945312,730.3983764648438,3,False
4912,MMM,2025-10-10,2025-10-14,sma_exit,2.24,146.0539093017578,149.76539611816406,3,False
4913,KLAC,2025-10-10,2025-10-15,sma_exit,10.31,97.74768829345705,108.11774444580078,4,False
4914,HCA,2025-10-13,2025-10-14,sma_exit,1.58,408.6420593261719,416.32373046875,2,True
4915,IBM,2025-10-14,2025-10-15,sma_exit,1.37,269.1528625488281,273.6363220214844,2,True
4916,ABBV,2025-10-15,2025-10-17,sma_exit,1.18,220.99493408203125,224.26759338378903,3,True
4917,LMT,2025-10-16,2025-10-20,sma_exit,2.26,480.8257446289063,493.1570739746094,3,True
4918,MRK,2025-10-16,2025-10-17,sma_exit,0.74,82.00730895996094,82.85747528076172,2,True
4919,NFLX,2025-10-16,2025-10-20,sma_exit,4.34,118.35900115966795,123.8560028076172,3,True
4920,HOOD,2025-10-17,2025-10-20,sma_exit,4.23,129.91000366210938,135.8000030517578,2,True
4921,APP,2025-10-21,2025-10-23,sma_exit,6.41,552.6400146484375,589.7000122070312,3,True
4922,MRVL,2025-10-22,2025-10-24,sma_exit,3.5,80.93123626708984,84.00672149658203,3,True
4923,BLK,2025-10-23,2025-10-24,sma_exit,0.73,1107.11376953125,1118.5587158203125,2,True
4924,WMB,2025-10-23,2025-10-30,sma_exit,-2.52,57.60359954833984,56.32308197021485,6,True
4925,MDT,2025-10-24,2025-11-07,sma_exit,-1.87,91.40848541259766,89.9739761352539,11,True
4926,GILD,2025-10-28,2025-10-31,sma_exit,1.32,115.6849365234375,117.5593719482422,4,True
4927,WMT,2025-10-28,2025-11-04,sma_exit,-1.17,102.30860137939452,101.4161148071289,6,True
4928,SO,2025-10-28,2025-10-30,sma_exit,0.94,90.90823364257812,92.03115844726562,3,True
4929,JNJ,2025-10-28,2025-10-30,sma_exit,0.83,182.8102264404297,184.88351440429688,3,True
4930,DUK,2025-10-29,2025-11-06,sma_exit,-0.53,120.07591247558594,119.79573822021484,7,True
4931,MO,2025-10-29,2025-11-05,sma_exit,-8.06,58.971439361572266,54.39418029785156,6,True
4932,MNST,2025-10-29,2025-11-04,sma_exit,0.17,66.55999755859375,66.87000274658203,5,True
4933,BLK,2025-10-29,2025-11-07,sma_exit,-1.74,1080.54296875,1064.994140625,8,True
4934,ABBV,2025-10-29,2025-10-30,sma_exit,1.06,219.9398956298828,222.92919921875,2,True
4935,BA,2025-10-30,2025-11-12,sma_exit,-2.59,200.0800018310547,195.5,10,True
4936,CVS,2025-10-30,2025-11-05,sma_exit,2.13,74.93841552734375,76.75592803955078,5,True
4937,ORCL,2025-10-30,2025-11-13,time_exit,-15.61,254.4358367919922,215.4914703369141,11,True
4938,INTC,2025-11-04,2025-11-07,sma_exit,2.67,37.02999877929688,38.130001068115234,4,True
4939,DASH,2025-11-04,2025-11-14,sma_exit,-14.04,239.92999267578125,206.9600067138672,9,True
4940,ANET,2025-11-05,2025-11-19,time_exit,-11.42,140.4199981689453,124.80999755859376,11,True
4941,MSFT,2025-11-05,2025-11-10,sma_exit,-0.53,503.0213012695313,501.8707885742188,4,True
4942,LMT,2025-11-05,2025-11-14,sma_exit,-1.86,461.2223205566406,454.0379028320313,8,True
4943,DELL,2025-11-05,2025-11-19,time_exit,-21.97,151.02850341796875,118.29788208007812,11,True
4944,SO,2025-11-05,2025-11-11,sma_exit,-0.6,88.48814392089844,88.22676849365234,5,True
4945,PANW,2025-11-06,2025-11-10,sma_exit,2.15,211.3699951171875,216.5399932861328,3,True
4946,PEP,2025-11-06,2025-11-07,sma_exit,0.67,137.52020263671875,138.85093688964844,2,True
4947,DHR,2025-11-06,2025-11-11,sma_exit,2.13,209.4966278076172,214.58811950683597,4,True
4948,CDNS,2025-11-06,2025-11-10,sma_exit,1.08,324.45001220703125,328.94000244140625,3,True
4949,TT,2025-11-11,2025-11-21,sma_exit,-3.04,419.673095703125,408.1869201660156,9,True
4950,INTC,2025-11-14,2025-11-21,sma_exit,-3.17,35.52000045776367,34.5,6,True
4951,APH,2025-11-17,2025-11-19,sma_exit,2.97,131.61622619628906,135.92286682128906,3,True
4952,USB,2025-11-17,2025-11-19,sma_exit,2.63,44.19614028930664,45.4888801574707,3,True
4953,COF,2025-11-17,2025-11-21,sma_exit,3.11,198.6862945556641,205.4669952392578,5,True
4954,CDNS,2025-11-17,2025-11-24,sma_exit,-2.49,311.2900085449219,304.4700012207031,6,True
4955,JCI,2025-11-17,2025-11-24,sma_exit,-2.18,115.7021942138672,113.52495574951172,6,True
4956,ETN,2025-11-17,2025-11-25,sma_exit,-2.08,339.9066162109375,333.8572082519531,7,True
4957,MRVL,2025-11-17,2025-11-24,sma_exit,0.11,83.32772064208984,83.66722106933594,6,True
4958,AMZN,2025-11-17,2025-11-24,sma_exit,-3.13,232.8699951171875,226.27999877929688,6,True
4959,AXP,2025-11-17,2025-11-21,sma_exit,3.11,338.4939880371094,350.0400085449219,5,True
4960,LRCX,2025-11-18,2025-11-19,sma_exit,3.58,142.73291015625,148.27320861816406,2,True
4961,IBM,2025-11-18,2025-11-21,sma_exit,2.28,284.1614074707031,291.5018310546875,4,True
4962,QCOM,2025-11-18,2025-11-24,sma_exit,-0.3,162.57278442382812,162.57278442382812,5,True
4963,GE,2025-11-18,2025-11-24,sma_exit,-0.96,294.8742370605469,292.9217224121094,5,True
4964,APP,2025-11-18,2025-11-24,sma_exit,6.12,526.010009765625,559.7999877929688,5,True
4965,AMD,2025-11-19,2025-11-26,sma_exit,-4.46,223.5500030517578,214.2400054931641,6,True
4966,PANW,2025-11-19,2025-11-26,sma_exit,-7.58,199.8999938964844,185.3500061035156,6,True
4967,CSX,2025-11-20,2025-11-21,sma_exit,1.48,33.25257110595703,33.84495162963867,2,True
4968,MU,2025-11-20,2025-11-24,sma_exit,10.9,201.1732177734375,223.71116638183597,3,True
4969,MSFT,2025-11-20,2025-11-26,sma_exit,1.18,475.4138793945313,482.4393005371094,5,True
4970,PLTR,2025-11-20,2025-11-24,sma_exit,3.88,155.7449951171875,162.25,3,True
4971,RTX,2025-11-21,2025-11-24,sma_exit,1.78,167.859130859375,171.3512420654297,2,True
4972,CVX,2025-11-25,2025-11-28,sma_exit,1.45,144.49505615234375,147.02444458007812,3,True
4973,XOM,2025-11-25,2025-11-28,sma_exit,0.93,112.2580337524414,113.64029693603516,3,True
4974,MCK,2025-12-02,2025-12-10,sma_exit,-2.3,827.2161254882812,810.665771484375,7,True
4975,CVS,2025-12-03,2025-12-08,sma_exit,1.74,73.2870101928711,74.78206634521484,4,True
4976,REGN,2025-12-03,2025-12-10,sma_exit,0.05,720.8807983398438,723.4110107421875,6,True
4977,HCA,2025-12-03,2025-12-09,sma_exit,0.06,484.35443115234375,486.0758361816406,5,True
4978,HWM,2025-12-03,2025-12-11,sma_exit,0.52,193.9994964599609,195.59710693359372,7,True
4979,JNJ,2025-12-04,2025-12-10,sma_exit,1.71,199.2747802734375,203.2705078125,5,True
4980,LLY,2025-12-04,2025-12-11,sma_exit,-0.8,1009.6123657226562,1004.5269775390624,6,True
4981,TMO,2025-12-04,2025-12-10,sma_exit,-0.55,573.6649780273438,572.2389526367188,5,True
4982,CME,2025-12-05,2025-12-11,sma_exit,0.27,261.9736328125,263.4630126953125,5,True
4983,MDT,2025-12-05,2025-12-19,sma_exit,-2.99,98.91282653808594,96.2487335205078,11,True
4984,MAR,2025-12-08,2025-12-11,sma_exit,2.7,286.1176147460937,294.70654296875,4,True
4985,PLD,2025-12-08,2025-12-10,sma_exit,2.1,123.78929138183594,126.76017761230467,3,True
4986,NEE,2025-12-08,2025-12-11,sma_exit,0.52,78.8299560546875,79.47586059570312,4,True
4987,GILD,2025-12-09,2025-12-10,sma_exit,1.36,117.13738250732422,119.08051300048828,2,True
4988,AMGN,2025-12-09,2025-12-12,sma_exit,0.94,307.5567932128906,311.3687744140625,4,True
4989,MRK,2025-12-09,2025-12-11,sma_exit,1.89,94.68169403076172,96.75337982177734,3,True
4990,WELL,2025-12-10,2025-12-15,sma_exit,-0.61,189.0330810546875,188.43946838378903,4,True
4991,ISRG,2025-12-11,2025-12-15,sma_exit,1.92,547.3599853515625,559.52001953125,3,True
4992,APH,2025-12-12,2025-12-18,sma_exit,0.18,128.54290771484375,129.15948486328125,5,True
4993,HOOD,2025-12-12,2025-12-19,sma_exit,1.25,119.5,121.3499984741211,6,True
4994,AMD,2025-12-12,2025-12-19,sma_exit,0.96,210.77999877929688,213.42999267578125,6,True
4995,NVDA,2025-12-12,2025-12-19,sma_exit,3.11,174.80679321289062,180.7695159912109,6,True
4996,AVGO,2025-12-15,2025-12-19,sma_exit,-0.14,337.9162292480469,338.46319580078125,5,True
4997,CDNS,2025-12-15,2025-12-22,sma_exit,-0.57,318.42999267578125,317.57000732421875,6,True
4998,INTC,2025-12-15,2025-12-19,sma_exit,-2.14,37.5099983215332,36.81999969482422,5,True
4999,CRWD,2025-12-15,2025-12-19,sma_exit,-1.57,121.86750030517578,120.31999969482422,5,True
5000,XOM,2025-12-16,2025-12-19,sma_exit,1.45,112.42469024658205,114.3951644897461,4,True
5001,VLO,2025-12-16,2025-12-22,sma_exit,0.15,160.44496154785156,161.16432189941406,5,True
5002,MPC,2025-12-16,2025-12-31,time_exit,-8.31,174.76109313964844,160.76361083984375,11,True
5003,WMB,2025-12-16,2025-12-22,sma_exit,0.57,57.56779098510742,58.0704345703125,5,True
5004,IBM,2025-12-16,2025-12-22,sma_exit,-0.43,297.1272277832031,296.7450256347656,5,True
5005,PSX,2025-12-16,2025-12-29,sma_exit,-2.72,129.07827758789062,125.95367431640624,9,True
5006,CAT,2025-12-17,2025-12-22,sma_exit,3.35,558.4771728515625,578.87255859375,4,True
5007,VRT,2025-12-17,2025-12-19,sma_exit,6.37,149.76319885253906,159.74874877929688,3,True
5008,GOOGL,2025-12-17,2025-12-19,sma_exit,3.22,296.3342590332031,306.7607116699219,3,True
5009,GOOG,2025-12-17,2025-12-19,sma_exit,3.24,297.6710205078125,308.2072448730469,3,True
5010,MS,2025-12-17,2025-12-19,sma_exit,0.95,171.96580505371094,174.11045837402344,3,True
5011,MRVL,2025-12-17,2025-12-18,sma_exit,3.09,81.58027648925781,84.34622955322266,2,False
5012,MU,2025-12-17,2025-12-18,sma_exit,9.91,225.29962158203125,248.3071136474609,2,False
5013,BLK,2025-12-19,2025-12-22,sma_exit,2.34,1048.392822265625,1076.1212158203125,2,True
5014,KKR,2025-12-19,2026-01-05,sma_exit,2.73,129.870361328125,133.8079376220703,10,True
5015,PEP,2025-12-22,2025-12-30,sma_exit,-2.27,144.2304229736328,141.3958282470703,6,True
5016,WMT,2025-12-22,2025-12-29,sma_exit,-0.36,111.88748168945312,111.81793212890624,5,True
5017,MDT,2025-12-29,2025-12-30,sma_exit,0.23,94.5185317993164,95.0198745727539,2,True
5018,TSLA,2025-12-29,2026-01-05,sma_exit,-2.03,459.6400146484375,451.6700134277344,5,True
5019,PLTR,2025-12-30,2026-01-06,sma_exit,-0.92,180.83999633789065,179.7100067138672,5,True
5020,HOOD,2025-12-30,2026-01-05,sma_exit,6.45,115.4499969482422,123.23999786376952,4,True
5021,ISRG,2025-12-31,2026-01-06,sma_exit,4.38,566.3599853515625,592.8499755859375,4,True
5022,MA,2025-12-31,2026-01-06,sma_exit,1.36,568.0936279296875,577.5074462890625,4,True
5023,CSCO,2025-12-31,2026-01-13,sma_exit,-1.8,75.92303466796875,74.78350067138672,9,True
5024,GLW,2025-12-31,2026-01-02,sma_exit,3.25,87.09912109375,90.19276428222656,2,True
5025,GD,2025-12-31,2026-01-02,sma_exit,1.7,332.2777404785156,338.92999267578125,2,True
5026,APP,2025-12-31,2026-01-09,sma_exit,-4.17,673.8200073242188,647.719970703125,7,True
5027,QCOM,2025-12-31,2026-01-05,sma_exit,2.78,169.33335876464844,174.5405731201172,3,True
5028,CAT,2025-12-31,2026-01-02,sma_exit,4.16,569.3904418945312,594.7753295898438,2,True
5029,BKNG,2025-12-31,2026-01-07,sma_exit,1.39,213.18968200683597,216.78802490234372,5,True
5030,MCD,2025-12-31,2026-01-07,sma_exit,-0.78,299.7541198730469,298.3124084472656,5,True
5031,UPS,2025-12-31,2026-01-02,sma_exit,1.54,94.69426727294922,96.44131469726562,2,True
5032,AXP,2025-12-31,2026-01-05,sma_exit,2.59,366.9622192382813,377.5695495605469,3,True
5033,BLK,2025-12-31,2026-01-02,sma_exit,1.08,1058.44970703125,1073.00634765625,2,True
5034,KLAC,2025-12-31,2026-01-02,sma_exit,4.59,121.05880737304688,126.97584533691406,2,True
5035,TJX,2025-12-31,2026-01-07,sma_exit,-0.02,152.1966552734375,152.62269592285156,5,True
5036,ADI,2025-12-31,2026-01-05,sma_exit,1.95,268.7960510253906,274.83203125,3,False
5037,IBM,2025-12-31,2026-01-06,sma_exit,1.81,290.29638671875,296.4314270019531,4,False
5038,PWR,2025-12-31,2026-01-02,sma_exit,3.9,421.80267333984375,439.5264892578125,2,False
5039,GILD,2026-01-02,2026-01-07,sma_exit,1.96,120.12385559082033,122.8404769897461,4,True
5040,PEP,2026-01-02,2026-01-09,sma_exit,-1.93,139.50282287597656,137.22731018066406,6,True
5041,V,2026-01-02,2026-01-05,sma_exit,1.81,344.411865234375,351.6881408691406,2,True
5042,MCO,2026-01-02,2026-01-05,sma_exit,5.29,495.6711120605469,523.3861083984375,2,True
5043,AMZN,2026-01-02,2026-01-05,sma_exit,2.6,226.5,233.05999755859372,2,True
5044,SPGI,2026-01-02,2026-01-05,sma_exit,3.65,481.6841125488281,500.701171875,2,True
5045,KO,2026-01-02,2026-01-08,sma_exit,0.06,68.20761108398438,68.45430755615234,5,True
5046,ABNB,2026-01-02,2026-01-05,sma_exit,1.85,133.00999450683594,135.8699951171875,2,False
5047,MNST,2026-01-05,2026-01-07,sma_exit,0.33,75.66999816894531,76.1500015258789,3,True
5048,ABBV,2026-01-05,2026-01-07,sma_exit,5.71,215.09445190429688,228.02865600585935,3,True
5049,VRTX,2026-01-05,2026-01-06,sma_exit,4.06,448.7999877929688,468.3800048828125,2,True
5050,CSX,2026-01-05,2026-01-13,sma_exit,-1.08,35.585323333740234,35.30785369873047,7,True
5051,AMGN,2026-01-05,2026-01-06,sma_exit,2.65,314.2890319824219,323.5495910644531,2,True
5052,AAPL,2026-01-05,2026-01-13,sma_exit,-2.62,266.5345153808594,260.34136962890625,7,True
5053,JCI,2026-01-08,2026-01-13,sma_exit,0.42,110.641845703125,111.43717193603516,4,True
5054,AVGO,2026-01-08,2026-01-09,sma_exit,3.46,331.2597351074219,343.70391845703125,2,True
5055,AMD,2026-01-09,2026-01-13,sma_exit,8.46,203.1699981689453,220.97000122070312,3,True
5056,JPM,2026-01-13,2026-01-28,sma_exit,-3.56,307.9297790527344,297.89654541015625,11,True
5057,QCOM,2026-01-13,2026-01-28,time_exit,-7.92,163.63116455078125,151.16751098632812,11,True
5058,C,2026-01-14,2026-01-15,sma_exit,4.19,110.73760223388672,115.71247100830078,2,True
5059,ISRG,2026-01-14,2026-01-26,sma_exit,-3.58,546.760009765625,528.8099975585938,8,True
5060,MRVL,2026-01-14,2026-01-21,sma_exit,1.35,81.14934539794922,82.48835754394531,5,True
5061,BAC,2026-01-14,2026-01-22,sma_exit,-0.36,51.91524887084961,51.88557434082031,6,True
5062,WFC,2026-01-14,2026-01-22,sma_exit,-1.66,87.80452728271484,86.6141128540039,6,True
5063,REGN,2026-01-15,2026-01-21,sma_exit,0.7,739.0604858398438,746.44189453125,4,True
5064,VRTX,2026-01-15,2026-01-21,sma_exit,4.76,438.9200134277344,461.1400146484375,4,True
5065,PLTR,2026-01-16,2026-01-23,sma_exit,-1.1,170.9600067138672,169.60000610351562,5,True
5066,AAPL,2026-01-16,2026-01-26,sma_exit,-0.35,254.8363494873047,254.7166748046875,6,True
5067,MMM,2026-01-20,2026-01-23,sma_exit,3.9,153.94898986816406,160.41778564453125,4,True
5068,GOOGL,2026-01-20,2026-01-22,sma_exit,2.35,321.5814208984375,330.1102905273437,3,True
5069,APP,2026-01-20,2026-01-27,sma_exit,-4.18,565.52001953125,543.5599975585938,6,True
5070,TSLA,2026-01-20,2026-01-22,sma_exit,6.88,419.25,449.3599853515625,3,True
5071,SPGI,2026-01-20,2026-01-22,sma_exit,3.7,487.6786193847656,507.1842956542969,3,True
5072,HOOD,2026-01-20,2026-01-23,sma_exit,0.84,105.77999877929688,106.98999786376952,4,True
5073,GOOG,2026-01-20,2026-01-22,sma_exit,2.39,321.73956298828125,330.4082336425781,3,True
5074,TJX,2026-01-26,2026-01-30,sma_exit,-0.48,148.69912719726562,148.43161010742188,5,True
5075,BA,2026-01-28,2026-02-04,sma_exit,-2.63,241.58999633789065,235.9499969482422,6,True
5076,WMT,2026-01-28,2026-01-29,sma_exit,0.42,115.83235931396484,116.66705322265624,2,True
5077,TMO,2026-01-28,2026-02-11,time_exit,-13.6,606.8112182617188,526.1219482421875,11,True
5078,HWM,2026-01-29,2026-02-03,sma_exit,1.88,208.61761474609372,213.17079162597656,4,True
5079,COST,2026-01-29,2026-02-02,sma_exit,1.46,948.7028198242188,965.4219360351562,3,True
5080,DHR,2026-01-29,2026-02-10,sma_exit,-0.24,218.6991271972656,218.82858276367188,9,True
5081,SBUX,2026-01-30,2026-02-04,sma_exit,5.16,90.30966186523438,95.24011993408205,4,True
5082,AMD,2026-01-30,2026-02-09,sma_exit,-9.06,236.72999572753903,216.0,7,True
5083,NVDA,2026-02-03,2026-02-06,sma_exit,2.51,180.12030029296875,185.1841278076172,4,True
5084,BLK,2026-02-03,2026-02-09,sma_exit,0.62,1058.192626953125,1067.903564453125,5,True
5085,AVGO,2026-02-03,2026-02-06,sma_exit,3.63,319.1543273925781,331.6981506347656,4,True
5086,KLAC,2026-02-04,2026-02-06,sma_exit,10.08,130.23875427246094,143.7615509033203,3,True
5087,TSLA,2026-02-05,2026-02-09,sma_exit,4.76,397.2099914550781,417.3200073242188,3,True
5088,GS,2026-02-05,2026-02-06,sma_exit,4.01,877.56396484375,915.3508911132812,2,True
5089,GOOG,2026-02-06,2026-02-20,sma_exit,-2.84,322.6783752441406,314.4890441894531,10,True
5090,GOOGL,2026-02-06,2026-02-20,sma_exit,-2.74,322.4402770996094,314.570556640625,10,True
5091,TMO,2026-02-12,2026-02-18,sma_exit,0.43,508.8064575195313,512.5390014648438,4,True
5092,PNC,2026-02-12,2026-02-18,sma_exit,1.03,226.12625122070312,229.138916015625,4,True
5093,WFC,2026-02-12,2026-02-18,sma_exit,2.33,85.3096923828125,87.55390167236328,4,True
5094,BAC,2026-02-12,2026-02-18,sma_exit,1.3,51.95481872558594,52.78578186035156,4,True
5095,CSCO,2026-02-12,2026-02-19,sma_exit,4.45,74.3177719116211,77.84539031982422,5,True
5096,GD,2026-02-12,2026-02-18,sma_exit,2.26,337.6883544921875,346.3498229980469,4,True
5097,AAPL,2026-02-13,2026-02-18,sma_exit,3.05,255.3243560791016,263.8791198730469,3,True
5098,AXP,2026-02-13,2026-02-18,sma_exit,2.29,335.5179748535156,344.2066345214844,3,True
5099,MDT,2026-02-13,2026-02-23,sma_exit,-1.18,97.80184936523438,96.93678283691406,6,True
5100,PFE,2026-02-19,2026-02-24,sma_exit,0.74,25.969520568847656,26.240238189697266,4,True
5101,INTC,2026-02-20,2026-02-24,sma_exit,4.26,44.11000061035156,46.119998931884766,3,True
5102,ANET,2026-02-23,2026-02-25,sma_exit,3.98,127.43000030517578,132.88999938964844,3,True
5103,ETN,2026-02-23,2026-02-24,sma_exit,3.16,359.0465087890625,371.4526977539063,2,True
5104,TSLA,2026-02-23,2026-02-24,sma_exit,2.09,399.8299865722656,409.3800048828125,2,True
5105,GILD,2026-02-24,2026-02-27,sma_exit,0.59,145.84774780273438,147.141845703125,4,True
5106,WM,2026-02-25,2026-02-26,sma_exit,2.24,226.2162933349609,231.9683837890625,2,True
5107,RTX,2026-02-25,2026-02-27,sma_exit,3.09,194.52084350585935,201.1114044189453,3,True
5108,TXN,2026-03-02,2026-03-10,sma_exit,-6.19,207.6958770751953,195.46099853515625,7,True
5109,APH,2026-03-02,2026-03-05,sma_exit,0.5,134.690185546875,135.76644897460938,4,True
5110,MMM,2026-03-02,2026-03-11,sma_exit,-4.2,159.92916870117188,153.69879150390625,8,True
5111,STX,2026-03-03,2026-03-09,sma_exit,4.37,356.7428894042969,373.4118957519531,5,True
5112,MU,2026-03-03,2026-03-09,sma_exit,2.24,379.4621887207031,389.0966796875,5,True
5113,SLB,2026-03-03,2026-03-10,sma_exit,-1.27,48.326622009277344,47.859073638916016,6,True
5114,LRCX,2026-03-03,2026-03-10,sma_exit,-1.12,216.85723876953125,215.0784912109375,6,True
5115,MNST,2026-03-03,2026-03-10,sma_exit,-3.2,78.98999786376953,76.69999694824219,6,True
5116,AMD,2026-03-03,2026-03-04,sma_exit,5.52,190.9499969482422,202.07000732421875,2,True
5117,WDC,2026-03-03,2026-03-09,sma_exit,4.32,250.42481994628903,261.99169921875,5,True
5118,PM,2026-03-03,2026-03-12,sma_exit,-3.63,174.90560913085938,169.076416015625,8,True
5119,UPS,2026-03-04,2026-03-18,time_exit,-12.66,106.96278381347656,93.74005126953124,11,True
5120,PLD,2026-03-05,2026-03-16,sma_exit,-3.04,135.76451110839844,132.0417022705078,8,True
5121,PEP,2026-03-05,2026-03-09,sma_exit,1.11,157.61868286132812,159.8482208251953,3,True
5122,MO,2026-03-05,2026-03-12,sma_exit,0.8,64.905517578125,65.62259674072266,6,True
5123,PH,2026-03-05,2026-03-18,sma_exit,-5.79,961.306640625,908.5126342773438,10,True
5124,PG,2026-03-05,2026-03-10,sma_exit,1.01,151.7066192626953,153.6966552734375,4,True
5125,AAPL,2026-03-05,2026-03-10,sma_exit,-0.09,259.8263244628906,260.3653564453125,4,True
5126,KO,2026-03-05,2026-03-10,sma_exit,0.8,76.01319885253906,76.85197448730469,4,True
5127,JNJ,2026-03-05,2026-03-10,sma_exit,1.4,237.09043884277344,241.1272125244141,4,True
5128,DE,2026-03-05,2026-03-11,sma_exit,0.27,587.4447631835938,590.7763671875,5,True
5129,GOOG,2026-03-06,2026-03-09,sma_exit,2.36,297.91070556640625,305.8259582519531,2,True
5130,GOOGL,2026-03-06,2026-03-09,sma_exit,2.4,298.1319274902344,306.1770935058594,2,False
5131,GLW,2026-03-06,2026-03-10,sma_exit,10.19,122.8699722290039,135.75592041015625,3,False
5132,CB,2026-03-06,2026-03-12,sma_exit,0.18,326.01739501953125,327.5679626464844,5,False
5133,PNC,2026-03-06,2026-03-17,sma_exit,-1.37,202.9308013916016,200.76483154296875,8,False
5134,MCK,2026-03-06,2026-03-11,sma_exit,1.34,917.269775390625,932.2672119140624,4,False
5135,ADI,2026-03-06,2026-03-17,sma_exit,-0.98,313.9906616210937,311.8530578613281,8,False
5136,LIN,2026-03-06,2026-03-12,sma_exit,1.21,481.5943298339844,488.8641052246094,5,False
5137,CSX,2026-03-06,2026-03-17,sma_exit,0.6,39.71917343139648,40.07709503173828,8,False
5138,TT,2026-03-06,2026-03-10,sma_exit,2.19,422.1719970703125,432.6881408691406,3,False
5139,JCI,2026-03-06,2026-03-11,sma_exit,1.66,131.62889099121094,134.2038116455078,4,False
5140,UNP,2026-03-06,2026-03-20,time_exit,-7.85,251.6288909912109,232.62625122070312,11,False
5141,FCX,2026-03-06,2026-03-10,sma_exit,4.82,59.08616256713867,62.11214447021485,3,False
5142,USB,2026-03-09,2026-03-17,sma_exit,-1.36,51.15939331054688,50.61963653564453,7,True
5143,LOW,2026-03-09,2026-03-23,sma_exit,-6.68,247.49508666992188,231.69900512695312,11,True
5144,WMB,2026-03-09,2026-03-11,sma_exit,1.37,72.12481689453125,73.32723236083984,3,True
5145,BMY,2026-03-12,2026-03-16,sma_exit,0.99,57.69707107543945,58.440914154052734,3,True
5146,GS,2026-03-12,2026-03-17,sma_exit,2.18,780.2431640625,799.5827026367188,4,True
5147,ABBV,2026-03-13,2026-03-25,sma_exit,-5.99,216.33267211914065,204.0231170654297,9,True
5148,HWM,2026-03-13,2026-03-18,sma_exit,1.89,236.5314178466797,241.7066192626953,4,True
5149,NEM,2026-03-13,2026-03-25,sma_exit,-7.66,109.3247299194336,101.28350067138672,9,True
5150,AAPL,2026-03-13,2026-03-23,sma_exit,0.25,249.6744384765625,251.04200744628903,7,True
5151,GE,2026-03-13,2026-03-25,sma_exit,-1.34,299.31689453125,296.1907958984375,9,True
5152,DE,2026-03-16,2026-03-23,sma_exit,-0.9,569.3347778320312,565.90380859375,6,True
5153,AMGN,2026-03-17,2026-03-25,sma_exit,-2.29,356.3409118652344,349.23638916015625,7,True
5154,CVS,2026-03-17,2026-03-24,sma_exit,-2.99,73.70279693603516,71.7225570678711,6,True
5155,LMT,2026-03-17,2026-03-25,sma_exit,-2.21,628.3051147460938,616.328125,7,True
5156,HCA,2026-03-17,2026-03-31,time_exit,-7.48,508.8501892089844,472.2934265136719,11,True
5157,LLY,2026-03-18,2026-03-25,sma_exit,-0.49,915.1609497070312,913.4264526367188,6,True
5158,PEP,2026-03-18,2026-03-25,sma_exit,-1.48,151.94140625,150.15025329589844,6,True
5159,VRTX,2026-03-18,2026-03-25,sma_exit,0.45,451.5899963378906,454.9700012207031,6,True
5160,MCD,2026-03-18,2026-03-25,sma_exit,-1.58,311.3898010253906,307.4151611328125,6,True
5161,SBUX,2026-03-18,2026-03-31,sma_exit,-3.61,91.59391021728516,88.55921936035156,10,True
5162,MO,2026-03-18,2026-03-25,sma_exit,-0.73,63.1128044128418,62.84023284912109,6,True
5163,GILD,2026-03-18,2026-03-31,sma_exit,-1.66,140.3674774169922,138.46002197265625,10,True
5164,COST,2026-03-19,2026-03-24,sma_exit,-0.4,971.822509765625,970.8654174804688,4,True
5165,MCK,2026-03-19,2026-04-01,sma_exit,-3.26,897.0037841796875,870.431396484375,10,True
5166,WMT,2026-03-19,2026-03-24,sma_exit,0.7,120.32376098632812,121.5265884399414,4,False
5167,BMY,2026-03-20,2026-03-25,sma_exit,2.24,56.2583122253418,57.687278747558594,4,False
5168,SO,2026-03-20,2026-03-25,sma_exit,1.01,91.8645477294922,93.06462097167967,4,False
5169,FCX,2026-03-20,2026-03-23,sma_exit,5.17,51.849700927734375,54.68655014038086,2,False
5170,PLD,2026-03-20,2026-03-24,sma_exit,1.53,127.08763885498048,129.41078186035156,3,False
5171,KO,2026-03-20,2026-03-25,sma_exit,0.37,74.2704849243164,74.76728057861328,4,False
5172,WM,2026-03-20,2026-03-30,sma_exit,-0.85,230.2422332763672,228.9677581787109,7,False
5173,WELL,2026-03-20,2026-03-31,sma_exit,0.6,194.53895568847656,196.2963104248047,8,False
5174,DUK,2026-03-20,2026-03-25,sma_exit,0.76,124.62782287597656,125.95460510253906,4,False
5175,LIN,2026-03-23,2026-03-25,sma_exit,2.69,476.5430603027344,490.78802490234375,3,True
5176,RTX,2026-03-23,2026-03-31,sma_exit,-1.29,193.36949157714844,191.4637756347656,7,True
5177,MU,2026-03-24,2026-04-01,sma_exit,-7.26,395.3031005859375,367.7934265136719,7,True
5178,GOOG,2026-03-24,2026-03-31,sma_exit,-1.11,289.02606201171875,286.6874389648437,6,True
5179,CME,2026-03-25,2026-03-30,sma_exit,0.94,292.41387939453125,296.0450439453125,4,True
5180,GOOGL,2026-03-26,2026-03-31,sma_exit,2.06,280.7523193359375,287.3883361816406,4,True
5181,KLAC,2026-03-30,2026-03-31,sma_exit,6.2,137.92587280273438,146.88729858398438,2,True
5182,LRCX,2026-03-30,2026-04-01,sma_exit,10.74,199.7892608642578,221.8537139892578,3,True
5183,PH,2026-03-30,2026-03-31,sma_exit,3.62,857.8095092773438,891.4257202148438,2,True
5184,MNST,2026-03-30,2026-03-31,sma_exit,1.3,71.31999969482422,72.45999908447266,2,True
5185,AMAT,2026-03-30,2026-04-01,sma_exit,9.19,322.37408447265625,352.9832458496094,3,True
5186,VZ,2026-04-01,2026-04-16,sma_exit,-4.16,47.842567443847656,45.99590301513672,11,True
5187,T,2026-04-08,2026-04-16,sma_exit,-2.76,26.70908737182617,26.051177978515625,7,True
5188,PSX,2026-04-08,2026-04-15,sma_exit,-4.2,165.90853881835938,159.43020629882812,6,True
5189,XOM,2026-04-10,2026-04-16,sma_exit,-0.65,150.50726318359375,149.98422241210938,5,True
5190,COP,2026-04-10,2026-04-16,sma_exit,-1.1,120.8399887084961,119.8736572265625,5,True
5191,NEE,2026-04-14,2026-04-17,sma_exit,0.43,89.96949768066406,90.62966918945312,4,True
5192,LLY,2026-04-15,2026-04-17,sma_exit,2.13,902.1820068359376,924.1127319335938,3,True
5193,SO,2026-04-15,2026-04-23,sma_exit,-1.07,93.09413146972656,92.37605285644533,7,True
5194,DUK,2026-04-15,2026-04-23,sma_exit,-0.25,125.77770233154295,125.83665466308594,7,True
5195,CVS,2026-04-15,2026-04-17,sma_exit,2.78,73.88013458251953,76.15595245361328,3,True
5196,MRK,2026-04-15,2026-04-17,sma_exit,0.69,117.05821228027344,118.21985626220705,3,True
5197,WMB,2026-04-15,2026-04-17,sma_exit,0.25,70.24130249023438,70.62844848632812,3,True
5198,MO,2026-04-15,2026-04-21,sma_exit,0.06,63.470802307128906,63.69741439819336,5,True
5199,LMT,2026-04-17,2026-04-30,sma_exit,-12.83,584.7218017578125,511.4377746582031,10,True
5200,CME,2026-04-17,2026-04-29,sma_exit,-0.43,286.166259765625,285.7882080078125,9,True
5201,JNJ,2026-04-20,2026-04-23,sma_exit,-0.32,228.2451934814453,228.20559692382807,4,True
5202,GILD,2026-04-20,2026-04-30,sma_exit,-4.0,134.9828643798828,129.9857177734375,9,True
5203,RTX,2026-04-21,2026-04-30,sma_exit,-6.23,185.7764434814453,174.7590789794922,8,True
5204,MCK,2026-04-21,2026-04-28,sma_exit,-1.16,840.426513671875,833.1921997070312,6,True
5205,WELL,2026-04-22,2026-04-23,sma_exit,3.98,198.2720642089844,206.7510223388672,2,True
5206,NEE,2026-04-22,2026-04-23,sma_exit,6.64,88.6787338256836,94.83698272705078,2,True
5207,BAC,2026-04-23,2026-04-28,sma_exit,0.06,52.19878768920898,52.3878059387207,4,True
5208,FCX,2026-04-28,2026-05-05,sma_exit,-1.21,58.06905364990234,57.540340423583984,6,True
5209,MAR,2026-04-28,2026-04-30,sma_exit,0.64,356.8988037109375,360.2453918457031,3,True
5210,REGN,2026-04-29,2026-05-04,sma_exit,3.03,684.5370483398438,707.326416015625,4,True
5211,PH,2026-04-30,2026-05-06,sma_exit,-1.04,905.5452880859376,898.8140258789062,5,True
5212,APH,2026-05-05,2026-05-14,sma_exit,-5.79,136.48410034179688,128.99539184570312,8,True
5213,ANET,2026-05-06,2026-05-12,sma_exit,-3.37,147.05999755859375,142.5399932861328,5,True
5214,SO,2026-05-07,2026-05-12,sma_exit,0.83,90.92022705078124,91.94324493408205,4,True
5215,CB,2026-05-07,2026-05-12,sma_exit,-0.06,320.2807006835937,321.038330078125,4,True
5216,COP,2026-05-07,2026-05-12,sma_exit,3.07,113.27700805664062,117.08903503417967,4,True
5217,SLB,2026-05-07,2026-05-11,sma_exit,3.34,52.72356796264648,54.64350128173828,3,True
5218,DUK,2026-05-08,2026-05-12,sma_exit,0.42,122.03325653076172,122.9177703857422,3,True
5219,CVX,2026-05-08,2026-05-12,sma_exit,2.08,178.41455078125,182.66812133789065,3,True
5220,PEP,2026-05-11,2026-05-19,sma_exit,0.34,147.8544158935547,148.80441284179688,7,True
5221,BMY,2026-05-11,2026-05-12,sma_exit,1.1,55.0485954284668,55.81988906860352,2,True
5222,TJX,2026-05-11,2026-05-18,sma_exit,0.93,147.95703125,149.7774200439453,6,True
5223,USB,2026-05-13,2026-05-18,sma_exit,1.05,52.2924690246582,52.99644470214844,4,True
5224,ABNB,2026-05-13,2026-05-18,sma_exit,0.7,132.97000122070312,134.3000030517578,4,True
5225,CDNS,2026-05-15,2026-05-20,sma_exit,0.75,347.239990234375,350.8900146484375,4,True
5226,NEM,2026-05-15,2026-05-21,sma_exit,-0.97,108.80593872070312,108.07764434814452,5,True
5227,PH,2026-05-18,2026-05-21,sma_exit,0.43,856.7045288085938,862.9918823242188,4,True
5228,STX,2026-05-18,2026-05-21,sma_exit,9.1,740.3121948242188,809.882568359375,4,True
5229,VRT,2026-05-19,2026-05-22,sma_exit,1.2,322.5628967285156,327.3918762207031,4,True
5230,FCX,2026-05-19,2026-05-21,sma_exit,5.85,58.55786895751953,62.15913009643555,3,True
5231,C,2026-05-19,2026-05-20,sma_exit,3.74,119.36312866210938,124.18859100341795,2,True
5232,HWM,2026-05-19,2026-05-20,sma_exit,2.9,252.9976806640625,261.0837707519531,2,True
5233,ETN,2026-05-19,2026-05-22,sma_exit,4.94,370.96728515625,390.3894958496094,4,True
5234,PWR,2026-05-20,2026-05-22,sma_exit,1.6,709.821533203125,723.3294677734375,3,True
5235,UNH,2026-05-20,2026-05-22,sma_exit,1.05,381.1232299804688,386.2638854980469,3,True
5236,ADI,2026-05-20,2026-05-26,sma_exit,5.2,395.75689697265625,417.5207824707031,4,True
5237,WMT,2026-05-21,2026-06-03,sma_exit,-3.97,121.05020141601562,116.61083221435548,9,True
5238,DE,2026-05-21,2026-05-28,sma_exit,1.14,529.976318359375,537.6065673828125,5,True
5239,SBUX,2026-05-22,2026-06-08,time_exit,-8.34,102.52107238769533,94.2784194946289,11,True
5240,GOOG,2026-05-22,2026-05-26,sma_exit,1.14,379.1518249511719,384.6085205078125,2,True
5241,COST,2026-05-26,2026-06-04,sma_exit,-3.35,1001.3379516601562,970.8064575195312,8,True
5242,PM,2026-05-26,2026-06-03,sma_exit,-3.38,180.03738403320312,174.49334716796875,7,True
5243,XOM,2026-05-26,2026-06-01,sma_exit,-0.59,148.84619140625,148.41897583007812,5,True
5244,CVS,2026-05-26,2026-05-28,sma_exit,2.17,90.1717529296875,92.3979721069336,3,True
5245,COP,2026-05-26,2026-06-01,sma_exit,-1.15,115.79764556884766,114.814208984375,5,True
5246,CVX,2026-05-27,2026-06-01,sma_exit,1.58,180.82192993164065,184.2222595214844,4,True
5247,CME,2026-05-28,2026-06-05,sma_exit,-7.52,275.9890441894531,256.0722961425781,7,True
5248,CB,2026-05-28,2026-06-03,sma_exit,-1.4,315.2364196777344,311.7772216796875,5,True
5249,WMB,2026-05-29,2026-06-03,sma_exit,0.08,70.86668395996094,71.13471221923828,4,True
5250,SO,2026-05-29,2026-06-04,sma_exit,-0.77,91.296142578125,90.86966705322266,5,True
5251,MO,2026-05-29,2026-06-03,sma_exit,0.73,68.55477142333984,69.26416778564453,4,True
5252,LIN,2026-05-29,2026-06-03,sma_exit,1.69,496.12115478515625,505.9700317382813,4,True
5253,WELL,2026-05-29,2026-06-04,sma_exit,-2.48,204.5577850341797,200.0946350097656,5,True
5254,INTC,2026-06-01,2026-06-04,sma_exit,1.94,109.33000183105467,111.77999877929688,4,True
5255,PWR,2026-06-01,2026-06-03,sma_exit,3.8,687.3749389648438,715.5606689453125,3,True
5256,PLD,2026-06-01,2026-06-04,sma_exit,3.13,138.018310546875,142.75393676757812,4,True
5257,EQIX,2026-06-01,2026-06-02,sma_exit,1.7,1045.773193359375,1066.7032470703125,2,True
5258,TJX,2026-06-01,2026-06-03,sma_exit,3.07,152.26956176757812,157.40335083007812,3,True
5259,AMGN,2026-06-02,2026-06-03,sma_exit,2.73,326.352783203125,336.2549133300781,2,True
5260,GOOGL,2026-06-02,2026-06-04,sma_exit,2.56,361.6340026855469,371.96783447265625,3,True
5261,BMY,2026-06-02,2026-06-04,sma_exit,3.63,53.85210037231445,55.96821212768555,3,True
5262,GOOG,2026-06-02,2026-06-04,sma_exit,2.74,358.1744384765625,369.0478820800781,3,True
5263,JNJ,2026-06-02,2026-06-04,sma_exit,2.07,221.79611206054688,227.0502014160156,3,True
5264,AMZN,2026-06-03,2026-06-15,sma_exit,-1.9,250.0200042724609,246.0200042724609,9,True
5265,PFE,2026-06-03,2026-06-04,sma_exit,1.08,24.90432548522949,25.24830818176269,2,True
5266,HWM,2026-06-03,2026-06-05,sma_exit,1.02,248.5098571777344,251.7782745361328,3,True
5267,VZ,2026-06-04,2026-06-09,sma_exit,1.73,44.11791610717773,45.01266479492188,4,True
5268,AAPL,2026-06-09,2026-06-15,sma_exit,1.72,290.29962158203125,296.1645812988281,5,True
5269,PANW,2026-06-09,2026-06-11,sma_exit,7.0,260.5199890136719,279.5299987792969,3,True
5270,VRT,2026-06-09,2026-06-11,sma_exit,2.59,289.45977783203125,297.81805419921875,3,True
5271,CRWD,2026-06-09,2026-06-11,sma_exit,6.93,161.2324981689453,172.88250732421875,3,True
5272,EQIX,2026-06-10,2026-06-12,sma_exit,1.39,1033.392333984375,1050.8289794921875,3,True
5273,PWR,2026-06-10,2026-06-11,sma_exit,4.67,650.820556640625,683.1856079101562,2,True
5274,IBM,2026-06-10,2026-06-23,sma_exit,-3.02,270.4201354980469,263.0530090332031,9,True
5275,UPS,2026-06-10,2026-06-11,sma_exit,4.92,101.63946533203124,106.9448699951172,2,True
5276,QCOM,2026-06-10,2026-06-12,sma_exit,10.43,191.1999969482422,211.72000122070312,3,True
5277,PSX,2026-06-17,2026-06-23,sma_exit,1.6,166.28741455078125,169.440673828125,4,True
5278,SLB,2026-06-17,2026-07-02,time_exit,-10.63,50.33000183105469,45.130001068115234,11,True
5279,ELV,2026-06-18,2026-06-23,sma_exit,1.4,388.5,395.1000061035156,3,True
5280,BMY,2026-06-18,2026-06-23,sma_exit,2.53,53.39723587036133,54.91015625,3,True
5281,MPC,2026-06-18,2026-06-22,sma_exit,1.5,242.2467041015625,246.6147308349609,2,True
5282,JNJ,2026-06-18,2026-06-23,sma_exit,4.38,227.2691192626953,237.9066619873047,3,True
5283,COP,2026-06-18,2026-07-02,sma_exit,-3.09,107.02615356445312,104.03610229492188,10,True
5284,LLY,2026-06-18,2026-06-24,sma_exit,1.4,1096.9979248046875,1115.6612548828125,4,True
5285,CVX,2026-06-18,2026-07-02,sma_exit,-2.85,172.1278076171875,167.7361297607422,10,True
5286,WMT,2026-06-18,2026-06-23,sma_exit,1.61,116.90013885498048,119.1347885131836,3,True
5287,VLO,2026-06-18,2026-06-22,sma_exit,2.87,235.3903045654297,242.8415069580078,2,True
5288,FCX,2026-06-24,2026-06-30,sma_exit,1.4,61.69026565551758,62.73772430419922,5,True
5289,AAPL,2026-06-25,2026-06-30,sma_exit,4.86,274.91290283203125,289.11065673828125,4,True
5290,TJX,2026-06-25,2026-07-02,sma_exit,-0.9,154.70188903808594,153.77481079101562,6,True
5291,CDNS,2026-06-25,2026-06-26,sma_exit,2.15,368.2300109863281,377.2699890136719,2,True
5292,GOOG,2026-06-26,2026-06-29,sma_exit,4.66,334.69000244140625,351.2799987792969,2,True
5293,GOOGL,2026-06-26,2026-06-29,sma_exit,4.52,337.3900146484375,353.6499938964844,2,True
5294,CSCO,2026-06-26,2026-07-01,sma_exit,2.55,113.3459701538086,116.57390594482422,4,True
5295,GS,2026-06-26,2026-07-02,sma_exit,-0.16,1014.6406860351562,1016.02392578125,5,True
5296,NVDA,2026-06-26,2026-06-30,sma_exit,3.63,192.52999877929688,200.08999633789065,3,True
5297,MAR,2026-06-29,2026-07-02,sma_exit,-0.81,374.1197204589844,372.1936645507813,4,True
5298,EQIX,2026-06-30,2026-07-07,sma_exit,-2.17,1037.43310546875,1018.0655517578124,5,True
5299,PLD,2026-06-30,2026-07-02,sma_exit,2.62,135.47000122070312,139.42999267578125,3,True
5300,MS,2026-06-30,2026-07-02,sma_exit,2.04,207.8955841064453,212.75880432128903,3,True
5301,QCOM,2026-07-02,2026-07-06,sma_exit,5.5,176.25,186.47999572753903,2,True
5302,FCX,2026-07-08,2026-07-09,sma_exit,4.97,57.36077499389648,60.38343811035156,2,True
5303,VRTX,2026-07-13,2026-07-16,sma_exit,0.9,480.25,486.0299987792969,4,True
5304,GOOGL,2026-07-13,2026-07-14,sma_exit,1.69,352.510009765625,359.510009765625,2,True
5305,PM,2026-07-14,2026-07-15,sma_exit,2.5,175.9499969482422,180.8800048828125,2,True
5306,ABBV,2026-07-14,2026-07-16,sma_exit,4.37,243.0500030517578,254.38999938964844,3,True
5307,LLY,2026-07-14,2026-07-17,sma_exit,2.01,1150.890869140625,1177.4227294921875,4,True
5308,AMGN,2026-07-14,2026-07-16,sma_exit,4.3,353.1859741210937,369.4210815429688,3,True
5309,DE,2026-07-14,2026-07-15,sma_exit,0.57,584.4000244140625,589.47998046875,2,True
5310,GD,2026-07-15,2026-07-20,sma_exit,1.06,365.6300048828125,370.6000061035156,4,True
5311,JNJ,2026-07-15,2026-07-17,sma_exit,2.14,245.8076934814453,251.7981414794922,3,True
5312,CDNS,2026-07-16,2026-07-27,sma_exit,-7.44,364.6499938964844,338.6099853515625,8,True
5313,ELV,2026-07-16,2026-07-21,sma_exit,5.22,372.8500061035156,393.4400024414063,4,True
5314,WDC,2026-07-16,2026-07-21,sma_exit,17.18,466.80999755859375,548.3900146484375,4,True
5315,CAT,2026-07-16,2026-07-21,sma_exit,1.35,875.5457763671875,889.969970703125,4,True
5316,QCOM,2026-07-16,2026-07-21,sma_exit,1.39,170.61000061035156,173.5,4,True
5317,VRT,2026-07-17,2026-07-21,sma_exit,4.86,289.5599975585937,304.5,3,True
5318,GLW,2026-07-17,2026-07-21,sma_exit,4.74,154.3194122314453,162.10476684570312,3,True
5319,SLB,2026-07-20,2026-07-22,sma_exit,2.46,46.38999938964844,47.66999816894531,3,True
5320,FTNT,2026-07-22,2026-07-29,sma_exit,-1.48,155.0500030517578,153.22000122070312,6,True
5321,ABNB,2026-07-22,2026-07-27,sma_exit,4.56,140.0500030517578,146.86000061035156,4,True
5322,CRWD,2026-07-22,2026-07-30,sma_exit,-2.0,188.4199981689453,185.22000122070312,7,True
5323,PANW,2026-07-23,2026-07-30,sma_exit,-0.28,325.6300048828125,325.67999267578125,6,True
5324,AXP,2026-07-23,2026-07-30,sma_exit,-1.27,340.8399963378906,337.5199890136719,6,True
5325,MCO,2026-07-23,2026-07-27,sma_exit,2.61,471.2441101074219,484.9351806640625,3,True
5326,LRCX,2026-07-27,2026-07-30,sma_exit,1.8,291.6099853515625,297.7200012207031,4,True
5327,VRT,2026-07-28,2026-08-03,sma_exit,-2.72,269.5599975585937,263.04998779296875,5,True
5328,APH,2026-07-28,2026-07-30,sma_exit,10.8,143.85000610351562,159.82000732421875,3,True
5329,WDC,2026-07-28,2026-07-30,sma_exit,14.7,463.510009765625,533.0399780273438,3,True
5330,AMAT,2026-07-28,2026-07-30,sma_exit,5.01,475.9510498046875,501.2340087890625,3,True
5331,MRVL,2026-07-28,2026-07-30,sma_exit,4.76,174.47000122070312,183.3000030517578,3,True
5332,PWR,2026-07-28,2026-07-30,sma_exit,11.53,588.3599853515625,657.97998046875,3,True
5333,INTC,2026-07-28,2026-07-30,sma_exit,5.3,86.30000305175781,91.12999725341795,3,True
5334,KLAC,2026-07-28,2026-08-03,sma_exit,-4.52,190.5845947265625,182.54368591308597,5,True
5335,AMD,2026-07-28,2026-07-30,sma_exit,6.47,454.6199951171875,485.3900146484375,3,True
5336,CAT,2026-07-28,2026-08-03,sma_exit,-1.59,840.8499755859375,830.030029296875,5,True
5337,STX,2026-07-28,2026-07-30,sma_exit,13.67,747.2999877929688,851.6799926757812,3,True
5338,UPS,2026-07-28,2026-08-03,sma_exit,0.97,103.87383270263672,105.19281005859376,5,True
5339,BNY,2026-07-29,2026-07-31,sma_exit,2.21,152.5,156.3300018310547,3,True
5340,TXN,2026-07-29,2026-07-30,sma_exit,2.45,269.9179992675781,277.3399963378906,2,True
5341,ANET,2026-07-29,2026-07-30,sma_exit,7.96,157.97000122070312,171.02000427246094,2,True
5342,MU,2026-07-29,2026-07-30,sma_exit,18.06,739.0,874.6599731445312,2,False
5343,MS,2026-07-29,2026-07-31,sma_exit,3.86,202.0179443359375,210.4199981689453,3,False
5344,DELL,2026-07-29,2026-07-31,sma_exit,9.37,369.6400146484375,405.3699951171875,3,False
5345,TT,2026-07-29,2026-08-03,sma_exit,2.93,446.7999877929688,461.2099914550781,4,False
5346,ADI,2026-07-29,2026-07-30,sma_exit,3.46,352.296630859375,365.5562438964844,2,False
5347,JCI,2026-07-29,2026-07-30,sma_exit,2.9,139.4199981689453,143.8800048828125,2,False
5348,GS,2026-07-29,2026-08-03,sma_exit,4.42,975.9700927734376,1022.054443359375,4,False
5349,WELL,2026-07-30,2026-08-05,sma_exit,0.39,234.74383544921875,236.35772705078125,5,True
5350,WM,2026-07-30,2026-08-06,sma_exit,0.88,226.3300018310547,229.00999450683597,6,True
5351,LIN,2026-07-31,2026-08-05,sma_exit,2.35,478.3800048828125,491.0499877929688,4,True
5352,AAPL,2026-07-31,2026-08-06,sma_exit,0.83,308.6438293457031,312.14080810546875,5,True
5353,NEE,2026-07-31,2026-08-11,sma_exit,-1.66,86.27124786376953,85.10005187988281,8,True
5354,LLY,2026-08-03,2026-08-05,sma_exit,4.03,1119.75537109375,1168.18603515625,3,True
5355,DUK,2026-08-03,2026-08-07,sma_exit,0.16,123.19683074951172,123.76185607910156,5,True
5356,ABBV,2026-08-03,2026-08-07,sma_exit,0.08,245.1000061035156,246.0399932861328,5,True
5357,MAR,2026-08-03,2026-08-05,sma_exit,3.87,346.1265869140625,360.5772399902344,3,True
5358,PLD,2026-08-04,2026-08-12,sma_exit,0.91,139.0500030517578,140.72999572753906,7,True
5359,CVS,2026-08-05,2026-08-13,sma_exit,-4.47,99.12000274658205,94.98999786376952,7,True
5360,XOM,2026-08-05,2026-08-06,sma_exit,1.82,150.6544952392578,153.84384155273438,2,True
5361,CB,2026-08-12,2026-08-18,sma_exit,0.27,343.3299865722656,345.2900085449219,5,True
5362,PGR,2026-08-12,2026-08-19,sma_exit,4.47,207.3699951171875,217.2700042724609,6,True
5363,AVGO,2026-08-14,2026-08-27,sma_exit,-5.76,392.989990234375,371.5400085449219,10,True
5364,AMZN,2026-08-17,2026-08-19,sma_exit,1.43,261.3099975585937,265.8399963378906,3,True
5365,MRSH,2026-08-17,2026-08-19,sma_exit,2.41,184.2100067138672,189.1999969482422,3,True
5366,BRK-B,2026-08-17,2026-08-24,sma_exit,0.92,498.2300109863281,504.3200073242188,6,True
5367,DE,2026-08-18,2026-08-20,sma_exit,5.17,588.719970703125,620.9400024414062,3,True
5368,PH,2026-08-19,2026-08-25,sma_exit,-0.98,1021.1932983398438,1014.2672119140624,5,True
5369,DELL,2026-08-19,2026-08-25,sma_exit,2.89,437.5499877929688,451.5,5,True
5370,CRWD,2026-08-19,2026-08-27,sma_exit,12.76,201.6300048828125,227.9600067138672,7,True
5371,USB,2026-08-19,2026-08-25,sma_exit,-0.95,62.81999969482422,62.40999984741211,5,True
5372,PANW,2026-08-19,2026-08-27,sma_exit,6.12,359.760009765625,382.8500061035156,7,True
5373,TT,2026-08-19,2026-08-25,sma_exit,-0.35,455.4800109863281,455.25,5,True
5374,PNC,2026-08-19,2026-08-25,sma_exit,-1.25,246.4600067138672,244.1100006103516,5,True
5375,C,2026-08-19,2026-08-25,sma_exit,-0.03,132.88999938964844,133.25,5,True
5376,MS,2026-08-20,2026-08-24,sma_exit,2.9,207.4499969482422,214.0800018310547,3,True
5377,ETN,2026-08-20,2026-08-26,sma_exit,0.7,415.2900085449219,419.4400024414063,5,True
5378,UNH,2026-08-20,2026-08-24,sma_exit,3.31,384.8500061035156,398.760009765625,3,True
5379,NVDA,2026-08-20,2026-08-27,sma_exit,4.83,216.8500061035156,227.97999572753903,6,True
5380,SBUX,2026-08-20,2026-08-21,sma_exit,2.67,103.98999786376952,107.08000183105467,2,True
5381,COF,2026-08-20,2026-08-26,sma_exit,1.93,212.47999572753903,217.2100067138672,5,True
5382,BNY,2026-08-20,2026-08-24,sma_exit,2.82,157.24000549316406,162.13999938964844,3,True
5383,JCI,2026-08-20,2026-08-26,sma_exit,0.52,143.16000366210938,144.3300018310547,5,True
5384,KLAC,2026-08-21,2026-08-26,sma_exit,-0.39,183.9900054931641,183.8300018310547,4,True
5385,INTC,2026-08-21,2026-08-27,sma_exit,1.94,90.06999969482422,92.08999633789062,5,True
5386,TXN,2026-08-24,2026-08-27,sma_exit,2.64,258.94000244140625,266.5400085449219,4,True
5387,HWM,2026-08-24,2026-08-26,sma_exit,2.0,263.2900085449219,269.3399963378906,3,True
5388,PWR,2026-08-24,2026-08-27,sma_exit,0.52,616.780029296875,621.8300170898438,4,True
5389,XOM,2026-08-26,2026-08-31,sma_exit,1.44,158.19000244140625,160.9499969482422,4,True
5390,REGN,2026-08-28,2026-09-01,sma_exit,3.43,794.1900024414062,823.8200073242188,3,True
