trade_zeile,symbol,entry_time,exit_time,result,pnl_pct,entry_price,exit_price,kerzen,ausgefuehrt,allocation,capital_after
0,RTX,2016-09-01,2016-09-16,time_exit,-6.5,53.47837829589844,50.16102600097656,11,True,200.0,9987.0
1,LOW,2016-09-01,2016-09-16,time_exit,-7.48,63.36054611206055,58.8099365234375,11,True,200.0,9972.04
2,GOOGL,2016-09-01,2016-09-16,time_exit,0.53,39.22220993041992,39.547813415527344,11,True,200.0,9973.1
3,AMGN,2016-09-01,2016-09-16,time_exit,1.36,126.25997924804688,128.36021423339844,11,True,200.0,9975.82
4,MSFT,2016-09-01,2016-09-16,time_exit,-0.89,51.138031005859375,50.83613204956055,11,True,200.0,9974.04
5,VRTX,2016-09-01,2016-09-16,time_exit,-2.45,94.75,92.70999908447266,11,True,200.0,9969.14
6,TXN,2016-09-01,2016-09-16,time_exit,-0.79,53.03282928466797,52.774112701416016,11,True,200.0,9967.56
7,TJX,2016-09-01,2016-09-16,time_exit,-4.24,33.79203796386719,32.46173858642578,11,True,200.0,9959.08
8,TMO,2016-09-01,2016-09-16,time_exit,-0.79,146.69834899902344,145.97325134277344,11,True,200.0,9957.5
9,AXP,2016-09-01,2016-09-16,time_exit,-2.15,56.52284622192383,55.477088928222656,11,True,200.0,9953.2
10,ETN,2016-09-01,2016-09-16,time_exit,-7.13,54.29772186279297,50.589691162109375,11,True,200.0,9938.94
11,BA,2016-09-01,2016-09-16,time_exit,-2.76,119.51809692382812,116.57384490966795,11,True,200.0,9933.42
12,PFE,2016-09-01,2016-09-16,time_exit,-2.43,20.889240264892575,20.443506240844727,11,True,200.0,9928.56
13,ABT,2016-09-01,2016-09-16,time_exit,-1.32,35.04139709472656,34.685184478759766,11,True,200.0,9925.92
14,ADI,2016-09-01,2016-09-16,time_exit,-1.9,52.43218994140625,51.59241485595703,11,True,200.0,9922.12
15,DIS,2016-09-01,2016-09-16,time_exit,-2.1,86.84857940673828,85.2822494506836,11,True,200.0,9917.92
16,FCX,2016-09-01,2016-09-16,time_exit,-4.26,9.321578025817873,8.95231819152832,11,True,200.0,9909.4
17,NEE,2016-09-01,2016-09-16,time_exit,1.62,23.42570304870605,23.874860763549805,11,True,200.0,9912.64
18,GE,2016-09-01,2016-09-16,time_exit,-4.43,133.83251953125,128.30609130859375,11,True,200.0,9903.78
19,UNH,2016-09-01,2016-09-16,time_exit,2.18,115.09262084960938,117.94953918457033,11,True,200.0,9908.14
20,MNST,2016-09-01,2016-09-16,time_exit,-5.5,25.72166633605957,24.38500022888184,11,True,200.0,9897.14
21,ORCL,2016-09-01,2016-09-16,time_exit,-5.74,35.45156478881836,33.52223205566406,11,True,200.0,9885.66
22,DUK,2016-09-01,2016-09-16,time_exit,0.05,52.865272521972656,53.0518684387207,11,True,200.0,9885.76
23,NEM,2016-09-01,2016-09-16,time_exit,-3.21,30.85801315307617,29.960920333862305,11,True,200.0,9879.34
24,PWR,2016-09-01,2016-09-16,time_exit,-3.45,25.23934555053711,24.445114135742188,11,True,200.0,9872.44
25,SLB,2016-09-01,2016-09-16,time_exit,-3.01,59.566165924072266,57.94907760620117,11,True,200.0,9866.42
26,PH,2016-09-01,2016-09-16,time_exit,-1.39,105.8354263305664,104.6811294555664,11,True,200.0,9863.64
27,XOM,2016-09-01,2016-09-16,time_exit,-3.54,56.37744140625,54.55316162109375,11,True,200.0,9856.56
28,CVX,2016-09-01,2016-09-16,time_exit,-2.67,65.72637176513672,64.1718978881836,11,True,200.0,9851.22
29,ELV,2016-09-02,2016-09-19,time_exit,1.91,108.15570068359376,110.54451751708984,11,True,200.0,9855.04
30,MAR,2016-09-02,2016-09-19,time_exit,-3.99,64.6441879272461,62.25739669799805,11,True,200.0,9847.06
31,LLY,2016-09-02,2016-09-19,time_exit,2.71,65.71614074707031,67.69145965576172,11,True,200.0,9852.48
32,BX,2016-09-06,2016-09-20,time_exit,-3.07,17.129667282104492,16.65491485595703,11,True,200.0,9846.34
33,COST,2016-09-07,2016-09-21,time_exit,-2.19,131.47952270507812,128.9958953857422,11,True,200.0,9841.96
34,PGR,2016-09-07,2016-09-21,time_exit,-3.8,24.485929489135746,23.62984085083008,11,True,200.0,9834.36
35,AVGO,2016-09-07,2016-09-21,time_exit,0.55,12.947554588317873,13.05810832977295,11,True,200.0,9835.46
36,AAPL,2016-09-08,2016-09-22,time_exit,8.32,24.13091468811035,26.21194839477539,11,True,200.0,9852.1
37,DE,2016-09-08,2016-09-22,time_exit,0.39,71.43907928466797,71.93479919433594,11,True,200.0,9852.88
38,ABBV,2016-09-08,2016-09-22,time_exit,1.29,42.49476623535156,43.17137908935547,11,True,200.0,9855.46
39,MRVL,2016-09-09,2016-09-23,time_exit,5.39,11.440862655639648,12.091442108154297,11,True,200.0,9866.24
40,CMCSA,2016-09-09,2016-09-23,time_exit,2.83,23.51903533935547,24.255922317504883,11,True,200.0,9871.9
41,SO,2016-09-09,2016-09-23,time_exit,4.93,33.72055435180664,35.48381042480469,11,True,200.0,9881.76
42,BKNG,2016-09-12,2016-09-26,time_exit,0.46,56.253456115722656,56.68195724487305,11,True,200.0,9882.68
43,WELL,2016-09-12,2016-09-26,time_exit,2.41,52.386810302734375,53.80910873413086,11,True,200.0,9887.5
44,ISRG,2016-09-12,2016-09-26,time_exit,3.19,75.93222045898438,78.58222198486328,11,True,200.0,9893.88
45,PLD,2016-09-12,2016-09-26,time_exit,4.1,39.51938247680664,41.25650024414063,11,True,200.0,9902.08
46,BLK,2016-09-12,2016-09-26,time_exit,-2.31,289.3305053710937,283.5140380859375,11,True,200.0,9897.46
47,BMY,2016-09-12,2016-09-26,time_exit,-1.79,39.59658432006836,39.00600814819336,11,True,200.0,9893.88
48,UNP,2016-09-12,2016-09-26,time_exit,0.09,75.3118667602539,75.60888671875,11,True,200.0,9894.06
49,SBUX,2016-09-12,2016-09-26,time_exit,-1.52,44.10157775878906,43.56149673461914,11,True,200.0,9891.02
111,SLB,2016-09-19,2016-10-03,time_exit,3.57,57.668155670166016,59.90019607543945,11,True,197.05,9898.05
112,GE,2016-09-19,2016-10-03,time_exit,0.41,127.22533416748048,128.13319396972656,11,True,197.05,9898.86
113,NEM,2016-09-20,2016-10-04,time_exit,-10.52,29.87477302551269,26.820743560791016,11,True,196.93,9878.15
114,XOM,2016-09-21,2016-10-05,time_exit,4.14,54.07924270629883,56.48131561279297,11,True,196.71,9886.29
115,PFE,2016-09-26,2016-10-10,time_exit,-0.39,20.26280403137207,20.24473571777344,11,True,197.82,9885.52
116,VRTX,2016-09-26,2016-10-10,time_exit,-2.92,88.29000091552734,85.9800033569336,11,True,197.82,9879.74
117,AXP,2016-09-26,2016-10-10,time_exit,-2.21,55.2679443359375,54.21477127075195,11,True,197.82,9875.37
118,BX,2016-09-26,2016-10-10,time_exit,-3.44,16.334129333496094,15.820886611938477,11,True,197.82,9868.56
119,VLO,2016-09-26,2016-10-10,time_exit,0.53,37.01010894775391,37.316871643066406,11,True,197.82,9869.61
120,PNC,2016-09-27,2016-10-11,time_exit,1.91,63.83845138549805,65.25148010253906,11,True,197.82,9873.39
121,BNY,2016-09-27,2016-10-11,time_exit,0.84,30.609525680541992,30.95823097229004,11,True,197.82,9875.05
122,COST,2016-09-27,2016-10-11,time_exit,0.07,127.09519958496094,127.56819915771484,11,True,197.82,9875.19
123,LRCX,2016-09-27,2016-10-11,time_exit,7.35,8.105982780456543,8.726351737976074,11,True,197.82,9889.73
124,ICE,2016-09-27,2016-10-11,time_exit,-3.29,48.30878448486328,46.864105224609375,11,True,197.82,9883.22
125,USB,2016-09-27,2016-10-11,time_exit,1.27,29.69474601745605,30.16154670715332,11,True,197.82,9885.74
126,BAC,2016-09-27,2016-10-11,time_exit,5.06,12.293218612670898,12.952500343322754,11,True,197.82,9895.75
127,BLK,2016-09-27,2016-10-11,time_exit,-3.04,284.370849609375,276.57354736328125,11,True,197.82,9889.73
128,MS,2016-09-27,2016-10-11,time_exit,2.35,23.66217422485352,24.28864097595215,11,True,197.82,9894.38
129,MPC,2016-09-27,2016-10-11,time_exit,-0.04,31.04634475708008,31.12793731689453,11,True,197.82,9894.3
130,JPM,2016-09-27,2016-10-11,time_exit,3.39,51.0255241394043,52.90673828125,11,True,197.82,9901.01
131,C,2016-09-27,2016-10-11,time_exit,5.35,34.324363708496094,36.26375198364258,11,True,197.82,9911.59
132,CRM,2016-09-27,2016-10-11,time_exit,3.08,68.85870361328125,71.18840789794922,11,True,197.82,9917.68
133,GS,2016-09-27,2016-10-11,time_exit,3.48,132.457275390625,137.45828247070312,11,True,197.82,9924.57
134,MAR,2016-09-27,2016-10-11,time_exit,-0.96,61.345333099365234,60.9427604675293,11,True,197.82,9922.67
135,SCHW,2016-09-27,2016-10-11,time_exit,3.51,27.03518486022949,28.06451416015625,11,True,197.82,9929.61
136,KKR,2016-09-27,2016-10-11,time_exit,1.34,11.94517707824707,12.141279220581056,11,True,197.82,9932.26
137,CME,2016-09-28,2016-10-12,time_exit,-2.23,72.69960021972656,71.29785919189453,11,True,197.82,9927.85
138,AMGN,2016-09-28,2016-10-12,time_exit,-3.74,125.94830322265624,121.62163543701172,11,True,197.82,9920.45
139,BMY,2016-09-28,2016-10-12,time_exit,-8.89,38.731815338134766,35.40393829345703,11,True,197.82,9902.87
140,MCD,2016-09-28,2016-10-12,time_exit,-0.71,90.57872009277344,90.20911407470705,11,True,197.82,9901.46
141,DELL,2016-09-29,2016-10-13,time_exit,-1.22,12.12748908996582,12.015315055847168,11,True,197.82,9899.05
142,KLAC,2016-09-29,2016-10-13,time_exit,3.44,5.870802402496338,6.090201377868652,11,True,197.82,9905.85
143,REGN,2016-09-30,2016-10-14,time_exit,-7.85,398.26171875,368.2053527832031,11,True,197.82,9890.33
144,ABBV,2016-09-30,2016-10-14,time_exit,-4.02,41.838035583496094,40.282318115234375,11,True,197.82,9882.37
145,MCK,2016-09-30,2016-10-14,time_exit,-3.75,154.5421905517578,149.2131805419922,11,True,197.82,9874.95
146,WFC,2016-09-30,2016-10-14,time_exit,0.67,33.62337875366211,33.94989013671875,11,True,197.82,9876.28
147,SO,2016-09-30,2016-10-14,time_exit,-1.74,34.005592346191406,33.51506423950195,11,True,197.82,9872.84
148,BRK-B,2016-10-03,2016-10-17,time_exit,-0.27,143.75999450683594,143.8000030517578,11,True,197.98,9872.3
149,PM,2016-10-03,2016-10-17,time_exit,-2.26,60.09647750854492,58.918243408203125,11,True,197.98,9867.83
150,GILD,2016-10-03,2016-10-17,time_exit,-7.21,55.09130096435547,51.28582382202149,11,True,197.98,9853.55
151,MMM,2016-10-03,2016-10-17,time_exit,-3.06,105.87852478027344,102.95697021484376,11,True,197.98,9847.5
152,MO,2016-10-03,2016-10-17,time_exit,-0.97,32.09500503540039,31.88053321838379,11,True,197.98,9845.58
153,HCA,2016-10-03,2016-10-17,time_exit,7.53,69.05705261230469,74.46675872802734,11,True,197.98,9860.48
154,SPGI,2016-10-04,2016-10-18,time_exit,-1.35,107.23973846435548,106.10861206054688,11,True,197.56,9857.82
155,T,2016-10-04,2016-10-18,time_exit,-0.06,15.001728057861328,15.038222312927246,11,True,197.56,9857.7
156,VZ,2016-10-04,2016-10-18,time_exit,-1.11,29.929859161376957,29.68655586242676,11,True,197.56,9855.51
157,MRSH,2016-10-04,2016-10-18,time_exit,-1.59,56.02745819091797,55.30582809448242,11,True,197.56,9852.36
158,WM,2016-10-05,2016-10-19,time_exit,-0.27,52.45048141479492,52.46730041503906,11,True,197.73,9851.83
159,GE,2016-10-05,2016-10-19,time_exit,-1.79,127.52790832519533,125.62582397460938,11,True,197.73,9848.29
160,CVS,2016-10-05,2016-10-19,time_exit,-0.07,63.30736541748047,63.45426559448242,11,True,197.73,9848.15
161,PEP,2016-10-05,2016-10-19,time_exit,-0.06,78.60130310058594,78.78666687011719,11,True,197.73,9848.03
162,KO,2016-10-05,2016-10-19,time_exit,0.27,30.848608016967773,31.02569007873535,11,True,197.73,9848.57
163,EQIX,2016-10-05,2016-10-19,time_exit,5.28,287.7172241210937,303.7752685546875,11,True,197.73,9859.01
180,FTNT,2016-10-10,2016-10-24,time_exit,-11.02,6.998000144958496,6.248000144958496,11,True,197.39,9837.26
181,RTX,2016-10-10,2016-10-24,time_exit,-0.76,50.10090637207031,49.87039566040039,11,True,197.39,9835.76
182,ADI,2016-10-11,2016-10-25,time_exit,2.86,51.63399505615234,53.2636604309082,11,True,198.65,9841.44
183,WDC,2016-10-11,2016-10-25,time_exit,-5.58,37.897579193115234,35.89627456665039,11,True,198.65,9830.35
184,TXN,2016-10-11,2016-10-25,time_exit,3.25,52.31760025024414,54.17413330078125,11,True,198.65,9836.81
185,MRVL,2016-10-11,2016-10-25,time_exit,2.27,11.979397773742676,12.287518501281738,11,True,198.65,9841.32
186,MCO,2016-10-11,2016-10-25,time_exit,-4.77,97.95755767822266,93.57780456542967,11,True,198.65,9831.84
187,LIN,2016-10-11,2016-10-25,time_exit,0.9,99.59671783447266,100.78716278076172,11,True,198.65,9833.63
188,DHR,2016-10-11,2016-10-25,time_exit,2.88,64.41096496582031,66.46126556396484,11,True,198.65,9839.35
189,WMB,2016-10-11,2016-10-25,time_exit,-4.03,18.345441818237305,17.661273956298828,11,True,198.65,9831.35
190,SBUX,2016-10-11,2016-10-25,time_exit,1.12,42.658668518066406,43.26324462890625,11,True,198.65,9833.57
191,ISRG,2016-10-11,2016-10-25,time_exit,-4.64,78.9222183227539,75.5,11,True,198.65,9824.35
192,ICE,2016-10-12,2016-10-26,time_exit,-0.68,47.21378707885742,47.0354118347168,11,True,198.03,9823.01
193,ADBE,2016-10-12,2016-10-26,time_exit,-0.37,108.0500030517578,107.97000122070312,11,True,198.03,9822.27
194,PANW,2016-10-12,2016-10-26,time_exit,-2.1,25.703332901000977,25.24166679382324,11,True,198.03,9818.11
195,BX,2016-10-12,2016-10-26,time_exit,4.75,15.500104904174805,16.282808303833008,11,True,198.03,9827.52
196,MSFT,2016-10-12,2016-10-26,time_exit,5.86,50.71181869506836,53.83745956420898,11,True,198.03,9839.13
197,PFE,2016-10-12,2016-10-26,time_exit,-2.33,19.91946601867676,19.51590156555176,11,True,198.03,9834.51
198,IBM,2016-10-12,2016-10-26,time_exit,-1.91,97.26343536376952,95.70006561279295,11,True,198.03,9830.73
199,INTC,2016-10-12,2016-10-26,time_exit,-6.25,30.08467483520508,28.294021606445312,11,True,198.03,9818.35
200,TMO,2016-10-12,2016-10-26,time_exit,-4.05,149.62139892578125,144.01783752441406,11,True,198.03,9810.33
201,AMAT,2016-10-12,2016-10-26,time_exit,0.43,25.74193382263184,25.930683135986328,11,True,198.03,9811.18
202,APH,2016-10-12,2016-10-26,time_exit,2.15,14.604230880737305,14.962712287902832,11,True,198.03,9815.44
203,NVDA,2016-10-12,2016-10-26,time_exit,8.33,1.6315406560897827,1.7722707986831665,11,True,198.03,9831.94
204,GLW,2016-10-12,2016-10-26,time_exit,-1.97,18.20514678955078,17.901853561401367,11,True,198.03,9828.04
205,WMT,2016-10-13,2016-10-27,time_exit,2.05,19.245027542114254,19.69632911682129,11,True,198.12,9832.1
206,MAR,2016-10-13,2016-10-27,time_exit,-0.82,61.5466194152832,61.22640228271485,11,True,198.12,9830.47
207,HD,2016-10-13,2016-10-27,time_exit,-3.49,99.68734741210938,96.50628662109376,11,True,198.12,9823.56
208,SYK,2016-10-13,2016-10-27,time_exit,-3.7,102.02643585205078,98.55907440185548,11,True,198.12,9816.23
233,KKR,2016-10-14,2016-10-28,time_exit,5.23,11.72349739074707,12.371487617492676,11,True,197.46,9826.56
234,MCD,2016-10-17,2016-10-31,time_exit,-0.16,88.400390625,88.52621459960938,11,True,197.21,9826.24
235,COST,2016-10-18,2016-11-01,time_exit,-1.94,125.963134765625,123.89352416992188,11,True,197.05,9822.42
236,MRSH,2016-10-20,2016-11-03,time_exit,-2.72,55.37374877929688,54.03227996826172,11,True,197.18,9817.05
237,LMT,2016-10-20,2016-11-03,time_exit,2.66,178.05694580078125,183.33343505859372,11,True,197.18,9822.3
238,LRCX,2016-10-20,2016-11-03,time_exit,-2.05,8.49415397644043,8.345193862915039,11,True,197.18,9818.26
239,CME,2016-10-21,2016-11-04,time_exit,-1.49,71.17477416992188,70.326904296875,11,True,197.18,9815.32
240,MMM,2016-10-21,2016-11-04,time_exit,-2.08,102.52747344970705,100.70076751708984,11,True,197.18,9811.22
241,GE,2016-10-21,2016-11-04,time_exit,-2.16,125.27997589111328,122.94552612304688,11,True,197.18,9806.96
242,CSX,2016-10-21,2016-11-04,time_exit,1.78,8.803486824035645,8.986589431762695,11,True,197.18,9810.47
243,ADP,2016-10-21,2016-11-04,time_exit,2.42,70.10220336914062,72.00997161865234,11,True,197.18,9815.24
244,BLK,2016-10-21,2016-11-04,time_exit,-0.23,271.6059875488281,271.802490234375,11,True,197.18,9814.79
245,SPGI,2016-10-21,2016-11-04,time_exit,-1.43,107.0583953857422,105.84954833984376,11,True,197.18,9811.97
246,REGN,2016-10-24,2016-11-07,time_exit,0.57,358.863525390625,361.9741821289063,11,True,196.72,9813.09
247,SLB,2016-10-24,2016-11-07,time_exit,-1.0,60.97066879272461,60.54552459716797,11,True,196.72,9811.12
248,LLY,2016-10-25,2016-11-08,time_exit,-5.1,66.48572540283203,63.29613876342773,11,True,196.49,9801.1
249,TT,2016-10-25,2016-11-08,time_exit,10.95,43.11191940307617,47.963680267333984,11,True,196.49,9822.62
250,MRK,2016-10-25,2016-11-08,time_exit,-2.62,43.81584930419922,42.79737091064453,11,True,196.49,9817.47
251,ACN,2016-10-26,2016-11-09,time_exit,1.22,98.53515625,100.03728485107422,11,True,196.56,9819.87
252,GD,2016-10-26,2016-11-09,time_exit,6.94,122.30033111572266,131.160888671875,11,True,196.56,9833.51
253,AAPL,2016-10-26,2016-11-09,time_exit,-3.88,26.43377494812012,25.48684883117676,11,True,196.56,9825.88
254,WMB,2016-10-26,2016-11-09,time_exit,3.62,17.89740562438965,18.599742889404297,11,True,196.56,9833.0
255,MCO,2016-10-26,2016-11-09,time_exit,-1.73,92.99504852294922,91.66563415527344,11,True,196.56,9829.59
256,T,2016-10-26,2016-11-09,time_exit,2.47,13.91876220703125,14.304649353027344,11,True,196.56,9834.45
257,MCK,2016-10-26,2016-11-09,time_exit,-10.95,146.96102905273438,131.30760192871094,11,True,196.56,9812.93
258,NEM,2016-10-27,2016-11-10,time_exit,-0.62,27.24360466003418,27.1574649810791,11,True,196.32,9811.71
259,LOW,2016-10-27,2016-11-10,time_exit,3.12,55.94286346435547,57.858699798583984,11,True,196.32,9817.83
260,LIN,2016-10-27,2016-11-10,time_exit,2.85,99.11203002929688,102.2326889038086,11,True,196.32,9823.43
261,VRTX,2016-10-28,2016-11-11,time_exit,18.29,77.58000183105469,92.0,11,True,196.53,9859.38
262,AVGO,2016-10-31,2016-11-14,time_exit,-4.12,13.092705726623535,12.592927932739258,11,True,196.52,9851.28
263,GLW,2016-10-31,2016-11-14,time_exit,3.13,17.660781860351562,18.26735496520996,11,True,196.52,9857.43
264,HCA,2016-10-31,2016-11-14,time_exit,-6.3,70.8911361694336,66.63935089111328,11,True,196.52,9845.05
265,HD,2016-10-31,2016-11-14,time_exit,4.34,96.30891418457033,100.77667236328124,11,True,196.52,9853.58
266,MU,2016-11-01,2016-11-15,time_exit,6.3,16.557823181152344,17.649982452392578,11,True,196.45,9865.95
267,V,2016-11-01,2016-11-15,time_exit,-4.04,76.05799865722656,73.2158432006836,11,True,196.45,9858.02
268,VZ,2016-11-01,2016-11-15,time_exit,-0.91,28.14524269104004,27.973970413208008,11,True,196.45,9856.23
269,STX,2016-11-01,2016-11-15,time_exit,13.94,22.627197265625,25.849103927612305,11,True,196.45,9883.62
270,MNST,2016-11-01,2016-11-15,time_exit,-13.37,23.93833351135254,20.809999465942383,11,True,196.45,9857.35
271,PLD,2016-11-01,2016-11-15,time_exit,-5.7,38.55363464355469,36.47334671020508,11,True,196.45,9846.15
272,MDT,2016-11-01,2016-11-15,time_exit,-1.1,62.6357421875,62.13261795043945,11,True,196.45,9843.99
273,UNP,2016-11-01,2016-11-15,time_exit,12.47,70.55921173095703,79.56675720214844,11,True,196.45,9868.49
274,INTU,2016-11-01,2016-11-15,time_exit,2.97,99.52145385742188,102.7742156982422,11,True,196.45,9874.32
275,PGR,2016-11-01,2016-11-15,time_exit,6.32,23.69044685363769,25.258703231811523,11,True,196.45,9886.74
276,SCHW,2016-11-01,2016-11-15,time_exit,17.49,27.84457015991211,32.79811477661133,11,True,196.45,9921.1
277,ADBE,2016-11-01,2016-11-15,time_exit,-3.3,106.87000274658205,103.66000366210938,11,True,196.45,9914.61
278,SO,2016-11-01,2016-11-15,time_exit,-4.54,33.462032318115234,32.04346466064453,11,True,196.45,9905.7
279,C,2016-11-01,2016-11-15,time_exit,13.38,36.22674560546875,41.18136596679688,11,True,196.45,9931.98
280,ELV,2016-11-02,2016-11-16,time_exit,12.22,107.63040161132812,121.10717010498048,11,True,196.45,9955.99
281,TJX,2016-11-02,2016-11-16,time_exit,5.09,31.6226863861084,33.3276481628418,11,True,196.45,9965.99
282,BAC,2016-11-02,2016-11-16,time_exit,19.54,13.249980926513672,15.879071235656738,11,True,196.45,10004.37
283,NEE,2016-11-02,2016-11-16,time_exit,-7.89,23.944549560546875,22.12664604187012,11,True,196.45,9988.87
284,XOM,2016-11-02,2016-11-16,time_exit,3.37,54.17661666870117,56.16276550292969,11,True,196.45,9995.49
286,APH,2016-11-03,2016-11-17,time_exit,4.51,14.816584587097168,15.528983116149902,11,True,196.37,10004.35
287,PSX,2016-11-03,2016-11-17,time_exit,6.51,54.43563461303711,58.144805908203125,11,True,196.37,10017.13
288,COF,2016-11-03,2016-11-17,time_exit,13.1,60.755126953125,68.89590454101562,11,True,196.37,10042.86
292,TXN,2016-11-04,2016-11-18,time_exit,7.1,51.81130599975586,55.64352416992188,11,True,196.24,10056.79
293,CDNS,2016-11-04,2016-11-18,time_exit,5.6,24.93000030517578,26.399999618530277,11,True,196.24,10067.78
294,AMAT,2016-11-04,2016-11-18,time_exit,8.63,25.364431381225582,27.629430770874023,11,True,196.24,10084.71
295,EQIX,2016-11-04,2016-11-18,time_exit,-1.91,280.7021789550781,276.18798828125,11,True,196.24,10080.97
296,CSCO,2016-11-04,2016-11-18,time_exit,-0.33,22.619800567626957,22.6123161315918,11,True,196.24,10080.32
297,QCOM,2016-11-04,2016-11-18,time_exit,0.57,51.22248458862305,51.66768264770508,11,True,196.24,10081.44
298,NFLX,2016-11-04,2016-11-18,time_exit,-5.89,12.20300006866455,11.520999908447266,11,True,196.24,10069.88
314,PG,2016-11-09,2016-11-23,time_exit,-4.08,65.9465560913086,63.45233917236328,11,True,196.26,10061.87
315,UNH,2016-11-09,2016-11-23,time_exit,7.9,120.8712158203125,130.78623962402344,11,True,196.26,10077.37
316,MO,2016-11-09,2016-11-23,time_exit,-0.33,32.70269012451172,32.692481994628906,11,True,196.26,10076.73
317,ADI,2016-11-09,2016-11-23,time_exit,12.97,54.020286560058594,61.18751525878906,11,True,196.26,10102.18
318,PEP,2016-11-09,2016-11-23,time_exit,-5.63,79.52072143554688,75.27959442138672,11,True,196.26,10091.13
319,BX,2016-11-09,2016-11-23,time_exit,9.58,15.458752632141112,16.98570442199707,11,True,196.26,10109.93
320,MRVL,2016-11-09,2016-11-23,time_exit,15.37,11.858013153076172,13.716084480285645,11,True,196.26,10140.1
321,MSFT,2016-11-10,2016-11-25,time_exit,3.51,52.12368392944336,54.11178207397461,11,True,196.47,10147.0
322,MA,2016-11-10,2016-11-25,time_exit,0.88,98.71473693847656,99.87663269042967,11,True,196.47,10148.72
323,T,2016-11-11,2016-11-28,time_exit,8.0,13.949328422546388,15.106996536254885,11,True,197.19,10164.5
324,KO,2016-11-11,2016-11-28,time_exit,1.45,30.27311134338379,30.804349899291992,11,True,197.19,10167.36
325,NOW,2016-11-11,2016-11-28,time_exit,2.35,16.525999069213867,16.964000701904297,11,True,197.19,10171.99
326,NEM,2016-11-14,2016-11-29,time_exit,2.61,25.528642654418945,26.272573471069336,11,True,197.07,10177.14
327,AMZN,2016-11-14,2016-11-29,time_exit,5.74,35.95349884033203,38.1259994506836,11,True,197.07,10188.45
328,WMT,2016-11-17,2016-12-02,time_exit,2.14,19.51580810546875,19.992490768432617,11,True,200.86,10192.75
329,TMO,2016-11-21,2016-12-06,time_exit,-2.07,142.19863891601562,139.68878173828125,11,True,201.4,10188.58
330,JNJ,2016-11-21,2016-12-06,time_exit,-2.86,88.22611236572266,85.97057342529297,11,True,201.4,10182.82
331,FTNT,2016-11-22,2016-12-07,time_exit,-1.55,6.230000019073486,6.151999950408936,11,True,201.4,10179.7
332,ABBV,2016-11-23,2016-12-08,time_exit,0.9,40.289024353027344,40.77104568481445,11,True,202.8,10181.52
333,ICE,2016-11-23,2016-12-08,time_exit,9.14,47.97675323486328,52.50686264038086,11,True,202.8,10200.06
334,GILD,2016-11-23,2016-12-08,time_exit,-4.66,53.16387176513672,50.84807968139648,11,True,202.8,10190.61
335,VRTX,2016-11-23,2016-12-08,time_exit,-11.89,87.33999633789062,77.22000122070312,11,True,202.8,10166.49
336,CSCO,2016-11-23,2016-12-08,time_exit,0.51,22.26016998291016,22.43998908996582,11,True,202.8,10167.53
337,PFE,2016-11-23,2016-12-08,time_exit,-1.83,19.114356994628903,18.82235145568848,11,True,202.8,10163.82
338,MRK,2016-11-23,2016-12-08,time_exit,-2.77,43.59659194946289,42.52153015136719,11,True,202.8,10158.2
339,SPGI,2016-11-25,2016-12-09,time_exit,-4.4,103.8536376953125,99.59283447265624,11,True,202.97,10149.27
340,REGN,2016-11-28,2016-12-12,time_exit,-1.14,386.73052978515625,383.481201171875,11,True,203.44,10146.95
341,BLK,2016-11-29,2016-12-13,time_exit,6.88,289.6842346191406,310.4913635253906,11,True,203.77,10160.97
342,CRM,2016-11-29,2016-12-13,time_exit,-2.11,71.68973541259766,70.39218139648438,11,True,203.77,10156.67
343,PH,2016-11-29,2016-12-13,time_exit,2.66,118.56749725341795,122.08255767822266,11,True,203.77,10162.09
344,MA,2016-11-30,2016-12-14,time_exit,0.76,96.54206085205078,97.56226348876952,11,True,203.77,10163.64
345,VLO,2016-11-30,2016-12-14,time_exit,7.71,42.359161376953125,45.75146484375,11,True,203.77,10179.35
346,PANW,2016-11-30,2016-12-14,time_exit,-4.88,22.395000457763672,21.36833381652832,11,True,203.77,10169.4
347,DHR,2016-11-30,2016-12-14,time_exit,0.39,65.95501708984375,66.41064453125,11,True,203.77,10170.2
348,GLW,2016-12-01,2016-12-15,time_exit,2.72,18.40423393249512,18.959577560424805,11,True,203.77,10175.74
349,PG,2016-12-01,2016-12-15,time_exit,3.14,62.823055267333984,64.98725128173828,11,True,203.77,10182.14
350,STX,2016-12-01,2016-12-15,time_exit,6.23,25.580604553222656,27.25197982788086,11,True,203.77,10194.83
351,APH,2016-12-01,2016-12-15,time_exit,1.8,15.239001274108888,15.558300018310549,11,True,203.77,10198.5
352,WELL,2016-12-01,2016-12-15,time_exit,2.84,43.5944709777832,44.96456909179688,11,True,203.77,10204.29
353,TT,2016-12-01,2016-12-15,time_exit,3.79,49.7789306640625,51.81379318237305,11,True,203.77,10212.01
354,NVDA,2016-12-01,2016-12-15,time_exit,12.33,2.1556875705718994,2.427976608276367,11,True,203.77,10237.14
355,META,2016-12-01,2016-12-15,time_exit,4.45,114.09803009033205,119.52042388916016,11,True,203.77,10246.2
356,BMY,2016-12-01,2016-12-15,time_exit,4.81,39.502891540527344,41.52051544189453,11,True,203.77,10256.01
357,PM,2016-12-01,2016-12-15,time_exit,2.13,54.14358901977539,55.457550048828125,11,True,203.77,10260.35
358,TSLA,2016-12-01,2016-12-15,time_exit,8.33,12.125332832336426,13.17199993133545,11,True,203.77,10277.32
359,NOW,2016-12-02,2016-12-16,time_exit,1.4,15.312000274658203,15.571999549865724,11,True,203.85,10280.17
360,BKNG,2016-12-02,2016-12-16,time_exit,0.47,57.6944465637207,58.136260986328125,11,True,203.85,10281.13
361,EQIX,2016-12-02,2016-12-16,time_exit,5.54,274.0662536621094,290.0786437988281,11,True,203.85,10292.43
362,CDNS,2016-12-02,2016-12-16,time_exit,0.57,25.31999969482422,25.540000915527344,11,True,203.85,10293.59
363,MCO,2016-12-02,2016-12-16,time_exit,-1.48,89.2229995727539,88.17191314697266,11,True,203.85,10290.57
364,AMZN,2016-12-02,2016-12-16,time_exit,2.05,37.016998291015625,37.88850021362305,11,True,203.85,10294.75
365,ORCL,2016-12-02,2016-12-16,time_exit,1.26,33.28895568847656,33.80773162841797,11,True,203.85,10297.32
366,AMGN,2016-12-02,2016-12-16,time_exit,3.42,107.5972671508789,111.60195922851562,11,True,203.85,10304.29
367,TXN,2016-12-02,2016-12-16,time_exit,2.77,54.202598571777344,55.86576843261719,11,True,203.85,10309.94
368,AVGO,2016-12-02,2016-12-16,time_exit,8.97,12.626761436462402,13.797015190124512,11,True,203.85,10328.22
369,KLAC,2016-12-02,2016-12-16,time_exit,2.23,6.557119846343994,6.723069190979004,11,True,203.85,10332.77
370,MSFT,2016-12-02,2016-12-16,time_exit,4.85,52.967472076416016,55.69408416748047,11,True,203.85,10342.66
371,ADBE,2016-12-02,2016-12-16,time_exit,3.53,99.7300033569336,103.5500030517578,11,True,203.85,10349.85
372,V,2016-12-02,2016-12-16,time_exit,3.17,70.70852661132812,73.16448211669922,11,True,203.85,10356.31
373,ACN,2016-12-02,2016-12-16,time_exit,4.57,100.1055679321289,104.9789810180664,11,True,203.85,10365.63
374,AAPL,2016-12-05,2016-12-19,time_exit,6.6,25.07999610900879,26.810836791992188,11,True,203.85,10379.08
375,INTU,2016-12-05,2016-12-19,time_exit,2.54,106.4718780517578,109.49303436279295,11,True,203.85,10384.26
376,DUK,2016-12-05,2016-12-19,time_exit,4.48,49.61213684082031,51.98455810546875,11,True,203.85,10393.39
377,MRVL,2016-12-05,2016-12-19,time_exit,0.91,13.156305313110352,13.315715789794922,11,True,203.85,10395.25
378,JCI,2016-12-05,2016-12-19,time_exit,-4.95,35.954002380371094,34.28099822998047,11,True,203.85,10385.16
379,MCK,2016-12-07,2016-12-21,time_exit,-0.32,131.50924682617188,131.4813995361328,11,True,203.59,10384.51
380,JNJ,2016-12-07,2016-12-21,time_exit,3.49,85.23410034179688,88.46392059326172,11,True,203.59,10391.61
382,LMT,2016-12-09,2016-12-23,time_exit,-4.13,200.70550537109372,193.0185089111328,11,True,202.99,10383.23
383,TJX,2016-12-12,2016-12-27,time_exit,-1.39,33.633052825927734,33.26657485961914,11,True,202.94,10380.41
384,ANET,2016-12-12,2016-12-27,time_exit,4.72,5.821249961853027,6.113749980926514,11,True,202.94,10389.99
385,GD,2016-12-12,2016-12-27,time_exit,0.18,140.58790588378906,141.2676239013672,11,True,202.94,10390.35
386,FCX,2016-12-13,2016-12-28,time_exit,-10.07,13.545560836791992,12.221623420715332,11,True,203.24,10369.89
387,CAT,2016-12-15,2016-12-30,time_exit,-2.19,76.57930755615234,75.12923431396484,11,True,205.55,10365.38
388,CVS,2016-12-15,2016-12-30,time_exit,0.49,57.78229522705078,58.23991394042969,11,True,205.55,10366.39
389,DE,2016-12-15,2016-12-30,time_exit,1.91,87.30122375488281,89.22846221923828,11,True,205.55,10370.32
390,PH,2016-12-15,2016-12-30,time_exit,-2.4,123.8053970336914,121.20807647705078,11,True,205.55,10365.38
391,MRSH,2016-12-16,2017-01-03,time_exit,-1.16,58.12461471557617,57.62368392944336,11,True,207.31,10362.98
392,SPGI,2016-12-19,2017-01-04,time_exit,-1.06,97.51435089111328,96.76958465576172,11,True,207.7,10360.78
393,SCHW,2016-12-19,2017-01-04,time_exit,6.07,34.16470718383789,36.3424186706543,11,True,207.7,10373.39
394,FTNT,2016-12-20,2017-01-05,time_exit,3.57,5.935999870300293,6.165999889373779,11,True,207.7,10380.8
395,NOW,2016-12-21,2017-01-06,time_exit,5.98,15.449999809265137,16.420000076293945,11,True,207.83,10393.23
396,PANW,2016-12-21,2017-01-06,time_exit,6.79,21.018333435058597,22.50833320617676,11,True,207.83,10407.34
397,ACN,2016-12-22,2017-01-09,time_exit,-2.67,100.53228759765624,98.15108489990234,11,True,207.83,10401.79
398,TT,2016-12-22,2017-01-09,time_exit,-2.28,51.26366424560547,50.250587463378906,11,True,207.83,10397.05
399,V,2016-12-22,2017-01-09,time_exit,4.64,72.74424743652344,76.33944702148438,11,True,207.83,10406.7
400,HWM,2016-12-22,2017-01-09,time_exit,1.29,14.7540864944458,14.989331245422363,11,True,207.83,10409.38
401,CME,2016-12-22,2017-01-09,time_exit,-1.25,82.94341278076172,82.15947723388672,11,True,207.83,10406.78
402,TMO,2016-12-22,2017-01-09,time_exit,4.66,136.8435821533203,143.63119506835938,11,True,207.83,10416.46
403,LIN,2016-12-22,2017-01-09,time_exit,-0.85,100.27664947509766,99.72903442382812,11,True,207.83,10414.7
404,BX,2016-12-23,2017-01-10,time_exit,6.56,18.362571716308597,19.621978759765625,11,True,207.66,10428.32
405,BKNG,2016-12-23,2017-01-10,time_exit,3.0,58.21146774291992,60.13265609741211,11,True,207.66,10434.55
406,BLK,2016-12-23,2017-01-10,time_exit,-1.71,305.034912109375,300.7409973144531,11,True,207.66,10431.0
407,META,2016-12-23,2017-01-10,time_exit,5.74,116.24913787841795,123.26750946044922,11,True,207.66,10442.92
408,PWR,2016-12-23,2017-01-10,time_exit,-0.99,34.1329345703125,33.89761734008789,11,True,207.66,10440.86
409,GOOGL,2016-12-28,2017-01-12,time_exit,2.8,39.87491607666016,41.1119499206543,11,True,207.4,10446.67
410,ICE,2016-12-28,2017-01-12,time_exit,-0.18,50.1685791015625,50.23057556152344,11,True,207.4,10446.3
411,COF,2016-12-28,2017-01-12,time_exit,-0.64,74.49642181396484,74.2430419921875,11,True,207.4,10444.97
412,MAR,2016-12-28,2017-01-12,time_exit,-2.06,76.56543731689453,75.21524047851562,11,True,207.4,10440.7
413,MS,2016-12-29,2017-01-13,time_exit,3.64,32.004295349121094,33.26472473144531,11,True,207.4,10448.25
414,HD,2016-12-29,2017-01-13,time_exit,-0.34,107.20779418945312,107.16017150878906,11,True,207.4,10447.54
415,SBUX,2016-12-29,2017-01-13,time_exit,2.42,45.60969543457031,46.84873962402344,11,True,207.4,10452.56
416,GD,2016-12-29,2017-01-13,time_exit,2.4,140.15907287597656,143.9460906982422,11,True,207.4,10457.54
417,CRM,2016-12-29,2017-01-13,time_exit,9.09,67.97401428222656,74.35364532470703,11,True,207.4,10476.39
418,WMT,2016-12-29,2017-01-13,time_exit,-3.38,19.675369262695312,19.070281982421875,11,True,207.4,10469.38
419,MRVL,2016-12-29,2017-01-13,time_exit,2.25,13.231322288513184,13.568903923034668,11,True,207.4,10474.05
420,DHR,2016-12-29,2017-01-13,time_exit,3.71,66.10204315185547,68.75558471679688,11,True,207.4,10481.74
421,APH,2016-12-29,2017-01-13,time_exit,0.45,15.471335411071776,15.588052749633787,11,True,207.4,10482.68
422,C,2016-12-29,2017-01-13,time_exit,0.12,44.10008239746094,44.28574752807617,11,True,207.4,10482.92
423,BNY,2016-12-29,2017-01-13,time_exit,0.54,36.845123291015625,37.15645217895508,11,True,207.4,10484.04
424,QCOM,2016-12-29,2017-01-13,time_exit,0.97,51.08934020996094,51.739166259765625,11,True,207.4,10486.06
425,AVGO,2016-12-30,2017-01-17,time_exit,1.02,13.669425010681152,13.850372314453123,11,True,207.31,10488.17
426,SLB,2016-12-30,2017-01-17,time_exit,2.65,64.11119842529297,66.005126953125,11,True,207.31,10493.66
427,MCO,2016-12-30,2017-01-17,time_exit,4.88,86.1611328125,90.62141418457033,11,True,207.31,10503.78
428,MSFT,2016-12-30,2017-01-17,time_exit,0.33,55.55104446411133,55.89969253540039,11,True,207.31,10504.46
429,UPS,2016-12-30,2017-01-17,time_exit,-0.8,78.20269775390625,77.81385803222656,11,True,207.31,10502.81
430,ETN,2016-12-30,2017-01-17,time_exit,0.4,54.95013046264648,55.33507537841797,11,True,207.31,10503.64
431,ELV,2016-12-30,2017-01-17,time_exit,1.77,126.39168548583984,129.0115203857422,11,True,207.31,10507.31
432,MA,2016-12-30,2017-01-17,time_exit,4.91,97.533935546875,102.61100006103516,11,True,207.31,10517.48
433,HCA,2016-12-30,2017-01-17,time_exit,9.04,68.56607818603516,74.96697235107422,11,True,207.31,10536.22
434,CSX,2016-12-30,2017-01-17,time_exit,5.71,10.496386528015137,11.127397537231444,11,True,207.31,10548.06
435,MDT,2016-12-30,2017-01-17,time_exit,6.14,55.4644775390625,59.03856658935547,11,True,207.31,10560.79
436,COP,2017-01-03,2017-01-18,time_exit,-0.97,37.36404800415039,37.11304473876953,11,True,207.26,10558.78
437,TJX,2017-01-03,2017-01-18,time_exit,1.33,32.91754531860352,33.45416641235352,11,True,207.26,10561.54
438,PGR,2017-01-03,2017-01-18,time_exit,2.01,26.917863845825195,27.539106369018555,11,True,207.26,10565.7
439,PEP,2017-01-03,2017-01-18,time_exit,-2.13,78.16696166992188,76.74028778076172,11,True,207.26,10561.29
440,CVX,2017-01-03,2017-01-18,time_exit,-1.92,78.07003784179688,76.80474090576172,11,True,207.26,10557.31
452,MCD,2017-01-04,2017-01-19,time_exit,1.96,94.69095611572266,96.83077239990234,11,True,207.47,10561.37
453,MMM,2017-01-05,2017-01-20,time_exit,0.14,108.18274688720705,108.65760803222656,11,True,207.62,10561.67
454,NEE,2017-01-05,2017-01-20,time_exit,-0.08,23.215126037597656,23.26584815979004,11,True,207.62,10561.5
455,VLO,2017-01-05,2017-01-20,time_exit,-2.43,46.57030487060547,45.57944107055664,11,True,207.62,10556.45
461,TXN,2017-01-06,2017-01-23,time_exit,1.83,56.831485748291016,58.04245376586914,11,True,208.15,10560.26
462,ADI,2017-01-06,2017-01-23,time_exit,1.35,59.87029266357422,60.85696029663086,11,True,208.15,10563.07
466,TMUS,2017-01-09,2017-01-24,time_exit,5.96,53.8822021484375,57.2575569152832,11,True,208.29,10575.49
467,REGN,2017-01-09,2017-01-24,time_exit,-2.3,351.74072265625,344.70709228515625,11,True,208.29,10570.7
468,CAT,2017-01-09,2017-01-24,time_exit,4.75,74.8294906616211,78.61150360107422,11,True,208.29,10580.59
469,T,2017-01-10,2017-01-25,time_exit,1.12,15.8330659866333,16.058090209960938,11,True,208.82,10582.93
470,VZ,2017-01-10,2017-01-25,time_exit,-5.97,31.49011611938477,29.70552062988281,11,True,208.82,10570.46
471,DUK,2017-01-10,2017-01-25,time_exit,0.46,51.55995941162109,51.95087814331055,11,True,208.82,10571.42
472,PSX,2017-01-10,2017-01-25,time_exit,1.18,58.09623336791992,58.95631408691406,11,True,208.82,10573.89
473,IBM,2017-01-10,2017-01-25,time_exit,7.42,105.28939056396484,113.41252136230467,11,True,208.82,10589.38
474,KO,2017-01-11,2017-01-26,time_exit,1.55,30.54390525817871,31.10940361022949,11,True,208.82,10592.62
475,WMB,2017-01-11,2017-01-26,time_exit,0.36,17.536888122558594,17.652658462524414,11,True,208.82,10593.37
476,BLK,2017-01-11,2017-01-26,time_exit,-0.7,301.24713134765625,300.0372009277344,11,True,208.82,10591.91
477,MRSH,2017-01-11,2017-01-26,time_exit,2.15,57.25859069824219,58.664188385009766,11,True,208.82,10596.4
478,BMY,2017-01-12,2017-01-27,time_exit,-15.88,40.29820251464844,34.02009201049805,11,True,208.81,10563.24
479,JNJ,2017-01-12,2017-01-27,time_exit,-1.38,87.9345703125,86.98328399658203,11,True,208.81,10560.36
480,ABBV,2017-01-12,2017-01-27,time_exit,-2.39,41.43938446044922,40.57380676269531,11,True,208.81,10555.37
481,CSCO,2017-01-12,2017-01-27,time_exit,2.83,22.700681686401367,23.411020278930664,11,True,208.81,10561.28
486,PM,2017-01-13,2017-01-30,time_exit,5.85,56.40740585327149,59.87672424316406,11,True,209.72,10573.54
487,COF,2017-01-17,2017-01-31,time_exit,0.88,72.95906066894531,73.82064819335938,11,True,211.22,10575.4
488,MS,2017-01-17,2017-01-31,time_exit,0.97,32.004295349121094,32.409706115722656,11,True,211.22,10577.45
489,AMD,2017-01-18,2017-02-01,time_exit,21.76,9.880000114440918,12.0600004196167,11,True,211.15,10623.4
490,PWR,2017-01-18,2017-02-01,time_exit,3.84,33.61324691772461,35.005619049072266,11,True,211.15,10631.51
491,PNC,2017-01-18,2017-02-01,time_exit,3.84,84.75636291503906,88.26844787597656,11,True,211.15,10639.61
492,SCHW,2017-01-18,2017-02-01,time_exit,0.28,36.23661422729492,36.44821548461914,11,True,211.15,10640.2
493,JPM,2017-01-18,2017-02-01,time_exit,0.9,65.3720474243164,66.15860748291016,11,True,211.15,10642.11
494,USB,2017-01-18,2017-02-01,time_exit,4.59,35.41636657714844,37.14655685424805,11,True,211.15,10651.8
495,GILD,2017-01-18,2017-02-01,time_exit,0.66,51.25362777709961,51.743927001953125,11,True,211.15,10653.19
496,NVDA,2017-01-18,2017-02-01,time_exit,10.38,2.532268047332764,2.8028359413146973,11,True,211.15,10675.11
497,BRK-B,2017-01-19,2017-02-02,time_exit,1.95,159.41000366210938,163.0,11,True,211.23,10679.23
498,GS,2017-01-20,2017-02-03,time_exit,3.47,189.4033660888672,196.54071044921875,11,True,211.13,10686.55
499,TMO,2017-01-20,2017-02-03,time_exit,5.22,139.7553253173828,147.4681396484375,11,True,211.13,10697.57
500,TJX,2017-01-20,2017-02-03,time_exit,-0.33,32.935001373291016,32.926265716552734,11,True,211.13,10696.88
501,WMT,2017-01-20,2017-02-03,time_exit,-1.31,19.084482192993164,18.89131546020508,11,True,211.13,10694.11
502,MRVL,2017-01-23,2017-02-06,time_exit,12.67,13.08128833770752,14.778571128845217,11,True,211.26,10720.88
503,ADP,2017-01-23,2017-02-06,time_exit,-5.91,83.10928344726562,78.44963073730469,11,True,211.26,10708.39
504,DIS,2017-01-23,2017-02-06,time_exit,1.99,99.45807647705078,101.73282623291016,11,True,211.26,10712.6
505,DHR,2017-01-24,2017-02-07,time_exit,3.51,67.63162994384766,70.2091064453125,11,True,211.61,10720.02
506,LMT,2017-01-24,2017-02-07,time_exit,1.07,195.5860137939453,198.26174926757807,11,True,211.61,10722.29
507,WM,2017-01-24,2017-02-07,time_exit,0.19,58.80196762084961,59.08938217163086,11,True,211.61,10722.69
508,MMM,2017-01-24,2017-02-07,time_exit,-0.42,107.12354278564452,106.9956512451172,11,True,211.61,10721.8
509,SLB,2017-01-24,2017-02-07,time_exit,-4.45,64.59233093261719,61.91177368164063,11,True,211.61,10712.38
510,ABT,2017-01-24,2017-02-07,time_exit,6.1,33.82222366333008,35.98698043823242,11,True,211.61,10725.29
511,MNST,2017-01-24,2017-02-07,time_exit,-1.74,21.854999542236328,21.540000915527344,11,True,211.61,10721.61
512,PLD,2017-01-25,2017-02-08,time_exit,-4.97,39.642127990722656,37.78976821899414,11,True,211.79,10711.08
513,REGN,2017-01-25,2017-02-08,time_exit,0.94,345.66796875,349.9476318359375,11,True,211.79,10713.08
514,GD,2017-01-25,2017-02-08,time_exit,4.16,142.4817657470703,148.8370819091797,11,True,211.79,10721.89
515,RTX,2017-01-25,2017-02-08,time_exit,-0.8,55.94598388671875,55.66363143920898,11,True,211.79,10720.19
516,APH,2017-01-25,2017-02-08,time_exit,1.18,15.340876579284668,15.56745147705078,11,True,211.79,10722.69
517,SYK,2017-01-26,2017-02-09,time_exit,1.76,108.92201232910156,111.16661071777344,11,True,211.93,10726.42
518,QCOM,2017-01-26,2017-02-09,time_exit,-2.46,41.81371688842773,40.908599853515625,11,True,211.93,10721.21
519,VZ,2017-01-26,2017-02-09,time_exit,-0.93,29.317562103271484,29.132532119750977,11,True,211.93,10719.24
520,WELL,2017-01-27,2017-02-10,time_exit,0.92,46.81028747558594,47.38199996948242,11,True,211.23,10721.18
521,ABBV,2017-01-30,2017-02-13,time_exit,-0.17,40.86458206176758,40.91869354248047,11,True,211.47,10720.82
522,COST,2017-01-30,2017-02-13,time_exit,5.32,138.33265686035156,146.10569763183594,11,True,211.47,10732.07
523,GOOGL,2017-01-30,2017-02-13,time_exit,1.54,40.82946014404297,41.57931137084961,11,True,211.47,10735.33
524,GOOG,2017-01-30,2017-02-13,time_exit,1.81,39.765403747558594,40.60400390625,11,True,211.47,10739.15
525,SBUX,2017-01-30,2017-02-13,time_exit,0.53,45.26956558227539,45.6443977355957,11,True,211.47,10740.28
526,XOM,2017-01-30,2017-02-13,time_exit,-1.6,55.57986831665039,54.858699798583984,11,True,211.47,10736.89
527,ACN,2017-01-30,2017-02-13,time_exit,3.15,97.8353042602539,101.215087890625,11,True,211.47,10743.55
528,BLK,2017-01-30,2017-02-13,time_exit,2.54,296.684326171875,305.106201171875,11,True,211.47,10748.92
529,MCK,2017-01-30,2017-02-13,time_exit,2.17,127.32131958007812,130.45997619628906,11,True,211.47,10753.51
530,WMB,2017-01-30,2017-02-13,time_exit,2.79,17.16518211364746,17.695310592651367,11,True,211.47,10759.41
531,PSX,2017-01-30,2017-02-13,time_exit,-3.25,57.1043815612793,55.41893005371094,11,True,211.47,10752.54
532,VLO,2017-01-31,2017-02-14,time_exit,3.61,45.24916076660156,47.01680374145508,11,True,211.55,10760.18
533,LLY,2017-01-31,2017-02-14,time_exit,2.7,66.3014144897461,68.28998565673828,11,True,211.55,10765.89
534,GE,2017-01-31,2017-02-14,time_exit,1.65,129.3587646484375,131.8849639892578,11,True,211.55,10769.38
535,MPC,2017-01-31,2017-02-14,time_exit,6.52,35.94013214111328,38.39161682128906,11,True,211.55,10783.17
536,INTC,2017-02-01,2017-02-15,time_exit,-0.88,29.814456939697266,29.6408634185791,11,True,213.5,10781.29
537,SO,2017-02-01,2017-02-15,time_exit,-0.71,32.55915832519531,32.425025939941406,11,True,213.5,10779.78
538,MCO,2017-02-02,2017-02-16,time_exit,5.62,95.43804931640624,101.09074401855467,11,True,213.58,10791.78
539,C,2017-02-02,2017-02-16,time_exit,7.56,41.69398880004883,44.97113800048828,11,True,213.58,10807.93
540,CVX,2017-02-02,2017-02-16,time_exit,-0.72,74.33377838134766,74.02206420898438,11,True,213.58,10806.39
541,JCI,2017-02-02,2017-02-16,time_exit,-1.77,34.27288055419922,33.77055740356445,11,True,213.58,10802.61
542,AMZN,2017-02-03,2017-02-17,time_exit,4.0,40.5099983215332,42.25350189208984,11,True,213.88,10811.17
543,CAT,2017-02-06,2017-02-21,time_exit,5.33,75.85881805419922,80.13079071044922,11,True,214.25,10822.59
544,EQIX,2017-02-07,2017-02-22,time_exit,-2.22,315.4728088378906,309.40594482421875,11,True,214.43,10817.83
545,HD,2017-02-07,2017-02-22,time_exit,5.99,108.43775939941406,115.26221466064452,11,True,214.43,10830.67
546,LIN,2017-02-07,2017-02-22,time_exit,0.98,99.51512145996094,100.79007720947266,11,True,214.43,10832.77
547,T,2017-02-07,2017-02-22,time_exit,0.84,15.95333766937256,16.13568115234375,11,True,214.43,10834.57
548,SLB,2017-02-08,2017-02-23,time_exit,-0.49,61.94997024536133,61.829872131347656,11,True,214.45,10833.52
549,UNH,2017-02-08,2017-02-23,time_exit,1.13,137.09669494628906,139.0551300048828,11,True,214.45,10835.94
550,BAC,2017-02-08,2017-02-23,time_exit,8.13,18.29439163208008,19.835731506347656,11,True,214.45,10853.38
551,INTU,2017-02-08,2017-02-23,time_exit,3.26,108.32861328125,112.18585968017578,11,True,214.45,10860.37
552,FCX,2017-02-08,2017-02-23,time_exit,-13.5,13.98686981201172,12.1405668258667,11,True,214.45,10831.42
553,KO,2017-02-09,2017-02-24,time_exit,0.98,30.692731857299805,31.08708381652832,11,True,214.38,10833.52
554,ICE,2017-02-09,2017-02-24,time_exit,0.95,50.9921760559082,51.62979888916016,11,True,214.38,10835.56
555,TMUS,2017-02-13,2017-02-28,time_exit,2.38,57.90410614013672,59.45392227172852,11,True,215.05,10840.68
556,WDC,2017-02-14,2017-03-01,time_exit,2.2,51.51070785522461,52.798301696777344,11,True,215.66,10845.42
557,NVDA,2017-02-14,2017-03-01,time_exit,-5.69,2.675668716430664,2.5315237045288086,11,True,215.66,10833.15
558,AMAT,2017-02-16,2017-03-03,time_exit,4.8,31.72132873535156,33.3399543762207,11,True,216.05,10843.52
559,CVX,2017-02-17,2017-03-06,time_exit,2.27,73.78799438476562,75.6873550415039,11,True,216.22,10848.43
560,NEM,2017-02-21,2017-03-07,time_exit,-12.08,29.362632751464844,25.904077529907227,11,True,216.45,10822.28
561,WMB,2017-02-22,2017-03-08,time_exit,2.71,17.061595916748047,17.575958251953125,11,True,216.69,10828.15
562,VRTX,2017-02-23,2017-03-09,time_exit,8.84,85.7300033569336,93.56999969482422,11,True,216.63,10847.3
563,UNP,2017-02-23,2017-03-09,time_exit,-0.22,86.17071533203125,86.23976135253906,11,True,216.63,10846.83
564,FTNT,2017-02-23,2017-03-09,time_exit,-1.8,7.446000099182129,7.334000110626221,11,True,216.63,10842.93
565,AVGO,2017-02-24,2017-03-10,time_exit,7.3,16.267667770385742,17.503385543823242,11,True,216.71,10858.75
566,UPS,2017-02-24,2017-03-10,time_exit,0.22,72.98728942871094,73.3653793334961,11,True,216.71,10859.22
567,COP,2017-02-24,2017-03-10,time_exit,-3.21,34.914154052734375,33.897315979003906,11,True,216.71,10852.27
568,DELL,2017-02-24,2017-03-10,time_exit,-1.48,16.377334594726562,16.18358612060547,11,True,216.71,10849.06
569,XOM,2017-02-24,2017-03-10,time_exit,0.35,53.58970260620117,53.93998718261719,11,True,216.71,10849.82
570,MU,2017-02-24,2017-03-10,time_exit,8.05,22.662189483642575,24.553953170776367,11,True,216.71,10867.26
571,TSLA,2017-02-24,2017-03-10,time_exit,-5.48,17.133333206176758,16.246000289916992,11,True,216.71,10855.39
572,PANW,2017-02-24,2017-03-10,time_exit,-22.61,25.50166702270508,19.81333351135254,11,True,216.71,10806.39
573,SLB,2017-02-24,2017-03-10,time_exit,-2.12,61.583980560302734,60.46216583251953,11,True,216.71,10801.8
574,BX,2017-02-27,2017-03-13,time_exit,1.58,19.736974716186523,20.107990264892575,11,True,216.71,10805.22
575,KKR,2017-02-27,2017-03-13,time_exit,0.53,15.765896797180176,15.896404266357422,11,True,216.71,10806.37
576,BKNG,2017-02-27,2017-03-13,time_exit,7.98,63.92254257202149,69.21454620361328,11,True,216.71,10823.66
577,CMCSA,2017-02-28,2017-03-14,time_exit,-0.33,27.253162384033203,27.24588203430176,11,True,216.81,10822.95
578,SCHW,2017-02-28,2017-03-14,time_exit,5.29,35.70024490356445,37.69684219360352,11,True,216.81,10834.42
579,HWM,2017-02-28,2017-03-14,time_exit,-7.66,21.22030258178711,19.6577091217041,11,True,216.81,10817.81
580,INTC,2017-03-01,2017-03-15,time_exit,-2.61,29.54220390319824,28.85975646972656,11,True,216.66,10812.15
581,NOW,2017-03-01,2017-03-15,time_exit,-0.84,17.777999877929688,17.68199920654297,11,True,216.66,10810.33
582,CAT,2017-03-02,2017-03-16,time_exit,-1.9,77.07587432861328,75.84248352050781,11,True,216.66,10806.22
583,PG,2017-03-03,2017-03-17,time_exit,0.25,70.00421142578125,70.39096069335938,11,True,216.87,10806.76
584,TT,2017-03-03,2017-03-17,time_exit,1.5,53.64535140991211,54.61084365844727,11,True,216.87,10810.01
585,MSFT,2017-03-03,2017-03-17,time_exit,0.66,57.78553009033203,58.34315490722656,11,True,216.87,10811.44
586,MAR,2017-03-03,2017-03-17,time_exit,1.47,79.98857879638672,81.40790557861328,11,True,216.87,10814.63
587,NFLX,2017-03-03,2017-03-17,time_exit,3.99,13.913999557495115,14.51099967956543,11,True,216.87,10823.28
588,FCX,2017-03-03,2017-03-17,time_exit,-3.63,11.88839340209961,11.492111206054688,11,True,216.87,10815.41
589,SBUX,2017-03-06,2017-03-20,time_exit,-1.83,46.10807800292969,45.40034866333008,11,True,216.97,10811.44
590,AMD,2017-03-06,2017-03-20,time_exit,10.13,13.039999961853027,14.399999618530272,11,True,216.97,10833.42
591,RTX,2017-03-06,2017-03-20,time_exit,1.36,56.63394546508789,57.57228088378906,11,True,216.97,10836.37
592,NVDA,2017-03-06,2017-03-20,time_exit,11.76,2.4054276943206787,2.695547580718994,11,True,216.97,10861.89
593,VLO,2017-03-07,2017-03-21,time_exit,2.03,45.62619400024414,46.69001770019531,11,True,216.45,10866.28
594,USB,2017-03-08,2017-03-22,time_exit,-4.44,38.43546295166016,36.845359802246094,11,True,216.56,10856.66
595,CVX,2017-03-08,2017-03-22,time_exit,-1.41,73.30644989013672,72.49053192138672,11,True,216.56,10853.61
596,NEM,2017-03-08,2017-03-22,time_exit,2.59,25.83339500427246,26.579572677612305,11,True,216.56,10859.22
597,BLK,2017-03-09,2017-03-23,time_exit,-2.61,305.7941589355469,298.7357177734375,11,True,216.86,10853.56
598,AXP,2017-03-09,2017-03-23,time_exit,-2.14,69.7507095336914,68.46648406982422,11,True,216.86,10848.92
599,PWR,2017-03-09,2017-03-23,time_exit,-1.09,36.005802154541016,35.721431732177734,11,True,216.86,10846.56
600,ORCL,2017-03-09,2017-03-23,time_exit,5.61,36.83936309814453,39.01814270019531,11,True,216.86,10858.72
601,WM,2017-03-09,2017-03-23,time_exit,0.06,61.47760391235352,61.698673248291016,11,True,216.86,10858.85
602,PNC,2017-03-10,2017-03-24,time_exit,-5.88,92.14485168457033,87.00060272216797,11,True,216.04,10846.15
603,HCA,2017-03-10,2017-03-24,time_exit,0.04,79.4317855834961,79.700439453125,11,True,216.04,10846.23
604,COF,2017-03-10,2017-03-24,time_exit,-9.4,78.2328109741211,71.11304473876953,11,True,216.04,10825.93
605,TJX,2017-03-10,2017-03-24,time_exit,0.02,34.22673416137695,34.336185455322266,11,True,216.04,10825.97
606,PLD,2017-03-10,2017-03-24,time_exit,3.93,37.81272888183594,39.411434173583984,11,True,216.04,10834.46
607,GILD,2017-03-10,2017-03-24,time_exit,-0.54,48.453983306884766,48.33990097045898,11,True,216.04,10833.29
608,COST,2017-03-10,2017-03-24,time_exit,0.09,140.5064697265625,141.0587615966797,11,True,216.04,10833.49
609,SO,2017-03-10,2017-03-24,time_exit,1.29,33.6734504699707,34.20946502685547,11,True,216.04,10836.28
610,WELL,2017-03-13,2017-03-27,time_exit,5.96,47.47550201416016,50.44630813598633,11,True,216.47,10849.18
611,MCK,2017-03-13,2017-03-27,time_exit,0.0,137.73587036132812,138.15452575683594,11,True,216.47,10849.18
612,BA,2017-03-13,2017-03-27,time_exit,-1.95,167.43292236328125,164.67434692382812,11,True,216.47,10844.96
613,LIN,2017-03-13,2017-03-27,time_exit,0.7,100.54151153564452,101.54933166503906,11,True,216.47,10846.47
614,CVS,2017-03-13,2017-03-27,time_exit,-2.7,59.72807312011719,58.295040130615234,11,True,216.47,10840.63
615,CSX,2017-03-14,2017-03-28,time_exit,-1.32,14.02547836303711,13.881796836853027,11,True,216.36,10837.77
616,CSCO,2017-03-14,2017-03-28,time_exit,-0.59,25.78386116027832,25.70829200744629,11,True,216.36,10836.49
617,INTU,2017-03-14,2017-03-28,time_exit,-5.38,115.5412139892578,109.67633056640624,11,True,216.36,10824.85
618,DE,2017-03-14,2017-03-28,time_exit,-1.11,94.57147979736328,93.80940246582033,11,True,216.36,10822.45
619,GS,2017-03-14,2017-03-28,time_exit,-7.72,202.5910797119141,187.55128479003903,11,True,216.36,10805.75
620,IBM,2017-03-15,2017-03-29,time_exit,-1.36,112.71920013427734,111.5202865600586,11,True,216.21,10802.81
621,SPGI,2017-03-15,2017-03-29,time_exit,-1.87,113.24138641357422,111.46908569335938,11,True,216.21,10798.77
622,MS,2017-03-15,2017-03-29,time_exit,-6.95,34.97257614135742,32.646175384521484,11,True,216.21,10783.74
623,BAC,2017-03-15,2017-03-29,time_exit,-7.57,20.381866455078125,18.90057373046875,11,True,216.21,10767.37
624,UNP,2017-03-15,2017-03-29,time_exit,-0.3,85.75244140625,85.75244140625,11,True,216.21,10766.72
625,MRK,2017-03-16,2017-03-30,time_exit,-1.44,46.07148742675781,45.547462463378906,11,True,216.12,10763.61
626,ABT,2017-03-16,2017-03-30,time_exit,-1.26,37.7406005859375,37.37981033325195,11,True,216.12,10760.89
627,BRK-B,2017-03-16,2017-03-30,time_exit,-4.16,174.0800018310547,167.36000061035156,11,True,216.12,10751.9
628,TMO,2017-03-17,2017-03-31,time_exit,-3.02,153.90402221679688,149.72232055664062,11,True,216.31,10745.37
629,WMB,2017-03-21,2017-04-04,time_exit,5.2,17.458984375,18.41935539245605,11,True,217.33,10756.67
630,MDT,2017-03-21,2017-04-04,time_exit,-0.39,63.16551208496094,63.11069107055664,11,True,217.33,10755.82
631,GLW,2017-03-21,2017-04-04,time_exit,-0.6,21.135522842407227,21.072593688964844,11,True,217.33,10754.52
632,REGN,2017-03-21,2017-04-04,time_exit,2.92,367.5119018554688,379.34027099609375,11,True,217.33,10760.86
633,MSFT,2017-03-21,2017-04-04,time_exit,2.07,57.74955368041992,59.11663436889648,11,True,217.33,10765.36
634,PANW,2017-03-22,2017-04-05,time_exit,-3.62,18.6200008392334,18.001667022705078,11,True,217.18,10757.5
635,NOW,2017-03-22,2017-04-05,time_exit,0.43,17.007999420166016,17.131999969482422,11,True,217.18,10758.43
636,CMCSA,2017-03-22,2017-04-05,time_exit,0.94,26.976417541503903,27.3096866607666,11,True,217.18,10760.47
637,DHR,2017-03-22,2017-04-05,time_exit,-0.77,72.94715118408203,72.60072326660156,11,True,217.18,10758.8
638,VRTX,2017-03-22,2017-04-05,time_exit,26.43,90.04000091552734,114.11000061035156,11,True,217.18,10816.2
639,ADP,2017-03-22,2017-04-05,time_exit,-1.99,84.77627563476562,83.3453369140625,11,True,217.18,10811.88
640,BMY,2017-03-22,2017-04-05,time_exit,-5.44,40.16280746459961,38.09989929199219,11,True,217.18,10800.07
641,GD,2017-03-22,2017-04-05,time_exit,-1.84,154.08706665039062,151.7183837890625,11,True,217.18,10796.07
642,CRM,2017-03-22,2017-04-05,time_exit,3.93,80.48751831054688,83.888671875,11,True,217.18,10804.61
643,QCOM,2017-03-22,2017-04-05,time_exit,-1.3,44.53937530517578,44.09429550170898,11,True,217.18,10801.78
644,CDNS,2017-03-22,2017-04-05,time_exit,-3.23,31.780000686645508,30.850000381469727,11,True,217.18,10794.77
645,STX,2017-03-22,2017-04-05,time_exit,1.9,31.1252384185791,31.80984115600586,11,True,217.18,10798.89
646,GOOG,2017-03-22,2017-04-05,time_exit,-0.08,41.116981506347656,41.20718765258789,11,True,217.18,10798.72
661,AMGN,2017-03-23,2017-04-06,time_exit,-2.58,124.9126205444336,122.06134033203124,11,True,217.18,10793.12
662,UPS,2017-03-23,2017-04-06,time_exit,0.67,72.62299346923828,73.32414245605469,11,True,217.18,10794.57
663,T,2017-03-23,2017-04-06,time_exit,-1.27,16.158960342407227,16.001678466796875,11,True,217.18,10791.81
664,HWM,2017-03-24,2017-04-07,time_exit,-1.31,19.66508102416992,19.466073989868164,11,True,216.73,10788.97
665,LMT,2017-03-24,2017-04-07,time_exit,0.75,208.23193359375,210.4199981689453,11,True,216.73,10790.6
666,CB,2017-03-24,2017-04-07,time_exit,1.24,115.50760650634766,117.29109954833984,11,True,216.73,10793.29
667,PH,2017-03-24,2017-04-07,time_exit,2.46,136.26564025878906,140.03121948242188,11,True,216.73,10798.62
668,PFE,2017-03-27,2017-04-10,time_exit,-0.71,21.0052490234375,20.919208526611328,11,True,216.81,10797.08
669,PWR,2017-03-27,2017-04-10,time_exit,-0.8,35.280181884765625,35.10368347167969,11,True,216.81,10795.34
670,ACN,2017-03-27,2017-04-10,time_exit,-1.6,101.89788055419922,100.574951171875,11,True,216.81,10791.88
671,COP,2017-03-27,2017-04-10,time_exit,12.93,32.873043060302734,37.22247314453125,11,True,216.81,10819.91
672,PSX,2017-03-27,2017-04-10,time_exit,0.74,54.0057373046875,54.56502151489258,11,True,216.81,10821.51
673,BX,2017-03-27,2017-04-10,time_exit,-0.81,19.604463577270508,19.50508499145508,11,True,216.81,10819.76
674,ELV,2017-03-27,2017-04-10,time_exit,2.94,143.14564514160156,147.77915954589844,11,True,216.81,10826.13
675,BLK,2017-03-27,2017-04-10,time_exit,2.6,298.41729736328125,307.0834045410156,11,True,216.81,10831.77
676,C,2017-03-27,2017-04-10,time_exit,1.33,43.44428634643555,44.15185546875,11,True,216.81,10834.65
677,ETN,2017-03-27,2017-04-10,time_exit,3.72,60.02033233642578,62.43169021606445,11,True,216.81,10842.72
700,HD,2017-03-28,2017-04-11,time_exit,0.38,117.52053833007812,118.31890869140624,11,True,216.11,10843.54
701,JNJ,2017-03-28,2017-04-11,time_exit,-1.45,97.04219818115234,95.93013763427734,11,True,216.11,10840.41
702,WM,2017-03-28,2017-04-11,time_exit,0.43,61.51161575317383,61.962284088134766,11,True,216.11,10841.33
703,CME,2017-03-28,2017-04-11,time_exit,-1.77,84.36869812011719,83.12611389160156,11,True,216.11,10837.51
704,INTU,2017-03-29,2017-04-12,time_exit,-0.05,109.5647964477539,109.8387451171875,11,True,215.33,10837.4
705,SO,2017-03-29,2017-04-12,time_exit,-0.88,33.890586853027344,33.69380569458008,11,True,215.33,10835.51
706,CVS,2017-03-31,2017-04-17,time_exit,-0.01,58.287593841552734,58.45836639404297,11,True,214.91,10835.49
707,MNST,2017-03-31,2017-04-17,time_exit,-2.81,23.084999084472656,22.5049991607666,11,True,214.91,10829.45
708,NEM,2017-03-31,2017-04-17,time_exit,4.65,25.888370513916016,27.16865348815918,11,True,214.91,10839.44
709,MRSH,2017-03-31,2017-04-17,time_exit,-1.44,63.050140380859375,62.33189392089844,11,True,214.91,10836.35
710,ABT,2017-04-03,2017-04-18,time_exit,-2.04,37.31269454956055,36.66296005249024,11,True,214.91,10831.96
711,BRK-B,2017-04-03,2017-04-18,time_exit,-2.21,166.8699951171875,163.69000244140625,11,True,214.91,10827.21
712,SYK,2017-04-03,2017-04-18,time_exit,-1.07,119.31018829345705,118.38774871826172,11,True,214.91,10824.91
713,ICE,2017-04-03,2017-04-18,time_exit,1.3,52.707637786865234,53.55174255371094,11,True,214.91,10827.71
715,ABBV,2017-04-04,2017-04-19,time_exit,-1.88,44.02933883666992,43.33366394042969,11,True,215.31,10823.66
716,CSCO,2017-04-04,2017-04-19,time_exit,-2.57,25.467266082763672,24.88794708251953,11,True,215.31,10818.12
717,TMO,2017-04-04,2017-04-19,time_exit,0.84,148.86451721191406,150.5605926513672,11,True,215.31,10819.93
718,MDT,2017-04-05,2017-04-20,time_exit,0.67,62.81322860717773,63.423828125,11,True,215.97,10821.38
719,BMY,2017-04-06,2017-04-21,time_exit,0.06,38.25062561035156,38.387020111083984,11,True,215.84,10821.51
720,PEP,2017-04-06,2017-04-21,time_exit,1.36,83.91568756103516,85.30702209472656,11,True,215.84,10824.45
721,MAR,2017-04-06,2017-04-21,time_exit,0.46,84.57830810546875,85.22344970703125,11,True,215.84,10825.44
722,ADI,2017-04-06,2017-04-21,time_exit,-3.65,67.52867889404297,65.26707458496094,11,True,215.84,10817.56
723,TMUS,2017-04-06,2017-04-21,time_exit,2.01,60.128997802734375,61.51716613769531,11,True,215.84,10821.9
724,AMAT,2017-04-06,2017-04-21,time_exit,2.84,34.88623809814453,35.980377197265625,11,True,215.84,10828.03
725,GLW,2017-04-06,2017-04-21,time_exit,0.6,21.06472396850586,21.25350952148437,11,True,215.84,10829.32
726,NVDA,2017-04-06,2017-04-21,time_exit,0.61,2.481528759002685,2.5041863918304443,11,True,215.84,10830.64
727,AVGO,2017-04-06,2017-04-21,time_exit,-0.23,16.895299911499023,16.90773582458496,11,True,215.84,10830.14
728,TXN,2017-04-06,2017-04-21,time_exit,-0.66,61.781524658203125,61.557861328125,11,True,215.84,10828.72
729,ORCL,2017-04-07,2017-04-24,time_exit,1.38,38.44522857666016,39.0903434753418,11,True,215.97,10831.7
730,IBM,2017-04-07,2017-04-24,time_exit,-6.92,110.36621856689452,103.0636215209961,11,True,215.97,10816.75
731,MCK,2017-04-07,2017-04-24,time_exit,-5.69,133.88438415527344,126.66493225097656,11,True,215.97,10804.47
732,KKR,2017-04-10,2017-04-25,time_exit,-2.54,15.565778732299805,15.21774959564209,11,True,216.85,10798.96
733,TJX,2017-04-10,2017-04-25,time_exit,3.33,33.281089782714844,34.48941421508789,11,True,216.85,10806.18
734,JPM,2017-04-11,2017-04-26,time_exit,2.85,67.14968872070312,69.2645492553711,11,True,216.75,10812.36
735,COF,2017-04-11,2017-04-26,time_exit,-0.34,70.51051330566406,70.48506164550781,11,True,216.75,10811.62
736,V,2017-04-11,2017-04-26,time_exit,3.04,83.12747192382812,85.90618133544922,11,True,216.75,10818.21
737,LRCX,2017-04-11,2017-04-26,time_exit,14.07,11.239291191101074,12.854116439819336,11,True,216.75,10848.7
738,KLAC,2017-04-11,2017-04-26,time_exit,5.25,8.262948036193848,8.721519470214844,11,True,216.75,10860.08
739,AXP,2017-04-11,2017-04-26,time_exit,3.92,68.23535919189453,71.11456298828125,11,True,216.75,10868.58
740,APH,2017-04-11,2017-04-26,time_exit,2.55,15.99671745300293,16.45318603515625,11,True,216.75,10874.11
741,USB,2017-04-11,2017-04-26,time_exit,2.12,35.83790969848633,36.70410537719727,11,True,216.75,10878.7
742,BAC,2017-04-11,2017-04-26,time_exit,3.93,18.55251121520996,19.33767890930176,11,True,216.75,10887.22
743,MMM,2017-04-11,2017-04-26,time_exit,2.29,116.46053314208984,119.48129272460938,11,True,216.75,10892.18
744,MRK,2017-04-11,2017-04-26,time_exit,-0.11,44.92293930053711,45.009071350097656,11,True,216.75,10891.95
745,PNC,2017-04-11,2017-04-26,time_exit,3.55,86.00234985351562,89.31127166748047,11,True,216.75,10899.64
746,C,2017-04-11,2017-04-26,time_exit,1.51,43.96565628051758,44.76258087158203,11,True,216.75,10902.91
747,MS,2017-04-11,2017-04-26,time_exit,6.41,31.71560478210449,33.84368896484375,11,True,216.75,10916.81
748,AMD,2017-04-11,2017-04-26,time_exit,2.07,13.100000381469728,13.40999984741211,11,True,216.75,10921.29
749,AAPL,2017-04-11,2017-04-26,time_exit,1.15,32.6961784362793,33.16943359375,11,True,216.75,10923.79
750,NOW,2017-04-11,2017-04-26,time_exit,6.18,17.077999114990234,18.18400001525879,11,True,216.75,10937.18
751,AMGN,2017-04-11,2017-04-26,time_exit,0.62,122.70838928222656,123.8367919921875,11,True,216.75,10938.53
752,BX,2017-04-12,2017-04-27,time_exit,8.57,19.38582992553711,21.10597801208496,11,True,216.71,10957.1
753,MRVL,2017-04-12,2017-04-27,time_exit,1.59,13.94131851196289,14.20489501953125,11,True,216.71,10960.54
754,PFE,2017-04-12,2017-04-27,time_exit,-0.48,20.845460891723636,20.80858993530273,11,True,216.71,10959.5
755,HWM,2017-04-12,2017-04-27,time_exit,5.0,19.05331420898437,20.06309700012207,11,True,216.71,10970.34
756,SCHW,2017-04-12,2017-04-27,time_exit,1.91,33.92451477050781,34.67544174194336,11,True,216.71,10974.48
768,WFC,2017-04-17,2017-05-01,time_exit,3.0,40.63985061645508,41.98116302490234,11,True,216.73,10980.98
769,CVX,2017-04-17,2017-05-01,time_exit,-0.54,71.00580596923828,70.8386001586914,11,True,216.73,10979.81
770,LOW,2017-04-17,2017-05-01,time_exit,3.12,68.59717559814453,70.94548034667969,11,True,216.73,10986.57
771,CME,2017-04-17,2017-05-01,time_exit,-0.98,83.38882446289062,82.82080841064453,11,True,216.73,10984.45
779,PGR,2017-04-18,2017-05-02,time_exit,0.73,30.101863861083984,30.410533905029297,11,True,216.55,10986.03
780,ADP,2017-04-18,2017-05-02,time_exit,1.74,83.3453369140625,85.04607391357422,11,True,216.55,10989.8
781,REGN,2017-04-18,2017-05-02,time_exit,9.53,362.6378784179688,398.2815246582031,11,True,216.55,11010.43
782,LLY,2017-04-18,2017-05-02,time_exit,0.32,70.36095428466797,70.79420471191406,11,True,216.55,11011.13
785,BRK-B,2017-04-19,2017-05-03,time_exit,2.14,162.75999450683594,166.72999572753906,11,True,216.4,11015.76
786,CB,2017-04-20,2017-05-04,time_exit,0.81,116.70237731933594,117.99925231933594,11,True,216.43,11017.51
787,SLB,2017-04-20,2017-05-04,time_exit,-7.58,58.78714370727539,54.50739669799805,11,True,216.43,11001.11
790,PANW,2017-04-21,2017-05-05,time_exit,6.85,18.09166717529297,19.38500022888184,11,True,216.57,11015.94
791,WELL,2017-04-24,2017-05-08,time_exit,-2.92,52.151126861572266,50.78383255004883,11,True,216.09,11009.63
792,LMT,2017-04-25,2017-05-09,time_exit,1.13,210.25645446777344,213.25439453125,11,True,216.12,11012.07
793,PEP,2017-04-26,2017-05-10,time_exit,-0.73,85.23179626464844,84.86328125,11,True,218.77,11010.48
794,PG,2017-04-27,2017-05-11,time_exit,-2.03,68.3499984741211,67.16523742675781,11,True,219.49,11006.02
795,AMGN,2017-04-27,2017-05-11,time_exit,-1.92,122.41498565673828,120.42888641357422,11,True,219.49,11001.81
796,MO,2017-04-28,2017-05-12,time_exit,-1.87,37.28568649291992,36.69872283935547,11,True,219.49,10997.7
797,STX,2017-04-28,2017-05-12,time_exit,1.86,29.133663177490234,29.76295280456543,11,True,219.49,11001.78
798,COF,2017-04-28,2017-05-12,time_exit,-1.03,68.21082305908203,67.7108154296875,11,True,219.49,10999.52
799,ADI,2017-05-01,2017-05-15,time_exit,4.93,64.08162689208984,67.43620300292969,11,True,219.69,11010.35
800,IBM,2017-05-02,2017-05-16,time_exit,-2.76,102.00577545166016,99.49327087402344,11,True,220.22,11004.28
801,GE,2017-05-02,2017-05-16,time_exit,-3.58,127.27346801757812,123.10272216796876,11,True,220.22,10996.39
802,PFE,2017-05-02,2017-05-16,time_exit,-2.37,20.65495491027832,20.22817611694336,11,True,220.22,10991.17
803,MNST,2017-05-02,2017-05-16,time_exit,4.47,22.34000015258789,23.405000686645508,11,True,220.22,11001.02
804,MRVL,2017-05-02,2017-05-16,time_exit,9.94,13.875423431396484,15.296849250793455,11,True,220.22,11022.91
805,JCI,2017-05-03,2017-05-17,time_exit,-0.97,33.91584777832031,33.68762969970703,11,True,220.32,11020.77
806,HCA,2017-05-03,2017-05-17,time_exit,-1.84,76.74547576904297,75.55977630615234,11,True,220.32,11016.72
807,PWR,2017-05-03,2017-05-17,time_exit,-11.71,34.36827850341797,30.446075439453125,11,True,220.32,10990.92
808,COP,2017-05-03,2017-05-17,time_exit,-1.17,34.9438591003418,34.63935852050781,11,True,220.32,10988.34
809,AMD,2017-05-03,2017-05-17,time_exit,7.5,10.390000343322754,11.199999809265137,11,True,220.32,11004.86
810,ICE,2017-05-03,2017-05-17,time_exit,-4.05,53.60505294799805,51.59697341918945,11,True,220.32,10995.94
811,CVX,2017-05-04,2017-05-18,time_exit,1.06,70.09623718261719,71.052490234375,11,True,220.02,10998.27
812,SO,2017-05-04,2017-05-18,time_exit,0.84,33.782020568847656,34.16580581665039,11,True,220.02,11000.12
813,PLD,2017-05-04,2017-05-18,time_exit,0.92,41.79016876220703,42.299896240234375,11,True,220.02,11002.15
814,AXP,2017-05-05,2017-05-19,time_exit,-2.24,69.1715316772461,67.82908630371094,11,True,220.32,10997.21
815,LLY,2017-05-08,2017-05-22,time_exit,-4.26,69.90169525146484,67.13496398925781,11,True,220.19,10987.83
816,BRK-B,2017-05-08,2017-05-22,time_exit,-0.23,165.02000427246094,165.1300048828125,11,True,220.19,10987.32
817,MCO,2017-05-08,2017-05-22,time_exit,-1.43,107.0156707763672,105.80328369140624,11,True,220.19,10984.17
818,BLK,2017-05-08,2017-05-22,time_exit,3.34,304.29022216796875,315.3514709472656,11,True,220.19,10991.53
819,BA,2017-05-10,2017-05-24,time_exit,0.83,172.60633850097656,174.5568389892578,11,True,220.21,10993.36
820,BX,2017-05-10,2017-05-24,time_exit,8.06,20.458555221557617,22.169116973876957,11,True,220.21,11011.11
821,DIS,2017-05-10,2017-05-24,time_exit,-2.08,101.8163833618164,100.00586700439452,11,True,220.21,11006.53
822,TT,2017-05-11,2017-05-25,time_exit,0.7,59.62757873535156,60.220947265625,11,True,220.04,11008.07
823,BNY,2017-05-11,2017-05-25,time_exit,0.66,36.82918930053711,37.18232727050781,11,True,220.04,11009.52
824,CSCO,2017-05-11,2017-05-25,time_exit,-6.81,25.63496780395508,23.96560859680176,11,True,220.04,10994.53
825,USB,2017-05-11,2017-05-25,time_exit,-0.05,36.36608505249024,36.45763397216797,11,True,220.04,10994.42
826,WFC,2017-05-11,2017-05-25,time_exit,-2.09,41.71678924560547,40.9715690612793,11,True,220.04,10989.82
827,JNJ,2017-05-11,2017-05-25,time_exit,3.9,95.14244079589844,99.1394271850586,11,True,220.04,10998.41
828,GILD,2017-05-11,2017-05-25,time_exit,-3.52,47.767066955566406,46.22758865356445,11,True,220.04,10990.66
829,ABBV,2017-05-11,2017-05-25,time_exit,1.26,44.59714126586914,45.29375457763672,11,True,220.04,10993.43
830,UNP,2017-05-11,2017-05-25,time_exit,-0.66,89.42359924316406,89.0987319946289,11,True,220.04,10991.98
831,UPS,2017-05-11,2017-05-25,time_exit,1.42,72.16179656982422,73.4020004272461,11,True,220.04,10995.11
832,MS,2017-05-11,2017-05-25,time_exit,-0.86,32.84761428833008,32.66373062133789,11,True,220.04,10993.21
833,INTC,2017-05-11,2017-05-25,time_exit,1.3,29.563173294067383,30.035320281982425,11,True,220.04,10996.07
834,FTNT,2017-05-11,2017-05-25,time_exit,1.29,7.806000232696533,7.929999828338623,11,True,220.04,10998.91
835,SYK,2017-05-11,2017-05-25,time_exit,4.16,121.94184112548828,127.3769760131836,11,True,220.04,11008.07
836,MA,2017-05-11,2017-05-25,time_exit,4.33,110.52378845214844,115.6359405517578,11,True,220.04,11017.59
837,PNC,2017-05-12,2017-05-26,time_exit,0.12,88.44010925292969,88.81344604492188,11,True,219.99,11017.86
838,MSFT,2017-05-15,2017-05-30,time_exit,3.18,61.54496383666992,63.68872833251953,11,True,220.21,11024.86
839,DELL,2017-05-15,2017-05-30,time_exit,3.46,16.892318725585938,17.527118682861328,11,True,220.21,11032.48
840,UNH,2017-05-15,2017-05-30,time_exit,2.65,147.23876953125,151.5821990966797,11,True,220.21,11038.31
841,PH,2017-05-15,2017-05-30,time_exit,1.49,136.6931610107422,139.13832092285156,11,True,220.21,11041.6
842,WM,2017-05-15,2017-05-30,time_exit,-0.34,61.367034912109375,61.34153747558594,11,True,220.21,11040.85
843,CSX,2017-05-16,2017-05-31,time_exit,6.06,14.990228652954102,15.943888664245604,11,True,220.46,11054.21
844,ABT,2017-05-16,2017-05-31,time_exit,4.21,36.882442474365234,38.54548263549805,11,True,220.46,11063.49
845,FCX,2017-05-17,2017-06-01,time_exit,-0.13,10.29426383972168,10.312278747558594,11,True,219.92,11063.2
846,PGR,2017-05-17,2017-06-01,time_exit,3.59,31.76090240478516,32.99553298950195,11,True,219.92,11071.1
847,GLW,2017-05-17,2017-06-01,time_exit,3.84,22.527774810791016,23.460926055908203,11,True,219.92,11079.54
848,BMY,2017-05-17,2017-06-01,time_exit,-0.08,39.05453109741211,39.14067077636719,11,True,219.92,11079.37
849,LOW,2017-05-18,2017-06-02,time_exit,-4.86,70.6512680053711,67.43181610107422,11,True,220.04,11068.67
850,AMGN,2017-05-18,2017-06-02,time_exit,0.45,119.69309997558594,120.59483337402344,11,True,220.04,11069.66
851,ICE,2017-05-18,2017-06-02,time_exit,2.65,52.05901336669922,53.59615707397461,11,True,220.04,11075.49
852,STX,2017-05-18,2017-06-02,time_exit,2.0,29.216650009155277,29.887428283691406,11,True,220.04,11079.89
853,TXN,2017-05-18,2017-06-02,time_exit,2.73,61.48956680297852,63.3521728515625,11,True,220.04,11085.9
854,LRCX,2017-05-18,2017-06-02,time_exit,5.66,13.233969688415527,14.02283000946045,11,True,220.04,11098.36
855,GE,2017-05-18,2017-06-02,time_exit,1.16,120.64420318603516,122.40029907226562,11,True,220.04,11100.91
856,MDT,2017-05-18,2017-06-02,time_exit,3.85,64.50411987304688,67.18135070800781,11,True,220.04,11109.38
857,PWR,2017-05-18,2017-06-02,time_exit,0.92,30.612764358520508,30.985376358032227,11,True,220.04,11111.4
858,PFE,2017-05-18,2017-06-02,time_exit,0.69,19.99238967895508,20.19094657897949,11,True,220.04,11112.92
859,WDC,2017-05-18,2017-06-02,time_exit,5.98,58.4123649597168,62.08221435546875,11,True,220.04,11126.08
860,GD,2017-05-18,2017-06-02,time_exit,5.44,157.26132202148438,166.29019165039062,11,True,220.04,11138.05
861,VLO,2017-05-18,2017-06-02,time_exit,-2.57,44.65052032470703,43.63860702514648,11,True,220.04,11132.4
862,ETN,2017-05-18,2017-06-02,time_exit,2.08,63.31249237060547,64.81892395019531,11,True,220.04,11136.97
877,CVS,2017-05-22,2017-06-06,time_exit,1.74,57.04828643798828,58.21405792236328,11,True,219.83,11140.8
878,HD,2017-05-24,2017-06-08,time_exit,-0.7,123.74789428710938,123.25849151611328,11,True,220.13,11139.26
879,XOM,2017-05-26,2017-06-12,time_exit,1.39,54.40932083129883,55.330039978027344,11,True,220.36,11142.32
880,COP,2017-05-26,2017-06-12,time_exit,0.52,33.848201751708984,34.124366760253906,11,True,220.36,11143.47
881,CVX,2017-05-30,2017-06-13,time_exit,3.61,70.30258178710938,73.0522689819336,11,True,220.82,11151.44
882,SCHW,2017-05-31,2017-06-14,time_exit,8.86,34.30147933959961,37.44393539428711,11,True,221.27,11171.04
883,SLB,2017-05-31,2017-06-14,time_exit,-2.33,53.854286193847656,52.76311492919922,11,True,221.27,11165.89
884,FTNT,2017-05-31,2017-06-14,time_exit,-4.09,7.868000030517578,7.570000171661377,11,True,221.27,11156.84
885,BAC,2017-05-31,2017-06-14,time_exit,5.72,18.199275970458984,19.29561424255371,11,True,221.27,11169.49
886,AMD,2017-06-02,2017-06-16,time_exit,4.65,10.899999618530272,11.4399995803833,11,True,222.74,11179.85
887,FCX,2017-06-02,2017-06-16,time_exit,0.85,10.168173789978027,10.285259246826172,11,True,222.74,11181.74
888,KKR,2017-06-06,2017-06-20,time_exit,0.19,16.271347045898438,16.350379943847656,11,True,222.82,11182.17
889,TT,2017-06-06,2017-06-20,time_exit,2.8,59.95123672485352,61.8071517944336,11,True,222.82,11188.41
890,PFE,2017-06-07,2017-06-21,time_exit,5.58,19.85587882995605,21.02241516113281,11,True,222.82,11200.84
891,BMY,2017-06-07,2017-06-21,time_exit,6.36,37.73381042480469,40.24606323242188,11,True,222.82,11215.01
892,RTX,2017-06-07,2017-06-21,time_exit,1.34,61.0844955444336,62.089141845703125,11,True,222.82,11218.0
893,MAR,2017-06-07,2017-06-21,time_exit,-1.24,97.1905517578125,96.27523803710938,11,True,222.82,11215.23
894,MRK,2017-06-07,2017-06-21,time_exit,2.64,45.98534393310547,47.33585739135742,11,True,222.82,11221.12
895,EQIX,2017-06-08,2017-06-22,time_exit,-0.32,368.6871948242188,368.6035461425781,11,True,222.79,11220.4
896,GD,2017-06-08,2017-06-22,time_exit,0.51,162.97576904296875,164.29827880859375,11,True,222.79,11221.54
897,PH,2017-06-08,2017-06-22,time_exit,1.56,134.94662475585938,137.4529571533203,11,True,222.79,11225.01
898,TMUS,2017-06-08,2017-06-22,time_exit,-3.54,62.458473205566406,60.43325805664063,11,True,222.79,11217.13
899,STX,2017-06-08,2017-06-22,time_exit,-0.58,29.57624244689941,29.492755889892575,11,True,222.79,11215.84
900,V,2017-06-09,2017-06-23,time_exit,0.78,88.6266860961914,89.58270263671875,11,True,222.79,11217.57
901,DIS,2017-06-09,2017-06-23,time_exit,-1.49,98.06536102294922,96.8954849243164,11,True,222.79,11214.25
902,MSFT,2017-06-09,2017-06-23,time_exit,0.97,63.60732650756836,64.412353515625,11,True,222.79,11216.41
903,TJX,2017-06-09,2017-06-23,time_exit,-6.29,32.38579177856445,30.44738006591797,11,True,222.79,11202.4
904,SBUX,2017-06-09,2017-06-23,time_exit,-4.13,50.79874801635742,48.85469818115234,11,True,222.79,11193.2
905,QCOM,2017-06-09,2017-06-23,time_exit,-0.55,44.985870361328125,44.87548828125,11,True,222.79,11191.98
906,NOW,2017-06-09,2017-06-23,time_exit,3.6,20.74799919128418,21.558000564575195,11,True,222.79,11200.0
907,AMAT,2017-06-09,2017-06-23,time_exit,-1.75,40.54711151123047,39.95802307128906,11,True,222.79,11196.1
908,ORCL,2017-06-09,2017-06-23,time_exit,12.85,39.255985260009766,44.41689682006836,11,True,222.79,11224.72
909,TXN,2017-06-09,2017-06-23,time_exit,-1.93,62.78559875488281,61.761173248291016,11,True,222.79,11220.42
910,GILD,2017-06-09,2017-06-23,time_exit,9.57,46.32781982421875,50.90144348144531,11,True,222.79,11241.75
911,ADI,2017-06-09,2017-06-23,time_exit,3.45,66.4559326171875,68.95016479492188,11,True,222.79,11249.43
912,CDNS,2017-06-09,2017-06-23,time_exit,-1.62,34.720001220703125,34.2599983215332,11,True,222.79,11245.82
913,CSCO,2017-06-09,2017-06-23,time_exit,2.0,23.912248611450195,24.46108055114746,11,True,222.79,11250.28
914,KLAC,2017-06-12,2017-06-26,time_exit,-5.36,8.798088073730469,8.352704048156738,11,True,222.87,11238.33
915,GOOGL,2017-06-12,2017-06-26,time_exit,0.77,47.66781997680664,48.17729949951172,11,True,222.87,11240.05
916,META,2017-06-12,2017-06-26,time_exit,3.17,147.1478271484375,152.25296020507812,11,True,222.87,11247.11
917,DHR,2017-06-12,2017-06-26,time_exit,1.37,71.16171264648438,72.34677124023438,11,True,222.87,11250.17
918,LMT,2017-06-12,2017-06-26,time_exit,0.71,216.9983062744141,219.20050048828125,11,True,222.87,11251.75
919,CRM,2017-06-12,2017-06-26,time_exit,1.94,84.71438598632812,86.61156463623047,11,True,222.87,11256.07
920,WDC,2017-06-12,2017-06-26,time_exit,6.65,58.77187728881836,62.85552215576172,11,True,222.87,11270.89
921,SYK,2017-06-12,2017-06-26,time_exit,-0.8,127.1689682006836,126.52685546875,11,True,222.87,11269.11
922,GLW,2017-06-12,2017-06-26,time_exit,3.73,22.97858428955078,23.90374183654785,11,True,222.87,11277.42
923,MCO,2017-06-12,2017-06-26,time_exit,2.63,107.84626770019533,111.00279998779295,11,True,222.87,11283.29
924,ISRG,2017-06-12,2017-06-26,time_exit,3.81,100.36555480957033,104.49333190917967,11,True,222.87,11291.78
925,TMO,2017-06-12,2017-06-26,time_exit,-0.3,169.00294494628906,169.0029754638672,11,True,222.87,11291.11
926,DELL,2017-06-12,2017-06-26,time_exit,1.64,15.867457389831545,16.17593765258789,11,True,222.87,11294.76
927,ADBE,2017-06-12,2017-06-26,time_exit,5.32,137.25,144.9600067138672,11,True,222.87,11306.62
928,GOOG,2017-06-12,2017-06-26,time_exit,0.69,46.73297119140625,47.19738006591797,11,True,222.87,11308.16
929,ANET,2017-06-12,2017-06-26,time_exit,5.06,9.359999656677246,9.861249923706056,11,True,222.87,11319.43
930,PM,2017-06-12,2017-06-26,time_exit,0.85,75.04371643066406,75.90433502197266,11,True,222.87,11321.33
934,INTC,2017-06-14,2017-06-28,time_exit,-4.04,29.430644989013672,28.32895851135254,11,True,223.39,11312.3
935,NEM,2017-06-14,2017-06-28,time_exit,-2.32,26.524507522583008,25.98960494995117,11,True,223.39,11307.12
936,WMT,2017-06-15,2017-06-29,time_exit,-4.08,22.732685089111328,21.87420082092285,11,True,223.39,11298.01
937,AAPL,2017-06-15,2017-06-29,time_exit,-0.72,33.44776153564453,33.30635452270508,11,True,223.39,11296.4
938,NFLX,2017-06-15,2017-06-29,time_exit,-1.4,15.175999641418455,15.008999824523926,11,True,223.39,11293.27
941,WMB,2017-06-20,2017-07-05,time_exit,6.45,17.68345069885254,18.877689361572266,11,True,223.77,11307.7
942,FCX,2017-06-20,2017-07-05,time_exit,7.97,10.123143196105955,10.960736274719238,11,True,223.77,11325.54
943,CSX,2017-06-21,2017-07-06,time_exit,4.3,15.36110496520996,16.0674991607666,11,True,224.42,11335.19
944,DE,2017-06-21,2017-07-06,time_exit,0.44,108.65623474121094,109.46454620361328,11,True,224.42,11336.18
945,PWR,2017-06-22,2017-07-07,time_exit,5.6,30.60296440124512,32.40718460083008,11,True,224.32,11348.74
946,SO,2017-06-22,2017-07-07,time_exit,-6.29,34.584564208984375,32.51139450073242,11,True,224.32,11334.63
947,SLB,2017-06-22,2017-07-07,time_exit,-0.74,50.58852005004883,50.36408233642578,11,True,224.32,11332.97
948,CMCSA,2017-06-22,2017-07-07,time_exit,-3.34,29.211271286010746,28.324419021606445,11,True,224.32,11325.48
949,HWM,2017-06-22,2017-07-07,time_exit,-8.88,18.689218521118164,17.086233139038086,11,True,224.32,11305.56
950,T,2017-06-23,2017-07-10,time_exit,-1.57,14.957231521606444,14.76712703704834,11,True,225.01,11302.02
951,CB,2017-06-23,2017-07-10,time_exit,0.49,123.5877914428711,124.56555938720705,11,True,225.01,11303.13
952,MPC,2017-06-23,2017-07-10,time_exit,4.71,39.0654411315918,41.02251052856445,11,True,225.01,11313.72
953,CAT,2017-06-23,2017-07-10,time_exit,3.28,85.74633026123047,88.8183822631836,11,True,225.01,11321.1
954,C,2017-06-23,2017-07-10,time_exit,6.39,47.35395050048828,50.52033615112305,11,True,225.01,11335.48
955,SBUX,2017-06-26,2017-07-11,time_exit,-3.22,48.71582794189453,47.29453659057617,11,True,226.43,11328.19
956,MS,2017-06-26,2017-07-11,time_exit,3.06,33.71344757080078,34.847450256347656,11,True,226.43,11335.12
957,KKR,2017-06-26,2017-07-11,time_exit,3.76,16.007915496826172,16.657716751098633,11,True,226.43,11343.63
958,LIN,2017-06-26,2017-07-11,time_exit,-0.24,115.12561798095705,115.19493865966795,11,True,226.43,11343.09
959,BAC,2017-06-26,2017-07-11,time_exit,7.17,18.58907890319824,19.977783203125,11,True,226.43,11359.33
960,GE,2017-06-26,2017-07-11,time_exit,-4.75,122.2375030517578,116.79190826416016,11,True,226.43,11348.57
961,INTU,2017-06-26,2017-07-11,time_exit,-4.42,129.01368713378906,123.70197296142578,11,True,226.43,11338.56
962,CME,2017-06-26,2017-07-11,time_exit,-0.7,88.2954330444336,87.94551086425781,11,True,226.43,11336.98
963,CDNS,2017-06-27,2017-07-12,time_exit,2.79,33.689998626708984,34.72999954223633,11,True,226.43,11343.29
964,TMO,2017-06-27,2017-07-12,time_exit,3.44,169.46151733398438,175.80288696289062,11,True,226.43,11351.08
965,LOW,2017-06-27,2017-07-12,time_exit,-0.44,64.16195678710938,64.06946563720703,11,True,226.43,11350.09
966,HD,2017-06-27,2017-07-12,time_exit,-0.07,122.24674987792967,122.52779388427734,11,True,226.43,11349.93
967,AVGO,2017-06-28,2017-07-13,time_exit,2.3,18.80439567565918,19.292739868164062,11,True,226.14,11355.13
968,KLAC,2017-06-28,2017-07-13,time_exit,1.64,8.328348159790039,8.490147590637207,11,True,226.14,11358.84
969,MSFT,2017-06-28,2017-07-13,time_exit,2.52,63.1369514465332,64.91888427734375,11,True,226.14,11364.54
970,COP,2017-06-28,2017-07-13,time_exit,-1.92,32.81074142456055,32.280818939208984,11,True,226.14,11360.2
971,AMAT,2017-06-28,2017-07-13,time_exit,5.81,38.6892204284668,41.05462646484375,11,True,226.14,11373.33
972,NVDA,2017-06-28,2017-07-13,time_exit,5.55,3.7412517070770255,3.960180997848511,11,True,226.14,11385.89
973,QCOM,2017-06-28,2017-07-13,time_exit,-0.18,44.28408432006836,44.33927917480469,11,True,226.14,11385.48
974,ADP,2017-06-28,2017-07-13,time_exit,-1.32,84.43415832519531,83.57072448730469,11,True,226.14,11382.49
975,LRCX,2017-06-28,2017-07-13,time_exit,4.51,13.096184730529783,13.72605800628662,11,True,226.14,11392.69
976,MRVL,2017-06-28,2017-07-13,time_exit,-3.87,16.12523651123047,15.549975395202637,11,True,226.14,11383.94
977,GOOG,2017-06-28,2017-07-13,time_exit,0.41,46.613525390625,46.94411087036133,11,True,226.14,11384.87
978,GOOGL,2017-06-28,2017-07-13,time_exit,0.52,47.62817001342773,48.0167236328125,11,True,226.14,11386.04
979,VZ,2017-06-28,2017-07-13,time_exit,-2.04,27.08234405517578,26.611467361450195,11,True,226.14,11381.43
980,MAR,2017-06-28,2017-07-13,time_exit,-1.56,94.28740692138672,93.1039581298828,11,True,226.14,11377.9
981,STX,2017-06-28,2017-07-13,time_exit,-4.93,28.208023071289062,26.902217864990234,11,True,226.14,11366.75
982,ANET,2017-06-29,2017-07-14,time_exit,3.14,9.371874809265137,9.694375038146973,11,True,225.87,11373.85
983,FTNT,2017-06-29,2017-07-14,time_exit,6.01,7.547999858856201,8.02400016784668,11,True,225.87,11387.42
984,DELL,2017-06-29,2017-07-14,time_exit,0.36,15.500343322753906,15.602316856384276,11,True,225.87,11388.23
985,ELV,2017-06-29,2017-07-14,time_exit,2.58,165.76670837402344,170.54031372070312,11,True,225.87,11394.06
986,MU,2017-06-30,2017-07-17,time_exit,5.93,29.117595672607425,30.93134880065918,11,True,225.87,11407.45
987,WELL,2017-06-30,2017-07-17,time_exit,-1.64,54.52048873901367,53.79210662841797,11,True,225.87,11403.75
988,MRSH,2017-06-30,2017-07-17,time_exit,1.51,66.83253479003906,68.04405975341797,11,True,225.87,11407.16
989,CVX,2017-06-30,2017-07-17,time_exit,-0.42,70.4850082397461,70.40393829345703,11,True,225.87,11406.21
990,NEM,2017-06-30,2017-07-17,time_exit,3.84,25.47831153869629,26.532367706298828,11,True,225.87,11414.89
995,WDC,2017-07-05,2017-07-19,time_exit,9.04,58.93670272827149,64.44091033935547,11,True,226.51,11435.36
996,NFLX,2017-07-05,2017-07-19,time_exit,24.26,14.76099967956543,18.38599967956543,11,True,226.51,11490.31
1003,EQIX,2017-07-06,2017-07-20,time_exit,5.14,350.3026733398437,369.373779296875,11,True,226.72,11501.97
1004,VRTX,2017-07-06,2017-07-20,time_exit,23.73,128.4600067138672,159.3300018310547,11,True,226.72,11555.77
1007,KO,2017-07-07,2017-07-21,time_exit,1.14,33.59483337402344,34.07919692993164,11,True,226.11,11558.35
1008,BMY,2017-07-07,2017-07-21,time_exit,-0.77,40.41130828857422,40.22338104248047,11,True,226.11,11556.61
1009,XOM,2017-07-07,2017-07-21,time_exit,-0.42,53.5219612121582,53.45524597167969,11,True,226.11,11555.66
1010,PFE,2017-07-07,2017-07-21,time_exit,0.09,20.69354820251465,20.77421188354492,11,True,226.11,11555.86
1011,IBM,2017-07-07,2017-07-21,time_exit,-4.13,99.01419067382812,95.22039794921876,11,True,226.11,11546.52
1016,PG,2017-07-10,2017-07-24,time_exit,1.75,67.88233947753906,69.27115631103516,11,True,226.71,11550.49
1017,PLD,2017-07-10,2017-07-24,time_exit,4.97,44.58177947998047,46.93228530883789,11,True,226.71,11561.76
1018,INTC,2017-07-10,2017-07-24,time_exit,2.23,27.87338256835937,28.577451705932617,11,True,226.71,11566.81
1019,TSLA,2017-07-10,2017-07-24,time_exit,8.08,21.06999969482422,22.834667205810547,11,True,226.71,11585.13
1020,ABBV,2017-07-11,2017-07-25,time_exit,1.55,49.06367874145508,49.97329711914063,11,True,226.74,11588.64
1021,SO,2017-07-11,2017-07-25,time_exit,-1.36,32.456485748291016,32.113250732421875,11,True,226.74,11585.56
1022,MDT,2017-07-11,2017-07-25,time_exit,-1.82,68.66426849365234,67.61769104003906,11,True,226.74,11581.43
1023,COST,2017-07-11,2017-07-25,time_exit,1.06,133.96743774414062,135.79367065429688,11,True,226.74,11583.84
1024,CVS,2017-07-12,2017-07-26,time_exit,1.44,57.87778854370117,58.88594818115234,11,True,227.0,11587.11
1025,LOW,2017-07-14,2017-07-28,time_exit,0.81,63.93498992919922,64.64701080322266,11,True,227.88,11588.95
1026,CB,2017-07-14,2017-07-28,time_exit,-0.18,124.47976684570312,124.62557983398438,11,True,227.88,11588.54
1027,BAC,2017-07-14,2017-07-28,time_exit,-1.04,19.66106414794922,19.51488304138184,11,True,227.88,11586.17
1028,SCHW,2017-07-14,2017-07-28,time_exit,-1.44,38.09896469116211,37.66521835327149,11,True,227.88,11582.89
1029,WFC,2017-07-14,2017-07-28,time_exit,-3.37,42.687129974365234,41.37521743774414,11,True,227.88,11575.21
1030,T,2017-07-14,2017-07-28,time_exit,7.14,14.554625511169434,15.637197494506836,11,True,227.88,11591.48
1031,C,2017-07-14,2017-07-28,time_exit,0.76,49.82581329345703,50.356048583984375,11,True,227.88,11593.21
1032,USB,2017-07-14,2017-07-28,time_exit,0.64,36.87674331665039,37.22369766235352,11,True,227.88,11594.67
1033,CME,2017-07-18,2017-08-01,time_exit,2.38,86.08891296386719,88.39540100097656,11,True,228.3,11600.1
1034,UNH,2017-07-18,2017-08-01,time_exit,2.58,161.05162048339844,165.6887969970703,11,True,228.3,11606.0
1035,BLK,2017-07-18,2017-08-01,time_exit,0.43,341.7904052734375,344.2724914550781,11,True,228.3,11606.98
1036,ELV,2017-07-18,2017-08-01,time_exit,-1.77,167.78591918945312,165.32383728027344,11,True,228.3,11602.94
1037,JPM,2017-07-18,2017-08-01,time_exit,1.85,71.7247314453125,73.26838684082031,11,True,228.3,11607.16
1038,ADP,2017-07-18,2017-08-01,time_exit,14.97,83.30758666992188,96.02861785888672,11,True,228.3,11641.34
1039,GS,2017-07-19,2017-08-02,time_exit,1.23,182.8817901611328,185.6717529296875,11,True,229.81,11644.16
1040,CSX,2017-07-20,2017-08-03,time_exit,-3.45,14.972588539123535,14.501664161682127,11,True,231.12,11636.19
1041,COF,2017-07-20,2017-08-03,time_exit,4.61,69.08377075195312,72.4749526977539,11,True,231.12,11646.84
1042,DHR,2017-07-20,2017-08-03,time_exit,-2.61,70.5420150756836,68.91411590576172,11,True,231.12,11640.81
1043,QCOM,2017-07-21,2017-08-04,time_exit,-2.57,42.45469284057617,41.4926643371582,11,True,230.93,11634.88
1044,TJX,2017-07-21,2017-08-04,time_exit,1.5,30.29353904724121,30.838571548461918,11,True,230.93,11638.34
1045,GE,2017-07-21,2017-08-04,time_exit,-0.8,114.71109008789062,114.13553619384766,11,True,230.93,11636.49
1046,RTX,2017-07-21,2017-08-04,time_exit,-1.92,62.97649002075195,61.9565658569336,11,True,230.93,11632.06
1047,TT,2017-07-21,2017-08-04,time_exit,-4.11,62.09160614013672,59.72773361206055,11,True,230.93,11622.57
1048,MRVL,2017-07-25,2017-08-08,time_exit,-2.8,15.11540412902832,14.737518310546877,11,True,231.68,11616.08
1049,NOW,2017-07-25,2017-08-08,time_exit,-0.39,21.55599975585937,21.535999298095703,11,True,231.68,11615.18
1050,LLY,2017-07-25,2017-08-08,time_exit,-0.57,71.67866516113281,71.48680877685547,11,True,231.68,11613.86
1051,PWR,2017-07-26,2017-08-09,time_exit,8.32,33.1131706237793,35.966575622558594,11,True,231.74,11633.14
1052,WM,2017-07-26,2017-08-09,time_exit,0.46,63.854000091552734,64.34153747558594,11,True,231.74,11634.2
1053,KO,2017-07-26,2017-08-09,time_exit,-0.63,34.61654281616211,34.50300598144531,11,True,231.74,11632.74
1054,SO,2017-07-26,2017-08-09,time_exit,2.76,32.53886032104492,33.53424453735352,11,True,231.74,11639.14
1055,ADBE,2017-07-27,2017-08-10,time_exit,-1.18,146.1999969482422,144.9199981689453,11,True,231.74,11636.4
1056,ISRG,2017-07-27,2017-08-10,time_exit,-0.57,103.53888702392578,103.26444244384766,11,True,231.74,11635.08
1057,BMY,2017-07-27,2017-08-10,time_exit,4.03,39.20423126220703,40.90279769897461,11,True,231.74,11644.42
1058,VLO,2017-07-27,2017-08-10,time_exit,-1.35,47.49651336669922,46.99983215332031,11,True,231.74,11641.29
1059,ETN,2017-07-27,2017-08-10,time_exit,-8.27,65.32661437988281,60.11948776245117,11,True,231.74,11622.13
1060,PFE,2017-07-27,2017-08-10,time_exit,1.96,20.476381301879883,20.939542770385746,11,True,231.74,11626.67
1061,WELL,2017-07-27,2017-08-10,time_exit,-2.14,53.01999282836914,52.0445556640625,11,True,231.74,11621.71
1062,ABBV,2017-07-27,2017-08-10,time_exit,-2.1,49.42890548706055,48.53995895385742,11,True,231.74,11616.85
1063,MO,2017-07-27,2017-08-10,time_exit,-12.73,38.7314338684082,33.918800354003906,11,True,231.74,11587.35
1064,NVDA,2017-07-27,2017-08-10,time_exit,1.55,3.9875450134277344,4.061507225036621,11,True,231.74,11590.94
1065,GD,2017-07-27,2017-08-10,time_exit,1.99,158.90951538085938,162.54945373535156,11,True,231.74,11595.55
1066,IBM,2017-07-27,2017-08-10,time_exit,-1.49,93.91912078857422,92.79822540283205,11,True,231.74,11592.1
1067,JNJ,2017-07-27,2017-08-10,time_exit,1.43,101.7047882080078,103.461669921875,11,True,231.74,11595.41
1068,ORCL,2017-07-28,2017-08-11,time_exit,-4.4,44.0156364440918,42.213016510009766,11,True,231.89,11585.21
1069,LIN,2017-07-28,2017-08-11,time_exit,-3.94,114.58844757080078,110.4124755859375,11,True,231.89,11576.07
1070,TXN,2017-07-28,2017-08-11,time_exit,-0.08,63.01996612548828,63.16050338745117,11,True,231.89,11575.88
1071,GLW,2017-07-28,2017-08-11,time_exit,-1.22,23.12882804870605,22.91533088684082,11,True,231.89,11573.06
1072,KKR,2017-07-28,2017-08-11,time_exit,-4.43,16.947492599487305,16.247251510620117,11,True,231.89,11562.78
1073,PM,2017-07-28,2017-08-11,time_exit,-3.36,75.2691879272461,72.96365356445312,11,True,231.89,11554.99
1074,HCA,2017-07-31,2017-08-14,time_exit,-1.32,74.42041015625,73.66082000732422,11,True,231.89,11551.93
1075,ANET,2017-07-31,2017-08-14,time_exit,13.44,9.3306245803833,10.612500190734863,11,True,231.89,11583.1
1076,BX,2017-07-31,2017-08-14,time_exit,-3.35,23.158689498901367,22.452505111694336,11,True,231.89,11575.33
1077,AVGO,2017-07-31,2017-08-14,time_exit,1.42,19.242040634155277,19.57358169555664,11,True,231.89,11578.62
1078,JCI,2017-07-31,2017-08-14,time_exit,-1.07,31.93865776062012,31.692657470703125,11,True,231.89,11576.14
1079,HWM,2017-08-01,2017-08-15,time_exit,-1.46,18.541481018066406,18.32674217224121,11,True,232.83,11572.74
1080,MU,2017-08-01,2017-08-15,time_exit,4.43,27.63538932800293,28.94207191467285,11,True,232.83,11583.05
1081,KLAC,2017-08-01,2017-08-15,time_exit,-1.38,8.057807922363281,7.971113681793213,11,True,232.83,11579.84
1082,WDC,2017-08-02,2017-08-16,time_exit,1.45,57.5452995300293,58.55473709106445,11,True,232.88,11583.22
1083,TSLA,2017-08-02,2017-08-16,time_exit,11.06,21.72599983215332,24.194000244140625,11,True,232.88,11608.98
1084,ADI,2017-08-02,2017-08-16,time_exit,1.27,66.64195251464844,67.69036102294922,11,True,232.88,11611.93
1085,AMZN,2017-08-02,2017-08-16,time_exit,-2.08,49.79449844360352,48.90900039672852,11,True,232.88,11607.09
1086,NFLX,2017-08-02,2017-08-16,time_exit,-6.25,18.073999404907227,16.99799919128418,11,True,232.88,11592.53
1087,PANW,2017-08-02,2017-08-16,time_exit,0.9,21.89166641235352,22.155000686645508,11,True,232.88,11594.63
1088,GOOG,2017-08-02,2017-08-16,time_exit,-0.67,46.11293411254883,45.94293212890625,11,True,232.88,11593.07
1089,REGN,2017-08-02,2017-08-16,time_exit,-2.04,472.3624877929688,464.1598815917969,11,True,232.88,11588.32
1092,PH,2017-08-03,2017-08-17,time_exit,-6.2,144.36923217773438,135.85482788085938,11,True,232.82,11573.88
1093,AMAT,2017-08-03,2017-08-17,time_exit,0.68,38.69828796386719,39.07892608642578,11,True,232.82,11575.47
1094,MDT,2017-08-03,2017-08-17,time_exit,0.16,65.54029846191406,65.83930969238281,11,True,232.82,11575.84
1096,WFC,2017-08-04,2017-08-18,time_exit,-2.5,41.31609725952149,40.40909576416016,11,True,232.45,11570.03
1097,DIS,2017-08-07,2017-08-21,time_exit,-5.17,99.47769927978516,94.6324234008789,11,True,232.45,11558.01
1098,SPGI,2017-08-07,2017-08-21,time_exit,-0.94,131.52781677246094,130.69134521484375,11,True,232.45,11555.83
1099,GILD,2017-08-07,2017-08-21,time_exit,-1.44,53.009124755859375,52.40280151367188,11,True,232.45,11552.48
1100,QCOM,2017-08-08,2017-08-22,time_exit,-0.19,41.232452392578125,41.27976989746094,11,True,232.28,11552.04
1101,CVS,2017-08-08,2017-08-22,time_exit,-1.33,59.0965576171875,58.4873046875,11,True,232.28,11548.95
1102,MAR,2017-08-08,2017-08-22,time_exit,-1.85,96.10881042480467,94.6210479736328,11,True,232.28,11544.65
1103,MRSH,2017-08-09,2017-08-23,time_exit,-0.71,66.74330139160156,66.46763610839844,11,True,232.78,11543.0
1104,ABT,2017-08-09,2017-08-23,time_exit,1.48,41.39875030517578,42.13725662231445,11,True,232.78,11546.44
1105,DHR,2017-08-09,2017-08-23,time_exit,1.68,68.02387237548828,69.3719711303711,11,True,232.78,11550.35
1106,SLB,2017-08-09,2017-08-23,time_exit,-3.81,50.68137741088867,48.901458740234375,11,True,232.78,11541.48
1107,MCO,2017-08-09,2017-08-23,time_exit,3.13,117.81278228759766,121.84940338134766,11,True,232.78,11548.77
1108,META,2017-08-10,2017-08-24,time_exit,-0.1,165.94276428222656,166.27978515625,11,True,231.91,11548.54
1109,INTU,2017-08-10,2017-08-24,time_exit,-0.17,126.31881713867188,126.47772216796876,11,True,231.91,11548.14
1110,MRVL,2017-08-11,2017-08-25,time_exit,10.49,14.539129257202148,16.10735511779785,11,True,231.1,11572.39
1111,CRM,2017-08-11,2017-08-25,time_exit,6.28,86.78851318359375,92.4997100830078,11,True,231.1,11586.9
1112,TT,2017-08-11,2017-08-25,time_exit,-0.84,57.63473129272461,57.32316589355469,11,True,231.1,11584.96
1113,BKNG,2017-08-11,2017-08-25,time_exit,-3.57,72.62410736083984,70.24699401855469,11,True,231.1,11576.71
1114,SCHW,2017-08-11,2017-08-25,time_exit,-2.49,36.05084609985352,35.26155471801758,11,True,231.1,11570.95
1115,MPC,2017-08-11,2017-08-25,time_exit,-0.38,39.56608581542969,39.5355110168457,11,True,231.1,11570.08
1116,ADBE,2017-08-11,2017-08-25,time_exit,3.1,146.47000122070312,151.4499969482422,11,True,231.1,11577.24
1117,WMB,2017-08-11,2017-08-25,time_exit,-2.59,18.70974922180176,18.28057289123535,11,True,231.1,11571.25
1118,BA,2017-08-11,2017-08-25,time_exit,0.13,222.64210510253903,223.59947204589844,11,True,231.1,11571.55
1119,TMO,2017-08-11,2017-08-25,time_exit,2.0,169.0029754638672,172.89556884765625,11,True,231.1,11576.18
1120,SYK,2017-08-11,2017-08-25,time_exit,-3.28,130.78662109375,126.88606262207033,11,True,231.1,11568.6
1121,C,2017-08-11,2017-08-25,time_exit,1.27,50.11659622192383,50.90433883666992,11,True,231.1,11571.53
1122,MSFT,2017-08-11,2017-08-25,time_exit,0.68,65.57921600341797,66.2196273803711,11,True,231.1,11573.1
1123,PLD,2017-08-11,2017-08-25,time_exit,4.51,46.47308349609375,48.70683288574219,11,True,231.1,11583.53
1124,XOM,2017-08-14,2017-08-28,time_exit,-2.55,52.7001838684082,51.51452255249024,11,True,231.52,11577.62
1125,SBUX,2017-08-15,2017-08-29,time_exit,1.49,43.61057662963867,44.39007186889648,11,True,231.6,11581.07
1126,NEM,2017-08-15,2017-08-29,time_exit,6.05,28.13705444335937,29.922657012939453,11,True,231.6,11595.08
1127,IBM,2017-08-15,2017-08-29,time_exit,0.45,92.94869995117188,93.64871215820312,11,True,231.6,11596.13
1128,CVX,2017-08-15,2017-08-29,time_exit,0.04,73.34953308105469,73.60201263427734,11,True,231.6,11596.22
1129,HD,2017-08-15,2017-08-29,time_exit,0.07,120.58454132080078,121.03107452392578,11,True,231.6,11596.38
1130,COP,2017-08-15,2017-08-29,time_exit,-4.01,33.416603088378906,32.177574157714844,11,True,231.6,11587.09
1131,T,2017-08-15,2017-08-29,time_exit,-1.11,15.300395965576172,15.17609977722168,11,True,231.6,11584.52
1132,DE,2017-08-15,2017-08-29,time_exit,-9.18,111.29348754882812,101.41374969482422,11,True,231.6,11563.26
1133,INTC,2017-08-16,2017-08-30,time_exit,-2.87,29.88524627685547,29.117456436157227,11,True,231.77,11556.61
1134,LLY,2017-08-16,2017-08-30,time_exit,-0.55,70.81935119628906,70.643798828125,11,True,231.77,11555.34
1135,CSCO,2017-08-17,2017-08-31,time_exit,3.47,23.88175392150879,24.781938552856445,11,True,231.52,11563.37
1136,STX,2017-08-17,2017-08-31,time_exit,-0.24,22.12132453918457,22.13536262512207,11,True,231.52,11562.81
1137,USB,2017-08-18,2017-09-01,time_exit,-0.3,36.59351348876953,36.59351348876953,11,True,231.4,11562.12
1138,BX,2017-08-18,2017-09-01,time_exit,3.48,21.822473526000977,22.6463565826416,11,True,231.4,11570.17
1139,VLO,2017-08-18,2017-09-01,time_exit,6.57,45.97037506103516,49.12971878051758,11,True,231.4,11585.38
1140,CSX,2017-08-18,2017-09-01,time_exit,2.16,14.357437133789062,14.711207389831545,11,True,231.4,11590.37
1141,MS,2017-08-18,2017-09-01,time_exit,1.46,34.96363067626953,35.579872131347656,11,True,231.4,11593.75
1142,KKR,2017-08-18,2017-09-01,time_exit,4.33,16.070066452026367,16.814218521118164,11,True,231.4,11603.77
1143,GD,2017-08-18,2017-09-01,time_exit,0.34,162.91836547851562,163.95947265625,11,True,231.4,11604.56
1144,PWR,2017-08-18,2017-09-01,time_exit,5.52,33.37792205810547,35.31941223144531,11,True,231.4,11617.33
1145,GLW,2017-08-18,2017-09-01,time_exit,3.96,22.045528411865234,22.98385238647461,11,True,231.4,11626.5
1154,CB,2017-08-21,2017-09-05,time_exit,-6.13,124.60842895507812,117.33753967285156,11,True,231.05,11612.33
1155,PFE,2017-08-21,2017-09-05,time_exit,2.87,20.52601432800293,21.177637100219727,11,True,231.05,11618.96
1156,MO,2017-08-21,2017-09-05,time_exit,-2.66,33.71979522705078,32.92380142211914,11,True,231.05,11612.82
1169,ADP,2017-08-23,2017-09-07,time_exit,5.54,85.0755386352539,90.04032135009766,11,True,230.98,11625.61
1170,CVS,2017-08-23,2017-09-07,time_exit,3.31,58.37446594238281,60.48052978515625,11,True,230.98,11633.26
1171,PEP,2017-08-24,2017-09-08,time_exit,-0.62,88.00559997558594,87.72166442871094,11,True,230.96,11631.83
1172,WMT,2017-08-24,2017-09-08,time_exit,0.39,22.71043586730957,22.866981506347656,11,True,230.96,11632.73
1173,CMCSA,2017-08-24,2017-09-08,time_exit,-5.11,29.47736930847168,28.060043334960938,11,True,230.96,11620.93
1174,SLB,2017-08-24,2017-09-08,time_exit,3.67,48.66154861450195,50.59212875366211,11,True,230.96,11629.4
1175,COST,2017-08-25,2017-09-11,time_exit,2.92,135.58749389648438,139.95440673828125,11,True,231.67,11636.17
1176,BKNG,2017-08-28,2017-09-12,time_exit,4.1,70.10717010498047,73.19087219238281,11,True,231.55,11645.66
1177,LIN,2017-08-29,2017-09-13,time_exit,2.82,113.392822265625,116.92515563964844,11,True,231.27,11652.18
1178,SCHW,2017-08-29,2017-09-13,time_exit,1.28,34.7471809387207,35.29703140258789,11,True,231.27,11655.14
1179,AXP,2017-08-29,2017-09-13,time_exit,1.13,75.72693634033203,76.80851745605469,11,True,231.27,11657.76
1180,BAC,2017-08-29,2017-09-13,time_exit,3.41,19.149436950683597,19.859582901000977,11,True,231.27,11665.64
1181,PNC,2017-08-29,2017-09-13,time_exit,0.52,92.9853286743164,93.74382781982422,11,True,231.27,11666.84
1182,META,2017-08-29,2017-09-13,time_exit,2.68,166.58709716796875,171.5435791015625,11,True,231.27,11673.04
1183,PANW,2017-08-29,2017-09-13,time_exit,10.51,21.68000030517578,24.023332595825195,11,True,231.27,11697.35
1184,JNJ,2017-08-29,2017-09-13,time_exit,-0.12,103.43138122558594,103.61913299560548,11,True,231.27,11697.07
1185,ETN,2017-08-29,2017-09-13,time_exit,5.95,59.171348571777344,62.87165832519531,11,True,231.27,11710.83
1186,KO,2017-08-29,2017-09-13,time_exit,2.82,34.397056579589844,35.47172546386719,11,True,231.27,11717.35
1187,WFC,2017-08-29,2017-09-13,time_exit,-0.22,40.20578384399414,40.23706817626953,11,True,231.27,11716.84
1188,HCA,2017-08-29,2017-09-13,time_exit,1.44,71.8730239868164,73.12358093261719,11,True,231.27,11720.17
1189,TT,2017-08-29,2017-09-13,time_exit,7.5,57.086082458496094,61.53923797607422,11,True,231.27,11737.52
1190,MRSH,2017-08-29,2017-09-13,time_exit,5.87,66.3298110961914,70.42159271240234,11,True,231.27,11751.09
1191,PG,2017-08-30,2017-09-14,time_exit,1.53,72.16988372802734,73.48965454101562,11,True,231.11,11754.63
1192,PGR,2017-08-31,2017-09-15,time_exit,-1.29,35.86606979370117,35.511104583740234,11,True,231.26,11751.65
1193,V,2017-09-05,2017-09-19,time_exit,2.03,96.70196533203124,98.95497131347656,11,True,232.26,11756.36
1194,HWM,2017-09-05,2017-09-19,time_exit,6.06,18.0601749420166,19.207904815673828,11,True,232.26,11770.44
1195,MO,2017-09-06,2017-09-20,time_exit,-2.51,33.133277893066406,32.4018440246582,11,True,232.26,11764.61
1196,FCX,2017-09-06,2017-09-20,time_exit,-6.14,13.563572883605955,12.77101230621338,11,True,232.26,11750.35
1197,BA,2017-09-06,2017-09-20,time_exit,8.58,222.3956298828125,242.1498107910156,11,True,232.26,11770.27
1198,CB,2017-09-06,2017-09-20,time_exit,4.18,118.0749053955078,123.36515808105467,11,True,232.26,11779.98
1199,FTNT,2017-09-06,2017-09-20,time_exit,1.95,7.480000019073486,7.6479997634887695,11,True,232.26,11784.51
1200,ANET,2017-09-06,2017-09-20,time_exit,8.82,10.795624732971191,11.780625343322754,11,True,232.26,11805.0
1201,DIS,2017-09-06,2017-09-20,time_exit,-2.56,94.94109344482422,92.79908752441406,11,True,232.26,11799.05
1202,BX,2017-09-07,2017-09-21,time_exit,3.15,21.891706466674805,22.6463565826416,11,True,232.67,11806.38
1203,GS,2017-09-07,2017-09-21,time_exit,6.86,177.71803283691406,190.43919372558597,11,True,232.67,11822.34
1204,GD,2017-09-07,2017-09-21,time_exit,4.11,161.53289794921875,168.64877319335938,11,True,232.67,11831.9
1205,AAPL,2017-09-08,2017-09-22,time_exit,-4.55,36.91630554199219,35.3477668762207,11,True,232.59,11821.32
1206,KKR,2017-09-08,2017-09-22,time_exit,8.35,16.087787628173828,17.478641510009766,11,True,232.59,11840.74
1207,NEE,2017-09-08,2017-09-22,time_exit,-1.58,29.54351043701172,29.164894104003903,11,True,232.59,11837.07
1208,BNY,2017-09-08,2017-09-22,time_exit,3.55,39.7563705444336,41.28577423095703,11,True,232.59,11845.32
1209,COF,2017-09-08,2017-09-22,time_exit,4.47,67.00871276855469,70.20450592041016,11,True,232.59,11855.72
1210,IBM,2017-09-08,2017-09-22,time_exit,1.58,93.19729614257812,94.95069122314452,11,True,232.59,11859.39
1211,T,2017-09-08,2017-09-22,time_exit,8.13,14.269944190979004,15.472808837890623,11,True,232.59,11878.3
1212,VZ,2017-09-08,2017-09-22,time_exit,7.92,28.214643478393555,30.533737182617188,11,True,232.59,11896.73
1213,SBUX,2017-09-08,2017-09-22,time_exit,2.69,43.88956069946289,45.20238494873047,11,True,232.59,11902.98
1214,CDNS,2017-09-12,2017-09-26,time_exit,1.78,37.54999923706055,38.33000183105469,11,True,232.91,11907.13
1215,REGN,2017-09-12,2017-09-26,time_exit,-2.44,440.3247985839844,430.9036254882813,11,True,232.91,11901.44
1216,DUK,2017-09-12,2017-09-26,time_exit,-3.12,60.71723556518555,59.00590133666992,11,True,232.91,11894.18
1217,TMUS,2017-09-13,2017-09-27,time_exit,-0.95,59.71063995361328,59.32081604003906,11,True,235.02,11891.94
1218,NEM,2017-09-14,2017-09-28,time_exit,-1.46,29.997068405151367,29.650278091430664,11,True,235.09,11888.51
1219,LMT,2017-09-14,2017-09-28,time_exit,2.29,237.5628662109375,243.7041778564453,11,True,235.09,11893.9
1220,PEP,2017-09-14,2017-09-28,time_exit,-2.53,87.0735092163086,85.12907409667969,11,True,235.09,11887.95
1221,EQIX,2017-09-15,2017-09-29,time_exit,-2.28,382.8796997070313,375.3029174804688,11,True,235.03,11882.59
1222,GOOG,2017-09-15,2017-09-29,time_exit,3.92,45.61235046386719,47.53639221191406,11,True,235.03,11891.8
1223,GOOGL,2017-09-15,2017-09-29,time_exit,3.81,46.35347366333008,48.258079528808594,11,True,235.03,11900.76
1224,VRTX,2017-09-15,2017-09-29,time_exit,-1.32,153.61000061035156,152.0399932861328,11,True,235.03,11897.66
1225,CRM,2017-09-15,2017-09-29,time_exit,-1.58,93.02069854736328,91.83126831054688,11,True,235.03,11893.94
1226,META,2017-09-18,2017-10-02,time_exit,-0.62,168.530029296875,167.99476623535156,11,True,235.03,11892.48
1227,PM,2017-09-19,2017-10-03,time_exit,-3.87,73.2685317993164,70.65243530273438,11,True,235.41,11883.37
1228,HCA,2017-09-19,2017-10-03,time_exit,3.87,70.67809295654297,73.623779296875,11,True,235.41,11892.48
1229,JCI,2017-09-19,2017-10-03,time_exit,4.02,32.01243591308594,33.39385223388672,11,True,235.41,11901.95
1230,MNST,2017-09-20,2017-10-04,time_exit,-1.6,27.975000381469727,27.61000061035156,11,True,235.98,11898.17
1231,MDT,2017-09-20,2017-10-04,time_exit,-1.63,63.07730865478516,62.24118423461914,11,True,235.98,11894.33
1232,AVGO,2017-09-20,2017-10-04,time_exit,-0.67,19.026960372924805,18.95568084716797,11,True,235.98,11892.74
1233,ORCL,2017-09-20,2017-10-04,time_exit,1.64,41.97675323486328,42.79055404663086,11,True,235.98,11896.61
1234,ELV,2017-09-20,2017-10-04,time_exit,5.11,163.09710693359375,171.9234619140625,11,True,235.98,11908.67
1235,AMZN,2017-09-21,2017-10-05,time_exit,1.38,48.23249816894531,49.04249954223633,11,True,236.64,11911.94
1236,NOW,2017-09-21,2017-10-05,time_exit,3.49,23.003999710083008,23.875999450683597,11,True,236.64,11920.2
1237,CVS,2017-09-21,2017-10-05,time_exit,1.38,59.8411865234375,60.84907913208008,11,True,236.64,11923.46
1238,MO,2017-09-21,2017-10-05,time_exit,3.46,32.5500373840332,33.77265548706055,11,True,236.64,11931.65
1239,ADBE,2017-09-21,2017-10-05,time_exit,0.34,149.3000030517578,150.25,11,True,236.64,11932.46
1240,UNH,2017-09-22,2017-10-06,time_exit,2.31,167.00973510742188,171.36166381835938,11,True,238.06,11937.95
1241,ISRG,2017-09-22,2017-10-06,time_exit,4.83,114.61333465576172,120.48999786376952,11,True,238.06,11949.45
1242,TMO,2017-09-22,2017-10-06,time_exit,2.31,183.8492889404297,188.6432037353516,11,True,238.06,11954.95
1243,SYK,2017-09-22,2017-10-06,time_exit,5.78,127.80216217041016,135.56753540039062,11,True,238.06,11968.71
1244,PLD,2017-09-25,2017-10-09,time_exit,0.97,50.16569137573242,50.80039596557617,11,True,238.06,11971.02
1245,KO,2017-09-25,2017-10-09,time_exit,-0.91,34.85383605957031,34.64023208618164,11,True,238.06,11968.85
1246,NFLX,2017-09-25,2017-10-09,time_exit,9.96,17.854999542236328,19.687000274658203,11,True,238.06,11992.57
1247,JNJ,2017-09-25,2017-10-09,time_exit,1.44,102.61773681640624,104.40145111083984,11,True,238.06,11995.99
1248,NEE,2017-09-25,2017-10-09,time_exit,0.44,29.256563186645508,29.47176742553711,11,True,238.06,11997.04
1249,WELL,2017-09-26,2017-10-10,time_exit,-5.59,52.93655014038086,50.13527297973633,11,True,237.88,11983.74
1250,CB,2017-09-26,2017-10-10,time_exit,4.23,121.41881561279295,126.91533660888672,11,True,237.88,11993.81
1251,FTNT,2017-09-26,2017-10-10,time_exit,2.34,7.492000102996826,7.690000057220459,11,True,237.88,11999.37
1252,LRCX,2017-09-26,2017-10-10,time_exit,8.82,15.050456047058104,16.423686981201172,11,True,237.88,12020.35
1253,SO,2017-09-26,2017-10-10,time_exit,2.67,33.89433670043945,34.901649475097656,11,True,237.88,12026.71
1254,PANW,2017-09-26,2017-10-10,time_exit,7.24,23.328332901000977,25.08666610717773,11,True,237.88,12043.93
1255,TSLA,2017-09-26,2017-10-10,time_exit,2.69,23.01666641235352,23.70599937438965,11,True,237.88,12050.33
1256,MMM,2017-09-27,2017-10-11,time_exit,3.06,129.86280822753906,134.22091674804688,11,True,237.84,12057.6
1257,WMT,2017-09-27,2017-10-11,time_exit,7.82,22.9858341217041,24.852760314941406,11,True,237.84,12076.2
1258,DHR,2017-09-27,2017-10-11,time_exit,1.62,72.45820617675781,73.8509750366211,11,True,237.84,12080.06
1259,AMGN,2017-09-27,2017-10-11,time_exit,-0.69,141.03639221191406,140.47946166992188,11,True,237.84,12078.42
1260,TT,2017-09-27,2017-10-11,time_exit,3.54,59.95938491821289,62.26107406616211,11,True,237.84,12086.84
1261,ACN,2017-09-28,2017-10-12,time_exit,1.81,117.55450439453124,120.03804779052734,11,True,237.76,12091.14
1262,BKNG,2017-09-28,2017-10-12,time_exit,5.62,70.96025085449219,75.16142272949219,11,True,237.76,12104.5
1263,WMB,2017-09-28,2017-10-12,time_exit,0.27,18.84778594970703,18.95458221435547,11,True,237.76,12105.14
1264,DUK,2017-09-28,2017-10-12,time_exit,2.92,58.616336822509766,60.50157165527344,11,True,237.76,12112.09
1265,INTU,2017-09-29,2017-10-13,time_exit,2.45,132.84228515625,136.4952850341797,11,True,237.88,12117.91
1266,DIS,2017-09-29,2017-10-13,time_exit,-1.51,92.20044708251952,91.08734893798828,11,True,237.88,12114.32
1267,PEP,2017-10-03,2017-10-17,time_exit,2.5,83.21509552001953,85.54843139648438,11,True,238.04,12120.27
1268,WDC,2017-10-03,2017-10-17,time_exit,3.05,56.931732177734375,58.838600158691406,11,True,238.04,12127.53
1269,CSX,2017-10-04,2017-10-18,time_exit,3.29,15.314077377319336,15.86374855041504,11,True,238.17,12135.37
1270,UPS,2017-10-05,2017-10-19,time_exit,0.73,82.50570678710938,83.35730743408203,11,True,238.65,12137.11
1271,UNP,2017-10-05,2017-10-19,time_exit,-2.06,93.66300201416016,92.0118637084961,11,True,238.65,12132.19
1272,CVS,2017-10-10,2017-10-24,time_exit,2.11,56.19323348999024,57.54722213745117,11,True,241.01,12137.28
1273,GLW,2017-10-10,2017-10-24,time_exit,6.06,23.874267578125,25.392742156982425,11,True,241.01,12151.88
1274,PG,2017-10-10,2017-10-24,time_exit,-4.65,71.97349548339844,68.8404769897461,11,True,241.01,12140.68
1275,TMUS,2017-10-11,2017-10-25,time_exit,0.93,58.17033386230469,58.883445739746094,11,True,241.74,12142.93
1276,AMGN,2017-10-12,2017-10-26,time_exit,-3.71,139.41905212402344,134.65890502929688,11,True,242.24,12133.94
1277,WELL,2017-10-12,2017-10-26,time_exit,-3.61,50.13527297973633,48.47662734985352,11,True,242.24,12125.19
1278,SLB,2017-10-12,2017-10-26,time_exit,-6.13,52.487586975097656,49.42989349365234,11,True,242.24,12110.34
1279,GE,2017-10-12,2017-10-26,time_exit,-7.81,103.06867980957033,95.33293914794922,11,True,242.24,12091.43
1280,MCK,2017-10-13,2017-10-27,time_exit,-8.15,137.4701690673828,126.68144989013672,11,True,242.29,12071.68
1281,PNC,2017-10-13,2017-10-27,time_exit,3.59,98.49361419677734,102.32227325439452,11,True,242.29,12080.38
1282,MS,2017-10-13,2017-10-27,time_exit,5.62,37.20518112182617,39.4082260131836,11,True,242.29,12093.99
1283,BAC,2017-10-13,2017-10-27,time_exit,7.33,21.08397102355957,22.69199562072754,11,True,242.29,12111.75
1284,CMCSA,2017-10-13,2017-10-27,time_exit,1.87,26.5549430847168,27.130146026611328,11,True,242.29,12116.28
1285,HCA,2017-10-13,2017-10-27,time_exit,2.5,69.0848159790039,71.02083587646484,11,True,242.29,12122.34
1286,VZ,2017-10-16,2017-10-30,time_exit,-0.84,29.77921295166016,29.61821174621582,11,True,242.29,12120.31
1287,TJX,2017-10-16,2017-10-30,time_exit,-2.86,31.42167282104492,30.61813735961914,11,True,242.29,12113.38
1288,HD,2017-10-17,2017-10-31,time_exit,1.19,131.94361877441406,133.90638732910156,11,True,242.55,12116.26
1289,WMB,2017-10-17,2017-10-31,time_exit,-5.05,18.79751968383789,17.905397415161133,11,True,242.55,12104.01
1290,LOW,2017-10-17,2017-10-31,time_exit,-1.23,68.56065368652344,67.92645263671875,11,True,242.55,12101.03
1291,ETN,2017-10-17,2017-10-31,time_exit,2.2,65.50635528564453,67.14253234863281,11,True,242.55,12106.37
1292,STX,2017-10-17,2017-10-31,time_exit,8.56,24.298004150390625,26.45162773132324,11,True,242.55,12127.13
1293,USB,2017-10-18,2017-11-01,time_exit,1.97,37.92949676513672,38.791046142578125,11,True,242.71,12131.91
1294,ICE,2017-10-18,2017-11-01,time_exit,-3.2,60.97052764892578,59.200416564941406,11,True,242.71,12124.14
1295,SCHW,2017-10-18,2017-11-01,time_exit,1.45,38.560672760009766,39.23469543457031,11,True,242.71,12127.66
1296,CME,2017-10-18,2017-11-01,time_exit,-0.47,97.88150787353516,97.7164306640625,11,True,242.71,12126.52
1297,PGR,2017-10-18,2017-11-01,time_exit,1.18,37.1084098815918,37.65627670288086,11,True,242.71,12129.39
1298,AXP,2017-10-19,2017-11-02,time_exit,4.14,81.78614807128906,85.41714477539062,11,True,242.64,12139.43
1299,APH,2017-10-19,2017-11-02,time_exit,1.43,19.836870193481445,20.180147171020508,11,True,242.64,12142.9
1300,PWR,2017-10-19,2017-11-02,time_exit,-1.94,36.4470329284668,35.84890365600586,11,True,242.64,12138.19
1301,ANET,2017-10-19,2017-11-02,time_exit,-5.01,11.88312530517578,11.323124885559082,11,True,242.64,12126.04
1302,GD,2017-10-19,2017-11-02,time_exit,-3.99,174.19442749023438,167.75804138183594,11,True,242.64,12116.36
1303,AVGO,2017-10-19,2017-11-02,time_exit,5.93,19.13504981994629,20.32643699645996,11,True,242.64,12130.75
1304,LIN,2017-10-19,2017-11-02,time_exit,5.03,122.38136291503906,128.90966796875,11,True,242.64,12142.95
1305,HWM,2017-10-19,2017-11-02,time_exit,-5.47,19.755861282348636,18.73432159423828,11,True,242.64,12129.68
1306,ISRG,2017-10-19,2017-11-02,time_exit,5.94,119.15333557128906,126.58333587646484,11,True,242.64,12144.09
1307,PSX,2017-10-19,2017-11-02,time_exit,3.1,64.28671264648438,66.47015380859375,11,True,242.64,12151.61
1308,SBUX,2017-10-20,2017-11-03,time_exit,2.38,44.77570724487305,45.97366714477539,11,True,242.64,12157.39
1309,PANW,2017-10-23,2017-11-06,time_exit,-0.48,24.70499992370605,24.661666870117188,11,True,242.64,12156.22
1310,NFLX,2017-10-23,2017-11-06,time_exit,3.68,19.246999740600582,20.01300048828125,11,True,242.64,12165.15
1311,GOOGL,2017-10-24,2017-11-07,time_exit,6.16,48.99009704589844,52.157012939453125,11,True,242.81,12180.11
1312,VRTX,2017-10-24,2017-11-07,time_exit,-0.17,151.11000061035156,151.30999755859375,11,True,242.81,12179.7
1313,MRK,2017-10-24,2017-11-07,time_exit,-12.22,45.96659851074219,40.489349365234375,11,True,242.81,12150.02
1314,MO,2017-10-24,2017-11-07,time_exit,-0.02,33.9420166015625,34.03728485107422,11,True,242.81,12149.98
1315,PLD,2017-10-24,2017-11-07,time_exit,3.59,50.18136215209961,52.13250350952149,11,True,242.81,12158.69
1316,TSLA,2017-10-24,2017-11-07,time_exit,-9.58,22.48933219909668,20.40333366394043,11,True,242.81,12135.43
1317,GOOG,2017-10-24,2017-11-07,time_exit,6.17,48.10289001464844,51.21495819091797,11,True,242.81,12150.41
1318,GILD,2017-10-24,2017-11-07,time_exit,-8.9,58.17784118652344,53.17351913452149,11,True,242.81,12128.8
1319,PEP,2017-10-24,2017-11-07,time_exit,-0.55,84.45040130615234,84.23689270019531,11,True,242.81,12127.47
1320,LMT,2017-10-24,2017-11-07,time_exit,-0.26,246.87335205078125,246.98370361328125,11,True,242.81,12126.84
1321,PG,2017-10-25,2017-11-08,time_exit,0.53,68.74553680419922,69.31536865234375,11,True,242.86,12128.12
1322,BA,2017-10-25,2017-11-08,time_exit,2.47,244.95558166503903,251.73309326171875,11,True,242.86,12134.12
1323,TT,2017-10-25,2017-11-08,time_exit,-6.48,62.18616485595703,58.345489501953125,11,True,242.86,12118.38
1324,NOW,2017-10-26,2017-11-09,time_exit,-0.77,25.22800064086914,25.11000061035156,11,True,241.83,12116.52
1325,CSX,2017-10-26,2017-11-09,time_exit,-4.35,15.470709800720217,14.844194412231444,11,True,241.83,12106.0
1326,KKR,2017-10-26,2017-11-09,time_exit,-3.41,17.983598709106445,17.423730850219727,11,True,241.83,12097.76
1327,CVS,2017-10-26,2017-11-09,time_exit,-6.15,55.5030403137207,52.25507736206055,11,True,241.83,12082.88
1328,UPS,2017-10-26,2017-11-09,time_exit,-5.98,83.29448699951172,78.56192779541016,11,True,241.83,12068.42
1329,XOM,2017-10-27,2017-11-10,time_exit,-0.3,56.39181137084961,56.39017105102539,11,True,242.45,12067.7
1330,FTNT,2017-10-27,2017-11-10,time_exit,2.8,7.748000144958496,7.98799991607666,11,True,242.45,12074.48
1331,KLAC,2017-10-27,2017-11-10,time_exit,-5.51,9.464276313781738,8.97122573852539,11,True,242.45,12061.13
1332,KO,2017-10-27,2017-11-10,time_exit,0.72,35.14370346069336,35.50225830078125,11,True,242.45,12062.87
1333,LLY,2017-10-27,2017-11-10,time_exit,-0.98,73.60157775878906,73.10128021240234,11,True,242.45,12060.49
1334,EQIX,2017-10-27,2017-11-10,time_exit,5.33,383.8887939453125,405.50042724609375,11,True,242.45,12073.42
1335,MRVL,2017-10-30,2017-11-13,time_exit,10.12,17.278549194335938,19.07938766479492,11,True,242.27,12097.93
1336,BKNG,2017-10-30,2017-11-13,time_exit,-8.68,73.62523651123047,67.45315551757812,11,True,242.27,12076.91
1339,ABT,2017-10-31,2017-11-14,time_exit,1.14,46.25868606567383,46.92403030395508,11,True,242.54,12079.67
1340,PFE,2017-10-31,2017-11-14,time_exit,1.53,21.96709251403809,22.370153427124023,11,True,242.54,12083.38
1341,HCA,2017-10-31,2017-11-14,time_exit,0.23,70.07598876953125,70.44649505615234,11,True,242.54,12083.94
1342,FCX,2017-10-31,2017-11-14,time_exit,-1.59,12.590883255004885,12.42877197265625,11,True,242.54,12080.08
1343,SPGI,2017-10-31,2017-11-14,time_exit,1.51,136.70803833007812,139.18064880371094,11,True,242.54,12083.75
1346,T,2017-11-01,2017-11-15,time_exit,0.47,13.676569938659668,13.78255844116211,11,True,242.59,12084.89
1347,JCI,2017-11-02,2017-11-16,time_exit,-11.39,33.542381286621094,29.820947647094727,11,True,243.03,12057.2
1348,BX,2017-11-02,2017-11-16,time_exit,-3.19,22.805028915405277,22.1456356048584,11,True,243.03,12049.45
1349,VZ,2017-11-02,2017-11-16,time_exit,-5.97,29.38909912109375,27.72334289550781,11,True,243.03,12034.94
1350,ADP,2017-11-02,2017-11-16,time_exit,-3.19,94.52083587646484,91.78460693359376,11,True,243.03,12027.19
1351,CB,2017-11-03,2017-11-17,time_exit,-0.06,127.76842498779295,128.07862854003906,11,True,243.15,12027.04
1352,MCO,2017-11-03,2017-11-17,time_exit,0.04,135.0200653076172,135.4815673828125,11,True,243.15,12027.14
1353,MDT,2017-11-03,2017-11-17,time_exit,1.05,62.08287811279297,62.92193603515625,11,True,243.15,12029.69
1354,BNY,2017-11-03,2017-11-17,time_exit,1.92,40.653018951416016,41.55589294433594,11,True,243.15,12034.36
1355,CMCSA,2017-11-03,2017-11-17,time_exit,1.05,26.311595916748047,26.665563583374023,11,True,243.15,12036.92
1356,STX,2017-11-06,2017-11-20,time_exit,6.08,26.802215576171875,28.51222419738769,11,True,243.3,12051.71
1357,TMUS,2017-11-07,2017-11-21,time_exit,8.82,52.63665008544922,57.43821334838867,11,True,242.54,12073.1
1358,C,2017-11-07,2017-11-21,time_exit,-0.75,54.785118103027344,54.53646469116211,11,True,242.54,12071.28
1359,TJX,2017-11-07,2017-11-21,time_exit,4.47,30.15456771850586,31.59294319152832,11,True,242.54,12082.12
1360,GS,2017-11-07,2017-11-21,time_exit,-1.05,197.4544219970703,195.98057556152344,11,True,242.54,12079.58
1361,JNJ,2017-11-07,2017-11-21,time_exit,-1.32,109.34574127197266,108.22702026367188,11,True,242.54,12076.37
1362,SO,2017-11-07,2017-11-21,time_exit,0.01,35.9297981262207,36.04048538208008,11,True,242.54,12076.4
1363,JPM,2017-11-09,2017-11-24,time_exit,0.41,77.34069061279297,77.8873291015625,11,True,241.37,12077.39
1364,TMO,2017-11-09,2017-11-24,time_exit,0.54,187.35435485839844,188.9361267089844,11,True,241.37,12078.69
1365,CAT,2017-11-09,2017-11-24,time_exit,1.21,112.94200134277344,114.65274810791016,11,True,241.37,12081.61
1366,BAC,2017-11-09,2017-11-24,time_exit,0.08,21.622703552246094,21.704328536987305,11,True,241.37,12081.81
1367,PH,2017-11-09,2017-11-24,time_exit,0.22,160.4749755859375,161.3023223876953,11,True,241.37,12082.34
1368,AMAT,2017-11-09,2017-11-24,time_exit,4.26,50.39695739746094,52.69394302368164,11,True,241.37,12092.62
1369,SCHW,2017-11-09,2017-11-24,time_exit,3.75,39.09247970581055,40.67394256591797,11,True,241.37,12101.67
1370,HWM,2017-11-09,2017-11-24,time_exit,-2.18,18.147947311401367,17.806514739990234,11,True,241.37,12096.41
1371,MS,2017-11-09,2017-11-24,time_exit,0.19,37.79040145874024,37.9761848449707,11,True,241.37,12096.87
1372,TT,2017-11-10,2017-11-27,time_exit,-0.57,57.85519027709961,57.69855499267578,11,True,241.47,12095.49
1373,MCD,2017-11-10,2017-11-27,time_exit,1.74,133.8182373046875,136.54159545898438,11,True,241.47,12099.69
1374,RTX,2017-11-10,2017-11-27,time_exit,-0.54,60.5986557006836,60.45064163208008,11,True,241.47,12098.39
1375,SYK,2017-11-10,2017-11-27,time_exit,0.11,140.55355834960938,141.13584899902344,11,True,241.47,12098.65
1376,GD,2017-11-10,2017-11-27,time_exit,0.35,164.42462158203125,165.49459838867188,11,True,241.47,12099.5
1377,CSCO,2017-11-10,2017-11-27,time_exit,8.17,26.37742805480957,28.61241149902344,11,True,241.47,12119.23
1378,PANW,2017-11-10,2017-11-27,time_exit,7.05,23.39166641235352,25.11166763305664,11,True,241.47,12136.25
1379,MMM,2017-11-10,2017-11-27,time_exit,3.1,141.00294494628906,145.7952880859375,11,True,241.47,12143.74
1380,PWR,2017-11-10,2017-11-27,time_exit,0.59,35.14290237426758,35.45668029785156,11,True,241.47,12145.16
1381,NFLX,2017-11-10,2017-11-27,time_exit,1.28,19.20199966430664,19.5049991607666,11,True,241.47,12148.25
1382,AXP,2017-11-13,2017-11-28,time_exit,1.17,83.5660629272461,84.7941665649414,11,True,241.54,12151.08
1383,PNC,2017-11-13,2017-11-28,time_exit,2.31,97.92339324951172,100.47828674316406,11,True,241.54,12156.66
1384,BLK,2017-11-13,2017-11-28,time_exit,5.71,374.650390625,397.1644592285156,11,True,241.54,12170.45
1385,COF,2017-11-13,2017-11-28,time_exit,2.92,74.83671569824219,77.24663543701172,11,True,241.54,12177.5
1386,LIN,2017-11-13,2017-11-28,time_exit,5.24,129.1275177001953,136.283447265625,11,True,241.54,12190.16
1387,UNP,2017-11-13,2017-11-28,time_exit,1.69,95.68382263183594,97.589599609375,11,True,241.54,12194.24
1388,USB,2017-11-13,2017-11-28,time_exit,2.29,36.79737091064453,37.751502990722656,11,True,241.54,12199.77
1389,KLAC,2017-11-13,2017-11-28,time_exit,5.44,8.92656135559082,9.439218521118164,11,True,241.54,12212.91
1390,IBM,2017-11-14,2017-11-29,time_exit,2.83,98.38429260253906,101.4635238647461,11,True,241.67,12219.75
1391,XOM,2017-11-14,2017-11-29,time_exit,-0.26,55.91425704956055,55.93466567993164,11,True,241.67,12219.12
1392,NOW,2017-11-15,2017-11-30,time_exit,-0.56,24.66399955749512,24.600000381469727,11,True,241.7,12217.77
1393,LLY,2017-11-15,2017-11-30,time_exit,2.68,72.59142303466797,74.75528717041016,11,True,241.7,12224.25
1394,FCX,2017-11-15,2017-11-30,time_exit,1.83,12.275662422180176,12.536847114562988,11,True,241.7,12228.67
1395,V,2017-11-15,2017-11-30,time_exit,2.0,103.49857330322266,105.88256072998048,11,True,241.7,12233.5
1404,EQIX,2017-11-16,2017-12-01,time_exit,-1.55,401.17041015625,396.1630859375,11,True,240.54,12229.77
1405,SLB,2017-11-16,2017-12-01,time_exit,5.28,47.82306671142578,50.49072265625,11,True,240.54,12242.48
1406,ETN,2017-11-17,2017-12-04,time_exit,0.72,63.93804168701172,64.58892822265625,11,True,240.74,12244.21
1407,WMB,2017-11-17,2017-12-04,time_exit,6.27,17.12635040283203,18.25093460083008,11,True,240.74,12259.3
1408,KO,2017-11-17,2017-12-04,time_exit,1.67,34.86909866333008,35.554893493652344,11,True,240.74,12263.32
1409,VRTX,2017-11-20,2017-12-05,time_exit,-4.64,144.63999938964844,138.36000061035156,11,True,241.03,12252.14
1410,BMY,2017-11-20,2017-12-05,time_exit,1.71,44.21209335327149,45.0992431640625,11,True,241.03,12256.26
1411,COP,2017-11-20,2017-12-05,time_exit,2.0,37.8079719543457,38.6761589050293,11,True,241.03,12261.08
1412,ORCL,2017-11-21,2017-12-06,time_exit,-0.73,42.722145080566406,42.537635803222656,11,True,241.53,12259.32
1413,ADP,2017-11-24,2017-12-08,time_exit,5.73,90.94963836669922,96.43374633789062,11,True,241.94,12273.18
1414,DIS,2017-11-27,2017-12-11,time_exit,4.47,96.1477508544922,100.73054504394533,11,True,242.97,12284.04
1415,MO,2017-11-28,2017-12-12,time_exit,7.71,35.143455505371094,37.959171295166016,11,True,244.26,12302.87
1416,CMCSA,2017-11-28,2017-12-12,time_exit,8.69,26.7319278717041,29.13595962524414,11,True,244.26,12324.1
1417,TSLA,2017-11-29,2017-12-13,time_exit,9.94,20.502666473388672,22.601999282836918,11,True,244.38,12348.39
1418,SO,2017-11-29,2017-12-13,time_exit,0.85,35.89295196533203,36.30746078491211,11,True,244.38,12350.47
1419,MA,2017-11-29,2017-12-13,time_exit,1.95,141.17909240722656,144.35755920410156,11,True,244.38,12355.23
1420,AAPL,2017-11-29,2017-12-13,time_exit,1.35,39.58308410644531,40.23471450805664,11,True,244.38,12358.53
1421,AMD,2017-11-29,2017-12-13,time_exit,-6.95,10.829999923706056,10.109999656677246,11,True,244.38,12341.55
1422,CRM,2017-11-30,2017-12-14,time_exit,-0.38,102.5458984375,102.46726989746094,11,True,244.67,12340.62
1423,DELL,2017-11-30,2017-12-14,time_exit,1.64,19.946495056152344,20.33400535583496,11,True,244.67,12344.63
1424,GOOG,2017-11-30,2017-12-14,time_exit,2.42,50.62416076660156,51.99904251098633,11,True,244.67,12350.55
1425,MU,2017-12-01,2017-12-15,time_exit,0.68,40.94600677490234,41.345821380615234,11,True,244.85,12352.22
1426,APH,2017-12-01,2017-12-15,time_exit,-0.83,20.68931770324707,20.57877922058105,11,True,244.85,12350.19
1427,SYK,2017-12-01,2017-12-15,time_exit,-1.34,141.8182373046875,140.34425354003906,11,True,244.85,12346.91
1428,GLW,2017-12-01,2017-12-15,time_exit,0.33,25.44560813903809,25.60538482666016,11,True,244.85,12347.71
1429,ANET,2017-12-01,2017-12-15,time_exit,0.74,14.290624618530272,14.439374923706056,11,True,244.85,12349.52
1430,AMAT,2017-12-01,2017-12-15,time_exit,0.91,47.2343635559082,47.8076286315918,11,True,244.85,12351.75
1431,AVGO,2017-12-01,2017-12-15,time_exit,-2.45,21.271085739135746,20.814428329467773,11,True,244.85,12345.75
1432,STX,2017-12-01,2017-12-15,time_exit,7.14,27.98276710510254,30.064844131469727,11,True,244.85,12363.24
1433,INTC,2017-12-01,2017-12-15,time_exit,-0.57,37.50868606567383,37.4079475402832,11,True,244.85,12361.84
1434,WDC,2017-12-01,2017-12-15,time_exit,2.55,54.43496322631836,55.985145568847656,11,True,244.85,12368.08
1435,QCOM,2017-12-01,2017-12-15,time_exit,-1.41,52.6535758972168,52.066654205322266,11,True,244.85,12364.63
1436,TXN,2017-12-01,2017-12-15,time_exit,3.86,76.36564636230469,79.54039764404297,11,True,244.85,12374.08
1437,BKNG,2017-12-01,2017-12-15,time_exit,1.12,67.96821594238281,68.9356689453125,11,True,244.85,12376.83
1438,CDNS,2017-12-01,2017-12-15,time_exit,-0.39,43.720001220703125,43.68000030517578,11,True,244.85,12375.87
1439,PLD,2017-12-01,2017-12-15,time_exit,0.05,51.8661003112793,52.04900360107422,11,True,244.85,12375.99
1440,ISRG,2017-12-01,2017-12-15,time_exit,-7.05,132.22000122070312,123.29000091552734,11,True,244.85,12358.73
1441,META,2017-12-01,2017-12-15,time_exit,2.6,173.5757293701172,178.61151123046875,11,True,244.85,12365.1
1442,BX,2017-12-01,2017-12-15,time_exit,-0.84,22.152650833129883,22.03339958190918,11,True,244.85,12363.04
1443,DUK,2017-12-01,2017-12-15,time_exit,-1.3,62.33843994140625,61.713157653808594,11,True,244.85,12359.86
1444,LRCX,2017-12-04,2017-12-18,time_exit,4.6,16.054170608520508,16.84066390991211,11,True,245.27,12371.14
1445,DHR,2017-12-04,2017-12-18,time_exit,1.36,78.82756042480469,80.13542938232422,11,True,245.27,12374.48
1446,NOW,2017-12-05,2017-12-19,time_exit,11.54,23.239999771118164,25.992000579833984,11,True,245.22,12402.77
1447,TMO,2017-12-05,2017-12-19,time_exit,6.05,178.1374969482422,189.45553588867188,11,True,245.22,12417.61
1448,GE,2017-12-05,2017-12-19,time_exit,-1.26,79.41429901123047,78.65413665771484,11,True,245.22,12414.52
1449,ABT,2017-12-05,2017-12-19,time_exit,3.37,46.73637008666992,48.450904846191406,11,True,245.22,12422.78
1450,V,2017-12-05,2017-12-19,time_exit,2.98,102.11144256591795,105.4593734741211,11,True,245.22,12430.09
1451,EQIX,2017-12-05,2017-12-19,time_exit,0.36,376.2603454589844,378.7344665527344,11,True,245.22,12430.97
1452,NVDA,2017-12-05,2017-12-19,time_exit,4.16,4.635846614837647,4.84252405166626,11,True,245.22,12441.18
1453,GOOGL,2017-12-05,2017-12-19,time_exit,5.6,50.53192138671875,53.51446533203125,11,True,245.22,12454.91
1454,WELL,2017-12-06,2017-12-20,time_exit,-4.27,49.49923706054688,47.5353889465332,11,True,245.19,12444.44
1455,TMUS,2017-12-06,2017-12-20,time_exit,0.96,59.064090728759766,59.80573272705078,11,True,245.19,12446.79
1456,ABBV,2017-12-06,2017-12-20,time_exit,2.89,65.50454711914062,67.59319305419922,11,True,245.19,12453.88
1457,TT,2017-12-06,2017-12-20,time_exit,1.33,58.74044799804688,59.69879913330078,11,True,245.19,12457.14
1458,MRVL,2017-12-06,2017-12-20,time_exit,1.95,20.68118095397949,21.145612716674805,11,True,245.19,12461.92
1459,FTNT,2017-12-06,2017-12-20,time_exit,8.37,8.258000373840332,8.973999977111816,11,True,245.19,12482.44
1460,ETN,2017-12-06,2017-12-20,time_exit,1.49,64.06483459472656,65.2144546508789,11,True,245.19,12486.1
1461,NEM,2017-12-07,2017-12-21,time_exit,1.96,28.369792938232425,29.009546279907227,11,True,245.19,12490.9
1462,PFE,2017-12-07,2017-12-21,time_exit,1.78,22.446029663085938,22.913917541503903,11,True,245.19,12495.27
1466,GD,2017-12-08,2017-12-22,time_exit,0.48,165.49459838867188,166.78684997558594,11,True,245.46,12496.44
1468,C,2017-12-14,2017-12-29,time_exit,0.36,55.69680404663086,56.0660400390625,11,True,247.01,12497.33
1469,ORCL,2017-12-15,2018-01-02,time_exit,-3.76,42.43222427368164,40.9650993347168,11,True,247.2,12488.04
1470,CSX,2017-12-18,2018-01-03,time_exit,6.16,15.898148536682127,16.924596786499023,11,True,247.49,12503.28
1471,USB,2017-12-20,2018-01-05,time_exit,2.22,38.6343994140625,39.60890579223633,11,True,249.72,12508.83
1472,CME,2017-12-20,2018-01-05,time_exit,2.25,107.72815704345705,110.47562408447266,11,True,249.72,12514.45
1473,COST,2017-12-20,2018-01-05,time_exit,-0.17,167.2643585205078,167.47848510742188,11,True,249.72,12514.02
1474,BMY,2017-12-20,2018-01-05,time_exit,1.49,44.50295639038086,45.30001449584961,11,True,249.72,12517.74
1475,MCD,2017-12-20,2018-01-05,time_exit,0.79,139.96517944335938,141.49351501464844,11,True,249.72,12519.72
1476,PM,2017-12-20,2018-01-05,time_exit,-0.37,67.58963012695312,67.54428100585938,11,True,249.72,12518.79
1477,EQIX,2017-12-20,2018-01-05,time_exit,0.21,377.6198120117188,379.5536193847656,11,True,249.72,12519.32
1478,SO,2017-12-20,2018-01-05,time_exit,-6.63,35.08502578735352,32.864994049072266,11,True,249.72,12502.76
1479,NEE,2017-12-21,2018-01-08,time_exit,-1.28,30.977903366088867,30.673093795776367,11,True,249.91,12499.56
1480,PLD,2017-12-21,2018-01-08,time_exit,0.14,49.70608901977539,49.92696380615234,11,True,249.91,12499.91
1481,ELV,2017-12-22,2018-01-09,time_exit,3.72,201.13296508789065,209.2103729248047,11,True,249.93,12509.21
1482,MMM,2017-12-22,2018-01-09,time_exit,2.49,146.2501220703125,150.3311309814453,11,True,249.93,12515.43
1483,MRSH,2017-12-22,2018-01-09,time_exit,1.31,69.82130432128906,70.9461898803711,11,True,249.93,12518.71
1484,BNY,2017-12-22,2018-01-09,time_exit,2.59,42.76763534545898,44.00314712524414,11,True,249.93,12525.18
1485,META,2017-12-22,2018-01-09,time_exit,5.72,175.65745544433594,186.23455810546875,11,True,249.93,12539.47
1486,CB,2017-12-22,2018-01-09,time_exit,0.64,125.12297821044922,126.29653930664062,11,True,249.93,12541.07
1487,ICE,2017-12-26,2018-01-10,time_exit,6.01,62.79185485839844,66.75446319580078,11,True,249.93,12556.09
1488,CRM,2017-12-26,2018-01-10,time_exit,5.8,100.7961883544922,106.9497299194336,11,True,249.93,12570.59
1489,CDNS,2017-12-26,2018-01-10,time_exit,6.54,41.970001220703125,44.84000015258789,11,True,249.93,12586.94
1490,GILD,2017-12-26,2018-01-10,time_exit,7.97,53.16411972045898,57.559120178222656,11,True,249.93,12606.86
1491,SBUX,2017-12-26,2018-01-10,time_exit,4.39,47.13282012939453,49.34345626831055,11,True,249.93,12617.83
1492,APH,2017-12-26,2018-01-10,time_exit,1.66,20.26938819885254,20.666519165039062,11,True,249.93,12621.98
1493,MA,2017-12-26,2018-01-10,time_exit,5.54,143.96742248535156,152.3721923828125,11,True,249.93,12635.82
1494,MS,2017-12-26,2018-01-10,time_exit,2.48,40.61578369140625,41.745941162109375,11,True,249.93,12642.02
1495,MU,2017-12-26,2018-01-10,time_exit,2.21,41.19954681396485,42.23319625854492,11,True,249.93,12647.54
1496,WELL,2017-12-26,2018-01-10,time_exit,-4.68,47.40845489501953,45.33261489868164,11,True,249.93,12635.85
1497,JNJ,2017-12-26,2018-01-10,time_exit,2.47,110.26722717285156,113.32125091552734,11,True,249.93,12642.02
1498,AVGO,2017-12-26,2018-01-10,time_exit,1.53,20.350801467895508,20.723756790161133,11,True,249.93,12645.84
1499,SPGI,2017-12-26,2018-01-10,time_exit,4.59,146.64132690429688,153.81491088867188,11,True,249.93,12657.32
1500,WDC,2017-12-26,2018-01-10,time_exit,1.47,54.87395477294922,55.84302520751953,11,True,249.93,12660.99
1501,MCO,2017-12-27,2018-01-11,time_exit,5.9,135.68511962890625,144.09664916992188,11,True,249.93,12675.74
1502,QCOM,2017-12-27,2018-01-11,time_exit,1.08,51.88977813720703,52.60534286499024,11,True,249.93,12678.43
1503,TSLA,2017-12-28,2018-01-12,time_exit,6.31,21.02400016784668,22.4146671295166,11,True,249.93,12694.21
1504,GS,2017-12-29,2018-01-16,time_exit,1.15,210.423095703125,213.47918701171875,11,True,249.95,12697.08
1505,GOOGL,2017-12-29,2018-01-16,time_exit,7.04,52.20705795288086,56.0380973815918,11,True,249.95,12714.68
1506,PGR,2018-01-02,2018-01-17,time_exit,3.08,42.71826553344727,44.16123580932617,11,True,249.76,12722.37
1507,LLY,2018-01-02,2018-01-17,time_exit,1.51,74.79061126708984,76.14192199707031,11,True,249.76,12726.14
1508,C,2018-01-02,2018-01-17,time_exit,3.88,56.0283432006836,58.37165069580078,11,True,249.76,12735.83
1509,ANET,2018-01-02,2018-01-17,time_exit,13.46,14.439374923706056,16.42562484741211,11,True,249.76,12769.45
1510,BRK-B,2018-01-02,2018-01-17,time_exit,8.29,197.22000122070312,214.16000366210935,11,True,249.76,12790.15
1511,INTC,2018-01-03,2018-01-18,time_exit,-2.02,37.99559020996094,37.340782165527344,11,True,250.07,12785.1
1512,DUK,2018-01-03,2018-01-18,time_exit,-7.09,58.291690826416016,54.336273193359375,11,True,250.07,12767.37
1513,MCK,2018-01-03,2018-01-18,time_exit,9.28,146.7649383544922,160.82728576660156,11,True,250.07,12790.58
1514,MRK,2018-01-03,2018-01-18,time_exit,8.59,41.23775863647461,44.90318298339844,11,True,250.07,12812.06
1515,MNST,2018-01-03,2018-01-18,time_exit,5.01,31.559999465942383,33.23500061035156,11,True,250.07,12824.59
1516,TJX,2018-01-04,2018-01-19,time_exit,4.29,33.45579147338867,34.99040985107422,11,True,250.07,12835.32
1517,VZ,2018-01-04,2018-01-19,time_exit,-0.49,32.571983337402344,32.51083755493164,11,True,250.07,12834.09
1518,T,2018-01-04,2018-01-19,time_exit,-0.65,15.4906005859375,15.435711860656738,11,True,250.07,12832.46
1519,PNC,2018-01-05,2018-01-22,time_exit,7.79,107.2173309326172,115.89141845703124,11,True,250.06,12851.94
1520,MO,2018-01-05,2018-01-22,time_exit,0.95,37.596309661865234,38.06626129150391,11,True,250.06,12854.32
1521,EQIX,2018-01-10,2018-01-25,time_exit,-1.16,374.0733337402344,370.8392333984375,11,True,253.22,12851.38
1522,FTNT,2018-01-10,2018-01-25,time_exit,2.67,8.819999694824219,9.08199977874756,11,True,253.22,12858.14
1523,KLAC,2018-01-10,2018-01-25,time_exit,6.11,9.36170482635498,9.961566925048828,11,True,253.22,12873.62
1524,PLD,2018-01-11,2018-01-26,time_exit,4.14,48.63323593139648,50.794708251953125,11,True,253.57,12884.11
1525,NEE,2018-01-11,2018-01-26,time_exit,4.48,30.179780960083008,31.6215934753418,11,True,253.57,12895.47
1526,PG,2018-01-11,2018-01-26,time_exit,-2.24,71.34941864013672,69.96343231201172,11,True,253.57,12889.79
1527,REGN,2018-01-11,2018-01-26,time_exit,1.36,364.81732177734375,370.8602600097656,11,True,253.57,12893.24
1528,PEP,2018-01-11,2018-01-26,time_exit,3.88,89.74303436279297,93.49002075195312,11,True,253.57,12903.08
1529,SO,2018-01-16,2018-01-30,time_exit,0.01,31.37559509277344,31.473957061767575,11,True,254.29,12903.11
1530,TMUS,2018-01-16,2018-01-30,time_exit,2.54,59.87228012084961,61.57422637939453,11,True,254.29,12909.56
1531,META,2018-01-17,2018-01-31,time_exit,4.93,176.053955078125,185.2631072998047,11,True,255.8,12922.18
1532,GS,2018-01-17,2018-01-31,time_exit,5.31,209.5062713623047,221.2681121826172,11,True,255.8,12935.76
1533,WELL,2018-01-18,2018-02-01,time_exit,-2.41,44.27227783203125,43.33891296386719,11,True,256.49,12929.58
1534,LLY,2018-01-22,2018-02-05,time_exit,-9.6,75.46186065673828,68.4403076171875,11,True,257.09,12904.9
1535,TT,2018-01-22,2018-02-05,time_exit,0.47,61.49913787841797,61.97148132324219,11,True,257.09,12906.11
1536,LIN,2018-01-22,2018-02-05,time_exit,-6.71,140.72076416015625,131.69686889648438,11,True,257.09,12888.85
1537,GE,2018-01-22,2018-02-05,time_exit,-8.09,72.80378723144531,67.13076782226562,11,True,257.09,12868.06
1538,CSX,2018-01-23,2018-02-06,time_exit,-6.04,16.939435958862305,15.966385841369627,11,True,257.09,12852.53
1539,AVGO,2018-01-23,2018-02-06,time_exit,-8.87,20.72927665710449,18.9536075592041,11,True,257.09,12829.72
1540,LMT,2018-01-24,2018-02-07,time_exit,4.22,262.1781616210937,274.0299377441406,11,True,257.09,12840.57
1541,GD,2018-01-24,2018-02-07,time_exit,-2.27,181.2043609619141,177.63438415527344,11,True,257.09,12834.74
1542,PM,2018-01-25,2018-02-08,time_exit,-6.91,69.610107421875,65.0121841430664,11,True,257.47,12816.95
1543,MO,2018-01-25,2018-02-08,time_exit,-8.68,37.33461380004883,34.20515823364258,11,True,257.47,12794.6
1544,CAT,2018-01-25,2018-02-08,time_exit,-14.1,141.99627685546875,122.3949966430664,11,True,257.47,12758.29
1545,AAPL,2018-01-26,2018-02-09,time_exit,-8.73,40.05720901489258,36.67945098876953,11,True,258.06,12735.77
1546,WMB,2018-01-29,2018-02-12,time_exit,-8.31,20.304048538208008,18.67870712280273,11,True,258.06,12714.32
1547,SLB,2018-01-30,2018-02-13,time_exit,-11.24,58.59626388549805,52.18575286865234,11,True,258.19,12685.3
1548,HWM,2018-01-30,2018-02-13,time_exit,-17.31,22.208044052124023,18.429670333862305,11,True,258.19,12640.61
1549,PG,2018-01-30,2018-02-13,time_exit,-6.57,69.34140014648438,64.99507904052734,11,True,258.19,12623.64
1550,BKNG,2018-01-30,2018-02-13,time_exit,-6.74,75.26246643066406,70.4185562133789,11,True,258.19,12606.24
1551,HD,2018-01-30,2018-02-13,time_exit,-9.26,163.83489990234375,149.1489715576172,11,True,258.19,12582.33
1552,EQIX,2018-01-30,2018-02-13,time_exit,-1.05,371.1686401367188,368.3735656738281,11,True,258.19,12579.62
1553,PWR,2018-01-30,2018-02-13,time_exit,-12.49,37.653133392333984,33.06414031982422,11,True,258.19,12547.37
1554,CVS,2018-01-30,2018-02-13,time_exit,-12.87,61.08922576904297,53.41022872924805,11,True,258.19,12514.14
1555,ELV,2018-01-30,2018-02-13,time_exit,-4.4,217.0382080078125,208.13162231445312,11,True,258.19,12502.78
1556,MRK,2018-01-30,2018-02-13,time_exit,-9.78,44.55058670043945,40.326908111572266,11,True,258.19,12477.53
1557,PSX,2018-01-31,2018-02-14,time_exit,-9.16,73.38329315185547,66.88345336914062,11,True,258.72,12453.84
1558,MCD,2018-01-31,2018-02-14,time_exit,-6.82,139.1278533935547,130.06349182128906,11,True,258.72,12436.19
1559,AMAT,2018-01-31,2018-02-14,time_exit,-3.41,48.799442291259766,47.27986145019531,11,True,258.72,12427.37
1560,CVX,2018-01-31,2018-02-14,time_exit,-9.65,86.33765411376953,78.2652359008789,11,True,258.72,12402.4
1561,DE,2018-01-31,2018-02-14,time_exit,-2.19,146.8997344970703,144.12803649902344,11,True,258.72,12396.74
1562,AMGN,2018-01-31,2018-02-14,time_exit,-3.08,142.89906311035156,138.92591857910156,11,True,258.72,12388.77
1563,JCI,2018-01-31,2018-02-14,time_exit,-4.44,32.514122009277344,31.16801643371582,11,True,258.72,12377.28
1564,ICE,2018-01-31,2018-02-14,time_exit,-4.05,66.19861602783203,63.71525955200195,11,True,258.72,12366.8
1565,XOM,2018-01-31,2018-02-14,time_exit,-11.82,59.3545036315918,52.51606369018555,11,True,258.72,12336.22
1566,GLW,2018-01-31,2018-02-14,time_exit,-5.75,24.942289352416992,23.584129333496094,11,True,258.72,12321.35
1567,SCHW,2018-01-31,2018-02-14,time_exit,-1.87,47.3907356262207,46.64522552490234,11,True,258.72,12316.51
1568,ADI,2018-02-01,2018-02-15,time_exit,-7.12,78.32606506347656,72.98468780517578,11,True,258.59,12298.1
1569,MDT,2018-02-01,2018-02-15,time_exit,-2.7,67.64826965332031,66.0243148803711,11,True,258.59,12291.12
1570,BLK,2018-02-01,2018-02-15,time_exit,-4.64,457.5480041503906,437.6819152832031,11,True,258.59,12279.12
1571,JNJ,2018-02-01,2018-02-15,time_exit,-6.58,110.21215057373048,103.29336547851562,11,True,258.59,12262.1
1572,MPC,2018-02-01,2018-02-15,time_exit,-1.6,52.84381484985352,52.15914535522461,11,True,258.59,12257.96
1573,QCOM,2018-02-01,2018-02-15,time_exit,-2.58,53.70681381225586,52.48473739624024,11,True,258.59,12251.29
1574,CSCO,2018-02-01,2018-02-15,time_exit,5.41,32.6020393371582,34.46277618408203,11,True,258.59,12265.28
1575,WM,2018-02-01,2018-02-15,time_exit,-4.66,75.94743347167969,72.63634490966797,11,True,258.59,12253.23
1576,DIS,2018-02-01,2018-02-15,time_exit,-5.11,104.18156433105467,99.17474365234376,11,True,258.59,12240.02
1577,ADP,2018-02-01,2018-02-15,time_exit,-4.38,100.0909423828125,96.00984954833984,11,True,258.59,12228.69
1578,REGN,2018-02-02,2018-02-16,time_exit,-4.82,344.6080017089844,329.0448913574219,11,True,258.59,12216.23
1579,WELL,2018-02-02,2018-02-16,time_exit,-3.33,43.64505386352539,42.32248306274414,11,True,258.59,12207.62
1580,DELL,2018-02-02,2018-02-16,time_exit,-1.87,18.075239181518555,17.792253494262695,11,True,258.59,12202.78
1581,PEP,2018-02-02,2018-02-16,time_exit,-6.71,91.117431640625,85.2743148803711,11,True,258.59,12185.43
1582,MS,2018-02-02,2018-02-16,time_exit,-0.91,43.13344955444336,42.869117736816406,11,True,258.59,12183.08
1583,STX,2018-02-02,2018-02-16,time_exit,-0.98,37.59174728393555,37.33760070800781,11,True,258.59,12180.54
1586,SYK,2018-02-06,2018-02-21,time_exit,2.13,140.6690673828125,144.08221435546875,11,True,256.59,12186.01
1587,ABBV,2018-02-06,2018-02-21,time_exit,5.73,77.7155990600586,82.4051284790039,11,True,256.59,12200.71
1588,USB,2018-02-06,2018-02-21,time_exit,0.58,39.107704162597656,39.45138168334961,11,True,256.59,12202.2
1589,MRVL,2018-02-06,2018-02-21,time_exit,6.57,20.62366104125977,22.039758682250977,11,True,256.59,12219.06
1590,TT,2018-02-06,2018-02-21,time_exit,-2.2,62.806636810302734,61.61552810668945,11,True,256.59,12213.41
1654,NEM,2018-02-07,2018-02-22,time_exit,1.32,29.246482849121094,29.720367431640625,11,True,256.69,12216.8
1655,AMD,2018-02-09,2018-02-26,time_exit,9.51,11.3100004196167,12.420000076293944,11,True,254.72,12241.02
1656,NEE,2018-02-09,2018-02-26,time_exit,4.87,29.698516845703125,31.23386573791504,11,True,254.72,12253.43
1657,TJX,2018-02-09,2018-02-26,time_exit,4.38,33.548927307128906,35.1181640625,11,True,254.72,12264.58
1658,TMUS,2018-02-09,2018-02-26,time_exit,2.93,56.28774642944336,58.10377883911133,11,True,254.72,12272.05
1659,CB,2018-02-09,2018-02-26,time_exit,0.82,125.14484405517578,126.5476531982422,11,True,254.72,12274.14
1669,EQIX,2018-02-16,2018-03-05,time_exit,-3.4,340.5502319335937,329.9884338378906,11,True,243.61,12265.85
1670,SO,2018-02-22,2018-03-08,time_exit,0.61,30.62200736999512,30.89961051940918,11,True,244.34,12267.34
1671,VZ,2018-02-23,2018-03-09,time_exit,1.19,30.243667602539062,30.694589614868164,11,True,244.34,12270.25
1672,GE,2018-02-26,2018-03-12,time_exit,2.77,66.50601959228516,68.54888153076172,11,True,245.48,12277.05
1673,WELL,2018-02-28,2018-03-14,time_exit,1.66,39.8266716003418,40.608036041259766,11,True,245.48,12281.13
1674,MRK,2018-02-28,2018-03-14,time_exit,1.65,39.827415466308594,40.605464935302734,11,True,245.48,12285.18
1675,BX,2018-03-01,2018-03-15,time_exit,0.03,24.154226303100582,24.23337173461914,11,True,245.48,12285.25
1676,ELV,2018-03-01,2018-03-15,time_exit,-0.86,206.87451171875,205.7212371826172,11,True,245.48,12283.14
1677,PG,2018-03-01,2018-03-15,time_exit,-0.34,62.76212310791016,62.73818588256836,11,True,245.48,12282.3
1678,NVDA,2018-03-01,2018-03-15,time_exit,7.08,5.73750114440918,6.160754680633545,11,True,245.48,12299.68
1679,MCD,2018-03-01,2018-03-15,time_exit,3.5,127.37671661376952,132.21160888671875,11,True,245.48,12308.28
1680,XOM,2018-03-01,2018-03-15,time_exit,-1.34,51.65065383911133,51.11491012573242,11,True,245.48,12304.99
1681,UNP,2018-03-01,2018-03-15,time_exit,5.81,106.63849639892578,113.1575698852539,11,True,245.48,12319.25
1682,UPS,2018-03-01,2018-03-15,time_exit,2.79,75.47611236572266,77.80925750732422,11,True,245.48,12326.1
1683,PSX,2018-03-01,2018-03-15,time_exit,3.65,65.61560821533203,68.2079086303711,11,True,245.48,12335.06
1684,KO,2018-03-01,2018-03-15,time_exit,1.14,33.401458740234375,33.882511138916016,11,True,245.48,12337.86
1685,AMD,2018-03-02,2018-03-16,time_exit,-3.18,11.8100004196167,11.470000267028809,11,True,245.48,12330.05
1686,GOOGL,2018-03-02,2018-03-16,time_exit,4.34,53.73055648803711,56.22246551513672,11,True,245.48,12340.7
1687,ACN,2018-03-02,2018-03-16,time_exit,1.85,137.13433837890625,140.0860137939453,11,True,245.48,12345.25
1688,BNY,2018-03-02,2018-03-16,time_exit,-0.97,44.035587310791016,43.74131774902344,11,True,245.48,12342.87
1689,SCHW,2018-03-02,2018-03-16,time_exit,5.55,46.84998321533203,49.591705322265625,11,True,245.48,12356.49
1690,PNC,2018-03-02,2018-03-16,time_exit,1.38,117.16402435302734,119.12884521484376,11,True,245.48,12359.88
1691,MCK,2018-03-02,2018-03-16,time_exit,1.32,140.65357971191406,142.9336395263672,11,True,245.48,12363.12
1692,COF,2018-03-02,2018-03-16,time_exit,2.43,83.60993957519531,85.89208984375,11,True,245.48,12369.08
1693,AVGO,2018-03-02,2018-03-16,time_exit,1.29,19.780723571777344,20.096118927001957,11,True,245.48,12372.25
1694,ORCL,2018-03-02,2018-03-16,time_exit,3.58,44.37897109985352,46.09874725341797,11,True,245.48,12381.04
1695,CDNS,2018-03-02,2018-03-16,time_exit,-2.08,39.290000915527344,38.59000015258789,11,True,245.48,12375.93
1696,MA,2018-03-02,2018-03-16,time_exit,4.0,166.8220977783203,173.99940490722656,11,True,245.48,12385.75
1697,META,2018-03-02,2018-03-16,time_exit,4.5,175.08248901367188,183.478759765625,11,True,245.48,12396.8
1698,MAR,2018-03-02,2018-03-16,time_exit,0.76,130.1251220703125,131.50491333007812,11,True,245.48,12398.66
1699,ISRG,2018-03-02,2018-03-16,time_exit,4.13,139.1300048828125,145.2866668701172,11,True,245.48,12408.8
1700,TT,2018-03-02,2018-03-16,time_exit,3.93,59.06903839111328,61.57034683227539,11,True,245.48,12418.45
1701,LMT,2018-03-02,2018-03-16,time_exit,-3.32,272.6091613769531,264.3763122558594,11,True,245.48,12410.3
1702,ETN,2018-03-02,2018-03-16,time_exit,2.14,67.36993408203125,69.01326751708984,11,True,245.48,12415.55
1703,MDT,2018-03-02,2018-03-16,time_exit,3.48,62.35453796386719,64.71085357666016,11,True,245.48,12424.1
1704,BAC,2018-03-02,2018-03-16,time_exit,1.41,26.02558898925781,26.46990203857422,11,True,245.48,12427.56
1705,WFC,2018-03-02,2018-03-16,time_exit,-2.93,45.47266006469727,44.27663803100586,11,True,245.48,12420.36
1706,BRK-B,2018-03-02,2018-03-16,time_exit,2.49,201.33999633789065,206.9600067138672,11,True,245.48,12426.48
1707,SLB,2018-03-02,2018-03-16,time_exit,0.66,51.829498291015625,52.328243255615234,11,True,245.48,12428.1
1708,FCX,2018-03-02,2018-03-16,time_exit,-0.08,16.49964714050293,16.535673141479492,11,True,245.48,12427.9
1709,V,2018-03-02,2018-03-16,time_exit,2.81,113.77298736572266,117.31515502929688,11,True,245.48,12434.8
1710,HWM,2018-03-02,2018-03-16,time_exit,2.42,17.78263282775879,18.26605987548828,11,True,245.48,12440.74
1711,TMO,2018-03-02,2018-03-16,time_exit,1.72,201.718505859375,205.78965759277344,11,True,245.48,12444.96
1712,IBM,2018-03-02,2018-03-16,time_exit,3.43,103.0897979736328,106.9400405883789,11,True,245.48,12453.38
1713,PWR,2018-03-02,2018-03-16,time_exit,2.97,33.57403945922852,34.6722526550293,11,True,245.48,12460.67
1714,DHR,2018-03-02,2018-03-16,time_exit,5.63,81.8375015258789,86.6939926147461,11,True,245.48,12474.49
1715,GOOG,2018-03-02,2018-03-16,time_exit,4.97,53.47452926635742,56.29021072387695,11,True,245.48,12486.69
1716,CVS,2018-03-02,2018-03-16,time_exit,-2.98,51.39142227172852,50.0125732421875,11,True,245.48,12479.38
1717,COP,2018-03-02,2018-03-16,time_exit,1.31,41.03232192993164,41.69266891479492,11,True,245.48,12482.59
1718,CB,2018-03-02,2018-03-16,time_exit,0.5,121.10958862304688,122.07942199707033,11,True,245.48,12483.82
1749,MRVL,2018-03-14,2018-03-28,time_exit,-12.36,22.239341735839844,19.55705070495605,11,True,245.7,12453.45
1750,WMB,2018-03-15,2018-03-29,time_exit,-7.16,17.157882690429688,15.981451034545898,11,True,246.76,12435.78
1751,CMCSA,2018-03-15,2018-03-29,time_exit,-5.78,26.763771057128903,25.297874450683597,11,True,246.76,12421.52
1752,RTX,2018-03-15,2018-03-29,time_exit,-2.95,67.08208465576172,65.3018569946289,11,True,246.76,12414.24
1753,NEM,2018-03-16,2018-04-02,time_exit,4.73,29.63761138916016,31.127826690673828,11,True,249.68,12426.05
1754,TXN,2018-03-19,2018-04-03,time_exit,-5.57,85.22724914550781,80.73912811279297,11,True,249.68,12412.15
1755,PG,2018-03-19,2018-04-03,time_exit,-0.55,62.73023223876953,62.570709228515625,11,True,249.68,12410.77
1756,BX,2018-03-19,2018-04-03,time_exit,-7.07,24.017518997192383,22.39140892028809,11,True,249.68,12393.12
1757,AVGO,2018-03-19,2018-04-03,time_exit,-2.22,19.313941955566406,18.943315505981445,11,True,249.68,12387.58
1758,GILD,2018-03-19,2018-04-03,time_exit,-4.74,56.83973693847656,54.31369400024414,11,True,249.68,12375.74
1759,AXP,2018-03-19,2018-04-03,time_exit,-2.51,84.70037078857422,82.8249282836914,11,True,249.68,12369.48
1760,C,2018-03-19,2018-04-03,time_exit,-6.1,54.99981689453125,51.8072509765625,11,True,249.68,12354.25
1761,USB,2018-03-19,2018-04-03,time_exit,-4.52,37.80459213256836,36.21100234985352,11,True,249.68,12342.96
1762,MSFT,2018-03-19,2018-04-03,time_exit,-3.72,85.2934799194336,82.37351989746094,11,True,249.68,12333.67
1763,TJX,2018-03-19,2018-04-03,time_exit,0.85,36.24943161010742,36.66808319091797,11,True,249.68,12335.79
1764,KLAC,2018-03-19,2018-04-03,time_exit,-7.55,10.274299621582031,9.529284477233888,11,True,249.68,12316.94
1765,AAPL,2018-03-19,2018-04-03,time_exit,-4.24,41.10932159423828,39.48886489868164,11,True,249.68,12306.36
1766,ELV,2018-03-19,2018-04-03,time_exit,-0.51,203.92337036132807,203.49407958984372,11,True,249.68,12305.08
1767,GOOGL,2018-03-20,2018-04-04,time_exit,-6.33,54.30843734741211,51.03298568725586,11,True,249.68,12289.28
1768,GOOG,2018-03-20,2018-04-04,time_exit,-6.91,54.40582275390625,50.80902862548828,11,True,249.68,12272.03
1769,HCA,2018-03-20,2018-04-04,time_exit,-4.02,93.50990295410156,90.0334701538086,11,True,249.68,12261.99
1770,LOW,2018-03-20,2018-04-04,time_exit,2.42,73.11709594726562,75.10432434082031,11,True,249.68,12268.03
1771,KO,2018-03-20,2018-04-04,time_exit,2.2,33.4868049621582,34.324764251708984,11,True,249.68,12273.53
1772,DIS,2018-03-20,2018-04-04,time_exit,-0.69,95.56341552734376,95.1862564086914,11,True,249.68,12271.8
1773,AMD,2018-03-20,2018-04-04,time_exit,-12.36,11.109999656677246,9.770000457763672,11,True,249.68,12240.94
1774,CDNS,2018-03-20,2018-04-04,time_exit,-3.67,37.959999084472656,36.68000030517578,11,True,249.68,12231.78
1775,GE,2018-03-21,2018-04-05,time_exit,-3.54,63.010475158691406,60.96764373779297,11,True,249.68,12222.94
1776,WFC,2018-03-21,2018-04-05,time_exit,-3.09,43.39744186401367,42.18556213378906,11,True,249.68,12215.23
1777,PEP,2018-03-21,2018-04-05,time_exit,1.38,84.10999298095703,85.52552032470703,11,True,249.68,12218.67
1778,TSLA,2018-03-22,2018-04-06,time_exit,-3.47,20.606666564941406,19.953332901000977,11,True,249.68,12210.01
1779,MO,2018-03-22,2018-04-06,time_exit,5.43,32.595611572265625,34.46315002441406,11,True,249.68,12223.56
1780,PSX,2018-03-23,2018-04-09,time_exit,4.36,67.43527221679688,70.57633972167969,11,True,249.68,12234.45
1781,HWM,2018-03-23,2018-04-09,time_exit,-0.21,16.919902801513672,16.934783935546875,11,True,249.68,12233.93
1782,BA,2018-03-23,2018-04-09,time_exit,0.16,307.4208068847656,308.83819580078125,11,True,249.68,12234.33
1783,BKNG,2018-03-26,2018-04-10,time_exit,-2.93,83.57312774658203,81.37503051757812,11,True,249.68,12227.01
1784,MMM,2018-03-26,2018-04-10,time_exit,-1.78,138.0311737060547,135.98805236816406,11,True,249.68,12222.57
1785,JCI,2018-03-26,2018-04-10,time_exit,-3.79,29.237716674804688,28.21682548522949,11,True,249.68,12213.1
1786,UNP,2018-03-26,2018-04-10,time_exit,-2.47,110.45026397705078,108.05859375,11,True,249.68,12206.94
1787,VRTX,2018-03-26,2018-04-10,time_exit,-3.27,166.10000610351562,161.1699981689453,11,True,249.68,12198.77
1788,MCK,2018-03-26,2018-04-10,time_exit,2.51,130.69802856445312,134.3668670654297,11,True,249.68,12205.04
1789,BMY,2018-03-26,2018-04-10,time_exit,-3.14,46.40525436401367,45.08866882324219,11,True,249.68,12197.2
1790,PFE,2018-03-26,2018-04-10,time_exit,2.3,22.36043357849121,22.94114112854004,11,True,249.68,12202.94
1791,REGN,2018-03-26,2018-04-10,time_exit,-1.11,327.6183166503906,324.97332763671875,11,True,249.68,12200.17
1792,FCX,2018-03-26,2018-04-10,time_exit,2.24,15.986287117004396,16.391572952270508,11,True,249.68,12205.76
1793,SLB,2018-03-26,2018-04-10,time_exit,3.19,51.02992630004883,52.8111572265625,11,True,249.68,12213.73
1794,MU,2018-03-26,2018-04-10,time_exit,-9.44,54.17862319946289,49.22492218017578,11,True,249.68,12190.16
1795,META,2018-03-26,2018-04-10,time_exit,2.81,158.66665649414062,163.603271484375,11,True,249.68,12197.17
1796,PGR,2018-03-26,2018-04-10,time_exit,-1.06,47.951751708984375,47.58924865722656,11,True,249.68,12194.53
1797,KKR,2018-03-26,2018-04-10,time_exit,-1.7,18.636898040771484,18.37580108642578,11,True,249.68,12190.28
1798,T,2018-03-26,2018-04-10,time_exit,4.88,14.390347480773926,15.136180877685549,11,True,249.68,12202.47
1836,QCOM,2018-04-02,2018-04-16,time_exit,1.48,43.63424301147461,44.41271209716797,11,True,248.52,12206.15
1837,ICE,2018-04-02,2018-04-16,time_exit,2.63,63.94662094116211,65.81736755371094,11,True,248.52,12212.68
1838,PWR,2018-04-02,2018-04-16,time_exit,2.71,32.877838134765625,33.868194580078125,11,True,248.52,12219.42
1839,DELL,2018-04-02,2018-04-16,time_exit,2.17,18.49843978881836,18.954776763916016,11,True,248.52,12224.81
1855,WMB,2018-04-03,2018-04-17,time_exit,4.94,15.71786880493164,16.540733337402344,11,True,246.1,12236.97
1856,ETN,2018-04-03,2018-04-17,time_exit,-0.18,66.35435485839844,66.43103790283203,11,True,246.1,12236.52
1857,TMUS,2018-04-04,2018-04-18,time_exit,4.97,56.81068420410156,59.80573272705078,11,True,244.64,12248.68
1858,NOW,2018-04-04,2018-04-18,time_exit,5.54,32.9379997253418,34.86000061035156,11,True,244.64,12262.23
1859,KLAC,2018-04-04,2018-04-18,time_exit,-1.22,9.678112030029297,9.58863639831543,11,True,244.64,12259.25
1860,MNST,2018-04-04,2018-04-18,time_exit,0.93,28.38500022888184,28.73500061035156,11,True,244.64,12261.53
1861,ABT,2018-04-04,2018-04-18,time_exit,0.28,50.96247482299805,51.259464263916016,11,True,244.64,12262.21
1862,MRVL,2018-04-04,2018-04-18,time_exit,5.57,19.82391166687012,20.98666381835937,11,True,244.64,12275.84
1863,ADI,2018-04-04,2018-04-18,time_exit,3.35,78.38136291503906,81.2420425415039,11,True,244.64,12284.03
1864,BX,2018-04-04,2018-04-18,time_exit,1.23,22.520910263061523,22.866287231445312,11,True,244.64,12287.04
1865,DE,2018-04-04,2018-04-18,time_exit,0.51,131.66258239746094,132.72605895996094,11,True,244.64,12288.29
1866,SYK,2018-04-06,2018-04-20,time_exit,5.55,142.03004455566406,150.3411865234375,11,True,244.47,12301.86
1867,EQIX,2018-04-10,2018-04-24,time_exit,0.67,344.49560546875,347.8421936035156,11,True,244.05,12303.49
1868,UNP,2018-04-11,2018-04-25,time_exit,3.4,108.95547485351562,112.991455078125,11,True,244.05,12311.79
1869,BMY,2018-04-12,2018-04-26,time_exit,-11.86,43.34286880493164,38.33384323120117,11,True,244.05,12282.85
1870,CMCSA,2018-04-12,2018-04-26,time_exit,0.3,24.6677303314209,24.8166561126709,11,True,244.05,12283.58
1871,WELL,2018-04-13,2018-04-27,time_exit,0.18,39.925289154052734,40.11494827270508,11,True,244.05,12284.02
1872,WFC,2018-04-16,2018-04-30,time_exit,1.98,40.237083435058594,41.155887603759766,11,True,244.5,12288.86
1873,LRCX,2018-04-19,2018-05-03,time_exit,-0.8,17.001026153564453,16.915306091308594,11,True,245.77,12286.89
1874,REGN,2018-04-19,2018-05-03,time_exit,-7.72,312.87744140625,289.6764221191406,11,True,245.77,12267.92
1875,JNJ,2018-04-20,2018-05-04,time_exit,-2.25,100.33464813232422,98.3780288696289,11,True,246.04,12262.38
1876,KO,2018-04-20,2018-05-04,time_exit,-3.46,33.93682861328125,32.86610412597656,11,True,246.04,12253.87
1877,AMAT,2018-04-20,2018-05-04,time_exit,2.58,46.57286071777344,47.91289520263672,11,True,246.04,12260.22
1878,TXN,2018-04-20,2018-05-04,time_exit,5.06,78.98494720458984,83.2204818725586,11,True,246.04,12272.67
1879,DIS,2018-04-23,2018-05-07,time_exit,2.03,94.43193817138672,96.62890625,11,True,246.04,12277.66
1880,ADI,2018-04-23,2018-05-07,time_exit,2.54,75.59797668457031,77.74565887451172,11,True,246.04,12283.91
1881,IBM,2018-04-23,2018-05-07,time_exit,-2.11,97.33108520507812,95.5694351196289,11,True,246.04,12278.72
1882,SBUX,2018-04-23,2018-05-07,time_exit,-1.52,48.23439407348633,47.64556503295898,11,True,246.04,12274.98
1883,KLAC,2018-04-23,2018-05-07,time_exit,5.35,8.947270393371582,9.453102111816406,11,True,246.04,12288.14
1884,MCD,2018-04-23,2018-05-07,time_exit,3.48,130.06822204589844,134.9849853515625,11,True,246.04,12296.7
1885,PM,2018-04-23,2018-05-07,time_exit,-2.88,54.768821716308594,53.35491561889648,11,True,246.04,12289.62
1886,TSLA,2018-04-23,2018-05-07,time_exit,6.55,18.891332626342773,20.184667587280277,11,True,246.04,12305.73
1887,PEP,2018-04-23,2018-05-07,time_exit,-4.54,79.34530639648438,75.98057556152344,11,True,246.04,12294.56
1888,C,2018-04-24,2018-05-08,time_exit,2.91,52.29143142700195,53.967891693115234,11,True,246.07,12301.72
1889,CME,2018-04-24,2018-05-08,time_exit,-2.24,119.79488372802734,117.46717834472656,11,True,246.07,12296.21
1890,SPGI,2018-04-24,2018-05-08,time_exit,2.75,166.0463104248047,171.1049041748047,11,True,246.07,12302.98
1891,MNST,2018-04-24,2018-05-08,time_exit,-5.06,27.864999771118164,26.540000915527344,11,True,246.07,12290.53
1892,MCO,2018-04-24,2018-05-08,time_exit,4.33,148.8751220703125,155.76869201660156,11,True,246.07,12301.18
1893,MA,2018-04-24,2018-05-08,time_exit,9.68,165.36062622070312,181.86419677734372,11,True,246.07,12325.0
1894,GOOG,2018-04-24,2018-05-08,time_exit,3.03,50.55328750610352,52.23495864868164,11,True,246.07,12332.46
1895,BKNG,2018-04-24,2018-05-08,time_exit,4.26,80.97158813476562,84.66551971435547,11,True,246.07,12342.94
1896,GOOGL,2018-04-24,2018-05-08,time_exit,3.22,50.68258666992188,52.46428298950195,11,True,246.07,12350.87
1897,TMO,2018-04-24,2018-05-08,time_exit,-2.69,208.45928955078125,203.47203063964844,11,True,246.07,12344.25
1898,RTX,2018-04-24,2018-05-08,time_exit,-0.55,63.37113952636719,63.21025848388672,11,True,246.07,12342.89
1899,BA,2018-04-24,2018-05-08,time_exit,2.53,315.13983154296875,324.0559387207031,11,True,246.07,12349.12
1900,STX,2018-04-24,2018-05-08,time_exit,-3.35,42.7575798034668,41.45144271850586,11,True,246.07,12340.87
1901,CRM,2018-04-24,2018-05-08,time_exit,8.92,115.87529754638672,126.56044006347656,11,True,246.07,12362.82
1902,MS,2018-04-24,2018-05-08,time_exit,0.77,41.25977325439453,41.70050430297852,11,True,246.07,12364.72
1903,LOW,2018-04-24,2018-05-08,time_exit,1.32,71.05736541748047,72.20579528808594,11,True,246.07,12367.97
1904,HWM,2018-04-24,2018-05-08,time_exit,-19.04,16.347227096557617,13.284316062927246,11,True,246.07,12321.12
1905,ADBE,2018-04-25,2018-05-09,time_exit,10.02,217.32000732421875,239.7400054931641,11,True,246.24,12345.79
1906,GLW,2018-04-25,2018-05-09,time_exit,-0.23,21.750022888183597,21.76610374450684,11,True,246.24,12345.22
1907,VRTX,2018-04-25,2018-05-09,time_exit,-4.22,155.14999389648438,149.07000732421875,11,True,246.24,12334.83
1908,HCA,2018-04-25,2018-05-09,time_exit,1.43,91.4834976196289,93.06371307373048,11,True,246.24,12338.35
1909,PG,2018-04-25,2018-05-09,time_exit,-0.2,58.19174957275391,58.24809646606445,11,True,246.24,12337.86
1910,MSFT,2018-04-25,2018-05-09,time_exit,4.72,84.7608871459961,89.01226806640625,11,True,246.24,12349.48
1911,WDC,2018-04-25,2018-05-09,time_exit,-8.99,59.6242790222168,54.44045639038086,11,True,246.24,12327.35
1912,WM,2018-04-25,2018-05-09,time_exit,1.87,70.62665557861328,72.15653991699219,11,True,246.24,12331.95
1913,DE,2018-04-25,2018-05-09,time_exit,4.89,122.29547882080078,128.6406707763672,11,True,246.24,12343.99
1914,QCOM,2018-04-25,2018-05-09,time_exit,6.57,40.34200668334961,43.11527633666992,11,True,246.24,12360.17
1915,JPM,2018-04-25,2018-05-09,time_exit,2.81,88.0301284790039,90.767333984375,11,True,246.24,12367.09
1916,META,2018-04-25,2018-05-09,time_exit,14.08,158.29989624023438,181.0699157714844,11,True,246.24,12401.76
1917,GD,2018-04-25,2018-05-09,time_exit,-6.58,178.05276489257812,166.8647918701172,11,True,246.24,12385.56
1918,BLK,2018-04-25,2018-05-09,time_exit,3.43,416.86822509765625,432.43701171875,11,True,246.24,12394.0
1934,NOW,2018-04-26,2018-05-10,time_exit,8.07,33.03200149536133,35.79600143432617,11,True,245.67,12413.83
1940,AAPL,2018-04-27,2018-05-11,time_exit,16.33,38.06540298461914,44.396461486816406,11,True,245.68,12453.95
1943,LMT,2018-04-30,2018-05-14,time_exit,-0.85,255.9519500732422,254.5479278564453,11,True,245.78,12451.86
1955,ABT,2018-05-03,2018-05-17,time_exit,5.1,49.89013671875,52.58574676513672,11,True,245.36,12464.37
1956,MRK,2018-05-03,2018-05-17,time_exit,2.38,42.62833023071289,43.769439697265625,11,True,245.36,12470.21
1969,GE,2018-05-04,2018-05-18,time_exit,5.87,64.00922393798828,67.95873260498047,11,True,245.45,12484.62
1970,REGN,2018-05-04,2018-05-18,time_exit,3.33,288.5272521972656,298.988525390625,11,True,245.45,12492.79
1971,FTNT,2018-05-04,2018-05-18,time_exit,6.61,10.947999954223633,11.70400047302246,11,True,245.45,12509.02
1972,CVS,2018-05-04,2018-05-18,time_exit,2.58,48.43768310546875,49.83478164672852,11,True,245.45,12515.35
1973,EQIX,2018-05-07,2018-05-21,time_exit,-1.67,334.7874450683594,330.19219970703125,11,True,245.89,12511.24
1974,PEP,2018-05-08,2018-05-22,time_exit,2.94,74.86672973632812,77.29551696777344,11,True,246.42,12518.49
1975,DUK,2018-05-08,2018-05-22,time_exit,-4.07,55.36849594116211,53.28352737426758,11,True,246.42,12508.46
1976,MCK,2018-05-08,2018-05-22,time_exit,1.39,135.1269073486328,137.40696716308594,11,True,246.42,12511.88
1977,NEE,2018-05-08,2018-05-22,time_exit,-0.6,32.296199798583984,32.19925308227539,11,True,246.42,12510.4
1978,BKNG,2018-05-10,2018-05-24,time_exit,0.1,81.47020721435547,81.79373168945312,11,True,248.28,12510.65
1979,MNST,2018-05-15,2018-05-30,time_exit,7.5,24.100000381469727,25.979999542236328,11,True,249.04,12529.33
1980,PM,2018-05-15,2018-05-30,time_exit,0.19,52.320682525634766,52.575984954833984,11,True,249.04,12529.8
1981,KO,2018-05-15,2018-05-30,time_exit,3.08,32.36955261230469,33.46353530883789,11,True,249.04,12537.47
1982,SO,2018-05-17,2018-06-01,time_exit,2.44,31.049097061157227,31.90074348449707,11,True,249.4,12543.56
1983,CSCO,2018-05-17,2018-06-01,time_exit,0.16,34.251197814941406,34.408817291259766,11,True,249.4,12543.96
1984,WELL,2018-05-17,2018-06-01,time_exit,7.28,41.55500030517578,44.70648956298828,11,True,249.4,12562.12
1985,PLD,2018-05-18,2018-06-04,time_exit,4.46,50.26827239990234,52.66088104248047,11,True,250.31,12573.28
1986,NEM,2018-05-21,2018-06-05,time_exit,-2.38,31.20708274841309,30.557090759277344,11,True,250.22,12567.32
1987,NVDA,2018-05-21,2018-06-05,time_exit,8.3,6.03474235534668,6.553463935852051,11,True,250.22,12588.09
1988,TSLA,2018-05-22,2018-06-06,time_exit,15.88,18.333999633789062,21.299999237060547,11,True,250.21,12627.83
1989,NOW,2018-05-22,2018-06-06,time_exit,9.19,34.051998138427734,37.28400039672852,11,True,250.21,12650.82
1990,C,2018-05-23,2018-06-07,time_exit,-2.85,53.39020919799805,52.029598236083984,11,True,250.21,12643.69
1991,ISRG,2018-05-23,2018-06-07,time_exit,5.51,152.90333557128906,161.77999877929688,11,True,250.21,12657.48
1992,GS,2018-05-23,2018-06-07,time_exit,-1.79,196.97434997558597,194.04681396484372,11,True,250.21,12653.0
1993,CRM,2018-05-23,2018-06-07,time_exit,3.46,125.9116668701172,130.64968872070312,11,True,250.21,12661.65
1994,USB,2018-05-23,2018-06-07,time_exit,1.45,36.69361877441406,37.334720611572266,11,True,250.21,12665.28
1995,CVX,2018-05-23,2018-06-07,time_exit,-1.65,90.30814361572266,89.0871810913086,11,True,250.21,12661.15
1996,INTU,2018-05-23,2018-06-07,time_exit,4.81,184.76364135742188,194.20753479003903,11,True,250.21,12673.19
1997,LMT,2018-05-23,2018-06-07,time_exit,-0.72,259.52593994140625,258.4476623535156,11,True,250.21,12671.39
1998,BAC,2018-05-23,2018-06-07,time_exit,-1.05,25.04643821716309,24.85961151123047,11,True,250.21,12668.76
1999,BRK-B,2018-05-23,2018-06-07,time_exit,-0.49,195.9499969482422,195.57000732421875,11,True,250.21,12667.53
2000,MMM,2018-05-23,2018-06-07,time_exit,2.92,125.36416625976562,129.40267944335938,11,True,250.21,12674.84
2001,MS,2018-05-24,2018-06-08,time_exit,-4.17,42.18484878540039,40.5521354675293,11,True,250.21,12664.41
2002,CME,2018-05-24,2018-06-08,time_exit,6.98,118.6162109375,127.25422668457033,11,True,250.21,12681.87
2003,PNC,2018-05-24,2018-06-08,time_exit,-0.06,111.06432342529295,111.32611083984376,11,True,250.21,12681.72
2004,MA,2018-05-24,2018-06-08,time_exit,3.94,183.1814727783203,190.94163513183597,11,True,250.21,12691.58
2005,SCHW,2018-05-24,2018-06-08,time_exit,-1.01,51.84310531616211,51.47751998901367,11,True,250.21,12689.05
2006,HD,2018-05-24,2018-06-08,time_exit,6.27,152.8000030517578,162.8345947265625,11,True,250.21,12704.74
2007,WMT,2018-05-24,2018-06-08,time_exit,1.52,24.441408157348636,24.886863708496094,11,True,250.21,12708.54
2008,JPM,2018-05-24,2018-06-08,time_exit,-0.41,89.0225601196289,88.926513671875,11,True,250.21,12707.52
2009,CB,2018-05-24,2018-06-08,time_exit,-0.24,116.1536102294922,116.2231903076172,11,True,250.21,12706.92
2010,ABBV,2018-05-24,2018-06-08,time_exit,-2.93,72.82929992675781,70.91570281982422,11,True,250.21,12699.59
2011,COP,2018-05-24,2018-06-08,time_exit,1.13,52.1689682006836,52.91588592529297,11,True,250.21,12702.41
2012,PWR,2018-05-24,2018-06-08,time_exit,3.94,34.90757751464844,36.38820266723633,11,True,250.21,12712.27
2013,APH,2018-05-25,2018-06-11,time_exit,3.65,20.191049575805664,20.989255905151367,11,True,250.21,12721.4
2014,WMB,2018-05-25,2018-06-11,time_exit,0.11,17.35073471069336,17.422630310058594,11,True,250.21,12721.68
2015,LIN,2018-05-25,2018-06-11,time_exit,2.46,138.35794067382812,142.17633056640625,11,True,250.21,12727.83
2016,PSX,2018-05-25,2018-06-11,time_exit,0.93,84.0242919921875,85.0564193725586,11,True,250.21,12730.16
2017,SPGI,2018-05-29,2018-06-12,time_exit,4.92,173.62071228027344,182.6803741455078,11,True,250.21,12742.47
2018,TT,2018-05-29,2018-06-12,time_exit,4.26,61.12997817993164,63.919315338134766,11,True,250.21,12753.13
2019,ELV,2018-05-29,2018-06-12,time_exit,1.08,205.08616638183597,207.908203125,11,True,250.21,12755.83
2020,UPS,2018-05-29,2018-06-12,time_exit,3.66,81.35893249511719,84.5823974609375,11,True,250.21,12764.99
2021,MCO,2018-05-29,2018-06-12,time_exit,3.94,158.8854217529297,165.62001037597656,11,True,250.21,12774.85
2022,TMO,2018-05-29,2018-06-12,time_exit,4.0,204.3520965576172,213.13365173339844,11,True,250.21,12784.86
2023,VRTX,2018-05-29,2018-06-12,time_exit,-3.04,155.24000549316406,150.99000549316406,11,True,250.21,12777.25
2024,JCI,2018-05-29,2018-06-12,time_exit,3.02,28.5013427734375,29.44691467285156,11,True,250.21,12784.81
2025,TMUS,2018-05-29,2018-06-12,time_exit,2.3,53.83465576171875,55.23234939575195,11,True,250.21,12790.56
2026,SLB,2018-05-29,2018-06-12,time_exit,1.21,53.8878059387207,54.70336151123047,11,True,250.21,12793.59
2027,GOOGL,2018-05-29,2018-06-12,time_exit,7.2,52.934120178222656,56.904911041259766,11,True,250.21,12811.61
2028,XOM,2018-05-29,2018-06-12,time_exit,4.8,54.40821075439453,57.18343734741211,11,True,250.21,12823.62
2035,GLW,2018-05-30,2018-06-13,time_exit,8.24,21.32288360595703,23.14362144470215,11,True,250.75,12844.28
2036,PM,2018-05-31,2018-06-14,time_exit,1.35,52.065391540527344,52.92290878295898,11,True,250.75,12847.66
2037,DIS,2018-05-31,2018-06-14,time_exit,9.03,93.79075622558594,102.54090881347656,11,True,250.75,12870.31
2039,COST,2018-06-01,2018-06-15,time_exit,4.87,176.83042907714844,185.9710998535156,11,True,251.24,12882.54
2040,PANW,2018-06-04,2018-06-18,time_exit,1.5,34.68166732788086,35.30666732788086,11,True,251.47,12886.31
2041,UNP,2018-06-05,2018-06-19,time_exit,-0.04,118.89230346679688,119.20113372802734,11,True,251.76,12886.21
2042,GD,2018-06-05,2018-06-19,time_exit,-5.48,166.9063262939453,158.26638793945312,11,True,251.76,12872.42
2043,PGR,2018-06-06,2018-06-20,time_exit,-2.17,49.32292175292969,48.40092086791992,11,True,253.02,12866.93
2044,NEE,2018-06-07,2018-06-21,time_exit,4.17,31.799707412719727,33.22110366821289,11,True,253.5,12877.5
2045,DUK,2018-06-07,2018-06-21,time_exit,4.37,52.859107971191406,55.3265380859375,11,True,253.5,12888.57
2046,SO,2018-06-11,2018-06-25,time_exit,8.48,30.91918182373047,33.63290786743164,11,True,254.6,12910.16
2047,MRVL,2018-06-11,2018-06-25,time_exit,-5.87,20.367172241210938,19.23301315307617,11,True,254.6,12895.22
2048,INTC,2018-06-12,2018-06-26,time_exit,-9.69,46.60080337524414,42.22293472290039,11,True,256.47,12870.37
2049,LMT,2018-06-12,2018-06-26,time_exit,-5.4,252.99688720703125,240.08856201171875,11,True,256.47,12856.52
2050,KLAC,2018-06-12,2018-06-26,time_exit,-8.22,10.130988121032717,9.32828426361084,11,True,256.47,12835.44
2051,SLB,2018-06-13,2018-06-27,time_exit,-2.01,54.20098876953125,53.27598190307617,11,True,256.89,12830.27
2052,VLO,2018-06-13,2018-06-27,time_exit,-7.39,85.76821899414062,79.68557739257812,11,True,256.89,12811.29
2053,PSX,2018-06-13,2018-06-27,time_exit,-4.65,84.13333129882812,80.469970703125,11,True,256.89,12799.34
2054,VZ,2018-06-14,2018-06-28,time_exit,6.06,30.32613945007324,32.254024505615234,11,True,257.41,12814.94
2055,PWR,2018-06-14,2018-06-28,time_exit,-7.73,35.22134780883789,32.60329055786133,11,True,257.41,12795.04
2056,T,2018-06-14,2018-06-28,time_exit,-1.31,13.745564460754396,13.60607624053955,11,True,257.41,12791.67
2057,BAC,2018-06-15,2018-06-29,time_exit,-4.02,24.19040870666504,23.28988075256348,11,True,257.65,12781.31
2058,C,2018-06-15,2018-06-29,time_exit,0.57,50.42578506469727,50.866641998291016,11,True,257.65,12782.78
2059,MS,2018-06-15,2018-06-29,time_exit,-7.65,39.96622467041016,37.0289306640625,11,True,257.65,12763.07
2060,PNC,2018-06-15,2018-06-29,time_exit,-6.46,107.67630767822266,101.0423812866211,11,True,257.65,12746.43
2061,BLK,2018-06-15,2018-06-29,time_exit,-5.16,429.1916198730469,408.3424682617188,11,True,257.65,12733.13
2062,SCHW,2018-06-15,2018-06-29,time_exit,-9.2,50.01514053344727,45.56558227539063,11,True,257.65,12709.43
2063,ORCL,2018-06-15,2018-06-29,time_exit,-5.1,40.984954833984375,39.01894760131836,11,True,257.65,12696.29
2064,BA,2018-06-15,2018-06-29,time_exit,-6.55,344.4504089355469,322.9198303222656,11,True,257.65,12679.41
2065,PFE,2018-06-15,2018-06-29,time_exit,-0.52,23.429279327392575,23.377723693847656,11,True,257.65,12678.07
2066,JPM,2018-06-15,2018-06-29,time_exit,-3.73,86.35743713378906,83.3961181640625,11,True,257.65,12668.46
2067,AXP,2018-06-15,2018-06-29,time_exit,-0.83,88.31726837158203,87.85112762451172,11,True,257.65,12666.33
2068,FCX,2018-06-18,2018-07-02,time_exit,1.84,15.172871589660645,15.498004913330078,11,True,257.73,12671.07
2069,MRK,2018-06-18,2018-07-02,time_exit,-1.17,45.54136276245117,45.14562225341797,11,True,257.73,12668.05
2070,PH,2018-06-18,2018-07-02,time_exit,-8.24,150.42605590820312,138.4842529296875,11,True,257.73,12646.82
2071,MSFT,2018-06-18,2018-07-02,time_exit,-1.14,93.01313018798828,92.22921752929688,11,True,257.73,12643.88
2072,XOM,2018-06-18,2018-07-02,time_exit,0.86,56.073360443115234,56.72554397583008,11,True,257.73,12646.09
2073,PLD,2018-06-18,2018-07-02,time_exit,0.25,51.38401412963867,51.66427612304688,11,True,257.73,12646.74
2074,TXN,2018-06-18,2018-07-02,time_exit,-3.93,90.93123626708984,87.63229370117188,11,True,257.73,12636.61
2075,HWM,2018-06-18,2018-07-02,time_exit,-4.72,13.164905548095703,12.58278465270996,11,True,257.73,12624.44
2076,WELL,2018-06-18,2018-07-02,time_exit,8.61,43.92055130004883,47.83486557006836,11,True,257.73,12646.64
2077,USB,2018-06-18,2018-07-02,time_exit,-1.4,36.93854141235352,36.53178405761719,11,True,257.73,12643.03
2078,CB,2018-06-18,2018-07-02,time_exit,-1.76,112.67176818847656,111.02206420898438,11,True,257.73,12638.49
2079,JNJ,2018-06-18,2018-07-02,time_exit,-0.09,96.81730651855467,97.02478790283205,11,True,257.73,12638.26
2080,WDC,2018-06-18,2018-07-02,time_exit,-2.45,55.70344924926758,54.50851440429688,11,True,257.73,12631.94
2081,TMO,2018-06-18,2018-07-02,time_exit,-3.71,208.2807464599609,201.18533325195312,11,True,257.73,12622.38
2082,MPC,2018-06-18,2018-07-02,time_exit,-6.34,58.27104568481445,54.749393463134766,11,True,257.73,12606.04
2083,CAT,2018-06-18,2018-07-02,time_exit,-8.63,125.27781677246094,114.83797454833984,11,True,257.73,12583.8
2084,AAPL,2018-06-18,2018-07-02,time_exit,-1.13,44.431785583496094,44.06452941894531,11,True,257.73,12580.89
2085,BRK-B,2018-06-18,2018-07-02,time_exit,-2.02,191.1100006103516,187.8300018310547,11,True,257.73,12575.68
2086,ABT,2018-06-19,2018-07-03,time_exit,-2.75,53.68808364868164,52.37042236328125,11,True,257.45,12568.6
2087,GS,2018-06-19,2018-07-03,time_exit,-3.78,189.7826995849609,183.182861328125,11,True,257.45,12558.87
2088,NVDA,2018-06-19,2018-07-03,time_exit,-9.27,6.432318687438965,5.855519771575928,11,True,257.45,12535.01
2089,MA,2018-06-19,2018-07-03,time_exit,-2.0,190.6076202392578,187.36224365234372,11,True,257.45,12529.86
2090,GLW,2018-06-19,2018-07-03,time_exit,-3.93,22.965599060058597,22.132099151611328,11,True,257.45,12519.74
2091,MDT,2018-06-19,2018-07-03,time_exit,-1.03,69.34434509277344,68.8399658203125,11,True,257.45,12517.09
2092,ADI,2018-06-19,2018-07-03,time_exit,-5.85,86.36434936523438,81.5739974975586,11,True,257.45,12502.03
2100,GD,2018-06-20,2018-07-05,time_exit,-1.22,158.8556671142578,157.38632202148438,11,True,257.34,12498.89
2105,CME,2018-06-21,2018-07-06,time_exit,-4.93,125.20736694335938,119.40918731689452,11,True,257.77,12486.18
2106,GE,2018-06-21,2018-07-06,time_exit,8.24,58.44020462036133,63.43236923217773,11,True,257.77,12507.42
2114,COF,2018-06-25,2018-07-10,time_exit,1.32,82.02764129638672,83.35595703125,11,True,257.9,12510.82
2115,MCD,2018-06-25,2018-07-10,time_exit,0.21,131.5695037841797,132.23641967773438,11,True,257.9,12511.37
2128,TJX,2018-06-26,2018-07-11,time_exit,-0.1,42.58079147338867,42.66579818725586,11,True,256.71,12511.11
2129,UPS,2018-06-26,2018-07-11,time_exit,-2.34,78.31411743164062,76.7131118774414,11,True,256.71,12505.1
2133,MCK,2018-06-27,2018-07-12,time_exit,-6.3,136.05711364746094,127.89331817626952,11,True,255.99,12488.97
2134,AMGN,2018-06-28,2018-07-13,time_exit,6.56,142.9771728515625,152.77984619140625,11,True,255.83,12505.76
2135,VRTX,2018-06-28,2018-07-13,time_exit,22.0,147.58999633789062,180.5,11,True,255.83,12562.04
2136,MU,2018-06-28,2018-07-13,time_exit,5.74,51.81879425048828,54.948978424072266,11,True,255.83,12576.73
2137,VLO,2018-06-28,2018-07-13,time_exit,-1.92,79.38724517822266,78.09941864013672,11,True,255.83,12571.81
2138,DHR,2018-06-28,2018-07-13,time_exit,0.29,84.15418243408203,84.64910125732422,11,True,255.83,12572.56
2158,BAC,2018-07-02,2018-07-17,time_exit,5.82,23.364234924316406,24.793516159057617,11,True,251.51,12587.19
2159,PNC,2018-07-02,2018-07-17,time_exit,4.51,101.65567016601562,106.54578399658205,11,True,251.51,12598.54
2160,BLK,2018-07-02,2018-07-17,time_exit,0.77,408.7351684570313,413.1210632324219,11,True,251.51,12600.47
2161,MO,2018-07-02,2018-07-17,time_exit,2.35,30.528032302856445,31.33672332763672,11,True,251.51,12606.38
2162,META,2018-07-02,2018-07-17,time_exit,6.1,195.64195251464844,208.16204833984372,11,True,251.51,12621.73
2163,ADP,2018-07-02,2018-07-17,time_exit,1.55,113.2840347290039,115.3840560913086,11,True,251.51,12625.63
2164,WMB,2018-07-02,2018-07-17,time_exit,0.71,17.390064239501953,17.56591796875,11,True,251.51,12627.41
2165,SCHW,2018-07-02,2018-07-17,time_exit,2.78,45.74392318725586,47.15278625488281,11,True,251.51,12634.4
2166,MS,2018-07-02,2018-07-17,time_exit,2.76,37.278900146484375,38.41946792602539,11,True,251.51,12641.34
2167,MPC,2018-07-05,2018-07-19,time_exit,4.38,54.22736358642578,56.76731872558594,11,True,249.98,12652.29
2168,PSX,2018-07-05,2018-07-19,time_exit,0.38,80.06292724609375,80.60807800292969,11,True,249.98,12653.24
2169,JPM,2018-07-06,2018-07-20,time_exit,6.64,83.73664093017578,89.54657745361328,11,True,250.15,12669.85
2170,NEE,2018-07-10,2018-07-24,time_exit,1.35,34.04874420166016,34.61202621459961,11,True,250.23,12673.23
2171,CVX,2018-07-16,2018-07-30,time_exit,3.64,86.29446411132812,89.69766998291016,11,True,251.45,12682.38
2172,NEM,2018-07-17,2018-07-31,time_exit,-1.0,29.38763999938965,29.180795669555664,11,True,252.83,12679.86
2173,DE,2018-07-17,2018-07-31,time_exit,4.62,122.9039077758789,128.9511260986328,11,True,252.83,12691.54
2174,CSX,2018-07-17,2018-07-31,time_exit,9.38,19.259523391723636,21.1245059967041,11,True,252.83,12715.25
2175,EQIX,2018-07-18,2018-08-01,time_exit,2.13,371.2708740234375,380.3102416992188,11,True,252.83,12720.64
2176,MCK,2018-07-18,2018-08-01,time_exit,-7.41,126.35082244873048,117.36875915527344,11,True,252.83,12701.9
2177,PWR,2018-07-18,2018-08-01,time_exit,2.47,32.53464889526367,33.43675994873047,11,True,252.83,12708.15
2178,FCX,2018-07-18,2018-08-01,time_exit,-9.08,15.470181465148926,14.111557960510254,11,True,252.83,12685.19
2179,VLO,2018-07-18,2018-08-01,time_exit,9.2,77.59738159179688,84.9678726196289,11,True,252.83,12708.45
2180,WELL,2018-07-18,2018-08-01,time_exit,1.58,47.61911392211914,48.512943267822266,11,True,252.83,12712.45
2181,XOM,2018-07-18,2018-08-01,time_exit,-2.53,57.044677734375,55.775020599365234,11,True,252.83,12706.05
2182,MO,2018-07-19,2018-08-02,time_exit,3.02,31.11268424987793,32.14541244506836,11,True,253.06,12713.69
2183,UNP,2018-07-19,2018-08-02,time_exit,6.49,117.19784545898438,125.15240478515624,11,True,253.06,12730.12
2184,PM,2018-07-19,2018-08-02,time_exit,6.0,53.70454788208008,57.090126037597656,11,True,253.06,12745.3
2185,ABBV,2018-07-20,2018-08-03,time_exit,8.27,63.42236328125,68.85795593261719,11,True,253.4,12766.26
2186,VZ,2018-07-20,2018-08-03,time_exit,2.96,32.474002838134766,33.53251647949219,11,True,253.4,12773.76
2187,TMUS,2018-07-20,2018-08-03,time_exit,3.58,56.33527755737305,58.52213287353516,11,True,253.4,12782.83
2188,GE,2018-07-23,2018-08-06,time_exit,0.55,59.49358749389648,59.99739837646485,11,True,253.4,12784.22
2189,PLD,2018-07-23,2018-08-06,time_exit,5.95,50.102806091308594,53.23374176025391,11,True,253.4,12799.3
2190,NVDA,2018-07-23,2018-08-06,time_exit,1.55,6.166294097900391,6.280515670776367,11,True,253.4,12803.23
2191,MU,2018-07-23,2018-08-06,time_exit,-3.28,52.94019317626953,51.3604621887207,11,True,253.4,12794.91
2192,BMY,2018-07-23,2018-08-06,time_exit,5.98,41.46048355102539,44.06473159790039,11,True,253.4,12810.07
2193,AMGN,2018-07-23,2018-08-06,time_exit,3.72,148.14759826660156,154.10565185546875,11,True,253.4,12819.49
2194,AMD,2018-07-23,2018-08-06,time_exit,16.33,16.65999984741211,19.43000030517578,11,True,253.4,12860.87
2195,MAR,2018-07-24,2018-08-07,time_exit,-4.6,121.5676498413086,116.34103393554688,11,True,253.46,12849.21
2196,PANW,2018-07-24,2018-08-07,time_exit,1.44,34.793331146240234,35.400001525878906,11,True,253.46,12852.86
2197,ACN,2018-07-24,2018-08-07,time_exit,-2.7,145.0816192626953,141.594482421875,11,True,253.46,12846.02
2198,TSLA,2018-07-24,2018-08-07,time_exit,27.32,19.82866668701172,25.30466651916504,11,True,253.46,12915.27
2199,MMM,2018-07-24,2018-08-07,time_exit,3.63,126.63248443603516,131.6112823486328,11,True,253.46,12924.47
2200,SLB,2018-07-24,2018-08-07,time_exit,1.47,52.2473030090332,53.172306060791016,11,True,253.46,12928.19
2201,CMCSA,2018-07-25,2018-08-08,time_exit,4.58,25.028594970703125,26.249313354492188,11,True,253.46,12939.8
2202,NOW,2018-07-25,2018-08-08,time_exit,0.93,36.77199935913086,37.22600173950195,11,True,253.46,12942.16
2203,TXN,2018-07-25,2018-08-08,time_exit,2.86,90.0011978149414,92.84951782226562,11,True,253.46,12949.41
2204,KLAC,2018-07-25,2018-08-08,time_exit,12.85,9.31490993499756,10.539473533630373,11,True,253.46,12981.98
2205,ADI,2018-07-25,2018-08-08,time_exit,1.71,83.33480072021484,85.00926208496094,11,True,253.46,12986.31
2206,ELV,2018-07-25,2018-08-08,time_exit,4.79,222.4907989501953,233.80699157714844,11,True,253.46,12998.45
2207,VRTX,2018-07-26,2018-08-09,time_exit,-0.77,175.8699951171875,175.0500030517578,11,True,253.46,12996.5
2208,MRSH,2018-07-26,2018-08-09,time_exit,-2.03,75.02172088623047,73.72309112548828,11,True,253.46,12991.36
2209,MCD,2018-07-26,2018-08-09,time_exit,1.72,128.54806518554688,131.149658203125,11,True,253.46,12995.72
2210,INTU,2018-07-27,2018-08-10,time_exit,-0.91,200.279296875,199.0529327392578,11,True,253.46,12993.41
2211,NEE,2018-07-27,2018-08-10,time_exit,2.07,33.9551887512207,34.758426666259766,11,True,253.46,12998.66
2212,ISRG,2018-07-27,2018-08-10,time_exit,0.05,173.07000732421875,173.67333984375,11,True,253.46,12998.78
2213,MNST,2018-07-27,2018-08-10,time_exit,-0.18,30.315000534057617,30.350000381469727,11,True,253.46,12998.33
2214,META,2018-07-27,2018-08-10,time_exit,2.77,173.36753845214844,178.69082641601562,11,True,253.46,13005.35
2215,LOW,2018-07-27,2018-08-10,time_exit,0.02,84.39055633544922,84.6574935913086,11,True,253.46,13005.4
2216,CRM,2018-07-27,2018-08-10,time_exit,0.81,141.462646484375,143.03543090820312,11,True,253.46,13007.45
2217,SBUX,2018-07-27,2018-08-10,time_exit,-0.84,43.47622299194336,43.24163818359375,11,True,253.46,13005.32
2218,MA,2018-07-27,2018-08-10,time_exit,-0.44,193.9536590576172,193.6764373779297,11,True,253.46,13004.21
2219,GILD,2018-07-30,2018-08-13,time_exit,0.81,56.65939712524414,57.29042053222656,11,True,253.65,13006.26
2220,AAPL,2018-07-30,2018-08-13,time_exit,10.07,44.70721435546875,49.34309768676758,11,True,253.65,13031.8
2221,DELL,2018-07-30,2018-08-13,time_exit,1.09,23.635475158691406,23.964353561401367,11,True,253.65,13034.57
2226,STX,2018-07-31,2018-08-14,time_exit,0.86,39.02858352661133,39.48104095458984,11,True,254.31,13036.76
2227,COF,2018-07-31,2018-08-14,time_exit,3.82,81.88872528076172,85.26619720458984,11,True,254.31,13046.47
2228,ANET,2018-07-31,2018-08-14,time_exit,5.85,15.983124732971191,16.966249465942383,11,True,254.31,13061.35
2234,SCHW,2018-08-01,2018-08-15,time_exit,-1.3,45.36941146850586,44.91434860229492,11,True,254.12,13058.04
2235,NEM,2018-08-01,2018-08-15,time_exit,-13.03,28.98986053466797,25.29851531982422,11,True,254.12,13024.93
2236,AXP,2018-08-01,2018-08-15,time_exit,1.77,89.47101593017578,91.3243179321289,11,True,254.12,13029.43
2237,CSCO,2018-08-01,2018-08-15,time_exit,4.48,33.247344970703125,34.83584213256836,11,True,254.12,13040.81
2238,BX,2018-08-01,2018-08-15,time_exit,1.51,25.720312118530277,26.186206817626957,11,True,254.12,13044.65
2239,PEP,2018-08-01,2018-08-15,time_exit,-0.44,88.6851577758789,88.56023406982422,11,True,254.12,13043.53
2240,MRVL,2018-08-02,2018-08-16,time_exit,-6.33,20.615747451782227,19.37325859069824,11,True,254.91,13027.4
2241,CVS,2018-08-02,2018-08-16,time_exit,14.47,49.33147811889648,56.61750793457031,11,True,254.91,13064.28
2242,DHR,2018-08-02,2018-08-16,time_exit,-1.26,86.5690689086914,85.74134063720703,11,True,254.91,13061.07
2243,TJX,2018-08-02,2018-08-16,time_exit,2.22,43.60538101196289,44.70413589477539,11,True,254.91,13066.73
2246,KKR,2018-08-03,2018-08-17,time_exit,-6.05,24.6027889251709,23.187780380249023,11,True,255.66,13051.26
2247,GD,2018-08-03,2018-08-17,time_exit,-0.51,161.8819122314453,161.53994750976562,11,True,255.66,13049.96
2248,BA,2018-08-06,2018-08-20,time_exit,1.4,333.5648193359375,339.2463684082031,11,True,257.22,13053.56
2249,TT,2018-08-09,2018-08-23,time_exit,2.73,66.74078369140625,68.76010131835938,11,True,259.91,13060.66
2250,LMT,2018-08-09,2018-08-23,time_exit,1.06,253.4383544921875,256.8902587890625,11,True,259.91,13063.41
2251,SO,2018-08-09,2018-08-23,time_exit,-2.63,33.784481048583984,32.9959602355957,11,True,259.91,13056.58
2252,TXN,2018-08-10,2018-08-24,time_exit,2.92,87.99760437011719,90.8351821899414,11,True,260.08,13064.17
2253,ADI,2018-08-10,2018-08-24,time_exit,3.74,81.94514465332031,85.25953674316406,11,True,260.08,13073.9
2254,SLB,2018-08-10,2018-08-24,time_exit,-1.5,52.661956787109375,52.03200149536133,11,True,260.08,13070.0
2255,RTX,2018-08-10,2018-08-24,time_exit,0.43,69.46995544433594,69.97749328613281,11,True,260.08,13071.11
2256,CVX,2018-08-10,2018-08-24,time_exit,-2.89,86.54707336425781,84.30937957763672,11,True,260.08,13063.6
2257,KO,2018-08-10,2018-08-24,time_exit,-1.28,36.07078552246094,35.71854019165039,11,True,260.08,13060.27
2258,MCK,2018-08-10,2018-08-24,time_exit,5.0,115.81690216064452,121.9585189819336,11,True,260.08,13073.27
2259,HWM,2018-08-10,2018-08-24,time_exit,6.52,15.57435131072998,16.63709259033203,11,True,260.08,13090.23
2260,ABT,2018-08-10,2018-08-24,time_exit,2.93,55.39141082763672,57.18213653564453,11,True,260.08,13097.85
2261,CAT,2018-08-10,2018-08-24,time_exit,1.38,115.22843170166016,117.16983795166016,11,True,260.08,13101.44
2262,MRSH,2018-08-13,2018-08-27,time_exit,2.54,72.28408813476562,74.3373031616211,11,True,260.69,13108.06
2263,DE,2018-08-13,2018-08-27,time_exit,6.49,121.93316650390624,130.20684814453125,11,True,260.69,13124.98
2264,LRCX,2018-08-13,2018-08-27,time_exit,-1.39,15.99403953552246,15.819868087768556,11,True,260.69,13121.36
2265,REGN,2018-08-13,2018-08-27,time_exit,5.7,363.0242309570313,384.80865478515625,11,True,260.69,13136.22
2266,UPS,2018-08-13,2018-08-27,time_exit,5.31,84.45376586914062,89.19078063964844,11,True,260.69,13150.06
2267,AVGO,2018-08-13,2018-08-27,time_exit,0.6,17.113672256469727,17.26691246032715,11,True,260.69,13151.62
2268,MMM,2018-08-14,2018-08-28,time_exit,4.84,126.53154754638672,133.03973388671875,11,True,261.23,13164.27
2269,BAC,2018-08-14,2018-08-28,time_exit,1.26,25.43793296813965,25.834497451782227,11,True,261.23,13167.56
2270,LOW,2018-08-14,2018-08-28,time_exit,9.73,84.73502349853516,93.23434448242188,11,True,261.23,13192.98
2271,JPM,2018-08-14,2018-08-28,time_exit,1.0,92.25839233398438,93.45738220214844,11,True,261.23,13195.59
2272,PSX,2018-08-14,2018-08-28,time_exit,-0.59,87.90570831298828,87.64812469482422,11,True,261.23,13194.05
2273,ETN,2018-08-14,2018-08-28,time_exit,3.98,68.92207336425781,71.87197875976562,11,True,261.23,13204.44
2274,BKNG,2018-08-15,2018-08-29,time_exit,4.02,72.9891586303711,76.14374542236328,11,True,260.87,13214.93
2275,JNJ,2018-08-15,2018-08-29,time_exit,3.79,104.08737182617188,108.33985900878906,11,True,260.87,13224.82
2276,PNC,2018-08-15,2018-08-29,time_exit,2.47,106.94493103027344,109.904541015625,11,True,260.87,13231.26
2277,KLAC,2018-08-15,2018-08-29,time_exit,3.23,10.121421813964844,10.478704452514648,11,True,260.87,13239.69
2278,MAR,2018-08-15,2018-08-29,time_exit,5.46,112.6010513305664,119.08732604980467,11,True,260.87,13253.93
2279,DIS,2018-08-15,2018-08-29,time_exit,-0.65,107.26215362548828,106.88196563720705,11,True,260.87,13252.23
2280,HD,2018-08-15,2018-08-29,time_exit,4.2,159.27134704589844,166.43377685546875,11,True,260.87,13263.19
2281,PLD,2018-08-15,2018-08-29,time_exit,3.89,51.6562728881836,53.81828689575195,11,True,260.87,13273.34
2282,CB,2018-08-15,2018-08-29,time_exit,2.5,116.16124725341795,119.40938568115234,11,True,260.87,13279.86
2283,LIN,2018-08-15,2018-08-29,time_exit,2.85,137.6093292236328,141.94322204589844,11,True,260.87,13287.3
2284,MCO,2018-08-15,2018-08-29,time_exit,4.01,157.63897705078125,164.43243408203125,11,True,260.87,13297.76
2285,BLK,2018-08-15,2018-08-29,time_exit,2.76,385.2512817382813,397.03424072265625,11,True,260.87,13304.96
2286,GOOG,2018-08-16,2018-08-30,time_exit,2.4,59.79728698730469,61.41452407836914,11,True,261.33,13311.23
2287,PWR,2018-08-16,2018-08-30,time_exit,3.53,32.53464889526367,33.77994918823242,11,True,261.33,13320.45
2288,NEM,2018-08-16,2018-08-30,time_exit,-2.04,25.13940048217773,24.701847076416016,11,True,261.33,13315.12
2289,INTC,2018-08-17,2018-08-31,time_exit,2.52,40.28175354003906,41.419227600097656,11,True,261.0,13321.7
2290,MU,2018-08-17,2018-08-31,time_exit,11.18,45.9387092590332,51.214202880859375,11,True,261.0,13350.88
2291,MPC,2018-08-17,2018-08-31,time_exit,6.42,60.42561340332031,64.48479461669922,11,True,261.0,13367.64
2292,TSLA,2018-08-20,2018-09-04,time_exit,-6.62,20.562667846679688,19.26333236694336,11,True,261.07,13350.35
2293,MSFT,2018-08-20,2018-09-04,time_exit,4.23,98.9347915649414,103.41543579101562,11,True,261.07,13361.4
2294,NFLX,2018-08-20,2018-09-04,time_exit,10.64,32.77299880981445,36.36000061035156,11,True,261.07,13389.17
2295,MRVL,2018-08-20,2018-09-04,time_exit,4.03,18.962282180786133,19.78423500061035,11,True,261.07,13399.7
2296,GILD,2018-08-20,2018-09-04,time_exit,2.37,53.71952438354492,55.15234375,11,True,261.07,13405.88
2297,META,2018-08-20,2018-09-04,time_exit,-1.08,170.99835205078125,169.6700439453125,11,True,261.07,13403.06
2298,NVDA,2018-08-20,2018-09-04,time_exit,14.23,6.127478122711182,7.017900466918945,11,True,261.07,13440.21
2301,MO,2018-08-24,2018-09-10,time_exit,2.76,32.11809539794922,33.10163116455078,11,True,262.03,13447.45
2302,EQIX,2018-08-24,2018-09-10,time_exit,0.63,369.3215637207031,372.7569580078125,11,True,262.03,13449.1
2303,NEE,2018-08-27,2018-09-11,time_exit,0.76,34.8661994934082,35.23582458496094,11,True,263.03,13451.1
2304,KO,2018-08-27,2018-09-11,time_exit,0.42,35.7655029296875,36.02383041381836,11,True,263.03,13452.2
2305,PM,2018-08-28,2018-09-12,time_exit,0.39,52.775169372558594,53.14027786254883,11,True,264.09,13453.23
2306,WDC,2018-08-30,2018-09-14,time_exit,-10.29,44.19911575317383,39.7847900390625,11,True,266.3,13425.83
2307,PNC,2018-08-31,2018-09-17,time_exit,-3.0,108.0971221923828,105.17516326904295,11,True,267.35,13417.81
2308,MRK,2018-08-31,2018-09-17,time_exit,3.07,51.21628952026367,52.9415397644043,11,True,267.35,13426.01
2309,JCI,2018-08-31,2018-09-17,time_exit,-1.68,31.84704971313477,31.40860748291016,11,True,267.35,13421.52
2310,PFE,2018-08-31,2018-09-17,time_exit,3.29,26.982032775878903,27.950319290161133,11,True,267.35,13430.32
2311,GD,2018-08-31,2018-09-17,time_exit,4.37,161.30642700195312,168.8379364013672,11,True,267.35,13442.0
2312,COF,2018-08-31,2018-09-17,time_exit,-2.31,86.390869140625,84.65589904785156,11,True,267.35,13435.83
2313,WMB,2018-08-31,2018-09-17,time_exit,-3.75,19.272361755371094,18.60776901245117,11,True,267.35,13425.8
2314,PG,2018-08-31,2018-09-17,time_exit,1.27,67.36949920654297,68.4253158569336,11,True,267.35,13429.2
2315,NEM,2018-08-31,2018-09-17,time_exit,-1.09,24.685932159423828,24.49138641357422,11,True,267.35,13426.28
2316,JPM,2018-08-31,2018-09-17,time_exit,-0.95,92.20207214355467,91.60660552978516,11,True,267.35,13423.74
2317,WFC,2018-08-31,2018-09-17,time_exit,-7.43,47.01043701171875,43.658294677734375,11,True,267.35,13403.88
2318,SYK,2018-08-31,2018-09-17,time_exit,-0.03,155.51458740234375,155.9276123046875,11,True,267.35,13403.8
2319,T,2018-08-31,2018-09-17,time_exit,4.96,13.779541969299316,14.50432586669922,11,True,267.35,13417.06
2320,BA,2018-08-31,2018-09-17,time_exit,3.54,331.556884765625,344.2953186035156,11,True,267.35,13426.52
2321,AMAT,2018-09-04,2018-09-18,time_exit,-8.35,39.18607711791992,36.03245162963867,11,True,268.8,13404.08
2322,AMGN,2018-09-04,2018-09-18,time_exit,2.55,154.46356201171875,158.86827087402344,11,True,268.8,13410.93
2323,GOOGL,2018-09-04,2018-09-18,time_exit,-3.95,60.03317260742188,57.84259414672852,11,True,268.8,13400.31
2324,ORCL,2018-09-04,2018-09-18,time_exit,0.63,43.190547943115234,43.59062194824219,11,True,268.8,13402.01
2325,RTX,2018-09-04,2018-09-18,time_exit,5.52,69.21136474609375,73.24127197265625,11,True,268.8,13416.85
2326,GOOG,2018-09-04,2018-09-18,time_exit,-3.29,59.326927185058594,57.55356979370117,11,True,268.8,13408.0
2327,BX,2018-09-05,2018-09-19,time_exit,2.55,26.962690353393555,27.73179244995117,11,True,268.8,13414.86
2328,STX,2018-09-05,2018-09-19,time_exit,-1.6,36.618045806884766,36.14363861083984,11,True,268.8,13410.56
2329,CVX,2018-09-05,2018-09-19,time_exit,0.2,84.24559783935547,84.66355895996094,11,True,268.8,13411.09
2330,GE,2018-09-05,2018-09-19,time_exit,3.06,57.524208068847656,59.4595832824707,11,True,268.8,13419.32
2331,CVS,2018-09-05,2018-09-19,time_exit,5.13,57.92465591430664,61.07266998291016,11,True,268.8,13433.11
2332,CSX,2018-09-05,2018-09-19,time_exit,-0.72,22.271923065185547,22.17900276184082,11,True,268.8,13431.17
2333,LLY,2018-09-06,2018-09-20,time_exit,0.36,94.92516326904295,95.55574035644533,11,True,268.8,13432.14
2334,GILD,2018-09-06,2018-09-20,time_exit,3.17,54.10557174682617,55.984642028808594,11,True,268.8,13440.66
2335,SLB,2018-09-06,2018-09-20,time_exit,1.96,48.39609909057617,49.489253997802734,11,True,268.8,13445.93
2336,DIS,2018-09-06,2018-09-20,time_exit,0.93,104.80040740966795,106.0930633544922,11,True,268.8,13448.43
2337,GS,2018-09-06,2018-09-20,time_exit,0.93,195.58184814453125,197.98361206054688,11,True,268.8,13450.93
2338,BKNG,2018-09-06,2018-09-20,time_exit,1.7,74.79127502441406,76.28907012939453,11,True,268.8,13455.5
2339,ANET,2018-09-07,2018-09-21,time_exit,0.54,16.690624237060547,16.830625534057617,11,True,268.8,13456.95
2340,MNST,2018-09-07,2018-09-21,time_exit,-1.11,30.170000076293945,29.924999237060547,11,True,268.8,13453.97
2341,PWR,2018-09-07,2018-09-21,time_exit,1.35,33.2602424621582,33.80936050415039,11,True,268.8,13457.6
2342,ABBV,2018-09-07,2018-09-21,time_exit,-2.33,67.17447662353516,65.8120346069336,11,True,268.8,13451.33
2343,ELV,2018-09-10,2018-09-24,time_exit,3.75,236.3008575439453,245.87567138671875,11,True,268.98,13461.42
2344,TXN,2018-09-10,2018-09-24,time_exit,1.07,86.5827865600586,87.76581573486328,11,True,268.98,13464.3
2345,ADI,2018-09-10,2018-09-24,time_exit,0.13,82.03617095947266,82.3917465209961,11,True,268.98,13464.65
2346,LRCX,2018-09-10,2018-09-24,time_exit,-2.59,14.316078186035156,13.988821029663086,11,True,268.98,13457.68
2347,KLAC,2018-09-10,2018-09-24,time_exit,-1.54,9.487658500671388,9.370059967041016,11,True,268.98,13453.54
2348,UNH,2018-09-11,2018-09-25,time_exit,0.65,228.9390106201172,231.1053009033203,11,True,269.04,13455.29
2349,BNY,2018-09-11,2018-09-25,time_exit,-0.17,41.94723892211914,42.003448486328125,11,True,269.04,13454.83
2350,PGR,2018-09-11,2018-09-25,time_exit,4.42,53.57828903198242,56.10786819458008,11,True,269.04,13466.72
2351,MS,2018-09-11,2018-09-25,time_exit,0.58,37.60929107666016,37.9393310546875,11,True,269.04,13468.28
2352,LIN,2018-09-11,2018-09-25,time_exit,3.51,139.78961181640625,145.1113739013672,11,True,269.04,13477.73
2353,INTC,2018-09-12,2018-09-26,time_exit,1.41,38.425880432128906,39.084415435791016,11,True,269.06,13481.52
2354,REGN,2018-09-12,2018-09-26,time_exit,0.38,385.24456787109375,387.8697509765625,11,True,269.06,13482.54
2355,CMCSA,2018-09-12,2018-09-26,time_exit,-2.3,27.02818489074707,26.488964080810547,11,True,269.06,13476.35
2362,SO,2018-09-14,2018-09-28,time_exit,-0.98,32.089561462402344,31.870269775390625,11,True,268.52,13473.72
2365,META,2018-09-17,2018-10-01,time_exit,0.86,159.18214416503906,161.02593994140625,11,True,268.53,13476.03
2366,COF,2018-09-18,2018-10-02,time_exit,-1.85,84.59485626220703,83.28710174560547,11,True,268.16,13471.07
2367,VRTX,2018-09-18,2018-10-02,time_exit,8.06,177.1199951171875,191.92999267578125,11,True,268.16,13492.68
2368,AAPL,2018-09-19,2018-10-03,time_exit,5.97,51.58734893798828,54.82381439208984,11,True,268.62,13508.72
2369,DELL,2018-09-19,2018-10-03,time_exit,0.9,24.336559295654297,24.629743576049805,11,True,268.62,13511.14
2370,FTNT,2018-09-20,2018-10-04,time_exit,3.88,17.142000198364258,17.857999801635742,11,True,269.11,13521.58
2371,MPC,2018-09-20,2018-10-04,time_exit,3.78,64.20267486572266,66.81999969482422,11,True,269.11,13531.75
2372,VZ,2018-09-20,2018-10-04,time_exit,1.68,34.61029052734375,35.296714782714844,11,True,269.11,13536.27
2373,VLO,2018-09-20,2018-10-04,time_exit,5.8,80.9453125,85.88347625732422,11,True,269.11,13551.88
2374,NEE,2018-09-20,2018-10-04,time_exit,-0.31,34.64635467529297,34.64225387573242,11,True,269.11,13551.05
2375,WELL,2018-09-20,2018-10-04,time_exit,-5.42,51.21680450439453,48.5923080444336,11,True,269.11,13536.46
2376,DUK,2018-09-20,2018-10-04,time_exit,-1.14,58.66038513183594,58.16560363769531,11,True,269.11,13533.39
2377,CSX,2018-09-21,2018-10-05,time_exit,0.46,22.17900276184082,22.34686088562012,11,True,269.03,13534.63
2378,WMB,2018-09-21,2018-10-05,time_exit,-1.23,18.37055969238281,18.19923973083496,11,True,269.03,13531.32
2379,GOOGL,2018-09-24,2018-10-08,time_exit,-2.3,58.45962905883789,57.28801345825195,11,True,269.07,13525.13
2380,PANW,2018-09-24,2018-10-08,time_exit,-8.23,38.44333267211914,35.39666748046875,11,True,269.07,13502.99
2381,GOOG,2018-09-24,2018-10-08,time_exit,-2.38,58.15575408935547,56.9464225769043,11,True,269.07,13496.59
2382,MNST,2018-09-24,2018-10-08,time_exit,-3.4,29.149999618530277,28.2450008392334,11,True,269.07,13487.44
2383,ADBE,2018-09-24,2018-10-08,time_exit,-3.86,264.0899963378906,254.69000244140625,11,True,269.07,13477.05
2384,AMZN,2018-09-24,2018-10-08,time_exit,-3.92,96.71800231933594,93.22100067138672,11,True,269.07,13466.5
2385,MCO,2018-09-24,2018-10-08,time_exit,-8.22,163.71435546875,150.75146484375,11,True,269.07,13444.39
2386,EQIX,2018-09-24,2018-10-08,time_exit,-3.32,370.9963073730469,359.8055725097656,11,True,269.07,13435.45
2387,APH,2018-09-25,2018-10-09,time_exit,-4.4,21.866565704345703,20.969114303588867,11,True,269.55,13423.59
2388,PEP,2018-09-25,2018-10-09,time_exit,-3.74,88.12793731689453,85.09771728515625,11,True,269.55,13413.51
2389,ICE,2018-09-25,2018-10-09,time_exit,-0.73,69.11798858642578,68.81934356689453,11,True,269.55,13411.54
2390,WM,2018-09-25,2018-10-09,time_exit,0.68,79.40476989746094,80.18667602539062,11,True,269.55,13413.38
2391,GE,2018-09-26,2018-10-10,time_exit,16.29,52.66289138793945,61.40150451660156,11,True,269.53,13457.28
2392,CB,2018-09-26,2018-10-10,time_exit,-1.32,117.75530242919922,116.5583724975586,11,True,269.53,13453.72
2393,KO,2018-09-26,2018-10-10,time_exit,-0.67,36.19604110717773,36.06184005737305,11,True,269.53,13451.92
2394,HWM,2018-09-26,2018-10-10,time_exit,0.67,16.12068748474121,16.27785301208496,11,True,269.53,13453.72
2395,JCI,2018-09-26,2018-10-10,time_exit,-4.42,30.29557991027832,29.04741477966309,11,True,269.53,13441.81
2396,BAC,2018-09-26,2018-10-10,time_exit,-3.25,25.012985229492188,24.27413558959961,11,True,269.53,13433.05
2397,STX,2018-09-26,2018-10-10,time_exit,-7.54,35.37702178955078,32.81412124633789,11,True,269.53,13412.73
2398,QCOM,2018-09-27,2018-10-11,time_exit,-10.65,59.29185485839844,53.15678024291992,11,True,269.53,13384.02
2399,MO,2018-09-27,2018-10-11,time_exit,0.28,33.62959671020508,33.82329559326172,11,True,269.53,13384.78
2400,HD,2018-09-27,2018-10-11,time_exit,-8.57,170.69200134277344,156.58047485351562,11,True,269.53,13361.68
2401,NEM,2018-09-27,2018-10-11,time_exit,8.84,23.963836669921875,26.153987884521484,11,True,269.53,13385.51
2402,AMAT,2018-09-27,2018-10-11,time_exit,-14.8,35.260128021240234,30.148094177246094,11,True,269.53,13345.62
2403,SLB,2018-09-27,2018-10-11,time_exit,-3.65,49.16773986816406,47.51996994018555,11,True,269.53,13335.78
2404,JNJ,2018-09-27,2018-10-11,time_exit,-3.47,111.0391616821289,107.52047729492188,11,True,269.53,13326.43
2405,AXP,2018-09-27,2018-10-11,time_exit,-5.77,97.02815246582033,91.71713256835938,11,True,269.53,13310.87
2406,KKR,2018-09-28,2018-10-12,time_exit,-10.49,24.89491271972656,22.35704040527344,11,True,269.47,13282.61
2407,WMT,2018-09-28,2018-10-12,time_exit,0.66,27.8651065826416,28.13215446472168,11,True,269.47,13284.39
2408,KLAC,2018-09-28,2018-10-12,time_exit,-8.68,9.130376815795898,8.365549087524414,11,True,269.47,13261.0
2409,PWR,2018-09-28,2018-10-12,time_exit,-6.41,32.73075866699219,30.730432510375977,11,True,269.47,13243.72
2410,BNY,2018-09-28,2018-10-12,time_exit,-4.01,40.94352722167969,39.4259033203125,11,True,269.47,13232.92
2411,AMD,2018-09-28,2018-10-12,time_exit,-15.03,30.88999938964844,26.34000015258789,11,True,269.47,13192.41
2412,PG,2018-09-28,2018-10-12,time_exit,-5.31,67.59690856933594,64.21016693115234,11,True,269.47,13178.1
2413,VRT,2018-10-01,2018-10-15,time_exit,-0.51,9.698421478271484,9.6785249710083,11,True,269.52,13176.73
2414,PNC,2018-10-01,2018-10-15,time_exit,-7.94,102.41138458251952,94.58688354492188,11,True,269.52,13155.33
2415,MS,2018-10-02,2018-10-16,time_exit,-1.78,36.64273452758789,36.10052490234375,11,True,269.85,13150.53
2416,META,2018-10-02,2018-10-16,time_exit,-0.65,157.9430389404297,157.3977813720703,11,True,269.85,13148.77
2417,SCHW,2018-10-02,2018-10-16,time_exit,-3.55,44.56569290161133,43.11742401123047,11,True,269.85,13139.19
2419,SO,2018-10-03,2018-10-17,time_exit,3.25,31.278186798095703,32.389259338378906,11,True,270.22,13147.98
2420,MDT,2018-10-04,2018-10-18,time_exit,-1.39,78.10128021240234,77.24765014648438,11,True,270.67,13144.21
2421,TMUS,2018-10-04,2018-10-18,time_exit,-0.56,65.55809783935547,65.38695526123047,11,True,270.67,13142.7
2422,MU,2018-10-04,2018-10-18,time_exit,-6.78,43.06206130981445,40.273170471191406,11,True,270.67,13124.35
2423,BX,2018-10-04,2018-10-18,time_exit,-6.64,27.872299194335938,26.1048526763916,11,True,270.67,13106.37
2424,FCX,2018-10-04,2018-10-18,time_exit,-10.89,12.34535026550293,11.037498474121094,11,True,270.67,13076.9
2425,AMGN,2018-10-04,2018-10-18,time_exit,-0.67,159.7555389404297,159.1666717529297,11,True,270.67,13075.08
2426,ISRG,2018-10-04,2018-10-18,time_exit,-6.1,184.81333923339844,174.09666442871094,11,True,270.67,13058.57
2427,GLW,2018-10-04,2018-10-18,time_exit,-12.99,29.043689727783203,25.358318328857425,11,True,270.67,13023.41
2430,LRCX,2018-10-05,2018-10-19,time_exit,-2.13,13.370469093322754,13.126386642456056,11,True,270.63,13017.65
2431,RTX,2018-10-05,2018-10-19,time_exit,-7.76,72.96841430664062,67.52175903320312,11,True,270.63,12996.65
2444,XOM,2018-10-08,2018-10-22,time_exit,-6.08,60.37382125854492,56.883033752441406,11,True,268.71,12980.31
2445,BKNG,2018-10-08,2018-10-22,time_exit,-4.17,74.45442962646484,71.57127380371094,11,True,268.71,12969.11
2446,MRVL,2018-10-08,2018-10-22,time_exit,-2.21,17.5928897857666,17.2573299407959,11,True,268.71,12963.17
2447,PH,2018-10-08,2018-10-22,time_exit,-13.54,161.71804809570312,140.3125,11,True,268.71,12926.78
2448,ACN,2018-10-08,2018-10-22,time_exit,-5.53,149.23634338378906,141.42605590820312,11,True,268.71,12911.93
2449,NFLX,2018-10-08,2018-10-22,time_exit,-5.9,34.90999984741211,32.95399856567383,11,True,268.71,12896.07
2450,GS,2018-10-08,2018-10-22,time_exit,-1.96,187.93429565429688,184.80691528320312,11,True,268.71,12890.8
2454,MCO,2018-10-09,2018-10-23,time_exit,-3.03,150.75146484375,146.62948608398438,11,True,268.27,12882.68
2455,EQIX,2018-10-09,2018-10-23,time_exit,-1.54,357.7872009277344,353.33837890625,11,True,268.27,12878.54
2456,PANW,2018-10-11,2018-10-25,time_exit,-6.48,33.86166763305664,31.770000457763672,11,True,266.22,12861.29
2457,ADBE,2018-10-11,2018-10-25,time_exit,5.71,238.58999633789065,252.9199981689453,11,True,266.22,12876.49
2458,CAT,2018-10-12,2018-10-26,time_exit,-18.8,120.44223022460938,98.15714263916016,11,True,263.56,12826.95
2459,BAC,2018-10-12,2018-10-26,time_exit,-7.57,23.62660217285156,21.90815544128418,11,True,263.56,12806.99
2460,PSX,2018-10-12,2018-10-26,time_exit,-9.44,80.11663818359375,72.7900161743164,11,True,263.56,12782.11
2461,KO,2018-10-12,2018-10-26,time_exit,2.48,35.27238464355469,36.25129699707031,11,True,263.56,12788.65
2462,JNJ,2018-10-12,2018-10-26,time_exit,2.02,107.54454040527344,110.03496551513672,11,True,263.56,12793.97
2463,SLB,2018-10-12,2018-10-26,time_exit,-11.14,47.68877029418945,42.52040863037109,11,True,263.56,12764.61
2464,QCOM,2018-10-12,2018-10-26,time_exit,-3.12,53.15678024291992,51.66021728515625,11,True,263.56,12756.39
2465,BA,2018-10-12,2018-10-26,time_exit,-0.53,348.3092956542969,347.4968566894531,11,True,263.56,12754.99
2466,MNST,2018-10-12,2018-10-26,time_exit,-4.5,26.645000457763672,25.524999618530277,11,True,263.56,12743.13
2467,MRSH,2018-10-12,2018-10-26,time_exit,2.68,70.17694091796875,72.26689910888672,11,True,263.56,12750.2
2468,PEP,2018-10-12,2018-10-26,time_exit,4.61,82.86245727539062,86.93156433105469,11,True,263.56,12762.35
2469,WELL,2018-10-12,2018-10-26,time_exit,5.46,48.11583709716797,50.88874435424805,11,True,263.56,12776.74
2470,CVX,2018-10-12,2018-10-26,time_exit,-5.6,83.43090057373047,79.0103759765625,11,True,263.56,12761.98
2471,MMM,2018-10-12,2018-10-26,time_exit,-7.0,125.92495727539062,117.48887634277344,11,True,263.56,12743.53
2472,WFC,2018-10-12,2018-10-26,time_exit,-1.95,41.8897705078125,41.19843292236328,11,True,263.56,12738.39
2473,MO,2018-10-12,2018-10-26,time_exit,4.74,33.236690521240234,34.913455963134766,11,True,263.56,12750.88
2474,BMY,2018-10-12,2018-10-26,time_exit,-12.61,42.94404983520508,37.6572494506836,11,True,263.56,12717.65
2475,LMT,2018-10-12,2018-10-26,time_exit,-7.19,264.64373779296875,246.4122009277344,11,True,263.56,12698.7
2476,PGR,2018-10-12,2018-10-26,time_exit,1.57,52.68780899047852,53.67285537719727,11,True,263.56,12702.83
2477,MCK,2018-10-12,2018-10-26,time_exit,-9.78,123.38215637207033,111.68445587158205,11,True,263.56,12677.06
2478,CB,2018-10-12,2018-10-26,time_exit,-2.53,111.11067199707033,108.63763427734376,11,True,263.56,12670.39
2479,WM,2018-10-12,2018-10-26,time_exit,-4.39,77.79698181152344,74.61654663085938,11,True,263.56,12658.82
2480,PLD,2018-10-16,2018-10-30,time_exit,2.46,51.50153732299805,52.92093276977539,11,True,262.78,12665.28
2481,KLAC,2018-10-16,2018-10-30,time_exit,-1.76,8.344898223876953,8.222816467285156,11,True,262.78,12660.66
2482,SCHW,2018-10-17,2018-10-31,time_exit,-4.05,42.94757080078125,41.33836364746094,11,True,262.96,12650.01
2483,VLO,2018-10-17,2018-10-31,time_exit,-12.49,76.0071029663086,66.73882293701172,11,True,262.96,12617.16
2484,BNY,2018-10-17,2018-10-31,time_exit,-3.41,39.4660530090332,38.24013900756836,11,True,262.96,12608.2
2485,COP,2018-10-18,2018-11-01,time_exit,-4.45,55.78519058227539,53.47202301025391,11,True,260.47,12596.61
2486,CSX,2018-10-18,2018-11-01,time_exit,1.07,20.57829475402832,20.860069274902344,11,True,260.47,12599.39
2487,LOW,2018-10-19,2018-11-02,time_exit,-2.6,85.759765625,83.78317260742188,11,True,259.93,12592.64
2488,ABT,2018-10-19,2018-11-02,time_exit,3.55,58.71152114868164,60.969993591308594,11,True,259.93,12601.86
2489,DE,2018-10-19,2018-11-02,time_exit,-3.17,130.53997802734375,126.79131317138672,11,True,259.93,12593.62
2490,C,2018-10-19,2018-11-02,time_exit,-3.91,52.671180725097656,50.769412994384766,11,True,259.93,12583.46
2491,TJX,2018-10-19,2018-11-02,time_exit,1.78,48.17609024047852,49.17770385742188,11,True,259.93,12588.09
2492,HD,2018-10-19,2018-11-02,time_exit,-0.26,148.41888427734375,148.48489379882812,11,True,259.93,12587.41
2493,GLW,2018-10-22,2018-11-05,time_exit,6.93,25.081710815429688,26.895923614501957,11,True,257.82,12605.28
2494,HWM,2018-10-22,2018-11-05,time_exit,-3.23,16.053333282470703,15.582921981811523,11,True,257.82,12596.95
2495,SYK,2018-10-22,2018-11-05,time_exit,-1.15,154.39463806152344,153.07850646972656,11,True,257.82,12593.99
2496,FCX,2018-10-22,2018-11-05,time_exit,1.53,10.910211563110352,11.110235214233398,11,True,257.82,12597.93
2497,TMO,2018-10-22,2018-11-05,time_exit,4.46,221.10858154296875,231.63656616210935,11,True,257.82,12609.43
2498,MPC,2018-10-22,2018-11-05,time_exit,-6.2,58.09038162231445,54.66593170166016,11,True,257.82,12593.44
2499,BX,2018-10-22,2018-11-05,time_exit,0.15,25.402318954467773,25.51657485961914,11,True,257.82,12593.83
2500,HCA,2018-10-22,2018-11-05,time_exit,1.97,123.77208709716795,126.57743072509766,11,True,257.82,12598.91
2501,NVDA,2018-10-22,2018-11-05,time_exit,-8.71,5.719699859619141,5.238563537597656,11,True,257.82,12576.45
2502,GD,2018-10-22,2018-11-05,time_exit,-6.7,159.3075714111328,149.1110076904297,11,True,257.82,12559.18
2504,STX,2018-10-23,2018-11-06,time_exit,4.19,32.67131805419922,34.136905670166016,11,True,257.57,12569.97
2505,MRVL,2018-10-23,2018-11-06,time_exit,-4.18,16.816308975219727,16.16436767578125,11,True,257.57,12559.21
2523,GILD,2018-10-25,2018-11-08,time_exit,4.45,51.33857345581055,53.77758407592773,11,True,257.53,12570.67
2524,AMGN,2018-10-25,2018-11-08,time_exit,3.91,147.6876983642578,153.90615844726562,11,True,257.53,12580.74
2535,GOOGL,2018-10-26,2018-11-09,time_exit,-0.92,53.71123123168945,53.377689361572266,11,True,253.18,12578.41
2536,ACN,2018-10-26,2018-11-09,time_exit,6.63,136.90538024902344,146.38995361328125,11,True,253.18,12595.19
2537,REGN,2018-10-26,2018-11-09,time_exit,5.91,332.6805725097656,353.3257751464844,11,True,253.18,12610.15
2538,ANET,2018-10-26,2018-11-09,time_exit,11.04,13.720624923706056,15.276874542236328,11,True,253.18,12638.11
2539,GOOG,2018-10-26,2018-11-09,time_exit,-0.8,53.10528945922852,52.841609954833984,11,True,253.18,12636.08
2540,COF,2018-10-26,2018-11-09,time_exit,5.59,74.76048278808594,79.16429138183594,11,True,253.18,12650.23
2541,JPM,2018-10-26,2018-11-09,time_exit,7.31,83.804443359375,90.18175506591795,11,True,253.18,12668.74
2542,INTU,2018-10-26,2018-11-09,time_exit,9.67,190.9853973388672,210.0347442626953,11,True,253.18,12693.22
2543,CRM,2018-10-26,2018-11-09,time_exit,0.73,133.21530151367188,134.5915069580078,11,True,253.18,12695.07
2544,AAPL,2018-10-26,2018-11-09,time_exit,-5.44,51.09833908081055,48.47218704223633,11,True,253.18,12681.3
2545,CSCO,2018-10-26,2018-11-09,time_exit,6.16,35.38321685791016,37.67013549804688,11,True,253.18,12696.89
2546,ICE,2018-10-29,2018-11-12,time_exit,6.6,65.95035552978516,70.50273895263672,11,True,253.18,12713.6
2547,ORCL,2018-10-29,2018-11-12,time_exit,4.38,41.971927642822266,43.93573760986328,11,True,253.18,12724.69
2548,MNST,2018-10-29,2018-11-12,time_exit,6.38,25.65999984741211,27.375,11,True,253.18,12740.84
2549,CAT,2018-10-29,2018-11-12,time_exit,9.37,97.24427795410156,106.64620208740234,11,True,253.18,12764.57
2550,V,2018-10-29,2018-11-12,time_exit,3.71,126.94122314453124,132.03477478027344,11,True,253.18,12773.96
2551,ADBE,2018-10-29,2018-11-12,time_exit,-1.58,239.75,236.6699981689453,11,True,253.18,12769.96
2552,XOM,2018-10-29,2018-11-12,time_exit,4.36,54.00909805297852,56.5250244140625,11,True,253.18,12781.0
2553,WMB,2018-10-29,2018-11-12,time_exit,3.03,15.833736419677734,16.360870361328125,11,True,253.18,12788.67
2554,DHR,2018-10-29,2018-11-12,time_exit,4.55,82.76541137695312,86.78190612792969,11,True,253.18,12800.19
2555,FTNT,2018-10-29,2018-11-12,time_exit,-5.2,15.508000373840332,14.748000144958496,11,True,253.18,12787.02
2556,ETN,2018-10-29,2018-11-12,time_exit,1.78,61.0872802734375,62.360111236572266,11,True,253.18,12791.53
2557,AMZN,2018-10-30,2018-11-13,time_exit,6.28,76.52100372314453,81.55850219726562,11,True,253.21,12807.43
2558,PANW,2018-10-30,2018-11-13,time_exit,-0.78,29.61000061035156,29.46666717529297,11,True,253.21,12805.46
2564,GE,2018-10-31,2018-11-14,time_exit,-17.92,46.698429107666016,38.46841049194336,11,True,252.16,12760.27
2565,IBM,2018-10-31,2018-11-14,time_exit,5.16,78.72184753417969,83.01897430419922,11,True,252.16,12773.28
2566,ABBV,2018-11-01,2018-11-15,time_exit,12.08,57.82843399047852,64.98760986328125,11,True,251.99,12803.72
2567,SLB,2018-11-02,2018-11-16,time_exit,-6.49,41.31473159790039,38.75868225097656,11,True,251.75,12787.38
2568,PM,2018-11-02,2018-11-16,time_exit,-3.03,59.75033187866211,58.12106323242188,11,True,251.75,12779.75
2569,DUK,2018-11-02,2018-11-16,time_exit,5.79,60.093780517578125,63.75434112548828,11,True,251.75,12794.33
2570,LIN,2018-11-02,2018-11-16,time_exit,-1.4,142.2458038330078,140.67953491210938,11,True,251.75,12790.81
2571,COP,2018-11-09,2018-11-26,time_exit,-3.34,51.28180694580078,49.72174835205078,11,True,253.94,12782.32
2572,MPC,2018-11-09,2018-11-26,time_exit,-4.07,52.64417266845703,50.660789489746094,11,True,253.94,12771.99
2573,VRT,2018-11-09,2018-11-26,time_exit,-1.21,9.78794288635254,9.698421478271484,11,True,253.94,12768.92
2574,MS,2018-11-13,2018-11-28,time_exit,1.11,35.351688385009766,35.85016250610352,11,True,256.11,12771.76
2575,PSX,2018-11-14,2018-11-29,time_exit,-2.54,69.97212982177734,68.40357208251953,11,True,255.47,12765.27
2576,GS,2018-11-14,2018-11-29,time_exit,-3.68,168.86985778808594,163.15643310546875,11,True,255.47,12755.87
2577,ADBE,2018-11-14,2018-11-29,time_exit,5.6,235.22000122070312,249.08999633789065,11,True,255.47,12770.18
2578,CRM,2018-11-14,2018-11-29,time_exit,7.72,127.15023803710938,137.34390258789062,11,True,255.47,12789.9
2579,BAC,2018-11-14,2018-11-29,time_exit,2.75,22.58889389038086,23.27793312072754,11,True,255.47,12796.92
2580,SPGI,2018-11-14,2018-11-29,time_exit,0.69,158.0569305419922,159.62777709960938,11,True,255.47,12798.69
2581,MSFT,2018-11-14,2018-11-29,time_exit,4.67,97.5956802368164,102.44895935058594,11,True,255.47,12810.62
2582,T,2018-11-14,2018-11-29,time_exit,-0.1,13.423126220703123,13.4495210647583,11,True,255.47,12810.36
2583,XOM,2018-11-15,2018-11-30,time_exit,1.38,55.36379623413086,56.2913818359375,11,True,256.07,12813.89
2584,ISRG,2018-11-15,2018-11-30,time_exit,3.05,171.2133331298828,176.9566650390625,11,True,256.07,12821.7
2585,SYK,2018-11-15,2018-11-30,time_exit,3.69,155.27809143066406,161.48114013671875,11,True,256.07,12831.15
2586,APH,2018-11-15,2018-11-30,time_exit,-0.12,20.40878677368164,20.44599151611328,11,True,256.07,12830.85
2587,PGR,2018-11-15,2018-11-30,time_exit,-0.32,52.24652099609375,52.2386474609375,11,True,256.07,12830.03
2588,ABT,2018-11-15,2018-11-30,time_exit,4.39,61.43906021118164,64.3229751586914,11,True,256.07,12841.27
2589,VRTX,2018-11-15,2018-11-30,time_exit,8.17,166.6699981689453,180.7899932861328,11,True,256.07,12862.19
2590,VLO,2018-11-15,2018-11-30,time_exit,-3.42,61.009376525878906,59.10350036621094,11,True,256.07,12853.43
2591,REGN,2018-11-15,2018-11-30,time_exit,6.72,338.4560241699219,362.2317199707031,11,True,256.07,12870.64
2592,DHR,2018-11-15,2018-11-30,time_exit,7.46,86.86735534667969,93.60995483398438,11,True,256.07,12889.74
2593,MDT,2018-11-15,2018-11-30,time_exit,4.83,74.7108383178711,78.54420471191406,11,True,256.07,12902.11
2594,GLW,2018-11-15,2018-11-30,time_exit,0.23,26.22366142272949,26.36275291442871,11,True,256.07,12902.7
2595,C,2018-11-15,2018-11-30,time_exit,-0.01,49.7527961730957,49.89913177490234,11,True,256.07,12902.68
2596,TMO,2018-11-15,2018-11-30,time_exit,4.69,232.78244018554688,244.3975524902344,11,True,256.07,12914.69
2597,BLK,2018-11-15,2018-11-30,time_exit,4.89,335.12530517578125,352.52899169921875,11,True,256.07,12927.21
2598,INTU,2018-11-15,2018-11-30,time_exit,-0.3,202.8215484619141,202.8120880126953,11,True,256.07,12926.44
2599,MCO,2018-11-15,2018-11-30,time_exit,7.89,137.51820373535156,148.78724670410156,11,True,256.07,12946.64
2600,AMZN,2018-11-15,2018-11-30,time_exit,4.07,80.97200012207031,84.50849914550781,11,True,256.07,12957.07
2601,HWM,2018-11-15,2018-11-30,time_exit,3.67,15.50786018371582,16.123363494873047,11,True,256.07,12966.46
2602,QCOM,2018-11-15,2018-11-30,time_exit,4.88,45.79800415039063,48.17099380493164,11,True,256.07,12978.96
2603,COST,2018-11-16,2018-12-03,time_exit,0.16,208.2388153076172,209.19427490234372,11,True,255.82,12979.37
2604,FTNT,2018-11-16,2018-12-03,time_exit,1.96,14.6899995803833,15.022000312805176,11,True,255.82,12984.38
2605,AMAT,2018-11-16,2018-12-03,time_exit,8.61,32.54780578613281,35.44913101196289,11,True,255.82,13006.41
2606,BKNG,2018-11-16,2018-12-03,time_exit,3.17,72.66914367675781,75.19078826904297,11,True,255.82,13014.52
2607,TJX,2018-11-16,2018-12-03,time_exit,-6.32,46.42214584350586,43.627254486083984,11,True,255.82,12998.35
2608,BX,2018-11-16,2018-12-03,time_exit,7.06,24.483238220214844,26.285911560058597,11,True,255.82,13016.41
2609,PANW,2018-11-16,2018-12-03,time_exit,5.42,28.268333435058597,29.88500022888184,11,True,255.82,13030.28
2610,TMUS,2018-11-16,2018-12-03,time_exit,-2.24,65.73876190185547,64.46467590332031,11,True,255.82,13024.55
2611,HD,2018-11-19,2018-12-04,time_exit,1.29,143.25286865234375,145.52940368652344,11,True,255.82,13027.85
2612,DIS,2018-11-19,2018-12-04,time_exit,-2.51,109.70491027832033,107.28117370605467,11,True,255.82,13021.43
2613,COF,2018-11-19,2018-12-04,time_exit,-3.54,76.82613372802734,74.3391342163086,11,True,255.82,13012.37
2614,GOOGL,2018-11-20,2018-12-06,time_exit,4.32,51.06965637207031,53.43022918701172,11,True,255.82,13023.42
2615,GOOG,2018-11-20,2018-12-06,time_exit,3.89,50.83975982666016,52.96947860717773,11,True,255.82,13033.37
2616,NVDA,2018-11-20,2018-12-06,time_exit,5.98,3.6877987384796143,3.919545412063599,11,True,255.82,13048.67
2617,ADI,2018-11-20,2018-12-06,time_exit,0.81,77.20539855957031,78.06599426269531,11,True,255.82,13050.74
2618,RTX,2018-11-20,2018-12-06,time_exit,-3.91,66.49465942382812,64.09349060058594,11,True,255.82,13040.74
2619,META,2018-11-20,2018-12-06,time_exit,5.14,131.2771759033203,138.41452026367188,11,True,255.82,13053.89
2620,AMD,2018-11-20,2018-12-06,time_exit,10.58,19.209999084472656,21.299999237060547,11,True,255.82,13080.95
2653,GE,2018-11-26,2018-12-11,time_exit,-11.12,35.04693603515625,31.25557327270508,11,True,255.38,13052.56
2654,SBUX,2018-11-26,2018-12-11,time_exit,0.05,55.44155883789063,55.63567352294922,11,True,255.38,13052.68
2660,CME,2018-11-29,2018-12-14,time_exit,-0.6,141.1766815185547,140.74880981445312,11,True,256.21,13051.15
2661,GS,2018-11-30,2018-12-17,time_exit,-12.19,159.67303466796875,140.68206787109375,11,True,259.58,13019.5
2662,SCHW,2018-11-30,2018-12-17,time_exit,-9.45,40.15847396850586,36.48325347900391,11,True,259.58,12994.97
2663,TMUS,2018-12-04,2018-12-19,time_exit,-2.85,63.29518508911133,61.67881774902344,11,True,260.25,12987.56
2664,MS,2018-12-04,2018-12-19,time_exit,-9.16,34.117393493652344,31.094932556152344,11,True,260.25,12963.72
2665,WFC,2018-12-04,2018-12-19,time_exit,-12.1,41.96124649047852,37.00984191894531,11,True,260.25,12932.23
2666,C,2018-12-04,2018-12-19,time_exit,-15.46,47.95061111450195,40.68023300170898,11,True,260.25,12891.99
2667,BAC,2018-12-04,2018-12-19,time_exit,-10.21,22.406259536743164,20.1856689453125,11,True,260.25,12865.42
2668,MAR,2018-12-04,2018-12-19,time_exit,-6.56,106.84637451171876,100.15318298339844,11,True,260.25,12848.35
2669,AVGO,2018-12-06,2018-12-20,time_exit,7.27,18.56220245361328,19.96710777282715,11,True,261.62,12867.37
2670,DIS,2018-12-06,2018-12-20,time_exit,-5.99,108.66888427734376,102.49072265625,11,True,261.62,12851.7
2671,INTC,2018-12-06,2018-12-20,time_exit,-6.15,41.62824249267578,39.19269180297852,11,True,261.62,12835.61
2672,UPS,2018-12-06,2018-12-20,time_exit,-13.35,78.4515609741211,68.21306610107422,11,True,261.62,12800.68
2673,ETN,2018-12-06,2018-12-20,time_exit,-8.73,63.03092956542969,57.71599960327149,11,True,261.62,12777.84
2674,COF,2018-12-06,2018-12-20,time_exit,-12.26,74.09394836425781,65.23171997070312,11,True,261.62,12745.77
2675,BLK,2018-12-06,2018-12-20,time_exit,-7.44,332.1918334960937,308.48699951171875,11,True,261.62,12726.3
2676,VZ,2018-12-06,2018-12-20,time_exit,-5.48,37.672664642333984,35.72027587890625,11,True,261.62,12711.97
2677,MRSH,2018-12-06,2018-12-20,time_exit,-7.26,75.15935516357422,69.93001556396484,11,True,261.62,12692.97
2678,SPGI,2018-12-06,2018-12-20,time_exit,-4.87,153.55599975585938,146.5371551513672,11,True,261.62,12680.23
2679,ELV,2018-12-06,2018-12-20,time_exit,-12.58,259.29248046875,227.4459228515625,11,True,261.62,12647.32
2680,APH,2018-12-06,2018-12-20,time_exit,-7.22,19.51133918762207,18.160968780517575,11,True,261.62,12628.43
2681,WMB,2018-12-06,2018-12-20,time_exit,-10.0,16.16319465637207,14.595861434936523,11,True,261.62,12602.27
2682,BRK-B,2018-12-06,2018-12-20,time_exit,-7.21,207.9600067138672,193.5800018310547,11,True,261.62,12583.41
2683,CB,2018-12-06,2018-12-20,time_exit,-5.27,115.71351623535156,109.96672821044922,11,True,261.62,12569.62
2684,ICE,2018-12-06,2018-12-20,time_exit,-7.17,71.73356628417969,66.80755615234375,11,True,261.62,12550.86
2685,CDNS,2018-12-07,2018-12-21,time_exit,-4.94,42.66999816894531,40.68999862670898,11,True,261.62,12537.94
2686,TJX,2018-12-07,2018-12-21,time_exit,-7.72,40.83237457275391,37.80307388305664,11,True,261.62,12517.74
2687,ADI,2018-12-10,2018-12-24,time_exit,-9.41,77.15048217773438,70.12250518798828,11,True,261.62,12493.12
2688,LRCX,2018-12-10,2018-12-24,time_exit,-10.85,12.544918060302734,11.221428871154783,11,True,261.62,12464.74
2689,BNY,2018-12-10,2018-12-24,time_exit,-6.76,38.42595291137695,35.94554901123047,11,True,261.62,12447.05
2690,T,2018-12-10,2018-12-24,time_exit,-8.83,13.159149169921877,12.03725528717041,11,True,261.62,12423.95
2691,WMT,2018-12-10,2018-12-24,time_exit,-8.94,28.02611541748047,25.60359001159668,11,True,261.62,12400.56
2692,MRVL,2018-12-10,2018-12-24,time_exit,-6.04,14.716669082641602,13.871346473693848,11,True,261.62,12384.76
2693,ACN,2018-12-10,2018-12-24,time_exit,-15.55,139.803955078125,118.48589324951172,11,True,261.62,12344.08
2694,MO,2018-12-10,2018-12-24,time_exit,-9.69,29.52897071838379,26.755321502685547,11,True,261.62,12318.73
2695,CAT,2018-12-10,2018-12-24,time_exit,-5.52,105.27261352539062,99.77818298339844,11,True,261.62,12304.29
2696,CSX,2018-12-10,2018-12-24,time_exit,-14.27,20.53548240661621,17.667125701904297,11,True,261.62,12266.95
2697,ADP,2018-12-10,2018-12-24,time_exit,-12.53,117.9279327392578,103.50802612304688,11,True,261.62,12234.17
2698,RTX,2018-12-10,2018-12-24,time_exit,-14.83,63.01689529418945,53.86069107055664,11,True,261.62,12195.37
2699,MCO,2018-12-10,2018-12-24,time_exit,-11.55,136.32826232910156,120.98838806152344,11,True,261.62,12165.16
2700,LOW,2018-12-10,2018-12-24,time_exit,-4.18,77.38823699951172,74.38546752929688,11,True,261.62,12154.22
2701,ISRG,2018-12-10,2018-12-24,time_exit,-12.99,166.0366668701172,144.9633331298828,11,True,261.62,12120.24
2702,CMCSA,2018-12-10,2018-12-24,time_exit,-11.76,28.122234344482425,24.8996696472168,11,True,261.62,12089.47
2703,TXN,2018-12-10,2018-12-24,time_exit,-6.7,75.62230682373047,70.78507232666016,11,True,261.62,12071.94
2704,MMM,2018-12-10,2018-12-24,time_exit,-10.23,126.84245300292967,114.24264526367188,11,True,261.62,12045.18
2705,KLAC,2018-12-10,2018-12-24,time_exit,-12.27,8.351706504821777,7.351637840270996,11,True,261.62,12013.08
2706,AMGN,2018-12-10,2018-12-24,time_exit,-8.38,153.454833984375,141.04974365234375,11,True,261.62,11991.16
2707,AMAT,2018-12-10,2018-12-24,time_exit,-15.46,31.593551635742188,26.804128646850582,11,True,261.62,11950.71
2712,SLB,2018-12-11,2018-12-26,time_exit,-11.53,33.51011657714844,29.747943878173828,11,True,261.05,11920.61
2717,AMZN,2018-12-14,2018-12-31,time_exit,-5.95,79.59549713134766,75.09850311279297,11,True,261.02,11905.08
2724,ABBV,2018-12-17,2019-01-02,time_exit,4.76,61.23138427734375,64.33152770996094,11,True,259.9,11917.45
2725,AAPL,2018-12-17,2019-01-02,time_exit,-3.97,38.864036560058594,37.43691635131836,11,True,259.9,11907.13
2744,CRM,2018-12-19,2019-01-04,time_exit,4.88,128.929443359375,135.6138153076172,11,True,256.97,11919.67
2745,MSFT,2018-12-19,2019-01-04,time_exit,-2.0,96.40559387207033,94.7692642211914,11,True,256.97,11914.53
2746,MCK,2018-12-19,2019-01-04,time_exit,3.04,104.6854476928711,108.18661499023438,11,True,256.97,11922.34
2747,COST,2018-12-19,2019-01-04,time_exit,2.1,181.5487060546875,185.90234375,11,True,256.97,11927.74
2748,ABT,2018-12-19,2019-01-04,time_exit,-1.59,59.93632125854492,59.163230895996094,11,True,256.97,11923.65
2749,V,2018-12-19,2019-01-04,time_exit,1.52,124.26282501220705,126.525390625,11,True,256.97,11927.56
2755,DUK,2018-12-20,2019-01-07,time_exit,-3.85,64.82819366455078,62.52603912353516,11,True,251.02,11917.9
2756,WM,2018-12-20,2019-01-07,time_exit,3.22,77.65892791748047,80.39620971679688,11,True,251.02,11925.98
2757,SCHW,2018-12-20,2019-01-07,time_exit,7.57,35.5151481628418,38.31191635131836,11,True,251.02,11944.98
2758,NEE,2018-12-20,2019-01-07,time_exit,-1.8,36.02533721923828,35.48365783691406,11,True,251.02,11940.46
2759,PEP,2018-12-20,2019-01-07,time_exit,-0.92,87.43146514892578,86.89198303222656,11,True,251.02,11938.15
2760,C,2018-12-20,2019-01-07,time_exit,6.09,40.25664138793945,42.82900619506836,11,True,251.02,11953.44
2761,BMY,2018-12-20,2019-01-07,time_exit,-2.83,37.3809700012207,36.43376541137695,11,True,251.02,11946.34
2762,BAC,2018-12-20,2019-01-07,time_exit,5.71,20.12723159790039,21.33770179748535,11,True,251.02,11960.67
2763,GOOG,2018-12-20,2019-01-07,time_exit,5.54,50.02940368652344,52.95262908935547,11,True,251.02,11974.58
2764,MS,2018-12-20,2019-01-07,time_exit,6.9,30.786352157592773,33.00177001953125,11,True,251.02,11991.9
2765,FTNT,2018-12-20,2019-01-07,time_exit,0.01,13.973999977111816,14.017999649047852,11,True,251.02,11991.92
2766,TMUS,2018-12-20,2019-01-07,time_exit,6.2,61.09881591796875,65.07318878173828,11,True,251.02,12007.48
2767,DE,2018-12-20,2019-01-07,time_exit,6.84,129.4037628173828,138.63912963867188,11,True,251.02,12024.65
2768,META,2018-12-20,2019-01-07,time_exit,3.19,132.2387237548828,136.84825134277344,11,True,251.02,12032.66
2769,SO,2018-12-20,2019-01-07,time_exit,-1.36,33.38396453857422,33.02858352661133,11,True,251.02,12029.25
2775,VZ,2018-12-21,2019-01-08,time_exit,6.0,35.62297058105469,37.86724472045898,11,True,250.35,12044.27
2776,CVX,2018-12-21,2019-01-08,time_exit,6.95,74.54621124267578,79.95420837402344,11,True,250.35,12061.67
2782,ACN,2018-12-26,2019-01-10,time_exit,5.46,123.21926879882812,130.31944274902344,11,True,238.41,12074.69
2783,JCI,2018-12-26,2019-01-10,time_exit,6.9,25.45792007446289,27.28979110717773,11,True,238.41,12091.14
2784,BRK-B,2018-12-26,2019-01-10,time_exit,-0.8,197.57000732421875,196.5800018310547,11,True,238.41,12089.23
2785,HWM,2018-12-26,2019-01-10,time_exit,16.15,12.64047908782959,14.71970558166504,11,True,238.41,12127.73
2786,LMT,2018-12-26,2019-01-10,time_exit,9.99,204.7421417236328,225.8005828857422,11,True,238.41,12151.55
2787,KLAC,2018-12-26,2019-01-10,time_exit,8.6,7.787866592407227,8.481128692626953,11,True,238.41,12172.05
2788,CMCSA,2018-12-26,2019-01-10,time_exit,5.2,25.705310821533203,27.120258331298828,11,True,238.41,12184.45
2789,WDC,2018-12-26,2019-01-10,time_exit,8.98,26.01515007019043,28.42885398864746,11,True,238.41,12205.86
2790,AVGO,2018-12-26,2019-01-10,time_exit,0.26,20.48302459716797,20.5969352722168,11,True,238.41,12206.48
2791,ETN,2018-12-26,2019-01-10,time_exit,3.24,58.300819396972656,60.36488723754883,11,True,238.41,12214.2
2792,ORCL,2018-12-26,2019-01-10,time_exit,6.94,39.80281066894531,42.686031341552734,11,True,238.41,12230.75
2793,SPGI,2018-12-26,2019-01-10,time_exit,7.12,145.97064208984375,156.7954864501953,11,True,238.41,12247.73
2794,ICE,2018-12-26,2019-01-10,time_exit,-0.94,66.49888610839844,66.07221984863281,11,True,238.41,12245.48
2795,LRCX,2018-12-26,2019-01-10,time_exit,10.19,11.909567832946776,13.15932846069336,11,True,238.41,12269.78
2796,WELL,2018-12-26,2019-01-10,time_exit,2.8,54.66232299804688,56.35519409179688,11,True,238.41,12276.45
2797,QCOM,2018-12-26,2019-01-10,time_exit,1.2,46.77159881591797,47.47367858886719,11,True,238.41,12279.31
2798,CB,2018-12-26,2019-01-10,time_exit,3.3,110.67487335205078,114.6582489013672,11,True,238.41,12287.18
2799,MO,2018-12-26,2019-01-10,time_exit,0.59,27.244741439819336,27.486644744873047,11,True,238.41,12288.59
2800,LIN,2018-12-26,2019-01-10,time_exit,5.66,136.64576721191406,144.79583740234375,11,True,238.41,12302.08
2801,NFLX,2018-12-26,2019-01-10,time_exit,27.69,25.367000579833984,32.465999603271484,11,True,238.41,12368.1
2802,AMD,2018-12-26,2019-01-10,time_exit,9.98,17.899999618530273,19.739999771118164,11,True,238.41,12391.89
2803,COF,2018-12-26,2019-01-10,time_exit,7.15,65.16168212890625,70.01313018798828,11,True,238.41,12408.94
2829,MDT,2019-01-08,2019-01-23,time_exit,4.67,67.24610137939453,70.59101104736328,11,True,241.23,12420.21
2830,DELL,2019-01-15,2019-01-30,time_exit,11.3,19.80272102355957,22.1002254486084,11,True,248.18,12448.25
2831,ABBV,2019-01-15,2019-01-30,time_exit,-7.83,62.39837646484375,57.69841766357422,11,True,248.18,12428.82
2832,PEP,2019-01-15,2019-01-30,time_exit,1.38,86.46361541748047,87.9153823852539,11,True,248.18,12432.24
2833,MRK,2019-01-15,2019-01-30,time_exit,-1.82,56.401485443115234,55.546016693115234,11,True,248.18,12427.73
2834,QCOM,2019-01-16,2019-01-31,time_exit,-10.7,46.19490432739258,41.38902282714844,11,True,248.18,12401.17
2835,PFE,2019-01-17,2019-02-01,time_exit,1.55,27.812376022338867,28.32612419128418,11,True,248.18,12405.02
2836,WDC,2019-01-17,2019-02-01,time_exit,28.57,26.04371452331543,33.56333541870117,11,True,248.18,12475.92
2837,PG,2019-01-22,2019-02-05,time_exit,7.44,74.68777465820312,80.46858215332031,11,True,248.18,12494.39
2838,LOW,2019-01-23,2019-02-06,time_exit,5.54,79.86871337890625,84.5305404663086,11,True,248.4,12508.15
2839,MO,2019-01-23,2019-02-06,time_exit,9.92,25.146392822265625,27.71729278564453,11,True,248.4,12532.79
2840,GLW,2019-01-23,2019-02-06,time_exit,14.92,23.98176383972168,27.630983352661133,11,True,248.4,12569.85
2841,TSLA,2019-01-24,2019-02-07,time_exit,5.19,19.43400001525879,20.500667572021484,11,True,248.4,12582.74
2842,NOW,2019-01-24,2019-02-07,time_exit,21.92,37.13999938964844,45.391998291015625,11,True,248.4,12637.19
2843,JNJ,2019-01-24,2019-02-07,time_exit,3.65,102.69950103759766,106.75802612304688,11,True,248.4,12646.26
2844,XOM,2019-01-24,2019-02-07,time_exit,4.29,50.55600738525391,52.87848281860352,11,True,248.4,12656.92
2845,DE,2019-01-28,2019-02-11,time_exit,3.18,140.73448181152344,145.6357879638672,11,True,248.4,12664.82
2846,CMCSA,2019-01-28,2019-02-11,time_exit,4.31,26.77954864501953,28.013660430908203,11,True,248.4,12675.52
2847,V,2019-01-28,2019-02-11,time_exit,3.24,128.7406768798828,133.2942352294922,11,True,248.4,12683.57
2848,ANET,2019-01-28,2019-02-11,time_exit,6.14,13.457500457763672,14.323749542236328,11,True,248.4,12698.82
2849,COP,2019-01-28,2019-02-11,time_exit,2.29,50.22127151489258,51.52236175537109,11,True,248.4,12704.51
2850,COST,2019-01-28,2019-02-11,time_exit,-1.01,189.98568725585935,188.6460418701172,11,True,248.4,12702.0
2851,CRM,2019-01-29,2019-02-12,time_exit,11.83,142.71102905273438,160.02154541015625,11,True,248.4,12731.39
2852,VZ,2019-01-30,2019-02-13,time_exit,0.59,35.391788482666016,35.706382751464844,11,True,248.55,12732.85
2853,DIS,2019-01-30,2019-02-13,time_exit,-0.24,105.48878479003906,105.55583953857422,11,True,248.55,12732.26
2854,MCD,2019-01-30,2019-02-13,time_exit,-4.49,151.5117950439453,145.16024780273438,11,True,248.55,12721.1
2855,CME,2019-01-31,2019-02-14,time_exit,-2.98,138.05337524414062,134.35740661621094,11,True,248.02,12713.71
2856,MCK,2019-02-01,2019-02-15,time_exit,6.16,120.4880828857422,128.27581787109375,11,True,249.52,12729.08
2857,TJX,2019-02-04,2019-02-19,time_exit,3.15,44.16819381713867,45.69062042236328,11,True,249.52,12736.94
2858,VRTX,2019-02-04,2019-02-19,time_exit,-0.9,187.97999572753903,186.8600006103516,11,True,249.52,12734.69
2859,GILD,2019-02-05,2019-02-20,time_exit,-1.33,51.06245803833008,50.53433227539063,11,True,249.89,12731.37
2860,SCHW,2019-02-05,2019-02-20,time_exit,-0.23,41.76301956176758,41.792388916015625,11,True,249.89,12730.79
2861,TMUS,2019-02-06,2019-02-21,time_exit,9.37,63.64696502685547,69.7987060546875,11,True,251.4,12754.35
2862,SLB,2019-02-07,2019-02-22,time_exit,2.95,35.314002990722656,36.462589263916016,11,True,253.14,12761.82
2863,HWM,2019-02-07,2019-02-22,time_exit,3.09,13.31460666656494,13.766465187072754,11,True,253.14,12769.64
2864,JPM,2019-02-07,2019-02-22,time_exit,2.26,83.63543701171875,85.77574157714844,11,True,253.14,12775.36
2865,CB,2019-02-07,2019-02-22,time_exit,2.68,115.62306213378906,119.06643676757812,11,True,253.14,12782.14
2866,ICE,2019-02-07,2019-02-22,time_exit,-0.79,68.58692932128906,68.25101470947266,11,True,253.14,12780.14
2867,BNY,2019-02-07,2019-02-22,time_exit,1.83,42.322750091552734,43.22427368164063,11,True,253.14,12784.78
2868,BAC,2019-02-07,2019-02-22,time_exit,2.67,23.57499122619629,24.276227951049805,11,True,253.14,12791.54
2869,T,2019-02-07,2019-02-22,time_exit,5.47,13.242635726928713,14.00706672668457,11,True,253.14,12805.38
2870,REGN,2019-02-08,2019-02-25,time_exit,3.02,403.0564270019531,416.4501037597656,11,True,253.14,12813.03
2871,PNC,2019-02-08,2019-02-25,time_exit,1.72,92.72660064697266,94.60039520263672,11,True,253.14,12817.38
2872,C,2019-02-08,2019-02-25,time_exit,3.76,48.09381103515625,50.04827499389648,11,True,253.14,12826.9
2873,GS,2019-02-08,2019-02-25,time_exit,3.34,160.49362182617188,166.33831787109375,11,True,253.14,12835.35
2874,USB,2019-02-08,2019-02-25,time_exit,1.74,37.21132659912109,37.969085693359375,11,True,253.14,12839.76
2875,PWR,2019-02-08,2019-02-25,time_exit,6.23,33.68754959106445,35.88691329956055,11,True,253.14,12855.53
2876,BRK-B,2019-02-08,2019-02-25,time_exit,0.39,200.9199981689453,202.30999755859372,11,True,253.14,12856.52
2877,MCD,2019-02-14,2019-03-01,time_exit,5.59,146.5939178466797,155.22776794433594,11,True,254.27,12870.73
2878,META,2019-02-14,2019-03-01,time_exit,-1.32,162.52281188964844,160.86734008789062,11,True,254.27,12867.37
2879,BX,2019-02-19,2019-03-05,time_exit,-0.39,25.699594497680664,25.676570892333984,11,True,254.69,12866.38
2880,DE,2019-02-20,2019-03-06,time_exit,-1.33,143.7831268310547,142.3082733154297,11,True,254.62,12862.99
2881,CME,2019-02-20,2019-03-06,time_exit,-1.06,132.98654174804688,131.97169494628906,11,True,254.62,12860.29
2882,WELL,2019-02-21,2019-03-07,time_exit,0.59,59.57074737548828,60.098899841308594,11,True,255.09,12861.8
2883,TSLA,2019-02-26,2019-03-12,time_exit,-5.17,19.857332229614254,18.89066696166992,11,True,257.13,12848.51
2884,KKR,2019-02-26,2019-03-12,time_exit,1.46,21.024518966674805,21.393539428710938,11,True,257.13,12852.26
2885,KO,2019-02-27,2019-03-13,time_exit,2.55,35.7581787109375,36.77666091918945,11,True,257.13,12858.82
2886,AMAT,2019-02-27,2019-03-13,time_exit,-0.76,36.03935241699219,35.8720817565918,11,True,257.13,12856.86
2887,MCK,2019-02-27,2019-03-13,time_exit,-7.83,120.5732421875,111.49916076660156,11,True,257.13,12836.73
2888,MNST,2019-02-27,2019-03-13,time_exit,1.45,29.3700008392334,29.88500022888184,11,True,257.13,12840.46
2889,LRCX,2019-02-27,2019-03-13,time_exit,-4.13,16.129436492919922,15.51138687133789,11,True,257.13,12829.84
2890,PLD,2019-02-27,2019-03-13,time_exit,2.86,57.0045280456543,58.80825805664063,11,True,257.13,12837.19
2891,HCA,2019-02-27,2019-03-13,time_exit,-5.78,130.11871337890625,122.9834213256836,11,True,257.13,12822.33
2892,GILD,2019-02-28,2019-03-14,time_exit,0.31,49.055572509765625,49.35493850708008,11,True,257.13,12823.13
2893,AVGO,2019-02-28,2019-03-14,time_exit,-2.9,22.729928970336918,22.138893127441406,11,True,257.13,12815.67
2894,WDC,2019-02-28,2019-03-14,time_exit,-5.71,35.91990280151367,33.977516174316406,11,True,257.13,12800.99
2895,MU,2019-02-28,2019-03-14,time_exit,-6.34,39.86361312866211,37.45501708984375,11,True,257.13,12784.69
2896,SBUX,2019-02-28,2019-03-14,time_exit,0.38,59.60805130004883,60.015262603759766,11,True,257.13,12785.66
2897,STX,2019-02-28,2019-03-14,time_exit,1.05,35.59278869628906,36.07439422607422,11,True,257.13,12788.36
2898,PG,2019-03-01,2019-03-15,time_exit,3.76,81.29441833496094,84.59769439697266,11,True,257.35,12798.04
2899,LIN,2019-03-04,2019-03-18,time_exit,3.71,150.92401123046875,156.96969604492188,11,True,257.35,12807.59
2900,VLO,2019-03-04,2019-03-18,time_exit,4.81,61.715423583984375,64.87110900878906,11,True,257.35,12819.97
2901,IBM,2019-03-04,2019-03-18,time_exit,0.99,96.72393035888672,97.96768188476562,11,True,257.35,12822.51
2902,CRM,2019-03-04,2019-03-18,time_exit,1.88,155.80450439453125,159.19583129882812,11,True,257.35,12827.35
2903,JPM,2019-03-04,2019-03-18,time_exit,2.58,85.11405181884766,87.56477355957031,11,True,257.35,12833.99
2904,AMD,2019-03-04,2019-03-18,time_exit,-0.81,23.3700008392334,23.25,11,True,257.35,12831.91
2905,MPC,2019-03-04,2019-03-18,time_exit,-0.19,49.34935760498047,49.40505599975586,11,True,257.35,12831.42
2906,MMM,2019-03-04,2019-03-18,time_exit,0.49,133.21925354003906,134.26898193359375,11,True,257.35,12832.68
2907,FTNT,2019-03-04,2019-03-18,time_exit,0.52,16.763999938964844,16.902000427246094,11,True,257.35,12834.02
2908,BKNG,2019-03-04,2019-03-18,time_exit,2.54,66.89187622070312,68.79190826416016,11,True,257.35,12840.55
2909,ADBE,2019-03-04,2019-03-18,time_exit,-0.45,258.1600036621094,257.760009765625,11,True,257.35,12839.4
2910,SCHW,2019-03-04,2019-03-18,time_exit,0.25,41.07260894775391,41.29752349853516,11,True,257.35,12840.04
2911,UNP,2019-03-04,2019-03-18,time_exit,-0.98,141.92312622070312,140.96490478515625,11,True,257.35,12837.52
2912,LOW,2019-03-04,2019-03-18,time_exit,-1.57,89.7490234375,88.6096420288086,11,True,257.35,12833.48
2913,T,2019-03-04,2019-03-18,time_exit,2.44,13.480958938598633,13.849681854248049,11,True,257.35,12839.76
2914,HD,2019-03-04,2019-03-18,time_exit,0.23,152.59414672851562,153.40428161621094,11,True,257.35,12840.35
2915,DELL,2019-03-05,2019-03-19,time_exit,9.35,25.378433227539062,27.827869415283203,11,True,257.33,12864.41
2916,BNY,2019-03-05,2019-03-19,time_exit,0.59,42.761329650878906,43.14305877685547,11,True,257.33,12865.93
2917,GS,2019-03-05,2019-03-19,time_exit,2.31,164.78208923339844,169.0866241455078,11,True,257.33,12871.87
2918,ELV,2019-03-05,2019-03-19,time_exit,3.08,269.4689025878906,278.5887756347656,11,True,257.33,12879.8
2919,MS,2019-03-05,2019-03-19,time_exit,4.59,33.38783264160156,35.021366119384766,11,True,257.33,12891.61
2920,SPGI,2019-03-06,2019-03-20,time_exit,4.24,175.14244079589844,183.0953826904297,11,True,257.21,12902.51
2921,PFE,2019-03-06,2019-03-20,time_exit,0.44,27.652315139770508,27.857097625732425,11,True,257.21,12903.64
2922,GD,2019-03-06,2019-03-20,time_exit,0.91,140.27317810058594,141.97535705566406,11,True,257.21,12905.98
2923,CSX,2019-03-06,2019-03-20,time_exit,0.77,21.73467445373535,21.966951370239254,11,True,257.21,12907.97
2924,JCI,2019-03-07,2019-03-21,time_exit,4.07,30.534090042114254,31.86845588684082,11,True,257.24,12918.43
2925,PGR,2019-03-07,2019-03-21,time_exit,0.96,59.12044525146485,59.86538314819336,11,True,257.24,12920.9
2926,TXN,2019-03-07,2019-03-21,time_exit,6.63,85.2593002319336,91.16529083251952,11,True,257.24,12937.96
2927,APH,2019-03-07,2019-03-21,time_exit,3.36,21.76984214782715,22.565593719482425,11,True,257.24,12946.6
2928,CB,2019-03-07,2019-03-21,time_exit,2.89,117.44654846191406,121.19253540039062,11,True,257.24,12954.04
2929,TMO,2019-03-07,2019-03-21,time_exit,7.85,245.80453491210935,265.83575439453125,11,True,257.24,12974.23
2930,ABBV,2019-03-07,2019-03-21,time_exit,3.53,57.0999870300293,59.28940963745117,11,True,257.24,12983.31
2931,BX,2019-03-07,2019-03-21,time_exit,5.78,25.49246025085449,27.04210662841797,11,True,257.24,12998.18
2969,MAR,2019-03-12,2019-03-26,time_exit,2.08,113.98304748535156,116.6935577392578,11,True,257.05,13003.52
2970,ORCL,2019-03-15,2019-03-29,time_exit,1.15,47.44345474243164,48.13349914550781,11,True,255.96,13006.47
2971,DIS,2019-03-18,2019-04-01,time_exit,-0.84,108.35279083251952,107.76850128173828,11,True,256.81,13004.31
2972,TSLA,2019-03-19,2019-04-02,time_exit,6.58,17.83133316040039,19.058666229248047,11,True,257.83,13021.28
2973,UNP,2019-03-20,2019-04-03,time_exit,5.05,136.5216064453125,143.82257080078125,11,True,258.16,13034.31
2974,BMY,2019-03-20,2019-04-03,time_exit,-5.0,37.02080154418945,35.28229141235352,11,True,258.16,13021.41
2975,REGN,2019-03-21,2019-04-04,time_exit,0.68,398.8263854980469,402.72955322265625,11,True,259.96,13023.17
2976,DE,2019-03-22,2019-04-05,time_exit,6.04,140.2398223876953,149.13076782226562,11,True,259.96,13038.88
2977,GS,2019-03-25,2019-04-08,time_exit,7.14,158.4850616455078,170.28045654296875,11,True,259.96,13057.44
2978,MDT,2019-03-25,2019-04-08,time_exit,-2.1,73.79556274414062,72.46817016601562,11,True,259.96,13051.98
2979,SCHW,2019-03-25,2019-04-08,time_exit,6.75,37.63563537597656,40.289817810058594,11,True,259.96,13069.52
2980,UPS,2019-03-25,2019-04-08,time_exit,6.31,78.30491638183594,83.4837417602539,11,True,259.96,13085.93
2981,CVX,2019-03-25,2019-04-08,time_exit,2.78,88.79255676269531,91.5309829711914,11,True,259.96,13093.16
2982,INTC,2019-03-25,2019-04-08,time_exit,5.19,45.71151351928711,48.22312927246094,11,True,259.96,13106.65
2983,ETN,2019-03-25,2019-04-08,time_exit,5.68,68.50814056396484,72.60333251953125,11,True,259.96,13121.41
2984,BLK,2019-03-25,2019-04-08,time_exit,7.1,347.41278076171875,373.1126708984375,11,True,259.96,13139.87
2985,AXP,2019-03-25,2019-04-08,time_exit,1.58,98.85576629638672,100.71597290039062,11,True,259.96,13143.98
2986,LMT,2019-03-25,2019-04-08,time_exit,3.62,241.04827880859372,250.5059814453125,11,True,259.96,13153.39
2987,WFC,2019-03-25,2019-04-08,time_exit,1.36,39.31607055664063,39.97024154663086,11,True,259.96,13156.92
2988,CAT,2019-03-25,2019-04-08,time_exit,6.12,112.8105239868164,120.05758666992188,11,True,259.96,13172.83
2989,BAC,2019-03-25,2019-04-08,time_exit,8.38,22.520652770996094,24.475685119628903,11,True,259.96,13194.62
2990,USB,2019-03-25,2019-04-08,time_exit,4.2,35.38680648803711,36.98062896728516,11,True,259.96,13205.54
2991,XOM,2019-03-25,2019-04-08,time_exit,3.55,57.21700286865234,59.42206573486328,11,True,259.96,13214.77
2992,GOOG,2019-03-26,2019-04-09,time_exit,0.77,58.713340759277344,59.33932113647461,11,True,260.07,13216.77
2993,GLW,2019-03-26,2019-04-09,time_exit,1.72,27.65853309631348,28.218122482299805,11,True,260.07,13221.24
2994,PANW,2019-03-27,2019-04-10,time_exit,0.98,39.90833282470703,40.41999816894531,11,True,260.07,13223.79
2995,TXN,2019-03-27,2019-04-10,time_exit,8.15,86.08789825439453,93.35871124267578,11,True,260.07,13244.99
2996,NOW,2019-03-27,2019-04-10,time_exit,0.65,48.27399826049805,48.73199844360352,11,True,260.07,13246.68
2997,NFLX,2019-03-27,2019-04-10,time_exit,2.69,35.33700180053711,36.391998291015625,11,True,260.07,13253.67
2998,ADI,2019-03-27,2019-04-10,time_exit,6.47,91.98919677734376,98.22054290771484,11,True,260.07,13270.5
2999,UNH,2019-03-27,2019-04-10,time_exit,1.49,213.4751892089844,217.2905731201172,11,True,260.07,13274.37
3000,MCK,2019-03-27,2019-04-10,time_exit,-0.68,109.82864379882812,109.41100311279295,11,True,260.07,13272.61
3001,LIN,2019-03-27,2019-04-10,time_exit,6.51,152.41036987304688,162.78797912597656,11,True,260.07,13289.54
3002,HCA,2019-03-27,2019-04-10,time_exit,3.78,120.97159576416016,125.90713500976562,11,True,260.07,13299.37
3003,KLAC,2019-03-28,2019-04-11,time_exit,4.33,10.705931663513184,11.201719284057615,11,True,260.07,13310.63
3004,GOOGL,2019-03-28,2019-04-11,time_exit,2.88,58.09832382202149,59.94792938232422,11,True,260.07,13318.12
3005,KKR,2019-03-28,2019-04-11,time_exit,-1.55,21.458112716674805,21.190584182739254,11,True,260.07,13314.09
3006,GE,2019-03-28,2019-04-11,time_exit,-8.09,47.67243957519531,43.9608268737793,11,True,260.07,13293.05
3007,CME,2019-03-28,2019-04-11,time_exit,4.48,123.80235290527344,129.72019958496094,11,True,260.07,13304.7
3008,TMUS,2019-03-29,2019-04-12,time_exit,6.37,65.70072937011719,70.08394622802734,11,True,260.13,13321.27
3009,PSX,2019-03-29,2019-04-12,time_exit,1.8,70.83379364013672,72.32235717773438,11,True,260.13,13325.95
3010,DUK,2019-04-01,2019-04-15,time_exit,1.0,66.35399627685547,67.21611785888672,11,True,260.09,13328.55
3011,MNST,2019-04-02,2019-04-16,time_exit,1.33,26.665000915527344,27.100000381469727,11,True,260.43,13332.02
3012,MPC,2019-04-02,2019-04-16,time_exit,-0.13,47.686073303222656,47.765655517578125,11,True,260.43,13331.68
3013,COP,2019-04-03,2019-04-17,time_exit,0.11,50.57281875610352,50.781246185302734,11,True,260.43,13331.96
3014,NEE,2019-04-04,2019-04-18,time_exit,0.21,39.06321334838867,39.26227188110352,11,True,260.46,13332.51
3015,VLO,2019-04-04,2019-04-18,time_exit,4.07,63.0764045715332,65.83576202392578,11,True,260.46,13343.11
3016,MRK,2019-04-04,2019-04-18,time_exit,-10.88,62.38641357421875,55.785736083984375,11,True,260.46,13314.77
3017,SO,2019-04-04,2019-04-18,time_exit,1.18,38.375709533691406,38.94535446166992,11,True,260.46,13317.85
3018,PM,2019-04-05,2019-04-22,time_exit,-1.65,59.14726257324219,58.35116195678711,11,True,260.78,13313.54
3019,WELL,2019-04-05,2019-04-22,time_exit,-6.79,61.41134262084961,57.42607498168945,11,True,260.78,13295.84
3020,SYK,2019-04-08,2019-04-23,time_exit,-4.79,181.2337646484375,173.1044464111328,11,True,264.3,13283.18
3021,PGR,2019-04-08,2019-04-23,time_exit,4.81,59.02937698364258,62.045989990234375,11,True,264.3,13295.89
3022,WM,2019-04-08,2019-04-23,time_exit,3.75,90.61009979248048,94.27569580078124,11,True,264.3,13305.8
3023,BMY,2019-04-09,2019-04-24,time_exit,-3.26,34.910255432128906,33.87766647338867,11,True,264.42,13297.18
3024,JNJ,2019-04-09,2019-04-24,time_exit,2.38,110.33074188232422,113.2849578857422,11,True,264.42,13303.47
3025,CB,2019-04-09,2019-04-24,time_exit,2.61,121.54855346679688,125.0908203125,11,True,264.42,13310.38
3026,REGN,2019-04-10,2019-04-25,time_exit,-14.57,404.4136657714844,346.7181091308594,11,True,265.99,13271.62
3027,JCI,2019-04-10,2019-04-25,time_exit,2.02,30.8855037689209,31.601154327392575,11,True,265.99,13276.99
3028,QCOM,2019-04-10,2019-04-25,time_exit,50.72,47.62830352783203,71.9286117553711,11,True,265.99,13411.9
3029,LLY,2019-04-11,2019-04-26,time_exit,-4.52,113.92620849609376,109.1197509765625,11,True,266.09,13399.88
3030,WFC,2019-04-11,2019-04-26,time_exit,0.16,39.03805923461914,39.21793746948242,11,True,266.09,13400.3
3031,PFE,2019-04-11,2019-04-26,time_exit,-5.74,27.92316055297852,26.403797149658203,11,True,266.09,13385.03
3032,AMGN,2019-04-15,2019-04-30,time_exit,-6.51,152.33877563476562,142.87342834472656,11,True,266.57,13367.67
3033,XOM,2019-04-15,2019-04-30,time_exit,-0.76,57.73963928222656,57.47474670410156,11,True,266.57,13365.65
3034,MU,2019-04-15,2019-04-30,time_exit,0.27,40.78023147583008,41.01427459716797,11,True,266.57,13366.37
3035,WMB,2019-04-15,2019-04-30,time_exit,-1.0,19.33549118041992,19.1999454498291,11,True,266.57,13363.7
3036,VRTX,2019-04-15,2019-04-30,time_exit,-7.7,182.4900054931641,168.97999572753906,11,True,266.57,13343.18
3037,DHR,2019-04-15,2019-04-30,time_exit,1.19,111.84713745117188,113.50981903076172,11,True,266.57,13346.35
3038,GILD,2019-04-15,2019-04-30,time_exit,-0.9,49.84248352050781,49.54538345336914,11,True,266.57,13343.95
3039,TSLA,2019-04-15,2019-04-30,time_exit,-10.69,17.7586669921875,15.912667274475098,11,True,266.57,13315.45
3040,INTU,2019-04-16,2019-05-01,time_exit,-5.78,244.903564453125,231.4807891845703,11,True,266.63,13300.04
3041,ISRG,2019-04-16,2019-05-01,time_exit,-11.77,187.1433258056641,165.68333435058594,11,True,266.63,13268.66
3042,UNH,2019-04-16,2019-05-01,time_exit,4.67,195.1490631103516,204.8553009033203,11,True,266.63,13281.11
3043,PLD,2019-04-17,2019-05-02,time_exit,5.33,59.143821716308594,62.47508239746094,11,True,266.64,13295.32
3044,CVS,2019-04-17,2019-05-02,time_exit,8.71,41.23047256469727,44.94554901123047,11,True,266.64,13318.55
3045,VZ,2019-04-18,2019-05-03,time_exit,-1.68,38.43154144287109,37.901817321777344,11,True,266.36,13314.07
3046,CRM,2019-04-18,2019-05-03,time_exit,4.41,153.337158203125,160.5622100830078,11,True,266.36,13325.82
3047,MO,2019-04-18,2019-05-03,time_exit,-1.42,31.022279739379883,30.674224853515625,11,True,266.36,13322.04
3048,ABBV,2019-04-18,2019-05-03,time_exit,1.17,57.36163330078125,58.20463562011719,11,True,266.36,13325.15
3049,BNY,2019-04-18,2019-05-03,time_exit,3.52,39.31768798828125,40.82010269165039,11,True,266.36,13334.53
3050,EQIX,2019-04-18,2019-05-03,time_exit,6.54,387.9064636230469,414.450927734375,11,True,266.36,13351.95
3051,PANW,2019-04-18,2019-05-03,time_exit,6.2,39.24333190917969,41.79499816894531,11,True,266.36,13368.46
3052,CDNS,2019-04-18,2019-05-03,time_exit,10.59,63.369998931884766,70.2699966430664,11,True,266.36,13396.67
3053,DUK,2019-04-22,2019-05-06,time_exit,0.55,65.94522857666016,66.50263977050781,11,True,265.92,13398.13
3054,NEM,2019-04-23,2019-05-07,time_exit,-5.4,26.738269805908203,25.37533569335937,11,True,266.12,13383.76
3055,PG,2019-04-23,2019-05-07,time_exit,1.19,85.7937240600586,87.07445526123047,11,True,266.12,13386.93
3056,LIN,2019-04-23,2019-05-07,time_exit,-2.95,161.2682647705078,156.98765563964844,11,True,266.12,13379.08
3057,MPC,2019-04-24,2019-05-08,time_exit,-7.48,47.351829528808594,43.95363235473633,11,True,266.21,13359.16
3058,APH,2019-04-24,2019-05-08,time_exit,-8.05,23.958423614501957,22.10054397583008,11,True,266.21,13337.74
3059,CAT,2019-04-25,2019-05-09,time_exit,-3.92,117.59767150878906,113.33883666992188,11,True,268.24,13327.22
3060,GS,2019-04-25,2019-05-09,time_exit,-0.19,169.322021484375,169.515380859375,11,True,268.24,13326.71
3061,ANET,2019-04-25,2019-05-09,time_exit,-16.23,19.881874084472656,16.714374542236328,11,True,268.24,13283.18
3062,BMY,2019-04-25,2019-05-09,time_exit,3.18,34.6521110534668,35.85931396484375,11,True,268.24,13291.71
3063,MRSH,2019-04-25,2019-05-09,time_exit,-0.27,83.60026550292969,83.62698364257812,11,True,268.24,13290.98
3064,PM,2019-04-25,2019-05-09,time_exit,0.11,57.86656951904297,58.1019287109375,11,True,268.24,13291.28
3065,PSX,2019-04-25,2019-05-09,time_exit,-10.25,70.87100219726562,63.82259750366211,11,True,268.24,13263.78
3066,AVGO,2019-04-26,2019-05-10,time_exit,-2.38,25.852066040039062,25.31488037109375,11,True,267.7,13257.41
3067,MMM,2019-04-26,2019-05-10,time_exit,-8.55,123.436767578125,113.25502014160156,11,True,267.7,13234.52
3068,PH,2019-04-26,2019-05-10,time_exit,-4.94,164.56292724609375,156.93101501464844,11,True,267.7,13221.3
3069,SLB,2019-04-26,2019-05-10,time_exit,-8.94,35.591304779052734,32.517147064208984,11,True,267.7,13197.37
3070,GLW,2019-04-26,2019-05-10,time_exit,-8.8,27.691442489624023,25.33788299560547,11,True,267.7,13173.81
3071,WDC,2019-04-26,2019-05-10,time_exit,-10.24,36.76775741577149,33.11409378051758,11,True,267.7,13146.4
3072,HD,2019-04-29,2019-05-13,time_exit,-6.15,169.07754516601562,159.1918487548828,11,True,267.7,13129.93
3073,LOW,2019-04-29,2019-05-13,time_exit,-7.04,98.01760864257812,91.41437530517578,11,True,267.7,13111.09
3074,UPS,2019-04-29,2019-05-13,time_exit,-5.54,76.79597473144531,72.77449035644531,11,True,267.7,13096.25
3075,CSCO,2019-04-29,2019-05-13,time_exit,-8.91,45.51662063598633,41.59988021850586,11,True,267.7,13072.4
3076,AMD,2019-04-30,2019-05-14,time_exit,-1.42,27.6299991607666,27.31999969482422,11,True,266.31,13068.62
3077,ADP,2019-04-30,2019-05-14,time_exit,-3.88,140.25643920898438,135.23959350585938,11,True,266.31,13058.29
3078,INTC,2019-04-30,2019-05-14,time_exit,-11.26,44.20454025268555,39.36025238037109,11,True,266.31,13028.3
3079,AMGN,2019-05-01,2019-05-15,time_exit,-3.86,140.33970642089844,135.3440704345703,11,True,265.62,13018.05
3080,CME,2019-05-01,2019-05-15,time_exit,3.43,133.3408966064453,138.30789184570312,11,True,265.62,13027.16
3081,GD,2019-05-02,2019-05-16,time_exit,-3.0,147.98980712890625,143.98843383789062,11,True,266.37,13019.17
3082,COST,2019-05-02,2019-05-16,time_exit,1.93,219.3488922119141,224.24603271484372,11,True,266.37,13024.31
3083,SPGI,2019-05-02,2019-05-16,time_exit,-1.17,192.76141357421875,191.0926818847656,11,True,266.37,13021.19
3084,PWR,2019-05-02,2019-05-16,time_exit,-10.24,39.06919860839844,35.18683624267578,11,True,266.37,12993.92
3085,AMAT,2019-05-02,2019-05-16,time_exit,-4.97,40.61165618896485,38.7158317565918,11,True,266.37,12980.68
3086,TJX,2019-05-02,2019-05-16,time_exit,-3.11,49.28396987915039,47.90048599243164,11,True,266.37,12972.39
3087,MRVL,2019-05-03,2019-05-17,time_exit,-8.68,23.837703704833984,21.839160919189453,11,True,267.93,12949.14
3088,PGR,2019-05-03,2019-05-17,time_exit,4.12,61.01313400268555,63.7100715637207,11,True,267.93,12960.18
3089,ICE,2019-05-03,2019-05-17,time_exit,1.62,72.6150131225586,74.0091781616211,11,True,267.93,12964.52
3090,ORCL,2019-05-06,2019-05-20,time_exit,-2.47,49.375274658203125,48.30405426025391,11,True,267.96,12957.9
3091,BKNG,2019-05-06,2019-05-20,time_exit,-2.98,70.52235412597656,68.6313247680664,11,True,267.96,12949.91
3092,COP,2019-05-06,2019-05-20,time_exit,1.12,47.7705078125,48.450679779052734,11,True,267.96,12952.91
3093,V,2019-05-06,2019-05-20,time_exit,0.59,153.8973388671875,155.26431274414062,11,True,267.96,12954.49
3094,WFC,2019-05-07,2019-05-21,time_exit,-1.13,38.57194519042969,38.25129699707031,11,True,267.58,12951.47
3095,BRK-B,2019-05-07,2019-05-21,time_exit,-3.2,209.42999267578125,203.3600006103516,11,True,267.58,12942.91
3096,LLY,2019-05-07,2019-05-21,time_exit,1.7,104.63188934326172,106.72012329101562,11,True,267.58,12947.46
3097,ACN,2019-05-07,2019-05-21,time_exit,2.94,155.45846557617188,160.49024963378906,11,True,267.58,12955.32
3098,MS,2019-05-07,2019-05-21,time_exit,-5.27,37.45529556274414,35.594966888427734,11,True,267.58,12941.22
3099,MAR,2019-05-07,2019-05-21,time_exit,-4.53,127.63947296142578,122.2373504638672,11,True,267.58,12929.1
3100,C,2019-05-07,2019-05-21,time_exit,-3.35,53.20392227172852,51.580326080322266,11,True,267.58,12920.14
3101,XOM,2019-05-07,2019-05-21,time_exit,0.23,54.92605209350586,55.21530151367188,11,True,267.58,12920.75
3102,TXN,2019-05-07,2019-05-21,time_exit,-6.38,93.1651840209961,87.49824523925781,11,True,267.58,12903.68
3103,FCX,2019-05-07,2019-05-21,time_exit,-9.83,10.485193252563477,9.486166000366213,11,True,267.58,12877.38
3104,CSX,2019-05-07,2019-05-21,time_exit,-0.21,23.611007690429688,23.632118225097656,11,True,267.58,12876.82
3105,ADI,2019-05-07,2019-05-21,time_exit,-12.44,99.631591796875,87.5369644165039,11,True,267.58,12843.53
3106,JPM,2019-05-07,2019-05-21,time_exit,-1.61,93.19027709960938,91.9719696044922,11,True,267.58,12839.22
3110,TMUS,2019-05-08,2019-05-22,time_exit,4.82,69.05706024169922,72.59407043457031,11,True,266.75,12852.08
3117,PANW,2019-05-09,2019-05-23,time_exit,-9.57,39.63833236694336,35.96500015258789,11,True,265.28,12826.69
3118,WMT,2019-05-09,2019-05-23,time_exit,2.03,30.01521873474121,30.714792251586918,11,True,265.28,12832.08
3119,GOOG,2019-05-09,2019-05-23,time_exit,-2.16,57.61106491088867,56.54000854492188,11,True,265.28,12826.35
3120,ABT,2019-05-09,2019-05-23,time_exit,-1.33,66.9623794555664,66.27012634277344,11,True,265.28,12822.82
3121,RTX,2019-05-09,2019-05-23,time_exit,-4.46,72.65510559082031,69.63422393798828,11,True,265.28,12810.99
3122,MSFT,2019-05-09,2019-05-23,time_exit,0.61,117.18170928955078,118.25277709960938,11,True,265.28,12812.61
3123,VRTX,2019-05-09,2019-05-23,time_exit,1.52,169.91000366210938,173.00999450683594,11,True,265.28,12816.64
3147,MO,2019-05-10,2019-05-24,time_exit,0.26,29.732776641845703,29.89824676513672,11,True,262.93,12817.32
3148,NEM,2019-05-10,2019-05-24,time_exit,5.57,24.904504776000977,26.36656188964844,11,True,262.93,12831.97
3149,SYK,2019-05-10,2019-05-24,time_exit,-1.65,173.4192352294922,171.0767059326172,11,True,262.93,12827.63
3150,MPC,2019-05-10,2019-05-24,time_exit,-4.69,42.29830932617188,40.43995666503906,11,True,262.93,12815.3
3151,PM,2019-05-10,2019-05-24,time_exit,-0.18,58.524227142333984,58.593448638916016,11,True,262.93,12814.82
3152,MCO,2019-05-10,2019-05-24,time_exit,-2.1,177.29275512695312,174.10337829589844,11,True,262.93,12809.3
3163,MMM,2019-05-13,2019-05-28,time_exit,-5.66,112.10226440429688,106.09859466552734,11,True,261.45,12794.5
3164,CMCSA,2019-05-13,2019-05-28,time_exit,0.15,32.178932189941406,32.32353591918945,11,True,261.45,12794.9
3165,SBUX,2019-05-13,2019-05-28,time_exit,-1.58,65.35652923583984,64.52124786376953,11,True,261.45,12790.77
3166,GILD,2019-05-13,2019-05-28,time_exit,-0.61,48.88265228271485,48.73030471801758,11,True,261.45,12789.17
3168,MRK,2019-05-15,2019-05-30,time_exit,2.45,59.10895156860352,60.7324447631836,11,True,260.54,12795.55
3169,GS,2019-05-15,2019-05-30,time_exit,-4.47,165.11839294433594,158.2366943359375,11,True,260.54,12783.91
3170,COF,2019-05-15,2019-05-30,time_exit,-1.45,79.01966094970703,78.10905456542969,11,True,260.54,12780.13
3171,REGN,2019-05-15,2019-05-30,time_exit,0.39,302.9907531738281,305.0809936523437,11,True,260.54,12781.15
3172,BMY,2019-05-15,2019-05-30,time_exit,-1.91,35.40376663208008,34.83432388305664,11,True,260.54,12776.17
3173,PWR,2019-05-17,2019-06-03,time_exit,0.58,34.489009857177734,34.79368209838867,11,True,259.29,12777.67
3174,JCI,2019-05-17,2019-06-03,time_exit,-0.17,33.58431625366211,33.62742614746094,11,True,259.29,12777.23
3175,CVS,2019-05-17,2019-06-03,time_exit,0.66,41.89530563354492,42.29936981201172,11,True,259.29,12778.94
3176,ANET,2019-05-20,2019-06-04,time_exit,3.68,15.309374809265137,15.9193754196167,11,True,259.09,12788.48
3177,GLW,2019-05-20,2019-06-04,time_exit,1.31,24.35858917236328,24.75037002563477,11,True,259.09,12791.87
3178,HD,2019-05-21,2019-06-05,time_exit,3.16,160.12014770507812,165.65655517578125,11,True,256.78,12799.99
3179,TJX,2019-05-21,2019-06-05,time_exit,-4.24,48.41867065429688,46.50955581665039,11,True,256.78,12789.1
3180,TSLA,2019-05-23,2019-06-07,time_exit,4.31,13.03266716003418,13.633333206176758,11,True,256.33,12800.15
3181,ORCL,2019-05-23,2019-06-07,time_exit,0.04,47.78195190429688,47.94397735595703,11,True,256.33,12800.25
3182,INTC,2019-05-23,2019-06-07,time_exit,3.07,38.80257034301758,40.10963821411133,11,True,256.33,12808.12
3183,QCOM,2019-05-23,2019-06-07,time_exit,1.25,57.71540069580078,58.609825134277344,11,True,256.33,12811.32
3184,BKNG,2019-05-23,2019-06-07,time_exit,3.27,67.24869537353516,69.65205383300781,11,True,256.33,12819.71
3185,UNP,2019-05-23,2019-06-07,time_exit,-0.17,146.4003448486328,146.5869903564453,11,True,256.33,12819.27
3186,WMB,2019-05-23,2019-06-07,time_exit,3.9,18.30535316467285,19.07390022277832,11,True,256.33,12829.27
3187,WFC,2019-05-23,2019-06-07,time_exit,-0.15,37.61555480957031,37.6733512878418,11,True,256.33,12828.88
3188,JPM,2019-05-23,2019-06-07,time_exit,0.18,89.42839813232422,89.85645294189453,11,True,256.33,12829.34
3189,COP,2019-05-24,2019-06-10,time_exit,-1.34,46.45677947998047,45.97576522827149,11,True,256.19,12825.91
3190,BNY,2019-05-24,2019-06-10,time_exit,-0.88,36.89085388183594,36.67846298217773,11,True,256.19,12823.66
3191,CSX,2019-05-24,2019-06-10,time_exit,5.08,22.594409942626957,23.808935165405277,11,True,256.19,12836.67
3192,PANW,2019-05-24,2019-06-10,time_exit,-8.31,36.04333114624024,33.154998779296875,11,True,256.19,12815.38
3193,GD,2019-05-24,2019-06-10,time_exit,5.41,139.0546417236328,146.98944091796875,11,True,256.19,12829.24
3194,IBM,2019-05-28,2019-06-11,time_exit,3.91,92.23794555664062,96.11947631835938,11,True,255.78,12839.24
3195,NOW,2019-05-29,2019-06-12,time_exit,1.1,52.8380012512207,53.57600021362305,11,True,255.78,12842.06
3196,C,2019-05-29,2019-06-12,time_exit,4.57,49.73036575317383,52.15013885498047,11,True,255.78,12853.74
3197,MS,2019-05-29,2019-06-12,time_exit,0.72,33.830848693847656,34.175655364990234,11,True,255.78,12855.59
3198,STX,2019-05-29,2019-06-12,time_exit,-0.51,33.87248992919922,33.802791595458984,11,True,255.78,12854.28
3199,KLAC,2019-05-29,2019-06-12,time_exit,6.19,9.488100051879885,10.10387897491455,11,True,255.78,12870.11
3200,CAT,2019-05-29,2019-06-12,time_exit,4.33,104.94207763671876,109.79696655273438,11,True,255.78,12881.19
3201,PM,2019-05-29,2019-06-12,time_exit,-5.14,56.170509338378906,53.44991302490234,11,True,255.78,12868.04
3202,PEP,2019-05-29,2019-06-12,time_exit,4.34,102.50391387939452,107.25829315185548,11,True,255.78,12879.14
3203,ISRG,2019-05-29,2019-06-12,time_exit,6.05,157.30999755859375,167.30667114257812,11,True,255.78,12894.62
3204,MAR,2019-05-29,2019-06-12,time_exit,6.35,117.94888305664062,125.79825592041016,11,True,255.78,12910.86
3205,USB,2019-05-29,2019-06-12,time_exit,3.83,37.514434814453125,39.06393432617188,11,True,255.78,12920.66
3206,PH,2019-05-29,2019-06-12,time_exit,5.39,140.9776611328125,148.99505615234375,11,True,255.78,12934.44
3207,ADI,2019-05-29,2019-06-12,time_exit,6.67,85.98574829101562,91.97837829589844,11,True,255.78,12951.51
3208,GE,2019-05-29,2019-06-12,time_exit,9.41,45.16588973999024,49.55233001708984,11,True,255.78,12975.57
3209,PSX,2019-05-29,2019-06-12,time_exit,0.3,62.223968505859375,62.59993362426758,11,True,255.78,12976.34
3210,UPS,2019-05-29,2019-06-12,time_exit,5.64,70.08370971679688,74.24720001220703,11,True,255.78,12990.77
3211,BAC,2019-05-29,2019-06-12,time_exit,0.96,23.284210205078125,23.57874870300293,11,True,255.78,12993.22
3212,LOW,2019-05-29,2019-06-12,time_exit,3.03,81.43093872070312,84.13861846923828,11,True,255.78,13000.97
3213,MPC,2019-05-29,2019-06-12,time_exit,-4.42,39.39458084106445,37.77023696899414,11,True,255.78,12989.67
3214,AMAT,2019-05-29,2019-06-12,time_exit,5.11,36.7747917175293,38.764381408691406,11,True,255.78,13002.74
3215,RTX,2019-05-29,2019-06-12,time_exit,-4.47,69.11109924316406,66.22856903076172,11,True,255.78,12991.31
3216,MO,2019-05-29,2019-06-12,time_exit,2.49,28.63727378845215,29.43608856201172,11,True,255.78,12997.67
3224,FCX,2019-05-30,2019-06-13,time_exit,9.99,9.000401496887207,9.926101684570312,11,True,255.52,13023.2
3225,GILD,2019-05-30,2019-06-13,time_exit,6.47,48.25038528442383,51.516849517822266,11,True,255.52,13039.73
3226,MMM,2019-05-30,2019-06-13,time_exit,4.85,104.29944610595705,109.67095184326172,11,True,255.52,13052.13
3227,NVDA,2019-05-30,2019-06-13,time_exit,6.28,3.452099323272705,3.679162979125977,11,True,255.52,13068.17
3228,PNC,2019-05-30,2019-06-13,time_exit,3.68,99.07257080078124,103.01665496826172,11,True,255.52,13077.58
3240,AXP,2019-06-03,2019-06-17,time_exit,5.66,104.2824478149414,110.49642181396484,11,True,255.58,13092.04
3241,APH,2019-06-03,2019-06-17,time_exit,7.0,20.364192962646484,21.850488662719727,11,True,255.58,13109.93
3242,PG,2019-06-03,2019-06-17,time_exit,6.63,86.32597351074219,92.30561065673828,11,True,255.58,13126.88
3247,META,2019-06-04,2019-06-18,time_exit,12.22,166.0419158935547,186.8293609619141,11,True,255.84,13158.14
3248,EQIX,2019-06-04,2019-06-18,time_exit,4.31,420.1312255859375,439.5024719238281,11,True,255.84,13169.17
3252,ANET,2019-06-07,2019-06-21,time_exit,2.52,15.40250015258789,15.836874961853027,11,True,256.59,13175.63
3253,WDC,2019-06-14,2019-06-28,time_exit,32.08,26.23277473449707,34.72813415527344,11,True,261.55,13259.54
3254,MU,2019-06-14,2019-06-28,time_exit,17.86,31.847978591918945,37.63054275512695,11,True,261.55,13306.25
3255,PM,2019-06-18,2019-07-02,time_exit,4.69,53.38068008422852,56.04175567626953,11,True,263.38,13318.6
3256,SCHW,2019-06-18,2019-07-02,time_exit,-2.06,36.951271057128906,36.30094146728516,11,True,263.38,13313.18
3257,UNP,2019-06-19,2019-07-03,time_exit,3.24,141.4385223388672,146.44207763671875,11,True,263.38,13321.71
3258,TT,2019-06-19,2019-07-03,time_exit,1.18,87.25294494628906,88.54352569580078,11,True,263.38,13324.82
3259,BNY,2019-06-20,2019-07-05,time_exit,2.97,35.22439193725586,36.37620162963867,11,True,263.38,13332.64
3260,USB,2019-06-20,2019-07-05,time_exit,3.35,38.6710090637207,40.08323287963867,11,True,263.38,13341.47
3261,PNC,2019-06-20,2019-07-05,time_exit,6.22,102.3772964477539,109.05609893798828,11,True,263.38,13357.85
3262,ABBV,2019-06-21,2019-07-08,time_exit,-9.9,58.25640487670898,52.66591262817383,11,True,263.51,13331.76
3263,CVS,2019-06-24,2019-07-09,time_exit,2.88,42.101295471191406,43.44023132324219,11,True,263.51,13339.35
3264,AMD,2019-06-24,2019-07-09,time_exit,12.99,29.26000022888184,33.150001525878906,11,True,263.51,13373.58
3265,JPM,2019-06-24,2019-07-09,time_exit,4.75,89.44486236572266,93.96607971191406,11,True,263.51,13386.1
3266,MCK,2019-06-24,2019-07-09,time_exit,5.88,124.8580322265625,132.5801239013672,11,True,263.51,13401.59
3267,MS,2019-06-25,2019-07-10,time_exit,1.22,34.207725524902344,34.72895431518555,11,True,263.51,13404.81
3268,CRM,2019-06-25,2019-07-10,time_exit,4.34,146.80029296875,153.61244201660156,11,True,263.51,13416.24
3269,WMB,2019-06-25,2019-07-10,time_exit,7.28,18.407405853271484,19.802221298217773,11,True,263.51,13435.43
3270,PANW,2019-06-25,2019-07-10,time_exit,7.83,33.09000015258789,35.779998779296875,11,True,263.51,13456.06
3271,MDT,2019-06-26,2019-07-11,time_exit,3.12,79.17020416259766,81.88153839111328,11,True,263.51,13464.28
3272,REGN,2019-06-26,2019-07-11,time_exit,-4.65,302.2279663085937,289.0919189453125,11,True,263.51,13452.03
3273,MO,2019-06-26,2019-07-11,time_exit,2.45,27.78431701660156,28.54934310913086,11,True,263.51,13458.48
3274,ELV,2019-06-26,2019-07-11,time_exit,8.68,252.9507293701172,275.665771484375,11,True,263.51,13481.36
3275,VZ,2019-06-26,2019-07-11,time_exit,0.63,37.73627471923828,38.08664321899414,11,True,263.51,13483.02
3276,LIN,2019-06-27,2019-07-12,time_exit,1.93,180.2938995361328,184.31483459472656,11,True,263.51,13488.1
3277,CB,2019-06-27,2019-07-12,time_exit,1.2,131.63433837890625,133.6112060546875,11,True,263.51,13491.27
3278,ADP,2019-06-27,2019-07-12,time_exit,0.38,140.60452270507812,141.564697265625,11,True,263.51,13492.27
3279,SO,2019-06-27,2019-07-12,time_exit,0.77,41.76285171508789,42.2101936340332,11,True,263.51,13494.3
3280,PG,2019-06-28,2019-07-15,time_exit,5.02,91.19114685058594,96.03973388671876,11,True,266.13,13507.66
3281,LLY,2019-06-28,2019-07-15,time_exit,-2.39,101.41983795166016,99.29605102539062,11,True,266.13,13501.29
3282,UNH,2019-06-28,2019-07-15,time_exit,8.7,216.4608917236328,235.93272399902344,11,True,266.13,13524.45
3283,JNJ,2019-06-28,2019-07-15,time_exit,-3.58,114.12557220458984,110.3809814453125,11,True,266.13,13514.92
3284,CSCO,2019-06-28,2019-07-15,time_exit,6.44,44.381324768066406,47.37063217163086,11,True,266.13,13532.06
3285,WELL,2019-07-01,2019-07-16,time_exit,3.26,66.15495300292969,68.51013946533203,11,True,266.13,13540.73
3286,NEE,2019-07-01,2019-07-16,time_exit,1.59,42.56938171386719,43.37478256225586,11,True,266.13,13544.97
3287,BA,2019-07-02,2019-07-17,time_exit,4.04,347.8520202636719,362.9384460449219,11,True,266.26,13555.72
3288,ETN,2019-07-05,2019-07-19,time_exit,-2.68,71.60152435302734,69.89483642578125,11,True,267.16,13548.56
3289,COP,2019-07-05,2019-07-19,time_exit,0.93,46.47229766845703,47.04376602172852,11,True,267.16,13551.05
3290,PH,2019-07-05,2019-07-19,time_exit,1.49,150.6129608154297,153.30653381347656,11,True,267.16,13555.03
3291,MMM,2019-07-05,2019-07-19,time_exit,0.05,111.71693420410156,112.11312103271484,11,True,267.16,13555.16
3292,TT,2019-07-05,2019-07-19,time_exit,-0.39,88.02165222167969,87.94407653808594,11,True,267.16,13554.12
3293,VRTX,2019-07-08,2019-07-22,time_exit,-1.81,176.75,174.0800018310547,11,True,266.64,13549.29
3294,PEP,2019-07-09,2019-07-23,time_exit,-1.06,106.13046264648438,105.32484436035156,11,True,268.03,13546.45
3295,FCX,2019-07-09,2019-07-23,time_exit,7.36,9.96276569366455,10.725979804992676,11,True,268.03,13566.18
3296,BNY,2019-07-09,2019-07-23,time_exit,7.35,35.4531135559082,38.16519927978516,11,True,268.03,13585.88
3297,STX,2019-07-09,2019-07-23,time_exit,3.37,36.175537109375,37.503448486328125,11,True,268.03,13594.91
3298,AMGN,2019-07-09,2019-07-23,time_exit,-3.37,145.92764282226562,141.44349670410156,11,True,268.03,13585.88
3299,AVGO,2019-07-09,2019-07-23,time_exit,8.86,23.167137145996094,25.290206909179688,11,True,268.03,13609.63
3300,GE,2019-07-09,2019-07-23,time_exit,3.6,49.45528793334961,51.385250091552734,11,True,268.03,13619.28
3301,DE,2019-07-09,2019-07-23,time_exit,2.76,148.2910614013672,152.83010864257812,11,True,268.03,13626.67
3302,GLW,2019-07-09,2019-07-23,time_exit,1.37,27.368745803833008,27.824481964111328,11,True,268.03,13630.35
3303,CAT,2019-07-10,2019-07-24,time_exit,-0.09,114.58279418945312,114.82898712158205,11,True,269.12,13630.1
3304,PFE,2019-07-11,2019-07-25,time_exit,-1.02,28.64398765563965,28.437389373779297,11,True,269.66,13627.35
3305,QCOM,2019-07-11,2019-07-25,time_exit,1.92,62.89316177368164,64.29249572753906,11,True,269.66,13632.53
3306,REGN,2019-07-12,2019-07-26,time_exit,5.38,289.8249816894531,306.2896728515625,11,True,269.89,13647.05
3307,BMY,2019-07-12,2019-07-26,time_exit,2.18,33.90977478027344,34.75235366821289,11,True,269.89,13652.94
3308,TMO,2019-07-12,2019-07-26,time_exit,-1.58,285.5332946777344,281.8726501464844,11,True,269.89,13648.67
3309,NFLX,2019-07-15,2019-07-29,time_exit,-9.55,36.65999984741211,33.27000045776367,11,True,270.64,13622.82
3310,JNJ,2019-07-16,2019-07-30,time_exit,-0.62,108.57012176513672,108.2259750366211,11,True,270.9,13621.15
3311,BAC,2019-07-16,2019-07-30,time_exit,6.25,24.45608711242676,26.058935165405277,11,True,270.9,13638.08
3312,PNC,2019-07-16,2019-07-30,time_exit,2.83,106.89144897460938,110.23328399658205,11,True,270.9,13645.74
3313,ABT,2019-07-16,2019-07-30,time_exit,5.89,73.14112854003906,77.67066192626953,11,True,270.9,13661.7
3314,XOM,2019-07-17,2019-07-31,time_exit,-1.78,54.65771484375,53.8466682434082,11,True,271.11,13656.87
3315,DHR,2019-07-17,2019-07-31,time_exit,0.31,119.83387756347656,120.56326293945312,11,True,271.11,13657.71
3316,BX,2019-07-17,2019-07-31,time_exit,6.7,35.059818267822266,37.51253890991211,11,True,271.11,13675.88
3317,SLB,2019-07-17,2019-07-31,time_exit,3.17,32.20645523071289,33.323631286621094,11,True,271.11,13684.47
3318,MPC,2019-07-18,2019-08-01,time_exit,-0.3,44.51692581176758,44.51692581176758,11,True,271.11,13683.66
3319,EQIX,2019-07-18,2019-08-01,time_exit,1.77,447.3102722167969,456.5505065917969,11,True,271.11,13688.46
3320,ORCL,2019-07-18,2019-08-01,time_exit,-4.15,52.53068542480469,50.5060920715332,11,True,271.11,13677.21
3321,MSFT,2019-07-18,2019-08-01,time_exit,0.9,127.8494873046875,129.3864288330078,11,True,271.11,13679.65
3322,VRT,2019-07-18,2019-08-01,time_exit,0.09,10.10625171661377,10.146039962768556,11,True,271.11,13679.89
3323,COF,2019-07-18,2019-08-01,time_exit,2.56,78.47154998779297,80.71710205078125,11,True,271.11,13686.83
3324,PGR,2019-07-18,2019-08-01,time_exit,-1.62,66.63518524169922,65.75701904296875,11,True,271.11,13682.44
3325,CSX,2019-07-18,2019-08-01,time_exit,-5.94,21.738853454589844,20.51314926147461,11,True,271.11,13666.33
3326,JCI,2019-07-18,2019-08-01,time_exit,1.74,35.732505798339844,36.46156692504883,11,True,271.11,13671.05
3327,SO,2019-07-18,2019-08-01,time_exit,1.21,42.55898284912109,43.20347213745117,11,True,271.11,13674.33
3328,BRK-B,2019-07-18,2019-08-01,time_exit,-3.31,207.97999572753903,201.7100067138672,11,True,271.11,13665.36
3329,NOW,2019-07-19,2019-08-02,time_exit,-8.54,57.948001861572266,53.172000885009766,11,True,271.08,13642.21
3330,DIS,2019-07-19,2019-08-02,time_exit,1.03,134.785888671875,136.57852172851562,11,True,271.08,13645.0
3331,AXP,2019-07-19,2019-08-02,time_exit,-0.71,113.9176254272461,113.45216369628906,11,True,271.08,13643.08
3332,CDNS,2019-07-19,2019-08-02,time_exit,-2.56,72.91999816894531,71.2699966430664,11,True,271.08,13636.14
3333,WELL,2019-07-22,2019-08-05,time_exit,1.86,67.21516418457031,68.66389465332031,11,True,270.99,13641.18
3334,LOW,2019-07-22,2019-08-05,time_exit,-5.16,89.57141876220703,85.21578216552734,11,True,270.99,13627.19
3335,KKR,2019-07-22,2019-08-05,time_exit,-6.54,24.24168968200684,22.7293701171875,11,True,270.99,13609.47
3336,BLK,2019-07-22,2019-08-05,time_exit,-9.22,399.0666198730469,363.4788818359375,11,True,270.99,13584.49
3337,LMT,2019-07-23,2019-08-06,time_exit,2.21,295.13653564453125,302.5438232421875,11,True,272.61,13590.51
3338,VZ,2019-07-23,2019-08-06,time_exit,-1.08,37.12310409545898,36.83538436889648,11,True,272.61,13587.57
3339,T,2019-07-23,2019-08-06,time_exit,5.53,15.033361434936523,15.909409523010254,11,True,272.61,13602.64
3340,GILD,2019-07-23,2019-08-06,time_exit,-3.94,51.06312942504883,49.202091217041016,11,True,272.61,13591.9
3341,TT,2019-07-23,2019-08-06,time_exit,-4.29,87.76775360107422,84.26972961425781,11,True,272.61,13580.21
3342,ELV,2019-07-24,2019-08-07,time_exit,-1.13,262.08575439453125,259.89947509765625,11,True,272.6,13577.13
3343,UNH,2019-07-24,2019-08-07,time_exit,-2.16,222.77700805664065,218.6254119873047,11,True,272.6,13571.24
3344,NEE,2019-07-24,2019-08-07,time_exit,1.04,43.82963943481445,44.41594696044922,11,True,272.6,13574.07
3345,ICE,2019-07-24,2019-08-07,time_exit,1.49,81.5887451171875,83.0513916015625,11,True,272.6,13578.13
3346,WMT,2019-07-24,2019-08-07,time_exit,-3.69,33.77238845825195,32.62653732299805,11,True,272.6,13568.08
3347,VRTX,2019-07-24,2019-08-07,time_exit,1.03,173.33999633789062,175.64999389648438,11,True,272.6,13570.88
3348,META,2019-07-24,2019-08-07,time_exit,-9.83,202.87841796875,183.53823852539065,11,True,272.6,13544.09
3349,GOOGL,2019-07-25,2019-08-08,time_exit,5.88,56.29779815673828,59.77942657470703,11,True,272.65,13560.12
3350,PG,2019-07-25,2019-08-08,time_exit,3.84,94.39330291748048,98.30232238769533,11,True,272.65,13570.59
3351,PEP,2019-07-25,2019-08-08,time_exit,0.07,103.91503143310548,104.30172729492188,11,True,272.65,13570.78
3352,APH,2019-07-25,2019-08-08,time_exit,-5.75,21.988710403442383,20.789236068725582,11,True,272.65,13555.1
3353,GOOG,2019-07-25,2019-08-08,time_exit,6.12,56.11127853393555,59.713523864746094,11,True,272.65,13571.79
3354,CVX,2019-07-26,2019-08-09,time_exit,-1.35,90.27178955078124,89.32322692871094,11,True,272.97,13568.1
3355,NEM,2019-07-26,2019-08-09,time_exit,4.39,30.92000961303711,32.3714485168457,11,True,272.97,13580.09
3356,TSLA,2019-07-26,2019-08-09,time_exit,2.76,15.202667236328123,15.667332649230955,11,True,272.97,13587.62
3357,AMGN,2019-07-26,2019-08-09,time_exit,11.63,140.905029296875,157.7085418701172,11,True,272.97,13619.37
3358,ADBE,2019-07-29,2019-08-12,time_exit,-6.34,307.2200012207031,288.6499938964844,11,True,272.46,13602.09
3359,COP,2019-07-30,2019-08-13,time_exit,-9.78,46.40434265136719,42.006439208984375,11,True,273.23,13575.37
3360,PWR,2019-07-30,2019-08-13,time_exit,-11.79,37.4081916809082,33.10851287841797,11,True,273.23,13543.16
3361,WMB,2019-07-30,2019-08-13,time_exit,-4.82,17.191238403320312,16.414819717407227,11,True,273.23,13529.99
3362,ABBV,2019-07-30,2019-08-13,time_exit,-3.53,50.43592834472656,48.80679702758789,11,True,273.23,13520.34
3363,CRM,2019-07-30,2019-08-13,time_exit,-8.63,154.2907257080078,141.43313598632812,11,True,273.23,13496.76
3368,TJX,2019-07-31,2019-08-14,time_exit,-5.63,49.60050582885742,46.95673370361328,11,True,273.69,13481.35
3369,ISRG,2019-07-31,2019-08-14,time_exit,-3.97,173.1699981689453,166.82000732421875,11,True,273.69,13470.49
3370,PLD,2019-07-31,2019-08-14,time_exit,-0.73,66.4247817993164,66.13638305664062,11,True,273.69,13468.49
3371,FCX,2019-07-31,2019-08-14,time_exit,-15.67,10.182777404785156,8.617610931396484,11,True,273.69,13425.6
3373,STX,2019-08-01,2019-08-15,time_exit,-3.93,36.34841537475586,35.02836608886719,11,True,273.31,13414.86
3374,JPM,2019-08-01,2019-08-15,time_exit,-7.15,93.62618255615234,87.20980072021484,11,True,273.31,13395.32
3375,MU,2019-08-01,2019-08-15,time_exit,-3.42,42.5159797668457,41.18979644775391,11,True,273.31,13385.97
3376,AVGO,2019-08-01,2019-08-15,time_exit,-6.15,23.991979598999023,22.587810516357425,11,True,273.31,13369.16
3377,DHR,2019-08-01,2019-08-15,time_exit,-2.46,120.32296752929688,117.7229232788086,11,True,273.31,13362.44
3378,SCHW,2019-08-01,2019-08-15,time_exit,-11.35,37.29449844360352,33.17226791381836,11,True,273.31,13331.42
3379,MRVL,2019-08-01,2019-08-15,time_exit,-6.42,24.82390594482422,23.30447196960449,11,True,273.31,13313.87
3380,ADI,2019-08-01,2019-08-15,time_exit,-5.55,100.87039947509766,95.57394409179688,11,True,273.31,13298.71
3381,USB,2019-08-02,2019-08-16,time_exit,-5.98,41.38997268676758,39.0378532409668,11,True,272.72,13282.4
3382,TMUS,2019-08-02,2019-08-16,time_exit,-0.27,73.90618133544922,73.92520141601562,11,True,272.72,13281.66
3383,BRK-B,2019-08-02,2019-08-16,time_exit,-1.76,202.6699981689453,199.72000122070312,11,True,272.72,13276.86
3384,ORCL,2019-08-02,2019-08-16,time_exit,-4.33,50.46995162963867,48.43631362915039,11,True,272.72,13265.05
3385,AMD,2019-08-02,2019-08-16,time_exit,5.61,29.440000534057617,31.18000030517578,11,True,272.72,13280.35
3386,BNY,2019-08-02,2019-08-16,time_exit,-8.34,37.84967041015625,34.807220458984375,11,True,272.72,13257.61
3402,NFLX,2019-08-05,2019-08-19,time_exit,0.27,30.76300048828125,30.9379997253418,11,True,271.69,13258.34
3403,WDC,2019-08-05,2019-08-19,time_exit,8.23,38.52595520019531,41.812530517578125,11,True,271.69,13280.7
3404,FTNT,2019-08-05,2019-08-19,time_exit,0.07,16.172000885009766,16.23200035095215,11,True,271.69,13280.89
3405,HWM,2019-08-05,2019-08-19,time_exit,5.94,17.77351951599121,18.882478713989254,11,True,271.69,13297.03
3407,HCA,2019-08-06,2019-08-20,time_exit,-1.22,117.26486206054688,116.1896514892578,11,True,271.6,13293.72
3408,WFC,2019-08-06,2019-08-20,time_exit,-4.02,38.74667739868164,37.3043212890625,11,True,271.6,13282.8
3409,LOW,2019-08-06,2019-08-20,time_exit,-0.35,85.98855590820312,85.94466400146484,11,True,271.6,13281.85
3410,MCK,2019-08-06,2019-08-20,time_exit,3.86,132.35159301757812,137.85516357421875,11,True,271.6,13292.33
3411,CVS,2019-08-06,2019-08-20,time_exit,13.51,43.2381477355957,49.2094841003418,11,True,271.6,13329.02
3416,XOM,2019-08-07,2019-08-21,time_exit,-0.18,51.0515022277832,51.11444091796875,11,True,270.88,13328.54
3417,VLO,2019-08-07,2019-08-21,time_exit,3.12,57.959571838378906,59.93973922729492,11,True,270.88,13336.99
3418,GLW,2019-08-07,2019-08-21,time_exit,-2.47,23.62346649169922,23.10972595214844,11,True,270.88,13330.3
3419,LRCX,2019-08-07,2019-08-21,time_exit,5.59,18.09375762939453,19.15858459472656,11,True,270.88,13345.44
3420,MS,2019-08-07,2019-08-21,time_exit,-1.83,32.777435302734375,32.27640914916992,11,True,270.88,13340.48
3421,JNJ,2019-08-07,2019-08-21,time_exit,0.71,106.69368743896484,107.77530670166016,11,True,270.88,13342.41
3422,ETN,2019-08-07,2019-08-21,time_exit,0.42,68.94125366210938,69.43565368652344,11,True,270.88,13343.54
3438,VRT,2019-08-09,2019-08-23,time_exit,-0.25,10.136091232299805,10.141064643859863,11,True,272.39,13342.86
3439,WMT,2019-08-12,2019-08-26,time_exit,6.13,31.884132385253903,33.93561172485352,11,True,272.04,13359.54
3440,MPC,2019-08-13,2019-08-27,time_exit,-3.08,37.91497421264648,36.86007308959961,11,True,269.94,13351.22
3441,PNC,2019-08-13,2019-08-27,time_exit,-5.36,101.5572280883789,96.41529083251952,11,True,269.94,13336.76
3442,ANET,2019-08-13,2019-08-27,time_exit,-3.35,14.426250457763672,13.986249923706056,11,True,269.94,13327.71
3443,DE,2019-08-13,2019-08-27,time_exit,1.69,133.6026611328125,136.26255798339844,11,True,269.94,13332.27
3444,NVDA,2019-08-14,2019-08-28,time_exit,7.24,3.72407865524292,4.004733085632324,11,True,268.51,13351.71
3445,APH,2019-08-14,2019-08-28,time_exit,-0.39,19.976322174072266,19.95757484436035,11,True,268.51,13350.67
3446,DELL,2019-08-14,2019-08-28,time_exit,-7.09,22.376480102539062,20.85708999633789,11,True,268.51,13331.63
3447,WMB,2019-08-14,2019-08-28,time_exit,0.65,15.87887954711914,16.030040740966797,11,True,268.51,13333.38
3448,NOW,2019-08-14,2019-08-28,time_exit,2.87,50.46200180053711,52.06399917602539,11,True,268.51,13341.08
3449,CRM,2019-08-14,2019-08-28,time_exit,8.37,137.34390258789062,149.24794006347656,11,True,268.51,13363.56
3450,META,2019-08-14,2019-08-28,time_exit,0.84,178.14559936523438,180.177734375,11,True,268.51,13365.81
3451,RTX,2019-08-15,2019-08-29,time_exit,4.36,66.4453125,69.54366302490234,11,True,265.97,13377.41
3452,TJX,2019-08-15,2019-08-29,time_exit,10.06,45.83372116088867,50.58144760131836,11,True,265.97,13404.17
3453,TT,2019-08-15,2019-08-29,time_exit,2.89,82.1328353881836,84.75634765625,11,True,265.97,13411.85
3454,BA,2019-08-15,2019-08-29,time_exit,10.29,324.1682434082031,358.5023803710937,11,True,265.97,13439.22
3455,PFE,2019-08-15,2019-08-29,time_exit,2.17,23.194154739379883,23.76593589782715,11,True,265.97,13444.99
3456,ELV,2019-08-15,2019-08-29,time_exit,-5.52,248.6598663330078,235.6694793701172,11,True,265.97,13430.31
3457,LIN,2019-08-15,2019-08-29,time_exit,0.25,168.6465301513672,169.56825256347656,11,True,265.97,13430.98
3458,PWR,2019-08-15,2019-08-29,time_exit,3.0,31.937671661376957,32.990455627441406,11,True,265.97,13438.95
3459,AMAT,2019-08-16,2019-08-30,time_exit,3.15,43.55622100830078,45.057071685791016,11,True,265.15,13447.31
3460,UNH,2019-08-21,2019-09-05,time_exit,-4.78,213.2141265869141,203.6688995361328,11,True,266.87,13434.55
3461,ADI,2019-08-22,2019-09-06,time_exit,3.94,95.73257446289062,99.7917251586914,11,True,266.87,13445.07
3462,LLY,2019-08-23,2019-09-09,time_exit,1.12,100.81009674072266,102.24613189697266,11,True,266.86,13448.05
3463,JCI,2019-08-23,2019-09-09,time_exit,3.58,35.83666229248047,37.225341796875,11,True,266.86,13457.61
3464,CAT,2019-08-23,2019-09-09,time_exit,11.26,99.2903823852539,110.77239227294922,11,True,266.86,13487.66
3465,MMM,2019-08-23,2019-09-09,time_exit,6.17,102.1535186767578,108.76708984375,11,True,266.86,13504.12
3466,MNST,2019-08-23,2019-09-09,time_exit,1.75,28.040000915527344,28.614999771118164,11,True,266.86,13508.79
3467,USB,2019-08-23,2019-09-09,time_exit,7.47,38.044715881347656,41.0016975402832,11,True,266.86,13528.72
3468,BLK,2019-08-23,2019-09-09,time_exit,6.34,343.19482421875,365.98736572265625,11,True,266.86,13545.64
3469,MRSH,2019-08-23,2019-09-09,time_exit,4.1,85.53961944580078,89.30421447753906,11,True,266.86,13556.58
3470,PGR,2019-08-23,2019-09-09,time_exit,1.82,61.6779899597168,62.98293685913086,11,True,266.86,13561.44
3471,UNP,2019-08-26,2019-09-10,time_exit,5.67,135.6251678466797,143.71656799316406,11,True,267.19,13576.59
3472,AMZN,2019-08-26,2019-09-10,time_exit,2.62,88.44349670410156,91.02749633789062,11,True,267.19,13583.59
3473,FCX,2019-08-26,2019-09-10,time_exit,14.18,8.13885498046875,9.31733226776123,11,True,267.19,13621.48
3474,COF,2019-08-27,2019-09-11,time_exit,10.5,73.79976654052734,81.7738037109375,11,True,266.65,13649.48
3475,NFLX,2019-08-27,2019-09-11,time_exit,-1.25,29.10300064086914,28.82699966430664,11,True,266.65,13646.14
3476,AXP,2019-08-27,2019-09-11,time_exit,-0.09,107.46517944335938,107.69330596923828,11,True,266.65,13645.9
3477,VRTX,2019-08-27,2019-09-11,time_exit,-3.18,178.25,173.11000061035156,11,True,266.65,13637.42
3478,MO,2019-08-27,2019-09-11,time_exit,-1.47,26.22529602050781,25.918123245239254,11,True,266.65,13633.51
3479,REGN,2019-08-28,2019-09-12,time_exit,-1.5,284.9510192871094,281.5233154296875,11,True,267.32,13629.5
3480,SLB,2019-08-28,2019-09-12,time_exit,18.23,26.36210060119629,31.2458610534668,11,True,267.32,13678.23
3481,BNY,2019-08-28,2019-09-12,time_exit,12.51,33.75469970703125,38.07991409301758,11,True,267.32,13711.67
3482,CDNS,2019-08-28,2019-09-12,time_exit,-1.3,66.81999969482422,66.1500015258789,11,True,267.32,13708.19
3483,CRWD,2019-08-28,2019-09-12,time_exit,-20.22,21.747499465942383,17.415000915527344,11,True,267.32,13654.14
3484,HCA,2019-08-28,2019-09-12,time_exit,8.16,112.28491973876952,121.780517578125,11,True,267.32,13675.95
3485,MAR,2019-08-28,2019-09-12,time_exit,5.42,119.25908660888672,126.08126831054688,11,True,267.32,13690.44
3486,WDC,2019-08-28,2019-09-12,time_exit,20.77,39.02989959716797,47.253639221191406,11,True,267.32,13745.97
3487,VLO,2019-08-28,2019-09-12,time_exit,14.74,55.62775421142578,63.99176025390625,11,True,267.32,13785.37
3488,ADBE,2019-08-28,2019-09-12,time_exit,-1.76,282.1300048828125,278.0199890136719,11,True,267.32,13780.66
3489,SCHW,2019-08-28,2019-09-12,time_exit,16.96,33.32651901245117,39.079044342041016,11,True,267.32,13826.0
3490,GLW,2019-08-28,2019-09-12,time_exit,11.0,22.687143325805664,25.24968147277832,11,True,267.32,13855.4
3491,UBER,2019-08-30,2019-09-16,time_exit,5.41,32.56999969482422,34.43000030517578,11,True,268.95,13869.95
3492,MCK,2019-09-03,2019-09-17,time_exit,3.01,132.8893280029297,137.28240966796875,11,True,268.95,13878.05
3493,CSCO,2019-09-03,2019-09-17,time_exit,5.96,37.94548034667969,40.32011032104492,11,True,268.95,13894.08
3494,ABBV,2019-09-03,2019-09-17,time_exit,9.18,49.09958267211914,53.75429534912109,11,True,268.95,13918.77
3495,SBUX,2019-09-04,2019-09-18,time_exit,-5.66,82.22776794433594,77.82162475585938,11,True,268.95,13903.55
3496,ELV,2019-09-05,2019-09-19,time_exit,1.71,227.89512634277344,232.47817993164065,11,True,268.69,13908.14
3497,INTU,2019-09-09,2019-09-23,time_exit,-2.8,262.35986328125,255.7984161376953,11,True,271.23,13900.55
3498,NEM,2019-09-10,2019-09-24,time_exit,5.67,31.649873733520508,33.539546966552734,11,True,272.43,13915.99
3499,LLY,2019-09-10,2019-09-24,time_exit,1.64,102.27378845214844,104.2529754638672,11,True,272.43,13920.46
3500,DHR,2019-09-10,2019-09-24,time_exit,5.53,117.20807647705078,124.03856658935548,11,True,272.43,13935.53
3501,MDT,2019-09-10,2019-09-24,time_exit,1.82,88.00627899169922,89.87320709228516,11,True,272.43,13940.48
3502,WELL,2019-09-10,2019-09-24,time_exit,1.17,71.83567810058594,72.89017486572266,11,True,272.43,13943.67
3503,MCO,2019-09-10,2019-09-24,time_exit,-0.72,199.3625640869141,198.53294372558597,11,True,272.43,13941.71
3504,LMT,2019-09-10,2019-09-24,time_exit,1.76,316.34771728515625,322.8601989746094,11,True,272.43,13946.5
3505,JNJ,2019-09-10,2019-09-24,time_exit,1.24,106.94832611083984,108.59940338134766,11,True,272.43,13949.88
3506,ABT,2019-09-10,2019-09-24,time_exit,-1.23,73.18508911132812,72.50787353515625,11,True,272.43,13946.53
3507,V,2019-09-10,2019-09-24,time_exit,-1.36,167.73947143554688,165.96075439453125,11,True,272.43,13942.83
3508,CRM,2019-09-10,2019-09-24,time_exit,1.3,147.10499572753906,149.46417236328125,11,True,272.43,13946.37
3509,NOW,2019-09-10,2019-09-24,time_exit,1.41,50.63600158691406,51.5,11,True,272.43,13950.21
3510,PG,2019-09-11,2019-09-25,time_exit,1.14,101.50814056396484,102.97298431396484,11,True,272.67,13953.32
3511,SPGI,2019-09-11,2019-09-25,time_exit,0.72,224.7715759277344,227.0728454589844,11,True,272.67,13955.28
3512,ICE,2019-09-11,2019-09-25,time_exit,4.87,81.41505432128906,85.62498474121094,11,True,272.67,13968.56
3513,AMGN,2019-09-11,2019-09-25,time_exit,-0.19,158.49403381347656,158.67210388183594,11,True,272.67,13968.04
3514,AMD,2019-09-11,2019-09-25,time_exit,-1.04,29.76000022888184,29.540000915527344,11,True,272.67,13965.21
3515,MNST,2019-09-11,2019-09-25,time_exit,2.34,28.434999465942383,29.184999465942383,11,True,272.67,13971.59
3516,WM,2019-09-11,2019-09-25,time_exit,1.21,100.48072814941406,102.00286865234376,11,True,272.67,13974.89
3517,CME,2019-09-12,2019-09-26,time_exit,4.87,157.33541870117188,165.46347045898438,11,True,277.11,13988.38
3518,ADP,2019-09-13,2019-09-27,time_exit,0.13,137.61856079101562,138.21304321289062,11,True,277.11,13988.74
3519,PEP,2019-09-16,2019-09-30,time_exit,1.35,109.41094207763672,111.21176147460938,11,True,277.4,13992.49
3520,FTNT,2019-09-16,2019-09-30,time_exit,-3.95,15.934000015258787,15.35200023651123,11,True,277.4,13981.53
3521,CRWD,2019-09-16,2019-09-30,time_exit,-14.37,16.96500015258789,14.577500343322754,11,True,277.4,13941.67
3522,CDNS,2019-09-16,2019-09-30,time_exit,0.23,65.7300033569336,66.08000183105469,11,True,277.4,13942.31
3523,MO,2019-09-17,2019-10-01,time_exit,-0.66,24.402862548828125,24.31425094604492,11,True,278.38,13940.47
3524,AMZN,2019-09-18,2019-10-02,time_exit,-6.03,90.8730010986328,85.6614990234375,11,True,278.07,13923.7
3525,PM,2019-09-18,2019-10-02,time_exit,8.68,50.2864990234375,54.8030891418457,11,True,278.07,13947.84
3526,ORCL,2019-09-18,2019-10-02,time_exit,0.82,47.50537872314453,48.03863525390625,11,True,278.07,13950.12
3527,ADBE,2019-09-18,2019-10-02,time_exit,-4.97,279.7200012207031,266.6600036621094,11,True,278.07,13936.3
3528,STX,2019-09-19,2019-10-03,time_exit,1.2,41.59716033935547,42.21926498413086,11,True,278.16,13939.63
3529,COST,2019-09-19,2019-10-03,time_exit,0.11,261.4270324707031,262.4897155761719,11,True,278.16,13939.94
3530,TJX,2019-09-23,2019-10-07,time_exit,0.68,50.38969802856445,50.88274002075195,11,True,278.01,13941.83
3531,DELL,2019-09-23,2019-10-07,time_exit,-4.87,24.374711990356445,23.26049423217773,11,True,278.01,13928.29
3532,MMM,2019-09-23,2019-10-07,time_exit,-8.24,109.3045654296875,100.62627410888672,11,True,278.01,13905.38
3533,HD,2019-09-23,2019-10-07,time_exit,-0.08,191.7162322998047,192.1314697265625,11,True,278.01,13905.16
3534,AXP,2019-09-23,2019-10-07,time_exit,-3.81,107.91238403320312,104.11996459960938,11,True,278.01,13894.57
3535,ETN,2019-09-23,2019-10-07,time_exit,-6.99,74.07940673828125,69.1266860961914,11,True,278.01,13875.14
3536,GD,2019-09-23,2019-10-07,time_exit,-5.7,159.23394775390625,150.63247680664062,11,True,278.01,13859.29
3537,QCOM,2019-09-23,2019-10-07,time_exit,-1.47,66.42840576171875,65.65438079833984,11,True,278.01,13855.2
3538,INTC,2019-09-23,2019-10-07,time_exit,-0.85,44.6527214050293,44.40708541870117,11,True,278.01,13852.84
3539,HCA,2019-09-23,2019-10-07,time_exit,-4.56,116.81239318847656,111.83482360839844,11,True,278.01,13840.16
3540,AVGO,2019-09-24,2019-10-08,time_exit,-4.54,23.95563697814941,22.93906021118164,11,True,279.0,13827.5
3541,ELV,2019-09-24,2019-10-08,time_exit,-5.4,225.87103271484372,214.34043884277344,11,True,279.0,13812.43
3542,DIS,2019-09-24,2019-10-08,time_exit,-2.95,127.1912078857422,123.81796264648438,11,True,279.0,13804.2
3543,BRK-B,2019-09-24,2019-10-08,time_exit,-1.42,206.3999938964844,204.08999633789065,11,True,279.0,13800.24
3544,CVS,2019-09-24,2019-10-08,time_exit,-4.35,50.30462646484375,48.26621627807617,11,True,279.0,13788.1
3545,MA,2019-09-24,2019-10-08,time_exit,-1.67,260.5419006347656,256.96142578125,11,True,279.0,13783.44
3546,UNP,2019-09-24,2019-10-08,time_exit,-8.54,141.58102416992188,129.90841674804688,11,True,279.0,13759.61
3547,MU,2019-09-24,2019-10-08,time_exit,-12.4,47.30390167236328,41.5798454284668,11,True,279.0,13725.02
3548,TMO,2019-09-24,2019-10-08,time_exit,-4.94,280.0394592285156,267.04705810546875,11,True,279.0,13711.23
3549,NVDA,2019-09-24,2019-10-08,time_exit,2.42,4.2856764793396,4.402424812316895,11,True,279.0,13717.99
3550,GLW,2019-09-24,2019-10-08,time_exit,-1.67,23.079458236694336,22.76227188110352,11,True,279.0,13713.33
3551,SLB,2019-09-24,2019-10-08,time_exit,-13.94,30.11118698120117,26.004344940185547,11,True,279.0,13674.43
3552,BAC,2019-09-24,2019-10-08,time_exit,-4.83,24.574817657470703,23.462417602539062,11,True,279.0,13660.96
3553,MS,2019-09-25,2019-10-09,time_exit,-6.34,34.78159713745117,32.68047332763672,11,True,279.5,13643.24
3554,HWM,2019-09-25,2019-10-09,time_exit,-3.7,19.983896255493164,19.304941177368164,11,True,279.5,13632.9
3555,VRTX,2019-09-25,2019-10-09,time_exit,-1.92,171.5,168.72999572753906,11,True,279.5,13627.53
3556,V,2019-09-25,2019-10-09,time_exit,-0.53,166.7217254638672,166.3412322998047,11,True,279.5,13626.05
3557,MCK,2019-09-25,2019-10-09,time_exit,-7.38,135.89764404296875,126.28070831298828,11,True,279.5,13605.42
3558,NOW,2019-09-25,2019-10-09,time_exit,0.72,51.8759994506836,52.40399932861328,11,True,279.5,13607.43
3559,TXN,2019-09-25,2019-10-09,time_exit,-0.53,105.08071899414062,104.8339614868164,11,True,279.5,13605.95
3560,SBUX,2019-09-25,2019-10-09,time_exit,-5.28,77.29973602294922,73.44971466064453,11,True,279.5,13591.2
3561,ABT,2019-09-25,2019-10-09,time_exit,-4.36,72.87727355957031,69.92206573486328,11,True,279.5,13579.01
3562,ANET,2019-09-25,2019-10-09,time_exit,-5.07,15.09749984741211,14.376874923706056,11,True,279.5,13564.84
3563,META,2019-09-25,2019-10-09,time_exit,-1.91,181.20870971679688,178.28439331054688,11,True,279.5,13559.5
3564,CRM,2019-09-25,2019-10-09,time_exit,-4.18,150.38821411132812,144.5491943359375,11,True,279.5,13547.82
3565,ACN,2019-09-25,2019-10-09,time_exit,-3.72,170.58966064453125,164.75344848632812,11,True,279.5,13537.42
3566,TSLA,2019-09-25,2019-10-09,time_exit,6.62,15.24666690826416,16.302000045776367,11,True,279.5,13555.92
3578,PWR,2019-09-26,2019-10-10,time_exit,0.39,37.0146369934082,37.27058410644531,11,True,279.77,13557.01
3588,AMD,2019-09-27,2019-10-11,time_exit,3.29,28.71999931335449,29.75,11,True,279.77,13566.22
3589,WDC,2019-09-30,2019-10-14,time_exit,-0.02,43.55806350708008,43.67950439453125,11,True,278.85,13566.16
3590,UNH,2019-09-30,2019-10-14,time_exit,1.2,193.6933441162109,196.6078338623047,11,True,278.85,13569.51
3591,CVX,2019-09-30,2019-10-14,time_exit,-2.34,87.42558288574219,85.64167785644531,11,True,278.85,13562.98
3592,COP,2019-09-30,2019-10-14,time_exit,-1.79,44.43152618408203,43.76872253417969,11,True,278.85,13557.99
3595,FTNT,2019-10-02,2019-10-16,time_exit,2.5,15.130000114440918,15.553999900817873,11,True,278.73,13564.96
3596,LRCX,2019-10-02,2019-10-16,time_exit,2.66,21.107261657714844,21.733074188232425,11,True,278.73,13572.38
3597,MRVL,2019-10-02,2019-10-16,time_exit,-0.92,23.217369079589844,23.074460983276367,11,True,278.73,13569.81
3598,PG,2019-10-02,2019-10-16,time_exit,-3.23,101.34912109375,98.37760925292967,11,True,278.73,13560.81
3602,FCX,2019-10-03,2019-10-17,time_exit,6.84,8.157271385192871,8.74003791809082,11,True,278.8,13579.88
3603,TT,2019-10-03,2019-10-17,time_exit,-0.94,83.313720703125,82.78244018554688,11,True,278.8,13577.26
3640,BX,2019-10-08,2019-10-22,time_exit,7.35,35.65959167480469,38.38819885253906,11,True,273.22,13597.34
3641,SCHW,2019-10-08,2019-10-22,time_exit,15.85,31.965518951416016,37.128265380859375,11,True,273.22,13640.64
3642,DELL,2019-10-09,2019-10-23,time_exit,1.4,22.772441864013672,23.159198760986328,11,True,271.12,13644.44
3643,ETN,2019-10-09,2019-10-23,time_exit,9.09,68.3232650756836,74.7415542602539,11,True,271.12,13669.08
3644,CSCO,2019-10-10,2019-10-24,time_exit,0.26,37.945098876953125,38.15887069702149,11,True,271.14,13669.79
3645,SO,2019-10-14,2019-10-28,time_exit,-0.15,46.69319534301758,46.762184143066406,11,True,271.16,13669.38
3646,NEE,2019-10-14,2019-10-28,time_exit,1.59,48.02866363525391,48.937198638916016,11,True,271.16,13673.69
3647,NEM,2019-10-16,2019-10-30,time_exit,2.9,31.49171638488769,32.498985290527344,11,True,271.22,13681.56
3648,WM,2019-10-16,2019-10-30,time_exit,-2.24,102.88037872314452,100.88365173339844,11,True,271.22,13675.48
3649,DUK,2019-10-16,2019-10-30,time_exit,-1.48,72.23456573486328,71.38412475585938,11,True,271.22,13671.47
3650,VRT,2019-10-17,2019-10-31,time_exit,0.19,10.165933609008787,10.21566677093506,11,True,271.55,13671.99
3651,IBM,2019-10-18,2019-11-01,time_exit,0.77,95.92146301269533,96.95159149169922,11,True,271.55,13674.08
3652,CRWD,2019-10-21,2019-11-04,time_exit,4.45,11.850000381469728,12.412500381469728,11,True,271.55,13686.16
3653,NOW,2019-10-21,2019-11-04,time_exit,1.73,48.18000030517578,49.15999984741211,11,True,271.55,13690.86
3654,INTU,2019-10-21,2019-11-04,time_exit,-3.4,249.83956909179688,242.0832672119141,11,True,271.55,13681.63
3655,PGR,2019-10-21,2019-11-04,time_exit,-1.99,57.52752304077149,56.55777359008789,11,True,271.55,13676.22
3656,JNJ,2019-10-21,2019-11-04,time_exit,1.43,105.68526458740234,107.50970458984376,11,True,271.55,13680.11
3657,UPS,2019-10-22,2019-11-05,time_exit,4.26,86.58734893798828,90.53263854980467,11,True,272.81,13691.73
3658,LMT,2019-10-22,2019-11-05,time_exit,-0.31,310.009521484375,309.96795654296875,11,True,272.81,13690.88
3659,CDNS,2019-10-23,2019-11-06,time_exit,5.48,63.470001220703125,67.13999938964844,11,True,273.38,13705.86
3660,ICE,2019-10-23,2019-11-06,time_exit,-2.26,85.21235656738281,83.54351043701172,11,True,273.38,13699.68
3661,MSFT,2019-10-23,2019-11-06,time_exit,4.67,129.04623413085938,135.4590301513672,11,True,273.38,13712.45
3662,V,2019-10-23,2019-11-06,time_exit,2.88,162.9550323486328,168.13894653320312,11,True,273.38,13720.32
3663,EQIX,2019-10-23,2019-11-06,time_exit,-6.43,497.065185546875,466.5897216796875,11,True,273.38,13702.75
3664,CME,2019-10-23,2019-11-06,time_exit,-2.1,154.9222869873047,152.13375854492188,11,True,273.38,13697.0
3665,ADBE,2019-10-23,2019-11-06,time_exit,9.68,261.32000732421875,287.3999938964844,11,True,273.38,13723.47
3666,CRM,2019-10-23,2019-11-06,time_exit,9.21,142.66188049316406,156.22718811035156,11,True,273.38,13748.65
3667,MCD,2019-10-23,2019-11-06,time_exit,-2.82,168.9732208251953,164.70664978027344,11,True,273.38,13740.94
3668,ORCL,2019-10-23,2019-11-06,time_exit,2.6,49.142608642578125,50.56793212890625,11,True,273.38,13748.05
3669,LLY,2019-10-23,2019-11-06,time_exit,5.68,98.8677215576172,104.7776870727539,11,True,273.38,13763.57
3670,MNST,2019-10-24,2019-11-07,time_exit,-0.25,28.30500030517578,28.31999969482422,11,True,273.4,13762.89
3671,DHR,2019-10-24,2019-11-07,time_exit,-1.72,117.21776580810548,115.55111694335938,11,True,273.4,13758.19
3672,WMT,2019-10-24,2019-11-07,time_exit,0.65,36.09010696411133,36.43251419067383,11,True,273.4,13759.96
3673,COST,2019-10-24,2019-11-07,time_exit,2.67,269.8013000488281,277.81494140625,11,True,273.4,13767.26
3674,AMZN,2019-10-25,2019-11-08,time_exit,1.09,88.06649780273438,89.29399871826172,11,True,273.4,13770.24
3675,VZ,2019-10-25,2019-11-08,time_exit,-1.99,40.8154525756836,40.12584686279297,11,True,273.4,13764.8
3676,HD,2019-10-25,2019-11-08,time_exit,-0.96,198.6053466796875,197.30044555664065,11,True,273.4,13762.18
3677,CB,2019-10-25,2019-11-08,time_exit,1.29,134.03575134277344,136.1657257080078,11,True,273.4,13765.71
3678,ADP,2019-10-30,2019-11-13,time_exit,2.64,141.4178466796875,145.5789794921875,11,True,273.43,13772.92
3679,PEP,2019-10-30,2019-11-13,time_exit,-2.94,111.04949951171876,108.12117767333984,11,True,273.43,13764.89
3680,XOM,2019-10-30,2019-11-13,time_exit,2.52,49.64815902709961,51.04824447631836,11,True,273.43,13771.78
3681,LOW,2019-10-30,2019-11-13,time_exit,1.11,98.20311737060548,99.58863067626952,11,True,273.43,13774.81
3682,TJX,2019-10-30,2019-11-13,time_exit,-0.11,53.46658706665039,53.56798553466797,11,True,273.43,13774.51
3683,CMCSA,2019-10-30,2019-11-13,time_exit,0.84,34.34120559692383,34.73310089111328,11,True,273.43,13776.81
3684,GLW,2019-10-30,2019-11-13,time_exit,-3.85,25.366535186767575,24.46505355834961,11,True,273.43,13766.28
3685,DIS,2019-10-30,2019-11-13,time_exit,14.45,124.90703582763672,143.3346710205078,11,True,273.43,13805.79
3686,MPC,2019-10-31,2019-11-14,time_exit,0.48,52.00090789794922,52.40747833251953,11,True,273.44,13807.1
3687,DE,2019-10-31,2019-11-14,time_exit,-0.16,158.81167602539062,159.030517578125,11,True,273.44,13806.67
3688,WDC,2019-11-01,2019-11-15,time_exit,-6.78,39.66375732421875,37.09221267700195,11,True,273.48,13788.12
3689,WM,2019-11-01,2019-11-15,time_exit,0.54,99.59426879882812,100.427001953125,11,True,273.48,13789.6
3690,CVX,2019-11-01,2019-11-15,time_exit,4.53,85.66378021240234,89.80561065673828,11,True,273.48,13801.99
3691,SBUX,2019-11-04,2019-11-18,time_exit,2.21,70.47237396240234,72.24335479736328,11,True,273.6,13808.04
3692,UBER,2019-11-04,2019-11-18,time_exit,-14.23,31.07999992370605,26.75,11,True,273.6,13769.1
3693,WELL,2019-11-04,2019-11-18,time_exit,-1.65,71.02641296386719,70.06781005859375,11,True,273.6,13764.59
3694,DUK,2019-11-04,2019-11-18,time_exit,-4.61,71.10318756103516,68.04043579101562,11,True,273.6,13751.97
3695,PLD,2019-11-05,2019-11-19,time_exit,5.67,71.22499084472656,75.47859954833984,11,True,273.82,13767.5
3696,BKNG,2019-11-05,2019-11-19,time_exit,-9.19,79.33201599121094,72.27668762207031,11,True,273.82,13742.34
3697,INTU,2019-11-05,2019-11-19,time_exit,7.24,241.22576904296875,259.4254455566406,11,True,273.82,13762.16
3698,PG,2019-11-05,2019-11-19,time_exit,1.82,100.16011810302734,102.28294372558594,11,True,273.82,13767.14
3699,SO,2019-11-07,2019-11-21,time_exit,3.98,46.5322494506836,48.52438735961914,11,True,275.35,13778.1
3700,KO,2019-11-07,2019-11-21,time_exit,0.98,42.60657501220703,43.15250015258789,11,True,275.35,13780.8
3701,JCI,2019-11-07,2019-11-21,time_exit,-0.44,36.92127990722656,36.86889266967773,11,True,275.35,13779.59
3702,NEM,2019-11-07,2019-11-21,time_exit,3.17,30.742507934570312,31.808046340942383,11,True,275.35,13788.32
3703,WMB,2019-11-07,2019-11-21,time_exit,2.68,15.440595626831056,15.901100158691406,11,True,275.35,13795.7
3704,CRWD,2019-11-08,2019-11-22,time_exit,14.51,11.802499771118164,13.550000190734863,11,True,275.31,13835.65
3705,HD,2019-11-11,2019-11-25,time_exit,-6.08,196.41915893554688,185.06446838378903,11,True,275.31,13818.91
3706,SYK,2019-11-11,2019-11-25,time_exit,2.06,184.6320953369141,188.98687744140625,11,True,275.31,13824.58
3707,PFE,2019-11-12,2019-11-26,time_exit,3.27,25.10948181152344,26.006011962890625,11,True,275.31,13833.58
3708,NFLX,2019-11-13,2019-11-27,time_exit,11.29,28.31100082397461,31.593000411987305,11,True,276.12,13864.75
3709,MU,2019-11-13,2019-11-27,time_exit,3.72,45.14885711669922,46.96261215209961,11,True,276.12,13875.03
3710,VZ,2019-11-13,2019-11-27,time_exit,0.86,40.16641616821289,40.632911682128906,11,True,276.12,13877.4
3711,TMUS,2019-11-13,2019-11-27,time_exit,1.0,74.13439178466797,75.09469604492188,11,True,276.12,13880.16
3712,GILD,2019-11-14,2019-11-29,time_exit,5.08,49.52970123291016,52.19207382202149,11,True,276.13,13894.19
3713,VRT,2019-11-15,2019-12-02,time_exit,0.38,10.225614547729492,10.295247077941896,11,True,276.04,13895.24
3714,HCA,2019-11-15,2019-12-02,time_exit,0.31,130.637939453125,131.4300537109375,11,True,276.04,13896.09
3715,PWR,2019-11-18,2019-12-03,time_exit,-3.68,41.42707824707031,40.028438568115234,11,True,275.04,13885.97
3716,MMM,2019-11-18,2019-12-03,time_exit,-2.61,111.78219604492188,109.19969177246094,11,True,275.04,13878.79
3717,SLB,2019-11-18,2019-12-03,time_exit,1.97,29.374500274658203,30.04164695739746,11,True,275.04,13884.21
3718,CAT,2019-11-18,2019-12-03,time_exit,-2.76,125.97903442382812,122.88201141357422,11,True,275.04,13876.62
3719,DE,2019-11-18,2019-12-03,time_exit,-6.82,159.51388549804688,149.1082000732422,11,True,275.04,13857.86
3720,CSCO,2019-11-18,2019-12-03,time_exit,-2.23,37.122894287109375,36.40755081176758,11,True,275.04,13851.73
3721,WDC,2019-11-18,2019-12-03,time_exit,-3.94,36.48063659667969,35.15434265136719,11,True,275.04,13840.89
3722,IBM,2019-11-18,2019-12-03,time_exit,-1.93,97.21363830566406,95.62850189208984,11,True,275.04,13835.58
3723,AMZN,2019-11-18,2019-12-03,time_exit,0.69,87.62650299072266,88.49800109863281,11,True,275.04,13837.48
3724,COP,2019-11-19,2019-12-04,time_exit,5.75,44.91686248779297,47.63529586791992,11,True,275.34,13853.31
3725,MRVL,2019-11-19,2019-12-04,time_exit,-9.56,25.57790946960449,23.21030044555664,11,True,275.34,13826.99
3726,ETN,2019-11-19,2019-12-04,time_exit,0.71,80.28728485107422,81.09717559814453,11,True,275.34,13828.95
3727,RTX,2019-11-20,2019-12-05,time_exit,-1.25,79.13961791992188,78.38951110839844,11,True,275.34,13825.51
3728,XOM,2019-11-20,2019-12-05,time_exit,0.26,50.47691345214844,50.75886535644531,11,True,275.34,13826.22
3729,C,2019-11-20,2019-12-05,time_exit,0.78,58.54140090942383,59.17504501342773,11,True,275.34,13828.37
3730,MPC,2019-11-20,2019-12-05,time_exit,-3.46,50.66872024536133,49.0699462890625,11,True,275.34,13818.84
3731,PH,2019-11-20,2019-12-05,time_exit,1.97,178.01707458496094,182.0522918701172,11,True,275.34,13824.27
3732,BAC,2019-11-20,2019-12-05,time_exit,1.48,27.759191513061523,28.25226402282715,11,True,275.34,13828.34
3733,GS,2019-11-20,2019-12-05,time_exit,-0.09,185.1830902099609,185.5691375732422,11,True,275.34,13828.09
3734,BMY,2019-11-20,2019-12-05,time_exit,5.14,43.571754455566406,45.94305419921875,11,True,275.34,13842.25
3735,CMCSA,2019-11-21,2019-12-06,time_exit,-0.57,34.08761978149414,33.99540710449219,11,True,275.91,13840.67
3736,ADI,2019-11-21,2019-12-06,time_exit,6.74,96.34638214111328,103.13053894042967,11,True,275.91,13859.27
3737,MCD,2019-11-21,2019-12-06,time_exit,1.91,163.1544189453125,166.76097106933594,11,True,275.91,13864.54
3738,TXN,2019-11-21,2019-12-06,time_exit,5.1,96.22543334960938,101.42213439941406,11,True,275.91,13878.61
3739,GLW,2019-11-21,2019-12-06,time_exit,-2.61,23.99441719055176,23.43972396850586,11,True,275.91,13871.41
3740,ABT,2019-11-21,2019-12-06,time_exit,1.85,73.8935546875,75.48304748535156,11,True,275.91,13876.51
3741,UPS,2019-11-21,2019-12-06,time_exit,-1.97,89.83301544189453,88.33729553222656,11,True,275.91,13871.08
3742,UNP,2019-11-21,2019-12-06,time_exit,-1.01,149.37704467773438,148.32379150390625,11,True,275.91,13868.29
3743,AXP,2019-11-22,2019-12-09,time_exit,0.88,109.07630157470705,110.3589324951172,11,True,276.71,13870.73
3744,QCOM,2019-11-22,2019-12-09,time_exit,0.51,73.0075912475586,73.59969329833984,11,True,276.71,13872.14
3745,INTU,2019-11-22,2019-12-09,time_exit,-1.86,247.56228637695312,243.7126922607422,11,True,276.71,13866.99
3746,WM,2019-11-22,2019-12-09,time_exit,1.06,99.1823959350586,100.53474426269533,11,True,276.71,13869.93
3747,GD,2019-11-22,2019-12-09,time_exit,-0.14,156.8041229248047,157.0527801513672,11,True,276.71,13869.54
3748,TSLA,2019-11-22,2019-12-09,time_exit,1.65,22.202667236328125,22.635332107543945,11,True,276.71,13874.1
3749,COST,2019-11-22,2019-12-09,time_exit,-1.69,272.4446105957031,268.66705322265625,11,True,276.71,13869.43
3750,CSX,2019-11-22,2019-12-09,time_exit,-0.11,21.417978286743164,21.459184646606445,11,True,276.71,13869.12
3751,BX,2019-11-22,2019-12-09,time_exit,5.32,40.44981384277344,42.72243881225586,11,True,276.71,13883.84
3752,DELL,2019-11-22,2019-12-09,time_exit,-11.42,24.683195114135746,21.939083099365234,11,True,276.71,13852.24
3753,WMT,2019-11-25,2019-12-10,time_exit,0.33,36.03557205200195,36.26416397094727,11,True,276.49,13853.16
3754,CB,2019-11-25,2019-12-10,time_exit,1.69,134.78173828125,137.4689178466797,11,True,276.49,13857.83
3755,PM,2019-11-25,2019-12-10,time_exit,1.56,58.83900833129883,59.93193817138672,11,True,276.49,13862.14
3756,PSX,2019-11-27,2019-12-12,time_exit,-1.14,87.69463348388672,86.96061706542969,11,True,277.6,13858.98
3757,PANW,2019-11-27,2019-12-12,time_exit,1.78,37.04499816894531,37.81499862670898,11,True,277.6,13863.92
3758,LIN,2019-11-27,2019-12-12,time_exit,2.04,187.0121154785156,191.38287353515625,11,True,277.6,13869.58
3759,CME,2019-11-29,2019-12-13,time_exit,0.99,155.30532836914062,157.30300903320312,11,True,277.88,13872.33
3760,CRWD,2019-12-02,2019-12-16,time_exit,-10.41,13.7524995803833,12.362500190734863,11,True,277.92,13843.4
3761,KKR,2019-12-02,2019-12-16,time_exit,1.49,27.131925582885746,27.618595123291016,11,True,277.92,13847.54
3762,CRM,2019-12-02,2019-12-16,time_exit,0.3,158.261962890625,159.20565795898438,11,True,277.92,13848.38
3763,FCX,2019-12-03,2019-12-17,time_exit,18.38,10.110299110412598,11.99903392791748,11,True,276.75,13899.24
3764,FTNT,2019-12-03,2019-12-17,time_exit,2.16,20.76000022888184,21.270000457763672,11,True,276.75,13905.22
3765,MSFT,2019-12-03,2019-12-17,time_exit,3.3,140.87335205078125,145.94937133789062,11,True,276.75,13914.35
3766,SPGI,2019-12-03,2019-12-17,time_exit,2.56,235.982177734375,242.7398223876953,11,True,276.75,13921.44
3767,HWM,2019-12-03,2019-12-17,time_exit,2.24,23.175636291503903,23.764463424682617,11,True,276.75,13927.64
3768,JPM,2019-12-03,2019-12-17,time_exit,6.17,108.4482192993164,115.46752166748048,11,True,276.75,13944.71
3769,MU,2019-12-03,2019-12-17,time_exit,16.88,44.10545349121094,51.68226623535156,11,True,276.75,13991.43
3770,GOOG,2019-12-03,2019-12-17,time_exit,4.32,64.19799041748047,67.16382598876953,11,True,276.75,14003.38
3771,BLK,2019-12-03,2019-12-17,time_exit,3.81,412.6308898925781,429.5851745605469,11,True,276.75,14013.93
3772,AMD,2019-12-03,2019-12-17,time_exit,9.65,38.900001525878906,42.77000045776367,11,True,276.75,14040.63
3773,APH,2019-12-03,2019-12-17,time_exit,4.98,23.907249450683597,25.16861915588379,11,True,276.75,14054.42
3780,PWR,2019-12-04,2019-12-18,time_exit,0.87,39.63445663452149,40.09737777709961,11,True,276.58,14056.82
3781,NFLX,2019-12-05,2019-12-19,time_exit,9.39,30.285999298095703,33.22200012207031,11,True,276.84,14082.82
3782,WMB,2019-12-05,2019-12-19,time_exit,7.37,15.482458114624023,16.669631958007812,11,True,276.84,14103.22
3783,WELL,2019-12-05,2019-12-19,time_exit,-6.26,69.43997192382812,65.30135345458984,11,True,276.84,14085.89
3784,VLO,2019-12-05,2019-12-19,time_exit,1.42,71.733154296875,72.96739196777344,11,True,276.84,14089.82
3785,MCK,2019-12-05,2019-12-19,time_exit,-3.86,134.6610870361328,129.87261962890625,11,True,276.84,14079.14
3786,TMUS,2019-12-06,2019-12-20,time_exit,-0.74,73.91568756103516,73.59241485595703,11,True,277.37,14077.08
3787,ELV,2019-12-06,2019-12-20,time_exit,5.92,260.3443298339844,276.525146484375,11,True,277.37,14093.5
3788,SO,2019-12-09,2019-12-23,time_exit,2.66,47.564430236816406,48.97340774536133,11,True,277.04,14100.87
3789,SYK,2019-12-09,2019-12-23,time_exit,5.76,186.47447204589844,197.7709045410156,11,True,277.04,14116.83
3790,ICE,2019-12-09,2019-12-23,time_exit,-0.56,85.16649627685547,84.94718933105469,11,True,277.04,14115.28
3791,REGN,2019-12-10,2019-12-24,time_exit,2.1,364.2328796386719,372.9902038574219,11,True,277.24,14121.1
3792,MPC,2019-12-10,2019-12-24,time_exit,3.62,48.10248565673828,49.98821640014648,11,True,277.24,14131.14
3793,INTU,2019-12-10,2019-12-24,time_exit,4.46,240.4253387451172,251.8691864013672,11,True,277.24,14143.5
3794,DIS,2019-12-10,2019-12-24,time_exit,-0.26,140.80955505371094,140.86782836914062,11,True,277.24,14142.78
3795,UBER,2019-12-10,2019-12-24,time_exit,8.84,27.88999938964844,30.440000534057617,11,True,277.24,14167.29
3796,BA,2019-12-11,2019-12-26,time_exit,-6.04,347.929931640625,327.9686889648437,11,True,277.24,14150.54
3797,PLD,2019-12-11,2019-12-26,time_exit,-1.25,74.45873260498047,73.75390625,11,True,277.24,14147.08
3798,HD,2019-12-11,2019-12-26,time_exit,3.86,180.79026794433597,188.31182861328125,11,True,277.24,14157.78
3799,NOW,2019-12-11,2019-12-26,time_exit,6.77,53.459999084472656,57.2400016784668,11,True,277.24,14176.55
3800,PGR,2019-12-11,2019-12-26,time_exit,0.5,58.4808349609375,58.94928741455078,11,True,277.24,14177.94
3801,META,2019-12-12,2019-12-27,time_exit,5.47,195.0372772216797,206.2884521484375,11,True,277.39,14193.11
3802,ADP,2019-12-12,2019-12-27,time_exit,1.86,144.7988739013672,147.92599487304688,11,True,277.39,14198.27
3803,VRTX,2019-12-13,2019-12-30,time_exit,-0.3,218.97999572753903,218.97000122070312,11,True,277.45,14197.44
3804,SCHW,2019-12-20,2020-01-07,time_exit,-1.34,43.83406448364258,43.37860107421875,11,True,281.87,14193.66
3805,PEP,2019-12-20,2020-01-07,time_exit,-3.14,112.6605453491211,109.46660614013672,11,True,281.87,14184.81
3806,TJX,2019-12-23,2020-01-08,time_exit,2.83,55.03460311889648,56.75786972045898,11,True,282.31,14192.8
3807,KKR,2019-12-24,2020-01-09,time_exit,2.94,27.14129066467285,28.021039962768555,11,True,283.35,14201.13
3808,GD,2019-12-26,2020-01-10,time_exit,0.44,152.78285217285156,153.91464233398438,11,True,283.56,14202.38
3809,BNY,2019-12-30,2020-01-14,time_exit,1.35,41.54039001464844,42.22748565673828,11,True,283.95,14206.21
3810,QCOM,2019-12-30,2020-01-14,time_exit,2.11,76.64176940917969,78.48785400390625,11,True,283.95,14212.2
3811,COF,2019-12-31,2020-01-15,time_exit,-0.85,91.75738525390624,91.2491455078125,11,True,283.95,14209.79
3812,UBER,2019-12-31,2020-01-15,time_exit,17.42,29.739999771118164,35.0099983215332,11,True,283.95,14259.25
3813,ABBV,2019-12-31,2020-01-15,time_exit,1.88,67.44140625,68.9084243774414,11,True,283.95,14264.59
3814,HWM,2019-12-31,2020-01-15,time_exit,-5.43,23.228477478027344,22.035724639892575,11,True,283.95,14249.17
3815,PSX,2019-12-31,2020-01-15,time_exit,-6.15,85.18669128417969,80.20134735107422,11,True,283.95,14231.71
3816,TT,2019-12-31,2020-01-15,time_exit,-1.51,94.54889678955078,93.40367889404295,11,True,283.95,14227.42
3817,DIS,2019-12-31,2020-01-15,time_exit,-0.51,140.22793579101562,139.9273681640625,11,True,283.95,14225.97
3818,XOM,2019-12-31,2020-01-15,time_exit,-1.29,51.775390625,51.2634162902832,11,True,283.95,14222.31
3819,USB,2019-12-31,2020-01-15,time_exit,-7.59,44.92531967163086,41.65196228027344,11,True,283.95,14200.76
3820,IBM,2019-12-31,2020-01-15,time_exit,1.62,97.01820373535156,98.88560485839844,11,True,283.95,14205.36
3821,GOOG,2019-12-31,2020-01-15,time_exit,7.34,66.26673126220703,71.33109283447266,11,True,283.95,14226.2
3822,GOOGL,2019-12-31,2020-01-15,time_exit,7.15,66.38087463378906,71.32752990722656,11,True,283.95,14246.5
3823,LOW,2019-12-31,2020-01-15,time_exit,-0.5,105.68661499023438,105.47481536865234,11,True,283.95,14245.08
3824,AMGN,2019-12-31,2020-01-15,time_exit,-0.04,196.3952178955078,196.9084625244141,11,True,283.95,14244.97
3825,ORCL,2019-12-31,2020-01-15,time_exit,3.52,48.09854888916016,49.93582534790039,11,True,283.95,14254.96
3826,UPS,2019-12-31,2020-01-15,time_exit,0.44,87.98404693603516,88.63795471191406,11,True,283.95,14256.21
3827,GILD,2019-12-31,2020-01-15,time_exit,-1.65,50.91105651855469,50.22159194946289,11,True,283.95,14251.53
3828,ABT,2020-01-02,2020-01-16,time_exit,1.66,76.78111267089844,78.28665924072266,11,True,283.95,14256.24
3829,ISRG,2020-01-03,2020-01-17,time_exit,0.83,197.77999877929688,200.00999450683597,11,True,283.95,14258.6
3830,PH,2020-01-03,2020-01-17,time_exit,-0.21,188.8173370361328,188.9816436767578,11,True,283.95,14258.0
3831,WFC,2020-01-03,2020-01-17,time_exit,-8.24,45.02838897705078,41.45442962646485,11,True,283.95,14234.6
3832,PNC,2020-01-03,2020-01-17,time_exit,-3.02,124.37594604492188,120.99555206298828,11,True,283.95,14226.03
3833,COST,2020-01-03,2020-01-17,time_exit,4.14,265.5449523925781,277.33258056640625,11,True,283.95,14237.78
3834,VRTX,2020-01-03,2020-01-17,time_exit,7.89,217.97999572753903,235.8300018310547,11,True,283.95,14260.19
3835,T,2020-01-03,2020-01-17,time_exit,-0.29,18.63434791564941,18.635831832885746,11,True,283.95,14259.36
3836,MRSH,2020-01-03,2020-01-17,time_exit,1.73,100.5219268798828,102.5614776611328,11,True,283.95,14264.28
3837,BAC,2020-01-03,2020-01-17,time_exit,-0.84,29.79763984680176,29.635417938232425,11,True,283.95,14261.89
3838,CSX,2020-01-03,2020-01-17,time_exit,4.52,22.21502685546875,23.284788131713867,11,True,283.95,14274.73
3839,ANET,2020-01-06,2020-01-21,time_exit,8.76,12.678750038146973,13.827500343322754,11,True,283.95,14299.6
3840,CVS,2020-01-06,2020-01-21,time_exit,0.69,59.488677978515625,60.07661819458008,11,True,283.95,14301.56
3841,MRVL,2020-01-06,2020-01-21,time_exit,6.83,24.97463798522949,26.75436782836914,11,True,283.95,14320.95
3842,LRCX,2020-01-06,2020-01-21,time_exit,6.44,26.88734245300293,28.69941520690918,11,True,283.95,14339.24
3843,AXP,2020-01-06,2020-01-21,time_exit,4.92,114.0510025024414,119.9990234375,11,True,283.95,14353.21
3844,PM,2020-01-06,2020-01-21,time_exit,3.01,62.29429626464844,64.35822296142578,11,True,283.95,14361.76
3845,AVGO,2020-01-06,2020-01-21,time_exit,-2.1,26.890609741210938,26.406312942504883,11,True,283.95,14355.79
3846,JNJ,2020-01-06,2020-01-21,time_exit,3.29,119.78408813476562,124.0816650390625,11,True,283.95,14365.13
3847,VLO,2020-01-06,2020-01-21,time_exit,-1.7,70.60688781738281,69.61949920654297,11,True,283.95,14360.31
3848,MS,2020-01-06,2020-01-21,time_exit,9.3,41.540863037109375,45.53047943115234,11,True,283.95,14386.72
3849,AMAT,2020-01-06,2020-01-21,time_exit,5.23,56.38898849487305,59.50550842285156,11,True,283.95,14401.57
3850,HD,2020-01-06,2020-01-21,time_exit,5.61,187.57843017578125,198.6561279296875,11,True,283.95,14417.5
3851,WMT,2020-01-06,2020-01-21,time_exit,-2.05,35.810638427734375,35.18360137939453,11,True,283.95,14411.67
3852,FCX,2020-01-06,2020-01-21,time_exit,-4.46,11.897191047668455,11.402337074279783,11,True,283.95,14399.01
3853,PWR,2020-01-06,2020-01-21,time_exit,0.56,40.30427551269531,40.64943313598633,11,True,283.95,14400.6
3856,SO,2020-01-07,2020-01-22,time_exit,8.77,48.47794723510742,52.875186920166016,11,True,283.7,14425.48
3859,INTC,2020-01-08,2020-01-23,time_exit,7.08,52.0169563293457,55.85405349731445,11,True,283.86,14445.58
3864,CB,2020-01-09,2020-01-24,time_exit,-1.56,139.03306579589844,137.28102111816406,11,True,284.02,14441.15
3865,SLB,2020-01-09,2020-01-24,time_exit,-10.56,34.22291946411133,30.711334228515625,11,True,284.02,14411.15
3866,VZ,2020-01-13,2020-01-28,time_exit,2.32,40.40681838989258,41.46565246582031,11,True,284.05,14417.74
3867,SYK,2020-01-14,2020-01-29,time_exit,1.01,194.03912353515625,196.5769805908203,11,True,284.24,14420.61
3868,UNH,2020-01-14,2020-01-29,time_exit,-2.15,257.8907470703125,253.1129608154297,11,True,284.24,14414.5
3869,CAT,2020-01-15,2020-01-30,time_exit,-6.65,127.7161865234375,119.60028076171876,11,True,285.03,14395.55
3870,ETN,2020-01-15,2020-01-30,time_exit,3.25,83.57137298583984,86.53509521484375,11,True,285.03,14404.81
3871,DE,2020-01-15,2020-01-30,time_exit,-7.13,158.3836669921875,147.5664825439453,11,True,285.03,14384.49
3872,USB,2020-01-16,2020-01-31,time_exit,-3.87,41.818660736083984,40.325958251953125,11,True,285.12,14373.46
3873,GILD,2020-01-21,2020-02-04,time_exit,7.32,49.06986999511719,52.80709457397461,11,True,288.01,14394.54
3874,PSX,2020-01-21,2020-02-04,time_exit,-13.61,78.25154876708984,67.83739471435547,11,True,288.01,14355.34
3875,BA,2020-01-22,2020-02-05,time_exit,6.35,307.17242431640625,327.6008605957031,11,True,288.51,14373.66
3876,FCX,2020-01-22,2020-02-05,time_exit,0.43,11.448800086975098,11.532435417175291,11,True,288.51,14374.9
3877,HWM,2020-01-22,2020-02-05,time_exit,8.09,21.77151107788086,23.5983829498291,11,True,288.51,14398.24
3878,REGN,2020-01-23,2020-02-06,time_exit,9.02,353.266357421875,386.2054748535156,11,True,288.91,14424.3
3879,COP,2020-01-23,2020-02-06,time_exit,-7.79,49.607330322265625,45.89111709594727,11,True,288.91,14401.79
3880,HCA,2020-01-23,2020-02-06,time_exit,1.45,139.21206665039062,141.6510009765625,11,True,288.91,14405.98
3881,MAR,2020-01-23,2020-02-06,time_exit,0.57,138.4176788330078,139.62078857421875,11,True,288.91,14407.63
3882,GLW,2020-01-23,2020-02-06,time_exit,-4.97,24.83485221862793,23.675046920776367,11,True,288.91,14393.27
3883,AMGN,2020-01-23,2020-02-06,time_exit,-1.83,191.4826812744141,188.55796813964844,11,True,288.91,14387.98
3884,MRK,2020-01-23,2020-02-06,time_exit,-3.55,68.87226104736328,66.63252258300781,11,True,288.91,14377.73
3885,VLO,2020-01-23,2020-02-06,time_exit,-7.27,69.04866790771484,64.23506164550781,11,True,288.91,14356.72
3886,CVX,2020-01-23,2020-02-06,time_exit,-3.49,84.19274139404297,81.50544738769531,11,True,288.91,14346.64
3887,APH,2020-01-23,2020-02-06,time_exit,-2.54,25.03676986694336,24.47642135620117,11,True,288.91,14339.3
3888,PH,2020-01-23,2020-02-06,time_exit,4.12,184.24343872070312,192.3881072998047,11,True,288.91,14351.21
3889,PNC,2020-01-23,2020-02-06,time_exit,-0.21,120.48277282714844,120.59320068359376,11,True,288.91,14350.6
3890,MMM,2020-01-23,2020-02-06,time_exit,-8.65,117.5101547241211,107.6922836303711,11,True,288.91,14325.61
3891,ADI,2020-01-24,2020-02-07,time_exit,-4.81,104.6255874633789,99.90909576416016,11,True,288.22,14311.74
3892,TT,2020-01-24,2020-02-07,time_exit,8.28,92.89862823486328,100.87255859375,11,True,288.22,14335.61
3893,META,2020-01-24,2020-02-07,time_exit,-2.87,216.04281616210935,210.4816436767578,11,True,288.22,14327.34
3894,CVS,2020-01-24,2020-02-07,time_exit,-0.12,57.91973114013672,58.0251579284668,11,True,288.22,14326.99
3895,ORCL,2020-01-24,2020-02-07,time_exit,0.9,49.306617736816406,49.89936065673828,11,True,288.22,14329.59
3896,BNY,2020-01-24,2020-02-07,time_exit,2.53,38.29113006591797,39.37445068359375,11,True,288.22,14336.88
3897,BRK-B,2020-01-24,2020-02-07,time_exit,-0.07,226.8600006103516,227.3800048828125,11,True,288.22,14336.68
3898,BMY,2020-01-24,2020-02-07,time_exit,2.96,49.9078254699707,51.5335578918457,11,True,288.22,14345.21
3899,XOM,2020-01-24,2020-02-07,time_exit,-7.61,49.20812225341797,45.60952377319336,11,True,288.22,14323.27
3900,AMZN,2020-01-24,2020-02-07,time_exit,11.39,93.08200073242188,103.96399688720705,11,True,288.22,14356.1
3901,FTNT,2020-01-27,2020-02-10,time_exit,3.46,22.88599967956543,23.746000289916992,11,True,288.22,14366.07
3902,PANW,2020-01-27,2020-02-10,time_exit,3.77,39.64166641235352,41.25333404541016,11,True,288.22,14376.94
3903,WMT,2020-01-27,2020-02-10,time_exit,-0.83,35.26578140258789,35.080116271972656,11,True,288.22,14374.55
3904,AMD,2020-01-27,2020-02-10,time_exit,5.79,49.2599983215332,52.2599983215332,11,True,288.22,14391.24
3905,GOOGL,2020-01-27,2020-02-10,time_exit,5.07,70.95730590820312,74.7699966430664,11,True,288.22,14405.85
3906,WDC,2020-01-27,2020-02-10,time_exit,1.74,49.5073471069336,50.51739883422852,11,True,288.22,14410.86
3907,CRWD,2020-01-27,2020-02-10,time_exit,8.73,14.515000343322754,15.824999809265137,11,True,288.22,14436.03
3908,MSFT,2020-01-27,2020-02-10,time_exit,15.98,153.1104736328125,178.03762817382812,11,True,288.22,14482.08
3909,TMO,2020-01-27,2020-02-10,time_exit,0.6,325.2098388671875,328.1380310058594,11,True,288.22,14483.81
3910,CRM,2020-01-27,2020-02-10,time_exit,4.35,177.63681030273438,185.9037628173828,11,True,288.22,14496.35
3911,LOW,2020-01-27,2020-02-10,time_exit,0.91,106.16380310058594,107.44918823242188,11,True,288.22,14498.97
3912,AAPL,2020-01-27,2020-02-10,time_exit,4.03,74.3409194946289,77.55640411376953,11,True,288.22,14510.59
3913,ACN,2020-01-27,2020-02-10,time_exit,2.6,186.11349487304688,191.5198516845703,11,True,288.22,14518.08
3914,SLB,2020-01-28,2020-02-11,time_exit,2.16,29.157306671142575,29.87550163269043,11,True,288.35,14524.31
3915,MO,2020-01-28,2020-02-11,time_exit,-9.47,30.12760162353516,27.365264892578125,11,True,288.35,14497.0
3916,PM,2020-01-28,2020-02-11,time_exit,5.32,61.32387924194336,64.77099609375,11,True,288.35,14512.35
3921,DIS,2020-01-30,2020-02-13,time_exit,1.94,133.61550903320312,136.6114501953125,11,True,287.69,14517.93
3922,ISRG,2020-01-30,2020-02-13,time_exit,4.87,190.27999877929688,200.11666870117188,11,True,287.69,14531.94
3923,UNH,2020-01-30,2020-02-13,time_exit,7.25,251.395263671875,270.380859375,11,True,287.69,14552.79
3924,C,2020-01-30,2020-02-13,time_exit,2.4,61.3294792175293,62.98788070678711,11,True,287.69,14559.7
3941,CDNS,2020-01-31,2020-02-14,time_exit,8.92,72.11000061035156,78.76000213623047,11,True,287.47,14585.34
3949,PLD,2020-02-04,2020-02-19,time_exit,4.36,77.9333724975586,81.56224822998047,11,True,287.11,14597.86
3950,MRVL,2020-02-07,2020-02-24,time_exit,-4.71,23.360227584838867,22.32934188842773,11,True,287.12,14584.34
3951,STX,2020-02-10,2020-02-25,time_exit,-8.53,44.16597366333008,40.532371520996094,11,True,290.36,14559.57
3952,UPS,2020-02-10,2020-02-25,time_exit,-8.29,77.46894836425781,71.27598571777344,11,True,290.36,14535.5
3953,DUK,2020-02-10,2020-02-25,time_exit,3.86,73.85820007324219,76.93392944335938,11,True,290.36,14546.7
3954,SO,2020-02-10,2020-02-25,time_exit,-1.73,52.98355865478516,52.22602081298828,11,True,290.36,14541.68
3955,ANET,2020-02-14,2020-03-02,time_exit,-12.33,13.966875076293944,12.286874771118164,11,True,291.71,14505.71
3956,PSX,2020-02-18,2020-03-03,time_exit,-17.5,67.96394348144531,56.27106094360352,11,True,291.71,14454.67
3957,DIS,2020-02-18,2020-03-03,time_exit,-16.61,134.90501403808594,112.90563201904295,11,True,291.71,14406.21
3958,WFC,2020-02-18,2020-03-03,time_exit,-14.05,40.03105163574219,34.52774810791016,11,True,291.71,14365.23
3959,RTX,2020-02-19,2020-03-04,time_exit,-8.02,81.70137023925781,75.38996887207031,11,True,291.96,14341.81
3960,LLY,2020-02-19,2020-03-04,time_exit,-0.62,131.0633544921875,130.64454650878906,11,True,291.96,14340.0
3961,INTC,2020-02-20,2020-03-05,time_exit,-13.27,58.0172233581543,50.49138259887695,11,True,291.96,14301.26
3962,BX,2020-02-20,2020-03-05,time_exit,-7.76,49.75261688232422,46.04008483886719,11,True,291.96,14278.6
3963,CRWD,2020-02-20,2020-03-05,time_exit,-12.07,15.845000267028809,13.979999542236328,11,True,291.96,14243.37
3964,AVGO,2020-02-20,2020-03-05,time_exit,-11.68,26.506607055664062,23.48942756652832,11,True,291.96,14209.26
3965,AMGN,2020-02-20,2020-03-05,time_exit,-4.81,182.25791931152344,174.03684997558594,11,True,291.96,14195.22
3966,C,2020-02-20,2020-03-05,time_exit,-19.13,62.36598587036133,50.62152862548828,11,True,291.96,14139.37
3967,COF,2020-02-21,2020-03-06,time_exit,-18.95,90.53795623779295,73.65664672851562,11,True,291.96,14084.04
3968,IBM,2020-02-21,2020-03-06,time_exit,-15.06,109.58672332763672,93.41639709472656,11,True,291.96,14040.08
3969,JPM,2020-02-21,2020-03-06,time_exit,-20.72,114.21563720703124,90.89483642578124,11,True,291.96,13979.58
3970,UNP,2020-02-21,2020-03-06,time_exit,-13.9,156.7058563232422,135.39625549316406,11,True,291.96,13939.0
3971,SPGI,2020-02-21,2020-03-06,time_exit,-7.65,262.1278686523437,242.85223388671875,11,True,291.96,13916.67
3972,BMY,2020-02-21,2020-03-06,time_exit,-8.41,51.05127716064453,46.91303253173828,11,True,291.96,13892.11
3973,PGR,2020-02-21,2020-03-06,time_exit,-1.45,69.09129333496094,68.29400634765625,11,True,291.96,13887.88
3974,LMT,2020-02-21,2020-03-06,time_exit,-10.33,357.0818176269531,321.2499389648437,11,True,291.96,13857.72
3975,WDC,2020-02-21,2020-03-06,time_exit,-18.59,49.74500274658203,40.64712142944336,11,True,291.96,13803.44
3976,MU,2020-02-21,2020-03-06,time_exit,-9.99,55.57307434082031,50.190311431884766,11,True,291.96,13774.28
3977,MRSH,2020-02-21,2020-03-06,time_exit,-9.48,104.96075439453124,95.32618713378906,11,True,291.96,13746.6
3978,GD,2020-02-21,2020-03-06,time_exit,-13.4,161.75961303710938,140.573974609375,11,True,291.96,13707.48
3979,SLB,2020-02-21,2020-03-06,time_exit,-28.87,29.09137535095215,20.77955436706543,11,True,291.96,13623.19
3980,ABT,2020-02-21,2020-03-06,time_exit,-6.83,77.55061340332031,72.48699188232422,11,True,291.96,13603.25
3981,NFLX,2020-02-24,2020-03-09,time_exit,-6.32,36.869998931884766,34.64899826049805,11,True,291.69,13584.81
3982,PWR,2020-02-24,2020-03-09,time_exit,-16.05,38.88420867919922,32.76016616821289,11,True,291.69,13538.0
3983,AMD,2020-02-24,2020-03-09,time_exit,-12.21,49.119998931884766,43.27000045776367,11,True,291.69,13502.38
3984,TT,2020-02-24,2020-03-09,time_exit,-4.79,101.06462860107422,96.53059387207033,11,True,291.69,13488.41
3985,MCD,2020-02-24,2020-03-09,time_exit,-12.24,182.27183532714844,160.51168823242188,11,True,291.69,13452.71
3986,CRM,2020-02-24,2020-03-09,time_exit,-18.98,182.77784729003903,148.6384735107422,11,True,291.69,13397.35
3987,ETN,2020-02-24,2020-03-09,time_exit,-18.52,90.46891021728516,73.98604583740234,11,True,291.69,13343.33
3988,SYK,2020-02-24,2020-03-09,time_exit,-20.21,201.1210021972656,161.07408142089844,11,True,291.69,13284.38
3989,WM,2020-02-24,2020-03-09,time_exit,-9.5,111.52639770507812,101.26342010498048,11,True,291.69,13256.67
3990,VRT,2020-02-24,2020-03-09,time_exit,-21.89,12.622867584228516,9.897361755371094,11,True,291.69,13192.82
3991,AMAT,2020-02-24,2020-03-09,time_exit,-15.05,57.69065856933594,49.180625915527344,11,True,291.69,13148.92
3992,ELV,2020-02-26,2020-03-11,time_exit,4.75,244.72018432617188,257.0770568847656,11,True,290.83,13162.73
3993,CAT,2020-02-26,2020-03-11,time_exit,-21.79,113.30972290039062,88.96028137207031,11,True,290.83,13099.36
3994,BNY,2020-02-26,2020-03-11,time_exit,-17.63,34.47451400756836,28.49960327148437,11,True,290.83,13048.09
3995,DHR,2020-02-26,2020-03-11,time_exit,-8.72,130.8939666748047,119.86788940429688,11,True,290.83,13022.73
3996,WMB,2020-02-26,2020-03-11,time_exit,-16.95,13.63362979888916,11.36372184753418,11,True,290.83,12973.43
3997,UNH,2020-02-26,2020-03-11,time_exit,5.32,235.30828857421875,248.5321044921875,11,True,290.83,12988.9
3998,CSCO,2020-02-26,2020-03-11,time_exit,-12.42,34.9193000793457,30.686914443969727,11,True,290.83,12952.78
3999,QCOM,2020-02-26,2020-03-11,time_exit,-5.88,69.0408706665039,65.18720245361328,11,True,290.83,12935.68
4000,TXN,2020-02-26,2020-03-11,time_exit,-10.65,99.16618347167967,88.90644836425781,11,True,290.83,12904.7
4001,GOOGL,2020-02-26,2020-03-11,time_exit,-13.21,68.91243743896484,60.01285171508789,11,True,290.83,12866.29
4002,GOOG,2020-02-26,2020-03-11,time_exit,-13.06,69.05020141601562,60.239383697509766,11,True,290.83,12828.3
4003,MRK,2020-02-26,2020-03-11,time_exit,-1.16,62.1685905456543,61.63197326660156,11,True,290.83,12824.93
4039,BAC,2020-03-02,2020-03-16,time_exit,-30.26,25.07612609863281,17.563037872314453,11,True,290.11,12737.14
4040,MPC,2020-03-03,2020-03-17,time_exit,-55.36,37.4060173034668,16.810762405395508,11,True,287.3,12578.09
4041,AXP,2020-03-03,2020-03-17,time_exit,-20.14,99.29588317871094,79.59483337402344,11,True,287.3,12520.23
4042,HWM,2020-03-04,2020-03-18,time_exit,-46.53,22.02716827392578,11.84451389312744,11,True,286.8,12386.78
4043,RTX,2020-03-05,2020-03-19,time_exit,-34.06,68.55802154541016,45.41617584228516,11,True,282.79,12290.46
4044,DIS,2020-03-05,2020-03-19,time_exit,-17.01,110.51082611083984,92.04063415527344,11,True,282.79,12242.36
4045,ORCL,2020-03-05,2020-03-19,time_exit,-6.4,43.771366119384766,41.09948348999024,11,True,282.79,12224.26
4046,ACN,2020-03-06,2020-03-20,time_exit,-16.42,161.06407165527344,135.1046142578125,11,True,272.06,12179.59
4047,CMCSA,2020-03-06,2020-03-20,time_exit,-17.64,31.168102264404297,25.763673782348636,11,True,272.06,12131.59
4048,WELL,2020-03-06,2020-03-20,time_exit,-42.94,61.7065315246582,35.3919792175293,11,True,272.06,12014.77
4049,BLK,2020-03-06,2020-03-20,time_exit,-21.55,388.1372680664063,305.6772155761719,11,True,272.06,11956.14
4050,DELL,2020-03-06,2020-03-20,time_exit,-18.3,18.241893768310547,14.959094047546388,11,True,272.06,11906.35
4051,LOW,2020-03-06,2020-03-20,time_exit,-37.29,93.35430145263672,58.82625198364258,11,True,272.06,11804.9
4052,CB,2020-03-06,2020-03-20,time_exit,-29.64,130.78768920898438,92.41381072998048,11,True,272.06,11724.26
4053,TMUS,2020-03-06,2020-03-20,time_exit,-15.45,83.537841796875,70.88263702392578,11,True,272.06,11682.22
4054,AVGO,2020-03-06,2020-03-20,time_exit,-27.75,23.095991134643555,16.756258010864258,11,True,272.06,11606.73
4055,BA,2020-03-06,2020-03-20,time_exit,-64.08,262.3299865722656,95.01000213623048,11,True,272.06,11432.39
4056,MCO,2020-03-06,2020-03-20,time_exit,-26.58,225.7957763671875,166.45655822753906,11,True,272.06,11360.07
4057,UBER,2020-03-06,2020-03-20,time_exit,-32.97,31.68000030517578,21.32999992370605,11,True,272.06,11270.37
4058,MCK,2020-03-06,2020-03-20,time_exit,-11.98,135.8810272216797,120.0159149169922,11,True,272.06,11237.78
4059,INTU,2020-03-09,2020-03-23,time_exit,-25.42,248.2636260986328,185.90174865722656,11,True,262.98,11170.93
4060,ADP,2020-03-09,2020-03-23,time_exit,-27.58,130.7313232421875,95.06409454345705,11,True,262.98,11098.4
4061,MNST,2020-03-09,2020-03-23,time_exit,-17.9,30.93000030517578,25.48500061035156,11,True,262.98,11051.33
4062,BMY,2020-03-09,2020-03-23,time_exit,-19.83,44.85170364379883,36.09294509887695,11,True,262.98,10999.18
4063,JCI,2020-03-09,2020-03-23,time_exit,-33.95,31.37955665588379,20.82181930541992,11,True,262.98,10909.9
4064,AMGN,2020-03-09,2020-03-23,time_exit,-6.57,162.75550842285156,152.54888916015625,11,True,262.98,10892.62
4065,KO,2020-03-09,2020-03-23,time_exit,-27.24,42.57185745239258,31.10339736938477,11,True,262.98,10820.98
4066,STX,2020-03-10,2020-03-24,time_exit,-8.1,38.50656127929688,35.50315475463867,11,True,262.98,10799.68
4067,APH,2020-03-10,2020-03-24,time_exit,-18.1,21.305036544799805,17.512943267822266,11,True,262.98,10752.08
4068,NEE,2020-03-10,2020-03-24,time_exit,-19.54,54.22700881958008,43.79425048828125,11,True,262.98,10700.7
4069,LIN,2020-03-10,2020-03-24,time_exit,-6.77,161.40591430664062,150.96365356445312,11,True,262.98,10682.9
4070,LMT,2020-03-10,2020-03-24,time_exit,-21.61,308.3989562988281,242.6655731201172,11,True,262.98,10626.07
4071,ICE,2020-03-10,2020-03-24,time_exit,-18.66,83.28246307373047,67.99346923828125,11,True,262.98,10576.99
4072,MDT,2020-03-10,2020-03-24,time_exit,-16.91,79.6771240234375,66.43896484375,11,True,262.98,10532.52
4073,SO,2020-03-10,2020-03-24,time_exit,-21.23,48.44537734985352,38.30636596679688,11,True,262.98,10476.69
4081,BX,2020-03-11,2020-03-25,time_exit,-9.87,37.72275924682617,34.113800048828125,11,True,256.5,10451.38
4082,COF,2020-03-11,2020-03-25,time_exit,-27.02,63.92704391479492,46.84880828857422,11,True,256.5,10382.07
4083,WFC,2020-03-11,2020-03-25,time_exit,-10.69,27.542116165161133,24.679712295532227,11,True,256.5,10354.65
4084,CRM,2020-03-11,2020-03-25,time_exit,-5.16,151.9413299560547,144.5590362548828,11,True,256.5,10341.42
4085,AMAT,2020-03-11,2020-03-25,time_exit,-15.08,49.57731628417969,42.24792098999024,11,True,256.5,10302.74
4086,USB,2020-03-11,2020-03-25,time_exit,-11.84,27.437108993530277,24.269824981689453,11,True,256.5,10272.37
4087,MS,2020-03-11,2020-03-25,time_exit,-8.11,30.21685028076172,27.856544494628903,11,True,256.5,10251.56
4088,ABT,2020-03-12,2020-03-26,time_exit,1.13,66.2793960571289,67.22826385498047,11,True,256.5,10254.46
4089,MRK,2020-03-12,2020-03-26,time_exit,-0.72,57.8990592956543,57.65599060058594,11,True,256.5,10252.62
4090,EQIX,2020-03-12,2020-03-26,time_exit,3.67,500.014892578125,519.8783569335938,11,True,256.5,10262.03
4091,BKNG,2020-03-13,2020-03-27,time_exit,-11.99,55.6706428527832,49.16170120239258,11,True,256.5,10231.28
4092,PANW,2020-03-13,2020-03-27,time_exit,6.94,25.261667251586918,27.09000015258789,11,True,256.5,10249.08
4093,DHR,2020-03-13,2020-03-27,time_exit,-2.15,121.60523223876952,119.35454559326172,11,True,256.5,10243.56
4130,CVX,2020-03-17,2020-03-31,time_exit,2.2,53.23736953735352,54.57038497924805,11,True,250.4,10249.07
4131,ADBE,2020-03-17,2020-03-31,time_exit,1.76,311.8099975585937,318.239990234375,11,True,250.4,10253.48
4161,WMB,2020-03-19,2020-04-02,time_exit,32.6,7.871669769287109,10.4616117477417,11,True,244.49,10333.18
4162,SLB,2020-03-19,2020-04-02,time_exit,-0.23,12.084375381469728,12.093091011047363,11,True,244.49,10332.62
4163,MPC,2020-03-19,2020-04-02,time_exit,26.61,13.846109390258787,17.572633743286133,11,True,244.49,10397.68
4166,ELV,2020-03-20,2020-04-03,time_exit,5.81,175.5004119873047,186.22705078125,11,True,224.76,10410.73
4167,PM,2020-03-23,2020-04-06,time_exit,25.88,44.21528244018555,55.788818359375,11,True,216.42,10466.74
4168,ACN,2020-03-23,2020-04-06,time_exit,15.26,129.4729766845703,149.6206512451172,11,True,216.42,10499.77
4169,CVS,2020-03-23,2020-04-06,time_exit,5.6,43.04856872558594,45.58655548095703,11,True,216.42,10511.89
4170,KLAC,2020-03-23,2020-04-06,time_exit,27.32,10.843131065368652,13.838133811950684,11,True,216.42,10571.01
4171,XOM,2020-03-23,2020-04-06,time_exit,28.38,23.6702880859375,30.45903968811035,11,True,216.42,10632.43
4172,CMCSA,2020-03-23,2020-04-06,time_exit,6.42,26.381324768066406,28.154232025146484,11,True,216.42,10646.33
4173,UPS,2020-04-01,2020-04-16,time_exit,12.79,68.61166381835938,77.59136199951172,11,True,205.07,10672.56
4174,COF,2020-04-03,2020-04-20,time_exit,27.14,37.83529281616211,48.218292236328125,11,True,208.21,10729.07
4175,DE,2020-04-15,2020-04-29,time_exit,8.41,124.63642120361328,135.49639892578125,11,True,212.93,10746.97
4176,CAT,2020-04-16,2020-04-30,time_exit,3.43,100.0306167602539,103.7665023803711,11,True,213.45,10754.29
4177,INTC,2020-04-21,2020-05-05,time_exit,3.94,49.95952606201172,52.07810592651367,11,True,214.58,10762.75
4178,MA,2020-04-21,2020-05-05,time_exit,11.37,236.74398803710935,264.36981201171875,11,True,214.58,10787.15
4179,CSX,2020-04-21,2020-05-05,time_exit,6.91,18.190797805786133,19.502817153930664,11,True,214.58,10801.97
4180,WFC,2020-04-21,2020-05-05,time_exit,-2.24,22.86515617370605,22.42215919494629,11,True,214.58,10797.17
4181,CME,2020-04-21,2020-05-05,time_exit,-0.02,139.1246337890625,139.50750732421875,11,True,214.58,10797.13
4182,UNP,2020-04-21,2020-05-05,time_exit,7.99,125.2646942138672,135.64781188964844,11,True,214.58,10814.27
4183,KO,2020-04-21,2020-05-05,time_exit,-0.26,37.5791244506836,37.59568405151367,11,True,214.58,10813.71
4184,FTNT,2020-04-21,2020-05-05,time_exit,6.99,20.23600006103516,21.71199989318848,11,True,214.58,10828.71
4185,MDT,2020-04-22,2020-05-06,time_exit,0.41,79.94283294677734,80.50865936279297,11,True,214.58,10829.59
4186,MO,2020-04-22,2020-05-06,time_exit,-5.8,23.329805374145508,22.04638671875,11,True,214.58,10817.15
4187,JCI,2020-04-22,2020-05-06,time_exit,1.72,24.58746910095215,25.083648681640625,11,True,214.58,10820.84
4188,T,2020-04-24,2020-05-08,time_exit,-0.03,14.763940811157228,14.803695678710938,11,True,214.58,10820.77
4189,DUK,2020-04-24,2020-05-08,time_exit,-4.86,66.40946197509766,63.37924575805664,11,True,214.58,10810.34
4190,STX,2020-04-24,2020-05-08,time_exit,4.7,39.72661590576172,41.71171951293945,11,True,214.58,10820.43
4191,MRSH,2020-04-24,2020-05-08,time_exit,11.16,84.59881591796875,94.29290771484376,11,True,214.58,10844.38
4192,TJX,2020-04-24,2020-05-08,time_exit,5.04,42.366920471191406,44.63017654418945,11,True,214.58,10855.19
4193,CB,2020-04-27,2020-05-11,time_exit,-4.71,96.93622589111328,92.65949249267578,11,True,214.58,10845.08
4194,BA,2020-04-27,2020-05-11,time_exit,-0.12,128.67999267578125,128.91000366210938,11,True,214.58,10844.83
4195,VRTX,2020-04-28,2020-05-12,time_exit,7.29,256.9599914550781,276.4700012207031,11,True,214.58,10860.47
4196,PG,2020-04-29,2020-05-13,time_exit,-3.0,99.87458038330078,97.17894744873048,11,True,214.94,10854.02
4197,NFLX,2020-04-29,2020-05-13,time_exit,6.1,41.18899917602539,43.82699966430664,11,True,214.94,10867.13
4198,UPS,2020-04-30,2020-05-14,time_exit,-3.44,71.85285949707031,69.59844207763672,11,True,215.09,10859.73
4199,NEE,2020-04-30,2020-05-14,time_exit,0.18,49.00851058959961,49.24387741088867,11,True,215.09,10860.12
4200,REGN,2020-04-30,2020-05-14,time_exit,8.25,520.9638671875,565.5233154296875,11,True,215.09,10877.87
4201,SYK,2020-05-01,2020-05-15,time_exit,-0.49,169.14002990722656,168.8123016357422,11,True,215.09,10876.81
4202,BMY,2020-05-01,2020-05-15,time_exit,6.06,47.26210784912109,50.2659912109375,11,True,215.09,10889.85
4203,AMZN,2020-05-01,2020-05-15,time_exit,5.11,114.302001953125,120.48899841308594,11,True,215.09,10900.84
4204,WMT,2020-05-01,2020-05-15,time_exit,2.61,37.58028030395508,38.67296600341797,11,True,215.09,10906.45
4205,VZ,2020-05-01,2020-05-15,time_exit,-4.03,39.2394905090332,37.77567672729492,11,True,215.09,10897.78
4206,TMUS,2020-05-01,2020-05-15,time_exit,12.6,81.95951843261719,92.53247833251952,11,True,215.09,10924.88
4207,JNJ,2020-05-01,2020-05-15,time_exit,1.15,124.05307006835938,125.8516845703125,11,True,215.09,10927.36
4208,SO,2020-05-01,2020-05-15,time_exit,-2.59,42.501014709472656,41.52571487426758,11,True,215.09,10921.79
4209,CVS,2020-05-01,2020-05-15,time_exit,5.55,48.81344604492188,51.6670150756836,11,True,215.09,10933.72
4210,PEP,2020-05-01,2020-05-15,time_exit,4.16,107.0232162475586,111.8011703491211,11,True,215.09,10942.67
4211,PM,2020-05-04,2020-05-18,time_exit,-7.2,54.04171752929688,50.311668395996094,11,True,215.09,10927.18
4212,UBER,2020-05-04,2020-05-18,time_exit,22.31,27.420000076293945,33.619998931884766,11,True,215.09,10975.17
4213,ABT,2020-05-04,2020-05-18,time_exit,0.19,79.99665832519531,80.38848876953125,11,True,215.09,10975.58
4214,MNST,2020-05-04,2020-05-18,time_exit,12.21,29.604999542236328,33.310001373291016,11,True,215.09,11001.84
4215,LLY,2020-05-04,2020-05-18,time_exit,3.24,142.6499481201172,147.69740295410156,11,True,215.09,11008.81
4216,DE,2020-05-04,2020-05-18,time_exit,3.43,122.45336151123048,127.02213287353516,11,True,215.09,11016.19
4217,AMAT,2020-05-04,2020-05-18,time_exit,13.95,44.93976974487305,51.34355163574219,11,True,215.09,11046.19
4218,SBUX,2020-05-04,2020-05-18,time_exit,6.34,62.10166549682617,66.2228775024414,11,True,215.09,11059.83
4219,ORCL,2020-05-04,2020-05-18,time_exit,2.41,47.41519165039063,48.69791793823242,11,True,215.09,11065.01
4220,PGR,2020-05-04,2020-05-18,time_exit,0.72,64.41792297363281,65.0718765258789,11,True,215.09,11066.56
4221,GS,2020-05-04,2020-05-18,time_exit,3.02,151.35610961914062,156.3861083984375,11,True,215.09,11073.06
4222,TT,2020-05-05,2020-05-19,time_exit,-2.43,75.7070083618164,74.09446716308594,11,True,216.57,11067.79
4223,PNC,2020-05-06,2020-05-20,time_exit,5.69,78.62198638916016,83.33130645751953,11,True,216.42,11080.11
4224,DIS,2020-05-06,2020-05-20,time_exit,18.57,97.8095245361328,116.27001953125,11,True,216.42,11120.3
4225,VRT,2020-05-06,2020-05-20,time_exit,12.09,10.593660354614258,11.906676292419434,11,True,216.42,11146.46
4226,ANET,2020-05-06,2020-05-20,time_exit,7.72,13.000624656677246,14.043749809265137,11,True,216.42,11163.17
4227,DHR,2020-05-07,2020-05-21,time_exit,-3.86,140.80015563964844,135.7875518798828,11,True,216.42,11154.81
4228,LIN,2020-05-07,2020-05-21,time_exit,4.51,169.26504516601562,177.39901733398438,11,True,216.42,11164.57
4229,KO,2020-05-07,2020-05-21,time_exit,0.98,36.933204650878906,37.40522384643555,11,True,216.42,11166.7
4230,EQIX,2020-05-07,2020-05-21,time_exit,-4.5,597.5264282226562,572.4502563476562,11,True,216.42,11156.96
4231,WELL,2020-05-08,2020-05-22,time_exit,8.68,37.16909408569336,40.50515365600586,11,True,217.1,11175.8
4232,RTX,2020-05-11,2020-05-26,time_exit,13.09,49.42046737670898,56.03834915161133,11,True,216.9,11204.19
4233,USB,2020-05-11,2020-05-26,time_exit,7.14,25.57025909423828,27.471729278564453,11,True,216.9,11219.68
4234,JPM,2020-05-11,2020-05-26,time_exit,6.2,76.4506607055664,81.4216079711914,11,True,216.9,11233.13
4235,ELV,2020-05-13,2020-05-28,time_exit,8.5,245.3103179931641,266.9009704589844,11,True,217.34,11251.6
4236,BKNG,2020-05-13,2020-05-28,time_exit,20.41,53.50620651245117,64.58763122558594,11,True,217.34,11295.96
4237,BA,2020-05-13,2020-05-28,time_exit,23.01,121.5,149.82000732421875,11,True,217.34,11345.97
4238,FCX,2020-05-13,2020-05-28,time_exit,7.91,7.805999755859375,8.447206497192383,11,True,217.34,11363.16
4239,HCA,2020-05-13,2020-05-28,time_exit,9.13,95.51886749267578,104.52703857421876,11,True,217.34,11383.01
4240,JCI,2020-05-13,2020-05-28,time_exit,15.53,24.117870330810547,27.936681747436523,11,True,217.34,11416.76
4241,UNP,2020-05-13,2020-05-28,time_exit,11.96,132.49032592773438,148.734375,11,True,217.34,11442.75
4242,PFE,2020-05-13,2020-05-28,time_exit,2.75,25.67420768737793,26.457250595092773,11,True,217.34,11448.73
4243,TXN,2020-05-13,2020-05-28,time_exit,5.93,91.763427734375,97.48444366455078,11,True,217.34,11461.62
4244,MDT,2020-05-14,2020-05-29,time_exit,4.77,78.06241607666016,82.02296447753906,11,True,217.56,11472.0
4245,ADI,2020-05-14,2020-05-29,time_exit,7.35,94.38516235351562,101.6091537475586,11,True,217.56,11487.99
4246,MCK,2020-05-14,2020-05-29,time_exit,22.62,124.2895050048828,152.77928161621094,11,True,217.56,11537.2
4247,CAT,2020-05-14,2020-05-29,time_exit,12.83,94.6809310913086,107.11006927490234,11,True,217.56,11565.11
4248,PWR,2020-05-14,2020-05-29,time_exit,19.18,30.53167724609375,36.477989196777344,11,True,217.56,11606.84
4249,MAR,2020-05-14,2020-05-29,time_exit,11.37,75.97671508789062,84.84465026855469,11,True,217.56,11631.58
4250,SCHW,2020-05-14,2020-05-29,time_exit,7.21,30.70001983642578,33.00712203979492,11,True,217.56,11647.26
4289,ABT,2020-05-20,2020-06-04,time_exit,-2.34,80.22819519042969,78.58961486816406,11,True,223.26,11642.04
4290,LLY,2020-05-20,2020-06-04,time_exit,-1.88,143.18124389648438,140.91844177246094,11,True,223.26,11637.84
4291,AMGN,2020-05-20,2020-06-04,time_exit,-3.37,188.2246551513672,182.4508056640625,11,True,223.26,11630.32
4292,PEP,2020-05-21,2020-06-05,time_exit,2.2,107.08078002929688,109.76004791259766,11,True,223.14,11635.22
4293,BMY,2020-05-21,2020-06-05,time_exit,0.01,47.95228958129883,48.10131454467773,11,True,223.14,11635.25
4294,VZ,2020-05-22,2020-06-08,time_exit,7.08,37.35449600219727,40.10947036743164,11,True,223.52,11651.07
4295,NFLX,2020-05-22,2020-06-08,time_exit,-2.59,42.93199920654297,41.94900131225586,11,True,223.52,11645.28
4296,VRTX,2020-05-27,2020-06-10,time_exit,-1.8,278.510009765625,274.3399963378906,11,True,224.66,11641.24
4297,CME,2020-05-27,2020-06-10,time_exit,7.07,137.9601593017578,148.12777709960938,11,True,224.66,11657.12
4298,REGN,2020-05-27,2020-06-10,time_exit,11.2,538.92431640625,600.9193115234375,11,True,224.66,11682.28
4299,TMO,2020-05-27,2020-06-10,time_exit,4.28,331.7455444335937,346.9388427734375,11,True,224.66,11691.9
4300,AMD,2020-05-27,2020-06-10,time_exit,8.61,52.7400016784668,57.43999862670898,11,True,224.66,11711.24
4301,JNJ,2020-05-27,2020-06-10,time_exit,1.71,122.04899597167967,124.50025939941406,11,True,224.66,11715.09
4302,DHR,2020-05-27,2020-06-10,time_exit,7.11,138.4746551513672,148.73243713378906,11,True,224.66,11731.06
4303,WMT,2020-05-27,2020-06-10,time_exit,-1.38,37.61048126220703,37.20513153076172,11,True,224.66,11727.96
4304,AMZN,2020-05-27,2020-06-10,time_exit,9.53,120.51950073242188,132.37249755859375,11,True,224.66,11749.37
4305,CRWD,2020-05-27,2020-06-10,time_exit,24.36,19.497499465942383,24.30500030517578,11,True,224.66,11804.1
4306,MRK,2020-05-27,2020-06-10,time_exit,5.14,60.808135986328125,64.11709594726562,11,True,224.66,11815.64
4307,NEM,2020-06-03,2020-06-17,time_exit,-1.09,47.13408660888672,46.76388168334961,11,True,232.95,11813.11
4308,CRM,2020-06-04,2020-06-18,time_exit,9.16,168.5244598388672,184.46859741210935,11,True,232.61,11834.41
4309,ABT,2020-06-05,2020-06-19,time_exit,0.61,80.02337646484375,80.75363159179688,11,True,232.7,11835.83
4310,CVX,2020-06-11,2020-06-25,time_exit,-0.48,68.29358673095703,68.17131042480469,11,True,236.31,11834.7
4311,PGR,2020-06-11,2020-06-25,time_exit,4.94,64.47738647460938,67.85751342773438,11,True,236.31,11846.37
4312,BAC,2020-06-11,2020-06-25,time_exit,3.0,20.705217361450195,21.388751983642575,11,True,236.31,11853.46
4313,JPM,2020-06-11,2020-06-25,time_exit,0.47,82.60272979736328,83.24003601074219,11,True,236.31,11854.57
4314,GOOGL,2020-06-11,2020-06-25,time_exit,2.5,69.47892761230469,71.42169952392578,11,True,236.31,11860.48
4315,STX,2020-06-11,2020-06-25,time_exit,-5.98,41.87510299682617,39.49565124511719,11,True,236.31,11846.35
4316,CME,2020-06-12,2020-06-26,time_exit,-7.32,137.1536102294922,127.5217742919922,11,True,236.31,11829.05
4317,KO,2020-06-12,2020-06-26,time_exit,-4.75,38.10436630249024,36.40804672241211,11,True,236.31,11817.82
4318,SO,2020-06-12,2020-06-26,time_exit,-9.65,44.39473724365234,40.24532699584961,11,True,236.31,11795.02
4319,ORCL,2020-06-12,2020-06-26,time_exit,4.17,47.51597595214844,49.64165115356445,11,True,236.31,11804.87
4320,PEP,2020-06-12,2020-06-26,time_exit,-0.35,106.90914154052734,106.8511199951172,11,True,236.31,11804.05
4321,WMB,2020-06-12,2020-06-26,time_exit,1.24,13.53127384185791,13.739102363586426,11,True,236.31,11806.98
4322,UNH,2020-06-12,2020-06-26,time_exit,0.74,256.2311096191406,258.8960266113281,11,True,236.31,11808.73
4323,HD,2020-06-12,2020-06-26,time_exit,-0.89,209.38368225097656,208.1400909423828,11,True,236.31,11806.62
4324,NEE,2020-06-12,2020-06-26,time_exit,-4.63,52.6451530456543,50.365867614746094,11,True,236.31,11795.68
4325,MCD,2020-06-12,2020-06-26,time_exit,-5.28,163.57937622070312,155.42506408691406,11,True,236.31,11783.2
4326,MRSH,2020-06-12,2020-06-26,time_exit,0.09,94.61936950683594,94.99118041992188,11,True,236.31,11783.42
4327,TJX,2020-06-12,2020-06-26,time_exit,-5.87,48.264259338378906,45.57780075073242,11,True,236.31,11769.55
4328,UNP,2020-06-12,2020-06-26,time_exit,-2.43,144.9573516845703,141.86944580078125,11,True,236.31,11763.8
4329,CSX,2020-06-12,2020-06-26,time_exit,-5.56,21.3520622253418,20.22875213623047,11,True,236.31,11750.66
4330,MA,2020-06-12,2020-06-26,time_exit,-3.14,287.3446044921875,279.1909484863281,11,True,236.31,11743.24
4331,LLY,2020-06-12,2020-06-26,time_exit,13.14,134.2143096923828,152.25103759765625,11,True,236.31,11774.3
4332,PANW,2020-06-12,2020-06-26,time_exit,1.3,36.97499847412109,37.56499862670898,11,True,236.31,11777.37
4333,DELL,2020-06-12,2020-06-26,time_exit,11.11,21.59376335144043,24.05702018737793,11,True,236.31,11803.62
4334,MMM,2020-06-12,2020-06-26,time_exit,-1.82,104.3419189453125,102.75862884521484,11,True,236.31,11799.32
4335,CMCSA,2020-06-12,2020-06-26,time_exit,-2.35,30.664249420166016,30.03480339050293,11,True,236.31,11793.77
4336,GILD,2020-06-12,2020-06-26,time_exit,1.57,58.40068817138672,59.49370193481445,11,True,236.31,11797.48
4337,PFE,2020-06-12,2020-06-26,time_exit,-5.37,23.38744163513184,22.20248031616211,11,True,236.31,11784.79
4338,JNJ,2020-06-12,2020-06-26,time_exit,-3.35,119.74095153808594,116.08511352539062,11,True,236.31,11776.87
4339,ELV,2020-06-12,2020-06-26,time_exit,-4.1,244.1951141357422,234.92312622070312,11,True,236.31,11767.18
4340,V,2020-06-12,2020-06-26,time_exit,-1.86,183.7513427734375,180.8936920166016,11,True,236.31,11762.79
4341,TMO,2020-06-12,2020-06-26,time_exit,2.99,334.33416748046875,345.3454895019531,11,True,236.31,11769.85
4342,WM,2020-06-12,2020-06-26,time_exit,-1.34,94.33868408203124,93.35798645019533,11,True,236.31,11766.69
4343,GOOG,2020-06-12,2020-06-26,time_exit,-4.07,70.04145812988281,67.40074157714844,11,True,236.31,11757.07
4344,APH,2020-06-12,2020-06-26,time_exit,-1.13,22.439712524414062,22.252626419067383,11,True,236.31,11754.4
4345,ISRG,2020-06-12,2020-06-26,time_exit,-1.83,186.1366729736328,183.2833404541016,11,True,236.31,11750.07
4346,TT,2020-06-12,2020-06-26,time_exit,-6.66,83.76123046875,78.43289184570312,11,True,236.31,11734.34
4347,ICE,2020-06-12,2020-06-26,time_exit,-3.05,86.08565521240234,83.71498107910156,11,True,236.31,11727.13
4348,BX,2020-06-12,2020-06-26,time_exit,-2.78,44.73287582397461,43.62519454956055,11,True,236.31,11720.56
4349,BKNG,2020-06-12,2020-06-26,time_exit,-5.39,63.60567474365234,60.3676643371582,11,True,236.31,11707.82
4350,BLK,2020-06-12,2020-06-26,time_exit,1.18,457.2028198242188,463.9779052734375,11,True,236.31,11710.61
4351,WDC,2020-06-12,2020-06-26,time_exit,-5.14,32.31614303588867,30.75112533569336,11,True,236.31,11698.46
4352,T,2020-06-12,2020-06-26,time_exit,-4.96,15.156516075134276,14.45086669921875,11,True,236.31,11686.74
4353,COST,2020-06-15,2020-06-29,time_exit,1.18,271.6953430175781,275.727294921875,11,True,236.31,11689.53
4354,SCHW,2020-06-15,2020-06-29,time_exit,-10.94,33.687294006347656,30.10256767272949,11,True,236.31,11663.68
4355,SYK,2020-06-15,2020-06-29,time_exit,-5.8,176.50045776367188,166.7890625,11,True,236.31,11649.97
4356,WMT,2020-06-15,2020-06-29,time_exit,0.53,36.25934219360352,36.56028366088867,11,True,236.31,11651.22
4392,WELL,2020-06-19,2020-07-06,time_exit,2.27,43.19872283935547,44.30834579467773,11,True,236.72,11656.6
4393,PLD,2020-06-22,2020-07-07,time_exit,2.15,78.34042358398438,80.2616958618164,11,True,236.72,11661.69
4394,VRT,2020-06-22,2020-07-07,time_exit,0.74,13.408687591552734,13.547948837280272,11,True,236.72,11663.44
4398,GE,2020-06-25,2020-07-10,time_exit,-0.0,32.3265266418457,32.42345428466797,11,True,236.93,11663.44
4399,WFC,2020-06-25,2020-07-10,time_exit,-7.24,23.790428161621094,22.138919830322266,11,True,236.93,11646.28
4400,UBER,2020-06-25,2020-07-10,time_exit,8.07,30.57999992370605,33.13999938964844,11,True,236.93,11665.4
4401,GLW,2020-06-25,2020-07-10,time_exit,3.03,22.090595245361328,22.82666015625,11,True,236.93,11672.58
4402,AXP,2020-06-25,2020-07-10,time_exit,-4.59,90.45529174804688,86.57544708251953,11,True,236.93,11661.71
4403,LMT,2020-06-25,2020-07-10,time_exit,-4.04,306.5920104980469,295.1249389648437,11,True,236.93,11652.14
4406,BA,2020-06-26,2020-07-13,time_exit,3.02,170.00999450683594,175.64999389648438,11,True,233.73,11659.2
4407,META,2020-06-29,2020-07-14,time_exit,8.35,218.7192840576172,237.64309692382807,11,True,233.02,11678.65
4408,TJX,2020-06-29,2020-07-14,time_exit,-2.09,46.70942687988281,45.872215270996094,11,True,233.02,11673.78
4409,GOOG,2020-06-29,2020-07-14,time_exit,8.7,69.138916015625,75.36453247070312,11,True,233.02,11694.06
4410,MA,2020-06-29,2020-07-14,time_exit,1.89,282.65496826171875,288.84918212890625,11,True,233.02,11698.46
4411,MRVL,2020-06-29,2020-07-14,time_exit,10.81,32.72893524169922,36.36528396606445,11,True,233.02,11723.65
4412,NEE,2020-06-29,2020-07-14,time_exit,9.9,50.79656600952149,55.97984313964844,11,True,233.02,11746.72
4413,GOOGL,2020-06-29,2020-07-14,time_exit,8.55,69.24449920654297,75.37462615966797,11,True,233.02,11766.64
4414,WDC,2020-06-29,2020-07-14,time_exit,-0.16,31.593828201293945,31.638973236083984,11,True,233.02,11766.27
4415,CME,2020-06-29,2020-07-14,time_exit,1.89,127.17636108398438,129.96307373046875,11,True,233.02,11770.67
4416,PSX,2020-06-30,2020-07-15,time_exit,-9.26,56.23501586914063,51.19810485839844,11,True,233.02,11749.1
4417,WMB,2020-06-30,2020-07-15,time_exit,5.27,14.117653846740724,14.904438972473145,11,True,233.02,11761.38
4418,XOM,2020-06-30,2020-07-15,time_exit,-0.5,34.310325622558594,34.24127578735352,11,True,233.02,11760.21
4419,VLO,2020-07-06,2020-07-20,time_exit,-4.09,44.76591873168945,43.0694580078125,11,True,233.13,11750.68
4420,USB,2020-07-07,2020-07-21,time_exit,2.57,27.601539611816406,28.392810821533203,11,True,233.27,11756.67
4421,CVX,2020-07-07,2020-07-21,time_exit,5.59,65.95524597167969,69.83719635009766,11,True,233.27,11769.71
4422,MPC,2020-07-07,2020-07-21,time_exit,10.8,29.212142944335938,32.45418930053711,11,True,233.27,11794.9
4423,BAC,2020-07-08,2020-07-22,time_exit,4.94,19.98706817626953,21.03400421142578,11,True,233.27,11806.43
4424,STX,2020-07-08,2020-07-22,time_exit,5.95,38.52750396728516,40.93546295166016,11,True,233.27,11820.31
4425,PNC,2020-07-08,2020-07-22,time_exit,7.37,79.93099975585938,86.06228637695312,11,True,233.27,11837.5
4426,PGR,2020-07-08,2020-07-22,time_exit,16.21,65.79187774658203,76.65088653564453,11,True,233.27,11875.31
4427,CB,2020-07-09,2020-07-23,time_exit,8.55,113.82682800292967,123.89679718017578,11,True,233.27,11895.26
4428,JPM,2020-07-09,2020-07-23,time_exit,8.14,78.31963348388672,84.92634582519531,11,True,233.27,11914.24
4429,COP,2020-07-10,2020-07-24,time_exit,2.22,31.71807098388672,32.517948150634766,11,True,233.04,11919.42
4430,SLB,2020-07-10,2020-07-24,time_exit,9.2,15.605563163757324,17.088045120239258,11,True,233.04,11940.86
4431,ADI,2020-07-13,2020-07-27,time_exit,-1.54,105.4774169921875,104.1729965209961,11,True,233.18,11937.27
4432,V,2020-07-14,2020-07-28,time_exit,1.46,184.7740478515625,188.03314208984372,11,True,235.41,11940.7
4433,ADP,2020-07-14,2020-07-28,time_exit,0.5,127.54244995117188,128.56822204589844,11,True,235.41,11941.88
4434,WFC,2020-07-14,2020-07-28,time_exit,4.98,21.07847595214844,22.191072463989254,11,True,235.41,11953.6
4435,TMUS,2020-07-14,2020-07-28,time_exit,-1.13,100.20548248291016,99.3782730102539,11,True,235.41,11950.94
4436,VRTX,2020-07-14,2020-07-28,time_exit,-5.51,293.8299865722656,278.5199890136719,11,True,235.41,11937.97
4437,INTU,2020-07-14,2020-07-28,time_exit,3.71,273.501953125,284.45654296875,11,True,235.41,11946.71
4438,DELL,2020-07-14,2020-07-28,time_exit,12.79,24.17212677001953,27.33522224426269,11,True,235.41,11976.82
4439,FTNT,2020-07-15,2020-07-29,time_exit,5.52,25.86400032043457,27.368000030517575,11,True,235.2,11989.8
4440,CRM,2020-07-16,2020-07-30,time_exit,3.04,182.35516357421875,188.43988037109372,11,True,235.2,11996.95
4441,CRWD,2020-07-16,2020-07-30,time_exit,10.44,25.26499938964844,27.977500915527344,11,True,235.2,12021.51
4442,CSCO,2020-07-16,2020-07-30,time_exit,1.14,38.578609466552734,39.134803771972656,11,True,235.2,12024.19
4443,MSFT,2020-07-17,2020-07-31,time_exit,0.75,192.4738311767578,194.4945373535156,11,True,235.2,12025.95
4444,SCHW,2020-07-20,2020-08-03,time_exit,-1.78,31.104455947875977,30.64486694335937,11,True,235.01,12021.77
4445,ORCL,2020-07-20,2020-08-03,time_exit,0.75,50.97404098510742,51.507694244384766,11,True,235.01,12023.53
4446,BNY,2020-07-22,2020-08-05,time_exit,1.28,30.295543670654297,30.775192260742188,11,True,237.51,12026.57
4447,LLY,2020-07-23,2020-08-06,time_exit,-5.65,151.02618408203125,142.94752502441406,11,True,238.28,12013.11
4448,META,2020-07-23,2020-08-06,time_exit,13.75,230.57521057128903,262.9706420898437,11,True,238.28,12045.87
4449,FCX,2020-07-24,2020-08-07,time_exit,6.1,12.192227363586426,12.972827911376951,11,True,238.82,12060.44
4450,TSLA,2020-07-24,2020-08-07,time_exit,2.22,94.46666717529295,96.84733581542967,11,True,238.82,12065.74
4451,AMZN,2020-07-24,2020-08-07,time_exit,4.97,150.44549560546875,158.3730010986328,11,True,238.82,12077.61
4452,UBER,2020-07-24,2020-08-07,time_exit,5.22,31.18000030517578,32.900001525878906,11,True,238.82,12090.08
4453,AAPL,2020-07-24,2020-08-07,time_exit,19.89,89.59515380859375,107.68331146240234,11,True,238.82,12137.58
4454,NVDA,2020-07-24,2020-08-07,time_exit,9.56,10.147491455078123,11.147859573364258,11,True,238.82,12160.41
4455,MRK,2020-07-24,2020-08-07,time_exit,4.78,60.935821533203125,64.03398895263672,11,True,238.82,12171.82
4456,VRT,2020-07-24,2020-08-07,time_exit,21.13,13.508156776428224,16.40276336669922,11,True,238.82,12222.29
4457,NFLX,2020-07-24,2020-08-07,time_exit,2.67,48.04499816894531,49.47299957275391,11,True,238.82,12228.66
4458,MRVL,2020-07-24,2020-08-07,time_exit,2.82,34.17731475830078,35.24200439453125,11,True,238.82,12235.4
4459,AVGO,2020-07-24,2020-08-07,time_exit,6.29,26.931041717529297,28.704776763916016,11,True,238.82,12250.42
4460,AMAT,2020-07-24,2020-08-07,time_exit,4.57,57.484161376953125,60.28157424926758,11,True,238.82,12261.33
4461,MAR,2020-07-27,2020-08-10,time_exit,12.29,82.70674133300781,93.11820220947266,11,True,238.75,12290.67
4462,GS,2020-07-27,2020-08-10,time_exit,2.83,175.65415954589844,181.1568145751953,11,True,238.75,12297.43
4463,INTC,2020-07-27,2020-08-10,time_exit,-0.33,44.18883514404297,44.17481994628906,11,True,238.75,12296.64
4464,JPM,2020-07-27,2020-08-10,time_exit,3.56,83.14167022705078,86.35064697265625,11,True,238.75,12305.14
4465,MMM,2020-07-28,2020-08-11,time_exit,4.88,104.6518325805664,110.07544708251952,11,True,239.54,12316.83
4466,T,2020-07-28,2020-08-11,time_exit,1.42,15.095192909240724,15.354491233825684,11,True,239.54,12320.23
4467,BA,2020-07-28,2020-08-11,time_exit,5.14,170.83999633789062,180.1300048828125,11,True,239.54,12332.54
4468,COP,2020-07-28,2020-08-11,time_exit,1.63,31.452322006225582,32.057804107666016,11,True,239.54,12336.45
4469,SPGI,2020-07-28,2020-08-11,time_exit,-1.42,312.0976257324219,308.60498046875,11,True,239.54,12333.05
4470,HWM,2020-07-29,2020-08-12,time_exit,18.17,15.041387557983398,17.819168090820312,11,True,239.8,12376.62
4471,CME,2020-07-29,2020-08-12,time_exit,2.78,129.42930603027344,133.4170379638672,11,True,239.8,12383.29
4472,WMT,2020-07-29,2020-08-12,time_exit,0.62,40.13155364990234,40.50004959106445,11,True,239.8,12384.77
4473,CB,2020-07-29,2020-08-12,time_exit,-1.56,120.78424835205078,119.2646026611328,11,True,239.8,12381.03
4474,BKNG,2020-07-30,2020-08-13,time_exit,5.93,66.10538482666016,70.22705078125,11,True,240.48,12395.29
4475,V,2020-07-30,2020-08-13,time_exit,1.67,185.47171020507807,189.12142944335935,11,True,240.48,12399.31
4476,WDC,2020-07-30,2020-08-13,time_exit,-16.72,32.173187255859375,26.89124298095703,11,True,240.48,12359.1
4477,BX,2020-07-30,2020-08-13,time_exit,-2.36,43.882057189941406,42.97693634033203,11,True,240.48,12353.42
4478,DIS,2020-07-30,2020-08-13,time_exit,12.93,112.13968658447266,126.97399139404295,11,True,240.48,12384.52
4479,AXP,2020-07-30,2020-08-13,time_exit,5.8,87.89411163330078,93.25225830078124,11,True,240.48,12398.47
4480,PSX,2020-07-30,2020-08-13,time_exit,-1.03,49.34446716308594,48.98468780517578,11,True,240.48,12395.99
4481,VRTX,2020-07-30,2020-08-13,time_exit,-4.68,279.3999938964844,267.1499938964844,11,True,240.48,12384.73
4482,TJX,2020-07-30,2020-08-13,time_exit,10.38,47.47303771972656,52.5423583984375,11,True,240.48,12409.7
4483,AMGN,2020-07-30,2020-08-13,time_exit,-2.61,203.3159942626953,198.6242218017578,11,True,240.48,12403.42
4484,MCK,2020-07-30,2020-08-13,time_exit,-1.22,147.9071502685547,146.53990173339844,11,True,240.48,12400.49
4485,SLB,2020-07-30,2020-08-13,time_exit,7.45,16.175748825073242,17.430160522460938,11,True,240.48,12418.4
4486,MU,2020-07-30,2020-08-13,time_exit,-9.37,49.478458404541016,44.99282836914063,11,True,240.48,12395.87
4487,IBM,2020-07-30,2020-08-13,time_exit,2.77,91.08938598632812,93.8814468383789,11,True,240.48,12402.53
4488,PH,2020-07-30,2020-08-13,time_exit,14.87,166.45384216308594,191.7003326416016,11,True,240.48,12438.29
4489,MCO,2020-07-30,2020-08-13,time_exit,-0.93,269.26861572265625,267.560546875,11,True,240.48,12436.05
4490,LIN,2020-07-30,2020-08-13,time_exit,2.68,222.7321319580078,229.37677001953125,11,True,240.48,12442.5
4491,XOM,2020-07-31,2020-08-14,time_exit,4.39,32.28485107421875,33.798004150390625,11,True,240.52,12453.06
4492,ADP,2020-07-31,2020-08-14,time_exit,4.25,116.52230072021484,121.82633972167967,11,True,240.52,12463.28
4493,MDT,2020-07-31,2020-08-14,time_exit,4.08,80.80265808105469,84.34530639648438,11,True,240.52,12473.09
4502,RTX,2020-08-03,2020-08-17,time_exit,9.66,49.98860931396485,54.966796875,11,True,240.47,12496.32
4503,WFC,2020-08-03,2020-08-17,time_exit,0.86,21.113245010375977,21.35723304748535,11,True,240.47,12498.39
4507,SYK,2020-08-06,2020-08-20,time_exit,-0.69,177.1898193359375,176.5040283203125,11,True,240.92,12496.73
4508,VLO,2020-08-06,2020-08-20,time_exit,2.07,41.53401947021485,42.51831817626953,11,True,240.92,12501.72
4509,COF,2020-08-07,2020-08-21,time_exit,-3.27,59.33488464355469,57.57514953613281,11,True,245.23,12493.7
4510,ANET,2020-08-07,2020-08-21,time_exit,-3.87,14.425000190734863,13.910625457763672,11,True,245.23,12484.21
4511,FTNT,2020-08-07,2020-08-21,time_exit,0.24,26.200000762939453,26.34199905395508,11,True,245.23,12484.79
4512,TSLA,2020-08-10,2020-08-24,time_exit,41.69,94.5713348388672,134.27999877929688,11,True,246.1,12587.39
4513,REGN,2020-08-11,2020-08-25,time_exit,1.64,593.2615356445312,604.7926635742188,11,True,246.66,12591.44
4514,GILD,2020-08-11,2020-08-25,time_exit,-3.31,54.33179473876953,52.69624328613281,11,True,246.66,12583.28
4515,TMO,2020-08-11,2020-08-25,time_exit,3.4,400.7365112304688,415.5461120605469,11,True,246.66,12591.66
4516,CRWD,2020-08-11,2020-08-25,time_exit,15.4,24.540000915527344,28.39249992370605,11,True,246.66,12629.65
4517,ISRG,2020-08-11,2020-08-25,time_exit,3.33,225.0,233.1666717529297,11,True,246.66,12637.86
4518,NOW,2020-08-11,2020-08-25,time_exit,8.38,84.27200317382812,91.58599853515624,11,True,246.66,12658.53
4519,PFE,2020-08-11,2020-08-25,time_exit,1.34,26.44294166564941,26.87677383422852,11,True,246.66,12661.84
4520,ORCL,2020-08-12,2020-08-26,time_exit,5.83,49.84229278564453,52.897064208984375,11,True,247.62,12676.27
4521,CSCO,2020-08-14,2020-08-28,time_exit,-1.01,35.814579010009766,35.561771392822266,11,True,249.46,12673.75
4522,WDC,2020-08-14,2020-08-28,time_exit,5.58,26.89124298095703,28.471311569213867,11,True,249.46,12687.67
4523,DUK,2020-08-17,2020-08-31,time_exit,-3.04,65.51183319091797,63.7193717956543,11,True,249.97,12680.07
4524,MRVL,2020-08-17,2020-08-31,time_exit,14.5,32.995418548583984,37.87928771972656,11,True,249.97,12716.32
4525,TJX,2020-08-19,2020-09-02,time_exit,4.06,50.01229476928711,52.19274139404297,11,True,249.97,12726.47
4526,VRT,2020-08-19,2020-09-02,time_exit,5.82,15.59704875946045,16.55197525024414,11,True,249.97,12741.02
4527,WFC,2020-08-19,2020-09-02,time_exit,1.78,21.008113861083984,21.444515228271484,11,True,249.97,12745.47
4528,USB,2020-08-19,2020-09-02,time_exit,3.71,28.05147933959961,29.17633056640625,11,True,249.97,12754.74
4529,C,2020-08-19,2020-09-02,time_exit,3.0,40.93293380737305,42.2840690612793,11,True,249.97,12762.24
4530,T,2020-08-20,2020-09-03,time_exit,-0.57,15.085022926330566,15.044349670410156,11,True,250.03,12760.81
4531,PNC,2020-08-20,2020-09-03,time_exit,4.97,85.61837005615234,90.130126953125,11,True,250.03,12773.24
4532,DELL,2020-08-20,2020-09-03,time_exit,9.56,27.46874237060547,30.1760196685791,11,True,250.03,12797.14
4533,APH,2020-08-20,2020-09-03,time_exit,0.79,25.40925407409668,25.68631172180176,11,True,250.03,12799.12
4534,CVS,2020-08-20,2020-09-03,time_exit,-5.43,52.50729370117188,49.81269454956055,11,True,250.03,12785.54
4535,BA,2020-08-20,2020-09-03,time_exit,-0.78,169.5800018310547,168.77000427246094,11,True,250.03,12783.59
4536,GS,2020-08-20,2020-09-03,time_exit,3.15,174.64187622070312,180.6694183349609,11,True,250.03,12791.47
4537,UBER,2020-08-20,2020-09-03,time_exit,6.07,31.40999984741211,33.40999984741211,11,True,250.03,12806.65
4538,MRSH,2020-08-20,2020-09-03,time_exit,0.16,105.66464233398438,106.14722442626952,11,True,250.03,12807.05
4539,GE,2020-08-20,2020-09-03,time_exit,0.5,30.38791275024414,30.630237579345703,11,True,250.03,12808.3
4540,SO,2020-08-21,2020-09-04,time_exit,-0.45,41.87858963012695,41.81460952758789,11,True,249.7,12807.17
4541,IBM,2020-08-21,2020-09-04,time_exit,-1.0,92.47728729248048,91.83152770996094,11,True,249.7,12804.67
4542,LLY,2020-08-21,2020-09-04,time_exit,0.81,140.24298095703125,141.79330444335938,11,True,249.7,12806.7
4543,KO,2020-08-21,2020-09-04,time_exit,7.65,39.50820541381836,42.65014266967773,11,True,249.7,12825.8
4544,LIN,2020-08-21,2020-09-04,time_exit,1.47,224.83045959472656,228.8170318603516,11,True,249.7,12829.47
4545,KKR,2020-08-21,2020-09-04,time_exit,2.23,33.010826110839844,33.845096588134766,11,True,249.7,12835.04
4546,TT,2020-08-21,2020-09-04,time_exit,0.31,108.94795989990234,109.60794067382812,11,True,249.7,12835.81
4547,CVX,2020-08-21,2020-09-04,time_exit,-4.0,65.95259857177734,63.51078414916992,11,True,249.7,12825.82
4548,UNH,2020-08-21,2020-09-04,time_exit,-0.98,283.4968566894531,281.56561279296875,11,True,249.7,12823.38
4549,BNY,2020-08-24,2020-09-08,time_exit,-1.29,30.859973907470703,30.55476951599121,11,True,251.75,12820.13
4550,CB,2020-08-24,2020-09-08,time_exit,-2.96,113.90008544921876,110.86992645263672,11,True,251.75,12812.68
4551,LRCX,2020-08-24,2020-09-08,time_exit,-14.06,32.96195602416992,28.426416397094727,11,True,251.75,12777.28
4552,RTX,2020-08-24,2020-09-08,time_exit,-4.55,54.18742752075195,51.88438415527344,11,True,251.75,12765.83
4553,MCK,2020-08-24,2020-09-08,time_exit,0.15,144.10379028320312,144.75889587402344,11,True,251.75,12766.21
4554,XOM,2020-08-25,2020-09-09,time_exit,-7.47,31.98292732238769,29.69061279296875,11,True,253.24,12747.29
4555,WMB,2020-08-25,2020-09-09,time_exit,-2.03,15.876792907714844,15.602158546447754,11,True,253.24,12742.15
4556,BMY,2020-08-26,2020-09-10,time_exit,-6.71,49.21908187866211,46.06584930419922,11,True,253.53,12725.14
4557,PLD,2020-08-26,2020-09-10,time_exit,-1.31,85.50922393798828,84.64590454101562,11,True,253.53,12721.81
4558,PFE,2020-08-26,2020-09-10,time_exit,-6.61,26.6248779296875,24.945507049560547,11,True,253.53,12705.06
4559,GILD,2020-08-26,2020-09-10,time_exit,-3.09,52.33724594116211,50.87722396850586,11,True,253.53,12697.22
4560,ABBV,2020-08-26,2020-09-10,time_exit,-5.28,74.8264389038086,71.09900665283203,11,True,253.53,12683.84
4561,NEE,2020-08-26,2020-09-10,time_exit,-0.55,59.48724365234375,59.3393783569336,11,True,253.53,12682.44
4562,PSX,2020-08-27,2020-09-11,time_exit,-5.59,47.806915283203125,45.276145935058594,11,True,253.53,12668.27
4563,TMO,2020-08-27,2020-09-11,time_exit,2.22,413.814208984375,424.2449035644531,11,True,253.53,12673.9
4564,DHR,2020-08-27,2020-09-11,time_exit,-0.07,176.21963500976562,176.63343811035156,11,True,253.53,12673.72
4565,AMAT,2020-08-27,2020-09-11,time_exit,-11.63,59.01668930053711,52.32817840576172,11,True,253.53,12644.24
4566,COP,2020-08-27,2020-09-11,time_exit,-13.51,30.79840660095215,26.729625701904297,11,True,253.53,12609.98
4567,MPC,2020-08-27,2020-09-11,time_exit,-10.96,29.90511703491211,26.71626091003418,11,True,253.53,12582.2
4568,GD,2020-08-31,2020-09-15,time_exit,-3.12,130.80361938476562,127.11639404296876,11,True,254.33,12574.26
4569,VLO,2020-09-01,2020-09-16,time_exit,-6.72,42.3327522277832,39.61384201049805,11,True,254.33,12557.17
4570,REGN,2020-09-01,2020-09-16,time_exit,-4.27,587.1393432617188,563.829345703125,11,True,254.33,12546.31
4571,MO,2020-09-02,2020-09-17,time_exit,-5.05,27.590999603271484,26.281030654907227,11,True,255.24,12533.42
4572,ICE,2020-09-03,2020-09-18,time_exit,-3.9,95.58695220947266,92.14868927001952,11,True,256.17,12523.43
4573,JNJ,2020-09-03,2020-09-18,time_exit,-0.55,126.81283569335938,126.49907684326172,11,True,256.17,12522.02
4574,BLK,2020-09-03,2020-09-18,time_exit,-4.13,505.3992309570313,486.0252075195313,11,True,256.17,12511.44
4575,CDNS,2020-09-03,2020-09-18,time_exit,-7.98,108.05999755859376,99.76000213623048,11,True,256.17,12491.0
4576,GLW,2020-09-03,2020-09-18,time_exit,1.39,27.487457275390625,27.9527645111084,11,True,256.17,12494.56
4577,LMT,2020-09-04,2020-09-21,time_exit,-1.71,327.3374328613281,322.73785400390625,11,True,256.47,12490.18
4578,AAPL,2020-09-04,2020-09-21,time_exit,-9.29,117.22692108154295,106.68269348144533,11,True,256.47,12466.35
4579,BX,2020-09-04,2020-09-21,time_exit,-2.68,42.82339096069336,41.80513381958008,11,True,256.47,12459.48
4580,TSLA,2020-09-04,2020-09-21,time_exit,7.13,139.44000244140625,149.79666137695312,11,True,256.47,12477.76
4581,AMZN,2020-09-04,2020-09-21,time_exit,-10.44,164.7310028076172,148.02349853515625,11,True,256.47,12450.99
4582,CVS,2020-09-04,2020-09-21,time_exit,-2.57,49.6396598815918,48.51072311401367,11,True,256.47,12444.4
4583,GOOGL,2020-09-04,2020-09-21,time_exit,-9.85,78.36561584472656,70.8785171508789,11,True,256.47,12419.14
4584,VRTX,2020-09-04,2020-09-21,time_exit,-1.24,266.5,264.0,11,True,256.47,12415.96
4585,GOOG,2020-09-04,2020-09-21,time_exit,-10.35,78.85673522949219,70.93260192871094,11,True,256.47,12389.41
4586,MNST,2020-09-04,2020-09-21,time_exit,-5.03,41.1349983215332,39.18999862670898,11,True,256.47,12376.51
4587,BA,2020-09-04,2020-09-21,time_exit,-8.89,171.0500030517578,156.35000610351562,11,True,256.47,12353.71
4588,VRT,2020-09-04,2020-09-21,time_exit,4.98,16.014822006225586,16.860326766967773,11,True,256.47,12366.48
4589,ADI,2020-09-04,2020-09-21,time_exit,-3.29,106.19468688964844,103.0207977294922,11,True,256.47,12358.04
4590,WM,2020-09-04,2020-09-21,time_exit,2.48,101.47016143798828,104.28955078125,11,True,256.47,12364.41
4591,T,2020-09-04,2020-09-21,time_exit,-2.99,14.957919120788574,14.556259155273438,11,True,256.47,12356.74
4592,CSCO,2020-09-04,2020-09-21,time_exit,-4.66,34.39884567260742,32.89885711669922,11,True,256.47,12344.79
4593,MSFT,2020-09-04,2020-09-21,time_exit,-5.77,203.75192260742188,192.6156768798828,11,True,256.47,12329.99
4594,ACN,2020-09-04,2020-09-21,time_exit,-1.21,214.455322265625,212.4930877685547,11,True,256.47,12326.88
4595,AMD,2020-09-04,2020-09-21,time_exit,-5.26,82.01000213623047,77.94000244140625,11,True,256.47,12313.39
4596,TMUS,2020-09-04,2020-09-21,time_exit,-3.55,108.66767120361328,105.13067626953124,11,True,256.47,12304.29
4597,UPS,2020-09-04,2020-09-21,time_exit,-0.13,124.1077117919922,124.32384490966795,11,True,256.47,12303.96
4598,NVDA,2020-09-04,2020-09-21,time_exit,-1.13,12.568058967590332,12.463260650634766,11,True,256.47,12301.06
4602,ORCL,2020-09-08,2020-09-22,time_exit,9.28,50.900428771972656,55.77699279785156,11,True,255.32,12324.75
4603,PGR,2020-09-08,2020-09-22,time_exit,2.54,78.07097625732422,80.29041290283203,11,True,255.32,12331.24
4604,CME,2020-09-08,2020-09-22,time_exit,-0.04,131.09349060058594,131.4406280517578,11,True,255.32,12331.14
4605,TT,2020-09-08,2020-09-22,time_exit,4.29,108.137451171875,113.09806060791016,11,True,255.32,12342.09
4614,WFC,2020-09-09,2020-09-23,time_exit,-4.54,20.807376861572266,19.925853729248047,11,True,254.84,12330.52
4615,SCHW,2020-09-09,2020-09-23,time_exit,-1.01,32.36861801147461,32.13761520385742,11,True,254.84,12327.94
4618,SO,2020-09-10,2020-09-24,time_exit,2.59,41.23085403442383,42.4223518371582,11,True,253.65,12334.51
4619,AMGN,2020-09-10,2020-09-24,time_exit,-0.43,200.1044006347656,199.83831787109372,11,True,253.65,12333.42
4620,INTC,2020-09-10,2020-09-24,time_exit,0.11,43.94147491455078,44.120975494384766,11,True,253.65,12333.7
4621,INTU,2020-09-10,2020-09-24,time_exit,-3.98,307.0654602050781,295.7562255859375,11,True,253.65,12323.61
4622,MS,2020-09-11,2020-09-25,time_exit,-6.87,41.91746139526367,39.16183090209961,11,True,251.64,12306.32
4623,NFLX,2020-09-11,2020-09-25,time_exit,-0.12,48.20299911499024,48.28799819946289,11,True,251.64,12306.02
4624,MAR,2020-09-11,2020-09-25,time_exit,-6.62,95.16023254394533,89.14920806884766,11,True,251.64,12289.36
4625,KKR,2020-09-11,2020-09-25,time_exit,-2.44,32.84966278076172,32.148101806640625,11,True,251.64,12283.22
4626,PFE,2020-09-11,2020-09-25,time_exit,-0.36,25.23940086364746,25.22540283203125,11,True,251.64,12282.31
4627,CRM,2020-09-11,2020-09-25,time_exit,-0.45,238.9657745361328,238.61187744140625,11,True,251.64,12281.18
4628,USB,2020-09-11,2020-09-25,time_exit,-4.44,28.454877853393555,27.275718688964844,11,True,251.64,12270.01
4629,GS,2020-09-11,2020-09-25,time_exit,-3.27,174.88967895507812,169.69313049316406,11,True,251.64,12261.78
4636,C,2020-09-16,2020-09-30,time_exit,-6.62,37.45742416381836,35.08885192871094,11,True,250.93,12245.17
4637,BAC,2020-09-16,2020-09-30,time_exit,-6.2,22.304468154907227,20.98885154724121,11,True,250.93,12229.61
4638,JPM,2020-09-16,2020-09-30,time_exit,-3.74,85.54413604736328,82.60111236572266,11,True,250.93,12220.22
4640,WELL,2020-09-17,2020-10-01,time_exit,-2.65,49.47339630126953,48.30891799926758,11,True,250.67,12213.58
4648,HCA,2020-09-18,2020-10-02,time_exit,-4.23,125.93331146240234,120.98171997070312,11,True,249.89,12203.01
4649,MDT,2020-09-21,2020-10-05,time_exit,-0.78,87.77070617675781,87.34980773925781,11,True,246.02,12201.09
4650,MA,2020-09-21,2020-10-05,time_exit,4.4,316.772705078125,331.65234375,11,True,246.02,12211.92
4651,UNH,2020-09-21,2020-10-05,time_exit,6.04,271.1177978515625,288.2987670898437,11,True,246.02,12226.78
4652,AMAT,2020-09-21,2020-10-05,time_exit,5.42,54.53548431396485,57.6561393737793,11,True,246.02,12240.11
4653,AVGO,2020-09-21,2020-10-05,time_exit,3.77,31.264741897583008,32.536521911621094,11,True,246.02,12249.39
4654,IBM,2020-09-21,2020-10-05,time_exit,1.16,90.29226684570312,91.61380767822266,11,True,246.02,12252.24
4655,QCOM,2020-09-21,2020-10-05,time_exit,7.38,99.0565414428711,106.6680908203125,11,True,246.02,12270.4
4656,MRK,2020-09-21,2020-10-05,time_exit,-2.57,66.17948913574219,64.67486572265625,11,True,246.02,12264.07
4657,TJX,2020-09-21,2020-10-05,time_exit,5.88,49.83749008178711,52.9195671081543,11,True,246.02,12278.54
4658,XOM,2020-09-21,2020-10-05,time_exit,-7.68,28.501415252685547,26.396869659423828,11,True,246.02,12259.65
4659,VZ,2020-09-21,2020-10-05,time_exit,-0.22,41.621192932128906,41.65610885620117,11,True,246.02,12259.1
4660,NEE,2020-09-21,2020-10-05,time_exit,3.94,59.1872444152832,61.69660186767578,11,True,246.02,12268.8
4661,CDNS,2020-09-21,2020-10-05,time_exit,4.95,102.0999984741211,107.45999908447266,11,True,246.02,12280.98
4662,WDC,2020-09-21,2020-10-05,time_exit,1.03,27.15458869934082,27.5157470703125,11,True,246.02,12283.51
4663,NEM,2020-09-21,2020-10-05,time_exit,-1.15,53.7750358581543,53.318965911865234,11,True,246.02,12280.68
4664,PNC,2020-09-21,2020-10-05,time_exit,5.18,87.84598541259766,92.65637969970705,11,True,246.02,12293.42
4665,EQIX,2020-09-21,2020-10-05,time_exit,5.43,664.5961303710938,702.6687622070312,11,True,246.02,12306.78
4666,PG,2020-09-21,2020-10-05,time_exit,1.66,117.35578155517578,119.65637969970705,11,True,246.02,12310.87
4667,GLW,2020-09-21,2020-10-05,time_exit,6.42,27.0738582611084,28.891990661621094,11,True,246.02,12326.66
4668,KO,2020-09-21,2020-10-05,time_exit,0.29,41.35273361206055,41.5970344543457,11,True,246.02,12327.38
4669,BNY,2020-09-22,2020-10-06,time_exit,4.93,28.384397506713867,29.868043899536133,11,True,246.84,12339.54
4670,BX,2020-09-22,2020-10-06,time_exit,5.04,41.4576301574707,43.67193984985352,11,True,246.84,12351.99
4671,COF,2020-09-22,2020-10-06,time_exit,7.8,63.13412094116211,68.25091552734375,11,True,246.84,12371.24
4672,PSX,2020-09-22,2020-10-06,time_exit,-8.07,43.919532775878906,40.50814056396485,11,True,246.84,12351.32
4673,HWM,2020-09-22,2020-10-06,time_exit,2.33,16.824291229248047,17.267549514770508,11,True,246.84,12357.07
4674,HD,2020-09-23,2020-10-07,time_exit,5.79,231.4107818603516,245.5098419189453,11,True,246.56,12371.35
4675,CAT,2020-09-23,2020-10-07,time_exit,6.9,129.69593811035156,139.0292510986328,11,True,246.56,12388.36
4676,V,2020-09-23,2020-10-07,time_exit,3.33,187.00607299804688,193.8020782470703,11,True,246.56,12396.57
4677,GOOGL,2020-09-23,2020-10-07,time_exit,3.23,69.8501205444336,72.31575775146484,11,True,246.56,12404.53
4678,PGR,2020-09-24,2020-10-08,time_exit,6.07,78.4026107788086,83.39604187011719,11,True,246.47,12419.49
4679,PM,2020-09-24,2020-10-08,time_exit,2.29,58.08457565307617,59.590911865234375,11,True,246.47,12425.14
4680,DUK,2020-09-24,2020-10-08,time_exit,13.76,64.77423858642578,73.87926483154297,11,True,246.47,12459.05
4681,SLB,2020-09-24,2020-10-08,time_exit,-1.44,14.675722122192385,14.50795078277588,11,True,246.47,12455.5
4682,LMT,2020-09-24,2020-10-08,time_exit,2.3,322.0152893066406,330.37261962890625,11,True,246.47,12461.17
4683,PH,2020-09-24,2020-10-08,time_exit,10.92,181.41482543945312,201.7768096923828,11,True,246.47,12488.09
4684,ADI,2020-09-24,2020-10-08,time_exit,6.5,101.89046478271484,108.8170166015625,11,True,246.47,12504.11
4706,TMO,2020-09-25,2020-10-09,time_exit,9.74,415.7582702636719,457.5123596191406,11,True,245.24,12527.99
4707,ACN,2020-09-25,2020-10-09,time_exit,6.67,194.97837829589844,208.5645446777344,11,True,245.24,12544.35
4708,MRSH,2020-09-25,2020-10-09,time_exit,2.55,102.8511734008789,105.7839813232422,11,True,245.24,12550.6
4709,BLK,2020-09-25,2020-10-09,time_exit,11.34,478.074951171875,533.7183837890625,11,True,245.24,12578.41
4710,SYK,2020-09-25,2020-10-09,time_exit,8.74,192.6172332763672,210.0367431640625,11,True,245.24,12599.85
4711,ABT,2020-09-25,2020-10-09,time_exit,5.69,92.48338317871094,98.02613830566406,11,True,245.24,12613.8
4712,RTX,2020-09-25,2020-10-09,time_exit,3.91,50.34318542480469,52.46234130859375,11,True,245.24,12623.39
4713,LLY,2020-09-30,2020-10-14,time_exit,-0.0,139.07791137695312,139.49130249023438,11,True,244.4,12623.39
4714,MPC,2020-10-01,2020-10-15,time_exit,9.91,23.689844131469727,26.109272003173828,11,True,244.27,12647.6
4715,CVX,2020-10-02,2020-10-16,time_exit,2.09,55.1853141784668,56.50312042236328,11,True,244.06,12652.7
4716,MCK,2020-10-02,2020-10-16,time_exit,6.29,141.91070556640625,151.2664337158203,11,True,244.06,12668.05
4717,GD,2020-10-02,2020-10-16,time_exit,1.72,123.04386138916016,125.52973175048828,11,True,244.06,12672.25
4718,DIS,2020-10-06,2020-10-20,time_exit,3.02,117.24927520751952,121.14691925048828,11,True,247.14,12679.71
4719,MRK,2020-10-07,2020-10-21,time_exit,-2.76,63.71953582763672,62.1512336730957,11,True,248.09,12672.86
4720,CMCSA,2020-10-07,2020-10-21,time_exit,-1.28,35.32322311401367,34.977535247802734,11,True,248.09,12669.69
4721,VZ,2020-10-14,2020-10-28,time_exit,-3.93,41.231666564941406,39.73567199707031,11,True,252.47,12659.77
4722,MA,2020-10-15,2020-10-29,time_exit,-13.71,327.5113830566406,283.6039428710937,11,True,252.95,12625.09
4723,BAC,2020-10-15,2020-10-29,time_exit,-2.83,21.041128158569336,20.509653091430664,11,True,252.95,12617.93
4724,V,2020-10-15,2020-10-29,time_exit,-7.66,191.0071258544922,176.95555114746094,11,True,252.95,12598.55
4725,BA,2020-10-15,2020-10-29,time_exit,-10.01,164.24000549316406,148.2899932861328,11,True,252.95,12573.23
4726,C,2020-10-15,2020-10-29,time_exit,-4.77,35.49582290649414,33.90864562988281,11,True,252.95,12561.17
4727,LIN,2020-10-15,2020-10-29,time_exit,-4.55,212.09689331054688,203.08091735839844,11,True,252.95,12549.66
4728,WELL,2020-10-15,2020-10-29,time_exit,-1.06,47.135868072509766,46.77625274658203,11,True,252.95,12546.98
4729,MCO,2020-10-15,2020-10-29,time_exit,-9.76,276.1773376464844,250.05039978027344,11,True,252.95,12522.29
4730,BRK-B,2020-10-15,2020-10-29,time_exit,-5.09,211.6499938964844,201.50999450683597,11,True,252.95,12509.41
4731,CME,2020-10-15,2020-10-29,time_exit,-10.53,131.8351593017578,118.34310913085938,11,True,252.95,12482.78
4732,AMGN,2020-10-15,2020-10-29,time_exit,-7.61,195.42279052734372,181.12841796875,11,True,252.95,12463.53
4733,WFC,2020-10-16,2020-10-30,time_exit,-6.47,19.952037811279297,18.721399307250977,11,True,253.44,12447.13
4734,REGN,2020-10-19,2020-11-02,time_exit,-6.23,577.6884765625,543.4515380859375,11,True,253.44,12431.34
4735,CVX,2020-10-20,2020-11-03,time_exit,-0.22,55.56513977050781,55.61166763305664,11,True,253.59,12430.78
4736,PGR,2020-10-20,2020-11-03,time_exit,-0.43,80.51885986328125,80.41669464111328,11,True,253.59,12429.69
4737,AMD,2020-10-20,2020-11-03,time_exit,-6.41,81.55999755859375,76.58000183105469,11,True,253.59,12413.44
4738,ABBV,2020-10-20,2020-11-03,time_exit,4.1,67.726318359375,70.70867919921875,11,True,253.59,12423.83
4739,LLY,2020-10-20,2020-11-03,time_exit,-9.08,134.91551208496094,123.06729125976562,11,True,253.59,12400.81
4740,GD,2020-10-20,2020-11-03,time_exit,-0.49,122.19376373291016,121.96432495117188,11,True,253.59,12399.56
4741,JNJ,2020-10-20,2020-11-03,time_exit,-4.49,122.5730438232422,117.44285583496094,11,True,253.59,12388.18
4742,GILD,2020-10-20,2020-11-03,time_exit,-3.14,48.81438446044922,47.4277572631836,11,True,253.59,12380.21
4743,CRM,2020-10-21,2020-11-04,time_exit,-1.67,249.90647888183597,246.47586059570312,11,True,253.39,12375.98
4744,TXN,2020-10-21,2020-11-04,time_exit,4.48,123.78933715820312,129.71253967285156,11,True,253.39,12387.33
4745,TJX,2020-10-21,2020-11-04,time_exit,-3.45,50.582706451416016,48.99106979370117,11,True,253.39,12378.59
4746,T,2020-10-21,2020-11-04,time_exit,0.9,13.917879104614258,14.084561347961426,11,True,253.39,12380.87
4747,ORCL,2020-10-21,2020-11-04,time_exit,-5.63,55.12520980834961,52.18742752075195,11,True,253.39,12366.61
4748,MPC,2020-10-22,2020-11-05,time_exit,7.56,25.228702545166016,27.212114334106445,11,True,253.39,12385.76
4749,AMAT,2020-10-22,2020-11-05,time_exit,13.07,58.70270538330078,66.55193328857422,11,True,253.39,12418.88
4750,ANET,2020-10-22,2020-11-05,time_exit,19.81,13.373125076293944,16.0625,11,True,253.39,12469.08
4751,MRSH,2020-10-22,2020-11-05,time_exit,-4.69,103.65386199951172,99.1010284423828,11,True,253.39,12457.2
4752,AVGO,2020-10-22,2020-11-05,time_exit,1.71,33.18262481689453,33.84917068481445,11,True,253.39,12461.53
4753,VLO,2020-10-22,2020-11-05,time_exit,-4.54,33.30467987060547,31.89276695251465,11,True,253.39,12450.02
4754,XOM,2020-10-22,2020-11-05,time_exit,-5.15,27.27311515808105,25.950925827026367,11,True,253.39,12436.97
4755,CRWD,2020-10-22,2020-11-05,time_exit,2.96,33.6349983215332,34.72999954223633,11,True,253.39,12444.48
4756,PANW,2020-10-22,2020-11-05,time_exit,2.49,39.59999847412109,40.70333480834961,11,True,253.39,12450.78
4757,MRVL,2020-10-22,2020-11-05,time_exit,0.77,40.14331817626953,40.57370376586914,11,True,253.39,12452.74
4758,PSX,2020-10-22,2020-11-05,time_exit,-3.94,39.67513275146485,38.23125076293945,11,True,253.39,12442.75
4759,VRTX,2020-10-22,2020-11-05,time_exit,4.17,210.0800018310547,219.47999572753903,11,True,253.39,12453.32
4760,INTU,2020-10-22,2020-11-05,time_exit,5.47,318.5812683105469,336.9577331542969,11,True,253.39,12467.18
4761,COP,2020-10-22,2020-11-05,time_exit,-5.91,26.0776309967041,24.61479949951172,11,True,253.39,12452.2
4762,IBM,2020-10-22,2020-11-05,time_exit,-1.16,86.92086029052734,86.17749786376953,11,True,253.39,12449.26
4763,AMZN,2020-10-22,2020-11-05,time_exit,4.28,158.82000732421875,166.10000610351562,11,True,253.39,12460.11
4764,LOW,2020-10-23,2020-11-06,time_exit,-2.4,154.60227966308594,151.3511199951172,11,True,253.39,12454.03
4765,LRCX,2020-10-23,2020-11-06,time_exit,15.38,33.36310958862305,38.594947814941406,11,True,253.39,12493.0
4766,NFLX,2020-10-23,2020-11-06,time_exit,5.12,48.82799911499024,51.47299957275391,11,True,253.39,12505.97
4767,UNP,2020-10-23,2020-11-06,time_exit,0.73,164.93569946289062,166.627685546875,11,True,253.39,12507.82
4768,EQIX,2020-10-23,2020-11-06,time_exit,1.93,692.6582641601562,708.1329956054688,11,True,253.39,12512.71
4769,STX,2020-10-23,2020-11-06,time_exit,5.12,42.5599479675293,44.86661529541016,11,True,253.39,12525.69
4770,TSLA,2020-10-23,2020-11-06,time_exit,1.92,140.2100067138672,143.31666564941406,11,True,253.39,12530.55
4796,PNC,2020-10-29,2020-11-12,time_exit,9.88,89.57487487792969,98.6938705444336,11,True,249.27,12555.18
4797,APH,2020-10-29,2020-11-12,time_exit,5.92,26.863693237304688,28.53481101989746,11,True,249.27,12569.94
4798,HWM,2020-10-29,2020-11-12,time_exit,24.28,16.95233726501465,21.1190128326416,11,True,249.27,12630.46
4799,CAT,2020-10-29,2020-11-12,time_exit,9.05,139.78802490234375,152.85667419433594,11,True,249.27,12653.02
4800,PLD,2020-10-29,2020-11-12,time_exit,2.14,85.271240234375,87.34810638427734,11,True,249.27,12658.35
4801,VZ,2020-10-29,2020-11-12,time_exit,6.8,40.05321502685547,42.89702224731445,11,True,249.27,12675.3
4802,SYK,2020-10-29,2020-11-12,time_exit,9.35,193.5111541748047,212.1943359375,11,True,249.27,12698.61
4803,DUK,2020-10-29,2020-11-12,time_exit,2.9,73.15752410888672,75.50040435791016,11,True,249.27,12705.84
4804,AXP,2020-10-29,2020-11-12,time_exit,21.69,84.92285919189453,103.6008529663086,11,True,249.27,12759.91
4805,BLK,2020-10-29,2020-11-12,time_exit,9.24,525.6547241210938,575.7999877929688,11,True,249.27,12782.94
4806,PH,2020-10-29,2020-11-12,time_exit,23.79,192.4523468017578,238.81668090820312,11,True,249.27,12842.24
4834,ELV,2020-10-30,2020-11-13,time_exit,21.75,251.57716369628903,307.0568542480469,11,True,248.94,12896.39
4847,ADBE,2020-11-02,2020-11-16,time_exit,3.3,444.9400024414063,460.9500122070313,11,True,248.63,12904.59
4848,PGR,2020-11-10,2020-11-24,time_exit,-4.64,78.86743927001953,75.4454574584961,11,True,250.61,12892.96
4849,CRWD,2020-11-10,2020-11-24,time_exit,20.71,30.875,37.36249923706055,11,True,250.61,12944.86
4850,TMO,2020-11-10,2020-11-24,time_exit,-6.5,461.3422546386719,432.76123046875,11,True,250.61,12928.57
4851,NFLX,2020-11-10,2020-11-24,time_exit,0.25,48.02399826049805,48.28799819946289,11,True,250.61,12929.2
4852,EQIX,2020-11-10,2020-11-24,time_exit,-4.7,647.85546875,619.381591796875,11,True,250.61,12917.42
4853,DHR,2020-11-10,2020-11-24,time_exit,-3.67,194.9199981689453,188.34439086914065,11,True,250.61,12908.22
4854,HD,2020-11-18,2020-12-03,time_exit,-0.38,234.2583770751953,234.0604705810547,11,True,258.09,12907.24
4855,BMY,2020-11-19,2020-12-04,time_exit,0.05,49.43793487548828,49.61310577392578,11,True,258.09,12907.37
4856,CDNS,2020-11-19,2020-12-04,time_exit,4.8,112.5999984741211,118.33999633789062,11,True,258.09,12919.76
4857,ORCL,2020-11-19,2020-12-04,time_exit,5.92,52.15047073364258,55.39312744140625,11,True,258.09,12935.04
4858,DUK,2020-11-19,2020-12-04,time_exit,-0.9,73.45768737792969,73.01712799072266,11,True,258.09,12932.72
4859,MCK,2020-11-20,2020-12-07,time_exit,4.88,164.01116943359375,172.5143585205078,11,True,258.09,12945.31
4860,VRTX,2020-11-20,2020-12-07,time_exit,5.21,215.2100067138672,227.05999755859372,11,True,258.09,12958.76
4861,UNH,2020-11-20,2020-12-07,time_exit,4.01,303.2959289550781,316.355224609375,11,True,258.09,12969.11
4862,REGN,2020-11-20,2020-12-07,time_exit,-4.8,513.8905639648438,490.7786254882813,11,True,258.09,12956.72
4863,GOOGL,2020-11-23,2020-12-08,time_exit,4.55,85.61880493164062,89.7704849243164,11,True,258.09,12968.46
4864,SO,2020-11-23,2020-12-08,time_exit,0.61,48.831912994384766,49.27618408203125,11,True,258.09,12970.04
4865,MSFT,2020-11-23,2020-12-08,time_exit,2.51,200.33790588378903,205.9635009765625,11,True,258.09,12976.52
4866,AMGN,2020-11-23,2020-12-08,time_exit,2.72,186.04248046875,191.66845703125,11,True,258.09,12983.54
4867,INTU,2020-11-23,2020-12-08,time_exit,8.22,329.63214111328125,357.72467041015625,11,True,258.09,13004.75
4868,AAPL,2020-11-24,2020-12-09,time_exit,5.44,111.80814361572266,118.22522735595705,11,True,258.16,13018.79
4869,DHR,2020-11-25,2020-12-10,time_exit,2.46,187.4469451904297,192.615966796875,11,True,258.16,13025.15
4870,PLD,2020-11-25,2020-12-10,time_exit,-2.15,84.27535247802734,82.71771240234375,11,True,258.16,13019.6
4871,JNJ,2020-11-25,2020-12-10,time_exit,5.66,122.68191528320312,129.99940490722656,11,True,258.16,13034.21
4872,EQIX,2020-11-25,2020-12-10,time_exit,-1.24,620.419189453125,614.5596923828125,11,True,258.16,13031.01
4873,WM,2020-11-25,2020-12-10,time_exit,-3.78,109.16187286376952,105.36376953125,11,True,258.16,13021.25
4874,CRM,2020-11-25,2020-12-10,time_exit,-9.98,242.6225128173828,219.12896728515625,11,True,258.16,12995.48
4875,PG,2020-11-27,2020-12-11,time_exit,-1.82,119.6474838256836,117.8347396850586,11,True,258.16,12990.78
4876,PGR,2020-11-27,2020-12-11,time_exit,6.44,75.27520751953125,80.34861755371094,11,True,258.16,13007.41
4877,TT,2020-11-30,2020-12-14,time_exit,-5.79,136.10482788085938,128.6383514404297,11,True,258.16,12992.46
4878,KO,2020-11-30,2020-12-14,time_exit,2.94,43.80794906616211,45.225772857666016,11,True,258.16,13000.05
4879,NEE,2020-12-02,2020-12-16,time_exit,-0.13,63.99464416503906,64.10660552978516,11,True,258.16,12999.72
4880,WELL,2020-12-02,2020-12-16,time_exit,6.12,54.09223556518555,57.56392288208008,11,True,258.16,13015.52
4881,SPGI,2020-12-02,2020-12-16,time_exit,-4.02,300.39520263671875,289.2097473144531,11,True,258.16,13005.14
4882,WMT,2020-12-03,2020-12-17,time_exit,-2.09,46.03469467163086,45.212684631347656,11,True,258.14,12999.74
4883,LIN,2020-12-04,2020-12-18,time_exit,2.51,232.3788146972656,238.9156951904297,11,True,258.65,13006.24
4884,BMY,2020-12-07,2020-12-21,time_exit,1.02,48.72929382324219,49.37423706054688,11,True,259.13,13008.88
4885,DE,2020-12-07,2020-12-21,time_exit,5.95,234.1224822998047,248.7452850341797,11,True,259.13,13024.3
4886,MMM,2020-12-07,2020-12-21,time_exit,2.94,116.6807861328125,120.45929718017578,11,True,259.13,13031.92
4887,HD,2020-12-08,2020-12-22,time_exit,2.88,228.4564514160156,235.71897888183597,11,True,260.1,13039.41
4888,JCI,2020-12-08,2020-12-22,time_exit,1.11,40.66289138793945,41.2351188659668,11,True,260.1,13042.29
4889,ETN,2020-12-08,2020-12-22,time_exit,-1.36,107.41094207763672,106.27176666259766,11,True,260.1,13038.76
4890,MDT,2020-12-08,2020-12-22,time_exit,3.32,93.6414031982422,97.02935791015624,11,True,260.1,13047.39
4891,BRK-B,2020-12-08,2020-12-22,time_exit,-3.07,228.19000244140625,221.8800048828125,11,True,260.1,13039.41
4892,REGN,2020-12-08,2020-12-22,time_exit,-1.72,492.4924926757813,485.4786987304688,11,True,260.1,13034.93
4893,NVDA,2020-12-09,2020-12-23,time_exit,0.31,12.878778457641602,12.956965446472168,11,True,260.38,13035.74
4894,ABT,2020-12-09,2020-12-23,time_exit,0.76,95.36595153808594,96.37950897216795,11,True,260.38,13037.72
4895,ACN,2020-12-09,2020-12-23,time_exit,4.02,225.0534820556641,234.7844390869141,11,True,260.38,13048.19
4896,LMT,2020-12-09,2020-12-23,time_exit,-3.0,309.3623046875,301.0150756835937,11,True,260.38,13040.37
4897,AMZN,2020-12-10,2020-12-24,time_exit,2.0,155.07449340820312,158.63450622558594,11,True,259.91,13045.57
4898,CSX,2020-12-10,2020-12-24,time_exit,-0.24,27.79526138305664,27.810699462890625,11,True,259.91,13044.95
4899,UNP,2020-12-10,2020-12-24,time_exit,0.13,178.37704467773438,179.14329528808594,11,True,259.91,13045.29
4900,GOOGL,2020-12-10,2020-12-24,time_exit,-2.19,87.60568237304688,85.94589233398438,11,True,259.91,13039.59
4901,MRVL,2020-12-10,2020-12-24,time_exit,9.49,41.972442626953125,46.08051681518555,11,True,259.91,13064.26
4902,GOOG,2020-12-10,2020-12-24,time_exit,-2.35,87.99070739746094,86.18265533447266,11,True,259.91,13058.15
4903,EQIX,2020-12-11,2020-12-28,time_exit,2.75,616.2325439453125,635.0364379882812,11,True,260.15,13065.31
4904,BLK,2020-12-11,2020-12-28,time_exit,1.85,609.7837524414062,622.9232788085938,11,True,260.15,13070.12
4905,APH,2020-12-11,2020-12-28,time_exit,-0.97,31.09845733642578,30.889102935791016,11,True,260.15,13067.6
4906,ADBE,2020-12-11,2020-12-28,time_exit,4.54,475.9100036621094,498.9500122070313,11,True,260.15,13079.41
4907,META,2020-12-11,2020-12-28,time_exit,0.96,271.168701171875,274.58868408203125,11,True,260.15,13081.9
4908,MSFT,2020-12-11,2020-12-28,time_exit,5.19,203.3414306640625,214.4972686767578,11,True,260.15,13095.41
4909,QCOM,2020-12-11,2020-12-28,time_exit,2.1,128.2483367919922,131.32388305664062,11,True,260.15,13100.87
4910,VZ,2020-12-11,2020-12-28,time_exit,-2.57,42.5865364074707,41.61978530883789,11,True,260.15,13094.18
4911,WM,2020-12-11,2020-12-28,time_exit,2.02,105.79460144042967,108.25131225585938,11,True,260.15,13099.44
4912,MCK,2020-12-15,2020-12-30,time_exit,-0.1,167.5012969970703,167.830322265625,11,True,260.0,13099.18
4913,RTX,2020-12-15,2020-12-30,time_exit,0.15,62.66072082519531,62.94297790527344,11,True,260.0,13099.57
4914,MRK,2020-12-15,2020-12-30,time_exit,-0.16,64.5757827758789,64.66405487060547,11,True,260.0,13099.15
4915,TMUS,2020-12-15,2020-12-30,time_exit,2.22,123.60482025146484,126.72347259521484,11,True,260.0,13104.92
4916,GILD,2020-12-15,2020-12-30,time_exit,-4.98,48.453731536865234,46.18717575073242,11,True,260.0,13091.98
4917,COST,2020-12-15,2020-12-30,time_exit,0.39,350.3175048828125,352.7384948730469,11,True,260.0,13092.99
4918,AXP,2020-12-15,2020-12-30,time_exit,-0.02,111.06087493896484,111.36857604980467,11,True,260.0,13092.94
4919,ABBV,2020-12-16,2020-12-31,time_exit,2.1,84.11727142333984,86.13500213623047,11,True,260.1,13098.4
4920,ELV,2020-12-16,2020-12-31,time_exit,3.2,286.9483337402344,296.9837646484375,11,True,260.1,13106.72
4921,UNH,2020-12-16,2020-12-31,time_exit,3.04,308.6069641113281,318.9198913574219,11,True,260.1,13114.63
4922,PWR,2020-12-16,2020-12-31,time_exit,5.08,67.71348571777344,71.35730743408203,11,True,260.1,13127.84
4923,VRT,2020-12-16,2020-12-31,time_exit,-0.73,18.66078186035156,18.58116340637207,11,True,260.1,13125.94
4924,PFE,2020-12-17,2021-01-04,time_exit,-3.51,28.33631706237793,27.427291870117188,11,True,259.99,13116.82
4925,VLO,2020-12-17,2021-01-04,time_exit,-1.38,46.26959991455078,45.76862335205078,11,True,259.99,13113.23
4926,UBER,2020-12-17,2021-01-04,time_exit,0.71,50.630001068115234,51.13999938964844,11,True,259.99,13115.08
4927,SPGI,2020-12-17,2021-01-04,time_exit,3.5,289.38092041015625,300.3680725097656,11,True,259.99,13124.18
4928,CVX,2020-12-17,2021-01-04,time_exit,-4.49,69.54238891601562,66.63201904296875,11,True,259.99,13112.5
4929,WMB,2020-12-18,2021-01-05,time_exit,-2.52,16.3172607421875,15.955166816711426,11,True,260.12,13105.95
4930,TMO,2020-12-18,2021-01-05,time_exit,2.07,459.67626953125,470.5505065917969,11,True,260.12,13111.33
4931,T,2020-12-18,2021-01-05,time_exit,-0.78,15.313835144042969,15.240909576416016,11,True,260.12,13109.3
4932,KO,2020-12-18,2021-01-05,time_exit,-3.2,45.624794006347656,44.30036544799805,11,True,260.12,13100.98
4933,GE,2020-12-21,2021-01-06,time_exit,5.18,52.3317985534668,55.19862365722656,11,True,260.64,13114.48
4934,MPC,2020-12-21,2021-01-06,time_exit,7.75,34.4739990234375,37.249267578125,11,True,260.64,13134.68
4935,PH,2020-12-21,2021-01-06,time_exit,2.65,253.6177978515625,261.1112670898437,11,True,260.64,13141.59
4936,SO,2020-12-21,2021-01-06,time_exit,1.72,48.468387603759766,49.44583511352539,11,True,260.64,13146.07
4952,WELL,2020-12-22,2021-01-07,time_exit,0.71,54.25672912597656,54.80216217041016,11,True,260.7,13147.92
4953,COP,2020-12-22,2021-01-07,time_exit,14.23,31.89626693725586,36.529930114746094,11,True,260.7,13185.02
4954,WMT,2020-12-23,2021-01-08,time_exit,2.08,44.3214225769043,45.37670516967773,11,True,260.81,13190.44
4955,WDC,2020-12-23,2021-01-08,time_exit,3.49,37.56798553466797,38.990047454833984,11,True,260.81,13199.55
4956,MO,2020-12-24,2021-01-11,time_exit,-1.19,27.38351821899414,27.140663146972656,11,True,261.16,13196.44
4957,STX,2020-12-28,2021-01-12,time_exit,-5.88,52.98657989501953,50.02876663208008,11,True,261.99,13181.03
4958,NVDA,2020-12-28,2021-01-12,time_exit,4.23,12.84815502166748,13.430549621582031,11,True,261.99,13192.11
4959,KLAC,2020-12-29,2021-01-13,time_exit,13.75,24.012535095214844,27.386520385742188,11,True,261.99,13228.14
4960,AMD,2020-12-29,2021-01-13,time_exit,0.98,90.62000274658205,91.77999877929688,11,True,261.99,13230.71
4961,MU,2020-12-29,2021-01-13,time_exit,13.52,68.46439361572266,77.92322540283203,11,True,261.99,13266.13
4962,HD,2020-12-29,2021-01-13,time_exit,2.65,232.35833740234372,239.2193603515625,11,True,261.99,13273.07
4963,VZ,2020-12-29,2021-01-13,time_exit,-2.24,41.49982070922852,40.69596481323242,11,True,261.99,13267.2
4964,CAT,2020-12-29,2021-01-13,time_exit,10.59,159.6531524658203,177.0419158935547,11,True,261.99,13294.95
4965,UPS,2020-12-31,2021-01-15,time_exit,-5.94,130.78233337402344,123.40442657470705,11,True,262.52,13279.35
4966,LOW,2020-12-31,2021-01-15,time_exit,6.45,144.15716552734375,153.88377380371094,11,True,262.52,13296.28
4967,REGN,2020-12-31,2021-01-15,time_exit,6.91,478.5935974121094,513.0880737304688,11,True,262.52,13314.42
4968,CRM,2020-12-31,2021-01-15,time_exit,-4.52,218.74557495117188,209.51528930664065,11,True,262.52,13302.56
4969,MSFT,2021-01-04,2021-01-19,time_exit,-0.87,207.5653839111328,206.3734893798828,11,True,262.25,13300.28
4970,BX,2021-01-04,2021-01-19,time_exit,1.94,51.39596557617188,52.5462646484375,11,True,262.25,13305.36
4971,INTU,2021-01-04,2021-01-19,time_exit,3.43,356.8703918457031,370.18408203125,11,True,262.25,13314.36
4972,PLD,2021-01-04,2021-01-19,time_exit,1.75,82.2249526977539,83.91160583496094,11,True,262.25,13318.95
4973,PEP,2021-01-04,2021-01-19,time_exit,-1.83,121.28187561035156,119.4239730834961,11,True,262.25,13314.15
4974,LLY,2021-01-04,2021-01-19,time_exit,19.63,156.30088806152344,187.44775390625,11,True,262.25,13365.63
4975,VRTX,2021-01-04,2021-01-19,time_exit,0.78,229.42999267578125,231.91000366210935,11,True,262.25,13367.67
4976,AMZN,2021-01-04,2021-01-19,time_exit,-2.37,159.3314971923828,156.03799438476562,11,True,262.25,13361.46
4977,CSCO,2021-01-04,2021-01-19,time_exit,2.5,37.68981552124024,38.74436569213867,11,True,262.25,13368.02
4978,VRT,2021-01-04,2021-01-19,time_exit,10.99,18.43187522888184,20.511932373046875,11,True,262.25,13396.84
4979,PM,2021-01-04,2021-01-19,time_exit,0.19,62.89928436279297,63.20798110961914,11,True,262.25,13397.34
4980,HCA,2021-01-04,2021-01-19,time_exit,1.2,156.1651153564453,158.5127410888672,11,True,262.25,13400.48
4981,ACN,2021-01-04,2021-01-19,time_exit,-0.2,233.8907165527344,234.1226043701172,11,True,262.25,13399.96
4982,PGR,2021-01-05,2021-01-20,time_exit,3.62,82.52777862548828,85.76363372802734,11,True,262.02,13409.44
4983,ADP,2021-01-05,2021-01-20,time_exit,-3.94,149.5009765625,144.05296325683594,11,True,262.02,13399.12
4984,WM,2021-01-05,2021-01-20,time_exit,-0.44,105.61124420166016,105.464599609375,11,True,262.02,13397.97
4985,AVGO,2021-01-06,2021-01-21,time_exit,9.42,38.13422393798828,41.841339111328125,11,True,262.92,13422.73
4986,PANW,2021-01-06,2021-01-21,time_exit,5.59,57.54666519165039,60.936668395996094,11,True,262.92,13437.43
4987,KKR,2021-01-06,2021-01-21,time_exit,4.25,37.44303512573242,39.14628601074219,11,True,262.92,13448.61
4988,ORCL,2021-01-06,2021-01-21,time_exit,-2.47,58.025535583496094,56.76430130004883,11,True,262.92,13442.11
4989,GOOG,2021-01-06,2021-01-21,time_exit,8.69,86.00621032714844,93.73604583740234,11,True,262.92,13464.96
4990,MMM,2021-01-08,2021-01-25,time_exit,1.96,114.26009368896484,116.84538269042967,11,True,263.99,13470.13
4991,MRSH,2021-01-08,2021-01-25,time_exit,-1.58,103.74527740478516,102.4196548461914,11,True,263.99,13465.96
4992,WELL,2021-01-08,2021-01-25,time_exit,-0.49,54.2653923034668,54.16150665283203,11,True,263.99,13464.67
4993,BA,2021-01-11,2021-01-26,time_exit,-2.59,206.7899932861328,202.05999755859372,11,True,263.93,13457.83
4994,MCO,2021-01-11,2021-01-26,time_exit,-3.08,263.2809143066406,255.96420288085935,11,True,263.93,13449.7
4995,DUK,2021-01-11,2021-01-26,time_exit,3.77,71.52713775634766,74.43499755859375,11,True,263.93,13459.65
4996,LMT,2021-01-11,2021-01-26,time_exit,-2.37,289.09765625,283.11328125,11,True,263.93,13453.4
4997,ADBE,2021-01-12,2021-01-27,time_exit,-2.77,471.6499938964844,460.0,11,True,263.84,13446.09
4998,COST,2021-01-12,2021-01-27,time_exit,-2.44,343.0827331542969,335.7256774902344,11,True,263.84,13439.65
4999,EQIX,2021-01-12,2021-01-27,time_exit,7.85,605.202392578125,654.5557861328125,11,True,263.84,13460.36
5000,PG,2021-01-12,2021-01-27,time_exit,-6.06,118.3008804321289,111.48542022705078,11,True,263.84,13444.38
5001,SPGI,2021-01-12,2021-01-27,time_exit,-3.33,284.6939697265625,276.0772399902344,11,True,263.84,13435.59
5002,MA,2021-01-12,2021-01-27,time_exit,-8.3,332.1398010253906,305.5721435546875,11,True,263.84,13413.69
5003,ISRG,2021-01-13,2021-01-28,time_exit,-5.98,270.4833374023437,255.1199951171875,11,True,265.9,13397.79
5004,SBUX,2021-01-13,2021-01-28,time_exit,-4.91,90.2930908203125,86.13340759277344,11,True,265.9,13384.73
5005,DIS,2021-01-13,2021-01-28,time_exit,-2.71,170.7594451904297,166.6485137939453,11,True,265.9,13377.53
5006,META,2021-01-13,2021-01-28,time_exit,5.01,249.4494171142578,262.69317626953125,11,True,265.9,13390.85
5007,MCD,2021-01-14,2021-01-29,time_exit,-0.62,182.42709350585935,181.84963989257807,11,True,265.9,13389.2
5008,VZ,2021-01-14,2021-01-29,time_exit,-4.31,40.68170166015625,39.04843521118164,11,True,265.9,13377.74
5009,LIN,2021-01-15,2021-02-01,time_exit,-3.27,239.30511474609372,232.2026214599609,11,True,266.05,13369.04
5010,SO,2021-01-15,2021-02-01,time_exit,-1.22,48.19374084472656,47.74945068359375,11,True,266.05,13365.8
5011,BKNG,2021-01-19,2021-02-02,time_exit,-4.81,84.72193908691406,80.90265655517578,11,True,268.0,13352.9
5012,AMD,2021-01-19,2021-02-02,time_exit,-0.96,89.44999694824219,88.86000061035156,11,True,268.0,13350.33
5013,V,2021-01-19,2021-02-02,time_exit,0.17,193.31759643554688,194.2283172607422,11,True,268.0,13350.79
5014,USB,2021-01-20,2021-02-03,time_exit,-2.16,36.10407638549805,35.4307861328125,11,True,267.96,13345.0
5015,MNST,2021-01-20,2021-02-03,time_exit,0.59,44.80500030517578,45.20500183105469,11,True,267.96,13346.58
5016,UPS,2021-01-20,2021-02-03,time_exit,-0.38,124.13446807861328,124.03353118896484,11,True,267.96,13345.56
5017,PEP,2021-01-21,2021-02-04,time_exit,-0.25,117.36438751220705,117.42320251464844,11,True,269.3,13344.89
5018,WM,2021-01-21,2021-02-04,time_exit,-1.61,105.03376007080078,103.65872192382812,11,True,269.3,13340.55
5019,PFE,2021-01-21,2021-02-04,time_exit,-3.62,27.181406021118164,26.27949905395508,11,True,269.3,13330.8
5020,MRK,2021-01-22,2021-02-05,time_exit,-6.7,64.97697448730469,60.82063674926758,11,True,269.3,13312.76
5021,MS,2021-01-22,2021-02-05,time_exit,-1.02,62.172245025634766,61.72482681274414,11,True,269.3,13310.01
5022,SLB,2021-01-22,2021-02-05,time_exit,2.16,21.684797286987305,22.21781349182129,11,True,269.3,13315.83
5023,HWM,2021-01-22,2021-02-05,time_exit,1.08,26.359363555908203,26.72382164001465,11,True,269.3,13318.74
5024,GE,2021-01-22,2021-02-05,time_exit,2.31,53.983863830566406,55.39298248291016,11,True,269.3,13324.96
5025,NEM,2021-01-22,2021-02-05,time_exit,-4.27,52.50357055664063,50.42042541503906,11,True,269.3,13313.46
5026,WFC,2021-01-22,2021-02-05,time_exit,2.09,27.96991729736328,28.638946533203125,11,True,269.3,13319.09
5027,BNY,2021-01-22,2021-02-05,time_exit,0.71,35.85089874267578,36.2122917175293,11,True,269.3,13321.0
5028,MDT,2021-01-25,2021-02-08,time_exit,0.7,98.95082092285156,99.9411849975586,11,True,269.29,13322.89
5029,UNP,2021-01-25,2021-02-08,time_exit,-1.43,181.84735107421875,179.78631591796875,11,True,269.29,13319.04
5030,PGR,2021-01-25,2021-02-08,time_exit,-7.06,82.51378631591797,76.93370819091797,11,True,269.29,13300.02
5031,HCA,2021-01-25,2021-02-08,time_exit,5.94,160.73631286621094,170.7661895751953,11,True,269.29,13316.02
5032,SYK,2021-01-25,2021-02-08,time_exit,0.91,226.28746032714844,229.0269012451172,11,True,269.29,13318.47
5033,UBER,2021-01-25,2021-02-08,time_exit,8.91,54.290000915527344,59.290000915527344,11,True,269.29,13342.46
5034,PANW,2021-01-25,2021-02-08,time_exit,6.52,60.130001068115234,64.23332977294922,11,True,269.29,13360.02
5035,CB,2021-01-25,2021-02-08,time_exit,8.53,141.42076110839844,153.91519165039062,11,True,269.29,13382.99
5036,BRK-B,2021-01-25,2021-02-08,time_exit,1.59,233.00999450683597,237.4199981689453,11,True,269.29,13387.28
5037,KO,2021-01-25,2021-02-08,time_exit,2.04,41.41378021240234,42.38164520263672,11,True,269.29,13392.77
5038,C,2021-01-25,2021-02-08,time_exit,5.7,49.90298080444336,52.89630889892578,11,True,269.29,13408.12
5039,ELV,2021-01-25,2021-02-08,time_exit,-9.07,291.69317626953125,266.1005859375,11,True,269.29,13383.69
5040,CSX,2021-01-25,2021-02-08,time_exit,-1.01,27.140531539916992,26.949050903320312,11,True,269.29,13380.97
5041,CME,2021-01-25,2021-02-08,time_exit,3.7,148.20106506347656,154.12527465820312,11,True,269.29,13390.94
5042,CVS,2021-01-25,2021-02-08,time_exit,-0.61,61.24616241455078,61.0537338256836,11,True,269.29,13389.29
5047,ADI,2021-01-26,2021-02-09,time_exit,-1.65,140.7242431640625,138.8260040283203,11,True,269.07,13384.86
5048,CAT,2021-01-26,2021-02-09,time_exit,5.08,170.09735107421875,179.24681091308594,11,True,269.07,13398.52
5049,TJX,2021-01-26,2021-02-09,time_exit,6.73,59.31371307373047,63.48139190673828,11,True,269.07,13416.63
5050,ANET,2021-01-27,2021-02-10,time_exit,3.91,19.10562515258789,19.909374237060547,11,True,268.27,13427.12
5051,LMT,2021-01-27,2021-02-10,time_exit,2.61,284.6715087890625,292.9587707519531,11,True,268.27,13434.12
5052,INTU,2021-01-27,2021-02-10,time_exit,9.11,349.18182373046875,382.0507507324219,11,True,268.27,13458.56
5053,WMB,2021-01-27,2021-02-10,time_exit,7.24,16.340373992919922,17.573028564453125,11,True,268.27,13477.99
5054,MAR,2021-01-27,2021-02-10,time_exit,7.6,112.61811065673828,121.51478576660156,11,True,268.27,13498.38
5055,QCOM,2021-01-27,2021-02-10,time_exit,-5.62,136.59503173828125,129.33277893066406,11,True,268.27,13483.3
5061,TSLA,2021-01-28,2021-02-11,time_exit,-3.15,278.4766540527344,270.5533447265625,11,True,267.82,13474.86
5062,PG,2021-01-28,2021-02-11,time_exit,-1.86,113.20487213134766,111.44200134277344,11,True,267.82,13469.88
5063,PWR,2021-01-29,2021-02-12,time_exit,10.2,69.82158660888672,77.15349578857422,11,True,267.55,13497.17
5064,SBUX,2021-01-29,2021-02-12,time_exit,8.47,84.95745849609375,92.40803527832033,11,True,267.55,13519.83
5065,XOM,2021-01-29,2021-02-12,time_exit,14.28,35.92746353149414,41.16590881347656,11,True,267.55,13558.04
5066,MA,2021-01-29,2021-02-12,time_exit,7.51,306.3469543457031,330.2802124023437,11,True,267.55,13578.13
5067,AMGN,2021-02-01,2021-02-16,time_exit,-2.74,201.28787231445312,196.3829803466797,11,True,267.32,13570.81
5068,T,2021-02-01,2021-02-16,time_exit,0.82,15.274774551391602,15.445387840270996,11,True,267.32,13573.0
5072,VZ,2021-02-02,2021-02-17,time_exit,4.27,38.8701400756836,40.64604568481445,11,True,267.02,13584.4
5073,JNJ,2021-02-03,2021-02-18,time_exit,2.96,137.0437774658203,141.51795959472656,11,True,266.91,13592.3
5074,MRVL,2021-02-03,2021-02-18,time_exit,-1.55,50.05685043334961,49.43003845214844,11,True,266.91,13588.17
5075,REGN,2021-02-04,2021-02-19,time_exit,-6.01,494.1765441894531,465.9726867675781,11,True,266.62,13572.14
5076,LLY,2021-02-04,2021-02-19,time_exit,-0.23,190.4131774902344,190.54454040527344,11,True,266.62,13571.53
5077,PGR,2021-02-09,2021-02-24,time_exit,1.4,77.02298736572266,78.33543395996094,11,True,268.33,13575.29
5078,MRK,2021-02-09,2021-02-24,time_exit,-0.93,60.21082305908203,59.83369827270508,11,True,268.33,13572.79
5079,UNH,2021-02-09,2021-02-24,time_exit,0.48,299.7763671875,302.1226501464844,11,True,268.33,13574.08
5080,BMY,2021-02-10,2021-02-25,time_exit,3.2,48.154884338378906,49.84030151367188,11,True,269.67,13582.71
5081,QCOM,2021-02-11,2021-02-26,time_exit,-6.74,129.38609313964844,121.05728149414062,11,True,269.4,13564.55
5082,ADP,2021-02-12,2021-03-01,time_exit,5.97,148.2055206298828,157.4955596923828,11,True,271.56,13580.76
5083,VRTX,2021-02-16,2021-03-02,time_exit,0.55,210.2700042724609,212.05999755859372,11,True,271.46,13582.26
5084,PEP,2021-02-16,2021-03-02,time_exit,-2.76,112.96774291992188,110.18516540527344,11,True,271.46,13574.76
5085,CVS,2021-02-17,2021-03-03,time_exit,-5.36,60.827857971191406,57.74922943115234,11,True,271.69,13560.2
5086,GILD,2021-02-17,2021-03-03,time_exit,-3.91,53.0765266418457,51.16054153442383,11,True,271.69,13549.58
5087,LIN,2021-02-17,2021-03-03,time_exit,-0.99,231.13633728027344,229.53224182128903,11,True,271.69,13546.89
5088,TSLA,2021-02-17,2021-03-03,time_exit,-18.46,266.04998779296875,217.73333740234372,11,True,271.69,13496.73
5089,ORCL,2021-02-17,2021-03-03,time_exit,7.46,57.58039093017578,62.05031967163086,11,True,271.69,13517.0
5090,DUK,2021-02-17,2021-03-03,time_exit,-2.46,72.1985855102539,70.63645935058594,11,True,271.69,13510.32
5091,NEM,2021-02-17,2021-03-03,time_exit,-2.26,48.45633316040039,47.50489044189453,11,True,271.69,13504.18
5092,TMUS,2021-02-18,2021-03-04,time_exit,-3.9,116.98721313476562,112.77516174316406,11,True,271.76,13493.58
5093,AAPL,2021-02-18,2021-03-04,time_exit,-7.69,126.11192321777344,116.7976303100586,11,True,271.76,13472.68
5094,PH,2021-02-18,2021-03-04,time_exit,8.94,250.27096557617188,273.4009704589844,11,True,271.76,13496.98
5095,BX,2021-02-18,2021-03-04,time_exit,-4.03,57.62485122680664,55.47466278076172,11,True,271.76,13486.02
5096,DE,2021-02-18,2021-03-04,time_exit,12.26,279.7396545410156,314.8643493652344,11,True,271.76,13519.34
5097,ANET,2021-02-18,2021-03-04,time_exit,-12.47,19.303125381469727,16.953750610351562,11,True,271.76,13485.45
5098,NOW,2021-02-18,2021-03-04,time_exit,-15.09,115.16000366210938,98.1259994506836,11,True,271.76,13444.44
5099,WM,2021-02-18,2021-03-04,time_exit,1.54,103.97956848144533,105.89541625976562,11,True,271.76,13448.63
5100,EQIX,2021-02-18,2021-03-04,time_exit,-11.88,613.2804565429688,542.2669677734375,11,True,271.76,13416.34
5101,AMGN,2021-02-19,2021-03-05,time_exit,-2.01,195.4130401611328,192.0730438232422,11,True,271.43,13410.89
5102,MDT,2021-02-22,2021-03-08,time_exit,0.49,97.97738647460938,98.75611877441406,11,True,271.43,13412.22
5103,SO,2021-02-22,2021-03-08,time_exit,0.24,48.40025329589844,48.66147613525391,11,True,271.43,13412.87
5104,MCD,2021-02-22,2021-03-08,time_exit,-1.08,185.5419464111328,184.0865478515625,11,True,271.43,13409.94
5105,PG,2021-02-22,2021-03-08,time_exit,0.28,109.92229461669922,110.55621337890624,11,True,271.43,13410.7
5106,V,2021-02-22,2021-03-08,time_exit,5.44,200.0121307373047,211.48550415039065,11,True,271.43,13425.46
5107,WMT,2021-02-22,2021-03-08,time_exit,-7.42,42.6100959777832,39.5742416381836,11,True,271.43,13405.32
5108,ACN,2021-02-22,2021-03-08,time_exit,-1.58,231.18511962890625,228.22010803222656,11,True,271.43,13401.04
5109,MA,2021-02-22,2021-03-08,time_exit,8.7,329.95086669921875,359.6566467285156,11,True,271.43,13424.65
5110,MCK,2021-02-22,2021-03-08,time_exit,-1.12,172.2530517578125,170.83753967285156,11,True,271.43,13421.61
5111,GOOGL,2021-02-22,2021-03-08,time_exit,-2.58,101.81022644042967,99.49276733398438,11,True,271.43,13414.61
5112,META,2021-02-22,2021-03-08,time_exit,-2.23,258.06378173828125,253.0874786376953,11,True,271.43,13408.55
5113,MMM,2021-02-22,2021-03-08,time_exit,4.04,121.7699966430664,127.05918884277344,11,True,271.43,13419.52
5114,COST,2021-02-22,2021-03-08,time_exit,-11.38,330.55535888671875,293.9424133300781,11,True,271.43,13388.63
5115,LLY,2021-02-22,2021-03-08,time_exit,2.86,190.31692504882807,196.3389892578125,11,True,271.43,13396.39
5116,HD,2021-02-22,2021-03-08,time_exit,-6.4,240.7905731201172,226.1083221435547,11,True,271.43,13379.02
5117,HCA,2021-02-22,2021-03-08,time_exit,7.93,166.83444213867188,180.5670623779297,11,True,271.43,13400.55
5118,AVGO,2021-02-23,2021-03-09,time_exit,-6.3,42.296661376953125,39.76011657714844,11,True,271.43,13383.45
5119,DELL,2021-02-23,2021-03-09,time_exit,7.06,37.09154891967773,39.82184600830078,11,True,271.43,13402.61
5120,NEE,2021-02-23,2021-03-09,time_exit,-0.7,64.33912658691406,64.07937622070312,11,True,271.43,13400.71
5121,NFLX,2021-02-23,2021-03-09,time_exit,-7.57,54.6150016784668,50.64400100708008,11,True,271.43,13380.16
5122,GOOG,2021-02-23,2021-03-09,time_exit,-1.18,102.63806915283205,101.7380142211914,11,True,271.43,13376.96
5123,PLTR,2021-02-23,2021-03-09,time_exit,-9.61,26.75,24.26000022888184,11,True,271.43,13350.88
5124,MSFT,2021-02-23,2021-03-09,time_exit,-0.08,222.9330291748047,223.42044067382807,11,True,271.43,13350.66
5125,BA,2021-02-23,2021-03-09,time_exit,8.42,212.1199951171875,230.6100006103516,11,True,271.43,13373.51
5126,VRT,2021-02-23,2021-03-09,time_exit,-7.17,21.59674453735352,20.11383819580078,11,True,271.43,13354.05
5139,INTU,2021-02-24,2021-03-10,time_exit,-7.65,397.3312377929688,368.1358337402344,11,True,271.48,13333.28
5140,PFE,2021-02-24,2021-03-10,time_exit,3.2,25.42083740234375,26.309629440307617,11,True,271.48,13341.97
5141,DHR,2021-02-24,2021-03-10,time_exit,-4.82,192.59190368652344,183.89503479003903,11,True,271.48,13328.88
5143,DASH,2021-02-25,2021-03-11,time_exit,-13.42,166.8699951171875,144.97000122070312,11,True,271.65,13292.43
5148,PLD,2021-03-02,2021-03-16,time_exit,4.89,84.83624267578125,89.23686981201172,11,True,271.5,13305.7
5149,VZ,2021-03-03,2021-03-17,time_exit,0.37,39.49776458740234,39.761661529541016,11,True,270.08,13306.7
5150,STX,2021-03-04,2021-03-18,time_exit,2.86,60.69049835205078,62.60587692260742,11,True,268.33,13314.38
5151,WDC,2021-03-04,2021-03-18,time_exit,8.65,47.77070999145508,52.044410705566406,11,True,268.33,13337.59
5152,BKNG,2021-03-04,2021-03-18,time_exit,5.45,86.92748260498047,91.9253158569336,11,True,268.33,13352.21
5153,ABNB,2021-03-04,2021-03-18,time_exit,5.93,180.22999572753903,191.4499969482422,11,True,268.33,13368.12
5154,MU,2021-03-04,2021-03-18,time_exit,6.21,82.23332214355469,87.5868148803711,11,True,268.33,13384.79
5155,GLW,2021-03-04,2021-03-18,time_exit,11.71,32.24379348754883,36.11723327636719,11,True,268.33,13416.21
5156,TSLA,2021-03-04,2021-03-18,time_exit,4.8,207.14666748046875,217.72000122070312,11,True,268.33,13429.09
5157,CDNS,2021-03-04,2021-03-18,time_exit,-4.01,128.80999755859375,124.02999877929688,11,True,268.33,13418.33
5158,FTNT,2021-03-04,2021-03-18,time_exit,5.27,32.7859992980957,34.61199951171875,11,True,268.33,13432.47
5159,LIN,2021-03-04,2021-03-18,time_exit,8.86,228.5358428955078,249.4692840576172,11,True,268.33,13456.24
5160,MNST,2021-03-04,2021-03-18,time_exit,3.53,42.34000015258789,43.959999084472656,11,True,268.33,13465.71
5161,TMO,2021-03-05,2021-03-19,time_exit,-0.66,440.1636047363281,438.5845642089844,11,True,268.22,13463.94
5162,SYK,2021-03-05,2021-03-19,time_exit,-4.48,226.7408447265625,217.26612854003903,11,True,268.22,13451.93
5163,QCOM,2021-03-05,2021-03-19,time_exit,0.68,115.88249969482422,117.01676940917967,11,True,268.22,13453.75
5164,ANET,2021-03-05,2021-03-19,time_exit,4.15,17.06624984741211,17.826250076293945,11,True,268.22,13464.88
5165,NOW,2021-03-05,2021-03-19,time_exit,-3.61,97.39199829101562,94.16799926757812,11,True,268.22,13455.2
5166,AMAT,2021-03-05,2021-03-19,time_exit,0.94,108.46450805664062,109.81253051757812,11,True,268.22,13457.72
5167,AMD,2021-03-05,2021-03-19,time_exit,0.39,78.5199966430664,79.05999755859375,11,True,268.22,13458.77
5174,WMB,2021-03-16,2021-03-30,time_exit,1.68,18.194625854492188,18.55506896972656,11,True,266.11,13463.24
5175,LLY,2021-03-16,2021-03-30,time_exit,-3.13,181.0419769287109,175.92080688476562,11,True,266.11,13454.91
5176,DASH,2021-03-17,2021-03-31,time_exit,-2.3,133.8000030517578,131.1300048828125,11,True,266.13,13448.79
5177,SLB,2021-03-17,2021-03-31,time_exit,-4.26,25.26737594604492,24.26774787902832,11,True,266.13,13437.45
5178,MPC,2021-03-17,2021-03-31,time_exit,-5.14,49.31613540649414,46.92973327636719,11,True,266.13,13423.77
5179,GOOGL,2021-03-19,2021-04-05,time_exit,9.17,100.45722198486328,109.97283172607422,11,True,269.18,13448.45
5180,UPS,2021-03-19,2021-04-05,time_exit,7.65,124.49054718017578,134.3848114013672,11,True,269.18,13469.05
5181,VLO,2021-03-19,2021-04-05,time_exit,0.95,61.4590950012207,62.22629165649414,11,True,269.18,13471.6
5182,PSX,2021-03-19,2021-04-05,time_exit,-0.54,67.02920532226562,66.86624145507812,11,True,269.18,13470.15
5183,GOOG,2021-03-19,2021-04-05,time_exit,8.62,101.26715850830078,110.30496215820312,11,True,269.18,13493.35
5184,ETN,2021-03-22,2021-04-06,time_exit,4.34,123.57095336914062,129.30691528320312,11,True,269.18,13505.04
5185,MDT,2021-03-22,2021-04-06,time_exit,3.91,98.90003967285156,103.06377410888672,11,True,269.18,13515.56
5186,ICE,2021-03-22,2021-04-06,time_exit,1.82,104.1970443725586,106.4014663696289,11,True,269.18,13520.46
5187,AXP,2021-03-22,2021-04-06,time_exit,4.44,130.9611053466797,137.1739501953125,11,True,269.18,13532.41
5188,V,2021-03-22,2021-04-06,time_exit,4.82,199.7048797607422,209.9301605224609,11,True,269.18,13545.38
5189,TT,2021-03-23,2021-04-07,time_exit,3.55,150.3314208984375,156.11663818359375,11,True,269.18,13554.94
5190,SBUX,2021-03-23,2021-04-07,time_exit,6.23,93.63870239257812,99.75495147705078,11,True,269.18,13571.71
5191,BNY,2021-03-23,2021-04-07,time_exit,7.52,38.22837829589844,41.21807098388672,11,True,269.18,13591.95
5192,HCA,2021-03-23,2021-04-07,time_exit,1.39,175.71026611328125,178.68565368652344,11,True,269.18,13595.69
5193,MU,2021-03-23,2021-04-07,time_exit,9.72,83.27668762207031,91.62389373779295,11,True,269.18,13621.86
5194,CME,2021-03-23,2021-04-07,time_exit,1.91,161.38717651367188,164.9469757080078,11,True,269.18,13627.0
5195,CB,2021-03-23,2021-04-07,time_exit,1.97,146.423095703125,149.7445831298828,11,True,269.18,13632.3
5196,TJX,2021-03-23,2021-04-07,time_exit,4.74,59.59345626831055,62.59482955932617,11,True,269.18,13645.06
5197,VRTX,2021-03-24,2021-04-08,time_exit,-0.9,211.5399932861328,210.27999877929688,11,True,269.18,13642.64
5198,FTNT,2021-03-24,2021-04-08,time_exit,14.46,34.2599983215332,39.31600189208984,11,True,269.18,13681.56
5199,TMUS,2021-03-25,2021-04-09,time_exit,4.19,117.40557098388672,122.68254852294922,11,True,269.18,13692.84
5200,ABBV,2021-03-25,2021-04-09,time_exit,3.22,84.48300170898438,87.4596176147461,11,True,269.18,13701.51
5201,WDC,2021-03-25,2021-04-09,time_exit,13.56,48.19205856323242,54.87348556518555,11,True,269.18,13738.01
5202,MRVL,2021-03-25,2021-04-09,time_exit,10.67,43.82790756225586,48.63590621948242,11,True,269.18,13766.73
5203,TMO,2021-03-25,2021-04-09,time_exit,7.97,435.9038391113281,471.965576171875,11,True,269.18,13788.18
5204,WELL,2021-03-25,2021-04-09,time_exit,5.25,62.163230895996094,65.61383056640625,11,True,269.18,13802.31
5205,MAR,2021-03-25,2021-04-09,time_exit,1.0,140.51617431640625,142.34725952148438,11,True,269.18,13805.0
5206,DE,2021-03-25,2021-04-09,time_exit,2.73,341.74365234375,352.1080322265625,11,True,269.18,13812.35
5207,PLTR,2021-03-25,2021-04-09,time_exit,6.17,22.57999992370605,24.040000915527344,11,True,269.18,13828.96
5208,ADI,2021-03-25,2021-04-09,time_exit,7.27,136.72984313964844,147.0735626220703,11,True,269.18,13848.53
5209,ISRG,2021-03-25,2021-04-09,time_exit,11.05,234.8333282470703,261.49334716796875,11,True,269.18,13878.27
5210,BA,2021-03-25,2021-04-09,time_exit,1.79,247.19000244140625,252.3600006103516,11,True,269.18,13883.09
5211,HWM,2021-03-25,2021-04-09,time_exit,2.51,30.88064384460449,31.74747085571289,11,True,269.18,13889.85
5212,WFC,2021-03-25,2021-04-09,time_exit,2.75,34.5672721862793,35.62276077270508,11,True,269.18,13897.25
5213,INTC,2021-03-25,2021-04-09,time_exit,9.76,56.40797805786133,62.083343505859375,11,True,269.18,13923.52
5214,JCI,2021-03-25,2021-04-09,time_exit,3.71,53.885501861572266,56.04528427124024,11,True,269.18,13933.51
5215,VRT,2021-03-25,2021-04-09,time_exit,10.11,19.31764030456543,21.328031539916992,11,True,269.18,13960.72
5216,DIS,2021-03-25,2021-04-09,time_exit,0.22,181.22105407714844,182.17123413085935,11,True,269.18,13961.31
5217,BKNG,2021-03-25,2021-04-09,time_exit,7.68,88.86865234375,95.96393585205078,11,True,269.18,13981.99
5218,UBER,2021-03-25,2021-04-09,time_exit,6.73,53.88999938964844,57.68000030517578,11,True,269.18,14000.1
5219,TSLA,2021-03-25,2021-04-09,time_exit,5.42,213.4633331298828,225.67333984375,11,True,269.18,14014.69
5220,MS,2021-03-25,2021-04-09,time_exit,0.44,67.54995727539062,68.0473403930664,11,True,269.18,14015.88
5221,BRK-B,2021-03-25,2021-04-09,time_exit,5.79,250.75,266.010009765625,11,True,269.18,14031.46
5222,PH,2021-03-25,2021-04-09,time_exit,1.88,293.0894470214844,299.4688720703125,11,True,269.18,14036.52
5223,REGN,2021-03-25,2021-04-09,time_exit,2.22,459.1471862792969,470.7278442382813,11,True,269.18,14042.5
5240,AMD,2021-03-30,2021-04-14,time_exit,3.06,76.0,78.55000305175781,11,True,269.1,14050.73
5241,PM,2021-04-01,2021-04-16,time_exit,5.21,68.874755859375,72.6681137084961,11,True,268.48,14064.72
5242,UNH,2021-04-07,2021-04-21,time_exit,8.77,333.70635986328125,363.9794006347656,11,True,272.9,14088.65
5243,CVX,2021-04-08,2021-04-22,time_exit,-2.31,82.179931640625,80.52867889404297,11,True,273.63,14082.33
5244,MRK,2021-04-08,2021-04-22,time_exit,2.97,61.10408020019531,63.10338592529297,11,True,273.63,14090.46
5245,JNJ,2021-04-09,2021-04-23,time_exit,2.35,138.54270935058594,142.21136474609375,11,True,280.85,14097.06
5246,COP,2021-04-09,2021-04-23,time_exit,-3.25,42.250919342041016,41.00557327270508,11,True,280.85,14087.93
5247,LLY,2021-04-12,2021-04-26,time_exit,2.67,172.43084716796875,177.55198669433594,11,True,280.85,14095.43
5248,SLB,2021-04-12,2021-04-26,time_exit,-0.94,23.68760871887207,23.53587532043457,11,True,280.85,14092.79
5249,XOM,2021-04-12,2021-04-26,time_exit,0.02,45.22381591796875,45.37049102783203,11,True,280.85,14092.85
5250,CVS,2021-04-13,2021-04-27,time_exit,1.84,61.92377853393555,63.24797058105469,11,True,280.85,14098.01
5251,MPC,2021-04-13,2021-04-27,time_exit,2.21,46.12256240844727,47.280670166015625,11,True,280.85,14104.22
5252,WMB,2021-04-13,2021-04-27,time_exit,0.71,18.57073974609375,18.758804321289062,11,True,280.85,14106.22
5253,VLO,2021-04-13,2021-04-27,time_exit,1.89,58.60713195800781,59.8913459777832,11,True,280.85,14111.52
5254,GILD,2021-04-13,2021-04-27,time_exit,-0.64,53.50747299194336,53.32605743408203,11,True,280.85,14109.73
5255,ABNB,2021-04-13,2021-04-27,time_exit,-0.31,177.9499969482422,177.94000244140625,11,True,280.85,14108.86
5256,BA,2021-04-13,2021-04-27,time_exit,-4.56,253.2700042724609,242.47000122070312,11,True,280.85,14096.05
5257,PSX,2021-04-13,2021-04-27,time_exit,0.32,63.248313903808594,63.63945770263672,11,True,280.85,14096.95
5258,T,2021-04-14,2021-04-28,time_exit,3.84,16.21143341064453,16.882143020629883,11,True,281.01,14107.74
5259,USB,2021-04-15,2021-04-29,time_exit,6.27,44.95880508422852,47.911895751953125,11,True,281.01,14125.36
5260,BAC,2021-04-15,2021-04-29,time_exit,5.82,34.13199234008789,36.2200927734375,11,True,281.01,14141.71
5261,JPM,2021-04-15,2021-04-29,time_exit,1.68,133.50640869140625,136.15603637695312,11,True,281.01,14146.43
5262,PNC,2021-04-15,2021-04-29,time_exit,7.93,144.51695251464844,156.4063720703125,11,True,281.01,14168.72
5263,MRVL,2021-04-16,2021-04-30,time_exit,-5.94,46.978759765625,44.33124542236328,11,True,281.29,14152.01
5264,SCHW,2021-04-16,2021-04-30,time_exit,8.44,60.24994659423828,65.51739501953125,11,True,281.29,14175.75
5265,WDC,2021-04-19,2021-05-03,time_exit,2.35,51.3973388671875,52.75920867919922,11,True,281.29,14182.36
5266,CDNS,2021-04-19,2021-05-03,time_exit,-8.98,141.94000244140625,129.6199951171875,11,True,281.29,14157.1
5267,META,2021-04-19,2021-05-03,time_exit,6.43,299.60894775390625,319.7719116210937,11,True,281.29,14175.19
5268,CAT,2021-04-20,2021-05-04,time_exit,2.7,206.8225555419922,213.0328521728516,11,True,281.29,14182.78
5269,ETN,2021-04-20,2021-05-04,time_exit,4.19,126.86961364746094,132.55975341796875,11,True,281.29,14194.57
5270,DE,2021-04-20,2021-05-04,time_exit,2.21,345.8223876953125,354.5177001953125,11,True,281.29,14200.79
5271,PG,2021-04-20,2021-05-04,time_exit,-2.01,119.62232971191406,117.58226013183594,11,True,281.29,14195.13
5272,TJX,2021-04-20,2021-05-04,time_exit,4.23,62.5671272277832,65.40226745605469,11,True,281.29,14207.03
5273,PLTR,2021-04-20,2021-05-04,time_exit,-0.94,21.780000686645508,21.63999938964844,11,True,281.29,14204.39
5274,RTX,2021-04-20,2021-05-04,time_exit,8.59,68.4155044555664,74.49472045898438,11,True,281.29,14228.55
5275,LRCX,2021-04-20,2021-05-04,time_exit,-1.4,58.07745742797852,57.438926696777344,11,True,281.29,14224.61
5276,KLAC,2021-04-20,2021-05-04,time_exit,-3.74,30.189489364624023,29.15010643005371,11,True,281.29,14214.09
5277,UNP,2021-04-21,2021-05-05,time_exit,-0.24,197.70252990722656,197.81753540039065,11,True,281.77,14213.41
5278,UBER,2021-04-21,2021-05-05,time_exit,-8.53,55.77000045776367,51.18000030517578,11,True,281.77,14189.38
5279,AXP,2021-04-21,2021-05-05,time_exit,5.96,138.1407012939453,146.78504943847656,11,True,281.77,14206.17
5280,DIS,2021-04-21,2021-05-05,time_exit,-1.17,177.53671264648438,175.9854278564453,11,True,281.77,14202.88
5281,C,2021-04-21,2021-05-05,time_exit,4.76,58.71365737915039,61.68269729614258,11,True,281.77,14216.29
5282,AVGO,2021-04-21,2021-05-05,time_exit,-3.77,41.53337478637695,40.09169769287109,11,True,281.77,14205.67
5283,QCOM,2021-04-21,2021-05-05,time_exit,-1.43,121.63420867919922,120.2587890625,11,True,281.77,14201.64
5284,COF,2021-04-21,2021-05-05,time_exit,15.27,120.5041732788086,139.26300048828125,11,True,281.77,14244.66
5285,MU,2021-04-21,2021-05-05,time_exit,-5.15,87.26502227783203,83.03291320800781,11,True,281.77,14230.15
5286,MS,2021-04-21,2021-05-05,time_exit,6.79,66.80813598632812,71.54499816894531,11,True,281.77,14249.28
5287,GE,2021-04-21,2021-05-05,time_exit,-1.35,64.91594696044922,64.23516082763672,11,True,281.77,14245.48
5288,INTC,2021-04-21,2021-05-05,time_exit,-11.05,57.93595886230469,51.7057991027832,11,True,281.77,14214.34
5289,HWM,2021-04-21,2021-05-05,time_exit,1.02,31.451961517333984,31.865671157836918,11,True,281.77,14217.22
5290,NFLX,2021-04-22,2021-05-06,time_exit,-2.11,50.87799835205078,49.95500183105469,11,True,281.81,14211.27
5291,VZ,2021-04-22,2021-05-06,time_exit,3.21,41.29239273071289,42.74138259887695,11,True,281.81,14220.32
5292,ORCL,2021-04-23,2021-05-07,time_exit,6.94,69.82573699951172,74.88313293457031,11,True,281.76,14239.87
5293,UPS,2021-04-26,2021-05-10,time_exit,22.63,137.40150451660156,168.91297912597656,11,True,281.86,14303.66
5294,LLY,2021-04-27,2021-05-11,time_exit,6.58,172.8007049560547,184.6931304931641,11,True,281.94,14322.21
5295,LMT,2021-04-27,2021-05-11,time_exit,3.61,321.9744873046875,334.5698547363281,11,True,281.94,14332.39
5296,WMT,2021-04-27,2021-05-11,time_exit,0.94,43.00241470336914,43.53630065917969,11,True,281.94,14335.04
5297,NEE,2021-04-27,2021-05-11,time_exit,-4.45,66.90158081054688,64.1226806640625,11,True,281.94,14322.49
5298,MCK,2021-04-28,2021-05-12,time_exit,4.56,182.3341217041016,191.1917724609375,11,True,282.15,14335.36
5299,GLW,2021-04-28,2021-05-12,time_exit,-3.7,38.69953536987305,37.3822135925293,11,True,282.15,14324.92
5300,REGN,2021-04-29,2021-05-13,time_exit,6.33,480.4659423828125,512.335205078125,11,True,283.37,14342.85
5301,ADP,2021-04-29,2021-05-13,time_exit,1.89,168.02537536621094,171.69981384277344,11,True,283.37,14348.21
5302,AMGN,2021-04-29,2021-05-13,time_exit,7.1,197.96017456054688,212.60202026367188,11,True,283.37,14368.33
5303,EQIX,2021-04-29,2021-05-13,time_exit,1.02,634.3652954101562,642.7655639648438,11,True,283.37,14371.22
5304,AAPL,2021-04-30,2021-05-14,time_exit,-3.19,127.81336975097656,124.12507629394533,11,True,283.52,14362.18
5305,BMY,2021-04-30,2021-05-14,time_exit,3.64,50.487884521484375,52.47763442993164,11,True,283.52,14372.5
5306,LIN,2021-04-30,2021-05-14,time_exit,5.06,266.17510986328125,280.45050048828125,11,True,283.52,14386.84
5307,ICE,2021-04-30,2021-05-14,time_exit,-4.08,109.95099639892578,105.79431915283205,11,True,283.52,14375.27
5308,GILD,2021-04-30,2021-05-14,time_exit,7.67,52.33656311035156,56.50896453857422,11,True,283.52,14397.02
5309,NOW,2021-04-30,2021-05-14,time_exit,-9.39,101.27400207519533,92.06600189208984,11,True,283.52,14370.4
5310,TSLA,2021-04-30,2021-05-14,time_exit,-17.17,236.47999572753903,196.5800018310547,11,True,283.52,14321.72
5311,LOW,2021-04-30,2021-05-14,time_exit,1.06,177.39707946777344,179.8015594482422,11,True,283.52,14324.72
5312,JCI,2021-04-30,2021-05-14,time_exit,4.85,56.57161712646485,59.48460006713867,11,True,283.52,14338.47
5313,AMD,2021-05-03,2021-05-17,time_exit,-5.26,78.55000305175781,74.6500015258789,11,True,283.5,14323.56
5314,TMO,2021-05-04,2021-05-18,time_exit,-2.59,458.5619201660156,448.0458984375,11,True,284.28,14316.2
5315,CSCO,2021-05-04,2021-05-18,time_exit,4.08,43.78872299194336,45.70572662353516,11,True,284.28,14327.8
5316,AMZN,2021-05-04,2021-05-18,time_exit,-2.7,165.593505859375,161.61399841308594,11,True,284.28,14320.12
5317,AMAT,2021-05-04,2021-05-18,time_exit,-5.67,123.06344604492188,116.45713806152344,11,True,284.28,14304.0
5318,WDC,2021-05-04,2021-05-18,time_exit,8.51,50.622352600097656,55.08416366577149,11,True,284.28,14328.2
5319,WELL,2021-05-04,2021-05-18,time_exit,-1.87,65.43912506103516,64.41012573242188,11,True,284.28,14322.88
5320,ADI,2021-05-04,2021-05-18,time_exit,-4.26,138.56326293945312,133.07215881347656,11,True,284.28,14310.77
5321,TXN,2021-05-04,2021-05-18,time_exit,-0.39,154.5234375,154.3853759765625,11,True,284.28,14309.66
5322,PH,2021-05-04,2021-05-18,time_exit,-0.82,292.6325378417969,291.11065673828125,11,True,284.28,14307.33
5323,SYK,2021-05-04,2021-05-18,time_exit,-1.38,242.06948852539065,239.4649200439453,11,True,284.28,14303.41
5324,MRVL,2021-05-04,2021-05-18,time_exit,-4.89,43.62524032592773,41.624881744384766,11,True,284.28,14289.51
5325,BA,2021-05-04,2021-05-18,time_exit,-2.9,233.6300048828125,227.5500030517578,11,True,284.28,14281.26
5326,MA,2021-05-04,2021-05-18,time_exit,-3.72,364.5249633789063,352.0738525390625,11,True,284.28,14270.69
5328,ADBE,2021-05-05,2021-05-19,time_exit,-1.58,486.6900024414063,480.4700012207031,11,True,284.34,14266.19
5329,MCD,2021-05-05,2021-05-19,time_exit,-2.38,206.91358947753903,202.60877990722656,11,True,284.34,14259.43
5330,MSFT,2021-05-06,2021-05-20,time_exit,-1.37,238.6636505126953,236.10162353515625,11,True,284.41,14255.53
5331,ACN,2021-05-06,2021-05-20,time_exit,-2.78,267.2689514160156,260.6507263183594,11,True,284.41,14247.62
5332,CDNS,2021-05-06,2021-05-20,time_exit,-1.6,126.9000015258789,125.25,11,True,284.41,14243.07
5333,MDT,2021-05-06,2021-05-20,time_exit,-0.77,108.29563903808594,107.78521728515624,11,True,284.41,14240.88
5334,INTU,2021-05-06,2021-05-20,time_exit,10.15,379.4985961914063,419.1751403808594,11,True,284.41,14269.75
5335,CRM,2021-05-06,2021-05-20,time_exit,2.33,214.34176635742188,219.97434997558597,11,True,284.41,14276.38
5336,HWM,2021-05-06,2021-05-20,time_exit,4.61,31.727767944335938,33.284114837646484,11,True,284.41,14289.49
5337,DIS,2021-05-06,2021-05-20,time_exit,-6.04,176.2568817138672,166.1443634033203,11,True,284.41,14272.31
5338,MNST,2021-05-06,2021-05-20,time_exit,-2.95,47.5099983215332,46.25,11,True,284.41,14263.92
5339,ISRG,2021-05-06,2021-05-20,time_exit,-1.46,280.82000732421875,277.5533447265625,11,True,284.41,14259.77
5340,UBER,2021-05-10,2021-05-24,time_exit,8.96,45.790000915527344,50.02999877929688,11,True,286.07,14285.4
5341,DASH,2021-05-10,2021-05-24,time_exit,16.31,120.4499969482422,140.4600067138672,11,True,286.07,14332.06
5342,KLAC,2021-05-11,2021-05-25,time_exit,5.9,28.424999237060547,30.18638038635254,11,True,286.45,14348.96
5343,V,2021-05-11,2021-05-25,time_exit,1.42,216.4877777099609,220.2059783935547,11,True,286.45,14353.03
5344,META,2021-05-11,2021-05-25,time_exit,6.64,303.8616027832031,324.93658447265625,11,True,286.45,14372.05
5345,AVGO,2021-05-11,2021-05-25,time_exit,4.12,39.75205612182617,41.51079177856445,11,True,286.45,14383.85
5346,GOOGL,2021-05-11,2021-05-25,time_exit,3.79,112.50538635253906,117.10511016845705,11,True,286.45,14394.7
5347,MAR,2021-05-11,2021-05-25,time_exit,0.46,135.85691833496094,136.89224243164062,11,True,286.45,14396.02
5348,VRT,2021-05-11,2021-05-25,time_exit,8.24,22.253604888916016,24.154516220092773,11,True,286.45,14419.63
5356,SCHW,2021-05-12,2021-05-26,time_exit,3.46,64.326171875,66.74283599853516,11,True,286.5,14429.54
5357,WMT,2021-05-13,2021-05-27,time_exit,2.2,43.12762451171875,44.20394515991211,11,True,287.42,14435.86
5358,RTX,2021-05-13,2021-05-27,time_exit,6.1,74.35272216796875,79.11273956298828,11,True,287.42,14453.39
5359,BKNG,2021-05-13,2021-05-27,time_exit,5.48,86.4543228149414,91.44862365722656,11,True,287.42,14469.15
5360,AXP,2021-05-13,2021-05-27,time_exit,3.37,144.61691284179688,149.9293212890625,11,True,287.42,14478.83
5361,GE,2021-05-13,2021-05-27,time_exit,10.34,63.068138122558594,69.77854919433594,11,True,287.42,14508.55
5367,NOW,2021-05-17,2021-06-01,time_exit,2.95,90.87999725341795,93.83399963378906,11,True,286.47,14517.0
5368,HD,2021-05-17,2021-06-01,time_exit,-1.46,281.08837890625,277.83843994140625,11,True,286.47,14512.82
5369,LOW,2021-05-18,2021-06-02,time_exit,-1.33,174.23330688476562,172.44349670410156,11,True,285.41,14509.02
5370,NEE,2021-05-18,2021-06-02,time_exit,0.81,62.58169937133789,63.27803421020508,11,True,285.41,14511.34
5371,DHR,2021-05-18,2021-06-02,time_exit,-3.47,216.05650329589844,209.2098693847656,11,True,285.41,14501.43
5372,ETN,2021-05-19,2021-06-03,time_exit,2.26,131.50515747070312,134.8766632080078,11,True,285.19,14507.88
5373,UNP,2021-05-19,2021-06-03,time_exit,1.38,196.70265197753903,200.0035095214844,11,True,285.19,14511.81
5374,MRSH,2021-05-19,2021-06-03,time_exit,3.52,123.711669921875,128.4392852783203,11,True,285.19,14521.85
5375,GD,2021-05-19,2021-06-03,time_exit,0.91,168.6666717529297,170.7154998779297,11,True,285.19,14524.45
5376,ABNB,2021-05-19,2021-06-03,time_exit,4.04,138.19000244140625,144.19000244140625,11,True,285.19,14535.97
5377,UNH,2021-05-19,2021-06-03,time_exit,-0.68,373.7359008789063,372.3302612304688,11,True,285.19,14534.03
5378,ADP,2021-05-19,2021-06-03,time_exit,2.92,170.2014923095703,175.68638610839844,11,True,285.19,14542.36
5379,TXN,2021-05-19,2021-06-03,time_exit,2.06,156.84524536132812,160.5393829345703,11,True,285.19,14548.23
5380,XOM,2021-05-19,2021-06-03,time_exit,3.43,48.75960540771485,50.57837677001953,11,True,285.19,14558.01
5381,BNY,2021-05-19,2021-06-03,time_exit,2.33,44.10423278808594,45.266239166259766,11,True,285.19,14564.66
5382,KO,2021-05-19,2021-06-03,time_exit,2.41,46.37264633178711,47.63105773925781,11,True,285.19,14571.53
5383,KKR,2021-05-19,2021-06-03,time_exit,1.14,52.432159423828125,53.18801498413086,11,True,285.19,14574.78
5384,USB,2021-05-19,2021-06-03,time_exit,0.65,47.94381332397461,48.39875411987305,11,True,285.19,14576.64
5385,VZ,2021-05-19,2021-06-03,time_exit,-0.19,41.03287124633789,41.07612228393555,11,True,285.19,14576.09
5386,GLW,2021-05-19,2021-06-03,time_exit,0.23,37.67882537841797,37.87770462036133,11,True,285.19,14576.75
5387,SO,2021-05-19,2021-06-03,time_exit,0.45,52.75858688354492,53.15440368652344,11,True,285.19,14578.03
5388,PNC,2021-05-19,2021-06-03,time_exit,1.25,159.48207092285156,161.95420837402344,11,True,285.19,14581.6
5389,JCI,2021-05-19,2021-06-03,time_exit,5.0,57.39741897583008,60.43745040893555,11,True,285.19,14595.86
5390,VRTX,2021-05-19,2021-06-03,time_exit,-1.65,214.0500030517578,211.1499938964844,11,True,285.19,14591.15
5403,FCX,2021-05-20,2021-06-04,time_exit,0.94,38.39052581787109,38.865516662597656,11,True,285.2,14593.83
5404,CSCO,2021-05-20,2021-06-04,time_exit,2.01,45.63664627075195,46.69012451171875,11,True,285.2,14599.56
5405,PGR,2021-05-20,2021-06-04,time_exit,-1.95,91.19693756103516,89.69546508789062,11,True,285.2,14594.0
5406,WFC,2021-05-20,2021-06-04,time_exit,2.39,40.310691833496094,41.39491271972656,11,True,285.2,14600.82
5407,REGN,2021-05-25,2021-06-09,time_exit,4.48,493.3741455078125,516.9713745117188,11,True,288.39,14613.74
5408,ABBV,2021-05-25,2021-06-09,time_exit,-0.79,94.30159759521484,93.84062957763672,11,True,288.39,14611.46
5409,MCK,2021-05-26,2021-06-10,time_exit,0.54,188.50440979003903,190.08917236328125,11,True,288.59,14613.02
5410,GILD,2021-05-26,2021-06-10,time_exit,4.13,54.711368560791016,57.13564682006836,11,True,288.59,14624.94
5411,SLB,2021-05-26,2021-06-10,time_exit,10.89,28.15915298461914,31.309728622436523,11,True,288.59,14656.37
5412,PG,2021-05-28,2021-06-14,time_exit,-0.26,117.85318756103516,117.90563201904295,11,True,290.17,14655.61
5413,MRK,2021-05-28,2021-06-14,time_exit,4.79,61.4278678894043,64.55327606201172,11,True,290.17,14669.51
5414,DELL,2021-05-28,2021-06-14,time_exit,3.86,45.41596984863281,47.30369567871094,11,True,290.17,14680.71
5415,DUK,2021-06-01,2021-06-15,time_exit,2.84,81.78459167480469,84.3505859375,11,True,290.26,14688.95
5416,COST,2021-06-01,2021-06-15,time_exit,1.2,357.7675476074219,363.1402587890625,11,True,290.26,14692.44
5417,BMY,2021-06-02,2021-06-16,time_exit,3.15,52.32395935058594,54.1276741027832,11,True,290.03,14701.57
5418,JNJ,2021-06-02,2021-06-16,time_exit,-1.36,143.68650817871094,142.15631103515625,11,True,290.03,14697.63
5419,WMT,2021-06-02,2021-06-16,time_exit,-3.27,44.09786605834961,42.78756713867188,11,True,290.03,14688.15
5420,SYK,2021-06-03,2021-06-17,time_exit,3.64,236.4910125732422,245.81997680664065,11,True,291.82,14698.77
5421,UPS,2021-06-04,2021-06-18,time_exit,-6.41,165.4031219482422,155.30447387695312,11,True,292.02,14680.05
5422,HD,2021-06-04,2021-06-18,time_exit,-3.0,274.6156005859375,267.19854736328125,11,True,292.02,14671.29
5423,LOW,2021-06-04,2021-06-18,time_exit,-1.9,171.66616821289062,168.92721557617188,11,True,292.02,14665.74
5424,CRWD,2021-06-07,2021-06-21,time_exit,10.04,53.852500915527344,59.41999816894531,11,True,292.02,14695.06
5425,FCX,2021-06-07,2021-06-21,time_exit,-13.58,38.42776107788086,33.323944091796875,11,True,292.02,14655.4
5426,AMZN,2021-06-07,2021-06-21,time_exit,7.7,159.90049743652344,172.697998046875,11,True,292.02,14677.89
5427,TMO,2021-06-07,2021-06-21,time_exit,8.56,438.03271484375,476.8444519042969,11,True,292.02,14702.89
5428,DASH,2021-06-07,2021-06-21,time_exit,21.25,142.5,173.2100067138672,11,True,292.02,14764.94
5429,KKR,2021-06-08,2021-06-22,time_exit,5.6,52.910552978515625,56.029693603515625,11,True,292.02,14781.29
5430,PNC,2021-06-08,2021-06-22,time_exit,-5.55,160.48251342773438,152.05740356445312,11,True,292.02,14765.08
5431,ELV,2021-06-08,2021-06-22,time_exit,-3.31,363.6877136230469,352.7334899902344,11,True,292.02,14755.42
5432,CSX,2021-06-08,2021-06-22,time_exit,-3.22,30.488445281982425,29.5969295501709,11,True,292.02,14746.02
5433,DE,2021-06-08,2021-06-22,time_exit,-4.36,333.03631591796875,319.5123291015625,11,True,292.02,14733.28
5434,UNP,2021-06-08,2021-06-22,time_exit,-1.58,197.2295379638672,194.7044982910156,11,True,292.02,14728.67
5435,NEE,2021-06-08,2021-06-22,time_exit,2.43,62.781959533691406,64.49641418457031,11,True,292.02,14735.77
5436,CAT,2021-06-08,2021-06-22,time_exit,-11.55,219.19357299804688,194.5233459472656,11,True,292.02,14702.04
5437,BNY,2021-06-08,2021-06-22,time_exit,-4.15,44.5898551940918,42.872859954833984,11,True,292.02,14689.92
5438,BRK-B,2021-06-08,2021-06-22,time_exit,-4.54,289.19000244140625,276.9200134277344,11,True,292.02,14676.66
5439,CVS,2021-06-08,2021-06-22,time_exit,-2.63,72.25811767578125,70.573974609375,11,True,292.02,14668.98
5440,PFE,2021-06-08,2021-06-22,time_exit,1.66,29.55054473876953,30.128623962402344,11,True,292.02,14673.83
5441,SO,2021-06-09,2021-06-23,time_exit,-3.69,52.46997833251953,50.68882751464844,11,True,292.23,14663.05
5442,TJX,2021-06-10,2021-06-24,time_exit,3.1,60.0318489074707,62.07090759277344,11,True,293.13,14672.13
5443,UBER,2021-06-10,2021-06-24,time_exit,2.26,49.54999923706055,50.81999969482422,11,True,293.13,14678.76
5444,UNH,2021-06-10,2021-06-24,time_exit,-0.59,366.42529296875,365.3675842285156,11,True,293.13,14677.03
5445,MNST,2021-06-10,2021-06-24,time_exit,-4.17,46.8849983215332,45.06999969482422,11,True,293.13,14664.81
5446,NFLX,2021-06-10,2021-06-24,time_exit,6.02,48.72700119018555,51.805999755859375,11,True,293.13,14682.45
5447,PH,2021-06-10,2021-06-24,time_exit,-1.72,283.6717834472656,279.6574401855469,11,True,293.13,14677.41
5448,PGR,2021-06-11,2021-06-25,time_exit,3.17,83.65380859375,86.55842590332031,11,True,293.13,14686.7
5449,USB,2021-06-11,2021-06-25,time_exit,-2.48,47.20156097412109,46.17196273803711,11,True,293.13,14679.43
5450,LIN,2021-06-11,2021-06-25,time_exit,-2.4,272.1393127441406,266.4296569824219,11,True,293.13,14672.4
5451,GE,2021-06-11,2021-06-25,time_exit,-4.1,66.56922149658203,64.04073333740234,11,True,293.13,14660.38
5452,BAC,2021-06-11,2021-06-25,time_exit,-0.87,37.036128997802734,36.82379150390625,11,True,293.13,14657.83
5453,WFC,2021-06-14,2021-06-28,time_exit,1.12,39.79941940307617,40.36357879638672,11,True,293.61,14661.12
5454,MMM,2021-06-14,2021-06-28,time_exit,-2.71,140.24551391601562,136.8605499267578,11,True,293.61,14653.16
5455,PWR,2021-06-14,2021-06-28,time_exit,-0.87,90.92732238769533,90.41175079345705,11,True,293.61,14650.61
5456,COF,2021-06-14,2021-06-28,time_exit,-2.01,144.2652587890625,141.80191040039062,11,True,293.61,14644.7
5457,VRTX,2021-06-14,2021-06-28,time_exit,1.25,194.8000030517578,197.82000732421875,11,True,293.61,14648.37
5458,JCI,2021-06-14,2021-06-28,time_exit,2.24,60.03815460205078,61.56071853637695,11,True,293.61,14654.95
5459,MS,2021-06-14,2021-06-28,time_exit,-3.63,76.80231475830078,74.24559783935547,11,True,293.61,14644.29
5460,NEM,2021-06-15,2021-06-29,time_exit,-9.71,59.75469970703125,54.13216400146485,11,True,293.85,14615.76
5461,GS,2021-06-15,2021-06-29,time_exit,0.06,327.3358154296875,328.49957275390625,11,True,293.85,14615.94
5462,AMD,2021-06-16,2021-06-30,time_exit,16.95,80.11000061035156,93.93000030517578,11,True,293.76,14665.73
5463,MCK,2021-06-16,2021-06-30,time_exit,-0.39,186.112548828125,185.93760681152344,11,True,293.76,14664.58
5464,JPM,2021-06-16,2021-06-30,time_exit,-0.77,137.10360717773438,136.46307373046875,11,True,293.76,14662.32
5465,BLK,2021-06-16,2021-06-30,time_exit,0.35,770.6392822265625,775.6209106445312,11,True,293.76,14663.35
5466,SCHW,2021-06-16,2021-06-30,time_exit,-1.57,68.81425476074219,67.93717193603516,11,True,293.76,14658.74
5467,MA,2021-06-16,2021-06-30,time_exit,0.05,352.8011169433594,354.0326232910156,11,True,293.76,14658.88
5468,COST,2021-06-16,2021-06-30,time_exit,3.99,358.8836975097656,374.2640686035156,11,True,293.76,14670.61
5469,VLO,2021-06-16,2021-06-30,time_exit,-4.45,68.78900146484375,65.93475341796875,11,True,293.76,14657.53
5470,COP,2021-06-17,2021-07-01,time_exit,6.26,49.04601287841797,52.26255798339844,11,True,293.98,14675.94
5482,ACN,2021-06-18,2021-07-02,time_exit,8.09,258.1721496582031,279.8264465332031,11,True,293.31,14699.67
5483,BA,2021-06-18,2021-07-02,time_exit,-0.58,237.3500061035156,236.67999267578125,11,True,293.31,14697.96
5484,STX,2021-06-21,2021-07-06,time_exit,0.08,73.49217987060547,73.7678451538086,11,True,295.3,14698.2
5485,MU,2021-06-21,2021-07-06,time_exit,4.9,75.15382385253906,79.06412506103516,11,True,295.3,14712.67
5486,WDC,2021-06-21,2021-07-06,time_exit,-0.37,52.06698989868164,52.02936553955078,11,True,295.3,14711.58
5487,META,2021-06-21,2021-07-06,time_exit,5.87,329.3973999023437,349.7090148925781,11,True,295.3,14728.91
5488,AMAT,2021-06-21,2021-07-06,time_exit,2.5,127.4255599975586,130.9978790283203,11,True,295.3,14736.29
5489,DIS,2021-06-21,2021-07-06,time_exit,-0.46,168.6749267578125,168.40342712402344,11,True,295.3,14734.94
5491,CSX,2021-06-23,2021-07-08,time_exit,-2.21,29.40433883666992,28.84210205078125,11,True,293.26,14728.45
5492,EQIX,2021-06-23,2021-07-08,time_exit,2.77,724.8538208007812,747.0714721679688,11,True,293.26,14736.58
5493,LMT,2021-06-24,2021-07-09,time_exit,1.12,328.06719970703125,332.73974609375,11,True,293.55,14739.87
5494,PEP,2021-06-24,2021-07-09,time_exit,2.32,124.3383560180664,127.5904769897461,11,True,293.55,14746.68
5495,MNST,2021-06-25,2021-07-12,time_exit,-1.33,46.060001373291016,45.584999084472656,11,True,293.16,14742.78
5496,ABBV,2021-06-25,2021-07-12,time_exit,3.82,93.00101470947266,96.8287124633789,11,True,293.16,14753.98
5497,SO,2021-06-25,2021-07-12,time_exit,0.14,50.7382926940918,50.96094512939453,11,True,293.16,14754.39
5498,BKNG,2021-06-29,2021-07-14,time_exit,-0.1,85.080322265625,85.25382232666016,11,True,292.32,14754.09
5499,ABNB,2021-06-29,2021-07-14,time_exit,-5.09,146.0800018310547,139.08999633789062,11,True,292.32,14739.21
5500,MAR,2021-06-29,2021-07-14,time_exit,3.13,129.42404174804688,133.86280822753906,11,True,292.32,14748.36
5501,KO,2021-06-29,2021-07-14,time_exit,4.16,46.45468521118164,48.52471923828125,11,True,292.32,14760.52
5502,ANET,2021-06-30,2021-07-15,time_exit,1.28,22.64437484741211,23.003124237060547,11,True,293.15,14764.28
5503,RTX,2021-06-30,2021-07-15,time_exit,-0.69,76.16642761230469,75.87178039550781,11,True,293.15,14762.25
5504,PLD,2021-07-01,2021-07-16,time_exit,5.78,103.87776947021484,110.19807434082033,11,True,293.52,14779.22
5505,AVGO,2021-07-02,2021-07-19,time_exit,-0.83,42.62139129638672,42.39379501342773,11,True,293.96,14776.78
5506,CVS,2021-07-02,2021-07-19,time_exit,-2.44,69.41191864013672,67.92988586425781,11,True,293.96,14769.61
5507,HWM,2021-07-06,2021-07-20,time_exit,-5.13,33.00830841064453,31.41255569458008,11,True,294.7,14754.49
5508,GD,2021-07-06,2021-07-20,time_exit,1.36,168.29000854492188,171.08120727539062,11,True,294.7,14758.5
5509,MO,2021-07-06,2021-07-20,time_exit,0.86,31.71117401123047,32.078094482421875,11,True,294.7,14761.03
5510,CVX,2021-07-06,2021-07-20,time_exit,-7.47,83.96912384033203,77.94538116455078,11,True,294.7,14739.02
5511,BX,2021-07-06,2021-07-20,time_exit,6.16,81.41075134277344,86.6689682006836,11,True,294.7,14757.17
5512,XOM,2021-07-06,2021-07-20,time_exit,-9.12,50.73545455932617,46.2629280090332,11,True,294.7,14730.29
5513,BNY,2021-07-07,2021-07-21,time_exit,0.87,42.90754318237305,43.41049957275391,11,True,294.7,14732.86
5514,FCX,2021-07-07,2021-07-21,time_exit,-4.41,33.72443008422852,32.339393615722656,11,True,294.7,14719.86
5515,C,2021-07-07,2021-07-21,time_exit,-0.36,56.845829010009766,56.81235504150391,11,True,294.7,14718.8
5516,COP,2021-07-07,2021-07-21,time_exit,-3.67,49.04601287841797,47.39202880859375,11,True,294.7,14707.99
5517,PWR,2021-07-07,2021-07-21,time_exit,1.5,87.2769775390625,88.84454345703125,11,True,294.7,14712.41
5518,CAT,2021-07-07,2021-07-21,time_exit,-1.62,195.9471435546875,193.36497497558597,11,True,294.7,14707.63
5519,GE,2021-07-07,2021-07-21,time_exit,0.47,63.16479110717773,63.65142822265625,11,True,294.7,14709.02
5520,DIS,2021-07-07,2021-07-21,time_exit,2.06,167.55992126464844,171.50604248046875,11,True,294.7,14715.09
5521,CME,2021-07-08,2021-07-22,time_exit,0.57,168.23382568359375,169.70101928710938,11,True,294.73,14716.77
5522,GS,2021-07-08,2021-07-22,time_exit,3.54,316.4393920898437,328.57891845703125,11,True,294.73,14727.2
5523,WMB,2021-07-08,2021-07-22,time_exit,-4.03,20.86513900756836,20.08587455749512,11,True,294.73,14715.32
5524,TSLA,2021-07-08,2021-07-22,time_exit,-0.84,217.60333251953125,216.4199981689453,11,True,294.73,14712.85
5525,SLB,2021-07-08,2021-07-22,time_exit,-8.65,27.357933044433597,25.0728759765625,11,True,294.73,14687.35
5526,TXN,2021-07-08,2021-07-22,time_exit,-2.6,162.4727783203125,158.7354736328125,11,True,294.73,14679.69
5527,ADI,2021-07-08,2021-07-22,time_exit,-1.45,150.14111328125,148.4098663330078,11,True,294.73,14675.42
5528,DE,2021-07-08,2021-07-22,time_exit,1.96,321.7221069335937,328.9791259765625,11,True,294.73,14681.19
5529,MPC,2021-07-08,2021-07-22,time_exit,-7.37,50.8837776184082,47.28780746459961,11,True,294.73,14659.47
5530,APP,2021-07-08,2021-07-22,time_exit,-5.14,65.87999725341797,62.68999862670898,11,True,294.73,14644.32
5531,INTC,2021-07-08,2021-07-22,time_exit,0.73,50.68819427490234,51.20980453491211,11,True,294.73,14646.47
5532,VRT,2021-07-08,2021-07-22,time_exit,0.62,27.060625076293945,27.30943298339844,11,True,294.73,14648.3
5533,CB,2021-07-08,2021-07-22,time_exit,5.59,147.65866088867188,156.3527069091797,11,True,294.73,14664.78
5534,DELL,2021-07-08,2021-07-22,time_exit,-3.39,45.58172607421875,44.17283630371094,11,True,294.73,14654.79
5535,BRK-B,2021-07-08,2021-07-22,time_exit,1.01,274.1000061035156,277.70001220703125,11,True,294.73,14657.76
5536,BA,2021-07-08,2021-07-22,time_exit,-7.02,236.7700042724609,220.8699951171875,11,True,294.73,14637.07
5537,PLTR,2021-07-08,2021-07-22,time_exit,-4.68,23.07999992370605,22.06999969482422,11,True,294.73,14623.28
5538,GLW,2021-07-08,2021-07-22,time_exit,0.52,35.17591094970703,35.46538543701172,11,True,294.73,14624.81
5539,PM,2021-07-13,2021-07-27,time_exit,1.88,77.35006713867188,79.03627014160156,11,True,295.09,14630.36
5540,CRM,2021-07-13,2021-07-27,time_exit,-0.51,239.87013244628903,239.3687896728516,11,True,295.09,14628.85
5541,PGR,2021-07-14,2021-07-28,time_exit,-3.31,87.18277740478516,84.56147766113281,11,True,295.21,14619.08
5542,VRTX,2021-07-14,2021-07-28,time_exit,1.9,197.88999938964844,202.2400054931641,11,True,295.21,14624.69
5543,BAC,2021-07-14,2021-07-28,time_exit,-2.18,34.38184356689453,33.73597717285156,11,True,295.21,14618.26
5544,GILD,2021-07-15,2021-07-29,time_exit,1.94,56.90684127807617,58.1816291809082,11,True,295.25,14623.98
5545,META,2021-07-15,2021-07-29,time_exit,3.72,341.4613952636719,355.2007751464844,11,True,295.25,14634.97
5546,MAR,2021-07-16,2021-07-30,time_exit,7.79,129.4719696044922,139.95054626464844,11,True,295.58,14657.99
5547,UBER,2021-07-16,2021-07-30,time_exit,-6.21,46.18999862670898,43.459999084472656,11,True,295.58,14639.64
5548,ISRG,2021-07-19,2021-08-02,time_exit,6.18,310.7300109863281,330.8500061035156,11,True,295.39,14657.89
5549,ETN,2021-07-19,2021-08-02,time_exit,4.59,137.42823791503906,144.1527557373047,11,True,295.39,14671.45
5550,DASH,2021-07-19,2021-08-02,time_exit,0.91,175.5,177.6300048828125,11,True,295.39,14674.14
5551,KLAC,2021-07-19,2021-08-02,time_exit,17.22,27.946516036987305,32.84402084350586,11,True,295.39,14725.01
5552,SPGI,2021-07-19,2021-08-02,time_exit,5.83,370.3854064941406,393.1073303222656,11,True,295.39,14742.23
5553,MRVL,2021-07-19,2021-08-02,time_exit,10.23,53.79177474975586,59.45562744140625,11,True,295.39,14772.45
5554,VZ,2021-07-19,2021-08-02,time_exit,-0.44,40.706539154052734,40.64821243286133,11,True,295.39,14771.15
5555,LOW,2021-07-19,2021-08-02,time_exit,-0.89,174.36888122558594,173.33409118652344,11,True,295.39,14768.52
5556,AMD,2021-07-19,2021-08-02,time_exit,25.17,86.58000183105469,108.62999725341795,11,True,295.39,14842.87
5574,BKNG,2021-07-20,2021-08-03,time_exit,0.12,83.44465637207031,83.79168701171875,11,True,294.61,14843.22
5575,PSX,2021-07-20,2021-08-03,time_exit,6.65,58.57949447631836,62.64785003662109,11,True,294.61,14862.81
5576,TJX,2021-07-20,2021-08-03,time_exit,3.43,61.63529968261719,63.933876037597656,11,True,294.61,14872.92
5577,SCHW,2021-07-20,2021-08-03,time_exit,-1.08,63.39311218261719,62.89856719970703,11,True,294.61,14869.74
5578,WDC,2021-07-21,2021-08-04,time_exit,0.46,48.49302673339844,48.8617057800293,11,True,294.3,14871.09
5579,NEM,2021-07-21,2021-08-04,time_exit,2.19,52.21183776855469,53.50934600830078,11,True,294.3,14877.53
5580,TMO,2021-07-21,2021-08-04,time_exit,4.49,507.1181945800781,531.3963012695312,11,True,294.3,14890.75
5581,DHR,2021-07-21,2021-08-04,time_exit,8.93,242.06739807128903,264.40545654296875,11,True,294.3,14917.03
5582,EQIX,2021-07-21,2021-08-04,time_exit,0.75,739.46728515625,747.2068481445312,11,True,294.3,14919.24
5583,ABT,2021-07-22,2021-08-05,time_exit,3.05,107.29204559326172,110.88507080078124,11,True,292.5,14928.16
5584,TXN,2021-07-23,2021-08-06,time_exit,2.97,162.1724395751953,167.47547912597656,11,True,292.5,14936.85
5585,LMT,2021-07-26,2021-08-09,time_exit,-2.2,319.6598205566406,313.5715026855469,11,True,292.5,14930.41
5586,MU,2021-07-27,2021-08-10,time_exit,1.98,72.37467956542969,74.02266693115234,11,True,292.58,14936.2
5587,MMM,2021-07-27,2021-08-10,time_exit,-0.91,139.62562561035156,138.7759246826172,11,True,292.58,14933.54
5588,REGN,2021-07-27,2021-08-10,time_exit,5.55,575.5784912109375,609.2308349609375,11,True,292.58,14949.78
5589,INTC,2021-07-27,2021-08-10,time_exit,1.79,48.66579055786133,49.68204116821289,11,True,292.58,14955.02
5590,UNH,2021-07-28,2021-08-11,time_exit,-0.65,374.8023681640625,373.4924011230469,11,True,292.37,14953.12
5591,FTNT,2021-07-30,2021-08-13,time_exit,13.32,54.448001861572266,61.86600112915039,11,True,292.79,14992.12
5592,V,2021-08-02,2021-08-16,time_exit,-2.01,230.55186462402344,226.61050415039065,11,True,296.86,14986.15
5593,AMZN,2021-08-03,2021-08-17,time_exit,-3.99,168.31199645996094,162.09800720214844,11,True,297.39,14974.28
5594,ABBV,2021-08-03,2021-08-17,time_exit,2.63,96.75955200195312,99.59784698486328,11,True,297.39,14982.1
5595,DIS,2021-08-03,2021-08-17,time_exit,1.34,167.72476196289062,170.47828674316406,11,True,297.39,14986.09
5596,MA,2021-08-03,2021-08-17,time_exit,-1.49,356.88653564453125,352.6439819335937,11,True,297.39,14981.66
5597,ANET,2021-08-03,2021-08-17,time_exit,-4.13,23.6981258392334,22.78937530517578,11,True,297.39,14969.38
5598,WMB,2021-08-03,2021-08-17,time_exit,-2.85,19.97455406188965,19.46564483642578,11,True,297.39,14960.9
5599,KO,2021-08-04,2021-08-18,time_exit,0.41,48.38670349121094,48.73171615600586,11,True,298.38,14962.12
5600,UBER,2021-08-04,2021-08-18,time_exit,-2.52,41.810001373291016,40.880001068115234,11,True,298.38,14954.6
5601,PEP,2021-08-04,2021-08-18,time_exit,1.15,131.49122619628906,133.3946990966797,11,True,298.38,14958.04
5602,SLB,2021-08-04,2021-08-18,time_exit,-3.27,24.759241104125977,24.024438858032227,11,True,298.38,14948.28
5603,MO,2021-08-04,2021-08-18,time_exit,2.23,31.955785751342773,32.764366149902344,11,True,298.38,14954.93
5604,MRK,2021-08-05,2021-08-19,time_exit,3.5,64.67306518554688,67.1285629272461,11,True,298.56,14965.38
5605,VZ,2021-08-05,2021-08-19,time_exit,-0.17,40.3128776550293,40.36391067504883,11,True,298.56,14964.87
5606,MNST,2021-08-05,2021-08-19,time_exit,5.39,45.97499847412109,48.59000015258789,11,True,298.56,14980.97
5607,CVS,2021-08-05,2021-08-19,time_exit,4.92,67.8160400390625,71.35719299316406,11,True,298.56,14995.66
5608,TT,2021-08-06,2021-08-20,time_exit,-2.12,185.30519104003903,181.9283142089844,11,True,298.74,14989.32
5609,WELL,2021-08-06,2021-08-20,time_exit,-0.71,75.02330780029297,74.71370697021484,11,True,298.74,14987.2
5610,MAR,2021-08-09,2021-08-23,time_exit,-2.46,131.4468994140625,128.60914611816406,11,True,298.61,14979.86
5611,T,2021-08-10,2021-08-24,time_exit,-2.58,15.690564155578612,15.333074569702148,11,True,299.1,14972.14
5612,APP,2021-08-10,2021-08-24,time_exit,29.97,57.18999862670898,74.5,11,True,299.1,15061.78
5613,AMGN,2021-08-10,2021-08-24,time_exit,-1.11,193.6189117431641,192.0498809814453,11,True,299.1,15058.46
5614,NOW,2021-08-10,2021-08-24,time_exit,7.7,115.16000366210938,124.37000274658205,11,True,299.1,15081.49
5615,ELV,2021-08-10,2021-08-24,time_exit,-0.46,351.2164306640625,350.6394348144531,11,True,299.1,15080.11
5616,LOW,2021-08-10,2021-08-24,time_exit,6.9,172.21762084960938,184.6167755126953,11,True,299.1,15100.75
5617,BMY,2021-08-10,2021-08-24,time_exit,1.39,54.90235900878906,55.831241607666016,11,True,299.1,15104.91
5618,AMAT,2021-08-11,2021-08-25,time_exit,-1.6,129.12075805664062,127.43799591064452,11,True,299.06,15100.13
5619,LRCX,2021-08-11,2021-08-25,time_exit,-3.55,57.76568222045898,55.89085006713867,11,True,299.06,15089.51
5620,VRT,2021-08-11,2021-08-25,time_exit,2.11,26.89143180847168,27.5383358001709,11,True,299.06,15095.82
5621,HCA,2021-08-11,2021-08-25,time_exit,4.23,231.2554473876953,241.73654174804688,11,True,299.06,15108.47
5622,MU,2021-08-11,2021-08-25,time_exit,-1.62,73.1645278930664,72.19915008544922,11,True,299.06,15103.62
5623,LMT,2021-08-12,2021-08-26,time_exit,0.22,312.4510192871094,314.0752258300781,11,True,299.06,15104.28
5624,CME,2021-08-12,2021-08-26,time_exit,-4.64,168.90663146972656,161.57908630371094,11,True,299.06,15090.41
5625,SBUX,2021-08-12,2021-08-26,time_exit,-1.54,102.81448364257812,101.54429626464844,11,True,299.06,15085.8
5626,ICE,2021-08-12,2021-08-26,time_exit,-0.72,110.5797882080078,110.12076568603516,11,True,299.06,15083.65
5627,TXN,2021-08-12,2021-08-26,time_exit,-0.25,163.0577392578125,163.14454650878906,11,True,299.06,15082.9
5628,VRTX,2021-08-12,2021-08-26,time_exit,1.47,194.80999755859372,198.25,11,True,299.06,15087.3
5629,AVGO,2021-08-12,2021-08-26,time_exit,0.01,44.0861930847168,44.22093963623047,11,True,299.06,15087.33
5630,BX,2021-08-12,2021-08-26,time_exit,7.08,95.30323791503906,102.33971405029295,11,True,299.06,15108.5
5631,KLAC,2021-08-13,2021-08-27,time_exit,4.29,31.23190116882324,32.66547775268555,11,True,299.84,15121.36
5632,PH,2021-08-13,2021-08-27,time_exit,3.99,274.1649475097656,285.92401123046875,11,True,299.84,15133.33
5633,GLW,2021-08-13,2021-08-27,time_exit,0.79,35.36012268066406,35.74608612060547,11,True,299.84,15135.69
5634,AXP,2021-08-16,2021-08-30,time_exit,-1.2,155.9761505126953,154.573974609375,11,True,299.72,15132.1
5635,PSX,2021-08-16,2021-08-30,time_exit,0.57,59.17246627807617,59.68955993652344,11,True,299.72,15133.81
5636,CVX,2021-08-16,2021-08-30,time_exit,-1.49,81.49018859863281,80.5184326171875,11,True,299.72,15129.34
5637,CRWD,2021-08-16,2021-08-30,time_exit,21.71,58.6775016784668,71.59249877929688,11,True,299.72,15194.41
5638,VLO,2021-08-16,2021-08-30,time_exit,1.99,55.28599166870117,56.55377197265625,11,True,299.72,15200.37
5639,XOM,2021-08-17,2021-08-31,time_exit,-2.17,46.62746047973633,45.75466537475586,11,True,299.22,15193.88
5640,COP,2021-08-17,2021-08-31,time_exit,1.55,45.66062545776367,46.506492614746094,11,True,299.22,15198.52
5641,WDC,2021-08-17,2021-08-31,time_exit,3.07,46.002540588378906,47.55250930786133,11,True,299.22,15207.71
5642,PANW,2021-08-17,2021-08-31,time_exit,25.75,60.96166610717773,76.83999633789062,11,True,299.22,15284.75
5643,KKR,2021-08-17,2021-08-31,time_exit,0.91,60.90898132324219,61.647342681884766,11,True,299.22,15287.48
5644,BA,2021-08-17,2021-08-31,time_exit,-1.52,222.22000122070312,219.5,11,True,299.22,15282.93
5645,STX,2021-08-18,2021-09-01,time_exit,-2.37,76.69685363769531,75.11174774169922,11,True,299.1,15275.84
5646,CSCO,2021-08-18,2021-09-01,time_exit,6.75,47.95475006103516,51.33722686767578,11,True,299.1,15296.03
5647,ADI,2021-08-18,2021-09-01,time_exit,-2.71,151.8540496826172,148.19981384277344,11,True,299.1,15287.92
5648,CDNS,2021-08-18,2021-09-01,time_exit,10.6,148.02000427246094,164.14999389648438,11,True,299.1,15319.63
5649,ABNB,2021-08-18,2021-09-01,time_exit,6.41,146.74000549316406,156.58999633789062,11,True,299.1,15338.8
5650,MA,2021-08-19,2021-09-02,time_exit,-4.79,346.8964233398437,331.3336486816406,11,True,299.91,15324.43
5651,AMD,2021-08-19,2021-09-02,time_exit,5.0,103.6999969482422,109.1999969482422,11,True,299.91,15339.43
5652,ADP,2021-08-19,2021-09-02,time_exit,-2.47,189.17601013183597,185.0630798339844,11,True,299.91,15332.02
5653,AAPL,2021-08-19,2021-09-02,time_exit,4.44,143.0869140625,149.8657684326172,11,True,299.91,15345.34
5654,GOOGL,2021-08-19,2021-09-02,time_exit,5.31,134.48745727539062,142.02761840820312,11,True,299.91,15361.26
5655,ANET,2021-08-19,2021-09-02,time_exit,-1.1,22.927499771118164,22.74437522888184,11,True,299.91,15357.97
5656,FTNT,2021-08-19,2021-09-02,time_exit,5.83,59.15599822998047,62.77999877929688,11,True,299.91,15375.45
5657,KO,2021-08-19,2021-09-02,time_exit,-0.46,49.042213439941406,48.96459579467773,11,True,299.91,15374.07
5668,AMZN,2021-08-20,2021-09-03,time_exit,8.39,159.99749755859375,173.90249633789062,11,True,299.74,15399.22
5669,DASH,2021-08-20,2021-09-03,time_exit,4.8,184.0800018310547,193.4600067138672,11,True,299.74,15413.61
5673,DUK,2021-08-24,2021-09-08,time_exit,-0.13,86.72506713867188,86.87351989746094,11,True,302.1,15413.21
5674,MMM,2021-08-25,2021-09-09,time_exit,-4.72,136.38938903808594,130.36087036132812,11,True,302.07,15398.96
5675,UNP,2021-08-25,2021-09-09,time_exit,-4.92,196.7494201660156,187.66270446777344,11,True,302.07,15384.09
5676,PEP,2021-08-25,2021-09-09,time_exit,0.73,132.4728546142578,133.8363494873047,11,True,302.07,15386.3
5677,T,2021-08-25,2021-09-09,time_exit,-0.34,15.32190227508545,15.31631565093994,11,True,302.07,15385.27
5678,PG,2021-08-25,2021-09-09,time_exit,0.63,125.47174835205078,126.6326675415039,11,True,302.07,15387.18
5679,CVS,2021-08-25,2021-09-09,time_exit,1.9,70.79808044433594,72.35688018798828,11,True,302.07,15392.91
5680,LLY,2021-08-25,2021-09-09,time_exit,-9.35,252.1612548828125,229.3504180908203,11,True,302.07,15364.67
5681,MCK,2021-08-26,2021-09-10,time_exit,2.52,192.16009521484372,197.5705718994141,11,True,302.17,15372.29
5682,CSX,2021-08-26,2021-09-10,time_exit,-7.04,31.01340675354004,28.922513961791992,11,True,302.17,15351.01
5683,AMGN,2021-08-26,2021-09-10,time_exit,-3.79,189.5591583251953,182.95155334472656,11,True,302.17,15339.56
5684,TMUS,2021-08-27,2021-09-13,time_exit,-6.34,131.57260131835938,123.62385559082033,11,True,302.71,15320.37
5685,VZ,2021-08-27,2021-09-13,time_exit,-0.57,39.926517486572266,39.817169189453125,11,True,302.71,15318.64
5686,MRK,2021-08-27,2021-09-13,time_exit,-4.39,65.28054809570312,62.61115264892578,11,True,302.71,15305.35
5687,DELL,2021-08-27,2021-09-13,time_exit,1.7,44.63785552978516,45.53107070922852,11,True,302.71,15310.5
5688,MCD,2021-08-30,2021-09-14,time_exit,2.18,209.42837524414065,214.61740112304688,11,True,304.01,15317.13
5689,WMT,2021-08-30,2021-09-14,time_exit,-2.6,46.248477935791016,45.1838493347168,11,True,304.01,15309.22
5690,PFE,2021-08-30,2021-09-14,time_exit,-4.68,35.88927459716797,34.31586456298828,11,True,304.01,15295.0
5691,BMY,2021-08-30,2021-09-14,time_exit,-7.89,54.76383209228516,50.60826873779297,11,True,304.01,15271.01
5692,JNJ,2021-08-31,2021-09-15,time_exit,-4.75,150.5672149658203,143.8620147705078,11,True,305.66,15256.49
5693,SO,2021-08-31,2021-09-15,time_exit,0.13,54.75151824951172,54.98474884033203,11,True,305.66,15256.89
5694,COF,2021-08-31,2021-09-15,time_exit,-4.55,151.9820556640625,145.51708984375,11,True,305.66,15242.98
5695,ELV,2021-09-01,2021-09-16,time_exit,1.52,343.7802429199219,350.0211181640625,11,True,306.78,15247.64
5696,UNH,2021-09-01,2021-09-16,time_exit,-0.07,382.2953186035156,383.16839599609375,11,True,306.78,15247.43
5697,CB,2021-09-01,2021-09-16,time_exit,-0.89,171.09521484375,170.08221435546875,11,True,306.78,15244.7
5698,GLW,2021-09-02,2021-09-17,time_exit,-3.36,34.94310760498047,33.87539291381836,11,True,307.48,15234.37
5699,CME,2021-09-02,2021-09-17,time_exit,-4.39,160.18487548828125,153.62770080566406,11,True,307.48,15220.87
5700,ADP,2021-09-03,2021-09-20,time_exit,-4.0,185.8247528076172,178.9568328857422,11,True,308.27,15208.54
5701,MA,2021-09-03,2021-09-20,time_exit,-0.46,330.3142395019531,329.7900085449219,11,True,308.27,15207.12
5702,HWM,2021-09-07,2021-09-21,time_exit,-2.41,30.81206321716309,30.16152572631836,11,True,308.27,15199.69
5703,ANET,2021-09-07,2021-09-21,time_exit,-2.5,22.466249465942383,21.971250534057617,11,True,308.27,15191.98
5704,SCHW,2021-09-07,2021-09-21,time_exit,-5.35,67.41825866699219,64.01365661621094,11,True,308.27,15175.49
5705,HCA,2021-09-07,2021-09-21,time_exit,1.36,241.77491760253903,245.79576110839844,11,True,308.27,15179.68
5706,GILD,2021-09-07,2021-09-21,time_exit,1.47,59.31476974487305,60.36708068847656,11,True,308.27,15184.22
5707,USB,2021-09-07,2021-09-21,time_exit,1.97,44.88738632202149,45.90846252441406,11,True,308.27,15190.29
5708,JCI,2021-09-07,2021-09-21,time_exit,-1.8,66.83656311035156,65.83424377441406,11,True,308.27,15184.74
5709,GE,2021-09-08,2021-09-22,time_exit,-4.24,62.39834976196289,59.94086456298828,11,True,308.26,15171.67
5710,KKR,2021-09-08,2021-09-22,time_exit,0.54,60.47749328613281,60.98569488525391,11,True,308.26,15173.33
5711,RTX,2021-09-08,2021-09-22,time_exit,2.6,74.43203735351562,76.58767700195312,11,True,308.26,15181.35
5712,BRK-B,2021-09-08,2021-09-22,time_exit,-2.19,279.3399963378906,274.07000732421875,11,True,308.26,15174.6
5713,TT,2021-09-08,2021-09-22,time_exit,-6.02,182.50067138671875,172.0566864013672,11,True,308.26,15156.04
5714,APH,2021-09-08,2021-09-22,time_exit,-0.11,36.11190414428711,36.181190490722656,11,True,308.26,15155.7
5715,MNST,2021-09-08,2021-09-22,time_exit,-4.71,48.41999816894531,46.28499984741211,11,True,308.26,15141.18
5716,PGR,2021-09-08,2021-09-22,time_exit,-2.69,84.3556900024414,82.34276580810547,11,True,308.26,15132.89
5717,MRVL,2021-09-08,2021-09-22,time_exit,3.51,59.259307861328125,61.51698684692383,11,True,308.26,15143.71
5718,MU,2021-09-08,2021-09-22,time_exit,2.05,70.4731674194336,72.13088989257812,11,True,308.26,15150.03
5719,LRCX,2021-09-08,2021-09-22,time_exit,2.71,55.39437484741211,57.061317443847656,11,True,308.26,15158.38
5720,IBM,2021-09-08,2021-09-22,time_exit,-3.21,109.48690032958984,106.29713439941406,11,True,308.26,15148.49
5721,CAT,2021-09-08,2021-09-22,time_exit,-7.76,189.7313232421875,175.58200073242188,11,True,308.26,15124.57
5722,TJX,2021-09-08,2021-09-22,time_exit,-0.72,64.9488296508789,64.6790542602539,11,True,308.26,15122.35
5723,AXP,2021-09-08,2021-09-22,time_exit,5.09,149.5583038330078,157.61351013183594,11,True,308.26,15138.04
5727,XOM,2021-09-09,2021-09-23,time_exit,5.23,45.39380645751953,47.90309143066406,11,True,307.29,15154.11
5728,MPC,2021-09-09,2021-09-23,time_exit,7.65,51.215450286865234,55.28585815429688,11,True,307.29,15177.62
5729,CSCO,2021-09-09,2021-09-23,time_exit,-3.56,50.954620361328125,49.29381561279297,11,True,307.29,15166.68
5730,BAC,2021-09-09,2021-09-23,time_exit,1.56,36.398868560791016,37.0747299194336,11,True,307.29,15171.47
5731,SLB,2021-09-09,2021-09-23,time_exit,8.19,23.96009063720703,25.9942626953125,11,True,307.29,15196.64
5732,WDC,2021-09-09,2021-09-23,time_exit,-2.43,44.19674682617188,43.256229400634766,11,True,307.29,15189.17
5733,CVX,2021-09-09,2021-09-23,time_exit,3.93,78.56254577636719,81.88507080078125,11,True,307.29,15201.25
5736,VRTX,2021-09-10,2021-09-24,time_exit,-2.93,188.57000732421875,183.6100006103516,11,True,306.79,15192.26
5737,LIN,2021-09-10,2021-09-24,time_exit,-0.36,291.0831298828125,290.914306640625,11,True,306.79,15191.15
5738,MMM,2021-09-13,2021-09-27,time_exit,-2.16,129.99594116210938,127.58173370361328,11,True,306.21,15184.54
5739,GD,2021-09-13,2021-09-27,time_exit,-1.13,179.5537567138672,178.0591278076172,11,True,306.21,15181.08
5740,ICE,2021-09-13,2021-09-27,time_exit,0.05,111.05756378173828,111.45026397705078,11,True,306.21,15181.23
5741,DUK,2021-09-13,2021-09-27,time_exit,-5.26,84.72913360595703,80.52277374267578,11,True,306.21,15165.13
5754,GS,2021-09-14,2021-09-28,time_exit,-3.82,357.6199035644531,345.04931640625,11,True,305.42,15153.46
5755,PNC,2021-09-14,2021-09-28,time_exit,4.67,156.76885986328125,164.56776428222656,11,True,305.42,15167.72
5756,PM,2021-09-14,2021-09-28,time_exit,-2.58,80.71450805664062,78.8739242553711,11,True,305.42,15159.84
5757,MO,2021-09-15,2021-09-29,time_exit,-1.3,34.06278610229492,33.72374725341797,11,True,304.86,15155.88
5758,BMY,2021-09-15,2021-09-29,time_exit,-2.53,50.51863479614258,49.39418411254883,11,True,304.86,15148.17
5759,VRT,2021-09-15,2021-09-29,time_exit,2.8,23.43794250488281,24.16447257995605,11,True,304.86,15156.7
5760,WMT,2021-09-15,2021-09-29,time_exit,-3.14,45.26213073730469,43.97519302368164,11,True,304.86,15147.13
5767,QCOM,2021-09-16,2021-09-30,time_exit,-7.11,124.81736755371094,116.32181549072266,11,True,304.89,15125.45
5768,PFE,2021-09-16,2021-09-30,time_exit,-3.58,34.13165664672852,33.011077880859375,11,True,304.89,15114.54
5769,JNJ,2021-09-16,2021-09-30,time_exit,-2.55,143.68812561035156,140.45286560058594,11,True,304.89,15106.76
5771,SBUX,2021-09-17,2021-10-01,time_exit,-0.73,100.73597717285156,100.30072784423828,11,True,304.42,15104.54
5772,VZ,2021-09-17,2021-10-01,time_exit,-0.26,39.569313049316406,39.583892822265625,11,True,304.42,15103.75
5777,GLW,2021-09-20,2021-10-04,time_exit,-4.06,33.52244567871094,32.26060485839844,11,True,304.14,15091.4
5778,SPGI,2021-09-20,2021-10-04,time_exit,-6.82,403.4309997558594,377.1142578125,11,True,304.14,15070.66
5792,CB,2021-09-21,2021-10-05,time_exit,-0.67,165.0681915283203,164.45785522460938,11,True,303.69,15068.62
5793,AMGN,2021-09-22,2021-10-06,time_exit,-2.01,182.8573760986328,179.72474670410156,11,True,302.76,15062.54
5794,REGN,2021-09-24,2021-10-08,time_exit,-14.21,632.92724609375,544.878173828125,11,True,303.82,15019.36
5795,EQIX,2021-09-24,2021-10-08,time_exit,-10.33,755.560791015625,679.7764892578125,11,True,303.82,14987.98
5796,PLD,2021-09-24,2021-10-08,time_exit,0.19,111.26070404052734,111.80875396728516,11,True,303.82,14988.56
5797,MNST,2021-09-27,2021-10-11,time_exit,-4.37,45.89500045776367,44.025001525878906,11,True,303.3,14975.3
5798,PEP,2021-09-27,2021-10-11,time_exit,2.0,131.24949645996094,134.2746124267578,11,True,303.3,14981.37
5799,KKR,2021-09-27,2021-10-11,time_exit,6.04,59.00079345703125,62.74047470092773,11,True,303.3,14999.69
5800,VRTX,2021-09-27,2021-10-11,time_exit,-2.39,183.41000366210935,179.5800018310547,11,True,303.3,14992.44
5801,NVDA,2021-09-28,2021-10-12,time_exit,-0.44,20.63128471374512,20.60338020324707,11,True,303.2,14991.1
5802,AMZN,2021-09-28,2021-10-12,time_exit,-2.37,165.79800415039062,162.3665008544922,11,True,303.2,14983.92
5803,MRSH,2021-09-28,2021-10-12,time_exit,2.49,141.76609802246094,145.71829223632812,11,True,303.2,14991.47
5804,COST,2021-09-28,2021-10-12,time_exit,-0.41,423.9413757324219,423.4864807128906,11,True,303.2,14990.23
5805,WELL,2021-09-28,2021-10-12,time_exit,-0.07,73.72013854980469,73.88867950439453,11,True,303.2,14990.01
5806,ETN,2021-09-28,2021-10-12,time_exit,-1.84,142.4987030029297,140.30552673339844,11,True,303.2,14984.43
5807,HCA,2021-09-28,2021-10-12,time_exit,-5.36,241.91441345214844,229.6841735839844,11,True,303.2,14968.18
5808,LIN,2021-09-28,2021-10-12,time_exit,-1.67,281.2284851074219,277.365234375,11,True,303.2,14963.12
5809,MDT,2021-09-29,2021-10-13,time_exit,-3.47,108.75798797607422,105.31255340576172,11,True,302.94,14952.61
5810,PGR,2021-09-29,2021-10-13,time_exit,-0.54,81.5375747680664,81.3404312133789,11,True,302.94,14950.97
5811,UNH,2021-09-29,2021-10-13,time_exit,0.48,368.0656127929688,370.9519653320313,11,True,302.94,14952.43
5812,NOW,2021-09-29,2021-10-13,time_exit,3.16,123.60399627685548,127.88200378417967,11,True,302.94,14962.0
5813,MU,2021-09-29,2021-10-13,time_exit,-7.51,69.85882568359375,64.82008361816406,11,True,302.94,14939.25
5814,META,2021-09-30,2021-10-14,time_exit,-3.5,336.43560791015625,325.67010498046875,11,True,302.14,14928.67
5815,AVGO,2021-09-30,2021-10-14,time_exit,2.31,44.470733642578125,45.63262939453125,11,True,302.14,14935.65
5816,DASH,2021-09-30,2021-10-14,time_exit,2.83,205.97999572753903,212.42999267578125,11,True,302.14,14944.2
5817,CDNS,2021-10-01,2021-10-15,time_exit,1.51,153.00999450683594,155.77999877929688,11,True,302.07,14948.76
5818,LOW,2021-10-01,2021-10-15,time_exit,7.29,184.89817810058597,198.9311981201172,11,True,302.07,14970.79
5819,MRVL,2021-10-01,2021-10-15,time_exit,9.53,58.72924041748047,64.50287628173828,11,True,302.07,14999.57
5820,AMAT,2021-10-01,2021-10-15,time_exit,1.61,123.89752960205078,126.2578353881836,11,True,302.07,15004.44
5821,CVS,2021-10-01,2021-10-15,time_exit,1.81,71.22164916992188,72.72115325927734,11,True,302.07,15009.9
5822,PWR,2021-10-01,2021-10-15,time_exit,-4.01,115.81085968017578,111.5127410888672,11,True,302.07,14997.79
5823,APH,2021-10-01,2021-10-15,time_exit,3.0,35.72629165649414,36.90424346923828,11,True,302.07,15006.85
5824,ADI,2021-10-01,2021-10-15,time_exit,2.49,153.9582061767578,158.25401306152344,11,True,302.07,15014.37
5825,CSCO,2021-10-01,2021-10-15,time_exit,0.58,47.94604110717773,48.36623764038086,11,True,302.07,15016.13
5826,MO,2021-10-01,2021-10-15,time_exit,5.89,31.73105239868164,33.696075439453125,11,True,302.07,15033.92
5827,PLTR,2021-10-01,2021-10-15,time_exit,-1.66,24.32999992370605,24.0,11,True,302.07,15028.9
5828,KLAC,2021-10-01,2021-10-15,time_exit,-2.07,31.91202163696289,31.348114013671875,11,True,302.07,15022.65
5829,BMY,2021-10-01,2021-10-15,time_exit,-2.23,48.8848876953125,47.94021224975586,11,True,302.07,15015.92
5830,INTU,2021-10-01,2021-10-15,time_exit,1.33,524.4672241210938,533.0416259765625,11,True,302.07,15019.93
5831,ICE,2021-10-01,2021-10-15,time_exit,11.82,108.4066162109375,121.54878997802734,11,True,302.07,15055.64
5832,BLK,2021-10-01,2021-10-15,time_exit,7.46,749.5533447265625,807.7538452148438,11,True,302.07,15078.17
5833,BX,2021-10-01,2021-10-15,time_exit,5.99,97.19252014160156,103.30535888671876,11,True,302.07,15096.27
5834,TMO,2021-10-01,2021-10-15,time_exit,1.39,565.0289916992188,574.5692138671875,11,True,302.07,15100.47
5835,TJX,2021-10-01,2021-10-15,time_exit,-3.69,61.9627799987793,59.86045837402344,11,True,302.07,15089.32
5836,DHR,2021-10-01,2021-10-15,time_exit,-0.61,261.7312316894531,260.9174499511719,11,True,302.07,15087.48
5837,QCOM,2021-10-01,2021-10-15,time_exit,0.86,116.07833099365234,117.42208862304688,11,True,302.07,15090.07
5838,LRCX,2021-10-01,2021-10-15,time_exit,-1.22,54.2161979675293,53.71564483642578,11,True,302.07,15086.39
5850,GOOGL,2021-10-04,2021-10-18,time_exit,6.52,132.48472595214844,141.5230712890625,11,True,301.41,15106.04
5851,JNJ,2021-10-04,2021-10-18,time_exit,0.27,138.4700469970703,139.252685546875,11,True,301.41,15106.86
5859,TMUS,2021-10-05,2021-10-19,time_exit,-5.75,119.23113250732422,112.72760772705078,11,True,301.37,15089.53
5864,ABT,2021-10-06,2021-10-20,time_exit,5.96,105.69513702392578,112.31510925292967,11,True,301.25,15107.48
5874,EQIX,2021-10-11,2021-10-25,time_exit,9.4,678.9166259765625,744.788818359375,11,True,299.85,15135.67
5875,GE,2021-10-12,2021-10-26,time_exit,4.3,62.5321044921875,65.40547943115234,11,True,299.26,15148.53
5876,REGN,2021-10-12,2021-10-26,time_exit,8.46,539.3502197265625,586.6142578125,11,True,299.26,15173.85
5877,CMCSA,2021-10-12,2021-10-26,time_exit,2.43,41.85347366333008,42.997188568115234,11,True,299.26,15181.12
5878,MNST,2021-10-12,2021-10-26,time_exit,-2.98,43.970001220703125,42.790000915527344,11,True,299.26,15172.21
5879,INTC,2021-10-13,2021-10-27,time_exit,-8.66,48.13465881347656,44.109619140625,11,True,298.78,15146.33
5880,MCD,2021-10-13,2021-10-27,time_exit,-0.27,215.9702911376953,216.04150390625,11,True,298.78,15145.53
5881,HOOD,2021-10-13,2021-10-27,time_exit,-12.84,40.52000045776367,35.439998626708984,11,True,298.78,15107.16
5882,VRT,2021-10-13,2021-10-27,time_exit,12.65,21.7559814453125,24.5725154876709,11,True,298.78,15144.96
5883,C,2021-10-13,2021-10-27,time_exit,-0.23,59.234676361083984,59.27682495117188,11,True,298.78,15144.27
5884,MA,2021-10-13,2021-10-27,time_exit,-2.24,332.7924499511719,326.3475341796875,11,True,298.78,15137.58
5885,V,2021-10-13,2021-10-27,time_exit,-3.3,214.1900634765625,207.7583923339844,11,True,298.78,15127.72
5886,VZ,2021-10-13,2021-10-27,time_exit,2.19,37.87794494628906,38.82213592529297,11,True,298.78,15134.26
5887,HWM,2021-10-13,2021-10-27,time_exit,-6.58,30.900781631469727,28.958999633789062,11,True,298.78,15114.6
5888,WFC,2021-10-13,2021-10-27,time_exit,8.39,40.76944732666016,44.31076431274414,11,True,298.78,15139.67
5889,COF,2021-10-13,2021-10-27,time_exit,-6.22,148.4381866455078,139.64730834960938,11,True,298.78,15121.08
5890,PGR,2021-10-14,2021-10-28,time_exit,6.01,80.614990234375,85.70211791992188,11,True,298.88,15139.05
5891,USB,2021-10-14,2021-10-28,time_exit,1.11,48.67495727539063,49.36360931396485,11,True,298.88,15142.36
5892,JPM,2021-10-14,2021-10-28,time_exit,3.91,145.11619567871094,151.2326202392578,11,True,298.88,15154.05
5893,BA,2021-10-18,2021-11-01,time_exit,-1.41,216.97999572753903,214.5800018310547,11,True,302.14,15149.79
5894,DIS,2021-10-18,2021-11-01,time_exit,-0.86,165.93104553222656,165.0099639892578,11,True,302.14,15147.19
5895,NFLX,2021-10-20,2021-11-03,time_exit,9.8,62.51399993896485,68.8290023803711,11,True,302.15,15176.8
5896,BKNG,2021-10-20,2021-11-03,time_exit,1.85,93.38353729248048,95.3869857788086,11,True,302.15,15182.39
5897,LRCX,2021-10-21,2021-11-04,time_exit,7.5,52.85443878173828,56.97587585449219,11,True,302.15,15205.05
5898,UBER,2021-10-21,2021-11-04,time_exit,-2.88,46.470001220703125,45.27000045776367,11,True,302.15,15196.35
5899,ABNB,2021-10-22,2021-11-05,time_exit,20.69,166.63999938964844,201.6199951171875,11,True,302.15,15258.87
5900,WELL,2021-10-25,2021-11-08,time_exit,4.37,71.83943176269531,75.19275665283203,11,True,302.71,15272.1
5901,GOOGL,2021-10-25,2021-11-08,time_exit,8.13,136.2389678955078,147.72113037109375,11,True,302.71,15296.71
5902,GLW,2021-10-26,2021-11-09,time_exit,4.18,32.27825164794922,33.72539138793945,11,True,303.44,15309.39
5903,RTX,2021-10-26,2021-11-09,time_exit,1.75,80.08158874511719,81.72525024414062,11,True,303.44,15314.7
5904,GD,2021-10-26,2021-11-09,time_exit,-1.13,185.29676818847656,183.76600646972656,11,True,303.44,15311.27
5905,MNST,2021-10-27,2021-11-10,time_exit,8.06,42.43999862670898,45.9900016784668,11,True,302.42,15335.65
5906,TXN,2021-10-27,2021-11-10,time_exit,0.27,162.38943481445312,163.31973266601562,11,True,302.42,15336.46
5907,DASH,2021-10-27,2021-11-10,time_exit,7.39,198.9499969482422,214.2400054931641,11,True,302.42,15358.81
5908,COF,2021-10-28,2021-11-11,time_exit,2.75,139.64730834960938,143.9053955078125,11,True,303.08,15367.15
5909,HWM,2021-10-28,2021-11-11,time_exit,7.52,29.2744140625,31.56221008300781,11,True,303.08,15389.94
5910,HOOD,2021-10-28,2021-11-11,time_exit,-3.97,35.470001220703125,34.16999816894531,11,True,303.08,15377.91
5911,WMB,2021-10-28,2021-11-11,time_exit,1.35,22.97926521301269,23.35928726196289,11,True,303.08,15382.0
5912,TMUS,2021-10-28,2021-11-11,time_exit,1.79,110.33158111572266,112.64203643798828,11,True,303.08,15387.42
5913,LMT,2021-10-28,2021-11-11,time_exit,1.06,289.9016418457031,293.8382263183594,11,True,303.08,15390.64
5914,PM,2021-10-28,2021-11-11,time_exit,-1.31,76.91048431396484,76.13314056396484,11,True,303.08,15386.67
5915,IBM,2021-10-28,2021-11-11,time_exit,1.0,99.35699462890624,100.65275573730467,11,True,303.08,15389.7
5916,META,2021-10-28,2021-11-11,time_exit,3.11,314.1611328125,324.886962890625,11,True,303.08,15399.12
5917,V,2021-10-29,2021-11-12,time_exit,0.03,203.8974456787109,204.5650329589844,11,True,303.08,15399.21
5918,AMZN,2021-10-29,2021-11-12,time_exit,4.23,168.6215057373047,176.25750732421875,11,True,303.08,15412.03
5919,SYK,2021-10-29,2021-11-12,time_exit,-0.95,253.2020263671875,251.55555725097656,11,True,303.08,15409.15
5920,MDT,2021-10-29,2021-11-12,time_exit,-0.76,102.98412322998048,102.51155090332033,11,True,303.08,15406.85
5921,MPC,2021-10-29,2021-11-12,time_exit,-0.5,58.98052215576172,58.86422348022461,11,True,303.08,15405.34
5922,MMM,2021-11-01,2021-11-15,time_exit,1.78,126.03069305419922,128.64845275878906,11,True,302.94,15410.73
5923,NEM,2021-11-01,2021-11-15,time_exit,8.3,47.41738510131836,51.495452880859375,11,True,302.94,15435.87
5924,ORCL,2021-11-02,2021-11-16,time_exit,-0.57,89.93276977539062,89.68887329101562,11,True,302.94,15434.15
5925,AXP,2021-11-02,2021-11-16,time_exit,4.18,163.3636932373047,170.6748504638672,11,True,302.94,15446.81
5926,MO,2021-11-02,2021-11-16,time_exit,0.38,30.54787826538086,30.755447387695312,11,True,302.94,15447.96
5927,MA,2021-11-03,2021-11-17,time_exit,8.73,320.2330627441406,349.1428527832031,11,True,303.65,15474.47
5928,MRSH,2021-11-03,2021-11-17,time_exit,2.88,150.9344482421875,155.73294067382812,11,True,303.65,15483.21
5929,DE,2021-11-03,2021-11-17,time_exit,2.75,322.18170166015625,332.0148010253906,11,True,303.65,15491.56
5930,SO,2021-11-03,2021-11-17,time_exit,0.14,52.10264587402344,52.33394241333008,11,True,303.65,15491.99
5931,VLO,2021-11-03,2021-11-17,time_exit,-2.27,65.00000762939453,63.71963119506836,11,True,303.65,15485.1
5932,C,2021-11-03,2021-11-17,time_exit,-3.42,58.593997955322266,56.76823425292969,11,True,303.65,15474.71
5933,FCX,2021-11-04,2021-11-18,time_exit,4.54,34.605133056640625,36.279273986816406,11,True,303.93,15488.51
5934,USB,2021-11-04,2021-11-18,time_exit,-3.0,48.83699035644531,47.51642227172852,11,True,303.93,15479.39
5935,PWR,2021-11-04,2021-11-18,time_exit,4.8,112.44580078125,118.1832504272461,11,True,303.93,15493.98
5936,NEE,2021-11-04,2021-11-18,time_exit,3.05,74.10240173339844,76.58531188964844,11,True,303.93,15503.25
5937,EQIX,2021-11-04,2021-11-18,time_exit,-1.28,727.4179077148438,720.2777099609375,11,True,303.93,15499.36
5938,GS,2021-11-04,2021-11-18,time_exit,-4.39,361.5001220703125,346.7060241699219,11,True,303.93,15486.02
5939,JPM,2021-11-04,2021-11-18,time_exit,-3.41,149.39501953125,144.74334716796875,11,True,303.93,15475.65
5940,SCHW,2021-11-04,2021-11-18,time_exit,0.26,76.1822280883789,76.60547637939453,11,True,303.93,15476.44
5941,MS,2021-11-04,2021-11-18,time_exit,-2.41,85.68975067138672,83.87787628173828,11,True,303.93,15469.12
5942,BAC,2021-11-05,2021-11-19,time_exit,-3.64,41.77022171020508,40.37402725219727,11,True,305.18,15458.01
5943,PNC,2021-11-05,2021-11-19,time_exit,-4.04,173.4496307373047,166.96722412109375,11,True,305.18,15445.68
5944,TMO,2021-11-05,2021-11-19,time_exit,2.82,608.5169677734375,627.508544921875,11,True,305.18,15454.29
5945,NFLX,2021-11-08,2021-11-22,time_exit,0.89,65.1449966430664,65.91999816894531,11,True,305.93,15457.01
5946,MRK,2021-11-08,2021-11-22,time_exit,-1.56,71.3730697631836,70.47529602050781,11,True,305.93,15452.24
5947,ABT,2021-11-08,2021-11-22,time_exit,-1.51,115.4939422607422,114.09125518798828,11,True,305.93,15447.62
5948,CSX,2021-11-09,2021-11-23,time_exit,2.34,33.21182632446289,34.09025192260742,11,True,306.23,15454.78
5949,WFC,2021-11-09,2021-11-23,time_exit,2.73,44.33965301513672,45.68166732788086,11,True,306.23,15463.14
5950,BRK-B,2021-11-10,2021-11-24,time_exit,0.39,285.32000732421875,287.2799987792969,11,True,307.18,15464.34
5951,SPGI,2021-11-10,2021-11-24,time_exit,1.92,411.901123046875,421.0602111816406,11,True,307.18,15470.24
5952,TSLA,2021-11-10,2021-11-24,time_exit,4.2,355.9833374023437,372.0,11,True,307.18,15483.14
5953,MCO,2021-11-11,2021-11-26,time_exit,-0.49,369.3665466308594,368.6532897949219,11,True,307.98,15481.63
5954,ISRG,2021-11-11,2021-11-26,time_exit,-6.45,350.7900085449219,329.2300109863281,11,True,307.98,15461.77
5955,WMT,2021-11-12,2021-11-29,time_exit,-3.77,46.26726913452149,44.66093063354492,11,True,308.11,15450.15
5956,COP,2021-11-12,2021-11-29,time_exit,-0.59,60.96575164794922,60.78880310058594,11,True,308.11,15448.33
5957,SYK,2021-11-15,2021-11-30,time_exit,-9.95,249.22412109375,225.18577575683597,11,True,308.72,15417.62
5958,BKNG,2021-11-15,2021-11-30,time_exit,-12.91,94.19940185546876,82.32522583007812,11,True,308.72,15377.76
5959,DIS,2021-11-15,2021-11-30,time_exit,-8.84,153.60787963867188,140.48968505859375,11,True,308.72,15350.47
5960,MAR,2021-11-15,2021-11-30,time_exit,-5.52,149.24989318847656,141.46524047851562,11,True,308.72,15333.43
5961,MDT,2021-11-16,2021-12-01,time_exit,-10.91,101.37741088867188,90.62019348144533,11,True,308.96,15299.72
5962,HOOD,2021-11-16,2021-12-01,time_exit,-29.65,33.869998931884766,23.93000030517578,11,True,308.96,15208.11
5963,CSCO,2021-11-17,2021-12-02,time_exit,-1.37,49.688106536865234,49.154109954833984,11,True,309.49,15203.87
5964,CAT,2021-11-17,2021-12-02,time_exit,-3.35,187.28207397460935,181.5707855224609,11,True,309.49,15193.51
5965,KO,2021-11-17,2021-12-02,time_exit,-4.64,48.5867805480957,46.47639846801758,11,True,309.49,15179.15
5966,BMY,2021-11-17,2021-12-02,time_exit,-7.08,48.82737731933594,45.51691818237305,11,True,309.49,15157.23
5967,DUK,2021-11-17,2021-12-02,time_exit,-1.65,82.4408950805664,81.32492065429688,11,True,309.49,15152.13
5968,JNJ,2021-11-17,2021-12-02,time_exit,-3.46,142.00091552734375,137.51243591308594,11,True,309.49,15141.42
5969,AMGN,2021-11-17,2021-12-02,time_exit,-2.56,177.64317321777344,173.62977600097656,11,True,309.49,15133.5
5970,CVS,2021-11-17,2021-12-02,time_exit,-3.25,79.01463317871094,76.67987060546875,11,True,309.49,15123.44
5971,VRTX,2021-11-18,2021-12-03,time_exit,9.62,185.41000366210935,203.80999755859372,11,True,309.38,15153.2
5972,GD,2021-11-18,2021-12-03,time_exit,-0.49,179.34576416015625,179.01063537597656,11,True,309.38,15151.68
5973,UPS,2021-11-18,2021-12-03,time_exit,-3.07,163.78253173828125,159.2447052001953,11,True,309.38,15142.19
5974,COF,2021-11-18,2021-12-03,time_exit,-7.55,140.63294982910156,130.4386749267578,11,True,309.38,15118.83
5975,RTX,2021-11-18,2021-12-03,time_exit,-6.97,78.51856994628906,73.27857971191406,11,True,309.38,15097.26
5976,TMUS,2021-11-18,2021-12-03,time_exit,-3.9,111.225341796875,107.2224349975586,11,True,309.38,15085.2
5977,UNH,2021-11-18,2021-12-03,time_exit,-0.01,413.1625061035156,414.371826171875,11,True,309.38,15085.17
5978,PGR,2021-11-18,2021-12-03,time_exit,4.66,81.2508773803711,85.28118896484375,11,True,309.38,15099.58
5979,C,2021-11-18,2021-12-03,time_exit,-6.78,56.989013671875,53.2950439453125,11,True,309.38,15078.61
5980,VZ,2021-11-18,2021-12-03,time_exit,0.05,37.79681015014648,37.92957305908203,11,True,309.38,15078.76
5981,BLK,2021-11-18,2021-12-03,time_exit,-2.81,821.5626831054688,800.9072875976562,11,True,309.38,15070.07
5982,SLB,2021-11-18,2021-12-03,time_exit,-8.13,28.67650032043457,26.42971611022949,11,True,309.38,15044.92
5983,MS,2021-11-19,2021-12-06,time_exit,2.14,83.21669006347656,85.24320220947266,11,True,309.09,15051.53
5984,SCHW,2021-11-19,2021-12-06,time_exit,-0.05,75.15248107910156,75.33997344970703,11,True,309.09,15051.38
5985,MA,2021-11-19,2021-12-06,time_exit,-2.18,330.2358703613281,324.02423095703125,11,True,309.09,15044.64
5986,PLTR,2021-11-19,2021-12-06,time_exit,-12.49,21.40999984741211,18.799999237060547,11,True,309.09,15006.03
5987,GS,2021-11-19,2021-12-06,time_exit,0.72,343.18017578125,346.6921691894531,11,True,309.09,15008.26
5988,SBUX,2021-11-19,2021-12-06,time_exit,2.03,98.82418060302734,101.12572479248048,11,True,309.09,15014.53
5989,ANET,2021-11-19,2021-12-06,time_exit,-5.97,32.2400016784668,30.412500381469727,11,True,309.09,14996.08
5990,IBM,2021-11-22,2021-12-07,time_exit,4.09,97.47256469726562,101.74907684326172,11,True,308.95,15008.72
5991,WMB,2021-11-22,2021-12-07,time_exit,0.28,22.31624412536621,22.445615768432617,11,True,308.95,15009.58
5992,FTNT,2021-11-22,2021-12-07,time_exit,-4.4,66.16000366210938,63.448001861572266,11,True,308.95,14995.99
5993,NEM,2021-11-22,2021-12-07,time_exit,0.74,48.73599243164063,49.24247741699219,11,True,308.95,14998.27
5994,ABBV,2021-11-22,2021-12-07,time_exit,4.77,97.42716217041016,102.36380767822266,11,True,308.95,15013.01
5995,XOM,2021-11-22,2021-12-07,time_exit,0.94,52.31460952758789,52.96099853515625,11,True,308.95,15015.91
5996,PM,2021-11-22,2021-12-07,time_exit,0.4,71.94981384277344,72.45471954345703,11,True,308.95,15017.15
5997,APP,2021-11-22,2021-12-07,time_exit,0.72,95.5,96.47000122070312,11,True,308.95,15019.38
6003,AMAT,2021-11-23,2021-12-08,time_exit,5.49,142.8856201171875,151.1600799560547,11,True,309.26,15036.35
6004,GOOGL,2021-11-23,2021-12-08,time_exit,1.35,144.5006866455078,146.88404846191406,11,True,309.26,15040.53
6014,CRWD,2021-11-24,2021-12-09,time_exit,-13.08,57.692501068115234,50.317501068115234,11,True,309.66,15000.02
6015,KKR,2021-11-24,2021-12-09,time_exit,-1.54,73.69363403320312,72.78097534179688,11,True,309.66,14995.26
6016,NOW,2021-11-24,2021-12-09,time_exit,-1.4,129.86199951171875,128.42999267578125,11,True,309.66,14990.92
6021,CSX,2021-11-26,2021-12-10,time_exit,3.26,33.23986053466797,34.423213958740234,11,True,309.24,15001.0
6022,USB,2021-11-26,2021-12-10,time_exit,0.17,46.58473205566406,46.8034782409668,11,True,309.24,15001.53
6032,AXP,2021-11-29,2021-12-13,time_exit,3.15,148.920654296875,154.0526123046875,11,True,308.97,15011.26
6035,HWM,2021-11-30,2021-12-14,time_exit,5.21,27.74514961242676,29.27394676208496,11,True,306.67,15027.24
6036,VLO,2021-11-30,2021-12-14,time_exit,1.57,58.072059631347656,59.15645217895508,11,True,306.67,15032.05
6037,MRK,2021-11-30,2021-12-14,time_exit,-0.95,64.6656723022461,64.24214935302734,11,True,306.67,15029.14
6038,AMZN,2021-11-30,2021-12-14,time_exit,-3.87,175.35350036621094,169.0915069580078,11,True,306.67,15017.27
6040,ETN,2021-12-01,2021-12-15,time_exit,4.52,150.07351684570312,157.31373596191406,11,True,304.16,15031.02
6041,SPGI,2021-12-02,2021-12-16,time_exit,3.14,418.73486328125,433.1416931152344,11,True,302.47,15040.52
6042,COP,2021-12-02,2021-12-16,time_exit,0.32,60.03895950317383,60.40966033935547,11,True,302.47,15041.48
6043,COST,2021-12-02,2021-12-16,time_exit,4.86,498.81732177734375,524.5595092773438,11,True,302.47,15056.18
6044,ISRG,2021-12-02,2021-12-16,time_exit,1.9,327.32000732421875,334.5299987792969,11,True,302.47,15061.93
6045,LLY,2021-12-02,2021-12-16,time_exit,12.27,237.6498870849609,267.5239562988281,11,True,302.47,15099.04
6046,META,2021-12-02,2021-12-16,time_exit,7.6,307.68798828125,331.9846496582031,11,True,302.47,15122.03
6047,QCOM,2021-12-02,2021-12-16,time_exit,0.33,160.259765625,161.27365112304688,11,True,302.47,15123.03
6048,GE,2021-12-02,2021-12-16,time_exit,-3.14,57.972469329833984,56.32880401611328,11,True,302.47,15113.53
6049,MDT,2021-12-02,2021-12-16,time_exit,-5.03,92.1753387451172,87.81919860839844,11,True,302.47,15098.32
6057,ICE,2021-12-03,2021-12-17,time_exit,2.4,122.3003387451172,125.60379791259766,11,True,300.9,15105.54
6058,PWR,2021-12-03,2021-12-17,time_exit,-3.63,111.78074645996094,108.05836486816406,11,True,300.9,15094.62
6059,TSLA,2021-12-06,2021-12-20,time_exit,-11.11,336.336669921875,299.9800109863281,11,True,299.92,15061.3
6060,C,2021-12-06,2021-12-20,time_exit,-7.08,53.091251373291016,49.49069213867188,11,True,299.92,15040.06
6061,CMCSA,2021-12-07,2021-12-21,time_exit,-1.75,39.65402603149414,39.07817459106445,11,True,300.39,15034.8
6062,VZ,2021-12-13,2021-12-28,time_exit,4.55,37.08866500854492,38.88852310180664,11,True,300.23,15048.46
6063,GLW,2021-12-13,2021-12-28,time_exit,0.84,32.79301452636719,33.16595458984375,11,True,300.23,15050.99
6064,UBER,2021-12-13,2021-12-28,time_exit,18.76,35.72999954223633,42.540000915527344,11,True,300.23,15107.31
6065,WMB,2021-12-13,2021-12-28,time_exit,-0.6,21.536062240600582,21.470401763916016,11,True,300.23,15105.51
6066,DASH,2021-12-13,2021-12-28,time_exit,-1.39,155.25,153.55999755859375,11,True,300.23,15101.33
6067,DHR,2021-12-14,2021-12-29,time_exit,5.9,266.3889465332031,282.9178466796875,11,True,300.35,15119.05
6068,ADI,2021-12-14,2021-12-29,time_exit,-0.73,162.77528381347656,162.0735626220703,11,True,300.35,15116.86
6069,HD,2021-12-14,2021-12-29,time_exit,1.85,358.4163818359375,366.1157836914063,11,True,300.35,15122.42
6070,NVDA,2021-12-14,2021-12-29,time_exit,5.57,28.24775695800781,29.906517028808597,11,True,300.35,15139.15
6071,NFLX,2021-12-14,2021-12-29,time_exit,1.8,59.79899978637695,61.05400085449219,11,True,300.35,15144.55
6072,PLTR,2021-12-14,2021-12-29,time_exit,-2.82,18.63999938964844,18.170000076293945,11,True,300.35,15136.08
6073,TXN,2021-12-14,2021-12-29,time_exit,-0.02,166.15786743164062,166.62945556640625,11,True,300.35,15136.02
6074,INTU,2021-12-14,2021-12-29,time_exit,1.04,617.338134765625,625.59228515625,11,True,300.35,15139.15
6075,KKR,2021-12-14,2021-12-29,time_exit,1.7,70.16793060302734,71.5705337524414,11,True,300.35,15144.25
6076,STX,2021-12-14,2021-12-29,time_exit,12.71,88.9677963256836,100.54547119140624,11,True,300.35,15182.43
6077,ADBE,2021-12-14,2021-12-29,time_exit,-7.71,614.8599853515625,569.2899780273438,11,True,300.35,15159.27
6078,AMD,2021-12-14,2021-12-29,time_exit,9.04,135.60000610351562,148.25999450683594,11,True,300.35,15186.42
6079,VLO,2021-12-15,2021-12-30,time_exit,8.55,59.199832916259766,64.43965911865234,11,True,300.62,15212.13
6080,DE,2021-12-15,2021-12-30,time_exit,-0.55,323.0175476074219,322.20233154296875,11,True,300.62,15210.47
6081,WDC,2021-12-15,2021-12-30,time_exit,15.71,42.39847946166992,49.185245513916016,11,True,300.62,15257.7
6082,ABNB,2021-12-15,2021-12-30,time_exit,0.08,168.13999938964844,168.77999877929688,11,True,300.62,15257.94
6083,AMZN,2021-12-15,2021-12-30,time_exit,-2.99,173.31500244140625,168.64450073242188,11,True,300.62,15248.95
6084,APP,2021-12-17,2022-01-03,time_exit,6.79,88.12999725341797,94.37999725341795,11,True,301.89,15269.45
6085,GE,2021-12-17,2022-01-03,time_exit,5.03,55.671348571777344,58.63862228393555,11,True,301.89,15284.64
6086,CRM,2021-12-17,2022-01-03,time_exit,0.7,248.62860107421875,251.1156005859375,11,True,301.89,15286.75
6087,VRT,2021-12-17,2022-01-03,time_exit,1.5,23.845212936401367,24.27333068847656,11,True,301.89,15291.28
6088,HOOD,2021-12-17,2022-01-03,time_exit,-3.76,19.100000381469727,18.440000534057617,11,True,301.89,15279.93
6089,CVX,2021-12-17,2022-01-03,time_exit,4.68,94.04011535644533,98.72557067871094,11,True,301.89,15294.05
6090,MSFT,2021-12-17,2022-01-03,time_exit,3.08,311.3282470703125,321.85650634765625,11,True,301.89,15303.35
6091,BX,2021-12-17,2022-01-03,time_exit,2.43,104.32278442382812,107.16632080078124,11,True,301.89,15310.69
6092,NOW,2021-12-17,2022-01-03,time_exit,2.06,123.1259994506836,126.02799987792967,11,True,301.89,15316.91
6093,PNC,2021-12-17,2022-01-03,time_exit,5.27,165.19168090820312,174.38763427734375,11,True,301.89,15332.82
6094,BA,2021-12-17,2022-01-03,time_exit,7.61,192.6300048828125,207.8600006103516,11,True,301.89,15355.79
6095,KLAC,2021-12-17,2022-01-03,time_exit,10.82,37.39184188842773,41.54977798461914,11,True,301.89,15388.46
6096,XOM,2021-12-17,2022-01-03,time_exit,5.55,51.05586242675781,54.0411376953125,11,True,301.89,15405.21
6097,DELL,2021-12-17,2022-01-03,time_exit,3.96,49.64468765258789,51.76128768920898,11,True,301.89,15417.17
6098,LMT,2021-12-20,2022-01-04,time_exit,6.98,297.618896484375,319.29071044921875,11,True,300.8,15438.16
6099,COP,2021-12-20,2022-01-04,time_exit,12.21,57.79780197143555,65.02974700927734,11,True,300.8,15474.89
6100,MRSH,2021-12-20,2022-01-04,time_exit,-0.98,156.20628356933594,155.138916015625,11,True,300.8,15471.94
6101,GOOGL,2021-12-20,2022-01-04,time_exit,1.67,140.36236572265625,143.13034057617188,11,True,300.8,15476.97
6102,PWR,2021-12-20,2022-01-04,time_exit,7.87,106.64883422851562,115.36508178710938,11,True,300.8,15500.64
6103,GOOG,2021-12-20,2022-01-04,time_exit,1.12,141.15695190429688,143.1543426513672,11,True,300.8,15504.01
6104,UNP,2021-12-20,2022-01-04,time_exit,4.43,216.01878356933597,226.2434539794922,11,True,300.8,15517.33
6105,ADP,2021-12-20,2022-01-04,time_exit,6.58,207.3766326904297,221.65321350097656,11,True,300.8,15537.13
6106,PSX,2021-12-20,2022-01-04,time_exit,12.86,58.58784484863281,66.300537109375,11,True,300.8,15575.81
6107,MAR,2021-12-20,2022-01-04,time_exit,11.95,143.4977264404297,161.07058715820312,11,True,300.8,15611.75
6108,INTC,2021-12-20,2022-01-04,time_exit,6.84,46.00232696533203,49.28557205200195,11,True,300.8,15632.33
6109,BLK,2021-12-20,2022-01-04,time_exit,1.92,802.5618896484375,820.387939453125,11,True,300.8,15638.1
6112,TSLA,2021-12-21,2022-01-05,time_exit,15.64,312.84332275390625,362.7066650390625,11,True,300.7,15685.13
6115,MCO,2022-01-03,2022-01-18,time_exit,-10.51,368.1733703613281,330.5777282714844,11,True,308.34,15652.73
6116,PANW,2022-01-04,2022-01-19,time_exit,-1.14,87.33333587646484,86.60166931152344,11,True,312.76,15649.16
6117,PLTR,2022-01-04,2022-01-19,time_exit,-20.17,18.170000076293945,14.5600004196167,11,True,312.76,15586.08
6118,CRM,2022-01-04,2022-01-19,time_exit,-9.15,244.00852966308597,222.4220123291016,11,True,312.76,15557.46
6119,DHR,2022-01-04,2022-01-19,time_exit,-6.88,266.1808166503906,248.6554718017578,11,True,312.76,15535.94
6120,FTNT,2022-01-04,2022-01-19,time_exit,-4.95,64.4280014038086,61.43199920654297,11,True,312.76,15520.46
6121,CDNS,2022-01-04,2022-01-19,time_exit,-14.39,178.3000030517578,153.1699981689453,11,True,312.76,15475.45
6122,NFLX,2022-01-04,2022-01-19,time_exit,-13.04,59.1150016784668,51.58599853515625,11,True,312.76,15434.67
6123,NOW,2022-01-04,2022-01-19,time_exit,-13.99,120.78800201416016,104.25800323486328,11,True,312.76,15390.91
6124,LLY,2022-01-05,2022-01-20,time_exit,-7.02,249.8928680419922,233.09593200683597,11,True,313.7,15368.89
6125,MRSH,2022-01-06,2022-01-21,time_exit,-6.08,154.71197509765625,145.76467895507812,11,True,313.7,15349.82
6126,SBUX,2022-01-06,2022-01-21,time_exit,-13.64,99.14533233642578,85.91585540771484,11,True,313.7,15307.03
6127,VRT,2022-01-06,2022-01-21,time_exit,-9.1,23.29762077331543,21.246631622314453,11,True,313.7,15278.48
6128,DASH,2022-01-06,2022-01-21,time_exit,-15.11,137.27999877929688,116.9499969482422,11,True,313.7,15231.08
6129,NVDA,2022-01-06,2022-01-21,time_exit,-17.35,28.089262008666992,23.300390243530277,11,True,313.7,15176.65
6130,KKR,2022-01-06,2022-01-21,time_exit,-7.06,67.81426239013672,63.23183441162109,11,True,313.7,15154.51
6131,GOOG,2022-01-06,2022-01-21,time_exit,-5.72,136.348876953125,128.9550323486328,11,True,313.7,15136.56
6132,AMD,2022-01-06,2022-01-21,time_exit,-13.09,136.22999572753906,118.80999755859376,11,True,313.7,15095.5
6133,CRWD,2022-01-06,2022-01-21,time_exit,-12.44,46.872501373291016,41.182498931884766,11,True,313.7,15056.47
6134,APP,2022-01-06,2022-01-21,time_exit,-16.93,82.1500015258789,68.48999786376953,11,True,313.7,15003.36
6135,ICE,2022-01-06,2022-01-21,time_exit,-5.95,125.39659118652344,118.31502532958984,11,True,313.7,14984.7
6136,GOOGL,2022-01-06,2022-01-21,time_exit,-5.67,136.5367889404297,129.20579528808594,11,True,313.7,14966.91
6137,PWR,2022-01-06,2022-01-21,time_exit,-10.96,109.2467269897461,97.60592651367188,11,True,313.7,14932.53
6138,BLK,2022-01-06,2022-01-21,time_exit,-10.86,800.9518432617188,716.3657836914062,11,True,313.7,14898.46
6139,ADBE,2022-01-06,2022-01-21,time_exit,-3.06,514.1199951171875,499.9100036621094,11,True,313.7,14888.86
6140,META,2022-01-06,2022-01-21,time_exit,-9.11,329.5658874511719,300.53094482421875,11,True,313.7,14860.29
6141,TMO,2022-01-06,2022-01-21,time_exit,-6.76,612.315185546875,572.7673950195312,11,True,313.7,14839.08
6142,BX,2022-01-06,2022-01-21,time_exit,-8.17,100.8445281982422,92.90625,11,True,313.7,14813.45
6143,UBER,2022-01-06,2022-01-21,time_exit,-14.79,42.02999877929688,35.939998626708984,11,True,313.7,14767.05
6144,MRVL,2022-01-06,2022-01-21,time_exit,-15.48,84.09547424316406,71.33317565917969,11,True,313.7,14718.49
6145,CSCO,2022-01-06,2022-01-21,time_exit,-7.26,53.64405822753906,49.910457611083984,11,True,313.7,14695.72
6146,ABT,2022-01-06,2022-01-21,time_exit,-6.86,123.09029388427734,115.0146713256836,11,True,313.7,14674.2
6147,REGN,2022-01-06,2022-01-21,time_exit,3.54,592.845458984375,615.5908813476562,11,True,313.7,14685.3
6148,CME,2022-01-07,2022-01-24,time_exit,-0.65,186.62486267089844,185.96974182128903,11,True,313.7,14683.26
6149,AAPL,2022-01-07,2022-01-24,time_exit,-6.43,168.17471313476562,157.86953735351562,11,True,313.7,14663.09
6150,STX,2022-01-07,2022-01-24,time_exit,-12.74,97.0132827758789,84.94780731201172,11,True,313.7,14623.13
6151,NEE,2022-01-07,2022-01-24,time_exit,-5.5,75.87953186035156,71.93670654296875,11,True,313.7,14605.87
6152,LIN,2022-01-07,2022-01-24,time_exit,-6.28,316.3654479980469,297.4369201660156,11,True,313.7,14586.17
6153,SPGI,2022-01-07,2022-01-24,time_exit,-6.75,405.8176574707031,379.6564331054688,11,True,313.7,14565.0
6154,DUK,2022-01-07,2022-01-24,time_exit,-2.14,87.02974700927734,85.43073272705078,11,True,313.7,14558.28
6155,EQIX,2022-01-07,2022-01-24,time_exit,-5.99,704.0160522460938,663.9521484375,11,True,313.7,14539.49
6156,MSFT,2022-01-07,2022-01-24,time_exit,-5.93,301.94415283203125,284.954833984375,11,True,313.7,14520.89
6157,ELV,2022-01-07,2022-01-24,time_exit,3.04,407.2173156738281,420.8009033203125,11,True,313.7,14530.43
6158,ISRG,2022-01-10,2022-01-25,time_exit,-19.16,325.5299987792969,264.1400146484375,11,True,313.7,14470.32
6159,ANET,2022-01-10,2022-01-25,time_exit,-11.39,32.8849983215332,29.237499237060547,11,True,313.7,14434.59
6160,JCI,2022-01-10,2022-01-25,time_exit,-7.21,72.01815795898438,67.03997802734375,11,True,313.7,14411.97
6161,HOOD,2022-01-10,2022-01-25,time_exit,-16.7,15.609999656677246,13.050000190734863,11,True,313.7,14359.58
6162,BKNG,2022-01-10,2022-01-25,time_exit,-4.31,95.03721618652344,91.22303009033205,11,True,313.7,14346.06
6163,APH,2022-01-10,2022-01-25,time_exit,-7.51,39.32196807861328,36.485145568847656,11,True,313.7,14322.5
6164,TSLA,2022-01-10,2022-01-25,time_exit,-13.5,352.7066650390625,306.1333312988281,11,True,313.7,14280.15
6196,CMCSA,2022-01-19,2022-02-02,time_exit,-0.98,40.45318984985352,40.17991638183594,11,True,307.82,14277.14
6197,MNST,2022-01-19,2022-02-02,time_exit,0.25,43.3650016784668,43.60499954223633,11,True,307.82,14277.91
6198,LOW,2022-01-19,2022-02-02,time_exit,1.58,214.5132751464844,218.54397583007807,11,True,307.82,14282.77
6199,NOW,2022-01-20,2022-02-03,time_exit,8.6,103.0,112.16999816894533,11,True,307.38,14309.21
6200,BNY,2022-01-20,2022-02-03,time_exit,1.71,52.61773300170898,53.67681884765625,11,True,307.38,14314.46
6201,COF,2022-01-21,2022-02-04,time_exit,2.31,134.68556213378906,138.20619201660156,11,True,293.71,14321.25
6202,HD,2022-01-21,2022-02-04,time_exit,2.73,311.0968322753906,320.5162048339844,11,True,293.71,14329.26
6203,TJX,2022-01-21,2022-02-04,time_exit,2.25,62.98781204223633,64.59376525878906,11,True,293.71,14335.87
6204,GILD,2022-01-21,2022-02-04,time_exit,-7.03,58.24280548095703,54.32368087768555,11,True,293.71,14315.23
6205,VLO,2022-01-21,2022-02-04,time_exit,10.3,68.78597259521484,76.07571411132812,11,True,293.71,14345.48
6206,SCHW,2022-01-21,2022-02-04,time_exit,2.73,83.6173324584961,86.1483383178711,11,True,293.71,14353.5
6207,GD,2022-01-24,2022-02-07,time_exit,2.13,188.62945556640625,193.22039794921875,11,True,290.61,14359.69
6208,DIS,2022-01-24,2022-02-07,time_exit,3.37,133.27613830566406,138.17245483398438,11,True,290.61,14369.48
6209,AMGN,2022-01-24,2022-02-07,time_exit,-1.43,195.12957763671875,192.9286346435547,11,True,290.61,14365.32
6210,CRWD,2022-01-24,2022-02-07,time_exit,6.62,41.817501068115234,44.709999084472656,11,True,290.61,14384.56
6211,ICE,2022-01-24,2022-02-07,time_exit,1.58,118.01368713378906,120.236083984375,11,True,290.61,14389.15
6212,WFC,2022-01-24,2022-02-07,time_exit,7.7,47.38805770874024,51.18070983886719,11,True,290.61,14411.53
6213,DASH,2022-01-24,2022-02-07,time_exit,-16.87,117.3499984741211,97.91000366210938,11,True,290.61,14362.5
6214,NFLX,2022-01-24,2022-02-07,time_exit,3.56,38.71500015258789,40.209999084472656,11,True,290.61,14372.85
6215,ETN,2022-01-24,2022-02-07,time_exit,-6.89,149.3764190673828,139.53387451171875,11,True,290.61,14352.83
6216,CB,2022-01-24,2022-02-07,time_exit,4.35,184.7030029296875,193.28286743164065,11,True,290.61,14365.47
6217,QCOM,2022-01-24,2022-02-07,time_exit,2.65,153.9590606689453,158.50350952148438,11,True,290.61,14373.17
6218,MDT,2022-01-24,2022-02-07,time_exit,-2.43,90.10794830322266,88.1883773803711,11,True,290.61,14366.11
6219,USB,2022-01-24,2022-02-07,time_exit,4.58,46.40283966064453,48.66539764404297,11,True,290.61,14379.42
6220,CDNS,2022-01-24,2022-02-07,time_exit,-3.56,151.66000366210938,146.72000122070312,11,True,290.61,14369.07
6221,MRSH,2022-01-24,2022-02-07,time_exit,-2.9,146.60931396484375,142.79034423828125,11,True,290.61,14360.64
6222,UBER,2022-01-24,2022-02-07,time_exit,3.17,36.27999877929688,37.540000915527344,11,True,290.61,14369.86
6223,GE,2022-01-24,2022-02-07,time_exit,2.79,59.04683303833008,60.8686408996582,11,True,290.61,14377.96
6224,DELL,2022-01-24,2022-02-07,time_exit,6.09,50.34416580200195,53.55994415283203,11,True,290.61,14395.66
6225,PEP,2022-01-24,2022-02-07,time_exit,-1.18,149.96861267089844,148.65347290039062,11,True,290.61,14392.23
6226,SBUX,2022-01-24,2022-02-07,time_exit,-3.27,87.51263427734375,84.91670989990234,11,True,290.61,14382.73
6227,AMZN,2022-01-24,2022-02-07,time_exit,8.96,144.54400634765625,157.9355010986328,11,True,290.61,14408.77
6228,PNC,2022-01-24,2022-02-07,time_exit,2.44,171.894287109375,176.6019744873047,11,True,290.61,14415.86
6229,VRT,2022-01-24,2022-02-07,time_exit,-1.67,21.8240966796875,21.52541160583496,11,True,290.61,14411.01
6230,PANW,2022-01-24,2022-02-07,time_exit,1.04,84.03500366210938,85.163330078125,11,True,290.61,14414.03
6231,WELL,2022-01-24,2022-02-07,time_exit,-6.45,76.8585433959961,72.13196563720703,11,True,290.61,14395.28
6232,AXP,2022-01-24,2022-02-07,time_exit,17.91,150.306396484375,177.6760711669922,11,True,290.61,14447.33
6233,HWM,2022-01-24,2022-02-07,time_exit,-0.21,32.370994567871094,32.400726318359375,11,True,290.61,14446.72
6234,BMY,2022-01-24,2022-02-07,time_exit,5.42,51.88212585449219,54.84870910644531,11,True,290.61,14462.47
6235,WMB,2022-01-24,2022-02-07,time_exit,8.33,23.202152252197266,25.204742431640625,11,True,290.61,14486.68
6236,MCO,2022-01-24,2022-02-07,time_exit,-2.5,330.2512512207031,322.9855651855469,11,True,290.61,14479.42
6237,LRCX,2022-01-24,2022-02-07,time_exit,-8.41,59.303009033203125,54.49159240722656,11,True,290.61,14454.98
6264,BRK-B,2022-01-25,2022-02-08,time_exit,4.34,307.19000244140625,321.44000244140625,11,True,285.6,14467.37
6265,PM,2022-01-25,2022-02-08,time_exit,1.37,82.9698486328125,84.35889434814453,11,True,285.6,14471.28
6266,CME,2022-01-25,2022-02-08,time_exit,8.55,183.92965698242188,200.2004547119141,11,True,285.6,14495.7
6267,STX,2022-01-25,2022-02-08,time_exit,16.54,82.86697387695312,96.82093811035156,11,True,285.6,14542.94
6268,MRVL,2022-01-25,2022-02-08,time_exit,13.85,65.89592742919922,75.21692657470703,11,True,285.6,14582.5
6269,T,2022-01-25,2022-02-08,time_exit,-9.89,15.584721565246582,14.08981227874756,11,True,285.6,14554.25
6295,REGN,2022-02-02,2022-02-16,time_exit,0.99,617.0272216796875,625.0020751953125,11,True,285.66,14557.08
6296,LIN,2022-02-08,2022-02-23,time_exit,-2.85,281.02032470703125,273.85162353515625,11,True,291.09,14548.78
6297,ETN,2022-02-08,2022-02-23,time_exit,-1.75,140.80715942382812,138.77174377441406,11,True,291.09,14543.69
6298,PFE,2022-02-08,2022-02-23,time_exit,-9.64,40.33349609375,36.56539916992188,11,True,291.09,14515.63
6299,BLK,2022-02-10,2022-02-25,time_exit,-3.81,696.0355224609375,671.5997924804688,11,True,291.09,14504.54
6300,LMT,2022-02-10,2022-02-25,time_exit,5.94,339.9657287597656,361.1876831054688,11,True,291.09,14521.83
6301,CSX,2022-02-11,2022-02-28,time_exit,1.62,31.26572036743164,31.86651611328125,11,True,291.09,14526.54
6302,LLY,2022-02-11,2022-02-28,time_exit,6.17,226.0109405517578,240.63482666015625,11,True,291.09,14544.5
6303,PGR,2022-02-11,2022-02-28,time_exit,-0.55,96.61437225341795,96.3687515258789,11,True,291.09,14542.9
6304,MSFT,2022-02-11,2022-02-28,time_exit,1.18,283.67596435546875,287.8755187988281,11,True,291.09,14546.34
6305,DUK,2022-02-11,2022-02-28,time_exit,1.37,83.07381439208984,84.45952606201172,11,True,291.09,14550.33
6306,MMM,2022-02-11,2022-02-28,time_exit,-6.23,112.87769317626952,106.18943786621094,11,True,291.09,14532.19
6307,CVS,2022-02-11,2022-02-28,time_exit,-0.87,89.29696655273438,88.79154968261719,11,True,291.09,14529.66
6308,TJX,2022-02-14,2022-03-01,time_exit,-6.32,63.71784973144531,59.88485336303711,11,True,291.09,14511.26
6309,ICE,2022-02-14,2022-03-01,time_exit,2.03,117.56165313720705,120.30199432373048,11,True,291.09,14517.17
6310,KLAC,2022-02-14,2022-03-01,time_exit,-8.07,34.96588134765625,32.24931335449219,11,True,291.09,14493.68
6311,PLD,2022-02-14,2022-03-01,time_exit,-0.01,126.93453216552734,127.3013687133789,11,True,291.09,14493.65
6312,MA,2022-02-14,2022-03-01,time_exit,-8.23,364.1916198730469,335.30242919921875,11,True,291.09,14469.7
6313,JCI,2022-02-14,2022-03-01,time_exit,-6.19,61.07903671264648,57.47858810424805,11,True,291.09,14451.68
6314,MRVL,2022-02-14,2022-03-01,time_exit,-4.43,66.61371612548828,63.86065673828125,11,True,291.09,14438.78
6315,LOW,2022-02-14,2022-03-01,time_exit,-2.27,206.5158843994141,202.44862365722656,11,True,291.09,14432.17
6316,TT,2022-02-14,2022-03-01,time_exit,0.1,143.34133911132812,143.91868591308594,11,True,291.09,14432.47
6317,AMAT,2022-02-14,2022-03-01,time_exit,-1.83,126.72113037109376,124.7834014892578,11,True,291.09,14427.14
6318,CDNS,2022-02-14,2022-03-01,time_exit,5.65,142.0800018310547,150.52999877929688,11,True,291.09,14443.59
6319,MO,2022-02-14,2022-03-01,time_exit,2.65,35.32332992553711,36.36701965332031,11,True,291.09,14451.3
6320,SO,2022-02-14,2022-03-01,time_exit,-1.96,55.43172073364258,54.51391220092773,11,True,291.09,14445.59
6321,ADI,2022-02-14,2022-03-01,time_exit,2.13,142.1837158203125,145.63343811035156,11,True,291.09,14451.79
6322,APH,2022-02-14,2022-03-01,time_exit,-1.88,36.14912414550781,35.57792663574219,11,True,291.09,14446.32
6323,KO,2022-02-14,2022-03-01,time_exit,1.83,53.14091873168945,54.27064514160156,11,True,291.09,14451.65
6324,NFLX,2022-02-14,2022-03-01,time_exit,-2.9,39.65700149536133,38.624000549316406,11,True,291.09,14443.21
6325,WM,2022-02-14,2022-03-01,time_exit,3.09,132.06826782226562,136.54905700683594,11,True,291.09,14452.2
6326,HD,2022-02-14,2022-03-01,time_exit,-9.21,313.2890319824219,285.3874816894531,11,True,291.09,14425.39
6327,QCOM,2022-02-14,2022-03-01,time_exit,-1.17,149.487060546875,148.18345642089844,11,True,291.09,14421.99
6328,EQIX,2022-02-14,2022-03-01,time_exit,5.89,608.1170654296875,645.746337890625,11,True,291.09,14439.13
6329,MRK,2022-02-14,2022-03-01,time_exit,-0.47,66.63858032226562,66.52530670166016,11,True,291.09,14437.76
6330,PNC,2022-02-14,2022-03-01,time_exit,-8.8,172.28167724609375,157.6448516845703,11,True,291.09,14412.15
6331,PG,2022-02-14,2022-03-01,time_exit,-2.49,139.44911193847656,136.39747619628906,11,True,291.09,14404.9
6332,SBUX,2022-02-14,2022-03-01,time_exit,-4.05,83.96651458740234,80.81945037841797,11,True,291.09,14393.11
6333,ANET,2022-02-14,2022-03-01,time_exit,-4.32,30.70499992370605,29.46999931335449,11,True,291.09,14380.54
6334,STX,2022-02-14,2022-03-01,time_exit,-5.49,92.79034423828124,87.97291564941406,11,True,291.09,14364.56
6335,LRCX,2022-02-14,2022-03-01,time_exit,-3.47,53.24033737182617,51.55419158935547,11,True,291.09,14354.46
6336,AAPL,2022-02-14,2022-03-01,time_exit,-3.66,165.17123413085938,159.6160125732422,11,True,291.09,14343.8
6337,CRM,2022-02-14,2022-03-01,time_exit,0.91,202.889892578125,205.3375396728516,11,True,291.09,14346.45
6338,ADBE,2022-02-14,2022-03-01,time_exit,-1.85,474.010009765625,466.6799926757813,11,True,291.09,14341.07
6339,META,2022-02-14,2022-03-01,time_exit,-6.83,215.80490112304688,201.71859741210935,11,True,291.09,14321.18
6340,MNST,2022-02-14,2022-03-01,time_exit,0.5,41.28499984741211,41.6150016784668,11,True,291.09,14322.64
6341,TMO,2022-02-15,2022-03-02,time_exit,-0.34,549.4155883789062,549.1986083984375,11,True,291.09,14321.65
6342,INTU,2022-02-15,2022-03-02,time_exit,-8.22,510.0973510742188,469.7170715332031,11,True,291.09,14297.72
6343,DHR,2022-02-15,2022-03-02,time_exit,1.72,233.0966644287109,237.8006896972656,11,True,291.09,14302.73
6344,GS,2022-02-16,2022-03-03,time_exit,-7.15,320.6434326171875,298.6783752441406,11,True,291.14,14281.91
6345,ABT,2022-02-16,2022-03-03,time_exit,-2.49,113.04948425292967,110.57241821289062,11,True,291.14,14274.66
6388,DASH,2022-02-23,2022-03-09,time_exit,1.12,90.5500030517578,91.83999633789062,11,True,290.31,14277.91
6389,MS,2022-02-23,2022-03-09,time_exit,-6.87,80.89124298095703,75.57344055175781,11,True,290.31,14257.97
6424,COF,2022-03-02,2022-03-16,time_exit,-2.68,130.29153442382812,127.191162109375,11,True,286.05,14250.3
6425,MA,2022-03-02,2022-03-16,time_exit,-0.13,334.9227905273437,335.4969482421875,11,True,286.05,14249.93
6426,LIN,2022-03-04,2022-03-18,time_exit,10.89,264.763671875,294.3799743652344,11,True,285.49,14281.02
6427,KLAC,2022-03-04,2022-03-18,time_exit,9.62,31.80022621154785,34.95535659790039,11,True,285.49,14308.49
6428,JPM,2022-03-04,2022-03-18,time_exit,3.94,120.02523803710938,125.1156005859375,11,True,285.49,14319.74
6429,MCD,2022-03-04,2022-03-18,time_exit,1.02,212.21994018554688,215.018798828125,11,True,285.49,14322.65
6430,GS,2022-03-04,2022-03-18,time_exit,4.47,295.31915283203125,309.3921813964844,11,True,285.49,14335.41
6431,DELL,2022-03-07,2022-03-21,time_exit,5.76,44.81193923950195,47.52808380126953,11,True,285.49,14351.85
6432,C,2022-03-07,2022-03-21,time_exit,2.27,47.54396057128906,48.767860412597656,11,True,285.49,14358.33
6433,KKR,2022-03-08,2022-03-22,time_exit,14.78,50.33198547363281,57.91981887817383,11,True,285.49,14400.53
6434,LRCX,2022-03-08,2022-03-22,time_exit,11.56,46.7666130065918,52.31183624267578,11,True,285.49,14433.53
6435,TJX,2022-03-08,2022-03-22,time_exit,1.58,56.22990417480469,57.28890609741211,11,True,285.49,14438.04
6436,APP,2022-03-08,2022-03-22,time_exit,20.49,45.7400016784668,55.25,11,True,285.49,14496.54
6437,VRT,2022-03-08,2022-03-22,time_exit,31.4,10.145415306091309,13.361283302307127,11,True,285.49,14586.19
6438,NVDA,2022-03-08,2022-03-22,time_exit,22.99,21.449899673461918,26.444976806640625,11,True,285.49,14651.82
6439,META,2022-03-08,2022-03-22,time_exit,13.55,188.63348388671875,214.76405334472656,11,True,285.49,14690.51
6440,AXP,2022-03-08,2022-03-22,time_exit,19.24,151.36563110351562,180.9483184814453,11,True,285.49,14745.43
6441,ADI,2022-03-08,2022-03-22,time_exit,10.64,137.811279296875,152.88958740234375,11,True,285.49,14775.81
6442,QCOM,2022-03-08,2022-03-22,time_exit,4.24,137.0476531982422,143.27464294433594,11,True,285.49,14787.92
6443,UPS,2022-03-08,2022-03-22,time_exit,7.08,162.54335021972656,174.53773498535156,11,True,285.49,14808.13
6444,AMD,2022-03-08,2022-03-22,time_exit,8.47,105.52999877929688,114.77999877929688,11,True,285.49,14832.31
6445,DHR,2022-03-08,2022-03-22,time_exit,13.94,222.874267578125,254.6070251464844,11,True,285.49,14872.11
6446,MSFT,2022-03-08,2022-03-22,time_exit,9.93,265.7735595703125,292.9530334472656,11,True,285.49,14900.46
6447,BAC,2022-03-08,2022-03-22,time_exit,14.19,34.65169906616211,39.67121124267578,11,True,285.49,14940.97
6448,MRVL,2022-03-08,2022-03-22,time_exit,10.35,63.42803192138672,70.18281555175781,11,True,285.49,14970.52
6449,INTU,2022-03-08,2022-03-22,time_exit,7.34,427.3942260742188,460.04248046875,11,True,285.49,14991.47
6450,BKNG,2022-03-08,2022-03-22,time_exit,15.62,74.40077209472656,86.24635314941406,11,True,285.49,15036.07
6451,AMAT,2022-03-08,2022-03-22,time_exit,8.83,119.52671813964844,130.43478393554688,11,True,285.49,15061.28
6452,USB,2022-03-08,2022-03-22,time_exit,6.78,43.4950065612793,46.574363708496094,11,True,285.49,15080.63
6453,MU,2022-03-08,2022-03-22,time_exit,2.24,75.42709350585938,77.34308624267578,11,True,285.49,15087.03
6454,STX,2022-03-09,2022-03-23,time_exit,1.58,79.02873992919922,80.51810455322266,11,True,285.16,15091.53
6455,BNY,2022-03-10,2022-03-24,time_exit,3.78,44.16390228271485,45.965797424316406,11,True,285.16,15102.31
6456,MCO,2022-03-10,2022-03-24,time_exit,4.64,302.04327392578125,316.9530334472656,11,True,285.16,15115.54
6457,CMCSA,2022-03-11,2022-03-25,time_exit,4.39,36.18523406982422,37.88116455078125,11,True,285.16,15128.06
6458,GOOGL,2022-03-14,2022-03-28,time_exit,12.01,124.84397888183594,140.21221923828125,11,True,285.16,15162.31
6459,PANW,2022-03-14,2022-03-28,time_exit,18.72,87.55166625976562,104.20833587646484,11,True,285.16,15215.69
6460,SYK,2022-03-14,2022-03-28,time_exit,9.57,234.56114196777344,257.7167358398437,11,True,285.16,15242.98
6461,EQIX,2022-03-14,2022-03-28,time_exit,6.62,623.7179565429688,666.8927612304688,11,True,285.16,15261.86
6462,MO,2022-03-14,2022-03-28,time_exit,4.42,35.640663146972656,37.322566986083984,11,True,285.16,15274.46
6463,PM,2022-03-14,2022-03-28,time_exit,3.86,72.77528381347656,75.80162048339844,11,True,285.16,15285.47
6464,PSX,2022-03-14,2022-03-28,time_exit,4.84,66.7529525756836,70.1814193725586,11,True,285.16,15299.27
6465,FTNT,2022-03-14,2022-03-28,time_exit,22.61,55.0880012512207,67.70600128173828,11,True,285.16,15363.75
6466,FCX,2022-03-15,2022-03-29,time_exit,12.82,41.551979064941406,47.0040397644043,11,True,285.16,15400.3
6467,HOOD,2022-03-15,2022-03-29,time_exit,43.81,11.039999961853027,15.90999984741211,11,True,285.16,15525.23
6468,INTC,2022-03-15,2022-03-29,time_exit,16.3,41.87635803222656,48.82926940917969,11,True,285.16,15571.71
6469,VZ,2022-03-15,2022-03-29,time_exit,-3.16,39.38691711425781,38.25965881347656,11,True,285.16,15562.7
6470,PLTR,2022-03-15,2022-03-29,time_exit,31.55,10.770000457763672,14.199999809265137,11,True,285.16,15652.67
6471,MPC,2022-03-15,2022-03-29,time_exit,11.45,67.64234161376953,75.5885009765625,11,True,285.16,15685.32
6472,WMB,2022-03-15,2022-03-29,time_exit,7.43,25.81314468383789,27.80900001525879,11,True,285.16,15706.51
6475,RTX,2022-03-16,2022-03-30,time_exit,4.95,87.03142547607422,91.60104370117188,11,True,285.0,15720.61
6476,XOM,2022-03-16,2022-03-30,time_exit,8.6,66.15473937988281,72.04529571533203,11,True,285.0,15745.12
6477,HCA,2022-03-18,2022-04-01,time_exit,-4.11,251.4674072265625,241.8883514404297,11,True,286.71,15733.34
6478,CSCO,2022-03-24,2022-04-07,time_exit,0.62,47.990821838378906,48.43472671508789,11,True,302.31,15735.22
6479,LOW,2022-03-24,2022-04-07,time_exit,-7.84,200.31903076171875,185.2107696533203,11,True,302.31,15711.51
6480,TJX,2022-03-24,2022-04-07,time_exit,1.8,56.295509338378906,57.47634506225586,11,True,302.31,15716.96
6481,TMUS,2022-03-25,2022-04-08,time_exit,6.58,118.17572784423828,126.3051528930664,11,True,302.56,15736.86
6482,GE,2022-03-28,2022-04-11,time_exit,-2.83,56.105560302734375,54.68461608886719,11,True,307.27,15728.17
6483,COF,2022-03-28,2022-04-11,time_exit,-1.82,122.9557113647461,121.09178161621094,11,True,307.27,15722.58
6484,CVS,2022-03-29,2022-04-12,time_exit,-0.34,89.67389678955078,89.6396484375,11,True,314.13,15721.51
6485,WFC,2022-03-30,2022-04-13,time_exit,-3.43,44.735130310058594,43.33353805541992,11,True,314.9,15710.71
6486,C,2022-03-30,2022-04-13,time_exit,-9.07,47.04754638671875,42.92221832275391,11,True,314.9,15682.15
6487,HD,2022-03-30,2022-04-13,time_exit,0.34,276.5397033691406,278.29693603515625,11,True,314.9,15683.22
6488,PFE,2022-03-30,2022-04-13,time_exit,0.96,40.91080474853516,41.42569732666016,11,True,314.9,15686.24
6489,ETN,2022-04-01,2022-04-18,time_exit,-7.64,141.8659210205078,131.44627380371094,11,True,314.67,15662.2
6490,GS,2022-04-01,2022-04-18,time_exit,-0.4,295.81182861328125,295.5072631835937,11,True,314.67,15660.94
6491,LRCX,2022-04-01,2022-04-18,time_exit,-10.75,50.272979736328125,45.02036666870117,11,True,314.67,15627.11
6492,DIS,2022-04-01,2022-04-18,time_exit,-7.04,132.83016967773438,123.8810806274414,11,True,314.67,15604.96
6493,CME,2022-04-01,2022-04-18,time_exit,-1.79,199.77883911132807,196.79653930664065,11,True,314.67,15599.33
6494,MU,2022-04-01,2022-04-18,time_exit,-6.78,74.46910095214844,69.6470947265625,11,True,314.67,15577.99
6495,UNP,2022-04-01,2022-04-18,time_exit,-7.16,234.50511169433597,218.41197204589844,11,True,314.67,15555.46
6496,WDC,2022-04-01,2022-04-18,time_exit,-2.59,36.409271240234375,35.57408905029297,11,True,314.67,15547.31
6497,STX,2022-04-01,2022-04-18,time_exit,-8.25,78.76522827148438,72.50241088867188,11,True,314.67,15521.35
6498,UPS,2022-04-04,2022-04-19,time_exit,-7.38,163.981689453125,152.37889099121094,11,True,314.67,15498.13
6499,PNC,2022-04-04,2022-04-19,time_exit,-2.1,153.95616149902344,151.1800537109375,11,True,314.67,15491.52
6500,PH,2022-04-04,2022-04-19,time_exit,-0.72,268.49627685546875,267.37176513671875,11,True,314.67,15489.26
6501,JPM,2022-04-04,2022-04-19,time_exit,-3.11,121.37372589111328,117.96398162841795,11,True,314.67,15479.47
6502,CSX,2022-04-04,2022-04-19,time_exit,-1.2,33.464073181152344,33.163352966308594,11,True,314.67,15475.7
6503,DE,2022-04-04,2022-04-19,time_exit,4.58,394.2527160644531,413.4907531738281,11,True,314.67,15490.11
6504,BNY,2022-04-04,2022-04-19,time_exit,-6.34,43.73109436035156,41.0900993347168,11,True,314.67,15470.16
6505,USB,2022-04-04,2022-04-19,time_exit,0.12,43.36384201049805,43.54500579833984,11,True,314.67,15470.53
6506,MMM,2022-04-04,2022-04-19,time_exit,0.08,106.81807708740234,107.22526550292967,11,True,314.67,15470.79
6507,BAC,2022-04-04,2022-04-19,time_exit,-3.39,36.66310501098633,35.53168869018555,11,True,314.67,15460.12
6508,TT,2022-04-04,2022-04-19,time_exit,-3.04,146.3391571044922,142.32777404785156,11,True,314.67,15450.55
6509,MS,2022-04-04,2022-04-19,time_exit,1.57,75.46966552734375,76.8791275024414,11,True,314.67,15455.49
6510,BRK-B,2022-04-05,2022-04-20,time_exit,0.87,344.79998779296875,348.82000732421875,11,True,314.67,15458.23
6511,ADI,2022-04-05,2022-04-20,time_exit,0.58,148.4449920654297,149.7440185546875,11,True,314.67,15460.06
6512,AXP,2022-04-05,2022-04-20,time_exit,1.64,175.34011840820312,178.74000549316406,11,True,314.67,15465.22
6513,ICE,2022-04-05,2022-04-20,time_exit,-5.42,123.2795639038086,116.9706039428711,11,True,314.67,15448.16
6514,APH,2022-04-05,2022-04-20,time_exit,-2.79,35.80083465576172,34.9105110168457,11,True,314.67,15439.38
6515,AMD,2022-04-05,2022-04-20,time_exit,-12.28,106.81999969482422,94.0199966430664,11,True,314.67,15400.74
6516,KKR,2022-04-05,2022-04-20,time_exit,0.48,55.34881210327149,55.78213119506836,11,True,314.67,15402.25
6517,HOOD,2022-04-06,2022-04-21,time_exit,-16.85,12.510000228881836,10.4399995803833,11,True,314.67,15349.23
6518,DHR,2022-04-06,2022-04-21,time_exit,-4.13,250.86724853515625,241.25152587890625,11,True,314.67,15336.23
6519,IBM,2022-04-06,2022-04-21,time_exit,7.78,109.58954620361328,118.4488525390625,11,True,314.67,15360.72
6520,APP,2022-04-06,2022-04-21,time_exit,-18.07,52.43999862670898,43.119998931884766,11,True,314.67,15303.86
6521,CRWD,2022-04-06,2022-04-21,time_exit,-0.95,52.80500030517578,52.462501525878906,11,True,314.67,15300.87
6522,ABNB,2022-04-06,2022-04-21,time_exit,-4.4,164.66000366210938,157.91000366210938,11,True,314.67,15287.02
6523,KLAC,2022-04-06,2022-04-21,time_exit,-2.7,32.963645935058594,32.17271041870117,11,True,314.67,15278.53
6524,TXN,2022-04-06,2022-04-21,time_exit,-0.31,155.81285095214844,155.79530334472656,11,True,314.67,15277.55
6525,FCX,2022-04-06,2022-04-21,time_exit,-6.48,45.099098205566406,42.31293487548828,11,True,314.67,15257.16
6526,HCA,2022-04-06,2022-04-21,time_exit,7.27,241.6279144287109,259.9178466796875,11,True,314.67,15280.04
6527,NFLX,2022-04-06,2022-04-21,time_exit,-41.06,36.834999084472656,21.82200050354004,11,True,314.67,15150.83
6535,RTX,2022-04-07,2022-04-22,time_exit,-0.79,91.73731231689452,91.29216766357422,11,True,314.34,15148.35
6536,AAPL,2022-04-07,2022-04-22,time_exit,-6.31,168.35963439941406,158.23695373535156,11,True,314.34,15128.52
6537,GOOGL,2022-04-07,2022-04-22,time_exit,-12.26,134.6941375732422,118.58399200439452,11,True,314.34,15089.98
6551,ORCL,2022-04-08,2022-04-25,time_exit,-5.19,76.50758361816406,72.76444244384766,11,True,314.74,15073.64
6553,DELL,2022-04-11,2022-04-26,time_exit,-0.54,42.6499137878418,42.54617691040039,11,True,314.45,15071.94
6559,NEE,2022-04-12,2022-04-27,time_exit,-12.96,74.07462310791016,64.69719696044922,11,True,314.43,15031.19
6562,GLW,2022-04-13,2022-04-28,time_exit,7.17,30.277606964111328,32.539268493652344,11,True,313.72,15053.69
6563,TSLA,2022-04-13,2022-04-28,time_exit,-14.47,340.7900085449219,292.5033264160156,11,True,313.72,15008.29
6564,SPGI,2022-04-13,2022-04-28,time_exit,-2.76,360.6938171386719,351.8108825683594,11,True,313.72,14999.63
6565,ABBV,2022-04-13,2022-04-28,time_exit,-1.96,136.44378662109375,134.17762756347656,11,True,313.72,14993.48
6573,ISRG,2022-04-18,2022-05-02,time_exit,-13.21,276.3500061035156,240.66000366210935,11,True,310.43,14952.48
6574,DASH,2022-04-18,2022-05-02,time_exit,-20.51,103.0999984741211,82.26000213623047,11,True,310.43,14888.81
6575,WM,2022-04-18,2022-05-02,time_exit,0.35,147.81605529785156,148.7796630859375,11,True,310.43,14889.89
6576,ADP,2022-04-18,2022-05-02,time_exit,-3.77,206.4474639892578,199.2873077392578,11,True,310.43,14878.19
6577,FTNT,2022-04-18,2022-05-02,time_exit,-11.92,66.08399963378906,58.40399932861328,11,True,310.43,14841.19
6578,AMAT,2022-04-18,2022-05-02,time_exit,-1.95,110.5923080444336,108.76307678222656,11,True,310.43,14835.14
6579,CDNS,2022-04-18,2022-05-02,time_exit,-0.38,150.61000061035156,150.49000549316406,11,True,310.43,14833.96
6580,CME,2022-04-19,2022-05-03,time_exit,-6.68,195.0138702392578,182.56829833984372,11,True,309.11,14813.31
6581,TMUS,2022-04-19,2022-05-03,time_exit,-5.26,126.3051528930664,120.039306640625,11,True,309.11,14797.05
6582,NOW,2022-04-19,2022-05-03,time_exit,-6.63,102.87999725341795,96.37200164794922,11,True,309.11,14776.55
6583,PGR,2022-04-19,2022-05-03,time_exit,0.67,101.20618438720705,102.18955993652344,11,True,309.11,14778.63
6584,PFE,2022-04-20,2022-05-04,time_exit,-0.48,38.81221389770508,38.742000579833984,11,True,308.05,14777.15
6585,SCHW,2022-04-21,2022-05-05,time_exit,-4.97,68.82997131347656,65.6172103881836,11,True,303.02,14762.09
6586,NFLX,2022-04-22,2022-05-06,time_exit,-16.33,21.552000045776367,18.097000122070312,11,True,301.8,14712.8
6587,DE,2022-04-22,2022-05-06,time_exit,-6.77,381.1440124511719,356.48492431640625,11,True,301.8,14692.37
6588,LOW,2022-04-22,2022-05-06,time_exit,-2.72,180.8394775390625,176.46209716796875,11,True,301.8,14684.16
6589,HOOD,2022-04-22,2022-05-06,time_exit,-1.66,10.260000228881836,10.119999885559082,11,True,301.8,14679.15
6590,LMT,2022-04-22,2022-05-06,time_exit,0.52,395.91302490234375,399.1456909179688,11,True,301.8,14680.72
6591,GOOG,2022-04-25,2022-05-09,time_exit,-8.55,122.17283630371094,112.09567260742188,11,True,301.47,14654.95
6592,MSFT,2022-04-25,2022-05-09,time_exit,-6.05,270.4656066894531,254.9151763916016,11,True,301.47,14636.71
6593,KKR,2022-04-25,2022-05-09,time_exit,-6.22,51.034915924072266,48.01133728027344,11,True,301.47,14617.95
6594,CAT,2022-04-25,2022-05-09,time_exit,-5.1,201.8746490478516,192.1768341064453,11,True,301.47,14602.58
6595,MRVL,2022-04-25,2022-05-09,time_exit,-11.77,59.72599029541016,52.87653732299805,11,True,301.47,14567.1
6596,UNH,2022-04-25,2022-05-09,time_exit,-7.52,484.9229736328125,449.9136352539063,11,True,301.47,14544.43
6597,HCA,2022-04-25,2022-05-09,time_exit,6.16,203.06082153320312,216.18020629882807,11,True,301.47,14563.0
6598,LLY,2022-04-25,2022-05-09,time_exit,1.11,274.5711364746094,278.45098876953125,11,True,301.47,14566.34
6599,AVGO,2022-04-25,2022-05-09,time_exit,-4.55,54.62357711791992,52.30439758300781,11,True,301.47,14552.63
6600,PLTR,2022-04-25,2022-05-09,time_exit,-38.7,12.109999656677246,7.460000038146973,11,True,301.47,14435.96
6601,GE,2022-04-25,2022-05-09,time_exit,-19.11,54.81268310546875,44.500247955322266,11,True,301.47,14378.34
6602,PWR,2022-04-25,2022-05-09,time_exit,-9.28,119.91798400878906,109.1455307006836,11,True,301.47,14350.37
6603,MU,2022-04-25,2022-05-09,time_exit,-3.42,68.63885498046875,66.49510955810547,11,True,301.47,14340.06
6604,V,2022-04-25,2022-05-09,time_exit,-8.37,202.83041381835935,186.45523071289065,11,True,301.47,14314.82
6605,USB,2022-04-25,2022-05-09,time_exit,-3.05,41.86513137817383,40.71227264404297,11,True,301.47,14305.63
6606,APH,2022-04-25,2022-05-09,time_exit,-2.59,34.02980422973633,33.25016021728516,11,True,301.47,14297.82
6607,ABNB,2022-04-25,2022-05-09,time_exit,-24.94,158.38999938964844,119.37000274658205,11,True,301.47,14222.63
6608,MCD,2022-04-25,2022-05-09,time_exit,-2.43,227.58230590820312,222.7314910888672,11,True,301.47,14215.31
6609,BA,2022-04-25,2022-05-09,time_exit,-24.52,175.91000366210938,133.30999755859375,11,True,301.47,14141.39
6610,AAPL,2022-04-25,2022-05-09,time_exit,-6.81,159.30300903320312,148.93914794921875,11,True,301.47,14120.86
6611,GOOGL,2022-04-25,2022-05-09,time_exit,-8.88,121.99226379394533,111.52210998535156,11,True,301.47,14094.09
6612,WMB,2022-04-25,2022-05-09,time_exit,2.18,28.19154357910156,28.89009666442871,11,True,301.47,14100.66
6613,BNY,2022-04-25,2022-05-09,time_exit,-2.14,39.19104766845703,38.46879196166992,11,True,301.47,14094.21
6614,BAC,2022-04-25,2022-05-09,time_exit,-2.77,33.484375,32.65826416015625,11,True,301.47,14085.86
6615,BMY,2022-04-25,2022-05-09,time_exit,-0.01,63.48427581787109,63.66790390014648,11,True,301.47,14085.83
6656,RTX,2022-04-26,2022-05-10,time_exit,-7.86,90.11116027832033,83.29761505126953,11,True,301.44,14062.13
6659,ADBE,2022-04-27,2022-05-11,time_exit,-4.97,397.8999938964844,379.3299865722656,11,True,300.62,14047.19
6670,BLK,2022-04-28,2022-05-12,time_exit,-8.07,586.1234741210938,540.591064453125,11,True,299.87,14022.99
6671,C,2022-04-28,2022-05-12,time_exit,-6.26,42.81095886230469,40.26011276245117,11,True,299.87,14004.22
6672,MRSH,2022-04-28,2022-05-12,time_exit,-9.47,160.41903686523438,145.71401977539062,11,True,299.87,13975.82
6673,MO,2022-04-28,2022-05-12,time_exit,-5.79,39.59650421142578,37.42299270629883,11,True,299.87,13958.46
6675,ACN,2022-05-02,2022-05-16,time_exit,-6.35,282.79656982421875,265.68585205078125,11,True,296.68,13939.62
6676,VZ,2022-05-02,2022-05-16,time_exit,5.78,34.93231201171875,37.05560302734375,11,True,296.68,13956.77
6677,PANW,2022-05-02,2022-05-16,time_exit,-18.44,95.3249969482422,78.02999877929688,11,True,296.68,13902.06
6678,BKNG,2022-05-02,2022-05-16,time_exit,-7.0,85.89226531982422,80.13809967041016,11,True,296.68,13881.29
6679,PNC,2022-05-02,2022-05-16,time_exit,-7.62,142.25613403320312,131.83782958984375,11,True,296.68,13858.69
6680,INTU,2022-05-02,2022-05-16,time_exit,-16.09,413.271240234375,348.0203857421875,11,True,296.68,13810.95
6681,NEM,2022-05-02,2022-05-16,time_exit,-9.79,64.22166442871094,58.12899017333984,11,True,296.68,13781.91
6684,PG,2022-05-03,2022-05-17,time_exit,-1.28,139.75729370117188,138.388427734375,11,True,295.57,13778.12
6685,ISRG,2022-05-04,2022-05-18,time_exit,-12.87,246.30999755859372,215.3500061035156,11,True,295.54,13740.09
6686,SPGI,2022-05-04,2022-05-18,time_exit,-9.69,331.5787658691406,300.4522705078125,11,True,295.54,13711.45
6687,DASH,2022-05-04,2022-05-18,time_exit,-22.36,81.63999938964844,63.630001068115234,11,True,295.54,13645.36
6688,PLD,2022-05-04,2022-05-18,time_exit,-21.81,133.6788787841797,104.9293441772461,11,True,295.54,13580.91
6690,CME,2022-05-05,2022-05-19,time_exit,-11.14,177.66171264648438,158.4019012451172,11,True,295.24,13548.02
6691,CRM,2022-05-06,2022-05-20,time_exit,-6.22,166.81402587890625,156.93495178222656,11,True,293.61,13529.75
6692,NOW,2022-05-06,2022-05-20,time_exit,-5.49,91.3479995727539,86.60600280761719,11,True,293.61,13513.63
6693,DHR,2022-05-06,2022-05-20,time_exit,0.73,216.1067047119141,218.32640075683597,11,True,293.61,13515.78
6694,CSCO,2022-05-06,2022-05-20,time_exit,-13.25,43.73576736450195,38.07041549682617,11,True,293.61,13476.87
6695,ADP,2022-05-06,2022-05-20,time_exit,-4.13,197.1246490478516,189.58279418945312,11,True,293.61,13464.75
6699,LOW,2022-05-09,2022-05-23,time_exit,-5.31,179.93099975585938,170.91928100585938,11,True,281.72,13449.79
6700,WMT,2022-05-09,2022-05-23,time_exit,-19.27,47.92719268798828,38.833343505859375,11,True,281.72,13395.5
6701,HD,2022-05-10,2022-05-24,time_exit,-1.41,261.0300598144531,258.1253356933594,11,True,281.24,13391.54
6702,AMAT,2022-05-10,2022-05-24,time_exit,-0.85,103.1886749267578,102.62063598632812,11,True,281.24,13389.15
6703,ELV,2022-05-10,2022-05-24,time_exit,2.96,459.3677062988281,474.3602600097656,11,True,281.24,13397.47
6704,CRWD,2022-05-10,2022-05-24,time_exit,-8.21,37.970001220703125,34.967498779296875,11,True,281.24,13374.38
6705,PWR,2022-05-10,2022-05-24,time_exit,3.36,111.12313842773438,115.18766784667967,11,True,281.24,13383.83
6706,APH,2022-05-10,2022-05-24,time_exit,-0.37,33.22609329223633,33.2020378112793,11,True,281.24,13382.79
6707,V,2022-05-10,2022-05-24,time_exit,4.57,187.0155334472656,196.13253784179688,11,True,281.24,13395.64
6708,DIS,2022-05-10,2022-05-24,time_exit,-5.96,104.4025650024414,98.49793243408205,11,True,281.24,13378.88
6709,MDT,2022-05-10,2022-05-24,time_exit,4.96,87.25350189208984,91.84626770019533,11,True,281.24,13392.83
6710,GE,2022-05-10,2022-05-24,time_exit,1.35,44.70759201049805,45.44549560546875,11,True,281.24,13396.63
6711,BAC,2022-05-10,2022-05-24,time_exit,-0.61,32.11051940917969,32.011749267578125,11,True,281.24,13394.91
6712,GS,2022-05-10,2022-05-24,time_exit,2.61,273.2734375,281.2371520996094,11,True,281.24,13402.25
6713,FCX,2022-05-10,2022-05-24,time_exit,3.61,33.953887939453125,35.28116989135742,11,True,281.24,13412.4
6714,TSLA,2022-05-10,2022-05-24,time_exit,-21.78,266.67999267578125,209.3866729736328,11,True,281.24,13351.15
6715,NFLX,2022-05-10,2022-05-24,time_exit,1.21,17.766000747680664,18.03400039672852,11,True,281.24,13354.55
6716,DE,2022-05-10,2022-05-24,time_exit,-7.9,344.4811706542969,318.30157470703125,11,True,281.24,13332.33
6717,AMZN,2022-05-10,2022-05-24,time_exit,-4.67,108.85900115966795,104.0999984741211,11,True,281.24,13319.2
6718,JCI,2022-05-10,2022-05-24,time_exit,-0.79,47.2813720703125,47.05050277709961,11,True,281.24,13316.98
6719,CAT,2022-05-10,2022-05-24,time_exit,1.01,189.1026306152344,191.5806121826172,11,True,281.24,13319.82
6720,AXP,2022-05-10,2022-05-24,time_exit,-4.13,153.48348999023438,147.6032257080078,11,True,281.24,13308.2
6721,WM,2022-05-10,2022-05-24,time_exit,0.11,146.824462890625,147.4325408935547,11,True,281.24,13308.51
6722,JPM,2022-05-10,2022-05-24,time_exit,5.98,106.96109771728516,113.68157958984376,11,True,281.24,13325.33
6723,BRK-B,2022-05-10,2022-05-24,time_exit,-1.38,312.5299987792969,309.1700134277344,11,True,281.24,13321.45
6735,WELL,2022-05-11,2022-05-25,time_exit,2.67,78.29170989990234,80.61382293701172,11,True,280.94,13328.95
6744,MCD,2022-05-12,2022-05-26,time_exit,1.3,219.7616271972656,223.271484375,11,True,279.17,13332.58
6745,INTC,2022-05-12,2022-05-26,time_exit,1.19,40.3517951965332,40.95462417602539,11,True,279.17,13335.9
6746,TT,2022-05-12,2022-05-26,time_exit,1.47,127.78414916992188,130.0465087890625,11,True,279.17,13340.01
6747,TXN,2022-05-12,2022-05-26,time_exit,4.66,146.8271484375,154.1110076904297,11,True,279.17,13353.02
6770,BLK,2022-05-16,2022-05-31,time_exit,11.47,538.9701538085938,602.4295043945312,11,True,275.64,13384.63
6771,CVS,2022-05-19,2022-06-03,time_exit,1.59,80.20182800292969,81.71733856201172,11,True,270.96,13388.94
6772,PNC,2022-05-19,2022-06-03,time_exit,11.69,131.3963165283203,147.1468963623047,11,True,270.96,13420.62
6773,ACN,2022-05-19,2022-06-03,time_exit,11.15,254.0248565673828,283.1215515136719,11,True,270.96,13450.83
6774,MMM,2022-05-19,2022-06-03,time_exit,-0.97,106.0431137084961,105.3287353515625,11,True,270.96,13448.2
6775,PLD,2022-05-19,2022-06-03,time_exit,6.27,105.0961456298828,111.99603271484376,11,True,270.96,13465.19
6776,PANW,2022-05-19,2022-06-03,time_exit,17.16,72.72833251953125,85.43000030517578,11,True,270.96,13511.69
6777,CB,2022-05-19,2022-06-03,time_exit,1.98,192.9585876464844,197.3594970703125,11,True,270.96,13517.05
6778,MAR,2022-05-19,2022-06-03,time_exit,10.98,150.7346954345703,167.74441528320312,11,True,270.96,13546.8
6779,QCOM,2022-05-20,2022-06-06,time_exit,6.98,119.6303482055664,128.33836364746094,11,True,269.29,13565.6
6780,IBM,2022-05-20,2022-06-06,time_exit,10.91,110.13882446289062,122.48316192626952,11,True,269.29,13594.98
6781,PG,2022-05-20,2022-06-06,time_exit,2.19,126.85606384277344,130.0142822265625,11,True,269.29,13600.88
6782,AVGO,2022-05-20,2022-06-06,time_exit,3.02,50.47116088867188,52.147369384765625,11,True,269.29,13609.01
6783,KO,2022-05-20,2022-06-06,time_exit,2.8,53.812442779541016,55.48028945922852,11,True,269.29,13616.55
6784,MRSH,2022-05-20,2022-06-06,time_exit,5.13,139.99647521972656,147.59181213378906,11,True,269.29,13630.36
6785,ABBV,2022-05-20,2022-06-06,time_exit,-3.27,129.62802124023438,125.78237915039062,11,True,269.29,13621.56
6786,UNP,2022-05-20,2022-06-06,time_exit,5.75,192.6665802001953,204.3220367431641,11,True,269.29,13637.04
6787,PEP,2022-05-20,2022-06-06,time_exit,2.46,141.2704620361328,145.17330932617188,11,True,269.29,13643.67
6791,MDT,2022-05-27,2022-06-13,time_exit,-9.29,86.18360900878906,78.433349609375,11,True,267.06,13618.86
6792,BMY,2022-05-31,2022-06-14,time_exit,-3.72,62.9834098815918,60.82970428466797,11,True,267.69,13608.9
6793,SYK,2022-06-01,2022-06-15,time_exit,-11.48,218.0860137939453,193.70440673828125,11,True,267.69,13578.17
6794,MCO,2022-06-01,2022-06-15,time_exit,-7.41,272.3066711425781,252.94297790527344,11,True,267.69,13558.33
6795,ISRG,2022-06-01,2022-06-15,time_exit,-9.66,216.38999938964844,196.1300048828125,11,True,267.69,13532.47
6796,SPGI,2022-06-01,2022-06-15,time_exit,-3.51,302.9129943847656,293.1781005859375,11,True,267.69,13523.08
6797,MRK,2022-06-01,2022-06-15,time_exit,-6.68,80.1290283203125,75.01445770263672,11,True,267.69,13505.19
6798,MCK,2022-06-02,2022-06-16,time_exit,-4.87,312.0969543457031,297.8332824707031,11,True,267.69,13492.16
6799,GILD,2022-06-02,2022-06-16,time_exit,-8.21,54.63729476928711,50.3162956237793,11,True,267.69,13470.18
6800,AMGN,2022-06-07,2022-06-22,time_exit,-2.84,216.22329711914065,210.72142028808597,11,True,272.87,13462.43
6801,C,2022-06-07,2022-06-22,time_exit,-9.71,45.050514221191406,40.813507080078125,11,True,272.87,13435.94
6802,CVS,2022-06-07,2022-06-22,time_exit,-5.13,82.59564971923828,78.60881042480469,11,True,272.87,13421.94
6803,CMCSA,2022-06-07,2022-06-22,time_exit,-9.05,34.4576301574707,31.442686080932617,11,True,272.87,13397.24
6804,TXN,2022-06-07,2022-06-22,time_exit,-10.46,150.32305908203125,135.05621337890625,11,True,272.87,13368.7
6805,INTC,2022-06-08,2022-06-23,time_exit,-9.57,38.83531188964844,35.237178802490234,11,True,272.87,13342.59
6806,HOOD,2022-06-08,2022-06-23,time_exit,-5.07,8.380000114440918,7.980000019073486,11,True,272.87,13328.75
6807,WELL,2022-06-08,2022-06-23,time_exit,-5.27,77.92217254638672,74.05233764648438,11,True,272.87,13314.37
6808,UNH,2022-06-10,2022-06-27,time_exit,4.41,448.2579345703125,469.3775329589844,11,True,272.87,13326.4
6809,MO,2022-06-10,2022-06-27,time_exit,-10.33,35.10602188110352,31.58414077758789,11,True,272.87,13298.22
6810,ICE,2022-06-10,2022-06-27,time_exit,1.02,92.34870147705078,93.5659408569336,11,True,272.87,13301.0
6811,ABBV,2022-06-10,2022-06-27,time_exit,6.64,122.92388153076172,131.4564666748047,11,True,272.87,13319.12
6812,KKR,2022-06-10,2022-06-27,time_exit,-5.35,49.31547927856445,46.8231315612793,11,True,272.87,13304.52
6813,DUK,2022-06-10,2022-06-27,time_exit,-2.68,91.47010040283205,89.28878784179688,11,True,272.87,13297.21
6814,NEM,2022-06-10,2022-06-27,time_exit,-4.82,59.85760116577149,57.15349578857422,11,True,272.87,13284.05
6815,WMT,2022-06-10,2022-06-27,time_exit,1.69,38.54827117919922,39.31479263305664,11,True,272.87,13288.67
6816,PM,2022-06-10,2022-06-27,time_exit,0.07,84.24869537353516,84.56155395507812,11,True,272.87,13288.86
6817,MNST,2022-06-10,2022-06-27,time_exit,7.94,43.52000045776367,47.10499954223633,11,True,272.87,13310.52
6818,MCD,2022-06-13,2022-06-28,time_exit,1.53,215.8032684326172,219.7488555908203,11,True,272.38,13314.69
6819,CME,2022-06-13,2022-06-28,time_exit,1.24,169.94967651367188,172.57020568847656,11,True,272.38,13318.07
6820,PEP,2022-06-13,2022-06-28,time_exit,2.37,140.08689880371094,143.83154296875,11,True,272.38,13324.52
6821,JNJ,2022-06-13,2022-06-28,time_exit,3.29,151.4493865966797,156.88458251953125,11,True,272.38,13333.48
6822,PGR,2022-06-13,2022-06-28,time_exit,1.36,103.3823699951172,105.09418487548828,11,True,272.38,13337.19
6823,COP,2022-06-13,2022-06-28,time_exit,-14.44,95.60873413085938,82.09115600585938,11,True,272.38,13297.86
6824,XOM,2022-06-13,2022-06-28,time_exit,-4.84,83.26900482177734,79.48997497558594,11,True,272.38,13284.67
6825,UPS,2022-06-13,2022-06-28,time_exit,3.87,139.20361328125,145.0064239501953,11,True,272.38,13295.21
6826,DASH,2022-06-14,2022-06-29,time_exit,15.03,58.459999084472656,67.41999816894531,11,True,272.18,13336.12
6827,NVDA,2022-06-14,2022-06-29,time_exit,-2.16,15.792158126831056,15.49897003173828,11,True,272.18,13330.24
6828,VRTX,2022-06-14,2022-06-29,time_exit,12.25,249.0800018310547,280.3500061035156,11,True,272.18,13363.59
6829,AMZN,2022-06-14,2022-06-29,time_exit,6.16,102.30999755859376,108.91999816894533,11,True,272.18,13380.35
6830,ELV,2022-06-14,2022-06-29,time_exit,5.17,433.3311462402344,457.0213012695313,11,True,272.18,13394.42
6831,DHR,2022-06-14,2022-06-29,time_exit,4.11,210.1933441162109,219.46859741210935,11,True,272.18,13405.61
6832,PH,2022-06-14,2022-06-29,time_exit,-2.4,239.9256896972656,234.8922271728516,11,True,272.18,13399.08
6833,MSFT,2022-06-14,2022-06-29,time_exit,6.15,236.10772705078125,251.3370056152344,11,True,272.18,13415.82
6834,CSCO,2022-06-14,2022-06-29,time_exit,-0.37,38.0438232421875,38.01722717285156,11,True,272.18,13414.81
6835,BLK,2022-06-14,2022-06-29,time_exit,4.22,536.1458129882812,560.38525390625,11,True,272.18,13426.3
6836,MU,2022-06-14,2022-06-29,time_exit,-4.87,57.46010208129883,54.836700439453125,11,True,272.18,13413.04
6837,ACN,2022-06-14,2022-06-29,time_exit,1.4,255.4268035888672,259.7810974121094,11,True,272.18,13416.85
6838,BA,2022-06-14,2022-06-29,time_exit,13.03,122.16000366210938,138.4499969482422,11,True,272.18,13452.32
6839,COF,2022-06-14,2022-06-29,time_exit,-1.21,98.86580657958984,97.96598052978516,11,True,272.18,13449.02
6840,KLAC,2022-06-14,2022-06-29,time_exit,1.0,30.40472984313965,30.79863929748535,11,True,272.18,13451.74
6841,TMUS,2022-06-14,2022-06-29,time_exit,7.28,118.75572967529295,127.75985717773438,11,True,272.18,13471.56
6842,ANET,2022-06-14,2022-06-29,time_exit,2.96,22.982500076293945,23.732500076293945,11,True,272.18,13479.62
6863,HCA,2022-06-15,2022-06-30,time_exit,-7.8,175.8181610107422,162.628662109375,11,True,270.1,13458.55
6864,WM,2022-06-15,2022-06-30,time_exit,4.91,136.58897399902344,143.6997833251953,11,True,270.1,13471.81
6865,CVX,2022-06-15,2022-06-30,time_exit,-12.16,138.535400390625,122.10614013671876,11,True,270.1,13438.96
6866,CAT,2022-06-15,2022-06-30,time_exit,-13.52,191.9066619873047,166.5302734375,11,True,270.1,13402.45
6880,NEE,2022-06-16,2022-07-01,time_exit,13.37,62.9344482421875,71.5394058227539,11,True,269.4,13438.47
6881,MRK,2022-06-16,2022-07-01,time_exit,8.57,75.24491119384766,81.91937255859375,11,True,269.4,13461.55
6910,SYK,2022-06-22,2022-07-07,time_exit,2.58,188.1948699951172,193.6099090576172,11,True,267.37,13468.45
6911,DIS,2022-06-22,2022-07-07,time_exit,3.9,90.65415954589844,94.46454620361328,11,True,267.37,13478.88
6912,MMM,2022-06-22,2022-07-07,time_exit,-0.57,94.0937728881836,93.84121704101562,11,True,267.37,13477.36
6913,SLB,2022-06-22,2022-07-07,time_exit,-8.67,34.14344787597656,31.286035537719727,11,True,267.37,13454.17
6914,VLO,2022-06-22,2022-07-07,time_exit,-6.3,100.07771301269533,94.07111358642578,11,True,267.37,13437.33
6915,MS,2022-06-23,2022-07-08,time_exit,3.43,64.51000213623047,66.91703796386719,11,True,266.29,13446.46
6916,META,2022-06-23,2022-07-08,time_exit,7.34,157.36807250976562,169.39248657226562,11,True,266.29,13466.01
6917,AXP,2022-06-30,2022-07-15,time_exit,2.48,131.96253967285156,135.6371612548828,11,True,268.05,13472.66
6918,UBER,2022-06-30,2022-07-15,time_exit,5.61,20.459999084472656,21.670000076293945,11,True,268.05,13487.69
6919,DE,2022-06-30,2022-07-15,time_exit,-0.89,283.8663024902344,282.18853759765625,11,True,268.05,13485.31
6920,AVGO,2022-06-30,2022-07-15,time_exit,1.48,45.51384735107422,46.3242301940918,11,True,268.05,13489.28
6921,C,2022-06-30,2022-07-15,time_exit,8.38,39.767234802246094,43.21736145019531,11,True,268.05,13511.74
6922,BX,2022-06-30,2022-07-15,time_exit,1.64,79.0146713256836,80.54765319824219,11,True,268.05,13516.13
6923,NEM,2022-07-01,2022-07-18,time_exit,-10.7,54.7717170715332,49.07696533203125,11,True,269.23,13487.33
6924,GLW,2022-07-01,2022-07-18,time_exit,2.4,28.745859146118164,29.520584106445312,11,True,269.23,13493.79
6925,MU,2022-07-01,2022-07-18,time_exit,12.6,52.51676559448242,59.28898620605469,11,True,269.23,13527.71
6926,CSCO,2022-07-01,2022-07-18,time_exit,0.6,37.76897048950195,38.1089096069336,11,True,269.23,13529.33
6927,CAT,2022-07-01,2022-07-18,time_exit,-2.99,166.09243774414062,161.62081909179688,11,True,269.23,13521.28
6928,MPC,2022-07-01,2022-07-18,time_exit,0.59,77.27136993408203,77.95738983154297,11,True,269.23,13522.87
6929,VRT,2022-07-01,2022-07-18,time_exit,5.73,8.253730773925781,8.751542091369629,11,True,269.23,13538.29
6930,FCX,2022-07-01,2022-07-18,time_exit,-5.86,27.486928939819336,25.958629608154297,11,True,269.23,13522.52
6931,ADI,2022-07-01,2022-07-18,time_exit,8.33,133.22314453125,144.7266845703125,11,True,269.23,13544.94
6932,TJX,2022-07-01,2022-07-18,time_exit,7.64,52.79586410522461,56.98825073242188,11,True,269.23,13565.51
6933,PSX,2022-07-01,2022-07-18,time_exit,-2.22,72.69507598876953,71.29923248291016,11,True,269.23,13559.53
6934,AMD,2022-07-05,2022-07-19,time_exit,13.9,75.19999694824219,85.87999725341797,11,True,269.23,13596.96
6935,ETN,2022-07-05,2022-07-19,time_exit,4.14,119.06694793701172,124.34921264648438,11,True,269.23,13608.1
6936,BKNG,2022-07-05,2022-07-19,time_exit,2.32,70.03079223632812,71.86543273925781,11,True,269.23,13614.35
6937,JPM,2022-07-05,2022-07-19,time_exit,1.42,102.21643829345705,103.97723388671876,11,True,269.23,13618.17
6938,CSX,2022-07-05,2022-07-19,time_exit,3.94,26.877037048339844,28.01772689819336,11,True,269.23,13628.78
6939,KLAC,2022-07-05,2022-07-19,time_exit,16.62,28.395811080932617,33.20146942138672,11,True,269.23,13673.53
6940,XOM,2022-07-05,2022-07-19,time_exit,3.78,73.67808532714844,76.68395233154297,11,True,269.23,13683.7
6941,STX,2022-07-05,2022-07-19,time_exit,12.99,63.43326568603516,71.86611938476562,11,True,269.23,13718.68
6942,BNY,2022-07-05,2022-07-19,time_exit,3.26,37.46278762817383,38.79819869995117,11,True,269.23,13727.45
6943,TXN,2022-07-05,2022-07-19,time_exit,10.12,131.95860290527344,145.71202087402344,11,True,269.23,13754.7
6944,BAC,2022-07-05,2022-07-19,time_exit,6.45,28.21337890625,30.11894989013672,11,True,269.23,13772.07
6945,ACN,2022-07-05,2022-07-19,time_exit,1.83,255.47320556640625,260.91943359375,11,True,269.23,13776.99
6946,KKR,2022-07-05,2022-07-19,time_exit,6.29,46.0309944152832,49.06430816650391,11,True,269.23,13793.93
6947,NVDA,2022-07-05,2022-07-19,time_exit,13.25,14.922572135925291,16.944955825805664,11,True,269.23,13829.6
6948,AMAT,2022-07-05,2022-07-19,time_exit,13.92,82.99986267089844,94.80321502685548,11,True,269.23,13867.08
6949,CVX,2022-07-05,2022-07-19,time_exit,1.07,120.31816864013672,121.9627685546875,11,True,269.23,13869.96
6950,INTC,2022-07-05,2022-07-19,time_exit,9.32,34.55899429321289,37.88396835327149,11,True,269.23,13895.05
6951,DELL,2022-07-05,2022-07-19,time_exit,2.58,39.46338272094727,40.59897994995117,11,True,269.23,13902.0
6952,COP,2022-07-06,2022-07-20,time_exit,8.54,71.8491439819336,78.2030029296875,11,True,269.23,13924.99
6953,WMB,2022-07-06,2022-07-20,time_exit,9.05,24.998809814453125,27.337194442749023,11,True,269.23,13949.35
6954,PM,2022-07-07,2022-07-21,time_exit,-1.77,79.18695068359375,78.01984405517578,11,True,268.75,13944.6
6955,JCI,2022-07-07,2022-07-21,time_exit,6.72,44.125938415527344,47.223968505859375,11,True,268.75,13962.66
6956,UNP,2022-07-08,2022-07-22,time_exit,1.46,190.2843780517578,193.6417694091797,11,True,269.32,13966.59
6957,MDT,2022-07-11,2022-07-25,time_exit,1.72,77.96617126464844,79.54390716552734,11,True,269.32,13971.22
6958,MRSH,2022-07-12,2022-07-26,time_exit,1.44,143.070068359375,145.56455993652344,11,True,269.32,13975.1
6959,MSFT,2022-07-12,2022-07-26,time_exit,-1.0,244.9729766845703,243.26368713378903,11,True,269.32,13972.41
6960,PANW,2022-07-13,2022-07-27,time_exit,-3.41,82.23500061035156,79.68000030517578,11,True,269.32,13963.22
6961,ICE,2022-07-13,2022-07-27,time_exit,2.9,89.59307098388672,92.45658111572266,11,True,269.32,13971.03
6962,UPS,2022-07-13,2022-07-27,time_exit,3.06,143.39454650878906,148.214111328125,11,True,269.32,13979.27
6963,SCHW,2022-07-13,2022-07-27,time_exit,1.26,57.99830627441406,58.90290832519531,11,True,269.32,13982.67
6964,SYK,2022-07-13,2022-07-27,time_exit,8.77,186.3915252685547,203.3048095703125,11,True,269.32,14006.29
6965,APP,2022-07-13,2022-07-27,time_exit,6.96,32.939998626708984,35.33000183105469,11,True,269.32,14025.03
6966,BLK,2022-07-13,2022-07-27,time_exit,7.57,540.8159790039062,583.3825073242188,11,True,269.32,14045.42
6996,PLTR,2022-07-15,2022-07-29,time_exit,14.19,9.039999961853027,10.350000381469728,11,True,270.32,14083.78
6997,PNC,2022-07-15,2022-07-29,time_exit,7.86,131.4981231689453,142.2291717529297,11,True,270.32,14105.03
6998,REGN,2022-07-18,2022-08-01,time_exit,-2.01,581.2152709960938,571.2888793945312,11,True,271.19,14099.57
6999,LMT,2022-07-19,2022-08-02,time_exit,9.54,348.87060546875,383.1874694824219,11,True,278.04,14126.1
7000,PEP,2022-07-20,2022-08-03,time_exit,4.79,147.5586700439453,155.07427978515625,11,True,278.99,14139.46
7001,PG,2022-07-21,2022-08-04,time_exit,2.46,126.7611083984375,130.2549591064453,11,True,279.25,14146.33
7002,DUK,2022-07-21,2022-08-04,time_exit,5.68,87.87986755371094,93.1336669921875,11,True,279.25,14162.19
7003,PFE,2022-07-21,2022-08-04,time_exit,-2.01,40.20623397827149,39.519527435302734,11,True,279.25,14156.58
7004,MNST,2022-07-21,2022-08-04,time_exit,0.32,47.8849983215332,48.18000030517578,11,True,279.25,14157.47
7005,MRK,2022-07-21,2022-08-04,time_exit,-3.98,79.8984146118164,76.95562744140625,11,True,279.25,14146.36
7006,VRTX,2022-07-21,2022-08-04,time_exit,-3.22,283.1099853515625,274.8500061035156,11,True,279.25,14137.37
7007,ABBV,2022-07-21,2022-08-04,time_exit,-6.28,128.01597595214844,120.36532592773438,11,True,279.25,14119.83
7008,GILD,2022-07-22,2022-08-05,time_exit,0.18,53.001220703125,53.254024505615234,11,True,279.33,14120.33
7009,GOOGL,2022-07-25,2022-08-08,time_exit,8.81,106.56507110595705,116.2690200805664,11,True,279.42,14144.95
7010,GOOG,2022-07-25,2022-08-08,time_exit,8.88,107.2642822265625,117.10749053955078,11,True,279.42,14169.76
7011,DASH,2022-07-26,2022-08-09,time_exit,6.0,68.69999694824219,73.02999877929688,11,True,279.45,14186.53
7012,BMY,2022-07-27,2022-08-10,time_exit,-0.23,62.8829345703125,62.92497253417969,11,True,280.91,14185.89
7013,META,2022-07-28,2022-08-11,time_exit,10.13,159.32090759277344,175.94496154785156,11,True,280.91,14214.34
7014,CMCSA,2022-07-28,2022-08-11,time_exit,-0.33,32.06983947753906,32.06169891357422,11,True,280.91,14213.41
7015,CME,2022-07-28,2022-08-11,time_exit,-0.55,167.04449462890625,166.6258544921875,11,True,280.91,14211.87
7016,QCOM,2022-07-29,2022-08-12,time_exit,3.99,132.56024169921875,138.25341796875,11,True,282.1,14223.12
7017,LLY,2022-08-02,2022-08-16,time_exit,-3.07,309.3055725097656,300.7305603027344,11,True,282.52,14214.45
7018,JPM,2022-08-03,2022-08-17,time_exit,7.6,103.114990234375,111.26544952392578,11,True,282.79,14235.94
7019,APP,2022-08-03,2022-08-17,time_exit,-16.05,35.81999969482422,30.18000030517578,11,True,282.79,14190.56
7020,NEM,2022-08-03,2022-08-17,time_exit,0.83,39.755836486816406,40.20353317260742,11,True,282.79,14192.9
7021,PSX,2022-08-05,2022-08-19,time_exit,6.45,72.16947937011719,77.0381088256836,11,True,282.41,14211.12
7022,T,2022-08-05,2022-08-19,time_exit,0.14,14.698333740234377,14.76241683959961,11,True,282.41,14211.51
7023,MRK,2022-08-05,2022-08-19,time_exit,5.04,77.47859954833984,81.61800384521484,11,True,282.41,14225.75
7024,AMGN,2022-08-05,2022-08-19,time_exit,2.36,216.0828857421875,221.8281097412109,11,True,282.41,14232.41
7025,XOM,2022-08-05,2022-08-19,time_exit,7.1,76.84030151367188,82.52548217773438,11,True,282.41,14252.46
7026,PFE,2022-08-05,2022-08-19,time_exit,-0.54,39.0518913269043,38.9567756652832,11,True,282.41,14250.94
7027,JNJ,2022-08-05,2022-08-19,time_exit,-1.35,151.71536254882812,150.11944580078125,11,True,282.41,14247.12
7028,SLB,2022-08-05,2022-08-19,time_exit,6.8,31.540830612182617,33.779449462890625,11,True,282.41,14266.33
7029,WDC,2022-08-05,2022-08-19,time_exit,0.93,35.43113327026367,35.86752700805664,11,True,282.41,14268.96
7030,FTNT,2022-08-05,2022-08-19,time_exit,-4.23,53.38999938964844,51.290000915527344,11,True,282.41,14257.01
7031,WMB,2022-08-05,2022-08-19,time_exit,8.11,27.101673126220703,29.38117218017578,11,True,282.41,14279.91
7032,WELL,2022-08-05,2022-08-19,time_exit,-1.66,73.11886596679688,72.12197875976562,11,True,282.41,14275.22
7033,ABBV,2022-08-08,2022-08-22,time_exit,-0.3,121.59566497802734,121.59566497802734,11,True,283.4,14274.37
7034,AMAT,2022-08-09,2022-08-23,time_exit,1.98,96.18333435058594,98.37413787841795,11,True,283.73,14279.99
7035,ISRG,2022-08-16,2022-08-30,time_exit,-11.94,233.7100067138672,206.5,11,True,284.29,14246.05
7036,TXN,2022-08-17,2022-08-31,time_exit,-6.81,157.42446899414062,147.1795654296875,11,True,283.86,14226.72
7037,ADI,2022-08-17,2022-08-31,time_exit,-10.8,158.59811401367188,141.938720703125,11,True,283.86,14196.06
7038,MMM,2022-08-19,2022-09-02,time_exit,-16.52,105.8483428955078,88.6808090209961,11,True,285.5,14148.9
7039,NOW,2022-08-19,2022-09-02,time_exit,-9.07,95.2519989013672,86.9020004272461,11,True,285.5,14123.0
7040,TMO,2022-08-22,2022-09-06,time_exit,-5.67,569.2544555664062,538.6629028320312,11,True,285.49,14106.81
7041,FCX,2022-08-22,2022-09-06,time_exit,-6.13,28.26858329772949,26.621320724487305,11,True,285.49,14089.31
7042,DASH,2022-08-22,2022-09-06,time_exit,-8.35,63.33000183105469,58.22999954223633,11,True,285.49,14065.47
7043,VRT,2022-08-22,2022-09-06,time_exit,-7.52,11.997279167175291,11.131085395812988,11,True,285.49,14044.01
7044,CRWD,2022-08-22,2022-09-06,time_exit,-8.22,46.470001220703125,42.78749847412109,11,True,285.49,14020.54
7045,NFLX,2022-08-22,2022-09-06,time_exit,-3.9,22.65399932861328,21.839000701904297,11,True,285.49,14009.4
7046,MA,2022-08-22,2022-09-06,time_exit,-6.5,337.287841796875,316.3678894042969,11,True,285.49,13990.85
7047,QCOM,2022-08-22,2022-09-06,time_exit,-10.35,129.40753173828125,116.40444946289062,11,True,285.49,13961.3
7048,BX,2022-08-22,2022-09-06,time_exit,-7.14,88.57416534423828,82.51428985595703,11,True,285.49,13940.92
7049,LRCX,2022-08-22,2022-09-06,time_exit,-7.03,43.92586135864258,40.968170166015625,11,True,285.49,13920.85
7050,WELL,2022-08-22,2022-09-06,time_exit,-3.91,72.27721405029297,69.66521453857422,11,True,285.49,13909.68
7051,AVGO,2022-08-22,2022-09-06,time_exit,-6.08,49.536746978759766,46.67462158203125,11,True,285.49,13892.33
7052,NEM,2022-08-22,2022-09-06,time_exit,-5.12,39.23649597167969,37.347206115722656,11,True,285.49,13877.71
7053,MDT,2022-08-22,2022-09-06,time_exit,-7.7,81.59494018554688,75.55574035644531,11,True,285.49,13855.73
7054,INTU,2022-08-23,2022-09-07,time_exit,-3.47,435.8170166015625,421.9832763671875,11,True,285.6,13845.82
7055,AMD,2022-08-23,2022-09-07,time_exit,-14.23,92.48999786376952,79.61000061035156,11,True,285.6,13805.18
7056,CDNS,2022-08-23,2022-09-07,time_exit,-7.04,183.25,170.88999938964844,11,True,285.6,13785.07
7057,PFE,2022-08-23,2022-09-07,time_exit,-4.22,38.05319595336914,36.56309509277344,11,True,285.6,13773.02
7058,ADBE,2022-08-23,2022-09-07,time_exit,-7.78,410.4100036621094,379.7200012207031,11,True,285.6,13750.8
7059,GOOGL,2022-08-23,2022-09-07,time_exit,-4.17,112.8592529296875,108.48800659179688,11,True,285.6,13738.89
7060,GOOG,2022-08-23,2022-09-07,time_exit,-4.04,113.7669448852539,109.5144500732422,11,True,285.6,13727.35
7061,NEE,2022-08-23,2022-09-07,time_exit,2.77,78.12857055664062,80.52416229248047,11,True,285.6,13735.26
7062,PM,2022-08-23,2022-09-07,time_exit,-3.56,81.52945709228516,78.87017822265625,11,True,285.6,13725.09
7063,AMGN,2022-08-23,2022-09-07,time_exit,-0.17,216.17759704589844,216.4605712890625,11,True,285.6,13724.61
7064,ABBV,2022-08-23,2022-09-07,time_exit,-0.52,120.45199584960938,120.18341064453124,11,True,285.6,13723.12
7065,TMUS,2022-08-24,2022-09-08,time_exit,-0.27,138.18069458007812,138.2187042236328,11,True,285.6,13722.35
7066,MU,2022-08-24,2022-09-08,time_exit,-5.31,57.19009017944336,54.326171875,11,True,285.6,13707.19
7067,WDC,2022-08-24,2022-09-08,time_exit,-8.52,34.769012451171875,31.90984344482422,11,True,285.6,13682.85
7068,KLAC,2022-08-24,2022-09-08,time_exit,-3.49,34.96531677246094,33.84888458251953,11,True,285.6,13672.89
7069,ORCL,2022-08-24,2022-09-08,time_exit,-2.3,72.32079315185547,70.87760925292969,11,True,285.6,13666.32
7070,C,2022-08-24,2022-09-08,time_exit,-2.48,44.54293823242188,43.57366943359375,11,True,285.6,13659.23
7071,TT,2022-08-24,2022-09-08,time_exit,3.46,150.98793029785156,156.66519165039062,11,True,285.6,13669.12
7072,REGN,2022-08-24,2022-09-08,time_exit,17.29,597.15478515625,702.2232666015625,11,True,285.6,13718.5
7073,V,2022-08-24,2022-09-08,time_exit,-3.18,200.3972930908203,194.6181640625,11,True,285.6,13709.41
7074,CVS,2022-08-24,2022-09-08,time_exit,0.67,87.7181167602539,88.56690979003906,11,True,285.6,13711.33
7075,T,2022-08-24,2022-09-08,time_exit,-7.19,14.425996780395508,13.432758331298828,11,True,285.6,13690.79
7076,LIN,2022-08-24,2022-09-08,time_exit,-3.04,277.8946228027344,270.27178955078125,11,True,285.6,13682.11
7077,PLTR,2022-08-24,2022-09-08,time_exit,-7.34,8.100000381469727,7.53000020980835,11,True,285.6,13661.15
7078,INTC,2022-08-24,2022-09-08,time_exit,-9.48,32.21534729003906,29.25640296936035,11,True,285.6,13634.07
7079,AXP,2022-08-24,2022-09-08,time_exit,-3.83,151.48751831054688,146.14694213867188,11,True,285.6,13623.13
7080,MSFT,2022-08-24,2022-09-08,time_exit,-6.56,266.8999328613281,250.1865997314453,11,True,285.6,13604.4
7081,HD,2022-08-24,2022-09-08,time_exit,-2.33,277.970458984375,272.3289489746094,11,True,285.6,13597.74
7082,JPM,2022-08-24,2022-09-08,time_exit,2.12,105.10269165039062,107.6440200805664,11,True,285.6,13603.8
7083,GS,2022-08-24,2022-09-08,time_exit,-1.48,308.1865539550781,304.55615234375,11,True,285.6,13599.57
7084,NVDA,2022-08-24,2022-09-08,time_exit,-19.04,17.174320220947266,13.955413818359377,11,True,285.6,13545.19
7135,WMB,2022-08-31,2022-09-15,time_exit,-2.58,28.6241455078125,27.97187614440918,11,True,283.92,13537.87
7136,ANET,2022-08-31,2022-09-15,time_exit,-2.75,29.96999931335449,29.23500061035156,11,True,283.92,13530.06
7165,APH,2022-09-02,2022-09-19,time_exit,0.79,35.0418815612793,35.42414474487305,11,True,282.46,13532.29
7166,PLD,2022-09-02,2022-09-19,time_exit,-7.17,107.77043914794922,100.36734008789062,11,True,282.46,13512.04
7168,BA,2022-09-06,2022-09-20,time_exit,-4.53,152.38999938964844,145.94000244140625,11,True,277.11,13499.49
7169,EQIX,2022-09-06,2022-09-20,time_exit,-2.73,581.7933349609375,567.6683959960938,11,True,277.11,13491.92
7170,DE,2022-09-06,2022-09-20,time_exit,-1.82,342.2471923828125,337.0621337890625,11,True,277.11,13486.88
7171,DELL,2022-09-06,2022-09-20,time_exit,-1.21,34.37638854980469,34.06294631958008,11,True,277.11,13483.52
7172,BKNG,2022-09-06,2022-09-20,time_exit,4.21,71.08403778076172,74.28717803955078,11,True,277.11,13495.19
7173,CRM,2022-09-06,2022-09-20,time_exit,-1.57,149.13980102539062,147.25245666503906,11,True,277.11,13490.84
7174,FCX,2022-09-07,2022-09-21,time_exit,-1.29,26.86746025085449,26.60239028930664,11,True,274.46,13487.3
7175,SLB,2022-09-07,2022-09-21,time_exit,1.1,33.88059616088867,34.355979919433594,11,True,274.46,13490.32
7176,COP,2022-09-07,2022-09-21,time_exit,3.76,92.45393371582033,96.20368957519533,11,True,274.46,13500.64
7177,VLO,2022-09-07,2022-09-21,time_exit,-6.6,100.49822235107422,94.17133331298828,11,True,274.46,13482.52
7178,MDT,2022-09-07,2022-09-21,time_exit,-1.88,76.35337829589844,75.143798828125,11,True,274.46,13477.36
7179,MRK,2022-09-07,2022-09-21,time_exit,-2.21,76.99994659423828,75.52983856201172,11,True,274.46,13471.3
7180,CRWD,2022-09-07,2022-09-21,time_exit,-1.88,42.9900016784668,42.3125,11,True,274.46,13466.14
7181,QCOM,2022-09-08,2022-09-22,time_exit,-4.31,118.40779113769533,113.65676879882812,11,True,270.9,13454.46
7182,MSFT,2022-09-13,2022-09-27,time_exit,-6.48,243.86712646484372,228.7893524169922,11,True,270.9,13436.91
7183,JNJ,2022-09-13,2022-09-27,time_exit,1.94,144.0050506591797,147.2273712158203,11,True,270.9,13442.16
7184,CSX,2022-09-14,2022-09-28,time_exit,-11.83,29.531494140625,26.127290725708008,11,True,270.9,13410.12
7185,AMD,2022-09-14,2022-09-28,time_exit,-12.04,77.44999694824219,68.36000061035156,11,True,270.9,13377.5
7186,LOW,2022-09-14,2022-09-28,time_exit,0.81,177.5573272705078,179.53233337402344,11,True,270.9,13379.69
7187,AMGN,2022-09-14,2022-09-28,time_exit,0.95,201.71978759765625,204.2487945556641,11,True,270.9,13382.27
7188,CDNS,2022-09-14,2022-09-28,time_exit,-0.46,167.22999572753906,166.97000122070312,11,True,270.9,13381.02
7189,RTX,2022-09-14,2022-09-28,time_exit,-3.89,79.42060852050781,76.5710220336914,11,True,270.9,13370.48
7190,HWM,2022-09-14,2022-09-28,time_exit,-10.12,34.89599609375,31.4676513671875,11,True,270.9,13343.07
7191,BLK,2022-09-14,2022-09-28,time_exit,-9.34,587.9785766601562,534.8524169921875,11,True,270.9,13317.77
7192,GOOG,2022-09-14,2022-09-28,time_exit,-5.15,104.94473266601562,99.85956573486328,11,True,270.9,13303.81
7193,LRCX,2022-09-14,2022-09-28,time_exit,-9.81,40.644927978515625,36.7795295715332,11,True,270.9,13277.24
7194,NVDA,2022-09-14,2022-09-28,time_exit,-3.29,13.095545768737791,12.704513549804688,11,True,270.9,13268.33
7195,GOOGL,2022-09-14,2022-09-28,time_exit,-5.01,104.07711791992188,99.17063903808594,11,True,270.9,13254.75
7196,PM,2022-09-14,2022-09-28,time_exit,-5.75,78.1115493774414,73.85823822021484,11,True,270.9,13239.18
7197,T,2022-09-15,2022-09-29,time_exit,-7.64,13.424747467041016,12.439517974853516,11,True,270.6,13218.5
7198,VZ,2022-09-15,2022-09-29,time_exit,-6.13,31.393142700195312,29.56448745727539,11,True,270.6,13201.91
7199,WELL,2022-09-15,2022-09-29,time_exit,-13.24,66.43220520019531,57.83822250366211,11,True,270.6,13166.09
7200,MU,2022-09-15,2022-09-29,time_exit,-5.39,51.67802429199219,49.04949951171875,11,True,270.6,13151.5
7201,MPC,2022-09-15,2022-09-29,time_exit,2.36,88.47212219238281,90.82793426513672,11,True,270.6,13157.89
7202,COST,2022-09-15,2022-09-29,time_exit,-5.17,480.2556762695313,456.86767578125,11,True,270.6,13143.9
7203,META,2022-09-15,2022-09-29,time_exit,-9.09,148.24815368652344,135.22256469726562,11,True,270.6,13119.3
7204,WDC,2022-09-15,2022-09-29,time_exit,-15.1,28.41864585876465,24.21265411376953,11,True,270.6,13078.44
7205,MCK,2022-09-15,2022-09-29,time_exit,-0.01,334.5766296386719,335.5381164550781,11,True,270.6,13078.41
7206,BX,2022-09-16,2022-09-30,time_exit,-9.5,80.83927154541016,73.40254974365234,11,True,270.6,13052.7
7207,WMB,2022-09-16,2022-09-30,time_exit,-9.96,27.00057411193848,24.39338111877441,11,True,270.6,13025.75
7208,SO,2022-09-16,2022-09-30,time_exit,-12.27,66.88987731933594,58.88040542602539,11,True,270.6,12992.55
7209,ADP,2022-09-16,2022-09-30,time_exit,-3.49,214.2294006347656,207.3983459472656,11,True,270.6,12983.11
7210,DUK,2022-09-16,2022-09-30,time_exit,-12.64,90.8911361694336,79.67857360839844,11,True,270.6,12948.9
7211,MNST,2022-09-16,2022-09-30,time_exit,-0.62,43.619998931884766,43.47999954223633,11,True,270.6,12947.22
7212,KO,2022-09-16,2022-09-30,time_exit,-6.21,53.3071517944336,50.15563583374024,11,True,270.6,12930.42
7213,MMM,2022-09-16,2022-09-30,time_exit,-5.54,85.0067138671875,80.55264282226562,11,True,270.6,12915.43
7214,AMAT,2022-09-16,2022-09-30,time_exit,-8.11,85.98908233642578,79.2740478515625,11,True,270.6,12893.48
7229,CSCO,2022-09-19,2022-10-03,time_exit,-4.94,38.73512268066406,36.93702697753906,11,True,270.24,12880.13
7230,ICE,2022-09-19,2022-10-03,time_exit,-4.63,92.34334564208984,88.34579467773438,11,True,270.24,12867.62
7246,AVGO,2022-09-20,2022-10-04,time_exit,-2.16,46.19307327270508,45.33338165283203,11,True,269.82,12861.79
7247,DIS,2022-09-20,2022-10-04,time_exit,-6.0,104.29591369628906,98.35248565673828,11,True,269.82,12845.6
7248,TT,2022-09-20,2022-10-04,time_exit,-0.35,148.4620819091797,148.3853302001953,11,True,269.82,12844.66
7249,PLD,2022-09-20,2022-10-04,time_exit,-4.75,98.70343017578124,94.30791473388672,11,True,269.82,12831.84
7250,ABT,2022-09-20,2022-10-04,time_exit,0.45,94.30631256103516,95.01607513427734,11,True,269.82,12833.06
7251,ACN,2022-09-20,2022-10-04,time_exit,1.21,251.78846740722656,255.5806121826172,11,True,269.82,12836.32
7252,ABNB,2022-09-21,2022-10-05,time_exit,-2.27,114.01000213623048,111.76000213623048,11,True,269.32,12830.21
7253,WFC,2022-09-21,2022-10-05,time_exit,2.16,38.20349884033203,39.14344787597656,11,True,269.32,12836.03
7254,GE,2022-09-21,2022-10-05,time_exit,3.23,39.82144546508789,41.22801971435547,11,True,269.32,12844.72
7255,PG,2022-09-22,2022-10-06,time_exit,-7.44,122.65491485595705,113.89319610595705,11,True,269.09,12824.7
7256,CVS,2022-09-22,2022-10-06,time_exit,-1.55,86.46229553222656,85.37967681884766,11,True,269.09,12820.53
7257,ADI,2022-09-22,2022-10-06,time_exit,3.57,136.14053344726562,141.41416931152344,11,True,269.09,12830.14
7258,GILD,2022-09-22,2022-10-06,time_exit,1.55,56.22069549560547,57.26100158691406,11,True,269.09,12834.31
7259,VRTX,2022-09-22,2022-10-06,time_exit,3.99,286.3399963378906,298.6300048828125,11,True,269.09,12845.05
7278,PEP,2022-09-27,2022-10-11,time_exit,-2.36,146.56390380859375,143.54452514648438,11,True,268.84,12838.7
7279,TJX,2022-09-27,2022-10-11,time_exit,5.96,57.3333740234375,60.92084884643555,11,True,268.84,12854.73
7294,AAPL,2022-09-28,2022-10-12,time_exit,-7.97,146.96856689453125,135.68893432617188,11,True,264.78,12833.62
7295,GD,2022-09-28,2022-10-12,time_exit,1.57,203.03128051757807,206.8241729736328,11,True,264.78,12837.78
7296,EQIX,2022-09-28,2022-10-12,time_exit,-11.51,530.8365478515625,471.3165893554688,11,True,264.78,12807.3
7297,V,2022-09-28,2022-10-12,time_exit,-0.82,173.74163818359375,172.8302001953125,11,True,264.78,12805.13
7298,MA,2022-09-28,2022-10-12,time_exit,-2.49,283.2745056152344,277.08270263671875,11,True,264.78,12798.54
7299,KKR,2022-09-29,2022-10-13,time_exit,4.83,41.94354248046875,44.093997955322266,11,True,261.57,12811.17
7300,HCA,2022-09-29,2022-10-13,time_exit,9.46,182.1030731201172,199.87869262695312,11,True,261.57,12835.92
7301,BAC,2022-09-29,2022-10-13,time_exit,3.06,27.87200736999512,28.808351516723636,11,True,261.57,12843.92
7302,HWM,2022-09-29,2022-10-13,time_exit,6.0,30.56857109069824,32.49517059326172,11,True,261.57,12859.62
7303,CMCSA,2022-09-29,2022-10-13,time_exit,-0.07,24.76236915588379,24.81839179992676,11,True,261.57,12859.43
7304,NVDA,2022-09-29,2022-10-13,time_exit,-2.43,12.189789772033691,11.93043041229248,11,True,261.57,12853.08
7305,JPM,2022-09-29,2022-10-13,time_exit,3.65,96.35321044921876,100.1548080444336,11,True,261.57,12862.62
7306,GOOG,2022-09-29,2022-10-13,time_exit,1.35,97.23272705078124,98.83856964111328,11,True,261.57,12866.15
7307,MRVL,2022-09-29,2022-10-13,time_exit,-8.91,42.24688720703125,38.609153747558594,11,True,261.57,12842.85
7308,CSX,2022-09-29,2022-10-13,time_exit,0.84,25.711225509643555,26.004364013671875,11,True,261.57,12845.05
7309,MSFT,2022-09-29,2022-10-13,time_exit,-1.67,229.84420776367188,226.68931579589844,11,True,261.57,12840.68
7310,LRCX,2022-09-29,2022-10-13,time_exit,-8.38,35.7098274230957,32.82450866699219,11,True,261.57,12818.76
7311,GOOGL,2022-09-29,2022-10-13,time_exit,1.38,96.56375122070312,98.1893310546875,11,True,261.57,12822.37
7312,BKNG,2022-10-03,2022-10-17,time_exit,3.78,65.76031494140625,68.44567108154297,11,True,257.35,12832.1
7313,UBER,2022-10-03,2022-10-17,time_exit,-3.22,26.71999931335449,25.940000534057617,11,True,257.35,12823.81
7314,MCO,2022-10-03,2022-10-17,time_exit,-3.41,242.4484405517578,234.90066528320312,11,True,257.35,12815.03
7315,BLK,2022-10-03,2022-10-17,time_exit,-0.91,523.2405395507812,520.0703125,11,True,257.35,12812.69
7316,JNJ,2022-10-03,2022-10-17,time_exit,1.78,145.6741943359375,148.7001495361328,11,True,257.35,12817.27
7317,C,2022-10-03,2022-10-17,time_exit,2.12,37.16423797607422,38.06364440917969,11,True,257.35,12822.73
7318,UPS,2022-10-03,2022-10-17,time_exit,0.7,132.4269256591797,133.75045776367188,11,True,257.35,12824.53
7319,KO,2022-10-05,2022-10-19,time_exit,-0.8,50.35260772705078,50.10191345214844,11,True,256.89,12822.47
7320,MMM,2022-10-06,2022-10-20,time_exit,1.49,81.00460052490234,82.45529174804688,11,True,256.9,12826.3
7321,UNP,2022-10-07,2022-10-21,time_exit,-2.9,178.50648498535156,173.86175537109375,11,True,256.9,12818.85
7322,APP,2022-10-07,2022-10-21,time_exit,-9.14,19.21999931335449,17.520000457763672,11,True,256.9,12795.37
7323,IBM,2022-10-07,2022-10-21,time_exit,9.03,103.14117431640624,112.75910949707033,11,True,256.9,12818.57
7324,ANET,2022-10-10,2022-10-24,time_exit,0.85,27.3700008392334,27.684999465942383,11,True,256.9,12820.75
7325,WM,2022-10-10,2022-10-24,time_exit,4.32,146.61546325683594,153.39468383789062,11,True,256.9,12831.85
7326,ADI,2022-10-10,2022-10-24,time_exit,2.28,131.98158264160156,135.38180541992188,11,True,256.9,12837.71
7327,ISRG,2022-10-10,2022-10-24,time_exit,17.78,186.5500030517578,220.2700042724609,11,True,256.9,12883.39
7328,CME,2022-10-10,2022-10-24,time_exit,1.2,142.5890350341797,144.73463439941406,11,True,256.9,12886.47
7329,PANW,2022-10-10,2022-10-24,time_exit,-1.4,81.56999969482422,80.66999816894531,11,True,256.9,12882.87
7330,DASH,2022-10-10,2022-10-24,time_exit,-7.17,47.709999084472656,44.43000030517578,11,True,256.9,12864.45
7331,TXN,2022-10-10,2022-10-24,time_exit,2.8,139.67848205566406,144.008056640625,11,True,256.9,12871.65
7332,META,2022-10-10,2022-10-24,time_exit,-3.34,132.62535095214844,128.59075927734375,11,True,256.9,12863.06
7333,PG,2022-10-10,2022-10-24,time_exit,4.97,111.44388580322266,117.32231903076172,11,True,256.9,12875.83
7334,COST,2022-10-10,2022-10-24,time_exit,6.28,444.7826843261719,474.0271911621094,11,True,256.9,12891.97
7335,AMZN,2022-10-10,2022-10-24,time_exit,5.11,113.66999816894533,119.81999969482422,11,True,256.9,12905.09
7336,INTU,2022-10-10,2022-10-24,time_exit,7.47,376.5,405.7543640136719,11,True,256.9,12924.28
7337,NOW,2022-10-11,2022-10-25,time_exit,1.14,74.26000213623047,75.33200073242188,11,True,257.09,12927.22
7338,PFE,2022-10-11,2022-10-25,time_exit,8.45,33.22620391845703,36.13507843017578,11,True,257.09,12948.94
7339,STX,2022-10-11,2022-10-25,time_exit,11.3,46.75725555419922,52.18242645263672,11,True,257.09,12977.99
7340,BNY,2022-10-11,2022-10-25,time_exit,7.81,34.55182266235352,37.35332107543945,11,True,257.09,12998.07
7341,ADP,2022-10-11,2022-10-25,time_exit,4.78,207.47171020507807,218.00714111328125,11,True,257.09,13010.36
7342,WELL,2022-10-11,2022-10-25,time_exit,3.46,53.12567901611328,55.12576675415039,11,True,257.09,13019.26
7347,NFLX,2022-10-12,2022-10-26,time_exit,34.9,22.08699989318848,29.86199951171875,11,True,255.97,13108.59
7348,CRWD,2022-10-12,2022-10-26,time_exit,5.44,38.247501373291016,40.442501068115234,11,True,255.97,13122.51
7349,DIS,2022-10-12,2022-10-26,time_exit,11.71,90.56690979003906,101.44539642333984,11,True,255.97,13152.49
7350,USB,2022-10-12,2022-10-26,time_exit,8.09,32.906253814697266,35.66596984863281,11,True,255.97,13173.2
7351,DELL,2022-10-12,2022-10-26,time_exit,12.69,31.13142204284668,35.174049377441406,11,True,255.97,13205.68
7357,RTX,2022-10-13,2022-10-27,time_exit,7.87,78.01422119140625,84.38440704345703,11,True,256.45,13225.86
7358,ACN,2022-10-13,2022-10-27,time_exit,8.0,240.9478454589844,260.9566650390625,11,True,256.45,13246.38
7359,DUK,2022-10-13,2022-10-27,time_exit,3.17,75.3699951171875,77.9825439453125,11,True,256.45,13254.51
7360,AXP,2022-10-13,2022-10-27,time_exit,3.53,135.26625061035156,140.44564819335938,11,True,256.45,13263.56
7361,SO,2022-10-13,2022-10-27,time_exit,1.45,55.46015548706055,56.42995071411133,11,True,256.45,13267.28
7362,PGR,2022-10-13,2022-10-27,time_exit,1.3,111.65445709228516,113.44207763671876,11,True,256.45,13270.61
7363,PLTR,2022-10-13,2022-10-27,time_exit,6.14,8.079999923706055,8.600000381469727,11,True,256.45,13286.36
7364,TT,2022-10-13,2022-10-27,time_exit,6.02,141.08409118652344,149.99717712402344,11,True,256.45,13301.8
7365,SPGI,2022-10-13,2022-10-27,time_exit,8.95,267.26959228515625,291.9866027832031,11,True,256.45,13324.75
7366,ICE,2022-10-13,2022-10-27,time_exit,3.12,88.01268005371094,91.0203628540039,11,True,256.45,13332.75
7367,MNST,2022-10-13,2022-10-27,time_exit,1.53,45.040000915527344,45.8650016784668,11,True,256.45,13336.67
7368,AMAT,2022-10-13,2022-10-27,time_exit,8.67,76.84542846679688,83.73462677001953,11,True,256.45,13358.91
7369,CRM,2022-10-13,2022-10-27,time_exit,9.54,142.96661376953125,157.03326416015625,11,True,256.45,13383.37
7399,ABT,2022-10-19,2022-11-02,time_exit,-0.37,90.86161041259766,90.7967529296875,11,True,256.45,13382.42
7400,REGN,2022-10-19,2022-11-02,time_exit,4.09,702.7383422851562,733.5575561523438,11,True,256.45,13392.91
7401,HCA,2022-10-21,2022-11-04,time_exit,7.45,190.8162078857422,205.6130828857422,11,True,256.37,13412.01
7402,HOOD,2022-10-21,2022-11-04,time_exit,20.8,10.140000343322754,12.279999732971191,11,True,256.37,13465.34
7403,MU,2022-10-28,2022-11-11,time_exit,15.39,53.11392593383789,61.44860458374024,11,True,267.67,13506.53
7404,WM,2022-11-01,2022-11-15,time_exit,0.06,147.57717895507812,148.11460876464844,11,True,267.67,13506.69
7405,CMCSA,2022-11-03,2022-11-17,time_exit,12.47,24.94153594970703,28.12696075439453,11,True,267.86,13540.09
7406,TMO,2022-11-03,2022-11-17,time_exit,8.52,481.4036254882813,523.865234375,11,True,267.86,13562.91
7407,UPS,2022-11-03,2022-11-17,time_exit,8.05,133.1739501953125,144.2957000732422,11,True,267.86,13584.48
7408,CDNS,2022-11-04,2022-11-18,time_exit,15.58,142.41000366210938,165.02000427246094,11,True,269.31,13626.43
7409,MSFT,2022-11-04,2022-11-18,time_exit,8.96,214.25352478027344,234.10215759277344,11,True,269.31,13650.56
7410,META,2022-11-04,2022-11-18,time_exit,23.12,89.99967193603516,111.0746078491211,11,True,269.31,13712.83
7411,ADBE,2022-11-04,2022-11-18,time_exit,15.49,285.75,330.8599853515625,11,True,269.31,13754.54
7412,PLTR,2022-11-04,2022-11-18,time_exit,-7.11,7.929999828338623,7.389999866485596,11,True,269.31,13735.4
7413,AMZN,2022-11-04,2022-11-18,time_exit,3.17,90.9800033569336,94.13999938964844,11,True,269.31,13743.93
7414,NFLX,2022-11-07,2022-11-21,time_exit,9.93,25.86000061035156,28.5049991607666,11,True,269.31,13770.68
7415,COST,2022-11-07,2022-11-21,time_exit,6.83,466.837158203125,500.1095886230469,11,True,269.31,13789.07
7416,APP,2022-11-07,2022-11-21,time_exit,-11.28,14.9399995803833,13.300000190734863,11,True,269.31,13758.69
7417,DIS,2022-11-08,2022-11-22,time_exit,-3.99,96.85935974121094,93.28166961669922,11,True,269.31,13747.95
7418,CRWD,2022-11-08,2022-11-22,time_exit,6.63,31.75,33.95000076293945,11,True,269.31,13765.8
7419,V,2022-11-09,2022-11-23,time_exit,8.88,188.46429443359372,205.76258850097656,11,True,269.31,13789.72
7420,ELV,2022-11-10,2022-11-25,time_exit,-1.84,492.4962463378906,484.9277648925781,11,True,269.31,13784.76
7421,BMY,2022-11-11,2022-11-28,time_exit,3.89,64.33583068847656,67.02919006347656,11,True,270.13,13795.27
7422,VRTX,2022-11-11,2022-11-28,time_exit,3.67,303.260009765625,315.29998779296875,11,True,270.13,13805.18
7423,TMUS,2022-11-11,2022-11-28,time_exit,2.24,138.99839782714844,142.52589416503906,11,True,270.13,13811.23
7424,MRK,2022-11-11,2022-11-28,time_exit,10.41,87.52992248535156,96.90302276611328,11,True,270.13,13839.35
7425,JNJ,2022-11-11,2022-11-28,time_exit,5.15,151.0745086669922,159.30848693847656,11,True,270.13,13853.26
7426,GD,2022-11-11,2022-11-28,time_exit,2.73,225.17086791992188,231.9871826171875,11,True,270.13,13860.64
7427,MO,2022-11-11,2022-11-28,time_exit,1.44,33.18021011352539,33.755897521972656,11,True,270.13,13864.53
7428,PEP,2022-11-11,2022-11-28,time_exit,2.98,157.19357299804688,162.34945678710938,11,True,270.13,13872.58
7429,SCHW,2022-11-14,2022-11-29,time_exit,4.83,72.4850082397461,76.20072174072266,11,True,270.13,13885.63
7430,LMT,2022-11-15,2022-11-30,time_exit,4.19,420.3354797363281,439.1959533691406,11,True,270.13,13896.95
7431,PGR,2022-11-15,2022-11-30,time_exit,7.09,112.23817443847656,120.5287628173828,11,True,270.13,13916.1
7432,CB,2022-11-15,2022-11-30,time_exit,5.97,197.22625732421875,209.59642028808597,11,True,270.13,13932.22
7433,VRT,2022-11-16,2022-12-01,time_exit,2.08,13.819270133972168,14.14867115020752,11,True,270.13,13937.84
7434,COF,2022-11-17,2022-12-02,time_exit,-2.06,93.31505584716795,91.67285919189452,11,True,271.69,13932.25
7435,TSLA,2022-11-18,2022-12-05,time_exit,0.95,180.19000244140625,182.4499969482422,11,True,274.88,13934.86
7436,SLB,2022-11-18,2022-12-05,time_exit,-4.15,48.8553352355957,46.97206497192383,11,True,274.88,13923.45
7437,COP,2022-11-21,2022-12-06,time_exit,-8.17,110.65805053710938,101.94579315185548,11,True,275.17,13900.97
7438,CVX,2022-11-21,2022-12-06,time_exit,-5.39,155.438232421875,147.52220153808594,11,True,275.17,13886.14
7439,WMB,2022-11-21,2022-12-06,time_exit,0.67,28.244525909423828,28.517169952392575,11,True,275.17,13887.98
7440,BX,2022-11-21,2022-12-06,time_exit,-12.68,79.56218719482422,69.71541595458984,11,True,275.17,13853.09
7441,APP,2022-11-22,2022-12-07,time_exit,-23.01,13.960000038146973,10.789999961853027,11,True,275.32,13789.74
7442,ABNB,2022-11-22,2022-12-07,time_exit,-4.27,95.27999877929688,91.5,11,True,275.32,13777.98
7443,STX,2022-11-28,2022-12-12,time_exit,6.03,47.06314468383789,50.0411491394043,11,True,277.45,13794.71
7444,APH,2022-11-28,2022-12-12,time_exit,2.75,37.67537689208984,38.82276916503906,11,True,277.45,13802.34
7445,MDT,2022-11-29,2022-12-13,time_exit,4.49,67.57197570800781,70.8056869506836,11,True,277.71,13814.81
7446,MMM,2022-11-29,2022-12-13,time_exit,0.62,93.02326965332033,93.87879180908205,11,True,277.71,13816.53
7447,KKR,2022-11-29,2022-12-13,time_exit,-1.51,49.11716842651367,48.52445983886719,11,True,277.71,13812.34
7448,GOOG,2022-11-29,2022-12-13,time_exit,0.13,94.60588836669922,95.01229858398438,11,True,277.71,13812.7
7449,PH,2022-11-29,2022-12-13,time_exit,1.06,282.06500244140625,285.8988037109375,11,True,277.71,13815.65
7450,NFLX,2022-11-29,2022-12-13,time_exit,13.72,28.09600067138672,32.03400039672852,11,True,277.71,13853.75
7451,FTNT,2022-11-29,2022-12-13,time_exit,5.75,51.59000015258789,54.709999084472656,11,True,277.71,13869.72
7452,LRCX,2022-11-29,2022-12-13,time_exit,7.77,42.60026168823242,46.03727340698242,11,True,277.71,13891.29
7453,MCO,2022-11-30,2022-12-14,time_exit,-0.52,288.9500427246094,288.3204040527344,11,True,278.64,13889.85
7454,INTC,2022-11-30,2022-12-14,time_exit,-6.32,28.995832443237305,27.250492095947266,11,True,278.64,13872.23
7455,LOW,2022-11-30,2022-12-14,time_exit,-0.51,197.23004150390625,196.82177734375,11,True,278.64,13870.81
7456,BAC,2022-11-30,2022-12-14,time_exit,-14.52,34.408203125,29.516254425048828,11,True,278.64,13830.35
7457,WDC,2022-11-30,2022-12-14,time_exit,-2.8,27.65118408203125,26.958961486816406,11,True,278.64,13822.55
7458,ETN,2022-11-30,2022-12-14,time_exit,-1.58,155.25997924804688,153.27468872070312,11,True,278.64,13818.15
7459,MU,2022-11-30,2022-12-14,time_exit,-5.61,56.66207504272461,53.65450286865234,11,True,278.64,13802.52
7460,BLK,2022-11-30,2022-12-14,time_exit,-0.24,654.14208984375,654.5303955078125,11,True,278.64,13801.85
7461,C,2022-11-30,2022-12-14,time_exit,-5.32,42.76176452636719,40.61528396606445,11,True,278.64,13787.03
7462,GE,2022-11-30,2022-12-14,time_exit,-5.44,52.55593490600586,49.85308074951172,11,True,278.64,13771.87
7463,CRM,2022-12-01,2022-12-15,time_exit,-11.57,144.50010681152344,128.22169494628906,11,True,278.76,13739.61
7464,WFC,2022-12-02,2022-12-16,time_exit,-10.64,41.787845611572266,37.46715927124024,11,True,278.64,13709.97
7465,DASH,2022-12-02,2022-12-16,time_exit,-5.14,55.18999862670898,52.52000045776367,11,True,278.64,13695.64
7466,UBER,2022-12-02,2022-12-16,time_exit,-9.97,28.75,25.96999931335449,11,True,278.64,13667.86
7467,T,2022-12-05,2022-12-19,time_exit,-5.05,15.285489082336426,14.5599365234375,11,True,278.47,13653.8
7468,ACN,2022-12-06,2022-12-20,time_exit,-8.54,267.1053161621094,245.1030731201172,11,True,277.06,13630.14
7469,CAT,2022-12-06,2022-12-20,time_exit,2.7,215.5859375,222.0547790527344,11,True,277.06,13637.62
7470,ORCL,2022-12-06,2022-12-20,time_exit,2.27,75.30747985839844,77.24479675292969,11,True,277.06,13643.91
7471,TT,2022-12-06,2022-12-20,time_exit,-2.82,166.72247314453125,162.5139923095703,11,True,277.06,13636.1
7472,NOW,2022-12-06,2022-12-20,time_exit,-0.99,77.83000183105469,77.29399871826172,11,True,277.06,13633.35
7473,JPM,2022-12-06,2022-12-20,time_exit,-0.98,120.50261688232422,119.6784439086914,11,True,277.06,13630.64
7474,GD,2022-12-06,2022-12-20,time_exit,-0.97,229.94039916992188,228.40304565429688,11,True,277.06,13627.95
7475,PLTR,2022-12-06,2022-12-20,time_exit,-10.03,6.989999771118164,6.309999942779541,11,True,277.06,13600.16
7476,MRVL,2022-12-06,2022-12-20,time_exit,-8.28,40.543060302734375,37.30672454833984,11,True,277.06,13577.22
7477,CVX,2022-12-07,2022-12-21,time_exit,0.96,147.95962524414062,149.82928466796875,11,True,275.56,13579.87
7478,DIS,2022-12-07,2022-12-21,time_exit,-5.98,89.34525299072266,84.27442932128906,11,True,275.56,13563.39
7479,CMCSA,2022-12-07,2022-12-21,time_exit,1.03,28.422515869140625,28.8001766204834,11,True,275.56,13566.23
7480,XOM,2022-12-07,2022-12-21,time_exit,3.95,91.65203857421876,95.55155181884766,11,True,275.56,13577.11
7481,COF,2022-12-07,2022-12-21,time_exit,-4.06,87.48755645751953,84.19376373291016,11,True,275.56,13565.92
7482,MPC,2022-12-07,2022-12-21,time_exit,4.79,100.93451690673828,106.07384490966795,11,True,275.56,13579.12
7483,BNY,2022-12-07,2022-12-21,time_exit,0.08,40.415504455566406,40.569522857666016,11,True,275.56,13579.34
7484,PSX,2022-12-07,2022-12-21,time_exit,0.03,90.51995849609376,90.8187255859375,11,True,275.56,13579.43
7485,AMZN,2022-12-07,2022-12-21,time_exit,-2.21,88.45999908447266,86.7699966430664,11,True,275.56,13573.34
7486,COP,2022-12-07,2022-12-21,time_exit,0.92,101.30207061767578,102.53659057617188,11,True,275.56,13575.87
7487,AAPL,2022-12-07,2022-12-21,time_exit,-4.2,138.46844482421875,133.07472229003906,11,True,275.56,13564.3
7488,AMD,2022-12-07,2022-12-21,time_exit,-3.81,70.13999938964844,67.68000030517578,11,True,275.56,13553.8
7489,V,2022-12-07,2022-12-21,time_exit,-0.78,201.95309448242188,200.9812774658203,11,True,275.56,13551.65
7490,WMT,2022-12-08,2022-12-22,time_exit,-3.86,47.50948333740234,45.81705474853516,11,True,275.56,13541.01
7491,COST,2022-12-08,2022-12-22,time_exit,-5.02,460.0239562988281,438.3233337402344,11,True,275.56,13527.18
7495,DE,2022-12-12,2022-12-27,time_exit,-0.51,415.6355285644531,414.7796630859375,11,True,276.05,13525.77
7496,ICE,2022-12-12,2022-12-27,time_exit,-2.94,100.1861572265625,97.53640747070312,11,True,276.05,13517.66
7508,CVS,2022-12-14,2022-12-29,time_exit,-7.48,87.724853515625,81.4251937866211,11,True,275.44,13497.05
7509,VRTX,2022-12-14,2022-12-29,time_exit,-7.67,312.0899963378906,289.0799865722656,11,True,275.44,13475.93
7510,HOOD,2022-12-14,2022-12-29,time_exit,-11.74,9.09000015258789,8.050000190734863,11,True,275.44,13443.59
7511,LLY,2022-12-14,2022-12-29,time_exit,0.67,353.2612609863281,356.68212890625,11,True,275.44,13445.44
7512,MCD,2022-12-15,2022-12-30,time_exit,-3.32,248.6404266357422,241.1371917724609,11,True,274.79,13436.31
7513,C,2022-12-15,2022-12-30,time_exit,1.07,39.41395950317383,39.95278549194336,11,True,274.79,13439.25
7514,PM,2022-12-15,2022-12-30,time_exit,0.91,85.62820434570312,86.66812133789062,11,True,274.79,13441.75
7515,KO,2022-12-15,2022-12-30,time_exit,0.49,56.90415191650391,57.35499572753906,11,True,274.79,13443.1
7516,CSCO,2022-12-15,2022-12-30,time_exit,-1.36,43.47390365600586,43.01343536376953,11,True,274.79,13439.36
7517,BLK,2022-12-15,2022-12-30,time_exit,1.2,642.2587280273438,651.871826171875,11,True,274.79,13442.66
7518,PNC,2022-12-15,2022-12-30,time_exit,4.87,129.99581909179688,136.71290588378906,11,True,274.79,13456.04
7519,LMT,2022-12-15,2022-12-30,time_exit,1.31,433.4027404785156,440.3727416992188,11,True,274.79,13459.64
7520,LIN,2022-12-15,2022-12-30,time_exit,-1.7,316.008056640625,311.5946655273437,11,True,274.79,13454.97
7521,RTX,2022-12-15,2022-12-30,time_exit,2.17,91.06481170654295,93.3116226196289,11,True,274.79,13460.93
7522,GILD,2022-12-15,2022-12-30,time_exit,-1.14,76.96342468261719,76.31452178955078,11,True,274.79,13457.8
7523,PGR,2022-12-15,2022-12-30,time_exit,1.31,116.43363189697266,118.30338287353516,11,True,274.79,13461.4
7524,FCX,2022-12-15,2022-12-30,time_exit,-0.69,36.30558395385742,36.16284942626953,11,True,274.79,13459.51
7525,BX,2022-12-15,2022-12-30,time_exit,-4.45,68.5376968383789,65.69525146484375,11,True,274.79,13447.28
7526,HWM,2022-12-16,2023-01-03,time_exit,2.14,37.71493911743164,38.63482284545898,11,True,273.36,13453.13
7527,CME,2022-12-16,2023-01-03,time_exit,1.06,144.80857849121094,146.7830352783203,11,True,273.36,13456.02
7528,MAR,2022-12-16,2023-01-03,time_exit,-4.23,148.34593200683594,142.51976013183594,11,True,273.36,13444.46
7529,MS,2022-12-16,2023-01-03,time_exit,-1.61,77.21137237548828,76.19801330566406,11,True,273.36,13440.06
7551,AXP,2022-12-19,2023-01-04,time_exit,3.51,138.57261657714844,143.85711669921875,11,True,273.08,13449.65
7566,LOW,2022-12-20,2023-01-05,time_exit,-0.34,186.3826446533203,186.29913330078125,11,True,271.54,13448.72
7567,AMGN,2022-12-20,2023-01-05,time_exit,0.5,235.72317504882807,237.60174560546875,11,True,271.54,13450.08
7568,PH,2022-12-20,2023-01-05,time_exit,3.71,274.71356201171875,285.7167053222656,11,True,271.54,13460.15
7569,MSFT,2022-12-20,2023-01-05,time_exit,-8.36,234.6650238037109,215.7501678466797,11,True,271.54,13437.45
7570,TMO,2022-12-20,2023-01-05,time_exit,5.08,522.765380859375,550.8969116210938,11,True,271.54,13451.25
7571,UBER,2022-12-20,2023-01-05,time_exit,2.06,24.959999084472656,25.549999237060547,11,True,271.54,13456.84
7572,CRWD,2022-12-20,2023-01-05,time_exit,-13.9,27.457500457763672,23.72249984741211,11,True,271.54,13419.1
7573,DASH,2022-12-20,2023-01-05,time_exit,-8.48,51.33000183105469,47.130001068115234,11,True,271.54,13396.07
7574,META,2022-12-20,2023-01-05,time_exit,8.11,116.0707015991211,125.83496856689452,11,True,271.54,13418.09
7579,PLTR,2022-12-21,2023-01-06,time_exit,-1.84,6.5,6.400000095367432,11,True,271.03,13413.11
7580,AMD,2022-12-22,2023-01-09,time_exit,4.99,63.86000061035156,67.23999786376953,11,True,270.54,13426.61
7581,JPM,2022-12-22,2023-01-09,time_exit,5.61,119.65099334716795,126.7248306274414,11,True,270.54,13441.78
7582,NOW,2022-12-22,2023-01-09,time_exit,-0.66,75.98799896240234,75.71199798583984,11,True,270.54,13440.0
7583,EQIX,2022-12-22,2023-01-09,time_exit,3.68,606.1334228515625,630.2645874023438,11,True,270.54,13449.95
7584,MRVL,2022-12-22,2023-01-09,time_exit,-0.54,36.57657241821289,36.48836517333984,11,True,270.54,13448.49
7585,CSX,2022-12-22,2023-01-09,time_exit,3.48,29.37831687927246,30.488182067871094,11,True,270.54,13457.91
7586,MA,2022-12-22,2023-01-09,time_exit,8.5,333.9307556152344,363.3149719238281,11,True,270.54,13480.9
7587,V,2022-12-22,2023-01-09,time_exit,6.3,199.2805938720703,212.43896484375,11,True,270.54,13497.95
7588,MMM,2022-12-22,2023-01-09,time_exit,3.98,89.67493438720703,93.5100326538086,11,True,270.54,13508.72
7589,SPGI,2022-12-22,2023-01-09,time_exit,5.19,304.4135131835937,321.12322998046875,11,True,270.54,13522.76
7590,UPS,2022-12-22,2023-01-09,time_exit,3.16,143.92686462402344,148.90997314453125,11,True,270.54,13531.31
7591,TT,2022-12-22,2023-01-09,time_exit,4.89,163.04367065429688,171.4991912841797,11,True,270.54,13544.54
7592,DIS,2022-12-22,2023-01-09,time_exit,9.05,84.03203582763672,91.885498046875,11,True,270.54,13569.02
7593,DHR,2022-12-22,2023-01-09,time_exit,-1.6,224.72239685058597,221.79124450683597,11,True,270.54,13564.69
7596,KLAC,2022-12-28,2023-01-12,time_exit,13.65,35.57770156860352,40.54151153564453,11,True,270.35,13601.59
7597,BMY,2022-12-29,2023-01-13,time_exit,1.06,61.066524505615234,61.89964294433594,11,True,268.91,13604.44
7598,VRTX,2022-12-30,2023-01-17,time_exit,7.73,288.7799987792969,311.9800109863281,11,True,268.95,13625.23
7599,COST,2022-12-30,2023-01-17,time_exit,6.33,436.2115478515625,465.13623046875,11,True,268.95,13642.26
7600,WMT,2022-12-30,2023-01-17,time_exit,1.55,45.27738952636719,46.11403274536133,11,True,268.95,13646.43
7601,PEP,2023-01-03,2023-01-18,time_exit,-4.64,159.38226318359375,152.46188354492188,11,True,268.8,13633.95
7602,TMUS,2023-01-03,2023-01-18,time_exit,4.63,132.2001495361328,138.72264099121094,11,True,268.8,13646.4
7603,CVS,2023-01-03,2023-01-18,time_exit,-5.37,80.95468139648438,76.85074615478516,11,True,268.8,13631.97
7604,UNH,2023-01-03,2023-01-18,time_exit,-8.48,484.4254760742188,444.8226013183594,11,True,268.8,13609.17
7605,KO,2023-01-03,2023-01-18,time_exit,-5.29,56.7598876953125,53.92866134643555,11,True,268.8,13594.95
7606,DE,2023-01-03,2023-01-18,time_exit,0.1,404.6295166015625,406.2507019042969,11,True,268.8,13595.22
7607,MCD,2023-01-03,2023-01-18,time_exit,0.35,241.86915588378903,243.43386840820312,11,True,268.8,13596.16
7608,WMB,2023-01-03,2023-01-18,time_exit,-1.76,27.74142837524414,27.33587455749512,11,True,268.8,13591.43
7609,LMT,2023-01-04,2023-01-19,time_exit,-8.1,431.3297729492188,397.6652221679688,11,True,268.99,13569.64
7610,MPC,2023-01-04,2023-01-19,time_exit,11.14,102.39762115478516,114.11156463623048,11,True,268.99,13599.61
7611,MO,2023-01-05,2023-01-20,time_exit,-1.25,34.62114715576172,34.29301452636719,11,True,268.36,13596.25
7612,PFE,2023-01-05,2023-01-20,time_exit,-9.46,39.69835662841797,36.061073303222656,11,True,268.36,13570.87
7613,GOOGL,2023-01-05,2023-01-20,time_exit,13.41,85.4423599243164,97.1584701538086,11,True,268.36,13606.85
7614,NEE,2023-01-05,2023-01-20,time_exit,-1.28,74.10796356201172,73.38150787353516,11,True,268.36,13603.42
7615,LLY,2023-01-05,2023-01-20,time_exit,-3.88,348.810302734375,336.3222045898437,11,True,268.36,13593.01
7616,INTU,2023-01-06,2023-01-23,time_exit,5.99,375.4122009277344,399.0226440429688,11,True,268.26,13609.07
7617,ADBE,2023-01-06,2023-01-23,time_exit,9.39,332.75,364.9800109863281,11,True,268.26,13634.26
7618,DASH,2023-01-06,2023-01-23,time_exit,25.93,48.0,60.59000015258789,11,True,268.26,13703.82
7619,TMO,2023-01-06,2023-01-23,time_exit,12.75,529.1949462890625,598.2574462890625,11,True,268.26,13738.03
7620,ELV,2023-01-06,2023-01-23,time_exit,0.22,449.8048095703125,452.1320190429688,11,True,268.26,13738.62
7621,CRWD,2023-01-06,2023-01-23,time_exit,11.93,23.68000030517578,26.575000762939453,11,True,268.26,13770.62
7622,MSFT,2023-01-06,2023-01-23,time_exit,7.55,218.29283142089844,235.42202758789065,11,True,268.26,13790.88
7623,AMZN,2023-01-06,2023-01-23,time_exit,12.99,86.08000183105469,97.5199966430664,11,True,268.26,13825.72
7624,ANET,2023-01-06,2023-01-23,time_exit,5.67,28.112499237060547,29.790000915527344,11,True,268.26,13840.93
7625,LOW,2023-01-06,2023-01-23,time_exit,1.76,186.4846954345703,190.3263092041016,11,True,268.26,13845.66
7626,HD,2023-01-06,2023-01-23,time_exit,-0.95,290.0825500488281,288.20977783203125,11,True,268.26,13843.11
7627,GOOG,2023-01-06,2023-01-23,time_exit,14.5,87.38951110839844,100.3254623413086,11,True,268.26,13882.0
7628,JNJ,2023-01-09,2023-01-24,time_exit,-4.44,157.736328125,151.2051544189453,11,True,271.29,13869.96
7629,WM,2023-01-10,2023-01-25,time_exit,-1.46,146.62744140625,144.9236602783203,11,True,271.29,13866.0
7630,MNST,2023-01-11,2023-01-26,time_exit,1.88,50.845001220703125,51.95500183105469,11,True,271.29,13871.1
7631,MRK,2023-01-11,2023-01-26,time_exit,-4.08,99.90160369873048,96.12391662597656,11,True,271.29,13860.03
7632,PANW,2023-01-12,2023-01-27,time_exit,16.67,68.30000305175781,79.88999938964844,11,True,272.03,13905.38
7633,ISRG,2023-01-13,2023-01-30,time_exit,-6.74,258.8999938964844,242.22999572753903,11,True,272.09,13887.04
7634,DELL,2023-01-13,2023-01-30,time_exit,0.08,37.39861297607422,37.54226303100586,11,True,272.09,13887.26
7635,ABBV,2023-01-13,2023-01-30,time_exit,-5.48,135.71682739257812,128.69239807128906,11,True,272.09,13872.35
7636,SO,2023-01-13,2023-01-30,time_exit,-4.41,61.53379440307617,59.00488662719727,11,True,272.09,13860.35
7637,WFC,2023-01-13,2023-01-30,time_exit,4.38,40.22330093383789,42.1062126159668,11,True,272.09,13872.26
7638,FTNT,2023-01-13,2023-01-30,time_exit,4.16,48.869998931884766,51.04999923706055,11,True,272.09,13883.58
7639,DUK,2023-01-18,2023-02-01,time_exit,-0.02,88.4928207397461,88.74378967285156,11,True,271.83,13883.53
7640,SCHW,2023-01-18,2023-02-01,time_exit,-4.15,77.13911437988281,74.1722412109375,11,True,271.83,13872.25
7641,USB,2023-01-19,2023-02-02,time_exit,7.41,38.821903228759766,41.816707611083984,11,True,271.99,13892.4
7642,GILD,2023-01-19,2023-02-02,time_exit,-2.97,74.33219909667969,72.34989166259766,11,True,271.99,13884.32
7643,CVS,2023-01-19,2023-02-02,time_exit,-1.79,76.74987030029297,75.60930633544922,11,True,271.99,13879.46
7644,WMB,2023-01-19,2023-02-02,time_exit,0.58,27.551593780517575,27.793197631835938,11,True,271.99,13881.03
7645,VZ,2023-01-19,2023-02-02,time_exit,4.12,31.657506942749023,33.05625915527344,11,True,271.99,13892.24
7646,JPM,2023-01-19,2023-02-02,time_exit,2.81,124.30785369873048,128.1731414794922,11,True,271.99,13899.88
7647,BAC,2023-01-19,2023-02-02,time_exit,8.43,30.384920120239254,33.036624908447266,11,True,271.99,13922.81
7648,AMGN,2023-01-19,2023-02-02,time_exit,-6.22,233.3013458251953,219.500732421875,11,True,271.99,13905.89
7649,IBM,2023-01-19,2023-02-02,time_exit,-3.31,123.51991271972656,119.80430603027344,11,True,271.99,13896.89
7650,AXP,2023-01-19,2023-02-02,time_exit,17.6,140.81735229492188,166.0177764892578,11,True,271.99,13944.76
7651,JCI,2023-01-19,2023-02-02,time_exit,-0.7,61.05831909179688,60.813453674316406,11,True,271.99,13942.86
7652,ETN,2023-01-20,2023-02-03,time_exit,4.67,147.7178192138672,155.0605010986328,11,True,271.86,13955.55
7653,CSCO,2023-01-20,2023-02-03,time_exit,3.65,42.57442855834961,44.25810623168945,11,True,271.86,13965.48
7654,TJX,2023-01-20,2023-02-03,time_exit,0.93,75.60165405273438,76.53312683105469,11,True,271.86,13968.0
7655,WMT,2023-01-20,2023-02-03,time_exit,0.53,44.878231048583984,45.2518424987793,11,True,271.86,13969.44
7656,LMT,2023-01-20,2023-02-03,time_exit,3.26,401.25885009765625,415.5610961914063,11,True,271.86,13978.31
7657,TT,2023-01-20,2023-02-03,time_exit,9.37,163.60223388671875,179.41539001464844,11,True,271.86,14003.78
7658,RTX,2023-01-20,2023-02-03,time_exit,1.95,87.2461929321289,89.20635986328125,11,True,271.86,14009.08
7659,CB,2023-01-20,2023-02-03,time_exit,-5.1,211.20669555664065,201.059814453125,11,True,271.86,13995.22
7660,PEP,2023-01-20,2023-02-03,time_exit,-0.75,150.9161376953125,150.240966796875,11,True,271.86,13993.18
7661,PG,2023-01-20,2023-02-03,time_exit,-0.55,130.46946716308594,130.14088439941406,11,True,271.86,13991.68
7662,GD,2023-01-20,2023-02-03,time_exit,-0.84,216.74696350097656,215.5830841064453,11,True,271.86,13989.4
7663,KO,2023-01-20,2023-02-03,time_exit,-0.72,54.17211151123047,53.94669342041016,11,True,271.86,13987.44
7664,HWM,2023-01-20,2023-02-03,time_exit,2.7,38.27873992919922,39.42611312866211,11,True,271.86,13994.78
7665,GS,2023-01-20,2023-02-03,time_exit,7.92,312.45819091796875,338.1521911621094,11,True,271.86,14016.31
7668,LLY,2023-01-23,2023-02-06,time_exit,-1.63,332.5709228515625,328.1490783691406,11,True,277.64,14011.79
7669,MCK,2023-01-24,2023-02-07,time_exit,-3.72,369.9095153808594,357.24517822265625,11,True,277.4,14001.47
7670,XOM,2023-01-24,2023-02-07,time_exit,0.68,100.63597106933594,101.61748504638672,11,True,277.4,14003.36
7671,SLB,2023-01-24,2023-02-07,time_exit,-2.69,50.88449478149414,49.66899871826172,11,True,277.4,13995.89
7672,PFE,2023-01-24,2023-02-07,time_exit,-1.91,35.74131393432617,35.1658821105957,11,True,277.4,13990.59
7673,BLK,2023-01-24,2023-02-07,time_exit,-1.8,691.83251953125,681.4837036132812,11,True,277.4,13985.6
7674,MO,2023-01-24,2023-02-07,time_exit,3.68,34.170921325683594,35.52922439575195,11,True,277.4,13995.81
7675,MCD,2023-01-24,2023-02-07,time_exit,-1.12,246.65480041503903,244.6234436035156,11,True,277.4,13992.7
7676,NEE,2023-01-24,2023-02-07,time_exit,-9.62,75.24698638916016,68.2335205078125,11,True,277.4,13966.02
7677,T,2023-01-24,2023-02-07,time_exit,0.17,15.845279693603516,15.919708251953123,11,True,277.4,13966.49
7678,CSX,2023-01-24,2023-02-07,time_exit,1.05,30.22257232666016,30.63047409057617,11,True,277.4,13969.4
7679,V,2023-01-24,2023-02-07,time_exit,3.02,217.5799102783203,224.8004913330078,11,True,277.4,13977.78
7680,CME,2023-01-24,2023-02-07,time_exit,2.4,150.41458129882812,154.4718475341797,11,True,277.4,13984.44
7681,GLW,2023-01-25,2023-02-08,time_exit,-1.48,32.55015182495117,32.16569519042969,11,True,277.32,13980.33
7687,DHR,2023-01-26,2023-02-09,time_exit,-4.34,231.19161987304688,221.84341430664065,11,True,277.2,13968.3
7688,VRT,2023-01-26,2023-02-09,time_exit,11.09,13.999215126037598,15.59343147277832,11,True,277.2,13999.04
7690,HCA,2023-01-27,2023-02-10,time_exit,0.43,247.7711181640625,249.5702972412109,11,True,278.11,14000.24
7691,ADP,2023-01-30,2023-02-13,time_exit,1.95,204.86526489257807,209.48130798339844,11,True,277.67,14005.65
7692,ABBV,2023-01-31,2023-02-14,time_exit,2.98,130.5478973388672,134.82440185546875,11,True,277.67,14013.93
7693,TMO,2023-01-31,2023-02-14,time_exit,-0.1,564.1416625976562,565.279296875,11,True,277.67,14013.65
7694,JNJ,2023-01-31,2023-02-14,time_exit,-1.14,146.81207275390625,145.5723419189453,11,True,277.67,14010.49
7695,BMY,2023-01-31,2023-02-14,time_exit,-0.85,62.01915740966797,61.67768478393555,11,True,277.67,14008.13
7696,CVX,2023-01-31,2023-02-14,time_exit,-1.28,149.24606323242188,147.78810119628906,11,True,277.67,14004.57
7697,COP,2023-02-01,2023-02-15,time_exit,-5.02,104.43629455566406,99.5091552734375,11,True,277.44,13990.64
7698,WM,2023-02-01,2023-02-15,time_exit,-1.77,146.15415954589844,144.00552368164062,11,True,277.44,13985.73
7699,CAT,2023-02-02,2023-02-16,time_exit,0.36,232.37454223632807,233.91168212890625,11,True,278.86,13986.74
7700,PSX,2023-02-02,2023-02-16,time_exit,5.7,86.9786148071289,92.19837188720705,11,True,278.86,14002.63
7701,VRTX,2023-02-02,2023-02-16,time_exit,-4.16,303.7799987792969,292.0400085449219,11,True,278.86,13991.03
7702,DUK,2023-02-03,2023-02-17,time_exit,-0.37,87.0474853515625,86.98487091064453,11,True,280.33,13989.99
7703,MPC,2023-02-03,2023-02-17,time_exit,3.95,109.45374298095705,114.10081481933594,11,True,280.33,14001.07
7704,JCI,2023-02-03,2023-02-17,time_exit,-1.84,61.89655303955078,60.94530487060547,11,True,280.33,13995.91
7705,SBUX,2023-02-03,2023-02-17,time_exit,2.9,95.25484466552734,98.30213165283205,11,True,280.33,14004.04
7706,BRK-B,2023-02-06,2023-02-21,time_exit,-2.15,308.42999267578125,302.7200012207031,11,True,280.24,13998.01
7707,C,2023-02-06,2023-02-21,time_exit,-2.31,45.36899948120117,44.45911407470703,11,True,280.24,13991.54
7708,FCX,2023-02-06,2023-02-21,time_exit,-0.98,41.00926208496094,40.73236846923828,11,True,280.24,13988.79
7709,WMT,2023-02-06,2023-02-21,time_exit,4.43,44.92293930053711,47.04646682739258,11,True,280.24,14001.21
7710,ORCL,2023-02-07,2023-02-22,time_exit,-1.92,84.04830932617188,82.68805694580078,11,True,279.69,13995.84
7711,MRSH,2023-02-07,2023-02-22,time_exit,-5.91,164.16262817382812,154.9538116455078,11,True,279.69,13979.31
7712,TMUS,2023-02-07,2023-02-22,time_exit,2.74,135.95582580566406,140.08230590820312,11,True,279.69,13986.97
7713,TJX,2023-02-07,2023-02-22,time_exit,-2.95,75.90579986572266,73.89762115478516,11,True,279.69,13978.72
7714,CSCO,2023-02-07,2023-02-22,time_exit,2.77,43.53912734985352,44.876983642578125,11,True,279.69,13986.47
7715,ELV,2023-02-07,2023-02-22,time_exit,0.95,452.0657653808594,457.6944580078125,11,True,279.69,13989.12
7716,LIN,2023-02-07,2023-02-22,time_exit,-2.4,322.04547119140625,315.2724304199219,11,True,279.69,13982.41
7717,CVS,2023-02-07,2023-02-22,time_exit,1.13,75.43383026123047,76.51295471191406,11,True,279.69,13985.57
7718,T,2023-02-08,2023-02-23,time_exit,0.69,15.845279693603516,16.002410888671875,11,True,279.61,13987.5
7719,CMCSA,2023-02-08,2023-02-23,time_exit,-3.06,32.06900405883789,31.18370819091797,11,True,279.61,13978.95
7720,NEE,2023-02-09,2023-02-24,time_exit,-0.78,65.71329498291016,65.3993911743164,11,True,279.98,13976.76
7721,VZ,2023-02-09,2023-02-24,time_exit,-2.99,31.459943771362305,30.6143741607666,11,True,279.98,13968.39
7722,KO,2023-02-10,2023-02-27,time_exit,0.04,53.75734329223633,53.93767929077149,11,True,280.0,13968.5
7723,PNC,2023-02-10,2023-02-27,time_exit,-1.33,139.16119384765625,137.72885131835938,11,True,280.0,13964.78
7724,SPGI,2023-02-10,2023-02-27,time_exit,-6.2,333.5157165527344,313.8455505371094,11,True,280.0,13947.42
7725,AMZN,2023-02-10,2023-02-27,time_exit,-4.24,97.61000061035156,93.76000213623048,11,True,280.0,13935.55
7726,PLD,2023-02-10,2023-02-27,time_exit,-4.34,114.73640441894533,110.09642791748048,11,True,280.0,13923.39
7727,MCO,2023-02-10,2023-02-27,time_exit,-5.61,297.1844482421875,281.3935241699219,11,True,280.0,13907.69
7728,BX,2023-02-10,2023-02-27,time_exit,-3.74,83.22371673583984,80.3641128540039,11,True,280.0,13897.21
7729,SO,2023-02-10,2023-02-27,time_exit,-3.05,58.52360534667969,56.91487503051758,11,True,280.0,13888.67
7730,DHR,2023-02-10,2023-02-27,time_exit,-4.51,225.0870056152344,215.61705017089844,11,True,280.0,13876.05
7731,V,2023-02-10,2023-02-27,time_exit,-3.31,221.2290802001953,214.55911254882807,11,True,280.0,13866.78
7732,QCOM,2023-02-10,2023-02-27,time_exit,-4.62,119.2922134399414,114.1409912109375,11,True,280.0,13853.84
7733,ABNB,2023-02-10,2023-02-27,time_exit,13.17,108.87000274658205,123.52999877929688,11,True,280.0,13890.72
7734,PG,2023-02-10,2023-02-27,time_exit,0.34,126.17123413085938,126.97432708740234,11,True,280.0,13891.67
7735,BLK,2023-02-10,2023-02-27,time_exit,-5.89,665.5601196289062,628.3497924804688,11,True,280.0,13875.18
7736,COST,2023-02-10,2023-02-27,time_exit,-2.89,478.6003723144531,466.19482421875,11,True,280.0,13867.09
7737,MAR,2023-02-10,2023-02-27,time_exit,-1.09,165.30361938476562,163.9904327392578,11,True,280.0,13864.03
7738,HOOD,2023-02-13,2023-02-28,time_exit,1.21,9.920000076293944,10.06999969482422,11,True,280.11,13867.42
7739,NFLX,2023-02-13,2023-02-28,time_exit,-10.46,35.85699844360352,32.2130012512207,11,True,280.11,13838.12
7740,DIS,2023-02-13,2023-02-28,time_exit,-7.78,104.38317108154295,96.57817840576172,11,True,280.11,13816.33
7741,GOOGL,2023-02-14,2023-03-01,time_exit,-4.86,93.84783172607422,89.56580352783203,11,True,280.09,13802.72
7742,HWM,2023-02-14,2023-03-01,time_exit,-0.81,42.59343338012695,42.37561798095703,11,True,280.09,13800.45
7743,NEM,2023-02-14,2023-03-01,time_exit,-6.49,43.15906524658203,40.4874382019043,11,True,280.09,13782.27
7744,GOOG,2023-02-14,2023-03-01,time_exit,-4.98,94.12015533447266,89.71897888183594,11,True,280.09,13768.32
7745,PFE,2023-02-15,2023-03-02,time_exit,-6.53,34.94806671142578,32.769866943359375,11,True,279.71,13750.06
7746,ABT,2023-02-15,2023-03-02,time_exit,-4.63,99.803955078125,95.47799682617188,11,True,279.71,13737.11
7747,PM,2023-02-15,2023-03-02,time_exit,-3.02,86.58247375488281,84.22760772705078,11,True,279.71,13728.66
7752,NOW,2023-02-16,2023-03-03,time_exit,-2.44,90.73799896240234,88.7959976196289,11,True,279.82,13721.83
7753,MMM,2023-02-16,2023-03-03,time_exit,-0.96,83.69580078125,83.14281463623047,11,True,279.82,13719.14
7754,ACN,2023-02-16,2023-03-03,time_exit,-4.57,264.26055908203125,252.96548461914065,11,True,279.82,13706.36
7758,USB,2023-02-17,2023-03-06,time_exit,-3.35,41.3487663269043,40.08959579467773,11,True,280.08,13696.97
7759,CSX,2023-02-17,2023-03-06,time_exit,-2.1,29.60597801208496,29.07442092895508,11,True,280.08,13691.09
7760,REGN,2023-02-17,2023-03-06,time_exit,3.93,741.7403564453125,773.0846557617188,11,True,280.08,13702.1
7761,GILD,2023-02-17,2023-03-06,time_exit,-4.61,75.3455810546875,72.1009750366211,11,True,280.08,13689.19
7762,BAC,2023-02-17,2023-03-06,time_exit,-3.24,32.32340621948242,31.373464584350582,11,True,280.08,13680.11
7769,MS,2023-02-21,2023-03-07,time_exit,-1.9,87.47603607177734,86.07814025878906,11,True,280.02,13674.79
7770,JCI,2023-02-22,2023-03-08,time_exit,3.75,58.85445785522461,61.23726272583008,11,True,279.71,13685.28
7771,LOW,2023-02-22,2023-03-08,time_exit,-1.04,188.9925537109375,187.60281372070312,11,True,279.71,13682.37
7772,ADBE,2023-02-22,2023-03-08,time_exit,-1.13,348.7200012207031,345.8399963378906,11,True,279.71,13679.21
7773,BA,2023-02-22,2023-03-08,time_exit,0.4,205.75999450683597,207.1999969482422,11,True,279.71,13680.33
7774,PWR,2023-02-22,2023-03-08,time_exit,9.15,147.72503662109375,161.69122314453125,11,True,279.71,13705.92
7775,MRVL,2023-02-22,2023-03-08,time_exit,0.12,42.46764373779297,42.645538330078125,11,True,279.71,13706.26
7776,AXP,2023-02-22,2023-03-08,time_exit,-0.23,167.5232696533203,167.64794921875,11,True,279.71,13705.62
7777,WFC,2023-02-22,2023-03-08,time_exit,-5.02,42.11848449707031,40.13201904296875,11,True,279.71,13691.58
7778,ICE,2023-02-22,2023-03-08,time_exit,-1.91,99.6187744140625,98.01403045654295,11,True,279.71,13686.23
7779,KKR,2023-02-22,2023-03-08,time_exit,2.38,54.07889938354492,55.53047943115234,11,True,279.71,13692.89
7788,SCHW,2023-02-23,2023-03-09,time_exit,-16.13,75.08760070800781,63.20211791992188,11,True,279.58,13647.79
7789,MNST,2023-02-23,2023-03-09,time_exit,-0.97,51.345001220703125,51.0,11,True,279.58,13645.08
7806,PSX,2023-02-24,2023-03-10,time_exit,-1.06,90.53849792480467,89.84615325927734,11,True,279.37,13642.12
7807,APP,2023-02-24,2023-03-10,time_exit,-13.67,14.210000038146973,12.3100004196167,11,True,279.37,13603.93
7819,BMY,2023-02-27,2023-03-13,time_exit,-6.0,59.74839019775391,56.342247009277344,11,True,277.28,13587.29
7820,VRTX,2023-02-27,2023-03-13,time_exit,1.81,287.3999938964844,293.4599914550781,11,True,277.28,13592.31
7821,UNH,2023-02-27,2023-03-13,time_exit,-4.02,451.435546875,434.63372802734375,11,True,277.28,13581.17
7822,CME,2023-02-28,2023-03-14,time_exit,0.31,161.0399627685547,162.02835083007812,11,True,276.33,13582.02
7823,DHR,2023-02-28,2023-03-14,time_exit,-1.38,215.25184631347656,212.92135620117188,11,True,276.33,13578.21
7824,QCOM,2023-02-28,2023-03-14,time_exit,-5.37,114.24271392822266,108.44590759277344,11,True,276.33,13563.37
7825,CMCSA,2023-02-28,2023-03-14,time_exit,-5.38,30.75347328186035,29.189741134643555,11,True,276.33,13548.5
7826,SPGI,2023-02-28,2023-03-14,time_exit,-2.78,313.5606994628906,305.7768249511719,11,True,276.33,13540.82
7827,INTC,2023-02-28,2023-03-14,time_exit,12.05,24.33236312866211,27.33852767944336,11,True,276.33,13574.12
7828,BLK,2023-03-01,2023-03-15,time_exit,-6.8,626.050048828125,585.3501586914062,11,True,275.37,13555.4
7829,PG,2023-03-01,2023-03-15,time_exit,2.73,125.62371063232422,129.4291229248047,11,True,275.37,13562.91
7830,HCA,2023-03-01,2023-03-15,time_exit,1.0,237.58876037597656,240.67169189453125,11,True,275.37,13565.67
7831,MO,2023-03-01,2023-03-15,time_exit,1.26,35.21635055541992,35.765769958496094,11,True,275.37,13569.14
7832,V,2023-03-01,2023-03-15,time_exit,-1.21,212.6213836669922,210.6836700439453,11,True,275.37,13565.8
7833,MAR,2023-03-01,2023-03-15,time_exit,-6.86,163.8260498046875,153.0841827392578,11,True,275.37,13546.91
7834,PNC,2023-03-01,2023-03-15,time_exit,-19.73,135.55418395996094,109.21366119384766,11,True,275.37,13492.58
7835,RTX,2023-03-01,2023-03-15,time_exit,-2.55,91.14749908447266,89.09288787841797,11,True,275.37,13485.56
7836,PLD,2023-03-01,2023-03-15,time_exit,-1.22,108.50199127197266,107.49876403808594,11,True,275.37,13482.2
7837,CDNS,2023-03-01,2023-03-15,time_exit,5.71,191.42999267578125,202.94000244140625,11,True,275.37,13497.93
7838,MSFT,2023-03-02,2023-03-16,time_exit,9.69,244.31069946289065,268.7213134765625,11,True,274.57,13524.53
7839,BX,2023-03-02,2023-03-16,time_exit,-2.32,79.58665466308594,77.9781265258789,11,True,274.57,13518.16
7840,UBER,2023-03-02,2023-03-16,time_exit,-3.15,33.689998626708984,32.72999954223633,11,True,274.57,13509.51
7841,AMZN,2023-03-02,2023-03-16,time_exit,8.29,92.12999725341795,100.04000091552734,11,True,274.57,13532.28
7842,ADI,2023-03-02,2023-03-16,time_exit,0.81,174.48414611816406,176.41246032714844,11,True,274.57,13534.5
7843,FTNT,2023-03-02,2023-03-16,time_exit,3.46,59.63999938964844,61.880001068115234,11,True,274.57,13544.0
7844,T,2023-03-02,2023-03-16,time_exit,-1.75,15.431779861450195,15.208492279052734,11,True,274.57,13539.19
7852,CVS,2023-03-03,2023-03-17,time_exit,-9.39,71.77532958984375,65.2479019165039,11,True,274.13,13513.45
7853,COST,2023-03-03,2023-03-17,time_exit,2.18,454.9283447265625,466.2139892578125,11,True,274.13,13519.43
7854,BAC,2023-03-07,2023-03-21,time_exit,-13.66,30.370323181152344,26.31174087524414,11,True,273.5,13482.07
7855,ABBV,2023-03-08,2023-03-22,time_exit,2.42,132.18252563476562,135.77865600585938,11,True,273.86,13488.7
7856,MMM,2023-03-08,2023-03-22,time_exit,-5.54,80.07894897460938,75.87921905517578,11,True,273.86,13473.53
7857,NFLX,2023-03-08,2023-03-22,time_exit,-6.04,31.179000854492188,29.38999938964844,11,True,273.86,13456.99
7858,REGN,2023-03-08,2023-03-22,time_exit,0.52,738.2334594726562,744.2764892578125,11,True,273.86,13458.41
7859,GD,2023-03-08,2023-03-22,time_exit,-3.75,211.4118194580078,204.12144470214844,11,True,273.86,13448.14
7860,USB,2023-03-08,2023-03-22,time_exit,-23.82,38.70278930664063,29.599254608154297,11,True,273.86,13382.91
7861,NEM,2023-03-08,2023-03-22,time_exit,10.33,39.07412338256836,43.226200103759766,11,True,273.86,13411.2
7862,JPM,2023-03-08,2023-03-22,time_exit,-8.01,127.12146759033205,117.32447052001952,11,True,273.86,13389.26
7863,AMGN,2023-03-08,2023-03-22,time_exit,0.31,205.1787872314453,206.43630981445312,11,True,273.86,13390.11
7864,FCX,2023-03-09,2023-03-23,time_exit,-3.82,37.40005874633789,36.08241653442383,11,True,272.9,13379.68
7865,MRVL,2023-03-09,2023-03-23,time_exit,3.05,40.43172073364258,41.78570556640625,11,True,272.9,13388.01
7866,JNJ,2023-03-09,2023-03-23,time_exit,-0.37,136.84715270996094,136.7476348876953,11,True,272.9,13387.0
7867,LRCX,2023-03-10,2023-03-24,time_exit,4.93,46.31585311889648,48.7401008605957,11,True,272.08,13400.41
7868,ISRG,2023-03-10,2023-03-24,time_exit,13.79,224.75,256.4200134277344,11,True,272.08,13437.93
7869,KLAC,2023-03-10,2023-03-24,time_exit,1.76,35.668357849121094,36.402103424072266,11,True,272.08,13442.72
7870,PANW,2023-03-10,2023-03-24,time_exit,2.84,92.8550033569336,95.7750015258789,11,True,272.08,13450.45
7871,PWR,2023-03-10,2023-03-24,time_exit,1.88,156.6343231201172,160.0487060546875,11,True,272.08,13455.56
7872,PFE,2023-03-10,2023-03-24,time_exit,2.24,31.777570724487305,32.584312438964844,11,True,272.08,13461.66
7873,CB,2023-03-10,2023-03-24,time_exit,-5.85,190.0985107421875,179.53953552246094,11,True,272.08,13445.74
7874,CVX,2023-03-10,2023-03-24,time_exit,-2.56,138.14955139160156,135.026123046875,11,True,272.08,13438.77
7880,INTU,2023-03-13,2023-03-27,time_exit,8.74,381.0763549804688,415.509033203125,11,True,271.62,13462.51
7881,NOW,2023-03-13,2023-03-27,time_exit,3.65,82.98600006103516,86.26200103759766,11,True,271.62,13472.43
7882,WELL,2023-03-13,2023-03-27,time_exit,-2.22,64.30268096923828,63.06697845458984,11,True,271.62,13466.4
7903,UNP,2023-03-14,2023-03-28,time_exit,0.43,180.38333129882807,181.7051239013672,11,True,271.48,13467.57
7904,PM,2023-03-14,2023-03-28,time_exit,-2.2,83.36270141601562,81.7762451171875,11,True,271.48,13461.59
7905,MCK,2023-03-14,2023-03-28,time_exit,5.04,331.1129150390625,348.8050842285156,11,True,271.48,13475.28
7906,CSX,2023-03-14,2023-03-28,time_exit,-0.81,27.85584831237793,27.71304702758789,11,True,271.48,13473.08
7907,COF,2023-03-15,2023-03-29,time_exit,0.98,87.63768768310547,88.7599105834961,11,True,269.96,13475.72
7908,C,2023-03-15,2023-03-29,time_exit,2.22,39.98109817504883,40.98910140991211,11,True,269.96,13481.72
7909,CMCSA,2023-03-15,2023-03-29,time_exit,2.65,29.69444274902344,30.571462631225582,11,True,269.96,13488.87
7910,ELV,2023-03-15,2023-03-29,time_exit,-0.37,433.2046508789063,432.9104919433594,11,True,269.96,13487.87
7911,AXP,2023-03-15,2023-03-29,time_exit,2.07,153.24496459960938,156.8696746826172,11,True,269.96,13493.46
7912,QCOM,2023-03-15,2023-03-29,time_exit,8.01,107.45962524414062,116.39208984375,11,True,269.96,13515.08
7913,WDC,2023-03-16,2023-03-30,time_exit,5.19,26.59027671813965,28.049962997436523,11,True,270.78,13529.14
7914,MS,2023-03-16,2023-03-30,time_exit,-1.33,77.96854400634766,77.16207122802734,11,True,270.78,13525.53
7915,MO,2023-03-16,2023-03-30,time_exit,-1.87,35.23160552978516,34.67926406860352,11,True,270.78,13520.47
7916,XOM,2023-03-16,2023-03-30,time_exit,8.07,90.02274322509766,97.56101989746094,11,True,270.78,13542.32
7917,TT,2023-03-16,2023-03-30,time_exit,0.66,175.18267822265625,176.86517333984375,11,True,270.78,13544.11
7918,PH,2023-03-16,2023-03-30,time_exit,6.89,302.0975952148437,323.8121643066406,11,True,270.78,13562.77
7919,COP,2023-03-16,2023-03-30,time_exit,3.29,85.91744232177734,89.00536346435547,11,True,270.78,13571.68
7920,STX,2023-03-16,2023-03-30,time_exit,7.09,55.82787322998047,59.952293395996094,11,True,270.78,13590.88
7921,PSX,2023-03-16,2023-03-30,time_exit,4.9,84.36946868896484,88.75436401367188,11,True,270.78,13604.14
7922,SLB,2023-03-16,2023-03-30,time_exit,5.24,42.56288909912109,44.9223861694336,11,True,270.78,13618.33
7923,BNY,2023-03-16,2023-03-30,time_exit,0.83,40.53181076049805,40.98825073242188,11,True,270.78,13620.58
7924,VLO,2023-03-16,2023-03-30,time_exit,7.45,115.11235809326172,124.02845001220705,11,True,270.78,13640.75
7925,V,2023-03-16,2023-03-30,time_exit,1.96,211.73529052734372,216.51626586914065,11,True,270.78,13646.06
7927,VZ,2023-03-17,2023-03-31,time_exit,5.41,29.07337951660156,30.7329158782959,11,True,270.39,13660.69
7928,T,2023-03-17,2023-03-31,time_exit,5.88,14.99346923828125,15.919708251953123,11,True,270.39,13676.59
7932,EQIX,2023-03-23,2023-04-06,time_exit,6.43,619.5746459960938,661.2844848632812,11,True,267.74,13693.8
7933,BAC,2023-03-24,2023-04-10,time_exit,2.65,24.97728729248047,25.71354103088379,11,True,268.78,13700.93
7934,HOOD,2023-03-24,2023-04-10,time_exit,14.68,8.680000305175781,9.979999542236328,11,True,268.78,13740.38
7935,MMM,2023-03-24,2023-04-10,time_exit,1.3,75.58031463623047,76.7909164428711,11,True,268.78,13743.88
7936,LOW,2023-03-24,2023-04-10,time_exit,5.15,176.7089385986328,186.33433532714844,11,True,268.78,13757.72
7937,VRT,2023-03-24,2023-04-10,time_exit,-4.43,13.042683601379396,12.504636764526367,11,True,268.78,13745.81
7938,MAR,2023-03-24,2023-04-10,time_exit,3.68,151.372802734375,157.3963623046875,11,True,268.78,13755.7
7939,HD,2023-03-28,2023-04-12,time_exit,3.13,258.4035949707031,267.2557067871094,11,True,269.46,13764.14
7940,AMAT,2023-03-28,2023-04-12,time_exit,-3.08,113.165283203125,110.01532745361328,11,True,269.46,13755.84
7941,UNH,2023-03-30,2023-04-14,time_exit,8.58,440.6140747070313,479.7300415039063,11,True,272.92,13779.25
7942,SCHW,2023-03-31,2023-04-17,time_exit,0.44,49.80482864379883,50.17566680908203,11,True,273.53,13780.46
7943,JCI,2023-04-04,2023-04-19,time_exit,2.48,54.27623748779297,55.78285598754883,11,True,273.53,13787.24
7944,BX,2023-04-05,2023-04-20,time_exit,12.63,72.7503890991211,82.16030883789062,11,True,273.53,13821.79
7945,TSLA,2023-04-05,2023-04-20,time_exit,-12.44,185.5200042724609,162.99000549316406,11,True,273.53,13787.76
7946,PLTR,2023-04-05,2023-04-20,time_exit,1.83,7.980000019073486,8.149999618530273,11,True,273.53,13792.77
7947,MRVL,2023-04-05,2023-04-20,time_exit,-1.85,39.68012237548828,39.06645965576172,11,True,273.53,13787.71
7948,MU,2023-04-05,2023-04-20,time_exit,7.7,56.1703987121582,60.666595458984375,11,True,273.53,13808.77
7949,ADP,2023-04-05,2023-04-20,time_exit,0.85,197.51947021484372,199.7895965576172,11,True,273.53,13811.09
7950,PH,2023-04-05,2023-04-20,time_exit,1.86,300.7314453125,307.2255859375,11,True,273.53,13816.18
7951,CAT,2023-04-05,2023-04-20,time_exit,3.79,202.60899353027344,210.90200805664065,11,True,273.53,13826.55
7952,CRWD,2023-04-05,2023-04-20,time_exit,1.34,31.950000762939453,32.47249984741211,11,True,273.53,13830.21
7953,COST,2023-04-06,2023-04-21,time_exit,3.89,465.1897277832031,484.6882019042969,11,True,273.88,13840.87
7954,PANW,2023-04-06,2023-04-21,time_exit,0.39,95.96499633789062,96.625,11,True,273.88,13841.93
7955,APH,2023-04-06,2023-04-21,time_exit,-1.33,37.79349899291992,37.40407943725586,11,True,273.88,13838.29
7956,DASH,2023-04-06,2023-04-21,time_exit,0.71,60.68000030517578,61.290000915527344,11,True,273.88,13840.24
7957,AMD,2023-04-06,2023-04-21,time_exit,-4.67,92.47000122070312,88.43000030517578,11,True,273.88,13827.45
7958,AVGO,2023-04-10,2023-04-24,time_exit,0.84,60.19555282592773,60.88156127929688,11,True,275.11,13829.76
7959,ETN,2023-04-10,2023-04-24,time_exit,3.73,150.2890625,156.35061645507812,11,True,275.11,13840.02
7960,VRT,2023-04-12,2023-04-26,time_exit,10.64,12.205720901489258,13.540879249572754,11,True,275.12,13869.29
7961,QCOM,2023-04-12,2023-04-26,time_exit,-5.38,111.90724182128906,106.22209930419922,11,True,275.12,13854.49
7962,NVDA,2023-04-13,2023-04-27,time_exit,2.58,26.4088134765625,27.17025184631348,11,True,275.12,13861.59
7963,GE,2023-04-13,2023-04-27,time_exit,3.69,73.98735046386719,76.93743133544922,11,True,275.12,13871.74
7964,KLAC,2023-04-13,2023-04-27,time_exit,2.44,36.33609771728516,37.330902099609375,11,True,275.12,13878.45
7965,AMAT,2023-04-13,2023-04-27,time_exit,-1.88,110.31671142578124,108.5764617919922,11,True,275.12,13873.28
7966,PNC,2023-04-13,2023-04-27,time_exit,6.46,106.03462982177734,113.2010726928711,11,True,275.12,13891.05
7967,NFLX,2023-04-17,2023-05-01,time_exit,-2.88,33.27199935913086,32.4119987487793,11,True,275.61,13883.12
7968,BNY,2023-04-17,2023-05-01,time_exit,-4.17,40.376609802246094,38.81233978271485,11,True,275.61,13871.62
7969,USB,2023-04-17,2023-05-01,time_exit,-7.75,30.686561584472656,28.40166664123535,11,True,275.61,13850.26
7970,STX,2023-04-17,2023-05-01,time_exit,-9.16,59.278770446777344,54.029029846191406,11,True,275.61,13825.02
7971,NEM,2023-04-17,2023-05-01,time_exit,-3.48,44.92226028442383,43.49497985839844,11,True,275.61,13815.43
7972,CSCO,2023-04-17,2023-05-01,time_exit,-6.15,46.10348892211914,43.40770721435547,11,True,275.61,13798.48
7973,VLO,2023-04-18,2023-05-02,time_exit,-13.15,115.0580596923828,100.27639770507812,11,True,275.61,13762.23
7974,IBM,2023-04-19,2023-05-03,time_exit,-2.57,112.32181549072266,109.76982879638672,11,True,275.74,13755.15
7975,COP,2023-04-19,2023-05-03,time_exit,-9.01,94.39501190185548,86.17153930664062,11,True,275.74,13730.3
7976,ANET,2023-04-19,2023-05-03,time_exit,-16.34,39.522499084472656,33.182498931884766,11,True,275.74,13685.25
7977,GOOGL,2023-04-19,2023-05-03,time_exit,0.88,103.26434326171876,104.4835205078125,11,True,275.74,13687.67
7978,VZ,2023-04-19,2023-05-03,time_exit,-1.91,31.008567810058597,30.510501861572266,11,True,275.74,13682.41
7979,GOOG,2023-04-19,2023-05-03,time_exit,0.75,104.10216522216795,105.19254302978516,11,True,275.74,13684.47
7980,REGN,2023-04-19,2023-05-03,time_exit,-1.0,801.29833984375,795.6615600585938,11,True,275.74,13681.72
7981,GLW,2023-04-19,2023-05-03,time_exit,-7.15,31.378263473510746,29.227930068969727,11,True,275.74,13662.0
7982,MPC,2023-04-19,2023-05-03,time_exit,-13.21,117.72409057617188,102.5230712890625,11,True,275.74,13625.57
7983,ADI,2023-04-20,2023-05-04,time_exit,-3.32,176.7432861328125,171.4026641845703,11,True,276.6,13616.39
7984,DHR,2023-04-20,2023-05-04,time_exit,-2.72,216.19210815429688,210.96011352539065,11,True,276.6,13608.87
7985,AXP,2023-04-20,2023-05-04,time_exit,-9.16,157.1524658203125,143.22549438476562,11,True,276.6,13583.53
7986,UNH,2023-04-20,2023-05-04,time_exit,-0.34,456.9241333007813,456.75537109375,11,True,276.6,13582.59
7987,TXN,2023-04-20,2023-05-04,time_exit,-8.41,159.72909545898438,146.7786102294922,11,True,276.6,13559.33
7988,ACN,2023-04-20,2023-05-04,time_exit,-3.58,259.9493103027344,251.4116668701172,11,True,276.6,13549.43
7989,TMO,2023-04-20,2023-05-04,time_exit,-3.89,560.1513061523438,540.068603515625,11,True,276.6,13538.67
7990,DIS,2023-04-20,2023-05-04,time_exit,-0.93,95.0850601196289,94.48394012451172,11,True,276.6,13536.09
7991,ELV,2023-04-20,2023-05-04,time_exit,0.09,431.7336730957031,433.4038696289063,11,True,276.6,13536.34
7992,XOM,2023-04-20,2023-05-04,time_exit,-8.6,103.0409698486328,94.48689270019533,11,True,276.6,13512.55
7993,AMGN,2023-04-21,2023-05-05,time_exit,-3.31,219.03823852539065,212.454345703125,11,True,276.55,13503.4
7994,FCX,2023-04-21,2023-05-05,time_exit,-8.34,38.00656509399414,34.949562072753906,11,True,276.55,13480.34
7995,WDC,2023-04-21,2023-05-05,time_exit,-0.27,25.16069602966309,25.16822052001953,11,True,276.55,13479.59
7996,HOOD,2023-04-21,2023-05-05,time_exit,-8.5,9.640000343322754,8.850000381469727,11,True,276.55,13456.08
7997,CME,2023-04-21,2023-05-05,time_exit,-2.72,165.83937072753906,161.81858825683594,11,True,276.55,13448.56
7998,UBER,2023-04-21,2023-05-05,time_exit,22.15,30.82999992370605,37.75,11,True,276.55,13509.82
7999,LMT,2023-04-21,2023-05-05,time_exit,-5.9,439.5563354492188,414.952880859375,11,True,276.55,13493.5
8000,SLB,2023-04-21,2023-05-05,time_exit,-8.43,45.89935302734375,42.16657638549805,11,True,276.55,13470.19
8001,MRVL,2023-04-21,2023-05-05,time_exit,4.7,38.621055603027344,40.55112075805664,11,True,276.55,13483.18
8002,PGR,2023-04-24,2023-05-08,time_exit,-1.27,123.67286682128906,122.476318359375,11,True,276.8,13479.67
8003,MSFT,2023-04-24,2023-05-08,time_exit,9.24,274.1405639648437,300.2927551269531,11,True,276.8,13505.25
8004,PSX,2023-04-24,2023-05-08,time_exit,-6.98,89.37569427490234,83.40193939208984,11,True,276.8,13485.92
8005,TSLA,2023-04-24,2023-05-08,time_exit,5.38,162.5500030517578,171.7899932861328,11,True,276.8,13500.82
8006,PFE,2023-04-24,2023-05-08,time_exit,-3.41,32.19707489013672,31.19672203063965,11,True,276.8,13491.38
8007,BLK,2023-04-25,2023-05-09,time_exit,-3.96,611.2662353515625,588.8988647460938,11,True,276.8,13480.42
8008,TJX,2023-04-26,2023-05-10,time_exit,0.8,73.89762115478516,74.71026611328125,11,True,277.09,13482.63
8009,COF,2023-04-26,2023-05-10,time_exit,-8.12,89.04283905029297,82.0831069946289,11,True,277.09,13460.13
8010,WM,2023-04-26,2023-05-10,time_exit,3.94,155.5888671875,162.1885986328125,11,True,277.09,13471.05
8011,FTNT,2023-04-26,2023-05-10,time_exit,5.39,63.400001525878906,67.01000213623047,11,True,277.09,13485.99
8020,QCOM,2023-04-27,2023-05-11,time_exit,-8.96,105.99879455566406,96.82437133789062,11,True,277.82,13461.09
8021,NEE,2023-04-27,2023-05-11,time_exit,0.03,68.46664428710938,68.69229888916016,11,True,277.82,13461.18
8022,CVX,2023-04-27,2023-05-11,time_exit,-6.73,144.4483642578125,135.16452026367188,11,True,277.82,13442.48
8023,MRK,2023-04-27,2023-05-11,time_exit,1.78,104.30046081542967,106.46510314941406,11,True,277.82,13447.42
8024,MA,2023-04-27,2023-05-11,time_exit,2.3,366.5333862304688,376.0677795410156,11,True,277.82,13453.81
8031,COST,2023-05-01,2023-05-15,time_exit,1.62,472.4742126464844,481.5650634765625,11,True,275.97,13458.29
8032,BA,2023-05-02,2023-05-16,time_exit,-1.47,203.25,200.8699951171875,11,True,275.24,13454.24
8033,SYK,2023-05-02,2023-05-16,time_exit,-3.01,284.7045288085937,277.0029602050781,11,True,275.24,13445.95
8034,MCK,2023-05-02,2023-05-16,time_exit,9.41,355.2206726074219,389.69970703125,11,True,275.24,13471.85
8035,PM,2023-05-02,2023-05-16,time_exit,-3.45,84.1020278930664,81.45513153076172,11,True,275.24,13462.36
8036,MMM,2023-05-02,2023-05-16,time_exit,-5.13,76.95530700683594,73.24130249023438,11,True,275.24,13448.24
8044,CRWD,2023-05-03,2023-05-17,time_exit,16.32,29.417499542236328,34.307498931884766,11,True,272.51,13492.71
8045,DUK,2023-05-03,2023-05-17,time_exit,-3.75,85.09635162353516,82.16097259521484,11,True,272.51,13482.49
8046,ANET,2023-05-04,2023-05-18,time_exit,4.22,33.834999084472656,35.3650016784668,11,True,270.25,13493.9
8047,PWR,2023-05-04,2023-05-18,time_exit,3.66,164.6802978515625,171.19381713867188,11,True,270.25,13503.79
8048,BRK-B,2023-05-04,2023-05-18,time_exit,2.75,320.0,329.760009765625,11,True,270.25,13511.22
8049,ABBV,2023-05-04,2023-05-18,time_exit,-2.96,131.401123046875,127.9056396484375,11,True,270.25,13503.22
8050,JPM,2023-05-04,2023-05-18,time_exit,3.71,124.69766998291016,129.69972229003906,11,True,270.25,13513.25
8051,LIN,2023-05-04,2023-05-18,time_exit,1.75,345.95806884765625,353.04412841796875,11,True,270.25,13517.98
8052,REGN,2023-05-05,2023-05-19,time_exit,-0.7,754.9754638671875,751.9539794921875,11,True,269.66,13516.09
8053,ACN,2023-05-08,2023-05-22,time_exit,9.57,249.8267974853516,274.4773864746094,11,True,269.83,13541.91
8054,HD,2023-05-08,2023-05-22,time_exit,0.65,264.946044921875,267.45806884765625,11,True,269.83,13543.67
8055,TT,2023-05-08,2023-05-22,time_exit,-3.42,170.90878295898438,165.5711669921875,11,True,269.83,13534.44
8056,KKR,2023-05-09,2023-05-23,time_exit,2.3,47.74646759033203,48.98962020874024,11,True,269.61,13540.64
8057,BLK,2023-05-10,2023-05-24,time_exit,3.8,582.9780883789062,606.9020385742188,11,True,269.72,13550.89
8058,KO,2023-05-10,2023-05-24,time_exit,-4.43,57.69498825073242,55.31450271606445,11,True,269.72,13538.94
8059,PG,2023-05-10,2023-05-24,time_exit,-5.3,141.44244384765625,134.37168884277344,11,True,269.72,13524.64
8060,ABNB,2023-05-10,2023-05-24,time_exit,-6.91,113.19000244140624,105.70999908447266,11,True,269.72,13506.01
8061,CDNS,2023-05-10,2023-05-24,time_exit,-0.55,204.19000244140625,203.6699981689453,11,True,269.72,13504.52
8062,JNJ,2023-05-10,2023-05-24,time_exit,-2.66,146.26646423339844,142.8208770751953,11,True,269.72,13497.35
8063,TMO,2023-05-11,2023-05-25,time_exit,-2.03,524.38037109375,515.3237915039062,11,True,269.08,13491.89
8064,PNC,2023-05-11,2023-05-25,time_exit,5.28,99.65442657470705,105.2163314819336,11,True,269.08,13506.09
8065,GLW,2023-05-11,2023-05-25,time_exit,-0.11,28.59113502502441,28.646509170532227,11,True,269.08,13505.8
8066,GS,2023-05-11,2023-05-25,time_exit,0.69,295.2525634765625,298.1617126464844,11,True,269.08,13507.65
8067,AXP,2023-05-11,2023-05-25,time_exit,1.79,142.43626403808594,145.41029357910156,11,True,269.08,13512.47
8068,MDT,2023-05-11,2023-05-25,time_exit,-6.46,80.03182983398438,75.10515594482422,11,True,269.08,13495.09
8069,MO,2023-05-11,2023-05-25,time_exit,-2.49,35.5910530090332,34.81174850463867,11,True,269.08,13488.39
8070,WDC,2023-05-11,2023-05-25,time_exit,15.98,24.491044998168945,28.47883415222168,11,True,269.08,13531.39
8071,UPS,2023-05-11,2023-05-25,time_exit,1.25,140.74636840820312,142.93341064453125,11,True,269.08,13534.75
8072,ADBE,2023-05-12,2023-05-26,time_exit,23.53,335.45001220703125,415.3900146484375,11,True,269.08,13598.06
8073,INTC,2023-05-12,2023-05-26,time_exit,-0.13,28.3717041015625,28.420703887939453,11,True,269.08,13597.71
8074,CAT,2023-05-12,2023-05-26,time_exit,0.78,199.90228271484372,202.0583648681641,11,True,269.08,13599.81
8075,SLB,2023-05-12,2023-05-26,time_exit,0.63,40.61815643310547,40.99604415893555,11,True,269.08,13601.51
8076,LOW,2023-05-12,2023-05-26,time_exit,1.3,190.5280914306641,193.5838928222656,11,True,269.08,13605.01
8077,DIS,2023-05-12,2023-05-26,time_exit,-4.32,89.19010925292969,85.60272979736328,11,True,269.08,13593.38
8078,QCOM,2023-05-12,2023-05-26,time_exit,6.19,96.41497802734376,102.67700958251952,11,True,269.08,13610.04
8079,NEM,2023-05-12,2023-05-26,time_exit,-11.75,42.57744216918945,37.702449798583984,11,True,269.08,13578.42
8080,XOM,2023-05-12,2023-05-26,time_exit,-0.2,94.25521087646484,94.34510803222656,11,True,269.08,13577.88
8081,DE,2023-05-15,2023-05-30,time_exit,-5.59,354.1600036621094,335.42889404296875,11,True,269.17,13562.84
8082,INTU,2023-05-15,2023-05-30,time_exit,-5.02,415.5366516113281,395.9205322265625,11,True,269.17,13549.33
8083,ELV,2023-05-15,2023-05-30,time_exit,-2.69,429.4750061035156,419.2067260742188,11,True,269.17,13542.08
8084,DHR,2023-05-15,2023-05-30,time_exit,-0.19,197.56234741210935,197.77130126953125,11,True,269.17,13541.57
8085,PSX,2023-05-16,2023-05-31,time_exit,0.49,81.56453704833984,82.21257781982422,11,True,268.96,13542.89
8086,MRK,2023-05-16,2023-05-31,time_exit,-5.18,105.13371276855467,99.99840545654295,11,True,268.96,13528.96
8087,ETN,2023-05-16,2023-05-31,time_exit,5.4,159.66685485839844,168.7722930908203,11,True,268.96,13543.48
8088,VRTX,2023-05-17,2023-06-01,time_exit,-5.45,341.20001220703125,323.6199951171875,11,True,269.65,13528.79
8089,MCD,2023-05-17,2023-06-01,time_exit,-2.2,270.0743103027344,264.9298095703125,11,True,269.65,13522.85
8090,CME,2023-05-17,2023-06-01,time_exit,-1.66,159.5284881591797,157.35202026367188,11,True,269.65,13518.38
8091,GILD,2023-05-17,2023-06-01,time_exit,-3.6,70.72357940673828,68.3903579711914,11,True,269.65,13508.67
8092,SO,2023-05-17,2023-06-01,time_exit,-2.78,63.31769943237305,61.74681091308594,11,True,269.65,13501.17
8093,UNH,2023-05-17,2023-06-01,time_exit,1.52,454.4400939941406,462.7076416015625,11,True,269.65,13505.27
8094,BMY,2023-05-17,2023-06-01,time_exit,-3.08,57.26217269897461,55.66987609863281,11,True,269.65,13496.97
8095,SYK,2023-05-17,2023-06-01,time_exit,-2.21,275.104248046875,269.8633117675781,11,True,269.65,13491.01
8100,VZ,2023-05-18,2023-06-02,time_exit,-4.59,29.024343490600582,27.77917861938477,11,True,270.36,13478.6
8101,ABT,2023-05-18,2023-06-02,time_exit,-4.24,101.41533660888672,97.4230499267578,11,True,270.36,13467.14
8102,T,2023-05-18,2023-06-02,time_exit,-8.4,13.880924224853516,12.757034301757812,11,True,270.36,13444.43
8103,NEE,2023-05-18,2023-06-02,time_exit,-1.33,67.78963470458984,67.08914184570312,11,True,270.36,13440.83
8104,DUK,2023-05-18,2023-06-02,time_exit,-3.67,81.97550201416016,79.21088409423828,11,True,270.36,13430.91
8105,CVX,2023-05-18,2023-06-02,time_exit,1.16,134.55728149414062,136.52308654785156,11,True,270.36,13434.04
8106,CB,2023-05-22,2023-06-06,time_exit,-3.62,190.751708984375,184.41896057128903,11,True,270.69,13424.25
8107,UNP,2023-05-23,2023-06-07,time_exit,2.98,181.520263671875,187.47799682617188,11,True,270.81,13432.32
8108,ISRG,2023-05-23,2023-06-07,time_exit,1.62,301.44000244140625,307.239990234375,11,True,270.81,13436.7
8109,GD,2023-05-23,2023-06-07,time_exit,3.19,193.80368041992188,200.5744171142578,11,True,270.81,13445.34
8110,BKNG,2023-05-24,2023-06-08,time_exit,0.52,102.8484878540039,103.6956787109375,11,True,269.95,13446.75
8111,BRK-B,2023-05-24,2023-06-08,time_exit,4.62,320.20001220703125,335.95001220703125,11,True,269.95,13459.22
8112,BA,2023-05-24,2023-06-08,time_exit,9.15,199.2700042724609,218.1100006103516,11,True,269.95,13483.92
8113,LIN,2023-05-24,2023-06-08,time_exit,2.14,340.26239013671875,348.5667724609375,11,True,269.95,13489.69
8114,FTNT,2023-05-24,2023-06-08,time_exit,3.32,66.58999633789062,69.0,11,True,269.95,13498.66
8115,LLY,2023-05-24,2023-06-08,time_exit,4.37,416.1958618164063,435.6385498046875,11,True,269.95,13510.45
8116,ICE,2023-05-24,2023-06-08,time_exit,3.47,102.2465591430664,106.10310363769533,11,True,269.95,13519.82
8117,COST,2023-05-25,2023-06-09,time_exit,6.02,466.7067260742188,496.1835632324219,11,True,270.7,13536.12
8118,ADP,2023-05-25,2023-06-09,time_exit,2.58,194.9528350830078,200.5771942138672,11,True,270.7,13543.1
8119,MMM,2023-05-25,2023-06-09,time_exit,2.64,73.62632751464844,75.78845977783203,11,True,270.7,13550.25
8120,MRSH,2023-05-25,2023-06-09,time_exit,2.6,164.17974853515625,168.94732666015625,11,True,270.7,13557.28
8121,C,2023-05-25,2023-06-09,time_exit,8.9,39.8873405456543,43.5577278137207,11,True,270.7,13581.38
8122,MA,2023-05-25,2023-06-09,time_exit,-0.52,362.97271728515625,362.1683349609375,11,True,270.7,13579.97
8123,CVS,2023-05-25,2023-06-09,time_exit,5.74,59.85770797729492,63.47554016113281,11,True,270.7,13595.51
8124,JCI,2023-05-25,2023-06-09,time_exit,3.75,57.83905792236328,60.17954254150391,11,True,270.7,13605.66
8125,ADI,2023-05-25,2023-06-09,time_exit,6.05,162.95208740234375,173.2968292236328,11,True,270.7,13622.03
8128,REGN,2023-05-26,2023-06-12,time_exit,3.69,718.2717895507812,746.9610595703125,11,True,271.56,13632.05
8129,KO,2023-05-26,2023-06-12,time_exit,-0.38,54.75118255615234,54.705753326416016,11,True,271.56,13631.02
8130,TMUS,2023-05-26,2023-06-12,time_exit,-3.53,128.50149536132812,124.34644317626952,11,True,271.56,13621.44
8131,AMGN,2023-05-26,2023-06-12,time_exit,-0.1,196.6877899169922,197.0776824951172,11,True,271.56,13621.17
8132,DIS,2023-05-30,2023-06-13,time_exit,6.57,85.14703369140625,90.99349975585938,11,True,270.83,13638.96
8133,MPC,2023-05-30,2023-06-13,time_exit,4.07,101.08470153808594,105.5016860961914,11,True,270.83,13649.98
8134,SBUX,2023-05-30,2023-06-13,time_exit,1.24,90.16693115234376,91.55979919433594,11,True,270.83,13653.34
8135,WMB,2023-05-30,2023-06-13,time_exit,7.95,25.01869010925293,27.08337783813477,11,True,270.83,13674.87
8136,V,2023-05-30,2023-06-13,time_exit,0.49,216.23590087890625,217.95301818847656,11,True,270.83,13676.2
8137,JNJ,2023-05-30,2023-06-13,time_exit,3.83,140.73316955566406,146.5404815673828,11,True,270.83,13686.57
8138,UBER,2023-05-31,2023-06-14,time_exit,8.51,37.93000030517578,41.27000045776367,11,True,270.87,13709.62
8139,MCK,2023-05-31,2023-06-14,time_exit,-0.2,385.1241455078125,385.5281066894531,11,True,270.87,13709.08
8140,HCA,2023-05-31,2023-06-14,time_exit,7.27,257.5567932128906,277.064453125,11,True,270.87,13728.77
8141,MAR,2023-05-31,2023-06-14,time_exit,7.85,162.73367309570312,175.99171447753906,11,True,270.87,13750.04
8142,GE,2023-05-31,2023-06-14,time_exit,2.82,79.65997314453125,82.14714813232422,11,True,270.87,13757.67
8143,STX,2023-05-31,2023-06-14,time_exit,8.34,55.44987106323242,60.23829650878906,11,True,270.87,13780.26
8152,TT,2023-06-01,2023-06-15,time_exit,11.36,161.1675262451172,179.95469665527344,11,True,269.82,13810.92
8153,LOW,2023-06-01,2023-06-15,time_exit,7.06,191.146728515625,205.21653747558597,11,True,269.82,13829.97
8154,GS,2023-06-01,2023-06-15,time_exit,7.08,293.4934997558594,315.1437072753906,11,True,269.82,13849.07
8155,UPS,2023-06-01,2023-06-15,time_exit,6.36,140.0952606201172,149.4193572998047,11,True,269.82,13866.23
8156,COP,2023-06-01,2023-06-15,time_exit,4.34,89.71664428710938,93.88111877441406,11,True,269.82,13877.94
8157,PGR,2023-06-01,2023-06-15,time_exit,-0.28,117.2152328491211,117.24261474609376,11,True,269.82,13877.18
8158,SO,2023-06-02,2023-06-16,time_exit,3.03,61.987789154052734,64.0495834350586,11,True,268.68,13885.33
8159,GILD,2023-06-02,2023-06-16,time_exit,1.92,69.8979721069336,71.45154571533203,11,True,268.68,13890.48
8160,CRM,2023-06-07,2023-06-22,time_exit,3.37,202.23129272460935,209.6627197265625,11,True,268.91,13899.55
8161,MRK,2023-06-07,2023-06-22,time_exit,5.1,98.3681411743164,103.68440246582033,11,True,268.91,13913.26
8162,MCD,2023-06-07,2023-06-22,time_exit,3.74,260.8126525878906,271.3598937988281,11,True,268.91,13923.32
8163,MU,2023-06-08,2023-06-23,time_exit,-0.36,64.47676086425781,64.43728637695312,11,True,270.4,13922.34
8164,PEP,2023-06-08,2023-06-23,time_exit,1.88,164.00289916992188,167.57838439941406,11,True,270.4,13927.43
8165,MNST,2023-06-08,2023-06-23,time_exit,2.45,57.52999877929688,59.11000061035156,11,True,270.4,13934.05
8166,TMO,2023-06-20,2023-07-05,time_exit,-1.59,522.3624877929688,515.6273193359375,11,True,277.81,13929.64
8167,GE,2023-06-20,2023-07-05,time_exit,4.15,81.6136245727539,85.24628448486328,11,True,277.81,13941.16
8168,COF,2023-06-20,2023-07-05,time_exit,-0.3,103.6168441772461,103.6168441772461,11,True,277.81,13940.33
8169,DHR,2023-06-20,2023-07-05,time_exit,0.15,205.97183227539065,206.88882446289065,11,True,277.81,13940.75
8170,MAR,2023-06-20,2023-07-05,time_exit,4.49,168.55287170410156,176.63186645507812,11,True,277.81,13953.22
8171,CVX,2023-06-20,2023-07-05,time_exit,1.41,134.26898193359375,136.56674194335938,11,True,277.81,13957.14
8172,AXP,2023-06-21,2023-07-06,time_exit,1.85,161.61831665039062,165.08917236328125,11,True,277.81,13962.28
8173,MO,2023-06-21,2023-07-06,time_exit,4.57,34.96897888183594,36.67167663574219,11,True,277.81,13974.97
8174,PLTR,2023-06-21,2023-07-06,time_exit,3.05,14.640000343322754,15.130000114440918,11,True,277.81,13983.45
8175,T,2023-06-22,2023-07-07,time_exit,1.68,13.06736183166504,13.32595920562744,11,True,278.47,13988.13
8176,GOOGL,2023-06-22,2023-07-07,time_exit,-3.28,122.0676040649414,118.42985534667967,11,True,278.47,13978.99
8177,GOOG,2023-06-22,2023-07-07,time_exit,-3.31,122.78742980957033,119.09002685546876,11,True,278.47,13969.77
8178,WDC,2023-06-22,2023-07-07,time_exit,-2.07,28.85504531860352,28.343402862548828,11,True,278.47,13964.01
8179,SCHW,2023-06-22,2023-07-07,time_exit,6.43,50.8614387512207,54.28342819213867,11,True,278.47,13981.92
8180,ANET,2023-06-22,2023-07-07,time_exit,2.81,38.310001373291016,39.5,11,True,278.47,13989.74
8181,LRCX,2023-06-22,2023-07-07,time_exit,-0.62,60.342994689941406,60.14829635620117,11,True,278.47,13988.01
8182,WELL,2023-06-22,2023-07-07,time_exit,1.42,73.4619140625,74.72590637207031,11,True,278.47,13991.97
8183,WFC,2023-06-22,2023-07-07,time_exit,3.86,37.88118743896485,39.45880126953125,11,True,278.47,14002.72
8184,CRWD,2023-06-22,2023-07-07,time_exit,-1.5,36.45000076293945,36.01250076293945,11,True,278.47,13998.54
8185,MRVL,2023-06-22,2023-07-07,time_exit,-0.15,58.51556015014648,58.60404968261719,11,True,278.47,13998.12
8186,BNY,2023-06-22,2023-07-07,time_exit,2.31,39.83468627929688,40.875450134277344,11,True,278.47,14004.55
8187,KLAC,2023-06-22,2023-07-07,time_exit,-2.77,45.51423645019531,44.38947677612305,11,True,278.47,13996.84
8188,ACN,2023-06-22,2023-07-07,time_exit,-0.78,289.85455322265625,288.44891357421875,11,True,278.47,13994.67
8189,MPC,2023-06-22,2023-07-07,time_exit,5.62,104.48888397216795,110.67830657958984,11,True,278.47,14010.32
8190,VLO,2023-06-22,2023-07-07,time_exit,3.77,100.84783172607422,104.94970703125,11,True,278.47,14020.82
8191,HOOD,2023-06-22,2023-07-07,time_exit,13.88,9.449999809265137,10.789999961853027,11,True,278.47,14059.47
8192,CAT,2023-06-23,2023-07-10,time_exit,5.83,223.6570281982422,237.36610412597656,11,True,278.68,14075.72
8193,BA,2023-06-23,2023-07-10,time_exit,3.55,205.41000366210935,213.30999755859372,11,True,278.68,14085.61
8194,AMD,2023-06-23,2023-07-10,time_exit,2.95,110.01000213623048,113.58000183105467,11,True,278.68,14093.83
8195,PNC,2023-06-23,2023-07-10,time_exit,1.59,108.78868103027344,110.8489761352539,11,True,278.68,14098.26
8196,PSX,2023-06-23,2023-07-10,time_exit,10.12,81.5395278930664,90.03807830810547,11,True,278.68,14126.46
8197,SLB,2023-06-23,2023-07-10,time_exit,14.79,43.17430877685547,49.68890380859375,11,True,278.68,14167.68
8198,XOM,2023-06-23,2023-07-10,time_exit,1.94,92.03523254394533,94.09343719482422,11,True,278.68,14173.09
8199,CMCSA,2023-06-23,2023-07-10,time_exit,4.82,33.4244270324707,35.13702774047852,11,True,278.68,14186.52
8200,ADP,2023-06-23,2023-07-10,time_exit,4.58,199.28173828125,209.0020904541016,11,True,278.68,14199.28
8201,RTX,2023-06-23,2023-07-10,time_exit,0.29,90.65080261230467,91.1839828491211,11,True,278.68,14200.09
8202,GILD,2023-06-26,2023-07-11,time_exit,-0.87,69.36759948730469,68.96894836425781,11,True,278.68,14197.67
8203,ABBV,2023-06-26,2023-07-11,time_exit,0.16,120.3350830078125,120.88794708251952,11,True,278.68,14198.11
8204,PLD,2023-06-26,2023-07-11,time_exit,3.24,108.15100860595705,111.97686004638672,11,True,278.68,14207.14
8205,DUK,2023-06-26,2023-07-11,time_exit,-0.26,80.23546600341797,80.27079772949219,11,True,278.68,14206.42
8206,SBUX,2023-06-26,2023-07-11,time_exit,1.59,90.60971069335938,92.3254165649414,11,True,278.68,14210.85
8207,GD,2023-06-26,2023-07-11,time_exit,2.73,198.6171722412109,204.63912963867188,11,True,278.68,14218.46
8208,BRK-B,2023-06-26,2023-07-11,time_exit,2.47,334.1199951171875,343.3699951171875,11,True,278.68,14225.34
8209,MU,2023-06-27,2023-07-12,time_exit,-4.61,65.92778015136719,63.08499526977539,11,True,278.68,14212.49
8210,GS,2023-06-27,2023-07-12,time_exit,3.83,290.7569885253906,302.7695007324219,11,True,278.68,14223.17
8211,NFLX,2023-06-27,2023-07-12,time_exit,6.17,41.70800018310547,44.40499877929688,11,True,278.68,14240.36
8212,NEE,2023-06-27,2023-07-12,time_exit,-0.9,67.14363861083984,66.7439193725586,11,True,278.68,14237.85
8213,STX,2023-06-27,2023-07-12,time_exit,-1.09,57.93506240844727,57.47800064086914,11,True,278.68,14234.81
8214,MMM,2023-06-28,2023-07-13,time_exit,4.05,74.77944946289062,78.03404235839844,11,True,278.68,14246.1
8215,PFE,2023-06-28,2023-07-13,time_exit,-0.93,29.593467712402344,29.405912399291992,11,True,278.68,14243.51
8228,UNH,2023-07-06,2023-07-20,time_exit,7.13,441.7640075683594,474.5931396484375,11,True,279.67,14263.45
8229,KKR,2023-07-06,2023-07-20,time_exit,12.83,52.69413375854492,59.61446380615234,11,True,279.67,14299.33
8230,FCX,2023-07-06,2023-07-20,time_exit,10.61,36.32952117919922,40.29201889038086,11,True,279.67,14329.0
8231,JNJ,2023-07-06,2023-07-20,time_exit,3.9,147.32444763183594,153.5055389404297,11,True,279.67,14339.91
8232,AMGN,2023-07-07,2023-07-21,time_exit,7.1,198.24729919433597,212.90843200683597,11,True,281.19,14359.88
8233,SYK,2023-07-07,2023-07-21,time_exit,0.15,285.7864074707031,287.068359375,11,True,281.19,14360.3
8234,PGR,2023-07-07,2023-07-21,time_exit,-5.53,119.98272705078124,113.70297241210938,11,True,281.19,14344.75
8235,ABT,2023-07-07,2023-07-21,time_exit,7.68,99.4332046508789,107.36929321289062,11,True,281.19,14366.34
8236,AMZN,2023-07-10,2023-07-24,time_exit,1.01,127.12999725341795,128.8000030517578,11,True,284.0,14369.21
8237,MSFT,2023-07-10,2023-07-24,time_exit,3.7,323.55084228515625,336.49951171875,11,True,284.0,14379.72
8238,VZ,2023-07-11,2023-07-25,time_exit,-2.44,28.61173439025879,27.998449325561523,11,True,284.51,14372.78
8239,AMAT,2023-07-11,2023-07-25,time_exit,1.52,134.0819091796875,136.51870727539062,11,True,284.51,14377.1
8240,GOOGL,2023-07-11,2023-07-25,time_exit,4.03,116.11042022705078,121.1358642578125,11,True,284.51,14388.57
8241,GOOG,2023-07-11,2023-07-25,time_exit,4.02,116.6812515258789,121.71685791015624,11,True,284.51,14400.0
8242,T,2023-07-11,2023-07-25,time_exit,-3.12,13.001558303833008,12.634476661682127,11,True,284.51,14391.13
8243,UBER,2023-07-11,2023-07-25,time_exit,6.03,44.36000061035156,47.16999816894531,11,True,284.51,14408.28
8244,LRCX,2023-07-11,2023-07-25,time_exit,4.68,60.29919052124024,63.29945373535156,11,True,284.51,14421.6
8245,KO,2023-07-11,2023-07-25,time_exit,4.29,54.49069213867188,56.99001693725586,11,True,284.51,14433.8
8246,KLAC,2023-07-11,2023-07-25,time_exit,1.14,44.74491882324219,45.39056396484375,11,True,284.51,14437.05
8247,MCK,2023-07-12,2023-07-26,time_exit,-1.52,402.7919006347656,397.8847351074219,11,True,284.7,14432.72
8248,LLY,2023-07-12,2023-07-26,time_exit,2.65,430.6923522949219,443.3902282714844,11,True,284.7,14440.26
8249,RTX,2023-07-14,2023-07-28,time_exit,-9.48,89.95858764648438,81.69889068603516,11,True,284.87,14413.26
8250,HCA,2023-07-17,2023-07-31,time_exit,-6.83,285.1340026855469,266.5229797363281,11,True,284.87,14393.8
8251,BMY,2023-07-17,2023-07-31,time_exit,0.25,53.70703887939453,54.00228118896485,11,True,284.87,14394.51
8252,XOM,2023-07-17,2023-07-31,time_exit,5.48,91.11846923828124,96.38533782958984,11,True,284.87,14410.13
8253,MDT,2023-07-18,2023-08-01,time_exit,0.95,78.4692153930664,79.44782257080078,11,True,284.87,14412.83
8254,TMUS,2023-07-18,2023-08-01,time_exit,-1.16,131.63914489746094,130.50767517089844,11,True,284.87,14409.53
8255,WELL,2023-07-18,2023-08-01,time_exit,7.33,73.59298706054688,79.21076202392578,11,True,284.87,14430.41
8256,DELL,2023-07-18,2023-08-01,time_exit,-0.46,50.94712448120117,50.86314010620117,11,True,284.87,14429.1
8257,AMD,2023-07-20,2023-08-03,time_exit,2.33,110.25,113.1500015258789,11,True,286.8,14435.78
8258,STX,2023-07-21,2023-08-04,time_exit,11.74,55.60310363769531,62.30047607421875,11,True,287.33,14469.51
8259,AXP,2023-07-21,2023-08-04,time_exit,-3.13,164.39382934570312,159.74844360351562,11,True,287.33,14460.52
8260,PM,2023-07-21,2023-08-04,time_exit,-1.64,85.7618408203125,84.60978698730469,11,True,287.33,14455.81
8261,TSLA,2023-07-24,2023-08-07,time_exit,-6.85,269.0599975585937,251.4499969482422,11,True,287.59,14436.11
8262,NFLX,2023-07-24,2023-08-07,time_exit,2.59,42.83700180053711,44.07600021362305,11,True,287.59,14443.56
8263,DIS,2023-07-25,2023-08-08,time_exit,2.62,83.02368927001953,85.44760131835938,11,True,288.74,14451.12
8264,SYK,2023-07-25,2023-08-08,time_exit,-3.25,282.52325439453125,274.19061279296875,11,True,288.74,14441.74
8265,ISRG,2023-07-25,2023-08-08,time_exit,-8.77,330.8999938964844,302.8699951171875,11,True,288.74,14416.41
8266,LMT,2023-07-25,2023-08-08,time_exit,-1.33,416.4757995605469,412.1840515136719,11,True,288.74,14412.57
8267,MCD,2023-07-25,2023-08-08,time_exit,-1.25,270.4901428222656,267.9181823730469,11,True,288.74,14408.96
8268,ORCL,2023-07-26,2023-08-09,time_exit,-2.38,111.49353790283205,109.17678833007812,11,True,288.81,14402.09
8269,MSFT,2023-07-26,2023-08-09,time_exit,-4.9,329.34259033203125,314.1903686523437,11,True,288.81,14387.94
8270,VRT,2023-07-26,2023-08-09,time_exit,37.11,25.248403549194336,34.69414138793945,11,True,288.81,14495.11
8271,UPS,2023-07-26,2023-08-09,time_exit,-3.02,153.91864013671875,149.7282257080078,11,True,288.81,14486.39
8272,ETN,2023-07-26,2023-08-09,time_exit,7.41,194.8125457763672,209.83444213867188,11,True,288.81,14507.79
8273,PH,2023-07-26,2023-08-09,time_exit,6.94,380.5573120117188,408.1017456054688,11,True,288.81,14527.84
8274,FTNT,2023-07-27,2023-08-10,time_exit,-21.22,76.58000183105469,60.560001373291016,11,True,288.81,14466.55
8275,MCK,2023-07-27,2023-08-10,time_exit,6.72,399.5795593261719,427.64300537109375,11,True,288.81,14485.96
8276,WM,2023-07-27,2023-08-10,time_exit,-2.82,156.6082000732422,152.65408325195312,11,True,288.81,14477.82
8277,NEM,2023-07-28,2023-08-11,time_exit,-5.56,39.7082405090332,37.62079620361328,11,True,288.27,14461.79
8278,CDNS,2023-07-31,2023-08-14,time_exit,-2.91,234.00999450683597,227.8999938964844,11,True,288.2,14453.4
8279,SPGI,2023-07-31,2023-08-14,time_exit,-1.78,363.4705505371094,358.1085205078125,11,True,288.2,14448.27
8280,CRM,2023-07-31,2023-08-14,time_exit,-6.06,221.18338012695312,208.45364379882807,11,True,288.2,14430.81
8281,KKR,2023-07-31,2023-08-14,time_exit,3.74,58.04076385498047,60.38664245605469,11,True,288.2,14441.58
8282,ICE,2023-08-01,2023-08-15,time_exit,-1.11,110.78949737548828,109.89387512207033,11,True,288.58,14438.38
8283,PFE,2023-08-01,2023-08-15,time_exit,-0.92,29.362478256225582,29.181072235107425,11,True,288.58,14435.73
8284,MRK,2023-08-01,2023-08-15,time_exit,2.91,95.98921966552734,99.0709457397461,11,True,288.58,14444.12
8285,MO,2023-08-01,2023-08-15,time_exit,-4.97,35.9476318359375,34.268802642822266,11,True,288.58,14429.78
8286,UBER,2023-08-02,2023-08-16,time_exit,-7.35,46.959999084472656,43.650001525878906,11,True,288.58,14408.57
8287,SBUX,2023-08-02,2023-08-16,time_exit,-2.87,94.2071533203125,91.78839111328124,11,True,288.58,14400.29
8288,SCHW,2023-08-02,2023-08-16,time_exit,-7.43,62.4560432434082,58.00399398803711,11,True,288.58,14378.85
8289,ABNB,2023-08-02,2023-08-16,time_exit,-11.18,144.55999755859375,128.8300018310547,11,True,288.58,14346.58
8290,PLD,2023-08-02,2023-08-16,time_exit,-1.78,112.39488983154295,110.73187255859376,11,True,288.58,14341.45
8291,COST,2023-08-02,2023-08-16,time_exit,0.91,529.8231811523438,536.2499389648438,11,True,288.58,14344.07
8292,BKNG,2023-08-02,2023-08-16,time_exit,10.46,112.99649810791016,125.15544128417967,11,True,288.58,14374.26
8293,CVS,2023-08-02,2023-08-16,time_exit,-5.13,68.1429672241211,64.8521957397461,11,True,288.58,14359.45
8294,NEE,2023-08-02,2023-08-16,time_exit,-6.35,65.32673645019531,61.37498092651367,11,True,288.58,14341.13
8295,VRTX,2023-08-02,2023-08-16,time_exit,-4.48,358.3999938964844,343.4100036621094,11,True,288.58,14328.2
8296,T,2023-08-02,2023-08-16,time_exit,-2.04,12.250321388244627,12.036898612976074,11,True,288.58,14322.31
8297,NVDA,2023-08-02,2023-08-16,time_exit,-2.07,44.18293380737305,43.40144729614258,11,True,288.58,14316.34
8298,PANW,2023-08-03,2023-08-17,time_exit,-12.88,118.7249984741211,103.78500366210938,11,True,288.72,14279.15
8299,COF,2023-08-03,2023-08-17,time_exit,-6.75,107.22520446777344,100.3040542602539,11,True,288.72,14259.67
8300,DELL,2023-08-03,2023-08-17,time_exit,2.22,50.99656295776367,52.283145904541016,11,True,288.72,14266.07
8301,MA,2023-08-03,2023-08-17,time_exit,-0.4,386.0615234375,385.6783752441406,11,True,288.72,14264.92
8302,BX,2023-08-03,2023-08-17,time_exit,-5.96,93.2799072265625,87.9981918334961,11,True,288.72,14247.71
8303,TXN,2023-08-03,2023-08-17,time_exit,-3.82,157.6663360595703,152.1232452392578,11,True,288.72,14236.68
8304,C,2023-08-03,2023-08-17,time_exit,-7.35,41.67293930053711,38.73539733886719,11,True,288.72,14215.46
8305,NOW,2023-08-03,2023-08-17,time_exit,-3.29,112.08000183105467,108.72799682617188,11,True,288.72,14205.96
8306,PWR,2023-08-03,2023-08-17,time_exit,-1.74,202.5996551513672,199.6802978515625,11,True,288.72,14200.94
8307,HWM,2023-08-03,2023-08-17,time_exit,0.59,47.78476333618164,48.21124649047852,11,True,288.72,14202.64
8311,AVGO,2023-08-04,2023-08-18,time_exit,-6.63,85.04145812988281,79.65816497802734,11,True,289.12,14183.48
8312,MCO,2023-08-04,2023-08-18,time_exit,-3.91,331.1122131347656,319.1659851074219,11,True,289.12,14172.17
8313,JCI,2023-08-04,2023-08-18,time_exit,-5.83,59.805931091308594,56.499267578125,11,True,289.12,14155.32
8316,DASH,2023-08-07,2023-08-21,time_exit,-9.5,84.36000061035156,76.5999984741211,11,True,288.87,14127.87
8317,HD,2023-08-08,2023-08-22,time_exit,-1.32,303.81414794921875,300.7279968261719,11,True,288.18,14124.07
8318,ADI,2023-08-08,2023-08-22,time_exit,-5.63,177.2384490966797,167.78814697265625,11,True,288.18,14107.84
8319,ACN,2023-08-08,2023-08-22,time_exit,-2.28,298.38629150390625,292.4687194824219,11,True,288.18,14101.27
8320,SLB,2023-08-08,2023-08-22,time_exit,-3.89,54.22040557861328,52.27436828613281,11,True,288.18,14090.06
8321,BAC,2023-08-08,2023-08-22,time_exit,-9.35,29.0078182220459,26.38255500793457,11,True,288.18,14063.12
8332,AAPL,2023-08-09,2023-08-23,time_exit,1.48,175.57501220703125,178.70303344726562,11,True,290.56,14067.42
8333,ADBE,2023-08-09,2023-08-23,time_exit,3.0,513.780029296875,530.7100219726562,11,True,290.56,14076.14
8334,AXP,2023-08-10,2023-08-24,time_exit,-3.82,157.94244384765625,152.3892364501953,11,True,289.56,14065.07
8335,AMAT,2023-08-10,2023-08-24,time_exit,-1.53,140.95364379882812,139.21780395507812,11,True,289.56,14060.64
8336,PM,2023-08-11,2023-08-25,time_exit,-1.43,84.5658187866211,83.60724639892578,11,True,289.24,14056.51
8337,PLTR,2023-08-11,2023-08-25,time_exit,-6.01,15.40999984741211,14.529999732971191,11,True,289.24,14039.13
8338,TSLA,2023-08-11,2023-08-25,time_exit,-1.97,242.6499938964844,238.58999633789065,11,True,289.24,14033.43
8339,ORCL,2023-08-11,2023-08-25,time_exit,2.35,109.1381607055664,112.03409576416016,11,True,289.24,14040.22
8340,AMD,2023-08-11,2023-08-25,time_exit,-5.25,107.56999969482422,102.25,11,True,289.24,14025.04
8341,GS,2023-08-11,2023-08-25,time_exit,-6.34,316.0620422363281,296.9719543457031,11,True,289.24,14006.7
8342,TMO,2023-08-11,2023-08-25,time_exit,-0.7,538.5858764648438,536.4168090820312,11,True,289.24,14004.68
8345,QCOM,2023-08-14,2023-08-28,time_exit,-2.35,106.82857513427734,104.63617706298828,11,True,288.83,13997.89
8346,CSX,2023-08-14,2023-08-28,time_exit,-0.17,29.44611358642578,29.48433494567871,11,True,288.83,13997.4
8347,LRCX,2023-08-14,2023-08-28,time_exit,-0.43,64.95047760009766,64.86480712890625,11,True,288.83,13996.16
8351,PGR,2023-08-15,2023-08-29,time_exit,5.46,114.30625915527344,120.88768768310548,11,True,288.6,14011.91
8352,USB,2023-08-15,2023-08-29,time_exit,-3.38,32.94338607788086,31.92812156677246,11,True,288.6,14002.16
8353,LIN,2023-08-16,2023-08-30,time_exit,2.16,363.5694580078125,372.5095520019531,11,True,286.33,14008.34
8354,WM,2023-08-16,2023-08-30,time_exit,-1.17,152.83555603027344,151.49842834472656,11,True,286.33,14004.99
8355,LMT,2023-08-16,2023-08-30,time_exit,1.34,408.20404052734375,414.880126953125,11,True,286.33,14008.83
8356,GD,2023-08-16,2023-08-30,time_exit,1.33,210.6789703369141,214.1182098388672,11,True,286.33,14012.64
8357,BLK,2023-08-16,2023-08-30,time_exit,3.21,627.4566650390625,649.4564208984375,11,True,286.33,14021.83
8358,BNY,2023-08-17,2023-08-31,time_exit,1.45,40.99497985839844,41.71076965332031,11,True,284.05,14025.95
8359,MDT,2023-08-17,2023-08-31,time_exit,-0.37,73.90242004394531,73.8480453491211,11,True,284.05,14024.9
8360,DHR,2023-08-17,2023-08-31,time_exit,4.52,220.34556579589844,230.9610748291016,11,True,284.05,14037.74
8361,UPS,2023-08-17,2023-08-31,time_exit,-1.08,143.81602478027344,142.68728637695312,11,True,284.05,14034.67
8362,NEM,2023-08-17,2023-08-31,time_exit,1.67,36.1885986328125,36.900020599365234,11,True,284.05,14039.41
8363,PANW,2023-08-18,2023-09-01,time_exit,15.45,104.84500122070312,121.36000061035156,11,True,283.11,14083.15
8364,PG,2023-08-18,2023-09-01,time_exit,0.99,140.95675659179688,142.77716064453125,11,True,283.11,14085.96
8365,LOW,2023-08-18,2023-09-01,time_exit,5.7,206.5813751220703,218.9752655029297,11,True,283.11,14102.09
8366,HCA,2023-08-18,2023-09-01,time_exit,4.07,262.8399353027344,274.3387145996094,11,True,283.11,14113.62
8367,INTU,2023-08-18,2023-09-01,time_exit,12.8,474.6103210449219,536.7639770507812,11,True,283.11,14149.85
8368,ETN,2023-08-18,2023-09-01,time_exit,8.56,206.77114868164065,225.0930328369141,11,True,283.11,14174.09
8369,CDNS,2023-08-18,2023-09-01,time_exit,10.13,220.5500030517578,243.55999755859372,11,True,283.11,14202.77
8370,NOW,2023-08-18,2023-09-01,time_exit,8.82,108.3000030517578,118.1760025024414,11,True,283.11,14227.74
8371,IBM,2023-08-18,2023-09-01,time_exit,4.32,128.92083740234375,134.87413024902344,11,True,283.11,14239.97
8372,SYK,2023-08-18,2023-09-01,time_exit,2.05,269.8980407714844,276.2494506835937,11,True,283.11,14245.77
8373,SBUX,2023-08-18,2023-09-01,time_exit,0.49,90.16554260253906,90.87960052490234,11,True,283.11,14247.16
8374,KKR,2023-08-18,2023-09-01,time_exit,3.02,59.00333404541016,60.96357345581055,11,True,283.11,14255.71
8375,ICE,2023-08-18,2023-09-01,time_exit,2.57,109.54717254638672,112.68672943115234,11,True,283.11,14262.98
8376,CRM,2023-08-18,2023-09-01,time_exit,7.85,201.3466033935547,217.7626190185547,11,True,283.11,14285.21
8377,CRWD,2023-08-18,2023-09-01,time_exit,9.53,36.70000076293945,40.307498931884766,11,True,283.11,14312.19
8378,PLD,2023-08-18,2023-09-01,time_exit,2.27,110.38655090332033,113.22185516357422,11,True,283.11,14318.61
8379,MCK,2023-08-18,2023-09-01,time_exit,-2.08,414.2813415527344,406.9080505371094,11,True,283.11,14312.72
8400,TMUS,2023-08-21,2023-09-05,time_exit,0.69,128.88180541992188,130.1558837890625,11,True,282.56,14314.67
8414,UNH,2023-08-22,2023-09-06,time_exit,-3.43,463.3928833007813,448.8983459472656,11,True,281.26,14305.03
8415,JNJ,2023-08-22,2023-09-06,time_exit,-4.43,151.35401916503906,145.09750366210938,11,True,281.26,14292.57
8416,WMB,2023-08-23,2023-09-07,time_exit,-1.77,30.83310890197754,30.37993812561035,11,True,281.52,14287.58
8417,JPM,2023-08-23,2023-09-07,time_exit,-2.78,137.95782470703125,134.54095458984375,11,True,281.52,14279.76
8418,MPC,2023-08-23,2023-09-07,time_exit,5.03,135.0205535888672,142.22166442871094,11,True,281.52,14293.92
8419,PSX,2023-08-23,2023-09-07,time_exit,5.48,101.68692016601562,107.56565856933594,11,True,281.52,14309.35
8420,ADI,2023-08-23,2023-09-07,time_exit,0.73,168.5669708251953,170.30345153808594,11,True,281.52,14311.4
8431,MAR,2023-08-24,2023-09-08,time_exit,3.05,193.2873992919922,199.7630615234375,11,True,281.21,14319.98
8432,WDC,2023-08-25,2023-09-11,time_exit,8.34,29.712793350219727,32.27852249145508,11,True,280.09,14343.34
8433,CMCSA,2023-08-25,2023-09-11,time_exit,-0.76,38.176368713378906,38.00004959106445,11,True,280.09,14341.21
8434,FCX,2023-08-25,2023-09-11,time_exit,4.34,36.86782836914063,38.57992172241211,11,True,280.09,14353.36
8435,HD,2023-08-25,2023-09-11,time_exit,2.06,299.2265319824219,306.2765808105469,11,True,280.09,14359.13
8436,AXP,2023-08-25,2023-09-11,time_exit,-0.61,152.901123046875,152.4278564453125,11,True,280.09,14357.43
8437,AMZN,2023-08-25,2023-09-11,time_exit,7.08,133.25999450683594,143.10000610351562,11,True,280.09,14377.26
8438,MS,2023-08-25,2023-09-11,time_exit,0.05,75.91393280029297,76.17847442626953,11,True,280.09,14377.4
8439,DELL,2023-08-30,2023-09-14,time_exit,27.48,53.07416915893555,67.8175277709961,11,True,280.44,14454.46
8440,SO,2023-09-01,2023-09-18,time_exit,5.25,60.6191291809082,63.98284530639648,11,True,286.25,14469.49
8441,WM,2023-09-05,2023-09-19,time_exit,1.84,149.9798126220703,153.1887969970703,11,True,286.29,14474.76
8442,ABBV,2023-09-05,2023-09-19,time_exit,4.76,131.7218475341797,138.3845672607422,11,True,286.29,14488.38
8443,PEP,2023-09-05,2023-09-19,time_exit,2.09,157.95541381835938,161.72837829589844,11,True,286.29,14494.37
8444,GLW,2023-09-06,2023-09-20,time_exit,-1.05,29.921384811401367,29.69598960876465,11,True,285.85,14491.37
8445,ICE,2023-09-06,2023-09-20,time_exit,1.6,109.41234588623048,111.48906707763672,11,True,285.85,14495.94
8446,PM,2023-09-06,2023-09-20,time_exit,4.15,82.2705078125,85.9289321899414,11,True,285.85,14507.8
8447,MDT,2023-09-06,2023-09-20,time_exit,0.65,73.1322250366211,73.82994842529297,11,True,285.85,14509.66
8448,ABT,2023-09-06,2023-09-20,time_exit,-1.56,95.41014099121094,94.20764923095705,11,True,285.85,14505.2
8449,KO,2023-09-06,2023-09-20,time_exit,-0.09,53.8132209777832,53.92642211914063,11,True,285.85,14504.94
8450,PLD,2023-09-06,2023-09-20,time_exit,0.01,110.30474853515624,110.65193939208984,11,True,285.85,14504.97
8451,COF,2023-09-06,2023-09-20,time_exit,-1.19,96.85780334472656,95.99861907958984,11,True,285.85,14501.57
8452,GD,2023-09-07,2023-09-21,time_exit,1.16,206.06195068359372,209.06771850585935,11,True,286.23,14504.89
8453,LMT,2023-09-07,2023-09-21,time_exit,-2.27,393.2134094238281,385.4588928222656,11,True,286.23,14498.39
8454,PFE,2023-09-07,2023-09-21,time_exit,-4.47,28.265817642211918,27.08669853210449,11,True,286.23,14485.6
8455,AAPL,2023-09-07,2023-09-21,time_exit,-2.34,175.1905059814453,171.6089630126953,11,True,286.23,14478.9
8456,HCA,2023-09-07,2023-09-21,time_exit,-6.87,265.6242370605469,248.16668701171875,11,True,286.23,14459.24
8457,CVS,2023-09-07,2023-09-21,time_exit,9.29,58.50253677368164,64.11199188232422,11,True,286.23,14485.83
8458,UPS,2023-09-07,2023-09-21,time_exit,-4.5,136.65634155273438,130.92022705078125,11,True,286.23,14472.95
8459,DIS,2023-09-07,2023-09-21,time_exit,2.38,78.1176986694336,80.21196746826172,11,True,286.23,14479.76
8460,BAC,2023-09-08,2023-09-22,time_exit,-2.84,26.527576446533203,25.85409545898437,11,True,286.4,14471.63
8461,RTX,2023-09-08,2023-09-22,time_exit,-14.55,78.63311004638672,67.42403411865234,11,True,286.4,14429.96
8462,QCOM,2023-09-08,2023-09-22,time_exit,1.15,100.14974975585938,101.60283660888672,11,True,286.4,14433.25
8463,TXN,2023-09-08,2023-09-22,time_exit,-2.94,151.1137237548828,147.12159729003906,11,True,286.4,14424.83
8464,UNP,2023-09-08,2023-09-22,time_exit,-1.51,198.25384521484372,195.8575897216797,11,True,286.4,14420.5
8465,PNC,2023-09-08,2023-09-22,time_exit,3.05,104.64449310302734,108.15261840820312,11,True,286.4,14429.24
8466,JPM,2023-09-08,2023-09-22,time_exit,1.02,134.6439208984375,136.4225616455078,11,True,286.4,14432.16
8467,APH,2023-09-11,2023-09-25,time_exit,-3.75,42.19023513793945,40.73320770263672,11,True,287.55,14421.38
8468,BA,2023-09-11,2023-09-25,time_exit,-6.1,211.00999450683597,198.77999877929688,11,True,287.55,14403.84
8469,NVDA,2023-09-11,2023-09-25,time_exit,-6.84,45.0938720703125,42.14338302612305,11,True,287.55,14384.17
8470,DHR,2023-09-11,2023-09-25,time_exit,0.45,218.03598022460935,219.66575622558597,11,True,287.55,14385.46
8471,HWM,2023-09-11,2023-09-25,time_exit,-3.52,47.44755554199219,45.920188903808594,11,True,287.55,14375.34
8472,ELV,2023-09-12,2023-09-26,time_exit,0.34,425.369873046875,428.1019287109375,11,True,287.55,14376.32
8473,PWR,2023-09-12,2023-09-26,time_exit,-9.9,203.7454376220703,184.1769561767578,11,True,287.55,14347.85
8474,AMAT,2023-09-12,2023-09-26,time_exit,-7.17,140.6342315673828,130.97337341308594,11,True,287.55,14327.23
8475,MS,2023-09-12,2023-09-26,time_exit,-4.25,78.03936004638672,74.95610809326172,11,True,287.55,14315.01
8476,CAT,2023-09-13,2023-09-27,time_exit,-1.46,264.5327453613281,261.4552307128906,11,True,287.55,14310.82
8477,TMO,2023-09-13,2023-09-27,time_exit,-2.7,506.0199279785156,493.8687133789063,11,True,287.55,14303.05
8478,STX,2023-09-13,2023-09-27,time_exit,2.21,59.12902069091797,60.61235809326172,11,True,287.55,14309.41
8479,ACN,2023-09-13,2023-09-27,time_exit,-0.15,297.2122802734375,297.65728759765625,11,True,287.55,14308.98
8480,CSCO,2023-09-13,2023-09-27,time_exit,-5.77,51.99643325805664,49.15085983276367,11,True,287.55,14292.38
8481,HOOD,2023-09-14,2023-09-28,time_exit,-8.72,10.56999969482422,9.68000030517578,11,True,289.09,14267.18
8482,ADP,2023-09-14,2023-09-28,time_exit,-2.31,232.55511474609372,227.8907165527344,11,True,289.09,14260.5
8483,BMY,2023-09-14,2023-09-28,time_exit,-2.57,51.65775680541992,50.4854850769043,11,True,289.09,14253.07
8484,MA,2023-09-14,2023-09-28,time_exit,-3.66,406.0321044921875,392.3778076171875,11,True,289.09,14242.49
8485,PANW,2023-09-15,2023-09-29,time_exit,-2.7,120.0999984741211,117.22000122070312,11,True,289.09,14234.68
8486,SCHW,2023-09-15,2023-09-29,time_exit,-6.0,55.86422729492188,52.67856216430664,11,True,289.09,14217.34
8487,USB,2023-09-15,2023-09-29,time_exit,-4.84,30.76407814025879,29.36834144592285,11,True,289.09,14203.34
8488,IBM,2023-09-15,2023-09-29,time_exit,-4.2,133.09634399414062,127.9088897705078,11,True,289.09,14191.2
8489,ISRG,2023-09-15,2023-09-29,time_exit,-1.4,295.5400085449219,292.2900085449219,11,True,289.09,14187.16
8491,AVGO,2023-09-18,2023-10-02,time_exit,-1.54,81.98858642578125,80.97553253173828,11,True,289.39,14182.7
8499,CRM,2023-09-19,2023-10-03,time_exit,-7.66,212.03175354003903,196.43165588378903,11,True,289.89,14160.49
8500,SBUX,2023-09-19,2023-10-03,time_exit,-6.4,88.36649322509766,82.9786376953125,11,True,289.89,14141.94
8501,TJX,2023-09-19,2023-10-03,time_exit,-3.76,87.52094268798828,84.49137115478516,11,True,289.89,14131.04
8507,LRCX,2023-09-20,2023-10-04,time_exit,1.88,60.42677307128906,61.74689483642578,11,True,290.03,14136.49
8508,VRT,2023-09-21,2023-10-05,time_exit,4.82,36.18871688842773,38.0419921875,11,True,289.6,14150.45
8509,PEP,2023-09-21,2023-10-05,time_exit,-9.01,159.06190490722656,145.20364379882812,11,True,289.6,14124.36
8510,WMB,2023-09-21,2023-10-05,time_exit,-0.57,30.11703491210937,30.03600311279297,11,True,289.6,14122.71
8511,DELL,2023-09-21,2023-10-05,time_exit,-3.59,65.22528076171875,63.08097457885742,11,True,289.6,14112.31
8512,JCI,2023-09-22,2023-10-06,time_exit,-5.38,52.90863800048828,50.22243881225586,11,True,288.64,14096.78
8513,GOOG,2023-09-22,2023-10-06,time_exit,5.4,130.10293579101562,137.5175323486328,11,True,288.64,14112.37
8514,VZ,2023-09-22,2023-10-06,time_exit,-5.62,27.21344757080078,25.764862060546875,11,True,288.64,14096.15
8515,MU,2023-09-22,2023-10-06,time_exit,1.44,68.11874389648438,69.3022232055664,11,True,288.64,14100.3
8516,MCO,2023-09-22,2023-10-06,time_exit,-2.49,316.4332580566406,309.4939880371094,11,True,288.64,14093.12
8517,INTU,2023-09-22,2023-10-06,time_exit,4.75,496.6922302246094,521.7520751953125,11,True,288.64,14106.83
8518,MCD,2023-09-22,2023-10-06,time_exit,-9.12,253.21090698242188,230.8867645263672,11,True,288.64,14080.5
8519,SYK,2023-09-22,2023-10-06,time_exit,-6.85,277.0555725097656,258.914306640625,11,True,288.64,14060.73
8520,GOOGL,2023-09-22,2023-10-06,time_exit,5.33,129.10519409179688,136.37075805664062,11,True,288.64,14076.12
8521,LIN,2023-09-22,2023-10-06,time_exit,-0.14,360.08843994140625,360.6580810546875,11,True,288.64,14075.71
8522,PG,2023-09-22,2023-10-06,time_exit,-5.24,140.0697021484375,133.14840698242188,11,True,288.64,14060.59
8523,GE,2023-09-22,2023-10-06,time_exit,-0.03,87.35079193115234,87.5865249633789,11,True,288.64,14060.5
8524,UPS,2023-09-25,2023-10-09,time_exit,-0.28,129.97683715820312,130.0020751953125,11,True,287.51,14059.7
8525,HCA,2023-09-25,2023-10-09,time_exit,-2.49,249.2242126464844,243.7701110839844,11,True,287.51,14052.54
8526,BRK-B,2023-09-25,2023-10-09,time_exit,-4.8,361.7099914550781,345.45001220703125,11,True,287.51,14038.74
8527,HD,2023-09-25,2023-10-09,time_exit,-3.93,285.8687744140625,275.48760986328125,11,True,287.51,14027.44
8528,BAC,2023-09-25,2023-10-09,time_exit,-4.97,25.81668281555176,24.61003303527832,11,True,287.51,14013.15
8529,WELL,2023-09-25,2023-10-09,time_exit,-1.59,78.4585952758789,77.44944763183594,11,True,287.51,14008.58
8530,MRSH,2023-09-25,2023-10-09,time_exit,-1.12,185.88465881347656,184.362548828125,11,True,287.51,14005.36
8531,FCX,2023-09-25,2023-10-09,time_exit,-1.29,35.78093338012695,35.425045013427734,11,True,287.51,14001.65
8532,CRWD,2023-09-25,2023-10-09,time_exit,13.39,39.97999954223633,45.45500183105469,11,True,287.51,14040.15
8533,TXN,2023-09-25,2023-10-09,time_exit,-2.9,147.66307067871094,143.82693481445312,11,True,287.51,14031.81
8552,CDNS,2023-09-26,2023-10-10,time_exit,8.64,229.25999450683597,249.75,11,True,286.3,14056.54
8553,KLAC,2023-09-26,2023-10-10,time_exit,6.21,43.46839141845703,46.29819488525391,11,True,286.3,14074.32
8554,MO,2023-09-26,2023-10-10,time_exit,1.11,34.08431625366211,34.56425857543945,11,True,286.3,14077.5
8555,DE,2023-09-26,2023-10-10,time_exit,3.02,364.2954406738281,376.3745422363281,11,True,286.3,14086.15
8557,AMZN,2023-09-27,2023-10-11,time_exit,4.34,125.9800033569336,131.8300018310547,11,True,285.85,14098.55
8558,PLD,2023-09-27,2023-10-11,time_exit,0.73,101.81149291992188,102.86392211914062,11,True,285.85,14100.64
8559,CSX,2023-09-27,2023-10-11,time_exit,4.09,29.034048080444336,30.30932235717773,11,True,285.85,14112.33
8560,BX,2023-09-27,2023-10-11,time_exit,0.38,96.86164855957033,97.51617431640624,11,True,285.85,14113.42
8561,BA,2023-09-27,2023-10-11,time_exit,0.01,195.4600067138672,196.07000732421875,11,True,285.85,14113.45
8570,LLY,2023-09-28,2023-10-12,time_exit,11.83,533.3479614257812,598.0510864257812,11,True,284.85,14147.14
8571,NOW,2023-09-28,2023-10-12,time_exit,0.9,110.7040023803711,112.02999877929688,11,True,284.85,14149.71
8572,ABBV,2023-09-28,2023-10-12,time_exit,-1.92,137.2666015625,135.04364013671875,11,True,284.85,14144.24
8573,AAPL,2023-09-28,2023-10-12,time_exit,5.57,168.41220092773438,178.29849243164062,11,True,284.85,14160.1
8574,MS,2023-09-29,2023-10-13,time_exit,-5.05,74.50000762939453,70.96063995361328,11,True,283.74,14145.78
8575,NEE,2023-09-29,2023-10-13,time_exit,-5.19,52.4057502746582,49.84446334838867,11,True,283.74,14131.05
8576,KO,2023-09-29,2023-10-13,time_exit,-5.82,51.65641784667969,48.80506896972656,11,True,283.74,14114.54
8577,MPC,2023-09-29,2023-10-13,time_exit,-2.37,142.6458282470703,139.68618774414062,11,True,283.74,14107.81
8578,UNP,2023-10-02,2023-10-16,time_exit,3.74,189.6796722412109,197.3458709716797,11,True,283.65,14118.42
8579,WMT,2023-10-02,2023-10-16,time_exit,0.39,51.71199417114258,52.07052612304688,11,True,283.65,14119.53
8594,MRK,2023-10-03,2023-10-17,time_exit,2.06,93.42154693603516,95.62467193603516,11,True,282.62,14125.35
8595,SO,2023-10-03,2023-10-17,time_exit,4.51,57.74238204956055,60.51994323730469,11,True,282.62,14138.09
8596,GILD,2023-10-03,2023-10-17,time_exit,9.54,67.03701782226562,73.63368225097656,11,True,282.62,14165.06
8603,MA,2023-10-04,2023-10-18,time_exit,-0.29,386.79827880859375,386.8179016113281,11,True,282.73,14164.24
8616,UBER,2023-10-05,2023-10-19,time_exit,-4.54,44.61000061035156,42.720001220703125,11,True,282.25,14151.42
8617,NFLX,2023-10-05,2023-10-19,time_exit,7.53,37.25899887084961,40.17699813842773,11,True,282.25,14172.67
8618,VLO,2023-10-05,2023-10-19,time_exit,3.58,117.39041900634766,121.93942260742188,11,True,282.25,14182.78
8619,SLB,2023-10-05,2023-10-19,time_exit,7.95,51.55278778076172,55.80543518066406,11,True,282.25,14205.22
8623,GD,2023-10-06,2023-10-20,time_exit,6.52,208.4945526123047,222.7139587402344,11,True,281.21,14223.55
8624,PEP,2023-10-06,2023-10-20,time_exit,-0.48,145.37596130371094,145.11294555664062,11,True,281.21,14222.2
8625,DASH,2023-10-06,2023-10-20,time_exit,-2.23,74.51000213623047,73.06999969482422,11,True,281.21,14215.93
8626,CAT,2023-10-06,2023-10-20,time_exit,-6.15,255.06048583984372,240.15000915527344,11,True,281.21,14198.64
8627,GLW,2023-10-10,2023-10-24,time_exit,-8.47,27.470199584960938,25.22562599182129,11,True,281.72,14174.78
8628,DHR,2023-10-12,2023-10-26,time_exit,-7.85,206.2062530517578,190.64401245117188,11,True,283.2,14152.54
8629,MNST,2023-10-13,2023-10-27,time_exit,4.27,47.720001220703125,49.900001525878906,11,True,282.16,14164.59
8630,ACN,2023-10-13,2023-10-27,time_exit,-4.21,286.9600830078125,275.7509155273437,11,True,282.16,14152.71
8631,ISRG,2023-10-13,2023-10-27,time_exit,-5.49,273.1499938964844,258.9800109863281,11,True,282.16,14137.22
8632,HCA,2023-10-13,2023-10-27,time_exit,-5.41,232.4800262451172,220.60238647460935,11,True,282.16,14121.96
8633,SYK,2023-10-13,2023-10-27,time_exit,1.26,251.1522216796875,255.0770568847656,11,True,282.16,14125.51
8634,APP,2023-10-16,2023-10-30,time_exit,-5.85,38.88999938964844,36.72999954223633,11,True,282.39,14108.99
8635,BA,2023-10-16,2023-10-30,time_exit,-1.7,184.92999267578125,182.3500061035156,11,True,282.39,14104.19
8636,MRVL,2023-10-17,2023-10-31,time_exit,-11.49,52.73859405517578,46.83687210083008,11,True,283.3,14071.64
8637,NVDA,2023-10-17,2023-10-31,time_exit,-7.49,43.8561897277832,40.70405578613281,11,True,283.3,14050.42
8638,QCOM,2023-10-17,2023-10-31,time_exit,-3.16,105.86772918701172,102.8388900756836,11,True,283.3,14041.47
8639,BNY,2023-10-17,2023-10-31,time_exit,-1.47,40.38144302368164,39.908145904541016,11,True,283.3,14037.31
8640,IBM,2023-10-17,2023-10-31,time_exit,2.78,127.92711639404295,131.86561584472656,11,True,283.3,14045.18
8641,TXN,2023-10-17,2023-10-31,time_exit,-7.4,141.56930541992188,131.52174377441406,11,True,283.3,14024.22
8642,INTC,2023-10-17,2023-10-31,time_exit,0.92,35.46681594848633,35.89957427978516,11,True,283.3,14026.82
8643,ADI,2023-10-17,2023-10-31,time_exit,-9.15,164.7208251953125,150.13919067382812,11,True,283.3,14000.9
8644,BX,2023-10-18,2023-11-01,time_exit,-6.87,92.9980926513672,86.88768005371094,11,True,283.28,13981.44
8645,JNJ,2023-10-19,2023-11-02,time_exit,-1.67,139.8724822998047,137.9624786376953,11,True,284.1,13976.7
8646,FCX,2023-10-19,2023-11-02,time_exit,-0.92,34.02345657348633,33.81099319458008,11,True,284.1,13974.08
8647,SPGI,2023-10-19,2023-11-02,time_exit,4.83,330.19561767578125,347.15045166015625,11,True,284.1,13987.8
8648,PM,2023-10-19,2023-11-02,time_exit,-0.07,80.91287994384766,81.10015106201172,11,True,284.1,13987.61
8649,MCO,2023-10-19,2023-11-02,time_exit,4.59,304.0967712402344,318.9804992675781,11,True,284.1,14000.65
8650,VRT,2023-10-19,2023-11-02,time_exit,6.54,37.28474044799805,39.835487365722656,11,True,284.1,14019.23
8651,ABBV,2023-10-19,2023-11-02,time_exit,-1.85,132.5121612548828,130.4541473388672,11,True,284.1,14013.97
8652,GS,2023-10-20,2023-11-03,time_exit,8.89,280.6478881835937,306.4351806640625,11,True,283.97,14039.22
8653,PLD,2023-10-20,2023-11-03,time_exit,3.72,93.7397918701172,97.51024627685548,11,True,283.97,14049.78
8654,JPM,2023-10-20,2023-11-03,time_exit,-0.27,134.80755615234375,134.85470581054688,11,True,283.97,14049.01
8655,CMCSA,2023-10-20,2023-11-03,time_exit,0.45,36.22112274169922,36.49156188964844,11,True,283.97,14050.29
8656,AMD,2023-10-20,2023-11-03,time_exit,9.95,101.80999755859376,112.25,11,True,283.97,14078.55
8657,NOW,2023-10-20,2023-11-03,time_exit,11.54,108.5019989013672,121.35199737548828,11,True,283.97,14111.32
8658,MS,2023-10-20,2023-11-03,time_exit,5.25,66.70975494384766,70.41516876220703,11,True,283.97,14126.22
8659,HOOD,2023-10-20,2023-11-03,time_exit,5.83,9.130000114440918,9.6899995803833,11,True,283.97,14142.78
8660,AMAT,2023-10-20,2023-11-03,time_exit,3.9,131.01246643066406,136.51202392578125,11,True,283.97,14153.85
8661,DELL,2023-10-20,2023-11-03,time_exit,5.76,62.81412506103516,66.6189956665039,11,True,283.97,14170.21
8662,ANET,2023-10-20,2023-11-03,time_exit,13.87,46.52750015258789,53.122501373291016,11,True,283.97,14209.6
8663,REGN,2023-10-20,2023-11-03,time_exit,0.74,800.9119262695312,809.2631225585938,11,True,283.97,14211.7
8664,TMUS,2023-10-20,2023-11-03,time_exit,7.36,130.25100708007812,140.2344512939453,11,True,283.97,14232.6
8665,LOW,2023-10-20,2023-11-03,time_exit,2.63,179.4107666015625,184.67063903808597,11,True,283.97,14240.07
8666,LRCX,2023-10-20,2023-11-03,time_exit,5.32,58.619415283203125,61.91288757324219,11,True,283.97,14255.18
8667,WDC,2023-10-20,2023-11-03,time_exit,0.05,32.2484245300293,32.36128616333008,11,True,283.97,14255.32
8668,MU,2023-10-20,2023-11-03,time_exit,7.67,66.58799743652344,71.89759826660156,11,True,283.97,14277.1
8669,FTNT,2023-10-20,2023-11-03,time_exit,-10.73,56.36000061035156,50.47999954223633,11,True,283.97,14246.63
8670,BKNG,2023-10-23,2023-11-06,time_exit,5.09,110.43570709228516,116.38494110107422,11,True,283.97,14261.08
8671,AAPL,2023-10-23,2023-11-06,time_exit,3.3,170.69139099121094,176.8382568359375,11,True,283.97,14270.45
8672,MAR,2023-10-23,2023-11-06,time_exit,1.04,183.41835021972656,185.86859130859372,11,True,283.97,14273.41
8673,TSLA,2023-10-23,2023-11-06,time_exit,3.09,212.0800018310547,219.2700042724609,11,True,283.97,14282.18
8674,GOOG,2023-10-23,2023-11-06,time_exit,-4.98,136.69479370117188,130.30117797851562,11,True,283.97,14268.04
8675,GOOGL,2023-10-23,2023-11-06,time_exit,-4.88,135.3002471923828,129.10519409179688,11,True,283.97,14254.18
8676,CDNS,2023-10-23,2023-11-06,time_exit,3.81,239.9199981689453,249.7700042724609,11,True,283.97,14265.0
8715,VRTX,2023-10-26,2023-11-09,time_exit,1.72,361.2799987792969,368.5700073242188,11,True,283.05,14269.87
8726,COP,2023-10-27,2023-11-10,time_exit,-2.16,107.82671356201172,105.82212829589844,11,True,282.51,14263.77
8727,MA,2023-10-27,2023-11-10,time_exit,8.02,358.1614074707031,387.9689025878906,11,True,282.51,14286.43
8728,WELL,2023-10-30,2023-11-13,time_exit,4.84,77.21366882324219,81.18490600585938,11,True,282.08,14300.08
8729,ADP,2023-10-30,2023-11-13,time_exit,4.45,202.38638305664065,212.0055389404297,11,True,282.08,14312.63
8730,ISRG,2023-10-30,2023-11-13,time_exit,8.98,258.489990234375,282.4800109863281,11,True,282.08,14337.96
8731,DHR,2023-10-30,2023-11-13,time_exit,5.58,182.1985626220703,192.9080047607422,11,True,282.08,14353.7
8732,PH,2023-10-31,2023-11-14,time_exit,16.12,357.8702087402344,416.6468200683594,11,True,280.02,14398.84
8733,XOM,2023-10-31,2023-11-14,time_exit,-0.87,95.91588592529295,95.3664779663086,11,True,280.02,14396.41
8734,NEM,2023-11-01,2023-11-15,time_exit,-2.71,35.25049591064453,34.39925765991211,11,True,279.63,14388.83
8735,CVS,2023-11-01,2023-11-15,time_exit,0.28,61.82000350952149,62.17978286743164,11,True,279.63,14389.61
8736,ELV,2023-11-02,2023-11-16,time_exit,2.38,431.3019409179688,442.86041259765625,11,True,280.28,14396.28
8737,CVX,2023-11-07,2023-11-21,time_exit,0.49,127.38240814208984,128.38787841796875,11,True,285.3,14397.68
8738,GILD,2023-11-08,2023-11-22,time_exit,-3.12,71.27316284179688,69.26031494140625,11,True,285.3,14388.78
8739,ABBV,2023-11-09,2023-11-24,time_exit,0.16,125.70075225830078,126.27442932128906,11,True,285.4,14389.23
8740,LMT,2023-11-09,2023-11-24,time_exit,1.86,408.4641723632813,417.2804260253906,11,True,285.4,14394.54
8741,FCX,2023-11-10,2023-11-27,time_exit,8.34,32.52653503417969,35.336883544921875,11,True,285.73,14418.37
8742,NEE,2023-11-10,2023-11-27,time_exit,4.97,50.43904113769531,53.09962844848633,11,True,285.73,14432.57
8743,PFE,2023-11-10,2023-11-27,time_exit,1.94,24.635671615600582,25.187219619750977,11,True,285.73,14438.12
8744,MRK,2023-11-13,2023-11-28,time_exit,-2.53,94.06413269042967,91.96198272705078,11,True,287.07,14430.85
8745,RTX,2023-11-15,2023-11-30,time_exit,1.5,75.94857788085938,77.31497955322266,11,True,287.79,14435.17
8746,HOOD,2023-11-16,2023-12-01,time_exit,17.08,7.940000057220459,9.31999969482422,11,True,287.93,14484.35
8747,TJX,2023-11-16,2023-12-01,time_exit,0.46,85.30445861816406,85.95121002197266,11,True,287.93,14485.67
8748,XOM,2023-11-16,2023-12-01,time_exit,0.22,93.69306182861328,94.1776885986328,11,True,287.93,14486.31
8749,MNST,2023-11-17,2023-12-04,time_exit,0.39,54.790000915527344,55.16999816894531,11,True,287.93,14487.43
8750,UNH,2023-11-17,2023-12-04,time_exit,2.28,506.7237854003906,519.8201293945312,11,True,287.93,14493.99
8751,WMT,2023-11-20,2023-12-05,time_exit,-0.02,50.16160583496094,50.30049514770508,11,True,287.93,14493.94
8752,PG,2023-11-21,2023-12-06,time_exit,-2.28,139.12188720703125,136.3693389892578,11,True,287.95,14487.37
8753,DE,2023-11-22,2023-12-07,time_exit,-2.87,357.03778076171875,347.850830078125,11,True,287.78,14479.11
8754,SLB,2023-11-22,2023-12-07,time_exit,-7.58,48.87278747558594,45.31245422363281,11,True,287.78,14457.3
8755,AVGO,2023-11-28,2023-12-12,time_exit,13.01,91.77938079833984,103.99237060546876,11,True,288.62,14494.85
8756,NVDA,2023-11-28,2023-12-12,time_exit,-0.63,47.73195266723633,47.57244873046875,11,True,288.62,14493.03
8757,VRT,2023-11-29,2023-12-13,time_exit,13.12,42.13713836669922,47.79317855834961,11,True,288.62,14530.9
8758,WM,2023-11-29,2023-12-13,time_exit,5.63,162.8500518798828,172.5030975341797,11,True,288.62,14547.14
8759,MRK,2023-11-29,2023-12-13,time_exit,5.61,92.83403778076172,98.32350158691406,11,True,288.62,14563.34
8760,GD,2023-11-29,2023-12-13,time_exit,4.2,232.08929443359372,242.53582763671875,11,True,288.62,14575.46
8761,CVS,2023-11-30,2023-12-14,time_exit,9.32,61.11842727661133,67.00088500976562,11,True,288.7,14602.36
8762,BKNG,2023-11-30,2023-12-14,time_exit,9.76,122.42737579345705,134.7496337890625,11,True,288.7,14630.54
8763,BMY,2023-11-30,2023-12-14,time_exit,3.93,43.31399917602539,45.14725875854492,11,True,288.7,14641.89
8764,META,2023-11-30,2023-12-14,time_exit,1.54,324.30206298828125,330.2696838378906,11,True,288.7,14646.33
8765,GOOGL,2023-12-01,2023-12-15,time_exit,0.26,130.70103454589844,131.43455505371094,11,True,289.73,14647.09
8766,APP,2023-12-01,2023-12-15,time_exit,4.14,38.25,39.95000076293945,11,True,289.73,14659.08
8767,SBUX,2023-12-01,2023-12-15,time_exit,-2.77,92.49790954589844,90.2134246826172,11,True,289.73,14651.06
8768,GOOG,2023-12-01,2023-12-15,time_exit,0.09,132.15484619140625,132.6702880859375,11,True,289.73,14651.32
8769,DELL,2023-12-01,2023-12-15,time_exit,-0.73,68.9383544921875,68.64125061035156,11,True,289.73,14649.2
8770,AAPL,2023-12-04,2023-12-18,time_exit,3.11,187.1483459472656,193.5305633544922,11,True,289.88,14658.22
8771,ADBE,2023-12-04,2023-12-18,time_exit,-1.2,604.5599975585938,599.1300048828125,11,True,289.88,14654.74
8772,LLY,2023-12-04,2023-12-18,time_exit,-1.31,574.79736328125,568.9872436523438,11,True,289.88,14650.94
8773,BRK-B,2023-12-04,2023-12-18,time_exit,0.54,356.6600036621094,359.6499938964844,11,True,289.88,14652.51
8774,XOM,2023-12-04,2023-12-18,time_exit,-1.06,93.66561126708984,92.9523468017578,11,True,289.88,14649.43
8775,MU,2023-12-04,2023-12-18,time_exit,9.49,73.59152221679688,80.79315948486328,11,True,289.88,14676.94
8776,ANET,2023-12-04,2023-12-18,time_exit,10.72,53.775001525878906,59.70249938964844,11,True,289.88,14708.02
8777,MSFT,2023-12-04,2023-12-18,time_exit,0.65,361.424072265625,364.8606872558594,11,True,289.88,14709.9
8778,KLAC,2023-12-04,2023-12-18,time_exit,6.58,52.83419036865234,56.47077178955078,11,True,289.88,14728.98
8779,AMD,2023-12-04,2023-12-18,time_exit,16.85,118.56999969482422,138.89999389648438,11,True,289.88,14777.82
8780,MRSH,2023-12-05,2023-12-19,time_exit,-4.67,187.4849090576172,179.28271484375,11,True,289.88,14764.28
8781,PLTR,2023-12-05,2023-12-19,time_exit,-2.21,18.299999237060547,17.950000762939453,11,True,289.88,14757.88
8782,CMCSA,2023-12-05,2023-12-19,time_exit,7.13,35.16474533081055,37.7761116027832,11,True,289.88,14778.55
8783,MNST,2023-12-05,2023-12-19,time_exit,2.13,54.2599983215332,55.58000183105469,11,True,289.88,14784.72
8784,SYK,2023-12-05,2023-12-19,time_exit,0.21,282.930908203125,284.3625793457031,11,True,289.88,14785.33
8785,INTC,2023-12-05,2023-12-19,time_exit,11.01,41.365989685058594,46.0433464050293,11,True,289.88,14817.25
8786,MRVL,2023-12-05,2023-12-19,time_exit,17.37,50.28864288330078,59.17593765258789,11,True,289.88,14867.6
8787,AMAT,2023-12-05,2023-12-19,time_exit,10.77,143.07044982910156,158.90953063964844,11,True,289.88,14898.82
8788,CDNS,2023-12-05,2023-12-19,time_exit,4.33,262.17999267578125,274.3299865722656,11,True,289.88,14911.37
8789,ISRG,2023-12-05,2023-12-19,time_exit,8.16,309.5199890136719,335.7200012207031,11,True,289.88,14935.02
8790,NFLX,2023-12-05,2023-12-19,time_exit,8.46,45.51499938964844,49.50199890136719,11,True,289.88,14959.55
8791,TJX,2023-12-05,2023-12-19,time_exit,3.43,84.94727325439453,88.11349487304688,11,True,289.88,14969.49
8792,CB,2023-12-06,2023-12-20,time_exit,-2.37,217.74105834960935,213.2320556640625,11,True,289.75,14962.62
8793,MCK,2023-12-06,2023-12-20,time_exit,-2.84,452.1758117675781,440.6834411621094,11,True,289.75,14954.39
8794,WELL,2023-12-07,2023-12-21,time_exit,2.49,83.12263488769531,85.4402847290039,11,True,289.15,14961.59
8795,ORCL,2023-12-07,2023-12-21,time_exit,-6.51,109.35346221923828,102.56187438964844,11,True,289.15,14942.77
8796,FCX,2023-12-07,2023-12-21,time_exit,15.81,35.12440872192383,40.783721923828125,11,True,289.15,14988.48
8797,LIN,2023-12-07,2023-12-21,time_exit,2.33,386.091796875,396.24169921875,11,True,289.15,14995.22
8798,GE,2023-12-07,2023-12-21,time_exit,5.97,93.88029479980467,99.7655029296875,11,True,289.15,15012.48
8799,DHR,2023-12-08,2023-12-22,time_exit,5.62,214.0808563232422,226.7490997314453,11,True,289.15,15028.73
8800,PGR,2023-12-08,2023-12-22,time_exit,-2.42,147.4287567138672,144.30947875976562,11,True,289.15,15021.74
8801,WMT,2023-12-11,2023-12-26,time_exit,3.12,49.03166580200195,50.707763671875,11,True,289.15,15030.76
8802,EQIX,2023-12-11,2023-12-26,time_exit,0.57,752.3168334960938,758.885009765625,11,True,289.15,15032.41
8803,DE,2023-12-12,2023-12-27,time_exit,11.46,346.08856201171875,386.77490234375,11,True,289.86,15065.62
8804,COP,2023-12-12,2023-12-27,time_exit,6.39,102.16991424560548,109.00514221191406,11,True,289.86,15084.15
8805,VZ,2023-12-12,2023-12-27,time_exit,-0.27,31.151683807373047,31.160032272338867,11,True,289.86,15083.36
8806,T,2023-12-13,2023-12-28,time_exit,1.46,14.311325073242188,14.563621520996094,11,True,291.51,15087.62
8807,WMB,2023-12-13,2023-12-28,time_exit,0.48,31.60148811340332,31.84766960144043,11,True,291.51,15089.02
8808,NEM,2023-12-13,2023-12-28,time_exit,3.95,38.20928955078125,39.83318710327149,11,True,291.51,15100.53
8809,TSLA,2023-12-13,2023-12-28,time_exit,5.5,239.2899932861328,253.17999267578125,11,True,291.51,15116.57
8810,JCI,2023-12-13,2023-12-28,time_exit,8.72,51.12422943115234,55.73620223999024,11,True,291.51,15141.99
8811,UNH,2023-12-14,2023-12-29,time_exit,-1.75,506.5089416503906,499.1421813964844,11,True,292.93,15136.86
8812,PG,2023-12-14,2023-12-29,time_exit,1.0,134.5188751220703,136.2670440673828,11,True,292.93,15139.79
8813,CME,2023-12-14,2023-12-29,time_exit,2.42,186.77297973632807,191.85317993164065,11,True,292.93,15146.88
8814,LMT,2023-12-14,2023-12-29,time_exit,1.49,413.9886169433594,421.3987121582031,11,True,292.93,15151.24
8815,SO,2023-12-15,2024-01-02,time_exit,-0.31,64.5446548461914,64.5355453491211,11,True,292.98,15150.33
8816,NOW,2023-12-15,2024-01-02,time_exit,-1.84,139.6479949951172,137.50399780273438,11,True,292.98,15144.94
8817,KO,2023-12-15,2024-01-02,time_exit,1.78,54.50463485717773,55.63937377929688,11,True,292.98,15150.16
8818,ACN,2023-12-19,2024-01-04,time_exit,-1.59,324.68524169921875,320.4829406738281,11,True,299.39,15145.4
8819,ELV,2023-12-19,2024-01-04,time_exit,3.79,446.3005676269531,464.56341552734375,11,True,299.39,15156.74
8820,IBM,2023-12-21,2024-01-08,time_exit,-0.08,148.24252319335938,148.57443237304688,11,True,300.25,15156.5
8821,CB,2023-12-21,2024-01-08,time_exit,2.51,214.4112243652344,220.4336853027344,11,True,300.25,15164.04
8822,ADP,2023-12-21,2024-01-08,time_exit,3.09,215.77838134765625,223.10006713867188,11,True,300.25,15173.32
8823,MO,2023-12-21,2024-01-08,time_exit,3.67,33.56598663330078,34.89830017089844,11,True,300.25,15184.34
8824,SBUX,2023-12-21,2024-01-08,time_exit,-1.5,88.88936614990234,87.82640075683594,11,True,300.25,15179.83
8825,DIS,2023-12-22,2024-01-09,time_exit,-1.78,88.53726196289062,87.22406768798828,11,True,300.43,15174.49
8826,TMUS,2023-12-26,2024-01-10,time_exit,3.82,149.7659149169922,155.9349365234375,11,True,300.65,15185.97
8827,AAPL,2023-12-27,2024-01-11,time_exit,-4.21,190.82354736328125,183.3546142578125,11,True,301.67,15173.27
8828,PANW,2023-12-27,2024-01-11,time_exit,8.44,148.75,161.7449951171875,11,True,301.67,15198.73
8829,ABNB,2023-12-28,2024-01-12,time_exit,-0.2,137.0,137.13999938964844,11,True,302.84,15198.13
8830,HD,2023-12-29,2024-01-16,time_exit,3.13,325.40386962890625,336.5589904785156,11,True,303.02,15207.61
8831,DASH,2023-12-29,2024-01-16,time_exit,4.89,98.88999938964844,104.0199966430664,11,True,303.02,15222.43
8832,XOM,2023-12-29,2024-01-16,time_exit,-2.59,91.42525482177734,89.33119201660156,11,True,303.02,15214.58
8833,APP,2024-01-02,2024-01-17,time_exit,5.89,38.77999877929688,41.18000030517578,11,True,303.0,15232.43
8834,MCO,2024-01-02,2024-01-17,time_exit,-0.44,373.4305114746094,372.91204833984375,11,True,303.0,15231.09
8835,INTU,2024-01-02,2024-01-17,time_exit,-0.8,590.6863403320312,587.7353515625,11,True,303.0,15228.67
8836,NFLX,2024-01-02,2024-01-17,time_exit,2.23,46.84999847412109,48.03300094604492,11,True,303.0,15235.43
8837,NVDA,2024-01-02,2024-01-17,time_exit,16.07,48.0825309753418,55.95354843139648,11,True,303.0,15284.12
8838,CRM,2024-01-02,2024-01-17,time_exit,5.68,251.77420043945312,266.8238220214844,11,True,303.0,15301.33
8839,ANET,2024-01-02,2024-01-17,time_exit,7.23,57.88999938964844,62.247501373291016,11,True,303.0,15323.24
8840,TSLA,2024-01-02,2024-01-17,time_exit,-13.53,248.4199981689453,215.5500030517578,11,True,303.0,15282.24
8841,ADBE,2024-01-02,2024-01-17,time_exit,2.46,580.0700073242188,596.0999755859375,11,True,303.0,15289.69
8842,WFC,2024-01-02,2024-01-17,time_exit,-5.69,46.27578353881836,43.78047561645508,11,True,303.0,15272.45
8843,ADI,2024-01-02,2024-01-17,time_exit,-4.51,185.6027984619141,177.7886505126953,11,True,303.0,15258.79
8844,CRWD,2024-01-03,2024-01-18,time_exit,15.56,61.09000015258789,70.77749633789062,11,True,303.0,15305.94
8845,SLB,2024-01-03,2024-01-18,time_exit,-8.07,49.23030471801758,45.40596389770508,11,True,303.0,15281.48
8846,FCX,2024-01-03,2024-01-18,time_exit,-7.6,39.95317840576172,37.03591537475586,11,True,303.0,15258.45
8847,V,2024-01-03,2024-01-18,time_exit,3.64,252.70001220703125,262.652099609375,11,True,303.0,15269.48
8848,AMZN,2024-01-03,2024-01-18,time_exit,3.09,148.47000122070312,153.5,11,True,303.0,15278.85
8849,VRT,2024-01-03,2024-01-18,time_exit,11.37,45.43043899536133,50.734153747558594,11,True,303.0,15313.3
8850,LIN,2024-01-03,2024-01-18,time_exit,-0.51,395.8349304199219,395.0019836425781,11,True,303.0,15311.75
8851,ORCL,2024-01-03,2024-01-18,time_exit,6.2,99.26779174804688,105.72145080566406,11,True,303.0,15330.54
8852,UBER,2024-01-03,2024-01-18,time_exit,11.08,58.25,64.87999725341797,11,True,303.0,15364.11
8853,PLD,2024-01-04,2024-01-19,time_exit,-1.72,119.99747467041016,118.29362487792967,11,True,303.13,15358.9
8854,COST,2024-01-04,2024-01-19,time_exit,6.89,638.4215698242188,684.3277587890625,11,True,303.13,15379.78
8855,PLTR,2024-01-04,2024-01-19,time_exit,2.96,16.25,16.780000686645508,11,True,303.13,15388.76
8856,INTC,2024-01-04,2024-01-19,time_exit,2.43,46.25057601928711,47.51365661621094,11,True,303.13,15396.12
8857,MRVL,2024-01-04,2024-01-19,time_exit,22.1,57.659793853759766,70.57788848876953,11,True,303.13,15463.12
8858,BKNG,2024-01-04,2024-01-19,time_exit,5.45,133.95220947265625,141.6514129638672,11,True,303.13,15479.64
8859,NEM,2024-01-04,2024-01-19,time_exit,-14.11,38.323917388916016,33.03193664550781,11,True,303.13,15436.86
8860,ISRG,2024-01-04,2024-01-19,time_exit,15.65,323.2699890136719,374.8200073242188,11,True,303.13,15484.31
8861,LRCX,2024-01-04,2024-01-19,time_exit,12.73,71.57877349853516,80.90357971191406,11,True,303.13,15522.89
8862,STX,2024-01-04,2024-01-19,time_exit,5.46,76.79032897949219,81.21119689941406,11,True,303.13,15539.45
8863,EQIX,2024-01-04,2024-01-19,time_exit,0.68,750.146240234375,757.5166015625,11,True,303.13,15541.51
8864,AVGO,2024-01-05,2024-01-22,time_exit,16.02,102.2297134399414,118.91141510009766,11,True,303.13,15590.07
8865,AMAT,2024-01-05,2024-01-22,time_exit,12.65,145.86041259765625,164.75376892089844,11,True,303.13,15628.42
8866,BX,2024-01-05,2024-01-22,time_exit,-1.31,112.0690689086914,110.93196105957033,11,True,303.13,15624.44
8867,WELL,2024-01-05,2024-01-22,time_exit,0.17,84.08198547363281,84.48092651367188,11,True,303.13,15624.96
8868,SPGI,2024-01-05,2024-01-22,time_exit,3.56,396.0387878417969,411.3369140625,11,True,303.13,15635.75
8869,MSFT,2024-01-05,2024-01-22,time_exit,7.52,360.0632019042969,388.2220153808594,11,True,303.13,15658.55
8875,VLO,2024-01-08,2024-01-23,time_exit,-0.42,120.00485229492188,119.85631561279295,11,True,303.6,15657.27
8876,CME,2024-01-08,2024-01-23,time_exit,1.63,182.2969512939453,185.81336975097656,11,True,303.6,15662.22
8877,CVX,2024-01-08,2024-01-23,time_exit,-5.26,133.25454711914062,126.6497802734375,11,True,303.6,15646.25
8878,PWR,2024-01-08,2024-01-23,time_exit,-5.17,204.99351501464844,195.01158142089844,11,True,303.6,15630.56
8879,UNP,2024-01-08,2024-01-23,time_exit,0.83,226.49444580078125,229.0453643798828,11,True,303.6,15633.08
8881,COP,2024-01-09,2024-01-24,time_exit,-3.04,103.73382568359376,100.89117431640624,11,True,303.49,15623.85
8886,GD,2024-01-10,2024-01-25,time_exit,6.08,238.1751708984375,253.36280822753903,11,True,303.72,15642.32
8889,GS,2024-01-11,2024-01-26,time_exit,-0.82,358.1109924316406,356.2626953125,11,True,303.97,15639.82
8890,USB,2024-01-11,2024-01-26,time_exit,-0.72,38.46745681762695,38.30575180053711,11,True,303.97,15637.63
8899,MS,2024-01-12,2024-01-29,time_exit,-2.62,82.82505798339844,80.90447235107422,11,True,303.96,15629.67
8902,MMM,2024-01-16,2024-01-30,time_exit,-11.35,84.18586730957031,74.88662719726562,11,True,304.29,15595.13
8903,JPM,2024-01-16,2024-01-30,time_exit,4.63,159.3981475830078,167.25466918945312,11,True,304.29,15609.22
8904,C,2024-01-16,2024-01-30,time_exit,9.76,47.93434143066406,52.758277893066406,11,True,304.29,15638.92
8905,DUK,2024-01-17,2024-01-31,time_exit,-1.33,87.49381256103516,86.59022521972656,11,True,305.18,15634.86
8906,HOOD,2024-01-17,2024-01-31,time_exit,0.55,10.649999618530272,10.739999771118164,11,True,305.18,15636.54
8907,PM,2024-01-17,2024-01-31,time_exit,-3.35,84.72657012939453,82.14073944091797,11,True,305.18,15626.32
8908,TXN,2024-01-17,2024-01-31,time_exit,-0.94,150.42434692382812,149.46444702148438,11,True,305.18,15623.45
8909,JCI,2024-01-17,2024-01-31,time_exit,-3.14,52.38429260253906,50.89670944213867,11,True,305.18,15613.87
8910,SO,2024-01-17,2024-01-31,time_exit,-0.46,63.42428588867188,63.3240852355957,11,True,305.18,15612.46
8911,DE,2024-01-18,2024-02-01,time_exit,2.92,368.6235656738281,380.5020751953125,11,True,307.28,15621.43
8912,UNH,2024-01-18,2024-02-01,time_exit,-2.08,489.5380859375,480.8156127929688,11,True,307.28,15615.04
8913,XOM,2024-01-18,2024-02-01,time_exit,5.47,88.51734161376953,93.62904357910156,11,True,307.28,15631.85
8914,WFC,2024-01-18,2024-02-01,time_exit,5.37,43.5647087097168,46.03400802612305,11,True,307.28,15648.35
8915,ELV,2024-01-18,2024-02-01,time_exit,5.26,449.7020263671875,474.7105712890625,11,True,307.28,15664.52
8916,CMCSA,2024-01-18,2024-02-01,time_exit,9.55,36.190032958984375,39.754581451416016,11,True,307.28,15693.86
8917,RTX,2024-01-19,2024-02-02,time_exit,7.24,81.157958984375,87.27823638916016,11,True,310.83,15716.37
8918,NEE,2024-01-19,2024-02-02,time_exit,1.25,52.80452346801758,53.625274658203125,11,True,310.83,15720.25
8919,TSLA,2024-01-19,2024-02-02,time_exit,-11.74,212.19000244140625,187.91000366210935,11,True,310.83,15683.76
8920,LIN,2024-01-22,2024-02-05,time_exit,-1.74,393.6654968261719,388.0094604492188,11,True,313.17,15678.31
8921,NEM,2024-01-22,2024-02-05,time_exit,-4.99,33.43313217163086,31.86655044555664,11,True,313.17,15662.68
8922,JNJ,2024-01-23,2024-02-06,time_exit,-1.4,147.92562866210938,146.3057403564453,11,True,312.66,15658.31
8923,BA,2024-01-25,2024-02-08,time_exit,3.34,201.8800048828125,209.22000122070312,11,True,312.85,15668.75
8924,CSX,2024-01-25,2024-02-08,time_exit,5.61,33.6754150390625,35.66707229614258,11,True,312.85,15686.31
8925,MDT,2024-01-25,2024-02-08,time_exit,0.15,79.05591583251953,79.41531372070312,11,True,312.85,15686.77
8926,MCK,2024-01-25,2024-02-08,time_exit,1.32,480.5757751464844,488.3822937011719,11,True,312.85,15690.9
8927,KO,2024-01-25,2024-02-08,time_exit,0.83,55.02549362182617,55.64867401123047,11,True,312.85,15693.5
8928,MO,2024-01-25,2024-02-08,time_exit,-0.6,33.48271942138672,33.38279724121094,11,True,312.85,15691.62
8929,LOW,2024-01-25,2024-02-08,time_exit,3.62,201.91793823242188,209.8297271728516,11,True,312.85,15702.95
8930,CVS,2024-01-25,2024-02-08,time_exit,3.99,65.34037017822266,68.14495849609375,11,True,312.85,15715.43
8931,MRSH,2024-01-25,2024-02-08,time_exit,2.69,183.1153259277344,188.5870056152344,11,True,312.85,15723.85
8932,WELL,2024-01-25,2024-02-08,time_exit,-0.58,82.84716033935547,82.61919403076172,11,True,312.85,15722.03
8933,TMUS,2024-01-26,2024-02-09,time_exit,-0.28,154.8558349609375,154.88449096679688,11,True,312.75,15721.16
8934,MCD,2024-01-29,2024-02-12,time_exit,-1.28,273.527099609375,270.841552734375,11,True,312.59,15717.16
8935,INTC,2024-01-29,2024-02-12,time_exit,0.43,43.2606201171875,43.57545852661133,11,True,312.59,15718.5
8936,LMT,2024-01-29,2024-02-12,time_exit,-0.29,397.9412536621094,397.9969787597656,11,True,312.59,15717.59
8937,PFE,2024-01-31,2024-02-14,time_exit,-0.19,22.970600128173828,22.996049880981445,11,True,312.25,15717.0
8938,MNST,2024-01-31,2024-02-14,time_exit,1.24,55.02000045776367,55.869998931884766,11,True,312.25,15720.87
8939,TXN,2024-02-01,2024-02-15,time_exit,0.34,149.06307983398438,150.01516723632812,11,True,313.88,15721.94
8940,BMY,2024-02-01,2024-02-15,time_exit,1.28,43.18667221069336,43.86991500854492,11,True,313.88,15725.96
8941,BLK,2024-02-01,2024-02-15,time_exit,1.37,742.8790283203125,755.2962036132812,11,True,313.88,15730.26
8942,CSCO,2024-02-01,2024-02-15,time_exit,-2.53,47.05889892578125,46.00856399536133,11,True,313.88,15722.32
8943,PNC,2024-02-01,2024-02-15,time_exit,2.58,133.2433319091797,137.0819549560547,11,True,313.88,15730.41
8944,AAPL,2024-02-01,2024-02-15,time_exit,-1.78,184.6092987060547,181.8772430419922,11,True,313.88,15724.83
8945,SCHW,2024-02-01,2024-02-15,time_exit,3.91,60.02367401123047,62.54901885986328,11,True,313.88,15737.1
8946,TMO,2024-02-01,2024-02-15,time_exit,-0.96,547.6997680664062,544.0697631835938,11,True,313.88,15734.09
8947,PLTR,2024-02-01,2024-02-15,time_exit,55.3,16.329999923706055,25.40999984741211,11,True,313.88,15907.66
8948,UPS,2024-02-01,2024-02-15,time_exit,2.91,121.35811614990234,125.25254821777344,11,True,313.88,15916.79
8949,MRVL,2024-02-01,2024-02-15,time_exit,0.55,66.39763641357422,66.96360778808594,11,True,313.88,15918.52
8950,QCOM,2024-02-02,2024-02-16,time_exit,7.46,134.54367065429688,144.98886108398438,11,True,313.68,15941.92
8951,GOOG,2024-02-02,2024-02-16,time_exit,-1.54,142.28550720214844,140.52105712890625,11,True,313.68,15937.09
8952,SBUX,2024-02-02,2024-02-16,time_exit,0.55,86.70746612548828,87.44489288330078,11,True,313.68,15938.81
8953,VRTX,2024-02-02,2024-02-16,time_exit,-0.88,424.6799926757813,422.2000122070313,11,True,313.68,15936.05
8954,GOOGL,2024-02-02,2024-02-16,time_exit,-1.61,141.12860107421875,139.28494262695312,11,True,313.68,15931.0
8955,APP,2024-02-02,2024-02-16,time_exit,30.25,45.86000061035156,59.869998931884766,11,True,313.68,16025.89
8956,TSLA,2024-02-05,2024-02-20,time_exit,6.71,181.05999755859372,193.75999450683597,11,True,313.25,16046.91
8957,USB,2024-02-05,2024-02-20,time_exit,2.29,36.0239372253418,36.958229064941406,11,True,313.25,16054.08
8958,STX,2024-02-05,2024-02-20,time_exit,1.19,81.2872543334961,82.49469757080078,11,True,313.25,16057.81
8959,MMM,2024-02-06,2024-02-21,time_exit,-0.86,73.33023834228516,72.91829681396484,11,True,313.17,16055.12
8960,SO,2024-02-06,2024-02-21,time_exit,1.25,61.39303207397461,62.34666061401367,11,True,313.17,16059.03
8961,ICE,2024-02-06,2024-02-21,time_exit,7.9,122.5379638671875,132.5869903564453,11,True,313.17,16083.77
8962,NEM,2024-02-06,2024-02-21,time_exit,-0.98,32.15311813354492,31.933412551879883,11,True,313.17,16080.7
8963,NEE,2024-02-06,2024-02-21,time_exit,1.25,51.85467529296875,52.65697860717773,11,True,313.17,16084.62
8964,ACN,2024-02-06,2024-02-21,time_exit,-1.34,347.9989013671875,344.3824157714844,11,True,313.17,16080.42
8965,MU,2024-02-07,2024-02-22,time_exit,0.57,84.48219299316406,85.21622467041016,11,True,313.17,16082.21
8966,BNY,2024-02-07,2024-02-22,time_exit,-0.14,52.3014030456543,52.38656234741211,11,True,313.17,16081.77
8967,BAC,2024-02-07,2024-02-22,time_exit,1.0,31.28385353088379,31.68928337097168,11,True,313.17,16084.9
8968,WFC,2024-02-07,2024-02-22,time_exit,9.79,45.797847747802734,50.41730499267578,11,True,313.17,16115.56
8969,JNJ,2024-02-08,2024-02-23,time_exit,3.96,144.76918029785156,150.9420623779297,11,True,314.44,16128.01
8970,WMB,2024-02-08,2024-02-23,time_exit,2.34,31.036205291748047,31.85678482055664,11,True,314.44,16135.37
8971,FCX,2024-02-08,2024-02-23,time_exit,1.9,36.948673248291016,37.76285934448242,11,True,314.44,16141.34
8972,GILD,2024-02-09,2024-02-26,time_exit,-1.28,68.01692962646484,67.35220336914062,11,True,314.42,16137.32
8973,KO,2024-02-09,2024-02-26,time_exit,1.63,55.39754104614258,56.46717071533203,11,True,314.42,16142.44
8974,VZ,2024-02-09,2024-02-26,time_exit,-0.38,33.73218536376953,33.70669937133789,11,True,314.42,16141.25
8975,T,2024-02-09,2024-02-26,time_exit,-1.73,14.88961410522461,14.677410125732422,11,True,314.42,16135.81
8976,WDC,2024-02-09,2024-02-26,time_exit,0.16,42.75210952758789,42.94773483276367,11,True,314.42,16136.31
8977,DUK,2024-02-12,2024-02-27,time_exit,-1.13,83.7168197631836,83.02203369140625,11,True,314.35,16132.76
8978,MDT,2024-02-12,2024-02-27,time_exit,-1.75,78.39242553710938,77.25897979736328,11,True,314.35,16127.26
8979,DHR,2024-02-13,2024-02-28,time_exit,5.57,237.9893035888672,251.96139526367188,11,True,314.35,16144.77
8980,ABT,2024-02-13,2024-02-28,time_exit,7.52,105.6850357055664,113.9526596069336,11,True,314.35,16168.41
8981,ISRG,2024-02-13,2024-02-28,time_exit,1.73,378.8900146484375,386.5899963378906,11,True,314.35,16173.85
8982,NFLX,2024-02-13,2024-02-28,time_exit,7.27,55.45199966430664,59.64799880981445,11,True,314.35,16196.7
8983,ANET,2024-02-13,2024-02-28,time_exit,2.59,66.37750244140625,68.2925033569336,11,True,314.35,16204.84
8984,RTX,2024-02-13,2024-02-28,time_exit,-0.39,85.95928955078125,85.88526916503906,11,True,314.35,16203.62
8985,CDNS,2024-02-13,2024-02-28,time_exit,1.82,294.3299865722656,300.5799865722656,11,True,314.35,16209.34
8986,COP,2024-02-13,2024-02-28,time_exit,2.5,100.98316192626952,103.8067398071289,11,True,314.35,16217.2
8991,MCO,2024-02-14,2024-02-29,time_exit,3.47,358.4369506835937,371.9340515136719,11,True,314.42,16228.11
8992,SPGI,2024-02-14,2024-02-29,time_exit,1.61,389.8196105957031,397.2801513671875,11,True,314.42,16233.17
8994,ADBE,2024-02-15,2024-03-01,time_exit,-3.6,590.4400024414062,570.9299926757812,11,True,318.37,16221.71
8995,GOOG,2024-02-20,2024-03-05,time_exit,-6.22,140.9572296142578,132.61080932617188,11,True,321.16,16201.73
8996,AMZN,2024-02-20,2024-03-05,time_exit,3.91,167.0800018310547,174.1199951171875,11,True,321.16,16214.29
8997,AMD,2024-02-20,2024-03-05,time_exit,23.5,165.69000244140625,205.1300048828125,11,True,321.16,16289.76
8998,AAPL,2024-02-20,2024-03-05,time_exit,-6.6,179.60205078125,168.28541564941406,11,True,321.16,16268.56
8999,COF,2024-02-20,2024-03-05,time_exit,-0.18,132.50277709960938,132.66671752929688,11,True,321.16,16267.99
9000,GOOGL,2024-02-20,2024-03-05,time_exit,-6.29,139.879638671875,131.50393676757812,11,True,321.16,16247.78
9001,DELL,2024-02-20,2024-03-05,time_exit,42.5,79.38346862792969,113.3568115234375,11,True,321.16,16384.28
9002,MSFT,2024-02-20,2024-03-05,time_exit,-0.33,395.10003662109375,394.9626770019531,11,True,321.16,16383.22
9003,CMCSA,2024-02-20,2024-03-05,time_exit,0.66,35.44139099121094,35.781681060791016,11,True,321.16,16385.34
9004,CSCO,2024-02-20,2024-03-05,time_exit,1.09,45.277076721191406,45.90540313720703,11,True,321.16,16388.84
9005,PNC,2024-02-21,2024-03-06,time_exit,2.3,134.27859497070312,137.76905822753906,11,True,321.61,16396.23
9006,NVDA,2024-02-21,2024-03-06,time_exit,31.17,67.35228729248047,88.54676818847656,11,True,321.61,16496.48
9007,AVGO,2024-02-21,2024-03-06,time_exit,9.68,119.5885238647461,131.5283966064453,11,True,321.61,16527.61
9008,VRT,2024-02-21,2024-03-06,time_exit,22.65,58.37068557739258,71.76953125,11,True,321.61,16600.45
9009,ORCL,2024-02-21,2024-03-06,time_exit,3.5,105.19625091552734,109.19364166259766,11,True,321.61,16611.71
9010,DE,2024-02-21,2024-03-06,time_exit,2.31,345.3302001953125,354.35760498046875,11,True,321.61,16619.14
9011,VLO,2024-02-22,2024-03-07,time_exit,6.32,130.74754333496094,139.39981079101562,11,True,322.31,16639.51
9012,BA,2024-02-22,2024-03-07,time_exit,0.46,201.5,203.02999877929688,11,True,322.31,16640.99
9013,MNST,2024-02-22,2024-03-07,time_exit,7.45,55.11000061035156,59.380001068115234,11,True,322.31,16665.01
9014,DIS,2024-02-23,2024-03-08,time_exit,2.09,104.80117797851562,107.3108139038086,11,True,322.83,16671.75
9015,NEM,2024-02-23,2024-03-08,time_exit,8.96,29.87966728210449,32.64746856689453,11,True,322.83,16700.68
9016,UNH,2024-02-27,2024-03-12,time_exit,-4.61,486.7695617675781,465.7780151367188,11,True,322.55,16685.81
9017,INTC,2024-02-27,2024-03-12,time_exit,5.57,42.28887939453125,44.77296829223633,11,True,322.55,16703.77
9018,PFE,2024-02-27,2024-03-12,time_exit,3.87,22.809431076049805,23.75947380065918,11,True,322.55,16716.26
9019,ELV,2024-02-28,2024-03-13,time_exit,1.3,482.06939697265625,489.7640686035156,11,True,324.34,16720.47
9020,BKNG,2024-02-28,2024-03-13,time_exit,0.08,136.9167938232422,137.4387664794922,11,True,324.34,16720.73
9021,NEE,2024-03-01,2024-03-15,time_exit,8.52,51.38006591796875,55.9122314453125,11,True,324.43,16748.37
9022,DUK,2024-03-01,2024-03-15,time_exit,3.94,83.03117370605469,86.54944610595703,11,True,324.43,16761.16
9023,PEP,2024-03-01,2024-03-15,time_exit,-0.26,151.56199645996094,151.62643432617188,11,True,324.43,16760.31
9024,CVS,2024-03-01,2024-03-15,time_exit,4.52,67.01949310302734,70.25064849853516,11,True,324.43,16774.98
9025,WELL,2024-03-01,2024-03-15,time_exit,-1.78,88.64513397216797,87.3353500366211,11,True,324.43,16769.2
9026,PGR,2024-03-01,2024-03-15,time_exit,8.78,172.67970275878906,188.3544464111328,11,True,324.43,16797.69
9027,PLD,2024-03-01,2024-03-15,time_exit,-3.74,123.9670181274414,119.7067413330078,11,True,324.43,16785.55
9028,BRK-B,2024-03-04,2024-03-18,time_exit,0.94,403.3900146484375,408.4100036621094,11,True,324.43,16788.6
9029,MMM,2024-03-04,2024-03-18,time_exit,14.31,72.70361328125,83.32610321044922,11,True,324.43,16835.03
9030,BX,2024-03-04,2024-03-18,time_exit,-2.8,116.97941589355467,114.05032348632812,11,True,324.43,16825.95
9031,VRTX,2024-03-05,2024-03-19,time_exit,-0.36,415.4400024414063,415.2000122070313,11,True,327.78,16824.77
9032,NOW,2024-03-05,2024-03-19,time_exit,1.97,148.02999877929688,151.38800048828125,11,True,327.78,16831.22
9033,ADP,2024-03-05,2024-03-19,time_exit,0.33,229.92239379882807,231.37374877929688,11,True,327.78,16832.31
9034,CB,2024-03-05,2024-03-19,time_exit,3.7,243.00331115722656,252.72610473632807,11,True,327.78,16844.43
9035,MS,2024-03-06,2024-03-20,time_exit,6.34,79.86951446533203,85.17487335205078,11,True,332.38,16865.51
9036,UNP,2024-03-07,2024-03-21,time_exit,-0.67,235.6295318603516,234.74957275390625,11,True,333.3,16863.27
9037,AAPL,2024-03-07,2024-03-21,time_exit,1.1,167.17745971679688,169.52191162109375,11,True,333.3,16866.94
9038,VZ,2024-03-07,2024-03-21,time_exit,2.26,33.570823669433594,34.428565979003906,11,True,333.3,16874.47
9039,V,2024-03-07,2024-03-21,time_exit,4.05,273.0732116699219,284.9574584960937,11,True,333.3,16887.97
9040,MRK,2024-03-08,2024-03-22,time_exit,0.62,114.18988037109376,115.2398681640625,11,True,334.01,16890.04
9041,KO,2024-03-08,2024-03-22,time_exit,2.14,55.36033630371094,56.71258163452149,11,True,334.01,16897.19
9042,GD,2024-03-08,2024-03-22,time_exit,2.95,259.5096130371094,267.94366455078125,11,True,334.01,16907.04
9043,UBER,2024-03-11,2024-03-25,time_exit,2.2,77.47000122070312,79.41000366210938,11,True,334.01,16914.39
9044,GS,2024-03-11,2024-03-25,time_exit,4.56,366.736328125,384.5717468261719,11,True,334.01,16929.62
9045,TJX,2024-03-11,2024-03-25,time_exit,1.47,93.44110870361328,95.097412109375,11,True,334.01,16934.53
9046,META,2024-03-11,2024-03-25,time_exit,3.72,479.8888854980469,499.1701965332031,11,True,334.01,16946.96
9047,TT,2024-03-11,2024-03-25,time_exit,5.61,277.5919494628906,293.9872131347656,11,True,334.01,16965.7
9048,ANET,2024-03-11,2024-03-25,time_exit,12.42,67.75499725341797,76.375,11,True,334.01,17007.18
9049,BNY,2024-03-11,2024-03-25,time_exit,1.37,52.623138427734375,53.50318908691406,11,True,334.01,17011.76
9050,AVGO,2024-03-11,2024-03-25,time_exit,4.67,125.98665618896484,132.24313354492188,11,True,334.01,17027.35
9051,TSLA,2024-03-12,2024-03-26,time_exit,-0.23,177.5399932861328,177.6699981689453,11,True,334.33,17026.59
9052,HWM,2024-03-12,2024-03-26,time_exit,2.09,65.65142059326172,67.22138977050781,11,True,334.33,17033.57
9053,CSX,2024-03-13,2024-03-27,time_exit,-2.79,36.46547317504883,35.55818557739258,11,True,334.41,17024.24
9054,DHR,2024-03-14,2024-03-28,time_exit,-1.57,249.50791931152344,246.32693481445312,11,True,334.41,17018.99
9055,LRCX,2024-03-14,2024-03-28,time_exit,4.66,90.8268051147461,95.3294906616211,11,True,334.41,17034.58
9056,SPGI,2024-03-14,2024-03-28,time_exit,0.17,392.7266845703125,394.5628662109375,11,True,334.41,17035.14
9057,REGN,2024-03-14,2024-03-28,time_exit,0.06,950.074462890625,953.4921875,11,True,334.41,17035.35
9058,TMUS,2024-03-14,2024-03-28,time_exit,-0.08,156.14393615722656,156.4890594482422,11,True,334.41,17035.08
9059,ISRG,2024-03-14,2024-03-28,time_exit,3.55,384.30999755859375,399.0899963378906,11,True,334.41,17046.95
9060,ADI,2024-03-15,2024-04-01,time_exit,0.43,188.03794860839844,189.4058532714844,11,True,335.71,17048.39
9061,AMAT,2024-03-15,2024-04-01,time_exit,4.75,194.79380798339844,204.6388702392578,11,True,335.71,17064.34
9062,MRVL,2024-03-15,2024-04-01,time_exit,9.17,66.39763641357422,72.68292236328125,11,True,335.71,17095.12
9063,ACN,2024-03-15,2024-04-01,time_exit,-9.76,357.44549560546875,323.6379699707031,11,True,335.71,17062.36
9064,INTC,2024-03-15,2024-04-01,time_exit,4.11,42.199806213378906,44.06040191650391,11,True,335.71,17076.16
9065,BLK,2024-03-15,2024-04-01,time_exit,2.72,764.2400512695312,787.3331909179688,11,True,335.71,17085.29
9066,EQIX,2024-03-15,2024-04-01,time_exit,-6.22,806.4468994140625,758.7081298828125,11,True,335.71,17064.41
9067,PLTR,2024-03-15,2024-04-01,time_exit,-2.98,23.489999771118164,22.86000061035156,11,True,335.71,17054.4
9068,ICE,2024-03-15,2024-04-01,time_exit,1.48,131.02745056152344,133.3533172607422,11,True,335.71,17059.37
9069,APH,2024-03-15,2024-04-01,time_exit,4.26,53.59148788452149,56.03327560424805,11,True,335.71,17073.67
9070,STX,2024-03-15,2024-04-01,time_exit,7.28,81.77212524414062,87.96914672851562,11,True,335.71,17098.11
9071,DELL,2024-03-18,2024-04-02,time_exit,10.78,102.65170288085938,114.02107238769533,11,True,336.52,17134.39
9072,PNC,2024-03-18,2024-04-02,time_exit,5.01,137.0544891357422,144.3286590576172,11,True,336.52,17151.25
9073,USB,2024-03-18,2024-04-02,time_exit,2.65,38.15303802490234,39.27791213989258,11,True,336.52,17160.17
9074,GLW,2024-03-19,2024-04-03,time_exit,-0.24,31.136781692504883,31.155912399291992,11,True,336.89,17159.36
9075,PANW,2024-03-19,2024-04-03,time_exit,-4.23,140.2899932861328,134.77000427246094,11,True,336.89,17145.11
9076,KLAC,2024-03-19,2024-04-03,time_exit,2.12,66.83451080322266,68.45075988769531,11,True,336.89,17152.25
9077,FTNT,2024-03-19,2024-04-03,time_exit,4.91,67.79000091552734,71.31999969482422,11,True,336.89,17168.79
9078,DASH,2024-03-19,2024-04-03,time_exit,5.78,130.8300018310547,138.77999877929688,11,True,336.89,17188.26
9079,IBM,2024-03-19,2024-04-03,time_exit,-1.56,179.8887176513672,177.61846923828125,11,True,336.89,17183.01
9080,KKR,2024-03-19,2024-04-03,time_exit,3.66,94.25232696533205,97.98263549804688,11,True,336.89,17195.34
9081,ABT,2024-03-19,2024-04-03,time_exit,-1.96,107.4126205444336,105.62809753417967,11,True,336.89,17188.73
9082,BX,2024-03-19,2024-04-03,time_exit,1.79,114.55852508544922,116.9517059326172,11,True,336.89,17194.76
9083,WDC,2024-03-19,2024-04-03,time_exit,19.45,45.001834869384766,53.88782501220703,11,True,336.89,17260.29
9084,PLD,2024-03-19,2024-04-03,time_exit,-1.68,118.6211929321289,116.98822784423828,11,True,336.89,17254.63
9085,AMD,2024-03-20,2024-04-04,time_exit,-8.03,179.72999572753906,165.8300018310547,11,True,337.31,17227.54
9089,SBUX,2024-03-22,2024-04-08,time_exit,-4.18,85.09038543701172,81.78845977783203,11,True,338.14,17213.41
9090,SYK,2024-03-22,2024-04-08,time_exit,-0.89,344.34185791015625,342.32080078125,11,True,338.14,17210.4
9091,AAPL,2024-03-25,2024-04-09,time_exit,-0.99,169.00755310058594,167.8402557373047,11,True,340.55,17207.03
9092,GILD,2024-03-25,2024-04-09,time_exit,-3.94,67.69700622558594,65.234619140625,11,True,340.55,17193.61
9093,MCD,2024-03-25,2024-04-09,time_exit,-3.59,262.2001647949219,253.5611572265625,11,True,340.55,17181.38
9094,PM,2024-03-25,2024-04-09,time_exit,-0.39,83.55561065673828,83.4822769165039,11,True,340.55,17180.06
9095,PFE,2024-03-25,2024-04-09,time_exit,-2.67,23.267486572265625,22.716121673583984,11,True,340.55,17170.96
9096,WMT,2024-03-26,2024-04-10,time_exit,-0.12,59.05204772949219,59.15940856933594,11,True,340.67,17170.56
9097,V,2024-03-26,2024-04-10,time_exit,-2.48,275.3695678710937,269.3636474609375,11,True,340.67,17162.11
9098,LIN,2024-03-27,2024-04-11,time_exit,-3.14,452.8781433105469,440.0270385742188,11,True,340.48,17151.42
9099,NFLX,2024-03-28,2024-04-12,time_exit,2.25,60.733001708984375,62.28300094604492,11,True,340.94,17159.09
9100,CMCSA,2024-04-01,2024-04-15,time_exit,-6.35,35.968841552734375,33.79202651977539,11,True,341.96,17137.37
9101,PLTR,2024-04-02,2024-04-16,time_exit,-4.0,22.71999931335449,21.8799991607666,11,True,343.2,17123.64
9102,CRM,2024-04-02,2024-04-16,time_exit,-9.05,299.2204284667969,273.04852294921875,11,True,343.2,17092.58
9103,TSLA,2024-04-02,2024-04-16,time_exit,-6.01,166.6300048828125,157.11000061035156,11,True,343.2,17071.96
9104,ADBE,2024-04-02,2024-04-16,time_exit,-4.91,499.2099914550781,476.2200012207031,11,True,343.2,17055.11
9105,ADP,2024-04-02,2024-04-16,time_exit,-1.69,234.7192840576172,231.4495391845703,11,True,343.2,17049.31
9106,LLY,2024-04-02,2024-04-16,time_exit,-2.55,751.0787963867188,734.1491088867188,11,True,343.2,17040.55
9107,INTU,2024-04-02,2024-04-16,time_exit,-2.57,613.945556640625,599.9869995117188,11,True,343.2,17031.73
9108,TMO,2024-04-02,2024-04-16,time_exit,-3.28,567.2440185546875,550.3626098632812,11,True,343.2,17020.48
9109,CME,2024-04-02,2024-04-16,time_exit,-4.17,196.70901489257807,189.0897216796875,11,True,343.2,17006.17
9110,DHR,2024-04-02,2024-04-16,time_exit,-2.58,242.5982818603516,237.07437133789065,11,True,343.2,16997.31
9111,PG,2024-04-02,2024-04-16,time_exit,-3.18,150.25650024414062,145.93324279785156,11,True,343.2,16986.4
9112,ISRG,2024-04-02,2024-04-16,time_exit,-1.3,382.3599853515625,378.5499877929688,11,True,343.2,16981.94
9113,GE,2024-04-02,2024-04-16,time_exit,14.77,134.443603515625,154.70704650878906,11,True,343.2,17032.63
9114,VRTX,2024-04-02,2024-04-16,time_exit,-4.02,409.4200134277344,394.1700134277344,11,True,343.2,17018.83
9115,ABNB,2024-04-03,2024-04-17,time_exit,-0.91,159.33999633789062,158.3699951171875,11,True,345.09,17015.69
9116,WELL,2024-04-03,2024-04-17,time_exit,-2.02,87.25885009765625,85.75785827636719,11,True,345.09,17008.72
9117,PLD,2024-04-04,2024-04-18,time_exit,-16.34,115.68930053710938,97.13298034667967,11,True,344.55,16952.42
9118,GLW,2024-04-04,2024-04-18,time_exit,-4.81,30.964597702026367,29.567983627319336,11,True,344.55,16935.85
9119,MSFT,2024-04-04,2024-04-18,time_exit,-3.56,409.9019165039063,396.5517883300781,11,True,344.55,16923.58
9120,IBM,2024-04-04,2024-04-18,time_exit,-3.74,174.8643798828125,168.84454345703125,11,True,344.55,16910.69
9121,UNP,2024-04-04,2024-04-18,time_exit,-4.82,227.7291412353516,217.43502807617188,11,True,344.55,16894.09
9122,BAC,2024-04-05,2024-04-19,time_exit,-0.68,35.235740661621094,35.10281753540039,11,True,344.55,16891.74
9123,BMY,2024-04-05,2024-04-19,time_exit,-4.96,46.067832946777344,43.92243194580078,11,True,344.55,16874.65
9124,BNY,2024-04-05,2024-04-19,time_exit,-1.09,53.69244384765625,53.2666130065918,11,True,344.55,16870.9
9125,AMD,2024-04-05,2024-04-19,time_exit,-14.25,170.4199981689453,146.63999938964844,11,True,344.55,16821.8
9126,MO,2024-04-05,2024-04-19,time_exit,0.76,35.45478439331055,35.82933807373047,11,True,344.55,16824.42
9127,CSCO,2024-04-05,2024-04-19,time_exit,-0.77,45.90225982666016,45.6848030090332,11,True,344.55,16821.77
9128,WM,2024-04-05,2024-04-19,time_exit,-0.23,200.06369018554688,200.1990509033203,11,True,344.55,16820.97
9129,REGN,2024-04-05,2024-04-19,time_exit,-5.17,933.88720703125,888.4360961914062,11,True,344.55,16803.16
9130,BLK,2024-04-05,2024-04-19,time_exit,-6.27,759.5166625976562,714.2060546875,11,True,344.55,16781.56
9131,ABBV,2024-04-05,2024-04-19,time_exit,-1.5,156.28294372558594,154.41134643554688,11,True,344.55,16776.39
9132,HD,2024-04-05,2024-04-19,time_exit,-6.59,338.0429382324219,316.780029296875,11,True,344.55,16753.68
9133,PEP,2024-04-05,2024-04-19,time_exit,2.65,155.7518310546875,160.3468780517578,11,True,344.55,16762.81
9134,USB,2024-04-05,2024-04-19,time_exit,-6.3,39.09619903564453,36.75205993652344,11,True,344.55,16741.11
9135,KO,2024-04-05,2024-04-19,time_exit,0.81,55.79377746582031,56.41255569458008,11,True,344.55,16743.9
9136,BA,2024-04-05,2024-04-19,time_exit,-7.57,183.13999938964844,169.82000732421875,11,True,344.55,16717.81
9137,HOOD,2024-04-05,2024-04-19,time_exit,-9.92,18.399999618530277,16.6299991607666,11,True,344.55,16683.63
9138,AMGN,2024-04-05,2024-04-19,time_exit,-0.68,250.62765502929688,249.68069458007807,11,True,344.55,16681.29
9139,CB,2024-04-08,2024-04-22,time_exit,-0.96,247.5245056152344,245.9014434814453,11,True,344.21,16677.99
9140,MDT,2024-04-08,2024-04-22,time_exit,-3.12,77.03446960449219,74.86029815673828,11,True,344.21,16667.25
9142,DASH,2024-04-09,2024-04-23,time_exit,-5.72,136.77000427246094,129.36000061035156,11,True,343.42,16647.6
9143,AXP,2024-04-09,2024-04-23,time_exit,8.4,214.53916931152344,233.1981658935547,11,True,343.42,16676.45
9144,MA,2024-04-09,2024-04-23,time_exit,-2.28,465.8609313964844,456.6455383300781,11,True,343.42,16668.62
9145,SBUX,2024-04-09,2024-04-23,time_exit,0.55,81.73216247558594,82.42633056640625,11,True,343.42,16670.51
9152,MCD,2024-04-10,2024-04-24,time_exit,2.71,252.83657836914065,260.4403686523437,11,True,343.24,16679.81
9153,VZ,2024-04-10,2024-04-24,time_exit,-2.84,34.96883773803711,34.0799446105957,11,True,343.24,16670.06
9168,JPM,2024-04-11,2024-04-25,time_exit,-1.35,186.5163726806641,184.5503387451172,11,True,343.03,16665.43
9184,BKNG,2024-04-12,2024-04-26,time_exit,-0.6,138.68751525878906,138.26654052734375,11,True,343.18,16663.37
9187,UPS,2024-04-15,2024-04-29,time_exit,2.25,124.82172393798828,128.01011657714844,11,True,342.75,16671.09
9194,JCI,2024-04-16,2024-04-30,time_exit,1.01,62.40035629272461,63.21643829345703,11,True,340.38,16674.52
9195,PH,2024-04-16,2024-04-30,time_exit,-0.16,531.2847900390625,532.0364990234375,11,True,340.38,16673.98
9196,NOW,2024-04-16,2024-04-30,time_exit,-7.21,148.95599365234375,138.66600036621094,11,True,340.38,16649.44
9197,GD,2024-04-16,2024-04-30,time_exit,0.33,273.2266540527344,274.94097900390625,11,True,340.38,16650.56
9198,SPGI,2024-04-16,2024-04-30,time_exit,1.48,378.8990478515625,385.6412658691406,11,True,340.38,16655.6
9199,DIS,2024-04-16,2024-04-30,time_exit,-2.74,110.77369689941406,108.06952667236328,11,True,340.38,16646.27
9200,MRK,2024-04-16,2024-04-30,time_exit,3.03,116.3657455444336,120.23654174804688,11,True,340.38,16656.59
9201,COP,2024-04-16,2024-04-30,time_exit,-3.32,120.01150512695312,116.3888168334961,11,True,340.38,16645.29
9202,MU,2024-04-16,2024-04-30,time_exit,-7.53,120.90320587158205,112.15592956542967,11,True,340.38,16619.66
9203,CMCSA,2024-04-16,2024-04-30,time_exit,-2.88,33.52635192871094,32.66077423095703,11,True,340.38,16609.85
9204,DE,2024-04-16,2024-04-30,time_exit,-0.71,381.2608642578125,379.7086791992188,11,True,340.38,16607.44
9205,QCOM,2024-04-16,2024-04-30,time_exit,-1.92,160.89053344726562,158.28501892089844,11,True,340.38,16600.9
9206,TT,2024-04-16,2024-04-30,time_exit,7.04,290.06256103515625,311.3637084960937,11,True,340.38,16624.86
9207,KKR,2024-04-16,2024-04-30,time_exit,-3.64,94.77396392822266,91.60466003417967,11,True,340.38,16612.47
9208,CAT,2024-04-17,2024-05-01,time_exit,-7.57,346.9069519042969,321.6933288574219,11,True,340.17,16586.72
9209,XOM,2024-04-17,2024-05-01,time_exit,-2.49,109.48764038085938,107.08802032470705,11,True,340.17,16578.25
9218,DELL,2024-04-18,2024-05-02,time_exit,4.35,113.95368957519533,119.24835205078124,11,True,337.88,16592.95
9219,MCO,2024-04-18,2024-05-02,time_exit,0.18,367.2091369628906,368.9736633300781,11,True,337.88,16593.56
9220,NVDA,2024-04-18,2024-05-02,time_exit,1.05,84.52473449707031,85.66874694824219,11,True,337.88,16597.11
9221,CRM,2024-04-18,2024-05-02,time_exit,-0.22,267.64483642578125,267.8515014648437,11,True,337.88,16596.36
9222,ANET,2024-04-18,2024-05-02,time_exit,1.52,64.29750061035156,65.46499633789062,11,True,337.88,16601.5
9224,WMT,2024-04-19,2024-05-03,time_exit,0.19,58.095664978027344,58.37867736816406,11,True,333.63,16602.13
9225,COST,2024-04-19,2024-05-03,time_exit,4.72,699.6722412109375,734.7628784179688,11,True,333.63,16617.88
9226,PG,2024-04-19,2024-05-03,time_exit,3.7,148.93812561035156,154.89035034179688,11,True,333.63,16630.22
9227,APP,2024-04-22,2024-05-06,time_exit,12.96,67.8499984741211,76.8499984741211,11,True,333.34,16673.42
9228,MSFT,2024-04-22,2024-05-06,time_exit,2.84,393.304931640625,405.644775390625,11,True,333.34,16682.89
9229,FCX,2024-04-22,2024-05-06,time_exit,3.87,47.58656692504883,49.56975555419922,11,True,333.34,16695.79
9230,ADBE,2024-04-22,2024-05-06,time_exit,5.42,466.8900146484375,493.5899963378906,11,True,333.34,16713.86
9231,ABNB,2024-04-22,2024-05-06,time_exit,3.14,156.61000061035156,162.0,11,True,333.34,16724.33
9232,META,2024-04-22,2024-05-06,time_exit,-3.63,478.0431823730469,462.1160583496094,11,True,333.34,16712.23
9233,AMAT,2024-04-22,2024-05-06,time_exit,9.94,185.7822113037109,204.8055877685547,11,True,333.34,16745.36
9234,VRT,2024-04-22,2024-05-06,time_exit,27.56,75.86260223388672,96.99484252929688,11,True,333.34,16837.23
9235,NEM,2024-04-22,2024-05-06,time_exit,10.19,36.06529235839844,39.848968505859375,11,True,333.34,16871.2
9236,FTNT,2024-04-22,2024-05-06,time_exit,-7.96,63.68999862670898,58.810001373291016,11,True,333.34,16844.66
9237,IBM,2024-04-23,2024-05-07,time_exit,-7.88,169.5144500732422,156.66525268554688,11,True,333.41,16818.39
9238,PLD,2024-04-24,2024-05-08,time_exit,2.32,95.7319793701172,98.23709869384766,11,True,333.4,16826.13
9239,CB,2024-04-24,2024-05-08,time_exit,3.25,237.60043334960935,246.02853393554688,11,True,333.4,16836.96
9240,UBER,2024-04-24,2024-05-08,time_exit,-4.57,69.36000061035156,66.4000015258789,11,True,333.4,16821.73
9241,ORCL,2024-04-24,2024-05-08,time_exit,1.48,112.54151916503906,114.54178619384766,11,True,333.4,16826.66
9242,AMZN,2024-04-25,2024-05-09,time_exit,8.81,173.6699981689453,189.5,11,True,333.31,16856.02
9243,BA,2024-04-25,2024-05-09,time_exit,8.36,166.80999755859375,181.25,11,True,333.31,16883.89
9244,HD,2024-04-25,2024-05-09,time_exit,4.36,313.5873107910156,328.1908264160156,11,True,333.31,16898.42
9245,WDC,2024-04-25,2024-05-09,time_exit,3.52,52.24756622314453,54.24146270751953,11,True,333.31,16910.15
9246,MNST,2024-04-25,2024-05-09,time_exit,3.56,53.150001525878906,55.20000076293945,11,True,333.31,16922.02
9247,DASH,2024-04-25,2024-05-09,time_exit,-9.62,128.11000061035156,116.16999816894533,11,True,333.31,16889.95
9248,REGN,2024-04-25,2024-05-09,time_exit,8.38,882.3534545898438,958.9505615234376,11,True,333.31,16917.89
9249,GOOGL,2024-04-25,2024-05-09,time_exit,8.65,154.62887573242188,168.46620178222656,11,True,333.31,16946.72
9253,CSCO,2024-04-26,2024-05-10,time_exit,0.12,45.24989318847656,45.43898391723633,11,True,333.27,16947.12
9257,SLB,2024-04-29,2024-05-13,time_exit,-1.23,46.27586364746094,45.843292236328125,11,True,333.42,16943.02
9258,MCD,2024-04-30,2024-05-14,time_exit,-1.17,256.94903564453125,254.7092742919922,11,True,332.25,16939.13
9259,BX,2024-05-01,2024-05-15,time_exit,11.46,109.29710388183594,122.15338134765624,11,True,331.57,16977.13
9260,HOOD,2024-05-01,2024-05-15,time_exit,10.93,16.649999618530273,18.520000457763672,11,True,331.57,17013.37
9261,DIS,2024-05-01,2024-05-15,time_exit,-7.28,107.46644592285156,99.9667510986328,11,True,331.57,16989.23
9262,SYK,2024-05-01,2024-05-15,time_exit,0.88,321.15020751953125,324.9380798339844,11,True,331.57,16992.15
9263,DE,2024-05-01,2024-05-15,time_exit,6.54,375.9155578613281,401.6427917480469,11,True,331.57,17013.83
9264,CSX,2024-05-01,2024-05-15,time_exit,1.63,32.04484176635742,32.66256332397461,11,True,331.57,17019.24
9265,BKNG,2024-05-02,2024-05-16,time_exit,7.25,136.37501525878906,146.66722106933594,11,True,332.03,17043.31
9266,MA,2024-05-02,2024-05-16,time_exit,3.73,435.2153015136719,452.7481994628906,11,True,332.03,17055.69
9267,V,2024-05-02,2024-05-16,time_exit,4.46,262.6217041015625,275.1319580078125,11,True,332.03,17070.5
9268,CAT,2024-05-02,2024-05-16,time_exit,4.26,325.9394836425781,340.7867736816406,11,True,332.03,17084.64
9269,ADP,2024-05-02,2024-05-16,time_exit,3.02,229.3834381103516,236.9938507080078,11,True,332.03,17094.67
9270,AMD,2024-05-02,2024-05-16,time_exit,10.96,146.16000366210938,162.6199951171875,11,True,332.03,17131.06
9271,CVS,2024-05-02,2024-05-16,time_exit,4.0,50.54022216796875,52.71212005615234,11,True,332.03,17144.34
9272,ELV,2024-05-03,2024-05-17,time_exit,3.64,506.5577392578125,526.50439453125,11,True,332.6,17156.45
9273,XOM,2024-05-03,2024-05-17,time_exit,3.68,107.06031799316406,111.3166961669922,11,True,332.6,17168.69
9274,WM,2024-05-03,2024-05-17,time_exit,0.93,200.98216247558597,203.45726013183597,11,True,332.6,17171.78
9275,MRSH,2024-05-03,2024-05-17,time_exit,5.07,191.62388610839844,201.91331481933597,11,True,332.6,17188.65
9276,CME,2024-05-03,2024-05-17,time_exit,2.34,190.1611785888672,195.18881225585935,11,True,332.6,17196.43
9277,CVX,2024-05-03,2024-05-17,time_exit,2.24,144.39501953125,148.05569458007812,11,True,332.6,17203.88
9278,GILD,2024-05-03,2024-05-17,time_exit,4.24,60.42176818847656,63.16398239135742,11,True,332.6,17217.98
9279,COP,2024-05-03,2024-05-17,time_exit,-0.09,113.2479248046875,113.4835205078125,11,True,332.6,17217.68
9280,PGR,2024-05-03,2024-05-17,time_exit,-0.06,191.9761199951172,192.4360198974609,11,True,332.6,17217.48
9281,ABT,2024-05-06,2024-05-20,time_exit,-2.6,100.77185821533205,98.45384216308594,11,True,336.89,17208.72
9282,FTNT,2024-05-07,2024-05-21,time_exit,2.86,59.43000030517578,61.310001373291016,11,True,336.37,17218.34
9283,INTC,2024-05-08,2024-05-22,time_exit,4.43,29.81089210510254,31.22194099426269,11,True,336.53,17233.25
9284,ABNB,2024-05-10,2024-05-24,time_exit,-1.56,146.32000732421875,144.47000122070312,11,True,338.94,17227.97
9285,VLO,2024-05-14,2024-05-29,time_exit,-0.45,145.8539276123047,145.6294708251953,11,True,338.78,17226.44
9286,GE,2024-05-14,2024-05-29,time_exit,1.95,157.9046173095703,161.4574737548828,11,True,338.78,17233.05
9287,LMT,2024-05-16,2024-05-31,time_exit,0.89,435.3453674316406,440.505859375,11,True,342.89,17236.1
9288,COF,2024-05-16,2024-05-31,time_exit,-2.72,136.60780334472656,133.29550170898438,11,True,342.89,17226.77
9289,DE,2024-05-17,2024-06-03,time_exit,-7.58,385.1509399414063,357.11492919921875,11,True,344.35,17200.67
9290,ACN,2024-05-17,2024-06-03,time_exit,-7.49,290.8090209960937,269.8980712890625,11,True,344.35,17174.88
9291,LOW,2024-05-20,2024-06-04,time_exit,-5.82,219.23196411132807,207.14010620117188,11,True,344.17,17154.85
9292,WM,2024-05-21,2024-06-05,time_exit,-2.43,201.4172515869141,197.1342315673828,11,True,344.37,17146.48
9293,UBER,2024-05-21,2024-06-05,time_exit,2.59,63.970001220703125,65.81999969482422,11,True,344.37,17155.4
9294,AMZN,2024-05-21,2024-06-05,time_exit,-1.32,183.1499938964844,181.27999877929688,11,True,344.37,17150.85
9295,HD,2024-05-21,2024-06-05,time_exit,-1.37,317.5262756347656,314.1312866210937,11,True,344.37,17146.14
9296,USB,2024-05-21,2024-06-05,time_exit,-5.4,37.41532516479492,35.50730895996094,11,True,344.37,17127.54
9297,BMY,2024-05-22,2024-06-06,time_exit,-3.75,38.00686264038086,36.6962776184082,11,True,344.67,17114.61
9298,UNP,2024-05-22,2024-06-06,time_exit,-2.47,222.07118225097656,217.24778747558597,11,True,344.67,17106.1
9299,MCD,2024-05-22,2024-06-06,time_exit,-1.56,250.10745239257807,246.9480133056641,11,True,344.67,17100.72
9300,MNST,2024-05-22,2024-06-06,time_exit,-1.52,53.09999847412109,52.45000076293945,11,True,344.67,17095.49
9301,VZ,2024-05-23,2024-06-07,time_exit,3.53,34.02816390991211,35.331298828125,11,True,344.67,17107.65
9302,BRK-B,2024-05-23,2024-06-07,time_exit,1.63,405.8800048828125,413.7200012207031,11,True,344.67,17113.27
9303,SLB,2024-05-23,2024-06-07,time_exit,-3.51,43.55817794799805,42.16079711914063,11,True,344.67,17101.17
9304,CVX,2024-05-23,2024-06-07,time_exit,-0.85,142.84046936035156,142.0577392578125,11,True,344.67,17098.24
9305,V,2024-05-23,2024-06-07,time_exit,1.32,269.6163635253906,273.9816589355469,11,True,344.67,17102.79
9306,COP,2024-05-23,2024-06-07,time_exit,-5.1,109.69793701171876,104.42981719970705,11,True,344.67,17085.21
9307,CMCSA,2024-05-24,2024-06-10,time_exit,0.35,33.02928924560547,33.24353790283203,11,True,344.56,17086.42
9308,XOM,2024-05-24,2024-06-10,time_exit,-0.6,105.52940368652344,105.21305847167967,11,True,344.56,17084.35
9309,MDT,2024-05-24,2024-06-10,time_exit,0.73,76.4583969116211,77.24815368652344,11,True,344.56,17086.87
9310,PH,2024-05-24,2024-06-10,time_exit,-1.02,518.8368530273438,515.0863037109375,11,True,344.56,17083.35
9311,PGR,2024-05-24,2024-06-10,time_exit,2.82,187.55197143554688,193.4109649658203,11,True,344.56,17093.07
9312,BA,2024-05-24,2024-06-10,time_exit,8.64,174.52000427246094,190.1199951171875,11,True,344.56,17122.84
9313,PNC,2024-05-24,2024-06-10,time_exit,-1.32,142.7598114013672,141.30685424804688,11,True,344.56,17118.29
9314,CAT,2024-05-24,2024-06-10,time_exit,-5.83,339.018310546875,320.27459716796875,11,True,344.56,17098.2
9315,BLK,2024-05-24,2024-06-10,time_exit,-1.67,744.603515625,734.4348754882812,11,True,344.56,17092.45
9316,AMGN,2024-05-24,2024-06-10,time_exit,-0.67,285.9654846191406,284.9182434082031,11,True,344.56,17090.14
9317,MRSH,2024-05-28,2024-06-11,time_exit,2.57,196.14352416992188,201.76905822753903,11,True,344.56,17099.0
9318,CRM,2024-05-28,2024-06-11,time_exit,-10.99,265.587646484375,237.20111083984372,11,True,344.56,17061.13
9319,PFE,2024-05-28,2024-06-11,time_exit,-1.25,24.36748504638672,24.13500595092773,11,True,344.56,17056.82
9320,LIN,2024-05-28,2024-06-11,time_exit,1.32,417.6080017089844,424.3668823242188,11,True,344.56,17061.37
9321,REGN,2024-05-28,2024-06-11,time_exit,3.54,964.0624389648438,1001.0928955078124,11,True,344.56,17073.57
9322,WFC,2024-05-28,2024-06-11,time_exit,-4.25,56.51230239868164,54.27956008911133,11,True,344.56,17058.92
9323,MCK,2024-05-28,2024-06-11,time_exit,7.47,543.404541015625,585.6239013671875,11,True,344.56,17084.66
9324,MS,2024-05-28,2024-06-11,time_exit,-3.58,92.85022735595705,89.80133819580078,11,True,344.56,17072.33
9325,PLD,2024-05-28,2024-06-11,time_exit,5.97,97.42061614990234,103.525634765625,11,True,344.56,17092.9
9326,MMM,2024-05-28,2024-06-11,time_exit,2.38,94.4900131225586,97.01791381835938,11,True,344.56,17101.1
9327,MO,2024-05-29,2024-06-12,time_exit,1.29,38.43418502807617,39.04708099365234,11,True,344.66,17105.55
9328,GS,2024-05-29,2024-06-12,time_exit,-1.56,434.1745910644531,428.7093505859375,11,True,344.66,17100.17
9329,MRK,2024-05-29,2024-06-12,time_exit,3.12,117.1473388671875,121.14839935302734,11,True,344.66,17110.92
9330,CSCO,2024-05-29,2024-06-12,time_exit,-1.3,43.56697082519531,43.13204956054688,11,True,344.66,17106.44
9331,AXP,2024-05-29,2024-06-12,time_exit,-5.34,230.2509765625,218.63790893554688,11,True,344.66,17088.04
9332,SO,2024-05-29,2024-06-12,time_exit,1.31,71.71442413330078,72.86632537841797,11,True,344.66,17092.55
9333,IBM,2024-05-29,2024-06-12,time_exit,0.87,156.970703125,158.80303955078125,11,True,344.66,17095.55
9334,FTNT,2024-05-29,2024-06-12,time_exit,1.19,59.72999954223633,60.619998931884766,11,True,344.66,17099.65
9335,ABBV,2024-05-29,2024-06-12,time_exit,7.0,143.62918090820312,154.11441040039062,11,True,344.66,17123.78
9336,KO,2024-05-29,2024-06-12,time_exit,1.61,57.84701919555664,58.95333480834961,11,True,344.66,17129.33
9353,LRCX,2024-05-31,2024-06-14,time_exit,10.8,91.49009704589844,101.64933776855467,11,True,344.54,17166.54
9372,KKR,2024-06-03,2024-06-17,time_exit,6.48,101.71978759765624,108.62139129638672,11,True,343.5,17188.8
9373,CRWD,2024-06-03,2024-06-17,time_exit,26.18,77.17250061035156,97.60749816894533,11,True,343.5,17278.72
9376,HWM,2024-06-04,2024-06-18,time_exit,-2.84,81.81890106201172,79.74085998535156,11,True,343.1,17268.98
9377,COF,2024-06-05,2024-06-20,time_exit,1.66,131.21322631835938,133.77978515625,11,True,342.55,17274.67
9378,TSLA,2024-06-05,2024-06-20,time_exit,3.45,175.0,181.57000732421875,11,True,342.55,17286.48
9379,CSX,2024-06-05,2024-06-20,time_exit,0.49,32.01542663574219,32.26728439331055,11,True,342.55,17288.16
9380,JPM,2024-06-06,2024-06-21,time_exit,-0.61,187.92886352539065,187.34669494628903,11,True,341.91,17286.08
9381,JCI,2024-06-07,2024-06-24,time_exit,-1.45,67.95741271972656,67.1756362915039,11,True,341.7,17281.12
9382,USB,2024-06-10,2024-06-25,time_exit,2.98,35.207481384277344,36.36137771606445,11,True,341.8,17291.31
9383,MNST,2024-06-10,2024-06-25,time_exit,-1.99,51.0,50.13999938964844,11,True,341.8,17284.51
9384,C,2024-06-10,2024-06-25,time_exit,-0.06,57.80866241455078,57.94982147216797,11,True,341.8,17284.3
9385,FCX,2024-06-11,2024-06-26,time_exit,-0.04,47.96571731567383,48.09209442138672,11,True,342.02,17284.16
9386,PNC,2024-06-11,2024-06-26,time_exit,0.74,139.0487518310547,140.49246215820312,11,True,342.02,17286.69
9387,AMD,2024-06-11,2024-06-26,time_exit,-1.19,158.9600067138672,157.5399932861328,11,True,342.02,17282.62
9388,NEE,2024-06-12,2024-06-27,time_exit,1.72,67.68290710449219,69.05043029785156,11,True,342.59,17288.52
9389,XOM,2024-06-12,2024-06-27,time_exit,3.28,103.21263122558594,106.90643310546876,11,True,342.59,17299.75
9390,PFE,2024-06-12,2024-06-27,time_exit,0.21,23.81641960144043,23.93696403503418,11,True,342.59,17300.47
9391,CVX,2024-06-12,2024-06-27,time_exit,1.06,140.36483764648438,142.27618408203125,11,True,342.59,17304.1
9392,CB,2024-06-12,2024-06-27,time_exit,-0.34,257.1846008300781,257.0859069824219,11,True,342.59,17302.94
9393,DIS,2024-06-12,2024-06-27,time_exit,1.06,98.0504913330078,99.38311767578124,11,True,342.59,17306.57
9394,PGR,2024-06-12,2024-06-27,time_exit,4.1,186.19993591308597,194.3951416015625,11,True,342.59,17320.62
9395,WM,2024-06-13,2024-06-28,time_exit,5.72,195.26638793945312,207.02777099609372,11,True,342.59,17340.21
9396,AMGN,2024-06-13,2024-06-28,time_exit,4.37,279.1024169921875,292.1459350585937,11,True,342.59,17355.18
9397,JNJ,2024-06-13,2024-06-28,time_exit,0.19,136.7522735595703,137.41983032226562,11,True,342.59,17355.83
9398,CME,2024-06-13,2024-06-28,time_exit,0.19,180.19113159179688,181.07534790039065,11,True,342.59,17356.49
9399,MS,2024-06-13,2024-06-28,time_exit,1.78,89.59432220458984,91.45752716064452,11,True,342.59,17362.58
9400,GS,2024-06-13,2024-06-28,time_exit,1.04,426.464111328125,432.1681213378906,11,True,342.59,17366.15
9401,GD,2024-06-13,2024-06-28,time_exit,-1.11,280.14117431640625,277.8619079589844,11,True,342.59,17362.34
9402,RTX,2024-06-13,2024-06-28,time_exit,-4.72,100.9207763671875,96.46231842041016,11,True,342.59,17346.17
9403,CSCO,2024-06-13,2024-06-28,time_exit,4.07,43.03750991821289,44.91897201538086,11,True,342.59,17360.12
9404,CMCSA,2024-06-13,2024-06-28,time_exit,3.9,32.20655822753906,33.56063461303711,11,True,342.59,17373.48
9405,CAT,2024-06-13,2024-06-28,time_exit,1.77,317.11669921875,323.665771484375,11,True,342.59,17379.54
9406,VLO,2024-06-13,2024-06-28,time_exit,4.33,141.1085662841797,147.64501953125,11,True,342.59,17394.38
9407,BNY,2024-06-13,2024-06-28,time_exit,2.08,55.76206207275391,57.08699798583984,11,True,342.59,17401.5
9408,MPC,2024-06-13,2024-06-28,time_exit,1.44,163.15869140625,166.00067138671875,11,True,342.59,17406.43
9409,SLB,2024-06-14,2024-07-01,time_exit,8.03,40.69392395019531,44.08193588256836,11,True,343.33,17434.0
9410,UNP,2024-06-14,2024-07-01,time_exit,0.94,211.33868408203125,213.9649658203125,11,True,343.33,17437.23
9411,BRK-B,2024-06-14,2024-07-01,time_exit,-0.39,405.5400085449219,405.1900024414063,11,True,343.33,17435.89
9412,MDT,2024-06-14,2024-07-01,time_exit,-4.29,75.29698181152344,72.29267883300781,11,True,343.33,17421.16
9413,UPS,2024-06-14,2024-07-01,time_exit,-0.08,118.19500732421876,118.45640563964844,11,True,343.33,17420.89
9414,GE,2024-06-14,2024-07-01,time_exit,1.68,153.8385772705078,156.8881072998047,11,True,343.33,17426.66
9415,LMT,2024-06-14,2024-07-01,time_exit,1.47,432.161376953125,439.7987365722656,11,True,343.33,17431.7
9416,MCD,2024-06-14,2024-07-01,time_exit,-1.72,240.18516540527344,236.78482055664065,11,True,343.33,17425.8
9417,BMY,2024-06-17,2024-07-02,time_exit,-1.57,36.77706909179688,36.31028366088867,11,True,345.57,17420.37
9418,COP,2024-06-17,2024-07-02,time_exit,3.88,102.13609313964844,106.40653228759766,11,True,345.57,17433.78
9419,ADP,2024-06-17,2024-07-02,time_exit,-3.7,233.4986267089844,225.5583953857422,11,True,345.57,17421.0
9420,SO,2024-06-17,2024-07-02,time_exit,-0.47,72.16031646728516,72.03956604003906,11,True,345.57,17419.37
9421,PH,2024-06-17,2024-07-02,time_exit,0.49,495.5306396484375,499.4476623535156,11,True,345.57,17421.06
9422,CRM,2024-06-17,2024-07-02,time_exit,10.85,226.8563232421875,252.162109375,11,True,345.57,17458.56
9423,VZ,2024-06-17,2024-07-02,time_exit,3.86,34.054054260253906,35.4693717956543,11,True,345.57,17471.9
9424,PM,2024-06-18,2024-07-03,time_exit,1.18,92.80493927001952,94.17975616455078,11,True,345.38,17475.97
9425,UNH,2024-06-20,2024-07-05,time_exit,0.42,463.1370544433594,466.47308349609375,11,True,345.76,17477.43
9426,KO,2024-06-20,2024-07-05,time_exit,2.24,58.7493896484375,60.2422103881836,11,True,345.76,17485.17
9427,BA,2024-06-20,2024-07-05,time_exit,4.54,176.3000030517578,184.8300018310547,11,True,345.76,17500.87
9428,SYK,2024-06-20,2024-07-05,time_exit,-1.27,334.0992431640625,330.8635559082031,11,True,345.76,17496.48
9429,DUK,2024-06-20,2024-07-05,time_exit,0.16,92.3913345336914,92.81591796875,11,True,345.76,17497.03
9432,SCHW,2024-06-21,2024-07-08,time_exit,-0.44,71.21158599853516,71.11448669433594,11,True,345.72,17495.51
9433,HOOD,2024-06-24,2024-07-09,time_exit,5.46,21.3700008392334,22.600000381469727,11,True,345.62,17514.38
9434,SBUX,2024-06-25,2024-07-10,time_exit,-8.84,74.93270874023438,68.53395080566406,11,True,345.69,17483.82
9435,QCOM,2024-06-25,2024-07-10,time_exit,2.98,193.73910522460935,200.09262084960935,11,True,345.69,17494.12
9436,HWM,2024-06-25,2024-07-10,time_exit,2.23,77.75230407714844,79.72097778320312,11,True,345.69,17501.83
9439,VRT,2024-06-26,2024-07-11,time_exit,6.42,86.7965087890625,92.63214111328124,11,True,345.65,17524.02
9440,COF,2024-06-26,2024-07-11,time_exit,1.32,132.4626007080078,134.61270141601562,11,True,345.65,17528.59
9441,PWR,2024-06-26,2024-07-11,time_exit,-1.18,265.91339111328125,263.5827331542969,11,True,345.65,17524.51
9444,TXN,2024-06-27,2024-07-12,time_exit,4.06,181.85910034179688,189.7942352294922,11,True,346.41,17538.57
9445,DASH,2024-06-27,2024-07-12,time_exit,-5.35,110.58000183105467,105.0,11,True,346.41,17520.04
9446,WDC,2024-06-27,2024-07-12,time_exit,2.51,57.6498908996582,59.267574310302734,11,True,346.41,17528.73
9447,KKR,2024-06-27,2024-07-12,time_exit,4.31,104.3719711303711,109.18338012695312,11,True,346.41,17543.66
9448,WFC,2024-06-27,2024-07-12,time_exit,-1.83,54.55508804321289,53.718994140625,11,True,346.41,17537.32
9449,BAC,2024-06-27,2024-07-12,time_exit,5.66,37.494327545166016,39.72966003417969,11,True,346.41,17556.93
9450,ETN,2024-06-27,2024-07-12,time_exit,4.97,305.4862365722656,321.58087158203125,11,True,346.41,17574.15
9451,MA,2024-06-28,2024-07-15,time_exit,0.49,435.2744445800781,438.7254943847656,11,True,348.13,17575.85
9452,MU,2024-06-28,2024-07-15,time_exit,-0.71,130.59373474121094,130.0520782470703,11,True,348.13,17573.38
9453,TMO,2024-06-28,2024-07-15,time_exit,-1.8,549.1983032226562,540.9353637695312,11,True,348.13,17567.12
9454,DIS,2024-06-28,2024-07-15,time_exit,-2.29,96.58167266845705,94.66240692138672,11,True,348.13,17559.14
9455,COST,2024-07-01,2024-07-16,time_exit,0.3,835.2825927734375,840.3201904296875,11,True,348.52,17560.19
9456,CDNS,2024-07-01,2024-07-16,time_exit,-0.04,310.9200134277344,311.7300109863281,11,True,348.52,17560.05
9457,MAR,2024-07-02,2024-07-17,time_exit,2.85,235.05381774902344,242.4684600830078,11,True,349.44,17570.01
9458,PEP,2024-07-02,2024-07-17,time_exit,3.56,151.8196563720703,157.67601013183594,11,True,349.44,17582.45
9459,LIN,2024-07-02,2024-07-17,time_exit,4.16,419.1144104003906,437.8244934082031,11,True,349.44,17596.99
9460,HD,2024-07-02,2024-07-17,time_exit,10.72,318.6112976074219,353.7282409667969,11,True,349.44,17634.45
9461,MCK,2024-07-02,2024-07-17,time_exit,-0.77,579.2258911132812,576.482421875,11,True,349.44,17631.75
9462,UBER,2024-07-02,2024-07-17,time_exit,-3.2,70.66999816894531,68.62000274658203,11,True,349.44,17620.57
9463,CB,2024-07-02,2024-07-17,time_exit,4.36,250.7477569580078,262.4232177734375,11,True,349.44,17635.81
9464,APH,2024-07-02,2024-07-17,time_exit,-5.24,66.49080657958984,63.20367050170898,11,True,349.44,17617.5
9465,DE,2024-07-02,2024-07-17,time_exit,5.23,355.4264221191406,375.0797424316406,11,True,349.44,17635.77
9466,RTX,2024-07-02,2024-07-17,time_exit,4.26,96.48153686523438,100.8823471069336,11,True,349.44,17650.66
9467,PG,2024-07-02,2024-07-17,time_exit,3.08,154.36293029785156,159.5806121826172,11,True,349.44,17661.42
9468,MDT,2024-07-02,2024-07-17,time_exit,4.73,72.52702331542969,76.17354583740234,11,True,349.44,17677.95
9469,LOW,2024-07-02,2024-07-17,time_exit,13.43,204.43284606933597,232.50050354003903,11,True,349.44,17724.88
9470,TT,2024-07-02,2024-07-17,time_exit,2.97,319.5555114746094,329.99322509765625,11,True,349.44,17735.26
9471,ELV,2024-07-03,2024-07-18,time_exit,-5.14,511.4016418457031,486.6506652832031,11,True,349.52,17717.29
9472,JNJ,2024-07-03,2024-07-18,time_exit,6.38,136.97792053222656,146.12608337402344,11,True,349.52,17739.59
9473,ADP,2024-07-05,2024-07-19,time_exit,4.54,224.53842163085935,235.41458129882807,11,True,349.94,17755.48
9474,ABT,2024-07-05,2024-07-19,time_exit,-1.69,99.22650146484376,97.84456634521484,11,True,349.94,17749.57
9475,CVS,2024-07-05,2024-07-19,time_exit,4.91,51.88734436035156,54.59077453613281,11,True,349.94,17766.75
9476,ACN,2024-07-05,2024-07-19,time_exit,10.23,286.54638671875,316.71417236328125,11,True,349.94,17802.55
9477,DHR,2024-07-05,2024-07-19,time_exit,1.49,236.2525787353516,240.48878479003903,11,True,349.94,17807.76
9478,GD,2024-07-08,2024-07-22,time_exit,3.53,269.9466552734375,280.2836608886719,11,True,349.91,17820.11
9479,CVX,2024-07-08,2024-07-22,time_exit,1.42,140.4649658203125,142.885986328125,11,True,349.91,17825.08
9480,MCD,2024-07-08,2024-07-22,time_exit,4.42,234.7578582763672,245.8303680419922,11,True,349.91,17840.55
9481,CMCSA,2024-07-08,2024-07-22,time_exit,5.59,32.254329681396484,34.15520095825195,11,True,349.91,17860.11
9482,HCA,2024-07-08,2024-07-22,time_exit,2.6,311.5794982910156,320.6152038574219,11,True,349.91,17869.2
9483,NOW,2024-07-09,2024-07-23,time_exit,2.59,148.802001953125,153.10400390625,11,True,350.29,17878.28
9484,BX,2024-07-09,2024-07-23,time_exit,18.12,112.8227996826172,133.60499572753906,11,True,350.29,17941.75
9485,UPS,2024-07-09,2024-07-23,time_exit,-5.22,117.00128936767578,111.25054931640624,11,True,350.29,17923.46
9486,CSX,2024-07-09,2024-07-23,time_exit,3.27,31.463266372680664,32.586952209472656,11,True,350.29,17934.92
9487,LMT,2024-07-10,2024-07-24,time_exit,11.45,434.6788330078125,485.773681640625,11,True,350.04,17975.0
9488,XOM,2024-07-10,2024-07-24,time_exit,2.46,104.13375854492188,107.00879669189452,11,True,350.04,17983.61
9489,INTU,2024-07-10,2024-07-24,time_exit,-2.29,621.7958374023438,609.4157104492188,11,True,350.04,17975.59
9490,KO,2024-07-10,2024-07-24,time_exit,4.44,59.363529205322266,62.17911148071289,11,True,350.04,17991.13
9496,SBUX,2024-07-11,2024-07-25,time_exit,-0.27,69.28063201904297,69.2995376586914,11,True,350.49,17990.19
9497,MPC,2024-07-11,2024-07-25,time_exit,4.09,157.20689392089844,164.10606384277344,11,True,350.49,18004.52
9498,VLO,2024-07-11,2024-07-25,time_exit,6.76,138.11346435546875,147.87109375,11,True,350.49,18028.22
9499,NFLX,2024-07-12,2024-07-26,time_exit,-2.81,64.76000213623047,63.137001037597656,11,True,351.48,18018.34
9500,AMZN,2024-07-15,2024-07-29,time_exit,-5.24,192.72000122070312,183.1999969482422,11,True,351.18,17999.94
9501,CRWD,2024-07-15,2024-07-29,time_exit,-31.72,94.34249877929688,64.70249938964844,11,True,351.18,17888.54
9502,DELL,2024-07-16,2024-07-30,time_exit,-19.12,129.7534942626953,105.32852935791016,11,True,351.2,17821.39
9503,PANW,2024-07-17,2024-07-31,time_exit,-2.53,166.07000732421875,162.36500549316406,11,True,354.71,17812.42
9504,FTNT,2024-07-17,2024-07-31,time_exit,-2.11,59.11000061035156,58.040000915527344,11,True,354.71,17804.93
9505,KLAC,2024-07-18,2024-08-01,time_exit,-4.23,77.39374542236328,74.35330200195312,11,True,354.79,17789.93
9506,COST,2024-07-18,2024-08-01,time_exit,-2.84,829.0599975585938,808.0050048828125,11,True,354.79,17779.85
9507,APP,2024-07-18,2024-08-01,time_exit,-7.52,80.93000030517578,75.08999633789062,11,True,354.79,17753.17
9508,ORCL,2024-07-18,2024-08-01,time_exit,-0.68,135.06124877929688,134.5524444580078,11,True,354.79,17750.76
9509,CRM,2024-07-18,2024-08-01,time_exit,2.01,243.840087890625,249.46902465820312,11,True,354.79,17757.89
9510,VRT,2024-07-18,2024-08-01,time_exit,-10.67,82.357421875,73.81842803955078,11,True,354.79,17720.03
9511,MRK,2024-07-18,2024-08-01,time_exit,-8.69,116.30370330810548,106.54073333740234,11,True,354.79,17689.2
9512,HWM,2024-07-18,2024-08-01,time_exit,20.12,78.32898712158203,94.32689666748048,11,True,354.79,17760.59
9513,MSFT,2024-07-18,2024-08-01,time_exit,-5.58,432.74169921875,409.8845520019531,11,True,354.79,17740.79
9514,NVDA,2024-07-18,2024-08-01,time_exit,-10.11,120.89073181152344,109.03028869628906,11,True,354.79,17704.92
9515,QCOM,2024-07-18,2024-08-01,time_exit,-14.64,183.47573852539065,157.16085815429688,11,True,354.79,17652.98
9516,MRVL,2024-07-18,2024-08-01,time_exit,-7.85,67.84149169921875,62.71932601928711,11,True,354.79,17625.13
9517,GE,2024-07-18,2024-08-01,time_exit,6.6,156.9757080078125,167.81048583984375,11,True,354.79,17648.54
9518,AVGO,2024-07-18,2024-08-01,time_exit,-8.71,157.55686950683594,144.3060760498047,11,True,354.79,17617.64
9519,BA,2024-07-19,2024-08-02,time_exit,-5.71,179.6699981689453,169.9499969482422,11,True,356.16,17597.3
9520,FCX,2024-07-19,2024-08-02,time_exit,-8.86,44.75244140625,40.92068862915039,11,True,356.16,17565.75
9521,MU,2024-07-19,2024-08-02,time_exit,-19.17,113.54590606689452,92.12063598632812,11,True,356.16,17497.47
9522,INTC,2024-07-22,2024-08-05,time_exit,-40.04,33.15964889526367,19.983234405517575,11,True,357.38,17354.38
9523,BKNG,2024-07-22,2024-08-05,time_exit,-13.75,153.8685760498047,133.16709899902344,11,True,357.38,17305.24
9524,T,2024-07-22,2024-08-05,time_exit,1.64,16.920425415039062,17.24880027770996,11,True,357.38,17311.1
9525,CMCSA,2024-07-23,2024-08-06,time_exit,0.76,33.273887634277344,33.62813949584961,11,True,358.7,17313.82
9526,UBER,2024-07-24,2024-08-07,time_exit,-1.21,66.13999938964844,65.54000091552734,11,True,359.82,17309.47
9527,ABNB,2024-07-24,2024-08-07,time_exit,-21.95,144.22999572753906,113.01000213623048,11,True,359.82,17230.49
9528,GD,2024-07-24,2024-08-07,time_exit,0.58,273.98907470703125,276.395263671875,11,True,359.82,17232.58
9529,TMUS,2024-07-24,2024-08-07,time_exit,7.44,170.24362182617188,183.4288330078125,11,True,359.82,17259.35
9530,TXN,2024-07-24,2024-08-07,time_exit,-6.86,186.41896057128903,174.18568420410156,11,True,359.82,17234.66
9531,GLW,2024-07-24,2024-08-07,time_exit,-14.18,42.36275863647461,36.48305130004883,11,True,359.82,17183.64
9532,NOW,2024-07-24,2024-08-07,time_exit,5.91,146.1739959716797,155.25599670410156,11,True,359.82,17204.91
9533,MA,2024-07-24,2024-08-07,time_exit,3.72,427.3126525878906,444.4961242675781,11,True,359.82,17218.29
9534,REGN,2024-07-24,2024-08-07,time_exit,0.35,1050.942626953125,1057.8177490234375,11,True,359.82,17219.55
9535,UPS,2024-07-24,2024-08-07,time_exit,-4.35,111.9911651611328,107.45159149169922,11,True,359.82,17203.9
9536,DASH,2024-07-25,2024-08-08,time_exit,23.49,100.77999877929688,124.76000213623048,11,True,360.56,17288.59
9537,APH,2024-07-25,2024-08-08,time_exit,0.69,60.782596588134766,61.3829460144043,11,True,360.56,17291.08
9538,PLTR,2024-07-25,2024-08-08,time_exit,9.65,26.6299991607666,29.280000686645508,11,True,360.56,17325.88
9539,AAPL,2024-07-25,2024-08-08,time_exit,-2.22,215.43637084960935,211.2958526611328,11,True,360.56,17317.87
9540,NEM,2024-07-25,2024-08-08,time_exit,4.1,44.26266479492188,46.20944213867188,11,True,360.56,17332.66
9541,ADBE,2024-07-25,2024-08-08,time_exit,-0.66,532.1500244140625,530.239990234375,11,True,360.56,17330.28
9542,V,2024-07-25,2024-08-08,time_exit,2.1,249.4710998535156,255.4585723876953,11,True,360.56,17337.85
9543,C,2024-07-25,2024-08-08,time_exit,-9.33,60.57534790039063,55.10603713989258,11,True,360.56,17304.21
9544,SYK,2024-07-26,2024-08-09,time_exit,-1.46,325.38922119140625,321.6219177246094,11,True,360.37,17298.95
9545,CDNS,2024-07-26,2024-08-09,time_exit,4.08,258.7900085449219,270.1300048828125,11,True,360.37,17313.65
9546,EQIX,2024-07-26,2024-08-09,time_exit,5.71,736.4603271484375,780.7472534179688,11,True,360.37,17334.23
9547,WMT,2024-07-26,2024-08-09,time_exit,-2.92,68.33442687988281,66.54232788085938,11,True,360.37,17323.7
9548,COP,2024-07-26,2024-08-09,time_exit,-2.33,103.36688232421876,101.26897430419922,11,True,360.37,17315.31
9549,WDC,2024-07-29,2024-08-12,time_exit,-9.42,49.9827995300293,45.42318344116211,11,True,357.77,17281.6
9550,STX,2024-07-29,2024-08-12,time_exit,-7.6,99.74626159667967,92.46163940429688,11,True,357.77,17254.41
9551,ETN,2024-07-30,2024-08-13,time_exit,2.88,279.50518798828125,288.403076171875,11,True,356.43,17264.68
9558,MO,2024-07-31,2024-08-14,time_exit,4.15,42.633262634277344,44.52962112426758,11,True,356.1,17279.46
9559,PANW,2024-08-01,2024-08-15,time_exit,8.46,157.80999755859375,171.63499450683594,11,True,352.35,17309.27
9560,TSLA,2024-08-01,2024-08-15,time_exit,-1.55,216.8600006103516,214.13999938964844,11,True,352.35,17303.8
9561,PH,2024-08-01,2024-08-15,time_exit,10.23,523.4490356445312,578.5809326171875,11,True,352.35,17339.85
9562,AMAT,2024-08-01,2024-08-15,time_exit,7.61,192.84036254882807,208.09664916992188,11,True,352.35,17366.66
9563,ADI,2024-08-01,2024-08-15,time_exit,1.87,211.72650146484372,216.32041931152344,11,True,352.35,17373.25
9564,INTU,2024-08-02,2024-08-16,time_exit,4.45,613.0315551757812,642.124755859375,11,True,349.95,17388.83
9565,FTNT,2024-08-02,2024-08-16,time_exit,31.92,56.5099983215332,74.72000122070312,11,True,349.95,17500.53
9566,AVGO,2024-08-02,2024-08-16,time_exit,14.93,141.1651611328125,162.6608428955078,11,True,349.95,17552.78
9567,HD,2024-08-02,2024-08-16,time_exit,1.57,338.07208251953125,344.37823486328125,11,True,349.95,17558.27
9568,WMB,2024-08-02,2024-08-16,time_exit,4.27,39.435279846191406,41.23883056640625,11,True,349.95,17573.21
9569,AMGN,2024-08-02,2024-08-16,time_exit,-3.39,312.2861633300781,302.6444702148437,11,True,349.95,17561.35
9570,NVDA,2024-08-02,2024-08-16,time_exit,15.84,107.0934829711914,124.375,11,True,349.95,17616.78
9571,DIS,2024-08-02,2024-08-16,time_exit,-0.6,87.52876281738281,87.26492309570312,11,True,349.95,17614.68
9572,LIN,2024-08-05,2024-08-19,time_exit,3.1,432.1822204589844,446.8773193359375,11,True,346.22,17625.42
9573,ISRG,2024-08-05,2024-08-19,time_exit,9.78,438.0,482.1600036621094,11,True,346.22,17659.28
9574,KLAC,2024-08-05,2024-08-19,time_exit,16.54,69.17509460449219,80.82469177246094,11,True,346.22,17716.54
9575,ICE,2024-08-05,2024-08-19,time_exit,5.41,145.26852416992188,153.55813598632812,11,True,346.22,17735.27
9576,PFE,2024-08-05,2024-08-19,time_exit,-3.46,25.968780517578125,25.14797782897949,11,True,346.22,17723.29
9577,MAR,2024-08-05,2024-08-19,time_exit,6.53,207.0115203857422,221.15614318847656,11,True,346.22,17745.9
9578,MRK,2024-08-05,2024-08-19,time_exit,1.58,105.12731170654295,107.10237121582033,11,True,346.22,17751.37
9591,CSCO,2024-08-06,2024-08-20,time_exit,10.95,43.062931060791016,47.907039642333984,11,True,346.28,17789.29
9594,TJX,2024-08-07,2024-08-21,time_exit,11.48,104.93861389160156,117.30097198486328,11,True,344.08,17828.79
9595,UPS,2024-08-08,2024-08-22,time_exit,1.48,109.96971130371094,111.9258041381836,11,True,346.08,17833.91
9596,INTC,2024-08-08,2024-08-22,time_exit,-2.2,20.489999771118164,20.100000381469727,11,True,346.08,17826.3
9597,LOW,2024-08-08,2024-08-22,time_exit,1.38,227.17776489257807,231.00363159179688,11,True,346.08,17831.07
9598,GILD,2024-08-08,2024-08-22,time_exit,0.11,71.36908721923828,71.66179656982422,11,True,346.08,17831.45
9599,MCK,2024-08-09,2024-08-23,time_exit,1.73,535.96435546875,546.8589477539062,11,True,346.31,17837.44
9600,VRTX,2024-08-09,2024-08-23,time_exit,2.43,468.4500122070313,481.239990234375,11,True,346.31,17845.86
9601,CVX,2024-08-12,2024-08-26,time_exit,3.25,131.9913787841797,136.67140197753906,11,True,345.09,17857.08
9602,JNJ,2024-08-13,2024-08-27,time_exit,3.36,148.91848754882812,154.36865234375,11,True,345.29,17868.68
9603,XOM,2024-08-22,2024-09-06,time_exit,-2.12,107.60769653320312,105.64743041992188,11,True,356.63,17861.12
9604,ANET,2024-08-27,2024-09-11,time_exit,-1.08,86.40499877929688,85.73249816894531,11,True,357.37,17857.26
9605,LRCX,2024-08-27,2024-09-11,time_exit,-6.83,80.65127563476562,75.38323974609375,11,True,357.37,17832.85
9606,AMAT,2024-08-27,2024-09-11,time_exit,-5.32,192.68826293945312,183.0130157470703,11,True,357.37,17813.84
9607,EQIX,2024-08-27,2024-09-11,time_exit,5.78,783.9132690429688,831.5626831054688,11,True,357.37,17834.49
9608,DHR,2024-08-28,2024-09-12,time_exit,2.12,262.7266540527344,269.0761108398437,11,True,357.37,17842.07
9609,MPC,2024-08-28,2024-09-12,time_exit,-5.27,163.38922119140625,155.27407836914062,11,True,357.37,17823.24
9610,META,2024-08-28,2024-09-12,time_exit,1.41,513.3341064453125,522.0952758789062,11,True,357.37,17828.27
9611,ETN,2024-08-28,2024-09-12,time_exit,3.03,286.6553955078125,296.2040710449219,11,True,357.37,17839.1
9612,PLTR,2024-08-28,2024-09-12,time_exit,14.69,30.36000061035156,34.90999984741211,11,True,357.37,17891.6
9613,MSFT,2024-08-28,2024-09-12,time_exit,3.69,404.2146606445313,420.359619140625,11,True,357.37,17904.79
9614,VLO,2024-08-28,2024-09-12,time_exit,-5.21,133.7333221435547,127.1627960205078,11,True,357.37,17886.17
9615,SO,2024-08-28,2024-09-12,time_exit,2.9,80.3188705444336,82.88533020019531,11,True,357.37,17896.53
9616,SLB,2024-08-29,2024-09-13,time_exit,-9.26,41.81064224243164,38.064483642578125,11,True,357.37,17863.44
9617,STX,2024-08-29,2024-09-13,time_exit,4.41,94.11153411865234,98.54019165039062,11,True,357.37,17879.2
9618,NVDA,2024-08-29,2024-09-13,time_exit,0.99,117.39649200439452,118.91419219970705,11,True,357.37,17882.74
9619,AVGO,2024-08-29,2024-09-13,time_exit,6.56,154.0331268310547,164.59451293945312,11,True,357.37,17906.18
9620,CMCSA,2024-08-30,2024-09-16,time_exit,-0.83,34.18975830078125,34.0083122253418,11,True,357.37,17903.22
9621,KKR,2024-09-03,2024-09-17,time_exit,7.9,116.7870101928711,126.36539459228516,11,True,357.37,17931.45
9622,CVX,2024-09-03,2024-09-17,time_exit,-1.16,133.1372833251953,131.98687744140625,11,True,357.37,17927.3
9623,DIS,2024-09-03,2024-09-17,time_exit,3.88,87.09879302978516,90.74378967285156,11,True,357.37,17941.17
9624,PFE,2024-09-03,2024-09-17,time_exit,5.11,24.711381912231445,26.047367095947266,11,True,357.37,17959.43
9625,NFLX,2024-09-03,2024-09-17,time_exit,4.38,67.53199768066406,70.69100189208984,11,True,357.37,17975.08
9626,KLAC,2024-09-04,2024-09-18,time_exit,-2.19,73.40276336669922,72.01668548583984,11,True,357.37,17967.26
9627,ELV,2024-09-04,2024-09-18,time_exit,-1.44,527.7158813476562,521.7111206054688,11,True,357.37,17962.11
9628,TT,2024-09-04,2024-09-18,time_exit,7.2,340.9031677246094,366.4539184570313,11,True,357.37,17987.84
9629,VRTX,2024-09-04,2024-09-18,time_exit,-1.22,478.5700073242188,474.1600036621094,11,True,357.37,17983.48
9630,VRT,2024-09-04,2024-09-18,time_exit,16.52,74.87581634521484,87.47004699707031,11,True,357.37,18042.52
9631,PANW,2024-09-04,2024-09-18,time_exit,-5.04,173.0749969482422,164.875,11,True,357.37,18024.51
9632,DELL,2024-09-04,2024-09-18,time_exit,6.05,105.76492309570312,112.4855499267578,11,True,357.37,18046.13
9633,PSX,2024-09-04,2024-09-18,time_exit,-1.8,123.79335021972656,121.94053649902344,11,True,357.37,18039.7
9634,CRM,2024-09-04,2024-09-18,time_exit,1.78,244.16539001464844,249.2386779785156,11,True,357.37,18046.06
9635,GE,2024-09-04,2024-09-18,time_exit,10.03,164.45921325683594,181.4528045654297,11,True,357.37,18081.9
9636,MU,2024-09-04,2024-09-18,time_exit,-2.47,88.73194122314453,86.80406951904297,11,True,357.37,18073.08
9637,DASH,2024-09-04,2024-09-18,time_exit,5.33,125.41999816894533,132.47999572753906,11,True,357.37,18092.12
9638,MRK,2024-09-04,2024-09-18,time_exit,2.84,108.39410400390624,111.79547882080078,11,True,357.37,18102.27
9639,WM,2024-09-05,2024-09-19,time_exit,-1.75,202.2339324951172,199.30430603027344,11,True,357.37,18096.02
9640,INTC,2024-09-05,2024-09-19,time_exit,8.67,19.399999618530277,21.13999938964844,11,True,357.37,18127.0
9641,HD,2024-09-05,2024-09-19,time_exit,7.57,346.2690734863281,373.5322570800781,11,True,357.37,18154.06
9642,AMGN,2024-09-05,2024-09-19,time_exit,3.27,305.3936462402344,316.3059997558594,11,True,357.37,18165.74
9643,GS,2024-09-05,2024-09-19,time_exit,2.97,468.9015502929688,484.2310791015625,11,True,357.37,18176.36
9644,TXN,2024-09-05,2024-09-19,time_exit,2.7,190.7270050048828,196.4521331787109,11,True,357.37,18186.01
9645,UBER,2024-09-05,2024-09-19,time_exit,5.36,71.25,75.27999877929688,11,True,357.37,18205.16
9646,PH,2024-09-05,2024-09-19,time_exit,8.54,564.8257446289062,614.7586059570312,11,True,357.37,18235.68
9647,COST,2024-09-05,2024-09-19,time_exit,1.37,876.3433227539062,890.94287109375,11,True,357.37,18240.58
9648,BKNG,2024-09-06,2024-09-20,time_exit,8.62,147.2013397216797,160.32472229003906,11,True,357.22,18271.37
9649,HOOD,2024-09-06,2024-09-20,time_exit,19.71,18.940000534057617,22.729999542236328,11,True,357.22,18341.78
9650,GLW,2024-09-06,2024-09-20,time_exit,9.2,39.4360237121582,43.18166732788086,11,True,357.22,18374.64
9651,ABNB,2024-09-06,2024-09-20,time_exit,14.49,114.27999877929688,131.17999267578125,11,True,357.22,18426.4
9652,MCO,2024-09-06,2024-09-20,time_exit,3.74,467.8794555664063,486.7937622070313,11,True,357.22,18439.76
9672,LOW,2024-09-11,2024-09-25,time_exit,6.81,237.7998504638672,254.70872497558597,11,True,356.69,18464.05
9673,PNC,2024-09-11,2024-09-25,time_exit,2.33,165.4864044189453,169.8310089111328,11,True,356.69,18472.36
9674,RTX,2024-09-11,2024-09-25,time_exit,1.08,115.20726776123048,116.79154205322266,11,True,356.69,18476.22
9675,CVS,2024-09-11,2024-09-25,time_exit,4.21,52.00048065185547,54.345176696777344,11,True,356.69,18491.23
9688,ABBV,2024-09-12,2024-09-26,time_exit,-1.39,181.6843719482422,179.69915771484375,11,True,357.93,18486.26
9689,JNJ,2024-09-12,2024-09-26,time_exit,-2.27,155.96963500976562,152.89080810546875,11,True,357.93,18478.13
9690,MDT,2024-09-17,2024-10-01,time_exit,2.05,83.08221435546875,85.03189086914062,11,True,359.5,18485.5
9691,ACN,2024-09-17,2024-10-01,time_exit,4.13,324.26666259765625,338.64044189453125,11,True,359.5,18500.35
9692,PM,2024-09-17,2024-10-01,time_exit,-1.34,114.43277740478516,113.23747253417967,11,True,359.5,18495.53
9693,DUK,2024-09-18,2024-10-02,time_exit,0.39,107.95348358154295,108.69876861572266,11,True,362.05,18496.95
9694,SO,2024-09-19,2024-10-03,time_exit,1.77,83.23190307617188,84.95533752441406,11,True,364.81,18503.4
9695,MRSH,2024-09-20,2024-10-04,time_exit,-0.56,215.7808990478516,215.2298126220703,11,True,368.8,18501.34
9696,ABT,2024-09-23,2024-10-07,time_exit,-1.56,110.10031127929688,108.70980072021484,11,True,368.8,18495.58
9697,TJX,2024-09-24,2024-10-08,time_exit,-3.87,114.7838134765625,110.6861343383789,11,True,368.8,18481.31
9698,UNH,2024-09-24,2024-10-08,time_exit,0.81,551.755126953125,557.8848876953125,11,True,368.8,18484.3
9699,VRTX,2024-09-24,2024-10-08,time_exit,-1.17,462.989990234375,458.9400024414063,11,True,368.8,18479.98
9700,REGN,2024-09-25,2024-10-09,time_exit,-2.14,1021.5104370117188,1002.7274780273438,11,True,369.82,18472.07
9701,PLD,2024-09-25,2024-10-09,time_exit,-5.52,118.2150650024414,112.03984832763672,11,True,369.82,18451.66
9702,DHR,2024-09-25,2024-10-09,time_exit,0.3,264.5238952636719,266.11639404296875,11,True,369.82,18452.76
9703,MCO,2024-09-26,2024-10-10,time_exit,-1.28,466.4918518066406,461.93548583984375,11,True,369.56,18448.03
9704,SYK,2024-09-26,2024-10-10,time_exit,-2.29,354.5072021484375,347.4498596191406,11,True,369.56,18439.57
9705,PFE,2024-09-26,2024-10-10,time_exit,0.98,25.29641914367676,25.619503021240234,11,True,369.56,18443.19
9706,PEP,2024-09-26,2024-10-10,time_exit,1.64,158.6896209716797,161.77572631835938,11,True,369.56,18449.25
9707,ELV,2024-09-26,2024-10-10,time_exit,-5.7,503.1621398925781,475.9866638183594,11,True,369.56,18428.19
9708,MRVL,2024-09-27,2024-10-11,time_exit,4.04,70.60647583007812,73.67110443115234,11,True,369.56,18443.12
9709,PGR,2024-09-30,2024-10-14,time_exit,-1.0,233.51356506347656,231.87469482421875,11,True,369.56,18439.42
9710,MSFT,2024-09-30,2024-10-14,time_exit,-2.89,423.6082763671875,412.621826171875,11,True,369.56,18428.74
9711,BA,2024-09-30,2024-10-14,time_exit,-2.31,152.0399932861328,148.99000549316406,11,True,369.56,18420.21
9712,JPM,2024-09-30,2024-10-14,time_exit,5.38,202.35772705078125,213.85198974609372,11,True,369.56,18440.09
9713,ADP,2024-09-30,2024-10-14,time_exit,4.86,265.1153259277344,278.786376953125,11,True,369.56,18458.05
9714,CB,2024-09-30,2024-10-14,time_exit,-0.19,283.8436279296875,284.1585693359375,11,True,369.56,18457.35
9715,MRK,2024-09-30,2024-10-14,time_exit,-3.71,107.008544921875,103.36181640625,11,True,369.56,18443.64
9716,GD,2024-09-30,2024-10-14,time_exit,0.07,290.861328125,291.934326171875,11,True,369.56,18443.9
9717,LLY,2024-09-30,2024-10-14,time_exit,4.62,873.705810546875,916.674072265625,11,True,369.56,18460.97
9718,INTU,2024-09-30,2024-10-14,time_exit,-0.75,610.1624755859375,607.4056396484375,11,True,369.56,18458.2
9719,QCOM,2024-10-01,2024-10-15,time_exit,4.71,159.68763732910156,167.69223022460938,11,True,369.91,18475.62
9720,COST,2024-10-01,2024-10-15,time_exit,1.66,867.8369750976562,884.8795166015625,11,True,369.91,18481.76
9721,AMZN,2024-10-01,2024-10-15,time_exit,1.08,185.1300048828125,187.69000244140625,11,True,369.91,18485.76
9722,PANW,2024-10-01,2024-10-15,time_exit,13.41,164.64500427246094,187.22000122070312,11,True,369.91,18535.36
9723,BX,2024-10-01,2024-10-15,time_exit,2.64,142.08155822753906,146.26402282714844,11,True,369.91,18545.13
9724,SCHW,2024-10-02,2024-10-16,time_exit,13.48,61.75743865966797,70.26797485351562,11,True,369.94,18594.99
9725,NOW,2024-10-02,2024-10-16,time_exit,4.07,176.08200073242188,183.7740020751953,11,True,369.94,18610.05
9726,CDNS,2024-10-02,2024-10-16,time_exit,-1.82,267.010009765625,262.95001220703125,11,True,369.94,18603.32
9727,DELL,2024-10-02,2024-10-16,time_exit,11.4,110.03199768066406,122.90106964111328,11,True,369.94,18645.49
9728,MO,2024-10-03,2024-10-17,time_exit,-0.78,44.33086395263672,44.11798858642578,11,True,370.07,18642.6
9729,COF,2024-10-03,2024-10-17,time_exit,9.72,141.2557830810547,155.41055297851562,11,True,370.07,18678.57
9730,HOOD,2024-10-03,2024-10-17,time_exit,17.04,22.43000030517578,26.31999969482422,11,True,370.07,18741.63
9731,PM,2024-10-03,2024-10-17,time_exit,1.19,111.16221618652344,112.81490325927734,11,True,370.07,18746.04
9732,BRK-B,2024-10-03,2024-10-17,time_exit,2.55,452.9599914550781,465.8500061035156,11,True,370.07,18755.47
9733,KO,2024-10-03,2024-10-17,time_exit,-1.18,67.08602905273438,66.49622344970703,11,True,370.07,18751.11
9734,GS,2024-10-03,2024-10-17,time_exit,8.53,467.1907958984375,508.4220886230469,11,True,370.07,18782.67
9735,UBER,2024-10-03,2024-10-17,time_exit,9.24,72.94000244140625,79.9000015258789,11,True,370.07,18816.87
9736,ADBE,2024-10-03,2024-10-17,time_exit,-1.68,503.7999877929688,496.8299865722656,11,True,370.07,18810.65
9737,BNY,2024-10-03,2024-10-17,time_exit,9.49,68.01536560058594,74.67092895507812,11,True,370.07,18845.77
9738,USB,2024-10-03,2024-10-17,time_exit,13.32,40.9087142944336,46.48040771484375,11,True,370.07,18895.06
9739,BAC,2024-10-03,2024-10-17,time_exit,8.24,37.73877334594727,40.95978546142578,11,True,370.07,18925.56
9740,ABNB,2024-10-03,2024-10-17,time_exit,8.26,125.29000091552734,136.02000427246094,11,True,370.07,18956.13
9741,ISRG,2024-10-03,2024-10-17,time_exit,-1.53,479.6300048828125,473.7300109863281,11,True,370.07,18950.46
9742,PNC,2024-10-03,2024-10-17,time_exit,6.42,166.67300415039062,177.8789825439453,11,True,370.07,18974.22
9743,MDT,2024-10-04,2024-10-18,time_exit,4.21,83.38793182373047,87.14822387695312,11,True,370.03,18989.8
9744,NEM,2024-10-04,2024-10-18,time_exit,7.72,51.91383743286133,56.079402923583984,11,True,370.03,19018.37
9745,JNJ,2024-10-04,2024-10-18,time_exit,2.71,151.84872436523438,156.42437744140625,11,True,370.03,19028.39
9750,EQIX,2024-10-07,2024-10-21,time_exit,0.84,833.7763671875,843.2928466796875,11,True,369.91,19031.5
9759,WELL,2024-10-08,2024-10-22,time_exit,3.96,120.7138671875,125.86092376708984,11,True,369.6,19046.14
9760,PG,2024-10-08,2024-10-22,time_exit,1.21,159.3275909423828,161.7320556640625,11,True,369.6,19050.61
9763,GOOG,2024-10-09,2024-10-23,time_exit,0.57,162.0318603515625,163.44290161132812,11,True,369.06,19052.71
9764,FCX,2024-10-09,2024-10-23,time_exit,-1.94,47.64817810058594,46.86581039428711,11,True,369.06,19045.55
9765,NEE,2024-10-09,2024-10-23,time_exit,5.14,75.96473693847656,80.09386444091797,11,True,369.06,19064.52
9767,TSLA,2024-10-10,2024-10-24,time_exit,8.79,238.7700042724609,260.4800109863281,11,True,368.56,19096.92
9768,PLD,2024-10-10,2024-10-24,time_exit,1.48,111.51190185546876,113.50116729736328,11,True,368.56,19102.37
9769,ABBV,2024-10-16,2024-10-30,time_exit,5.5,179.77493286132812,190.1955718994141,11,True,372.91,19122.88
9770,COP,2024-10-16,2024-10-30,time_exit,-2.37,98.76142120361328,96.7140655517578,11,True,372.91,19114.05
9771,AMD,2024-10-16,2024-10-30,time_exit,-5.12,156.1300048828125,148.60000610351562,11,True,372.91,19094.95
9772,DE,2024-10-17,2024-10-31,time_exit,-0.41,395.9600830078125,395.5202941894531,11,True,379.48,19093.4
9773,XOM,2024-10-17,2024-10-31,time_exit,-3.27,112.87879180908205,109.5304183959961,11,True,379.48,19080.99
9774,MO,2024-10-18,2024-11-01,time_exit,8.29,44.00268173217773,47.78118133544922,11,True,380.57,19112.54
9775,KLAC,2024-10-18,2024-11-01,time_exit,-1.65,66.84280395507812,65.94239807128906,11,True,380.57,19106.26
9776,META,2024-10-21,2024-11-04,time_exit,-2.82,571.8697509765625,557.47265625,11,True,380.63,19095.52
9777,LRCX,2024-10-21,2024-11-04,time_exit,1.53,71.8213119506836,73.1327133178711,11,True,380.63,19101.35
9778,MPC,2024-10-21,2024-11-04,time_exit,-7.93,150.87037658691406,139.36109924316406,11,True,380.63,19071.16
9779,ADI,2024-10-21,2024-11-04,time_exit,-0.96,219.1130828857422,217.6760711669922,11,True,380.63,19067.51
9780,NOW,2024-10-21,2024-11-04,time_exit,3.65,183.66799926757807,190.91799926757807,11,True,380.63,19081.4
9781,SLB,2024-10-22,2024-11-05,time_exit,-3.59,39.9410400390625,38.62649154663086,11,True,381.01,19067.72
9782,PSX,2024-10-22,2024-11-05,time_exit,-7.6,122.98859405517578,114.01453399658205,11,True,381.01,19038.77
9783,CVS,2024-10-22,2024-11-05,time_exit,-2.96,53.273399353027344,51.85840225219727,11,True,381.01,19027.49
9784,MRSH,2024-10-22,2024-11-05,time_exit,-0.43,214.91978454589844,214.6388702392578,11,True,381.01,19025.85
9785,UPS,2024-10-22,2024-11-05,time_exit,1.61,115.88787078857422,118.10272216796876,11,True,381.01,19031.99
9786,AMAT,2024-10-22,2024-11-05,time_exit,1.6,180.11927795410156,183.5444793701172,11,True,381.01,19038.08
9787,AMGN,2024-10-22,2024-11-05,time_exit,-0.42,300.9685974121094,300.6202087402344,11,True,381.01,19036.48
9788,KO,2024-10-22,2024-11-05,time_exit,-6.17,66.0681381225586,62.18682098388672,11,True,381.01,19012.97
9789,MRK,2024-10-22,2024-11-05,time_exit,-4.98,100.4877700805664,95.78565979003906,11,True,381.01,18994.0
9790,PGR,2024-10-22,2024-11-05,time_exit,-0.37,228.53298950195312,228.36729431152344,11,True,381.01,18992.59
9791,LOW,2024-10-22,2024-11-05,time_exit,-1.0,261.6778869628906,259.8533935546875,11,True,381.01,18988.78
9792,T,2024-10-22,2024-11-05,time_exit,2.26,19.863075256347656,20.37120056152344,11,True,381.01,18997.39
9793,C,2024-10-22,2024-11-05,time_exit,0.76,60.38861846923828,61.02956771850586,11,True,381.01,19000.29
9794,PH,2024-10-23,2024-11-06,time_exit,12.37,618.3427734375,696.6641845703125,11,True,381.29,19047.45
9795,CRM,2024-10-23,2024-11-06,time_exit,7.6,280.8340759277344,303.0199890136719,11,True,381.29,19076.43
9796,INTU,2024-10-23,2024-11-06,time_exit,7.4,592.4951782226562,638.1421508789062,11,True,381.29,19104.64
9797,TT,2024-10-23,2024-11-06,time_exit,-1.3,390.35888671875,386.4437561035156,11,True,381.29,19099.69
9798,VRT,2024-10-23,2024-11-06,time_exit,10.84,108.12520599365234,120.16902923583984,11,True,381.29,19141.02
9799,MAR,2024-10-23,2024-11-06,time_exit,6.85,253.2466278076172,271.3595275878906,11,True,381.29,19167.14
9800,DELL,2024-10-23,2024-11-06,time_exit,15.48,116.29163360595705,134.6468048095703,11,True,381.29,19226.16
9801,QCOM,2024-10-23,2024-11-06,time_exit,3.54,160.47750854492188,166.63267517089844,11,True,381.29,19239.66
9802,CAT,2024-10-23,2024-11-06,time_exit,7.78,377.6836853027344,408.1839294433594,11,True,381.29,19269.32
9803,SBUX,2024-10-23,2024-11-06,time_exit,-1.91,92.85321807861328,91.3603515625,11,True,381.29,19262.04
9804,INTC,2024-10-23,2024-11-06,time_exit,13.67,21.979999542236328,25.049999237060547,11,True,381.29,19314.16
9805,SPGI,2024-10-23,2024-11-06,time_exit,-4.4,475.6926574707031,456.205810546875,11,True,381.29,19297.39
9806,LLY,2024-10-23,2024-11-06,time_exit,-14.35,890.7767944335938,765.6588134765625,11,True,381.29,19242.67
9807,AVGO,2024-10-23,2024-11-06,time_exit,3.18,170.86721801757812,176.81521606445312,11,True,381.29,19254.8
9808,MCO,2024-10-24,2024-11-07,time_exit,-0.59,459.51458740234375,458.1663818359375,11,True,382.05,19252.54
9809,STX,2024-10-24,2024-11-07,time_exit,0.79,101.00018310546876,102.09779357910156,11,True,382.05,19255.56
9810,MCK,2024-10-24,2024-11-07,time_exit,20.01,500.760498046875,602.4576416015625,11,True,382.05,19332.01
9811,MMM,2024-10-24,2024-11-07,time_exit,4.92,121.75287628173828,128.10667419433594,11,True,382.05,19350.81
9812,CSX,2024-10-24,2024-11-07,time_exit,7.13,32.17762756347656,34.56907272338867,11,True,382.05,19378.05
9813,JCI,2024-10-24,2024-11-07,time_exit,6.27,75.44757843017578,80.40477752685547,11,True,382.05,19402.0
9814,PFE,2024-10-24,2024-11-07,time_exit,-4.42,25.00826644897461,23.97789764404297,11,True,382.05,19385.11
9815,CRWD,2024-10-25,2024-11-08,time_exit,9.48,75.15499877929688,82.50749969482422,11,True,382.05,19421.33
9816,BRK-B,2024-10-25,2024-11-08,time_exit,1.77,454.010009765625,463.4100036621094,11,True,382.05,19428.09
9817,ACN,2024-10-25,2024-11-08,time_exit,-1.76,348.53912353515625,343.4482116699219,11,True,382.05,19421.37
9818,UBER,2024-10-25,2024-11-08,time_exit,-7.49,77.62000274658203,72.04000091552734,11,True,382.05,19392.75
9828,DHR,2024-10-30,2024-11-13,time_exit,-0.63,239.51760864257807,238.7367401123047,11,True,381.9,19390.35
9829,ABT,2024-10-30,2024-11-13,time_exit,0.83,110.27234649658205,111.5152587890625,11,True,381.9,19393.52
9830,MCD,2024-10-30,2024-11-13,time_exit,1.7,277.7278137207031,283.28204345703125,11,True,381.9,19400.01
9837,MRVL,2024-10-31,2024-11-14,time_exit,12.92,79.7431640625,90.28466796875,11,True,381.62,19449.32
9838,BNY,2024-10-31,2024-11-14,time_exit,2.63,72.82199096679688,74.95755767822266,11,True,381.62,19459.35
9843,ICE,2024-11-01,2024-11-15,time_exit,0.29,151.4124755859375,152.303466796875,11,True,382.13,19460.46
9844,HOOD,2024-11-01,2024-11-15,time_exit,34.54,23.96999931335449,32.31999969482422,11,True,382.13,19592.45
9852,GS,2024-11-04,2024-11-18,time_exit,14.66,491.573974609375,565.1171875,11,True,381.63,19648.39
9853,AAPL,2024-11-04,2024-11-18,time_exit,2.52,220.16824340820312,226.377197265625,11,True,381.63,19658.01
9854,MSFT,2024-11-04,2024-11-18,time_exit,1.49,402.1078796386719,409.29443359375,11,True,381.63,19663.7
9855,RTX,2024-11-05,2024-11-19,time_exit,0.22,114.93678283691406,115.52950286865234,11,True,380.01,19664.53
9856,UNH,2024-11-05,2024-11-19,time_exit,1.46,543.9276123046875,553.491455078125,11,True,380.01,19670.08
9857,DE,2024-11-05,2024-11-19,time_exit,-0.37,391.2981262207031,391.0245056152344,11,True,380.01,19668.67
9858,MDT,2024-11-05,2024-11-19,time_exit,-5.52,84.72954559326172,80.3078842163086,11,True,380.01,19647.7
9859,DUK,2024-11-05,2024-11-19,time_exit,0.21,106.27662658691406,106.81935119628906,11,True,380.01,19648.5
9860,EQIX,2024-11-06,2024-11-20,time_exit,3.35,853.7197265625,884.8429565429688,11,True,385.1,19661.4
9861,META,2024-11-06,2024-11-20,time_exit,-1.44,568.777587890625,562.2850341796875,11,True,385.1,19655.85
9862,LOW,2024-11-06,2024-11-20,time_exit,0.2,252.66151428222656,253.91644287109372,11,True,385.1,19656.62
9863,CME,2024-11-06,2024-11-20,time_exit,2.79,204.77313232421875,211.0967712402344,11,True,385.1,19667.37
9864,PM,2024-11-08,2024-11-22,time_exit,2.67,118.54298400878906,122.06434631347656,11,True,387.86,19677.72
9865,ABNB,2024-11-08,2024-11-22,time_exit,1.73,134.61000061035156,137.33999633789062,11,True,387.86,19684.43
9866,FCX,2024-11-11,2024-11-25,time_exit,-1.46,43.9122428894043,43.403690338134766,11,True,387.86,19678.77
9867,VZ,2024-11-11,2024-11-25,time_exit,8.45,36.024662017822266,39.17815399169922,11,True,387.86,19711.54
9868,KO,2024-11-12,2024-11-26,time_exit,1.84,60.12248229980469,61.40674209594727,11,True,387.86,19718.68
9869,PEP,2024-11-12,2024-11-26,time_exit,-1.63,153.6864471435547,151.6477813720703,11,True,387.86,19712.36
9870,T,2024-11-12,2024-11-26,time_exit,3.94,20.46358299255371,21.33201789855957,11,True,387.86,19727.64
9871,KLAC,2024-11-12,2024-11-26,time_exit,-5.05,65.48924255371094,62.38036346435547,11,True,387.86,19708.05
9872,QCOM,2024-11-12,2024-11-26,time_exit,-4.27,157.40472412109375,151.16287231445312,11,True,387.86,19691.49
9873,UPS,2024-11-13,2024-11-27,time_exit,2.45,117.96151733398438,121.19989013671876,11,True,388.0,19701.0
9874,ELV,2024-11-14,2024-11-29,time_exit,-0.32,393.6479187011719,393.5704956054688,11,True,389.19,19699.75
9875,JNJ,2024-11-14,2024-11-29,time_exit,2.59,143.87216186523438,148.0250701904297,11,True,389.19,19709.83
9876,AMGN,2024-11-14,2024-11-29,time_exit,-3.95,278.62603759765625,268.4595642089844,11,True,389.19,19694.46
9877,DHR,2024-11-14,2024-11-29,time_exit,-0.17,236.6116180419922,236.91802978515625,11,True,389.19,19693.8
9878,MU,2024-11-14,2024-11-29,time_exit,-1.54,98.6711196899414,97.44742584228516,11,True,389.19,19687.8
9879,PFE,2024-11-14,2024-11-29,time_exit,0.43,23.07340812683105,23.24188995361328,11,True,389.19,19689.48
9880,ABT,2024-11-15,2024-12-02,time_exit,0.49,111.66942596435548,112.54620361328124,11,True,391.85,19691.4
9881,LMT,2024-11-15,2024-12-02,time_exit,-2.4,507.0942993164063,496.45025634765625,11,True,391.85,19681.99
9882,BA,2024-11-15,2024-12-02,time_exit,11.36,140.19000244140625,156.5399932861328,11,True,391.85,19726.51
9883,WDC,2024-11-15,2024-12-02,time_exit,16.63,47.25154113769531,55.249698638916016,11,True,391.85,19791.67
9884,GLW,2024-11-15,2024-12-02,time_exit,5.62,45.382789611816406,48.06730270385742,11,True,391.85,19813.69
9885,MCD,2024-11-15,2024-12-02,time_exit,0.24,278.78533935546875,280.2802734375,11,True,391.85,19814.63
9886,AVGO,2024-11-18,2024-12-03,time_exit,1.2,163.14662170410156,165.58885192871094,11,True,393.27,19819.35
9887,GILD,2024-11-18,2024-12-03,time_exit,4.26,84.3010025024414,88.14154052734375,11,True,393.27,19836.11
9888,VRTX,2024-11-18,2024-12-03,time_exit,-2.45,467.010009765625,456.9700012207031,11,True,393.27,19826.47
9889,HCA,2024-11-18,2024-12-03,time_exit,-2.91,331.4862365722656,322.8202819824219,11,True,393.27,19815.03
9890,STX,2024-11-18,2024-12-03,time_exit,1.53,94.2396240234375,95.9686279296875,11,True,393.27,19821.04
9891,GD,2024-11-18,2024-12-03,time_exit,-3.3,276.5958251953125,268.2980041503906,11,True,393.27,19808.07
9892,LRCX,2024-11-18,2024-12-03,time_exit,10.71,69.58306884765625,77.24439239501953,11,True,393.27,19850.19
9893,REGN,2024-11-18,2024-12-03,time_exit,-1.93,754.8764038085938,742.562744140625,11,True,393.27,19842.59
9894,LIN,2024-11-18,2024-12-03,time_exit,2.14,438.4083251953125,449.0999755859375,11,True,393.27,19851.01
9895,MNST,2024-11-18,2024-12-03,time_exit,1.43,53.27000045776367,54.18999862670898,11,True,393.27,19856.63
9896,AMAT,2024-11-18,2024-12-03,time_exit,7.23,168.04241943359375,180.70071411132807,11,True,393.27,19885.07
9897,ANET,2024-11-19,2024-12-04,time_exit,11.35,94.4250030517578,105.43000030517578,11,True,392.97,19929.67
9898,ABBV,2024-11-19,2024-12-04,time_exit,5.64,157.22523498535156,166.5603790283203,11,True,392.97,19951.83
9899,TMO,2024-11-19,2024-12-04,time_exit,3.58,505.941162109375,525.5679321289062,11,True,392.97,19965.9
9900,MMM,2024-11-20,2024-12-05,time_exit,3.99,123.7262954711914,129.03965759277344,11,True,393.35,19981.6
9901,CMCSA,2024-11-20,2024-12-05,time_exit,-0.77,37.422950744628906,37.24884796142578,11,True,393.35,19978.57
9902,CSX,2024-11-20,2024-12-05,time_exit,0.17,33.60666275024414,33.76603698730469,11,True,393.35,19979.24
9903,INTC,2024-11-20,2024-12-05,time_exit,-13.67,24.01000022888184,20.799999237060547,11,True,393.35,19925.47
9904,MRSH,2024-11-20,2024-12-05,time_exit,2.54,215.0360565185547,221.13951110839844,11,True,393.35,19935.46
9905,BKNG,2024-11-20,2024-12-05,time_exit,5.11,197.8975830078125,208.60862731933597,11,True,393.35,19955.56
9906,UNP,2024-11-20,2024-12-05,time_exit,0.16,223.4258270263672,224.4494171142578,11,True,393.35,19956.19
9907,ADBE,2024-11-21,2024-12-06,time_exit,9.32,504.4400024414063,552.9600219726562,11,True,393.35,19992.85
9908,META,2024-11-21,2024-12-06,time_exit,10.48,559.868896484375,620.2018432617188,11,True,393.35,20034.07
9909,TXN,2024-11-21,2024-12-06,time_exit,-2.87,188.79171752929688,183.93380737304688,11,True,393.35,20022.78
9910,PANW,2024-11-22,2024-12-09,time_exit,1.16,191.67999267578125,194.47000122070312,11,True,393.69,20027.35
9911,JCI,2024-11-26,2024-12-11,time_exit,0.02,82.2109603881836,82.47599029541016,11,True,393.83,20027.43
9912,INTU,2024-11-26,2024-12-11,time_exit,4.67,628.733154296875,659.9617919921875,11,True,393.83,20045.82
9913,MS,2024-11-26,2024-12-11,time_exit,-3.11,125.63353729248048,122.10225677490234,11,True,393.83,20033.57
9914,COP,2024-11-26,2024-12-11,time_exit,-4.6,100.9836196899414,96.64278411865234,11,True,393.83,20015.45
9915,NVDA,2024-11-26,2024-12-11,time_exit,1.45,136.70639038085938,139.10223388671875,11,True,393.83,20021.16
9916,ORCL,2024-11-27,2024-12-12,time_exit,-4.34,179.17247009277344,171.93499755859375,11,True,394.02,20004.06
9917,AMD,2024-11-27,2024-12-12,time_exit,-4.44,136.24000549316406,130.60000610351562,11,True,394.02,19986.57
9918,MPC,2024-11-29,2024-12-13,time_exit,-7.08,151.00494384765625,140.76390075683594,11,True,393.79,19958.69
9919,XOM,2024-11-29,2024-12-13,time_exit,-6.34,111.54627990722656,104.81341552734376,11,True,393.79,19933.72
9920,WELL,2024-12-02,2024-12-16,time_exit,-4.28,130.3150177001953,125.1327667236328,11,True,396.29,19916.76
9921,BLK,2024-12-02,2024-12-16,time_exit,4.58,983.6433715820312,1031.6749267578125,11,True,396.29,19934.91
9922,VLO,2024-12-02,2024-12-16,time_exit,-11.05,133.87925720214844,119.48252868652344,11,True,396.29,19891.12
9923,ACN,2024-12-03,2024-12-17,time_exit,1.05,340.559814453125,345.1580810546875,11,True,397.7,19895.3
9924,WMB,2024-12-03,2024-12-17,time_exit,-4.62,53.45497894287109,51.14687347412109,11,True,397.7,19876.92
9925,SLB,2024-12-04,2024-12-18,time_exit,-12.96,40.970733642578125,35.78468704223633,11,True,399.32,19825.17
9926,RTX,2024-12-04,2024-12-18,time_exit,-4.31,115.79170989990234,111.14955139160156,11,True,399.32,19807.96
9927,STX,2024-12-04,2024-12-18,time_exit,-5.78,94.8321533203125,89.63594055175781,11,True,399.32,19784.88
9928,NEE,2024-12-04,2024-12-18,time_exit,-7.19,71.8804702758789,66.92646026611328,11,True,399.32,19756.17
9929,PSX,2024-12-04,2024-12-18,time_exit,-14.65,123.29501342773438,105.60321807861328,11,True,399.32,19697.67
9930,PLD,2024-12-05,2024-12-19,time_exit,-10.41,107.27882385253906,96.4308090209961,11,True,399.12,19656.12
9931,FCX,2024-12-05,2024-12-19,time_exit,-10.93,41.848663330078125,37.39876174926758,11,True,399.12,19612.5
9932,HCA,2024-12-05,2024-12-19,time_exit,-7.14,315.8914794921875,294.2767333984375,11,True,399.12,19584.0
9933,NEM,2024-12-05,2024-12-19,time_exit,-10.16,40.20983505249024,36.2446517944336,11,True,399.12,19543.45
9934,ABT,2024-12-05,2024-12-19,time_exit,-3.04,111.37073516845705,108.31644439697266,11,True,399.12,19531.31
9935,CB,2024-12-06,2024-12-20,time_exit,-3.55,278.8535461425781,269.7846069335937,11,True,400.46,19517.1
9936,LIN,2024-12-06,2024-12-20,time_exit,-5.89,440.59088134765625,415.9556579589844,11,True,400.46,19493.51
9937,JNJ,2024-12-06,2024-12-20,time_exit,-3.54,142.5819091796875,137.9600067138672,11,True,400.46,19479.34
9938,MDT,2024-12-06,2024-12-20,time_exit,-3.85,79.37254333496094,76.5570297241211,11,True,400.46,19463.92
9939,SBUX,2024-12-06,2024-12-20,time_exit,-12.43,95.78118896484376,84.16612243652344,11,True,400.46,19414.14
9940,GE,2024-12-06,2024-12-20,time_exit,-4.41,173.83096313476562,166.69277954101562,11,True,400.46,19396.48
9941,LMT,2024-12-06,2024-12-20,time_exit,-4.98,489.4758911132813,466.5681762695313,11,True,400.46,19376.54
9942,PEP,2024-12-09,2024-12-23,time_exit,-5.43,150.40199279785156,142.68711853027344,11,True,400.55,19354.79
9943,BX,2024-12-09,2024-12-23,time_exit,-7.4,174.32154846191406,161.94456481933594,11,True,400.55,19325.15
9944,UNP,2024-12-09,2024-12-23,time_exit,-3.04,224.6957855224609,218.52854919433597,11,True,400.55,19312.97
9945,MNST,2024-12-09,2024-12-23,time_exit,-2.84,53.209999084472656,51.86000061035156,11,True,400.55,19301.6
9946,V,2024-12-09,2024-12-23,time_exit,2.59,304.2984313964844,313.1026306152344,11,True,400.55,19311.97
9947,ISRG,2024-12-09,2024-12-23,time_exit,-2.46,538.8599853515625,527.219970703125,11,True,400.55,19302.12
9948,SYK,2024-12-09,2024-12-23,time_exit,-4.14,374.7250671386719,360.35003662109375,11,True,400.55,19285.53
9949,DELL,2024-12-09,2024-12-23,time_exit,-4.33,120.4959945678711,115.63957214355467,11,True,400.55,19268.19
9950,TXN,2024-12-09,2024-12-23,time_exit,-2.01,184.2671813964844,181.1143035888672,11,True,400.55,19260.14
9951,CVS,2024-12-09,2024-12-23,time_exit,-21.58,52.542476654052734,41.36301803588867,11,True,400.55,19173.7
9952,VRT,2024-12-09,2024-12-23,time_exit,-6.98,125.93426513671876,117.52001953125,11,True,400.55,19145.74
9953,PNC,2024-12-10,2024-12-24,time_exit,-5.37,192.61427307128903,182.85353088378903,11,True,400.55,19124.23
9954,KKR,2024-12-10,2024-12-24,time_exit,0.21,150.0973663330078,150.85870361328125,11,True,400.55,19125.08
9955,CSCO,2024-12-10,2024-12-24,time_exit,1.62,56.421173095703125,57.506927490234375,11,True,400.55,19131.56
9956,DIS,2024-12-10,2024-12-24,time_exit,-1.76,112.11538696289062,110.48223114013672,11,True,400.55,19124.51
9957,PGR,2024-12-10,2024-12-24,time_exit,-1.93,227.6308135986328,223.92091369628903,11,True,400.55,19116.78
9958,CDNS,2024-12-10,2024-12-24,time_exit,1.59,302.8599853515625,308.5799865722656,11,True,400.55,19123.15
9959,ETN,2024-12-10,2024-12-24,time_exit,-5.03,350.99542236328125,334.3997497558594,11,True,400.55,19103.0
9960,PG,2024-12-10,2024-12-24,time_exit,-2.24,164.19093322753906,161.0077362060547,11,True,400.55,19094.03
9971,BRK-B,2024-12-11,2024-12-26,time_exit,-0.8,461.3900146484375,459.0799865722656,11,True,400.42,19090.83
9972,BAC,2024-12-11,2024-12-26,time_exit,-3.62,44.5522575378418,43.07298278808594,11,True,400.42,19076.33
9973,MRK,2024-12-11,2024-12-26,time_exit,0.62,93.9952621459961,94.86165618896484,11,True,400.42,19078.82
9974,INTC,2024-12-11,2024-12-26,time_exit,1.29,20.1200008392334,20.440000534057617,11,True,400.42,19083.98
9975,AMAT,2024-12-12,2024-12-27,time_exit,-1.63,166.80975341796875,164.5899658203125,11,True,399.73,19077.47
9976,ABNB,2024-12-12,2024-12-27,time_exit,-3.27,137.47000122070312,133.38499450683594,11,True,399.73,19064.4
9977,VZ,2024-12-12,2024-12-27,time_exit,-5.43,37.48560333251953,35.56143569946289,11,True,399.73,19042.69
9983,NVDA,2024-12-13,2024-12-30,time_exit,2.11,134.04978942871094,137.28494262695312,11,True,398.67,19051.1
9994,JCI,2024-12-16,2024-12-31,time_exit,-5.93,82.47599029541016,77.836669921875,11,True,397.82,19027.51
9995,WFC,2024-12-16,2024-12-31,time_exit,-2.72,69.30815124511719,67.63272094726562,11,True,397.82,19016.69
9996,ORCL,2024-12-16,2024-12-31,time_exit,-2.98,167.92393493652344,163.42254638671875,11,True,397.82,19004.84
10002,UBER,2024-12-17,2025-01-02,time_exit,3.21,61.02999877929688,63.16999816894531,11,True,397.54,19017.6
10003,MRSH,2024-12-17,2025-01-02,time_exit,-1.16,206.5299530029297,204.74734497070312,11,True,397.54,19012.98
10013,MRVL,2024-12-18,2025-01-03,time_exit,11.95,104.79792022705078,117.63883972167967,11,True,393.95,19060.06
10014,TJX,2024-12-19,2025-01-06,time_exit,-0.56,118.61455535888672,118.30138397216795,11,True,390.63,19057.87
10015,WMB,2024-12-19,2025-01-06,time_exit,5.86,50.07992172241211,53.16646194458008,11,True,390.63,19080.77
10016,SCHW,2024-12-19,2025-01-06,time_exit,0.87,72.01531982421875,72.85658264160156,11,True,390.63,19084.16
10017,APH,2024-12-19,2025-01-06,time_exit,1.3,69.23379516601562,70.34137725830078,11,True,390.63,19089.24
10018,ADP,2024-12-19,2025-01-06,time_exit,-1.74,280.5487365722656,276.5041198730469,11,True,390.63,19082.44
10019,WM,2024-12-19,2025-01-06,time_exit,-2.13,200.8434295654297,197.15939331054688,11,True,390.63,19074.12
10020,AMZN,2024-12-20,2025-01-07,time_exit,-1.55,224.9199981689453,222.1100006103516,11,True,387.53,19068.12
10021,HCA,2024-12-20,2025-01-07,time_exit,1.21,300.31024169921875,304.8502197265625,11,True,387.53,19072.81
10022,MCO,2024-12-20,2025-01-07,time_exit,-0.8,459.7516784667969,457.4349365234375,11,True,387.53,19069.71
10023,SPGI,2024-12-20,2025-01-07,time_exit,-0.39,458.70220947265625,458.2732238769531,11,True,387.53,19068.2
10024,XOM,2024-12-20,2025-01-07,time_exit,2.42,100.1136474609375,102.83705139160156,11,True,387.53,19077.57
10025,BLK,2024-12-20,2025-01-07,time_exit,-4.96,996.8284912109376,950.383056640625,11,True,387.53,19058.35
10026,TT,2024-12-20,2025-01-07,time_exit,0.46,372.65179443359375,375.4680786132813,11,True,387.53,19060.13
10027,DHR,2024-12-20,2025-01-07,time_exit,4.44,225.9068298339844,236.611083984375,11,True,387.53,19077.34
10028,MAR,2024-12-20,2025-01-07,time_exit,-5.29,279.551513671875,265.5916748046875,11,True,387.53,19056.84
10045,SBUX,2024-12-23,2025-01-08,time_exit,5.6,83.65904998779297,88.5959243774414,11,True,382.91,19078.28
10046,PSX,2024-12-23,2025-01-08,time_exit,4.92,104.3004150390625,109.74767303466795,11,True,382.91,19097.12
10047,LIN,2024-12-23,2025-01-08,time_exit,-0.85,414.0146179199219,411.7403259277344,11,True,382.91,19093.87
10048,ETN,2024-12-27,2025-01-14,time_exit,1.35,327.6342468261719,333.0290222167969,11,True,380.85,19099.01
10049,MO,2024-12-30,2025-01-15,time_exit,-2.3,47.09183120727539,46.15144348144531,11,True,381.02,19090.25
10050,CRWD,2024-12-30,2025-01-15,time_exit,3.34,87.32749938964844,90.50499725341795,11,True,381.02,19102.97
10051,CMCSA,2024-12-30,2025-01-15,time_exit,-1.86,32.54813766479492,32.0405387878418,11,True,381.02,19095.89
10052,DE,2024-12-30,2025-01-15,time_exit,1.09,415.0182495117188,420.7673645019531,11,True,381.02,19100.04
10053,NEM,2024-12-30,2025-01-15,time_exit,11.51,36.225074768066406,40.50354766845703,11,True,381.02,19143.89
10054,VRT,2024-12-30,2025-01-15,time_exit,13.34,115.94297790527344,131.75335693359375,11,True,381.02,19194.72
10055,VZ,2024-12-30,2025-01-15,time_exit,-2.18,35.27637481689453,34.61409378051758,11,True,381.02,19186.42
10056,DIS,2024-12-30,2025-01-15,time_exit,-2.66,108.75472259521484,106.18309020996094,11,True,381.02,19176.28
10057,IBM,2024-12-30,2025-01-15,time_exit,-0.4,210.41624450683597,210.20606994628903,11,True,381.02,19174.76
10058,MCD,2024-12-31,2025-01-16,time_exit,-3.8,277.8363647460937,268.1083374023437,11,True,380.1,19160.31
10059,PH,2025-01-02,2025-01-17,time_exit,6.04,619.6302490234375,658.9427490234375,11,True,380.26,19183.28
10060,NFLX,2025-01-02,2025-01-17,time_exit,-3.53,88.6729965209961,85.80999755859375,11,True,380.26,19169.86
10061,GLW,2025-01-02,2025-01-17,time_exit,6.4,45.59755325317383,48.65301132202149,11,True,380.26,19194.19
10062,CDNS,2025-01-02,2025-01-17,time_exit,2.37,297.6600036621094,305.6000061035156,11,True,380.26,19203.21
10063,PWR,2025-01-02,2025-01-17,time_exit,6.66,315.02911376953125,336.9562683105469,11,True,380.26,19228.53
10064,BA,2025-01-02,2025-01-17,time_exit,-0.75,171.8699951171875,171.08999633789062,11,True,380.26,19225.68
10065,ACN,2025-01-02,2025-01-17,time_exit,1.21,336.9662475585937,342.0556335449219,11,True,380.26,19230.28
10066,BKNG,2025-01-03,2025-01-21,time_exit,-4.73,193.7769775390625,185.1847686767578,11,True,381.2,19212.25
10067,CB,2025-01-03,2025-01-21,time_exit,-1.36,268.3330078125,265.49884033203125,11,True,381.2,19207.07
10068,FCX,2025-01-03,2025-01-21,time_exit,6.98,36.88041687011719,39.56367492675781,11,True,381.2,19233.67
10069,GD,2025-01-06,2025-01-22,time_exit,4.46,249.50686645507807,261.3807373046875,11,True,381.48,19250.69
10070,SYK,2025-01-07,2025-01-23,time_exit,10.49,350.0411682128906,387.8067626953125,11,True,381.14,19290.67
10071,AAPL,2025-01-07,2025-01-23,time_exit,-7.96,240.46495056152344,222.04861450195312,11,True,381.14,19260.33
10072,CME,2025-01-07,2025-01-23,time_exit,2.51,216.4427490234375,222.5162048339844,11,True,381.14,19269.9
10073,KO,2025-01-07,2025-01-23,time_exit,0.83,58.316383361816406,58.977760314941406,11,True,381.14,19273.06
10074,LLY,2025-01-07,2025-01-23,time_exit,-1.17,763.87451171875,757.265869140625,11,True,381.14,19268.6
10075,MRK,2025-01-08,2025-01-24,time_exit,-4.61,94.84265899658205,90.75830841064452,11,True,381.88,19251.0
10076,CAT,2025-01-08,2025-01-24,time_exit,13.01,353.5380859375,400.5900573730469,11,True,381.88,19300.68
10077,ABT,2025-01-08,2025-01-24,time_exit,9.71,110.07965850830078,121.09832000732422,11,True,381.88,19337.76
10078,HD,2025-01-08,2025-01-24,time_exit,6.75,372.4786682128906,398.74072265625,11,True,381.88,19363.54
10079,BLK,2025-01-08,2025-01-24,time_exit,3.18,955.5576171875,988.84375,11,True,381.88,19375.68
10080,V,2025-01-08,2025-01-24,time_exit,5.33,308.5426330566406,325.9142150878906,11,True,381.88,19396.03
10081,TJX,2025-01-08,2025-01-24,time_exit,0.59,119.0549545288086,120.1119155883789,11,True,381.88,19398.29
10082,LMT,2025-01-08,2025-01-24,time_exit,5.7,447.3242492675781,474.1436767578125,11,True,381.88,19420.05
10083,MCO,2025-01-08,2025-01-24,time_exit,3.42,465.42034912109375,482.7219848632813,11,True,381.88,19433.11
10084,NEE,2025-01-08,2025-01-24,time_exit,2.77,67.05934143066406,69.1187515258789,11,True,381.88,19443.69
10085,SPGI,2025-01-08,2025-01-24,time_exit,3.31,462.4795837402344,479.165283203125,11,True,381.88,19456.33
10086,LOW,2025-01-08,2025-01-24,time_exit,6.37,238.33567810058597,254.22113037109372,11,True,381.88,19480.66
10087,T,2025-01-08,2025-01-24,time_exit,3.43,20.49130249023437,21.256614685058597,11,True,381.88,19493.76
10088,ICE,2025-01-08,2025-01-24,time_exit,7.14,143.9272003173828,154.63064575195312,11,True,381.88,19521.02
10089,PEP,2025-01-08,2025-01-24,time_exit,1.46,138.20721435546875,140.64051818847656,11,True,381.88,19526.6
10090,MNST,2025-01-08,2025-01-24,time_exit,-6.73,51.59999847412109,48.27999877929688,11,True,381.88,19500.9
10091,PLTR,2025-01-10,2025-01-27,time_exit,11.86,67.26000213623047,75.44000244140625,11,True,381.88,19546.19
10092,APP,2025-01-10,2025-01-27,time_exit,7.41,318.4800109863281,343.0199890136719,11,True,381.88,19574.49
10093,WFC,2025-01-10,2025-01-27,time_exit,11.11,67.36312866210938,75.04692077636719,11,True,381.88,19616.91
10094,WELL,2025-01-10,2025-01-27,time_exit,10.66,121.32140350341795,134.61251831054688,11,True,381.88,19657.62
10095,GILD,2025-01-10,2025-01-27,time_exit,5.79,86.37418365478516,91.6308364868164,11,True,381.88,19679.73
10096,USB,2025-01-10,2025-01-27,time_exit,4.26,44.53275680541992,46.56295776367188,11,True,381.88,19696.0
10097,AMZN,2025-01-10,2025-01-27,time_exit,7.23,218.94000244140625,235.4199981689453,11,True,381.88,19723.61
10133,SCHW,2025-01-14,2025-01-29,time_exit,13.14,70.76321411132812,80.27134704589844,11,True,381.98,19773.8
10134,INTU,2025-01-15,2025-01-30,time_exit,-3.01,612.6456909179688,596.0342407226562,11,True,383.5,19762.26
10135,PNC,2025-01-16,2025-01-31,time_exit,1.94,186.69754028320312,190.8867034912109,11,True,383.21,19769.69
10136,PFE,2025-01-16,2025-01-31,time_exit,1.47,23.490182876586918,23.90556907653809,11,True,383.21,19775.32
10137,UNH,2025-01-17,2025-02-03,time_exit,7.24,490.8665466308594,527.862548828125,11,True,384.61,19803.17
10138,BKNG,2025-01-22,2025-02-05,time_exit,1.44,182.52935791015625,185.69769287109372,11,True,385.01,19808.71
10139,ABBV,2025-01-22,2025-02-05,time_exit,13.03,161.21372985839844,182.69937133789065,11,True,385.01,19858.88
10140,FCX,2025-01-23,2025-02-06,time_exit,-3.81,37.79656982421875,36.47123718261719,11,True,385.37,19844.2
10141,APH,2025-01-27,2025-02-10,time_exit,6.09,66.74173736572266,71.00395202636719,11,True,394.47,19868.22
10142,TT,2025-01-27,2025-02-10,time_exit,-2.25,363.2739868164063,356.1789245605469,11,True,394.47,19859.35
10143,CDNS,2025-01-27,2025-02-10,time_exit,5.14,289.8699951171875,305.6300048828125,11,True,394.47,19879.62
10144,TXN,2025-01-27,2025-02-10,time_exit,-3.18,178.1519317626953,173.02099609375,11,True,394.47,19867.08
10145,VRT,2025-01-28,2025-02-11,time_exit,15.37,106.35093688964844,123.0197296142578,11,True,394.47,19927.71
10146,NVDA,2025-01-28,2025-02-11,time_exit,2.65,128.7976531982422,132.60195922851562,11,True,394.47,19938.16
10147,ETN,2025-01-28,2025-02-11,time_exit,0.93,306.1333312988281,309.8930358886719,11,True,394.47,19941.83
10148,WMB,2025-01-28,2025-02-11,time_exit,-0.23,52.58535385131836,52.62346267700195,11,True,394.47,19940.92
10149,PWR,2025-01-28,2025-02-11,time_exit,2.7,293.54119873046875,302.3380432128906,11,True,394.47,19951.57
10150,MU,2025-01-29,2025-02-12,time_exit,2.7,88.6683578491211,91.3281021118164,11,True,395.48,19962.25
10151,TSLA,2025-01-29,2025-02-12,time_exit,-13.82,389.1000061035156,336.510009765625,11,True,395.48,19907.6
10152,COP,2025-01-29,2025-02-12,time_exit,-3.41,96.0469741821289,93.05853271484376,11,True,395.48,19894.11
10153,XOM,2025-01-29,2025-02-12,time_exit,-0.63,102.76140594482422,102.42117309570312,11,True,395.48,19891.62
10154,REGN,2025-01-30,2025-02-13,time_exit,-1.59,676.6942749023438,667.9666137695312,11,True,395.25,19885.34
10155,MO,2025-01-30,2025-02-13,time_exit,3.74,46.60354995727539,48.48432922363281,11,True,395.25,19900.12
10156,DHR,2025-01-30,2025-02-13,time_exit,-9.04,220.75784301757807,201.470703125,11,True,395.25,19864.39
10157,UBER,2025-01-30,2025-02-13,time_exit,20.27,66.58999633789062,80.29000091552734,11,True,395.25,19944.5
10158,INTC,2025-01-31,2025-02-14,time_exit,21.16,19.43000030517578,23.600000381469727,11,True,395.51,20028.19
10159,HD,2025-02-03,2025-02-18,time_exit,-1.63,393.2189636230469,387.9761657714844,11,True,396.06,20021.74
10160,MPC,2025-02-03,2025-02-18,time_exit,7.88,142.1564178466797,153.7900390625,11,True,396.06,20052.95
10161,PSX,2025-02-03,2025-02-18,time_exit,10.24,111.2676239013672,122.992919921875,11,True,396.06,20093.5
10162,C,2025-02-03,2025-02-18,time_exit,6.01,76.83695220947266,81.68208312988281,11,True,396.06,20117.31
10163,SLB,2025-02-03,2025-02-18,time_exit,6.64,38.497535705566406,41.16910934448242,11,True,396.06,20143.61
10164,BAC,2025-02-03,2025-02-18,time_exit,0.39,44.67794799804688,44.987335205078125,11,True,396.06,20145.15
10165,INTU,2025-02-03,2025-02-18,time_exit,-3.77,592.2488403320312,571.7236938476562,11,True,396.06,20130.22
10166,DELL,2025-02-03,2025-02-18,time_exit,19.93,97.80104064941406,117.58796691894533,11,True,396.06,20209.15
10167,UPS,2025-02-03,2025-02-18,time_exit,4.9,99.41285705566406,104.57780456542967,11,True,396.06,20228.56
10168,VLO,2025-02-03,2025-02-18,time_exit,1.18,131.1587371826172,133.0946502685547,11,True,396.06,20233.24
10169,ISRG,2025-02-03,2025-02-18,time_exit,3.56,578.5499877929688,600.8900146484375,11,True,396.06,20247.34
10170,AXP,2025-02-03,2025-02-18,time_exit,-1.46,311.3577575683594,307.7379150390625,11,True,396.06,20241.55
10171,BRK-B,2025-02-03,2025-02-18,time_exit,3.62,464.6099853515625,482.8200073242188,11,True,396.06,20255.89
10172,CVX,2025-02-03,2025-02-18,time_exit,5.43,138.84657287597656,146.7977294921875,11,True,396.06,20277.4
10173,CAT,2025-02-04,2025-02-19,time_exit,-2.77,355.69903564453125,346.9035339355469,11,True,396.06,20266.43
10174,STX,2025-02-04,2025-02-19,time_exit,8.68,92.48355865478516,100.79150390625,11,True,396.06,20300.8
10175,BX,2025-02-04,2025-02-19,time_exit,-1.8,160.66551208496094,158.2607421875,11,True,396.06,20293.67
10176,GOOG,2025-02-05,2025-02-20,time_exit,-3.75,192.2991180419922,185.673583984375,11,True,397.18,20278.78
10177,PEP,2025-02-05,2025-02-20,time_exit,2.06,137.3772430419922,140.6216583251953,11,True,397.18,20286.96
10178,KKR,2025-02-05,2025-02-20,time_exit,-12.71,152.0748291015625,133.19944763183594,11,True,397.18,20236.48
10179,LMT,2025-02-05,2025-02-20,time_exit,-3.32,429.2156066894531,416.2591247558594,11,True,397.18,20223.29
10180,GOOGL,2025-02-05,2025-02-20,time_exit,-3.84,190.33583068847656,183.60101318359372,11,True,397.18,20208.04
10181,QCOM,2025-02-06,2025-02-21,time_exit,-2.6,163.9507293701172,160.18406677246094,11,True,396.88,20197.72
10182,CRM,2025-02-06,2025-02-21,time_exit,-6.65,327.0004272460937,306.2323608398437,11,True,396.88,20171.33
10183,ELV,2025-02-06,2025-02-21,time_exit,-1.68,379.1676940917969,373.9532165527344,11,True,396.88,20164.66
10184,BMY,2025-02-06,2025-02-21,time_exit,-3.07,53.4970817565918,52.01571273803711,11,True,396.88,20152.48
10185,MCK,2025-02-06,2025-02-21,time_exit,-0.64,595.4348754882812,593.4094848632812,11,True,396.88,20149.94
10186,TMO,2025-02-07,2025-02-24,time_exit,-6.59,568.3240966796875,532.6017456054688,11,True,396.88,20123.78
10187,PFE,2025-02-07,2025-02-24,time_exit,3.24,23.20246315002441,24.022750854492188,11,True,396.88,20136.64
10188,MSFT,2025-02-07,2025-02-24,time_exit,-1.51,404.1852722167969,399.3124084472656,11,True,396.88,20130.65
10189,SCHW,2025-02-10,2025-02-25,time_exit,-2.65,79.40074157714844,77.53468322753906,11,True,397.34,20120.12
10190,MMM,2025-02-10,2025-02-25,time_exit,-1.92,144.8732147216797,142.52413940429688,11,True,397.34,20112.49
10191,USB,2025-02-10,2025-02-25,time_exit,-2.37,44.06280517578125,43.15109252929688,11,True,397.34,20103.08
10192,DIS,2025-02-10,2025-02-25,time_exit,0.84,107.26277160644533,108.4897003173828,11,True,397.34,20106.41
10193,NEE,2025-02-10,2025-02-25,time_exit,1.97,66.14824676513672,67.64773559570312,11,True,397.34,20114.24
10194,CVS,2025-02-10,2025-02-25,time_exit,16.96,51.521026611328125,60.413124084472656,11,True,397.34,20181.63
10196,MRK,2025-02-11,2025-02-26,time_exit,2.98,82.20014190673828,84.89771270751953,11,True,399.03,20193.52
10197,BLK,2025-02-11,2025-02-26,time_exit,-3.78,957.5926513671876,924.2290649414062,11,True,399.03,20178.44
10198,CB,2025-02-11,2025-02-26,time_exit,1.83,264.610107421875,270.2388610839844,11,True,399.03,20185.74
10199,ADI,2025-02-11,2025-02-26,time_exit,14.58,198.3848571777344,227.8997802734375,11,True,399.03,20243.92
10200,WMB,2025-02-12,2025-02-27,time_exit,2.33,52.22335052490234,53.59513854980469,11,True,397.83,20253.19
10201,PWR,2025-02-12,2025-02-27,time_exit,-13.4,297.8846740722656,258.873046875,11,True,397.83,20199.88
10202,TXN,2025-02-12,2025-02-27,time_exit,5.98,172.7139434814453,183.56674194335935,11,True,397.83,20223.67
10203,ANET,2025-02-13,2025-02-28,time_exit,-15.52,109.75,93.0500030517578,11,True,398.89,20161.76
10204,ETN,2025-02-13,2025-02-28,time_exit,-5.01,301.3749084472656,287.1878967285156,11,True,398.89,20141.78
10205,EQIX,2025-02-13,2025-02-28,time_exit,-1.78,888.7522583007812,875.5835571289062,11,True,398.89,20134.68
10206,RTX,2025-02-13,2025-02-28,time_exit,5.92,122.21109771728516,129.80857849121094,11,True,398.89,20158.29
10207,COF,2025-02-13,2025-02-28,time_exit,1.64,192.5730743408203,196.3179168701172,11,True,398.89,20164.83
10208,NOW,2025-02-13,2025-02-28,time_exit,-6.34,197.89599609375,185.95199584960935,11,True,398.89,20139.54
10213,MAR,2025-02-14,2025-03-03,time_exit,-2.13,279.1183166503906,274.02020263671875,11,True,400.56,20131.01
10215,SYK,2025-02-18,2025-03-04,time_exit,0.82,380.0308837890625,384.2785949707031,11,True,405.55,20134.34
10216,APH,2025-02-18,2025-03-04,time_exit,-8.96,68.2646713256836,62.35096740722656,11,True,405.55,20098.0
10217,COP,2025-02-18,2025-03-04,time_exit,-7.29,92.90795135498048,86.41536712646484,11,True,405.55,20068.43
10218,TJX,2025-02-18,2025-03-04,time_exit,-1.99,121.55484008789062,119.50323486328124,11,True,405.55,20060.36
10219,PG,2025-02-18,2025-03-04,time_exit,4.38,158.62393188476562,166.05506896972656,11,True,405.55,20078.13
10220,LOW,2025-02-19,2025-03-05,time_exit,-1.81,239.17340087890625,235.56661987304688,11,True,405.87,20070.78
10221,CSX,2025-02-19,2025-03-05,time_exit,-4.51,31.61054801940918,30.28028106689453,11,True,405.87,20052.48
10222,BAC,2025-02-19,2025-03-05,time_exit,-8.39,44.48457717895508,40.887916564941406,11,True,405.87,20018.42
10223,GS,2025-02-20,2025-03-06,time_exit,-11.48,620.334228515625,551.0093383789062,11,True,404.16,19972.03
10224,PLTR,2025-02-20,2025-03-06,time_exit,-24.59,106.2699966430664,80.45999908447266,11,True,404.16,19872.64
10225,HD,2025-02-20,2025-03-06,time_exit,-3.57,379.6358337402344,367.2167053222656,11,True,404.16,19858.21
10226,AVGO,2025-02-20,2025-03-06,time_exit,-21.16,223.8847503662109,177.19021606445312,11,True,404.16,19772.69
10227,GLW,2025-02-20,2025-03-06,time_exit,-12.06,50.63465881347656,44.681453704833984,11,True,404.16,19723.95
10228,MA,2025-02-20,2025-03-06,time_exit,-2.69,558.1499633789062,544.8126220703125,11,True,404.16,19713.08
10229,COST,2025-02-21,2025-03-07,time_exit,-7.13,1026.2652587890625,956.1441650390624,11,True,403.0,19684.35
10230,GOOG,2025-02-24,2025-03-10,time_exit,-7.58,180.25180053710935,167.13128662109375,11,True,402.61,19653.83
10231,GE,2025-02-24,2025-03-10,time_exit,-3.44,197.05105590820312,190.87054443359372,11,True,402.61,19639.98
10232,KKR,2025-02-24,2025-03-10,time_exit,-17.85,129.87315368652344,107.08422088623048,11,True,402.61,19568.11
10233,KLAC,2025-02-24,2025-03-10,time_exit,-8.33,73.0261459350586,67.16381072998047,11,True,402.61,19534.57
10234,CRM,2025-02-24,2025-03-10,time_exit,-11.79,304.7694091796875,269.7572937011719,11,True,402.61,19487.11
10235,AXP,2025-02-24,2025-03-10,time_exit,-11.88,290.7008972167969,257.0498962402344,11,True,402.61,19439.28
10236,TSLA,2025-02-24,2025-03-10,time_exit,-33.09,330.5299987792969,222.1499938964844,11,True,402.61,19306.05
10237,MCO,2025-02-24,2025-03-10,time_exit,-10.24,493.8621215820313,444.7534484863281,11,True,402.61,19264.82
10238,CAT,2025-02-24,2025-03-10,time_exit,1.56,333.06671142578125,339.2480773925781,11,True,402.61,19271.1
10239,GOOGL,2025-02-24,2025-03-10,time_exit,-7.66,178.318603515625,165.1981658935547,11,True,402.61,19240.26
10240,PANW,2025-02-24,2025-03-10,time_exit,-9.0,190.38999938964844,173.8300018310547,11,True,402.61,19204.03
10241,ORCL,2025-02-24,2025-03-10,time_exit,-12.76,167.08815002441406,146.27586364746094,11,True,402.61,19152.66
10242,BX,2025-02-25,2025-03-11,time_exit,-12.44,149.13597106933594,131.02871704101562,11,True,403.63,19102.44
10243,DASH,2025-02-25,2025-03-11,time_exit,-4.24,191.2700042724609,183.72999572753903,11,True,403.63,19085.33
10244,VRT,2025-02-25,2025-03-11,time_exit,-9.85,91.72830200195312,82.96470642089844,11,True,403.63,19045.57
10245,JCI,2025-02-25,2025-03-11,time_exit,-8.54,82.73783874511719,75.92354583740234,11,True,403.63,19011.1
10246,C,2025-02-25,2025-03-11,time_exit,-13.92,75.41813659667969,65.1487808227539,11,True,403.63,18954.92
10247,TT,2025-02-25,2025-03-11,time_exit,-4.28,344.6567077636719,330.92218017578125,11,True,403.63,18937.64
10248,UBER,2025-02-25,2025-03-11,time_exit,-6.04,74.94999694824219,70.6500015258789,11,True,403.63,18913.26
10249,QCOM,2025-02-25,2025-03-11,time_exit,-4.82,156.1075439453125,149.04441833496094,11,True,403.63,18893.81
10250,MS,2025-02-25,2025-03-11,time_exit,-13.85,124.85107421875,107.93453216552734,11,True,403.63,18837.9
10254,SCHW,2025-02-26,2025-03-12,time_exit,-5.99,77.2402572631836,72.84335327148438,11,True,404.88,18813.65
10255,ADBE,2025-02-26,2025-03-12,time_exit,-0.96,441.5,438.6000061035156,11,True,404.88,18809.76
10256,MPC,2025-02-26,2025-03-12,time_exit,-6.57,142.2937469482422,133.3651123046875,11,True,404.88,18783.16
10257,MSFT,2025-02-26,2025-03-12,time_exit,-4.42,395.0920104980469,378.8229675292969,11,True,404.88,18765.27
10259,TMO,2025-02-27,2025-03-13,time_exit,-3.04,520.3495483398438,506.0985107421875,11,True,404.47,18752.97
10260,AMAT,2025-02-28,2025-03-14,time_exit,-1.82,156.3068084716797,153.92367553710938,11,True,402.79,18745.64
10261,NVDA,2025-02-28,2025-03-14,time_exit,-2.89,124.73370361328124,121.49972534179688,11,True,402.79,18734.0
10262,VLO,2025-02-28,2025-03-14,time_exit,-1.52,125.90969848632812,124.37834167480467,11,True,402.79,18727.88
10263,INTC,2025-02-28,2025-03-14,time_exit,1.05,23.729999542236328,24.049999237060547,11,True,402.79,18732.11
10264,BLK,2025-02-28,2025-03-14,time_exit,-4.8,947.495361328125,904.84814453125,11,True,402.79,18712.77
10265,AMD,2025-02-28,2025-03-14,time_exit,0.81,99.86000061035156,100.97000122070312,11,True,402.79,18716.04
10266,NEM,2025-02-28,2025-03-14,time_exit,8.28,41.94276428222656,45.54032516479492,11,True,402.79,18749.39
10274,AMZN,2025-03-03,2025-03-17,time_exit,-4.83,205.0200042724609,195.7400054931641,11,True,402.62,18729.94
10275,CVX,2025-03-04,2025-03-18,time_exit,5.5,142.88711547851562,151.1689453125,11,True,401.56,18752.03
10276,ISRG,2025-03-04,2025-03-18,time_exit,-13.56,557.9600219726562,483.9500122070313,11,True,401.56,18697.57
10277,HWM,2025-03-04,2025-03-18,time_exit,0.67,126.59191131591795,127.81777954101562,11,True,401.56,18700.26
10278,XOM,2025-03-04,2025-03-18,time_exit,5.37,102.60245513916016,108.4223861694336,11,True,401.56,18721.83
10279,HOOD,2025-03-04,2025-03-18,time_exit,-13.54,46.220001220703125,40.09999847412109,11,True,401.56,18667.46
10289,TMUS,2025-03-05,2025-03-19,time_exit,-1.63,255.4578399658203,252.0645904541016,11,True,400.37,18660.93
10290,CMCSA,2025-03-05,2025-03-19,time_exit,1.19,31.21537971496582,31.680625915527344,11,True,400.37,18665.7
10291,COP,2025-03-05,2025-03-19,time_exit,13.71,84.73738098144531,96.60710906982422,11,True,400.37,18720.59
10297,BNY,2025-03-06,2025-03-20,time_exit,-1.2,82.2885971069336,81.55014038085938,11,True,394.26,18715.85
10298,JPM,2025-03-06,2025-03-20,time_exit,-3.35,239.2783203125,231.9701385498047,11,True,394.26,18702.65
10299,CSX,2025-03-06,2025-03-20,time_exit,-3.37,30.29007339477539,29.35972595214844,11,True,394.26,18689.36
10300,WMB,2025-03-06,2025-03-20,time_exit,10.09,52.02330017089844,57.430965423583984,11,True,394.26,18729.14
10301,ADI,2025-03-06,2025-03-20,time_exit,-7.87,218.1582489013672,201.63748168945312,11,True,394.26,18698.11
10302,GLW,2025-03-07,2025-03-21,time_exit,5.36,45.09380722045898,47.6464729309082,11,True,393.69,18719.21
10303,PLD,2025-03-07,2025-03-21,time_exit,-9.08,114.03372192382812,104.0248794555664,11,True,393.69,18683.47
10315,FCX,2025-03-10,2025-03-24,time_exit,20.31,33.86965560913086,40.84974670410156,11,True,383.05,18761.27
10316,SPGI,2025-03-10,2025-03-24,time_exit,2.88,456.3337707519531,470.8631591796875,11,True,383.05,18772.3
10317,TJX,2025-03-10,2025-03-24,time_exit,1.39,115.4491195678711,117.40254974365234,11,True,383.05,18777.62
10318,PM,2025-03-10,2025-03-24,time_exit,1.23,142.97877502441406,145.1603546142578,11,True,383.05,18782.33
10319,SYK,2025-03-10,2025-03-24,time_exit,0.82,364.76507568359375,368.8549499511719,11,True,383.05,18785.47
10320,TSLA,2025-03-11,2025-03-25,time_exit,24.66,230.5800018310547,288.1400146484375,11,True,376.76,18878.38
10321,WM,2025-03-11,2025-03-25,time_exit,1.35,219.0974884033203,222.7154693603516,11,True,376.76,18883.47
10322,GOOG,2025-03-11,2025-03-25,time_exit,3.8,165.3086700439453,172.0911407470703,11,True,376.76,18897.79
10323,BA,2025-03-11,2025-03-25,time_exit,18.22,154.05999755859375,182.58999633789065,11,True,376.76,18966.43
10324,COST,2025-03-11,2025-03-25,time_exit,-0.32,922.6104736328124,922.3825073242188,11,True,376.76,18965.23
10325,GOOGL,2025-03-11,2025-03-25,time_exit,3.67,163.3755645751953,169.8691864013672,11,True,376.76,18979.05
10326,VZ,2025-03-12,2025-03-26,time_exit,3.43,38.61220932006836,40.0537109375,11,True,375.31,18991.93
10327,V,2025-03-12,2025-03-26,time_exit,3.11,329.0727233886719,340.28436279296875,11,True,375.31,19003.6
10328,UBER,2025-03-12,2025-03-26,time_exit,3.89,71.19999694824219,74.18000030517578,11,True,375.31,19018.2
10329,PFE,2025-03-12,2025-03-26,time_exit,-2.24,23.175416946411133,22.724708557128903,11,True,375.31,19009.79
10330,MCO,2025-03-12,2025-03-26,time_exit,6.03,436.6838989257813,464.3198547363281,11,True,375.31,19032.42
10331,LIN,2025-03-12,2025-03-26,time_exit,2.32,442.2868041992188,453.8537292480469,11,True,375.31,19041.13
10332,UNP,2025-03-12,2025-03-26,time_exit,-0.07,229.75245666503903,230.2748565673828,11,True,375.31,19040.87
10333,ADP,2025-03-12,2025-03-26,time_exit,3.05,283.2932434082031,292.7704467773437,11,True,375.31,19052.31
10334,TT,2025-03-12,2025-03-26,time_exit,3.44,336.282958984375,348.8575134277344,11,True,375.31,19065.22
10335,BRK-B,2025-03-12,2025-03-26,time_exit,7.22,495.9400024414063,533.2100219726562,11,True,375.31,19092.32
10336,PG,2025-03-13,2025-03-27,time_exit,-0.23,161.65390014648438,161.7689971923828,11,True,375.06,19091.46
10337,QCOM,2025-03-13,2025-03-27,time_exit,3.67,147.9151153564453,153.78541564941406,11,True,375.06,19105.22
10338,GS,2025-03-13,2025-03-27,time_exit,6.2,509.4072265625,542.51611328125,11,True,375.06,19128.48
10339,ABT,2025-03-13,2025-03-27,time_exit,0.82,125.80548858642578,127.21959686279295,11,True,375.06,19131.55
10344,GILD,2025-03-14,2025-03-28,time_exit,0.01,107.8448715209961,108.18357849121094,11,True,374.99,19131.59
10345,ACN,2025-03-14,2025-03-28,time_exit,-4.84,309.29461669921875,295.23748779296875,11,True,374.99,19113.44
10346,MCD,2025-03-14,2025-03-28,time_exit,2.12,289.0221252441406,296.0204162597656,11,True,374.99,19121.39
10347,JNJ,2025-03-14,2025-03-28,time_exit,0.25,156.71807861328125,157.5844268798828,11,True,374.99,19122.33
10348,COF,2025-03-17,2025-03-31,time_exit,8.2,161.7726287841797,175.51634216308594,11,True,374.6,19153.04
10349,BMY,2025-03-17,2025-03-31,time_exit,1.37,55.89150619506836,56.82318878173828,11,True,374.6,19158.18
10350,AMZN,2025-03-18,2025-04-01,time_exit,-0.64,192.82000732421875,192.1699981689453,11,True,373.35,19155.79
10351,MDT,2025-03-20,2025-04-03,time_exit,-3.19,86.93025970458984,84.42098236083984,11,True,373.96,19143.86
10352,UPS,2025-03-21,2025-04-04,time_exit,-15.41,104.2878646850586,88.53142547607422,11,True,373.67,19086.27
10353,ADI,2025-03-21,2025-04-04,time_exit,-19.77,200.1685333251953,161.19248962402344,11,True,373.67,19012.4
10354,REGN,2025-03-21,2025-04-04,time_exit,-13.21,653.162353515625,568.8191528320312,11,True,373.67,18963.04
10355,CAT,2025-03-21,2025-04-04,time_exit,-14.51,329.9809265136719,283.1047058105469,11,True,373.67,18908.82
10356,LMT,2025-03-24,2025-04-07,time_exit,-1.26,418.0726318359375,414.0743408203125,11,True,375.71,18904.09
10357,NEE,2025-03-24,2025-04-07,time_exit,-7.45,67.0473403930664,62.25345993041992,11,True,375.71,18876.09
10358,ABBV,2025-03-24,2025-04-07,time_exit,-11.11,199.29714965820312,177.74481201171875,11,True,375.71,18834.35
10359,MRK,2025-03-24,2025-04-07,time_exit,-12.36,88.4382553100586,77.77509307861328,11,True,375.71,18787.92
10360,DUK,2025-03-25,2025-04-08,time_exit,-0.41,110.18099212646484,110.0575942993164,11,True,379.58,18786.36
10361,SBUX,2025-03-25,2025-04-08,time_exit,-17.19,92.23198699951172,76.65797424316406,11,True,379.58,18721.11
10362,EQIX,2025-03-26,2025-04-09,time_exit,-4.35,804.3749389648438,771.8341064453125,11,True,381.85,18704.5
10363,SYK,2025-03-26,2025-04-09,time_exit,-1.38,362.4490051269531,358.54473876953125,11,True,381.85,18699.23
10364,NVDA,2025-03-26,2025-04-09,time_exit,0.2,113.60079956054688,114.17000579833984,11,True,381.85,18699.99
10365,ANET,2025-03-27,2025-04-10,time_exit,-8.29,78.95999908447266,72.6500015258789,11,True,382.63,18668.27
10366,PANW,2025-03-27,2025-04-10,time_exit,-3.84,174.44000244140625,168.27000427246094,11,True,382.63,18653.58
10367,APP,2025-03-27,2025-04-10,time_exit,0.51,261.70001220703125,263.8299865722656,11,True,382.63,18655.53
10368,MU,2025-03-27,2025-04-10,time_exit,-23.36,90.8101043701172,69.87197875976562,11,True,382.63,18566.15
10369,INTC,2025-03-27,2025-04-10,time_exit,-16.13,23.6200008392334,19.8799991607666,11,True,382.63,18504.43
10370,ETN,2025-03-27,2025-04-10,time_exit,-3.93,276.0447082519531,266.0311889648437,11,True,382.63,18489.39
10371,ORCL,2025-03-27,2025-04-10,time_exit,-8.5,143.31671142578125,131.56768798828125,11,True,382.63,18456.87
10372,LRCX,2025-03-27,2025-04-10,time_exit,-11.5,74.21356964111328,65.90037536621094,11,True,382.63,18412.87
10373,PFE,2025-03-28,2025-04-11,time_exit,-13.39,22.724708557128903,19.750036239624023,11,True,382.45,18361.66
10374,META,2025-03-28,2025-04-11,time_exit,-6.05,574.4139404296875,541.377685546875,11,True,382.45,18338.52
10375,GLW,2025-03-28,2025-04-11,time_exit,-10.33,45.02508544921875,40.50883102416992,11,True,382.45,18299.01
10376,JCI,2025-03-31,2025-04-14,time_exit,-2.31,79.35523986816406,77.7603988647461,11,True,383.16,18290.16
10377,CSX,2025-03-31,2025-04-14,time_exit,-4.24,28.82110595703125,27.68510627746582,11,True,383.16,18273.92
10378,PWR,2025-03-31,2025-04-14,time_exit,7.66,253.8005828857422,273.9941101074219,11,True,383.16,18303.27
10379,MMM,2025-03-31,2025-04-14,time_exit,-7.69,142.83538818359375,132.28274536132812,11,True,383.16,18273.8
10380,HOOD,2025-03-31,2025-04-14,time_exit,5.75,41.619998931884766,44.13999938964844,11,True,383.16,18295.83
10381,UNP,2025-03-31,2025-04-14,time_exit,-6.21,228.54318237304688,215.02833557128903,11,True,383.16,18272.04
10382,CRWD,2025-03-31,2025-04-14,time_exit,7.1,88.1449966430664,94.66500091552734,11,True,383.16,18299.24
10383,MRVL,2025-03-31,2025-04-14,time_exit,-15.32,61.31918716430664,52.10624313354492,11,True,383.16,18240.54
10384,TXN,2025-03-31,2025-04-14,time_exit,-16.28,172.43563842773438,144.8766632080078,11,True,383.16,18178.16
10385,LLY,2025-03-31,2025-04-14,time_exit,-8.96,817.259765625,746.4493408203125,11,True,383.16,18143.83
10386,AMAT,2025-03-31,2025-04-14,time_exit,-0.71,143.50125122070312,142.91783142089844,11,True,383.16,18141.11
10387,AMD,2025-03-31,2025-04-14,time_exit,-8.32,102.73999786376952,94.5,11,True,383.16,18109.23
10388,GOOG,2025-03-31,2025-04-14,time_exit,3.05,155.59811401367188,160.81692504882812,11,True,383.16,18120.92
10389,MS,2025-03-31,2025-04-14,time_exit,-6.78,112.39486694335938,105.11189270019533,11,True,383.16,18094.94
10390,TT,2025-03-31,2025-04-14,time_exit,2.84,333.8552551269531,344.3291015625,11,True,383.16,18105.82
10391,STX,2025-03-31,2025-04-14,time_exit,-14.76,83.80928802490234,71.69418334960938,11,True,383.16,18049.27
10392,HWM,2025-03-31,2025-04-14,time_exit,-2.05,129.29278564453125,127.03042602539062,11,True,383.16,18041.41
10393,PSX,2025-03-31,2025-04-14,time_exit,-21.08,117.62364959716795,93.18062591552734,11,True,383.16,17960.64
10394,NOW,2025-03-31,2025-04-14,time_exit,0.16,159.22799682617188,159.96400451660156,11,True,383.16,17961.25
10395,GOOGL,2025-03-31,2025-04-14,time_exit,2.56,154.01365661621094,158.4257049560547,11,True,383.16,17971.06
10396,C,2025-03-31,2025-04-14,time_exit,-11.25,68.5172119140625,61.01785659790039,11,True,383.16,17927.96
10397,GE,2025-03-31,2025-04-14,time_exit,-7.37,198.8483123779297,184.79034423828125,11,True,383.16,17899.72
10398,KLAC,2025-03-31,2025-04-14,time_exit,-1.75,67.306396484375,66.3331298828125,11,True,383.16,17893.01
10399,DE,2025-03-31,2025-04-14,time_exit,-0.66,462.0806274414063,460.4266662597656,11,True,383.16,17890.48
10417,ICE,2025-04-01,2025-04-15,time_exit,-7.03,168.87173461914062,157.5078887939453,11,True,383.12,17863.55
10424,WMB,2025-04-03,2025-04-17,time_exit,-0.99,56.73891067504883,56.344825744628906,11,True,382.88,17859.76
10430,PM,2025-04-04,2025-04-21,time_exit,7.37,144.2695770263672,155.3421630859375,11,True,378.18,17887.63
10431,JNJ,2025-04-04,2025-04-21,time_exit,2.1,147.50619506835938,151.04849243164062,11,True,378.18,17895.57
10432,TJX,2025-04-07,2025-04-22,time_exit,5.22,116.94119262695312,123.40029907226562,11,True,375.76,17915.19
10433,CMCSA,2025-04-07,2025-04-22,time_exit,1.88,29.64716339111328,30.29378700256348,11,True,375.76,17922.25
10434,MCK,2025-04-07,2025-04-22,time_exit,4.72,657.936767578125,690.9344482421875,11,True,375.76,17939.99
10435,NEM,2025-04-07,2025-04-22,time_exit,21.28,44.18120574951172,53.71472930908203,11,True,375.76,18019.95
10436,DELL,2025-04-07,2025-04-22,time_exit,12.53,73.28484344482422,82.68406677246094,11,True,375.76,18067.03
10468,SO,2025-04-08,2025-04-23,time_exit,4.62,82.72624206542969,86.79302978515625,11,True,374.42,18084.33
10469,HD,2025-04-08,2025-04-23,time_exit,6.02,324.540771484375,345.0448303222656,11,True,374.42,18106.87
10474,GILD,2025-04-09,2025-04-24,time_exit,0.56,101.85456848144533,102.72553253173828,11,True,374.0,18108.96
10475,CB,2025-04-09,2025-04-24,time_exit,-1.22,281.95098876953125,279.3555603027344,11,True,374.0,18104.4
10476,DUK,2025-04-09,2025-04-24,time_exit,3.47,110.39929962158205,114.56620025634766,11,True,374.0,18117.38
10489,MRSH,2025-04-17,2025-05-02,time_exit,2.98,214.7185516357422,221.76296997070312,11,True,357.2,18128.02
10490,META,2025-04-21,2025-05-05,time_exit,23.35,482.7052917480469,596.8531494140625,11,True,357.91,18211.6
10491,BMY,2025-04-23,2025-05-07,time_exit,-2.18,45.70452880859375,44.84751510620117,11,True,362.14,18203.7
10492,CMCSA,2025-04-24,2025-05-08,time_exit,2.8,29.39914321899414,30.31150245666504,11,True,362.35,18213.85
10493,CB,2025-04-25,2025-05-09,time_exit,3.56,276.4926452636719,287.16168212890625,11,True,362.35,18226.75
10494,VZ,2025-04-25,2025-05-09,time_exit,3.76,38.60600280761719,40.17197799682617,11,True,362.35,18240.37
10495,UNH,2025-04-25,2025-05-09,time_exit,-9.38,404.8465576171875,368.0986022949219,11,True,362.35,18206.38
10496,GILD,2025-04-25,2025-05-09,time_exit,-6.37,99.84165954589844,93.78361511230467,11,True,362.35,18183.3
10497,REGN,2025-04-29,2025-05-13,time_exit,0.62,564.3157348632812,569.5233764648438,11,True,362.35,18185.55
10498,KO,2025-04-29,2025-05-13,time_exit,-4.99,69.86071014404297,66.58735656738281,11,True,362.35,18167.47
10499,WM,2025-04-29,2025-05-13,time_exit,-3.11,224.41232299804688,218.1154327392578,11,True,362.35,18156.2
10500,PEP,2025-04-29,2025-05-13,time_exit,-3.28,127.79263305664062,123.98674774169922,11,True,362.35,18144.31
10501,SLB,2025-04-29,2025-05-13,time_exit,5.56,32.925636291503906,34.8561897277832,11,True,362.35,18164.46
10502,SBUX,2025-04-30,2025-05-14,time_exit,7.81,77.0042724609375,83.24735260009766,11,True,362.35,18192.76
10503,TMO,2025-05-01,2025-05-15,time_exit,-3.86,417.93170166015625,403.0414123535156,11,True,362.35,18178.77
10504,LIN,2025-05-01,2025-05-15,time_exit,1.08,440.69342041015625,446.7621154785156,11,True,362.35,18182.69
10505,WMB,2025-05-06,2025-05-20,time_exit,-0.18,56.421722412109375,56.48900604248047,11,True,364.23,18182.03
10506,DHR,2025-05-07,2025-05-21,time_exit,-3.55,191.3714599609375,185.1473846435547,11,True,364.07,18169.11
10507,MDT,2025-05-07,2025-05-21,time_exit,1.2,79.87767791748047,81.07835388183594,11,True,364.07,18173.47
10508,COP,2025-05-07,2025-05-21,time_exit,-0.09,83.62191009521484,83.79515075683594,11,True,364.07,18173.15
10509,UPS,2025-05-07,2025-05-21,time_exit,3.39,85.13368225097656,88.2750015258789,11,True,364.07,18185.49
10510,FTNT,2025-05-08,2025-05-22,time_exit,5.72,97.73999786376952,103.62000274658205,11,True,364.28,18206.33
10511,AMGN,2025-05-08,2025-05-22,time_exit,0.53,260.27667236328125,262.4320678710937,11,True,364.28,18208.26
10512,VRTX,2025-05-08,2025-05-22,time_exit,0.73,429.6000061035156,434.0299987792969,11,True,364.28,18210.92
10513,PG,2025-05-09,2025-05-23,time_exit,4.9,152.1158905029297,160.02755737304688,11,True,363.67,18228.74
10514,UNH,2025-05-12,2025-05-27,time_exit,-22.41,366.2708740234375,285.2802734375,11,True,363.67,18147.24
10515,JNJ,2025-05-12,2025-05-27,time_exit,-0.03,148.3725128173828,148.7804412841797,11,True,363.67,18147.13
10516,MCK,2025-05-12,2025-05-27,time_exit,4.48,683.3310546875,715.9909057617188,11,True,363.67,18163.42
10517,CVS,2025-05-12,2025-05-27,time_exit,-5.65,62.13852691650391,58.811561584472656,11,True,363.67,18142.87
10518,NEM,2025-05-12,2025-05-27,time_exit,3.99,50.011627197265625,52.15545272827149,11,True,363.67,18157.38
10519,BMY,2025-05-12,2025-05-27,time_exit,-2.98,45.37491226196289,44.16001892089844,11,True,363.67,18146.55
10520,ABBV,2025-05-12,2025-05-27,time_exit,-2.59,182.7722930908203,178.58929443359375,11,True,363.67,18137.13
10521,MCD,2025-05-12,2025-05-27,time_exit,0.67,300.6763916015625,303.5971374511719,11,True,363.67,18139.56
10522,MO,2025-05-12,2025-05-27,time_exit,4.39,52.42290496826172,54.88065719604492,11,True,363.67,18155.53
10523,T,2025-05-12,2025-05-27,time_exit,1.11,25.538515090942383,25.897809982299805,11,True,363.67,18159.57
10524,LLY,2025-05-12,2025-05-27,time_exit,-4.12,747.6566162109375,719.0953369140625,11,True,363.67,18144.58
10525,KO,2025-05-14,2025-05-29,time_exit,3.07,66.78047180175781,69.03030395507812,11,True,363.86,18155.75
10526,VZ,2025-05-14,2025-05-29,time_exit,2.01,39.01131439208984,39.9140625,11,True,363.86,18163.07
10527,WM,2025-05-14,2025-05-29,time_exit,6.57,218.2036895751953,233.2004852294922,11,True,363.86,18186.97
10528,COST,2025-05-15,2025-05-30,time_exit,2.64,1003.2186889648438,1032.7154541015625,11,True,363.65,18196.57
10529,WMT,2025-05-15,2025-05-30,time_exit,2.16,95.32290649414062,97.66765594482422,11,True,363.65,18204.43
10530,BRK-B,2025-05-15,2025-05-30,time_exit,-0.96,507.3299865722656,503.9599914550781,11,True,363.65,18200.94
10531,MRK,2025-05-15,2025-05-30,time_exit,2.43,71.66268157958984,73.61710357666016,11,True,363.65,18209.77
10532,ELV,2025-05-15,2025-05-30,time_exit,-1.88,380.299560546875,374.2928161621094,11,True,363.65,18202.94
10533,NEE,2025-05-22,2025-06-06,time_exit,8.37,64.05236053466797,69.60588073730469,11,True,364.22,18233.42
10534,KKR,2025-05-22,2025-06-06,time_exit,4.1,117.19715881347656,122.3530502319336,11,True,364.22,18248.35
10535,CVX,2025-05-22,2025-06-06,time_exit,3.34,128.72802734375,133.40940856933594,11,True,364.22,18260.52
10536,COF,2025-05-22,2025-06-06,time_exit,5.12,184.5809326171875,194.57794189453125,11,True,364.22,18279.17
10537,PWR,2025-05-22,2025-06-06,time_exit,8.93,330.4610900878906,360.9470825195313,11,True,364.22,18311.69
10538,AXP,2025-05-23,2025-06-09,time_exit,5.43,281.4907531738281,297.6171264648437,11,True,364.57,18331.49
10539,MCO,2025-05-23,2025-06-09,time_exit,3.09,464.7718505859375,480.5067443847656,11,True,364.57,18342.75
10540,SYK,2025-05-23,2025-06-09,time_exit,1.2,372.0283203125,377.6193542480469,11,True,364.57,18347.13
10541,SLB,2025-05-23,2025-06-09,time_exit,1.92,32.49126052856445,33.21278762817383,11,True,364.57,18354.13
10542,QCOM,2025-05-23,2025-06-09,time_exit,7.24,141.52891540527344,152.20204162597656,11,True,364.57,18380.52
10543,BX,2025-05-23,2025-06-09,time_exit,2.54,130.02284240722656,133.70993041992188,11,True,364.57,18389.78
10544,PLD,2025-05-23,2025-06-09,time_exit,4.4,99.82243347167967,104.5142059326172,11,True,364.57,18405.83
10545,COP,2025-05-23,2025-06-09,time_exit,3.05,81.91061401367188,84.6509017944336,11,True,364.57,18416.94
10546,ADI,2025-05-23,2025-06-09,time_exit,8.36,206.1128387451172,223.9620819091797,11,True,364.57,18447.42
10547,WFC,2025-05-23,2025-06-09,time_exit,4.68,70.85943603515625,74.39122772216797,11,True,364.57,18464.49
10548,ISRG,2025-05-23,2025-06-09,time_exit,-2.78,539.5399780273438,526.1500244140625,11,True,364.57,18454.35
10549,PEP,2025-05-23,2025-06-09,time_exit,1.28,123.06379699707033,125.01052856445312,11,True,364.57,18459.02
10550,HD,2025-05-23,2025-06-09,time_exit,1.01,351.13409423828125,355.74169921875,11,True,364.57,18462.7
10551,PH,2025-05-23,2025-06-09,time_exit,1.98,648.0118408203125,662.7734985351562,11,True,364.57,18469.92
10552,CRM,2025-05-27,2025-06-10,time_exit,-3.54,274.428466796875,265.5478210449219,11,True,362.89,18457.07
10553,PGR,2025-05-27,2025-06-10,time_exit,-5.06,261.64276123046875,249.19651794433597,11,True,362.89,18438.71
10554,XOM,2025-05-28,2025-06-11,time_exit,6.75,98.31903839111328,105.25171661376952,11,True,362.89,18463.2
10555,UNP,2025-05-29,2025-06-12,time_exit,1.65,215.2605133056641,219.4651031494141,11,True,363.74,18469.21
10556,VLO,2025-05-29,2025-06-12,time_exit,3.06,125.45294189453124,129.66836547851562,11,True,363.74,18480.34
10557,CDNS,2025-05-29,2025-06-12,time_exit,7.91,284.5,307.8500061035156,11,True,363.74,18509.11
10558,FTNT,2025-05-29,2025-06-12,time_exit,-0.67,102.04000091552734,101.66000366210938,11,True,363.74,18506.67
10559,CMCSA,2025-05-29,2025-06-12,time_exit,2.59,30.364648818969727,31.241573333740234,11,True,363.74,18516.09
10560,KLAC,2025-05-30,2025-06-13,time_exit,14.34,75.11841583251953,86.11402893066406,11,True,364.06,18568.3
10561,AMAT,2025-05-30,2025-06-13,time_exit,8.53,155.44227600097656,169.1667938232422,11,True,364.06,18599.35
10562,CSCO,2025-05-30,2025-06-13,time_exit,1.37,61.39196395874024,62.414512634277344,11,True,364.06,18604.34
10563,UBER,2025-05-30,2025-06-13,time_exit,-0.57,84.16000366210938,83.93000030517578,11,True,364.06,18602.26
10564,ANET,2025-05-30,2025-06-13,time_exit,6.29,86.63999938964844,92.3499984741211,11,True,364.06,18625.16
10565,LRCX,2025-05-30,2025-06-13,time_exit,10.51,80.14590454101562,88.8062973022461,11,True,364.06,18663.43
10566,MRVL,2025-05-30,2025-06-13,time_exit,11.33,60.01290893554688,66.99231719970703,11,True,364.06,18704.67
10567,DE,2025-06-02,2025-06-16,time_exit,2.97,499.9744567871094,516.3174438476562,11,True,364.06,18715.49
10568,BRK-B,2025-06-02,2025-06-16,time_exit,-2.8,502.80999755859375,490.2300109863281,11,True,364.06,18705.29
10569,SPGI,2025-06-02,2025-06-16,time_exit,-1.97,480.7730102539063,472.7318420410156,11,True,364.06,18698.12
10570,ETN,2025-06-02,2025-06-16,time_exit,5.71,314.428466796875,333.31231689453125,11,True,364.06,18718.91
10571,REGN,2025-06-02,2025-06-16,time_exit,6.19,487.5657348632813,519.22509765625,11,True,364.06,18741.44
10572,BNY,2025-06-02,2025-06-16,time_exit,1.4,86.9925308227539,88.46880340576172,11,True,364.06,18746.54
10573,TSLA,2025-06-04,2025-06-18,time_exit,-3.31,332.04998779296875,322.04998779296875,11,True,364.06,18734.49
10574,PLTR,2025-06-05,2025-06-20,time_exit,14.2,119.91000366210938,137.3000030517578,11,True,364.06,18786.19
10575,MCD,2025-06-05,2025-06-20,time_exit,-7.26,299.5315856933594,278.66961669921875,11,True,364.06,18759.76
10576,MCK,2025-06-06,2025-06-23,time_exit,0.95,709.2463989257812,718.1407470703125,11,True,366.23,18763.24
10577,CB,2025-06-09,2025-06-24,time_exit,-1.01,287.0824279785156,285.0465393066406,11,True,369.4,18759.5
10578,WM,2025-06-09,2025-06-24,time_exit,-0.24,230.2989501953125,230.44656372070312,11,True,369.4,18758.62
10579,PG,2025-06-09,2025-06-24,time_exit,-1.65,156.84359741210938,154.72097778320312,11,True,369.4,18752.52
10580,MMM,2025-06-09,2025-06-24,time_exit,3.61,140.96450805664062,146.476806640625,11,True,369.4,18765.86
10581,COST,2025-06-09,2025-06-24,time_exit,-0.72,998.9595336914062,994.7300415039062,11,True,369.4,18763.2
10582,TT,2025-06-10,2025-06-25,time_exit,1.09,418.7579345703125,424.5674133300781,11,True,368.77,18767.22
10583,NOW,2025-06-10,2025-06-25,time_exit,-0.76,201.9579925537109,201.0319976806641,11,True,368.77,18764.42
10584,CME,2025-06-10,2025-06-25,time_exit,2.3,256.1351318359375,262.8056030273437,11,True,368.77,18772.9
10585,TJX,2025-06-10,2025-06-25,time_exit,-3.12,124.12616729736328,120.6202163696289,11,True,368.77,18761.39
10586,HWM,2025-06-10,2025-06-25,time_exit,4.12,168.15846252441406,175.59805297851562,11,True,368.77,18776.58
10587,WMT,2025-06-10,2025-06-25,time_exit,-0.36,96.2825698852539,96.22322082519533,11,True,368.77,18775.26
10588,TMUS,2025-06-10,2025-06-25,time_exit,-2.87,231.26226806640625,225.3289337158203,11,True,368.77,18764.67
10589,ICE,2025-06-10,2025-06-25,time_exit,2.82,172.8500518798828,178.25146484375,11,True,368.77,18775.07
10590,LOW,2025-06-11,2025-06-26,time_exit,-0.47,215.99046325683597,215.6298065185547,11,True,369.26,18773.34
10591,HD,2025-06-11,2025-06-26,time_exit,0.54,351.1244506835937,354.0857238769531,11,True,369.26,18775.33
10592,GE,2025-06-11,2025-06-26,time_exit,1.93,243.9232635498047,249.36761474609372,11,True,369.26,18782.46
10593,BKNG,2025-06-11,2025-06-26,time_exit,2.07,216.8176727294922,221.9629669189453,11,True,369.26,18790.1
10594,MRSH,2025-06-11,2025-06-26,time_exit,-0.88,212.0061492919922,210.7670440673828,11,True,369.26,18786.85
10595,GD,2025-06-11,2025-06-26,time_exit,5.34,269.6649475097656,284.87713623046875,11,True,369.26,18806.57
10596,BA,2025-06-12,2025-06-27,time_exit,5.0,203.75,214.5500030517578,11,True,370.32,18825.09
10597,APP,2025-06-12,2025-06-27,time_exit,-12.6,380.5799865722656,333.7799987792969,11,True,370.32,18778.43
10598,VZ,2025-06-12,2025-06-27,time_exit,-2.27,39.75746154785156,38.97447204589844,11,True,370.32,18770.02
10599,WFC,2025-06-12,2025-06-27,time_exit,7.12,72.00751495361328,77.34896850585938,11,True,370.32,18796.39
10600,SCHW,2025-06-13,2025-06-30,time_exit,4.14,86.01490020751953,89.83515167236328,11,True,374.09,18811.87
10601,HCA,2025-06-16,2025-07-01,time_exit,5.38,366.10589599609375,386.90478515625,11,True,374.93,18832.05
10602,LIN,2025-06-17,2025-07-02,time_exit,3.23,454.7782287597656,470.8321838378906,11,True,374.93,18844.16
10603,MCO,2025-06-17,2025-07-02,time_exit,5.19,466.33544921875,491.9565734863281,11,True,374.93,18863.62
10604,BLK,2025-06-17,2025-07-02,time_exit,10.16,949.2893676757812,1048.5985107421875,11,True,374.93,18901.71
10605,DUK,2025-06-17,2025-07-02,time_exit,1.68,109.9475326538086,112.12176513671876,11,True,374.93,18908.01
10606,ABBV,2025-06-18,2025-07-03,time_exit,1.74,178.36814880371094,182.0126037597656,11,True,374.69,18914.53
10607,GILD,2025-06-18,2025-07-03,time_exit,3.17,105.2579574584961,108.91275024414062,11,True,374.69,18926.4
10608,AAPL,2025-06-18,2025-07-03,time_exit,8.33,195.6344757080078,212.5228576660156,11,True,374.69,18957.62
10609,UBER,2025-06-18,2025-07-03,time_exit,11.91,83.44000244140625,93.62999725341795,11,True,374.69,19002.24
10610,FTNT,2025-06-18,2025-07-03,time_exit,4.5,100.81999969482422,105.66000366210938,11,True,374.69,19019.1
10611,EQIX,2025-06-18,2025-07-03,time_exit,-11.56,863.0048828125,765.839599609375,11,True,374.69,18975.79
10612,PEP,2025-06-18,2025-07-03,time_exit,4.59,124.15442657470705,130.22410583496094,11,True,374.69,18992.99
10613,BRK-B,2025-06-18,2025-07-03,time_exit,-0.33,485.1400146484375,485.0,11,True,374.69,18991.75
10614,MDT,2025-06-18,2025-07-03,time_exit,3.66,82.34624481201172,85.60653686523438,11,True,374.69,19005.46
10615,USB,2025-06-18,2025-07-03,time_exit,11.69,41.15668869018555,46.09272766113281,11,True,374.69,19049.27
10616,CRM,2025-06-18,2025-07-03,time_exit,4.57,257.32208251953125,269.8659362792969,11,True,374.69,19066.39
10617,PH,2025-06-18,2025-07-03,time_exit,9.95,645.3700561523438,711.5208129882812,11,True,374.69,19103.67
10618,TMO,2025-06-18,2025-07-03,time_exit,9.07,391.1340637207031,427.7704772949219,11,True,374.69,19137.65
10619,ANET,2025-06-18,2025-07-03,time_exit,13.31,90.23999786376952,102.5199966430664,11,True,374.69,19187.53
10620,INTU,2025-06-18,2025-07-03,time_exit,3.12,745.4356689453125,770.9244384765625,11,True,374.69,19199.22
10621,ELV,2025-06-20,2025-07-07,time_exit,-7.68,366.8145446777344,339.74322509765625,11,True,375.2,19170.4
10622,V,2025-06-20,2025-07-07,time_exit,5.04,335.29376220703125,353.1889343261719,11,True,375.2,19189.31
10623,JCI,2025-06-20,2025-07-07,time_exit,3.72,101.28663635253906,105.3627700805664,11,True,375.2,19203.27
10624,ABNB,2025-06-20,2025-07-07,time_exit,3.7,131.72999572753906,137.0,11,True,375.2,19217.15
10625,CDNS,2025-06-20,2025-07-07,time_exit,8.13,295.3999938964844,320.29998779296875,11,True,375.2,19247.65
10628,KKR,2025-06-23,2025-07-08,time_exit,12.64,121.10372924804688,136.7696990966797,11,True,375.26,19295.09
10638,UPS,2025-06-25,2025-07-10,time_exit,3.27,91.5168228149414,94.7862777709961,11,True,375.5,19307.37
10639,SLB,2025-06-25,2025-07-10,time_exit,10.16,32.29778289794922,35.67552185058594,11,True,375.5,19345.52
10640,PLD,2025-06-26,2025-07-11,time_exit,4.28,101.11429595947266,105.74429321289062,11,True,376.13,19361.62
10641,MCD,2025-06-26,2025-07-11,time_exit,4.7,276.8955993652344,290.73895263671875,11,True,376.13,19379.29
10642,ADP,2025-06-26,2025-07-11,time_exit,-0.41,294.7878723144531,294.466796875,11,True,376.13,19377.75
10643,MNST,2025-06-26,2025-07-11,time_exit,-5.7,62.18999862670898,58.83000183105469,11,True,376.13,19356.31
10644,PG,2025-06-26,2025-07-11,time_exit,-1.3,153.0518341064453,151.52735900878906,11,True,376.13,19351.42
10645,LMT,2025-06-27,2025-07-14,time_exit,2.97,443.8009643554688,458.2978820800781,11,True,375.93,19362.59
10646,PSX,2025-06-27,2025-07-14,time_exit,7.88,114.68887329101562,124.0755615234375,11,True,375.93,19392.21
10647,CVX,2025-06-30,2025-07-15,time_exit,4.94,136.24485778808594,143.38108825683594,11,True,376.24,19410.8
10648,PLTR,2025-07-01,2025-07-16,time_exit,15.18,130.67999267578125,150.91000366210938,11,True,376.64,19467.97
10649,PANW,2025-07-01,2025-07-16,time_exit,-2.83,197.5800018310547,192.58999633789065,11,True,376.64,19457.31
10650,XOM,2025-07-01,2025-07-16,time_exit,2.44,105.184326171875,108.06332397460938,11,True,376.64,19466.5
10651,MU,2025-07-02,2025-07-17,time_exit,-7.18,121.4306182861328,113.07850646972656,11,True,378.16,19439.35
10652,ADBE,2025-07-02,2025-07-17,time_exit,-3.48,378.4700012207031,366.4500122070313,11,True,378.16,19426.19
10653,WMB,2025-07-02,2025-07-17,time_exit,-2.08,57.32168960571289,56.30397033691406,11,True,378.16,19418.32
10654,PGR,2025-07-02,2025-07-17,time_exit,-4.35,241.97845458984372,232.18478393554688,11,True,378.16,19401.87
10655,WELL,2025-07-02,2025-07-17,time_exit,4.29,147.86929321289062,154.6588592529297,11,True,378.16,19418.1
10656,MCK,2025-07-03,2025-07-18,time_exit,-1.62,715.6235961914062,706.1721801757812,11,True,383.98,19411.88
10657,TSLA,2025-07-07,2025-07-21,time_exit,11.45,293.94000244140625,328.489990234375,11,True,384.95,19455.95
10658,BRK-B,2025-07-08,2025-07-22,time_exit,-0.16,477.4700012207031,478.1300048828125,11,True,385.9,19455.34
10659,CB,2025-07-08,2025-07-22,time_exit,-0.74,278.2578430175781,277.0451965332031,11,True,385.9,19452.48
10660,MRVL,2025-07-09,2025-07-23,time_exit,1.18,72.04739379882812,73.11422729492188,11,True,385.9,19457.03
10661,CVS,2025-07-09,2025-07-23,time_exit,-6.5,63.91227722167969,59.94728088378906,11,True,385.9,19431.95
10662,KO,2025-07-09,2025-07-23,time_exit,-0.76,67.56646728515625,67.25527954101562,11,True,385.9,19429.02
10663,ELV,2025-07-09,2025-07-23,time_exit,-14.67,339.2339172363281,290.4976806640625,11,True,385.9,19372.41
10664,UNH,2025-07-09,2025-07-23,time_exit,-3.73,295.00909423828125,284.8804016113281,11,True,385.9,19358.01
10665,ABT,2025-07-09,2025-07-23,time_exit,-5.42,129.62847900390625,122.9873046875,11,True,385.9,19337.1
10666,COST,2025-07-09,2025-07-23,time_exit,-4.46,975.0424194335938,934.4358520507812,11,True,385.9,19319.88
10667,VRT,2025-07-10,2025-07-24,time_exit,8.11,120.58717346191406,130.7259979248047,11,True,386.91,19351.26
10668,IBM,2025-07-10,2025-07-24,time_exit,-9.67,278.2656555175781,252.20399475097656,11,True,386.91,19313.85
10669,ISRG,2025-07-10,2025-07-24,time_exit,-7.42,526.0499877929688,488.6099853515625,11,True,386.91,19285.14
10670,T,2025-07-10,2025-07-24,time_exit,0.79,26.376230239868164,26.662717819213867,11,True,386.91,19288.2
10671,HCA,2025-07-10,2025-07-24,time_exit,-10.04,375.7703552246094,339.1786193847656,11,True,386.91,19249.35
10672,META,2025-07-11,2025-07-25,time_exit,-0.97,715.166015625,710.3517456054688,11,True,387.03,19245.6
10673,BAC,2025-07-11,2025-07-25,time_exit,3.38,45.73375701904297,47.417091369628906,11,True,387.03,19258.68
10674,TMUS,2025-07-11,2025-07-25,time_exit,6.63,222.26470947265625,237.67376708984372,11,True,387.03,19284.34
10675,INTU,2025-07-11,2025-07-25,time_exit,4.79,739.59130859375,777.2186889648438,11,True,387.03,19302.88
10676,CSCO,2025-07-11,2025-07-25,time_exit,0.79,66.57154083251953,67.2965316772461,11,True,387.03,19305.93
10677,SYK,2025-07-14,2025-07-28,time_exit,2.06,387.5145263671875,396.6515197753906,11,True,387.84,19313.92
10678,DHR,2025-07-14,2025-07-28,time_exit,2.32,196.30181884765625,201.4538116455078,11,True,387.84,19322.92
10679,DIS,2025-07-14,2025-07-28,time_exit,0.03,118.25760650634766,118.6519012451172,11,True,387.84,19323.04
10680,CMCSA,2025-07-14,2025-07-28,time_exit,-6.22,31.858701705932617,29.972564697265625,11,True,387.84,19298.91
10681,GLW,2025-07-14,2025-07-28,time_exit,4.01,52.44684982299805,54.70782852172852,11,True,387.84,19314.47
10682,BLK,2025-07-15,2025-07-29,time_exit,6.9,1024.689453125,1098.5126953125,11,True,388.22,19341.25
10683,NEM,2025-07-15,2025-07-29,time_exit,11.28,56.74664306640625,63.31679153442383,11,True,388.22,19385.04
10684,CRM,2025-07-15,2025-07-29,time_exit,3.51,255.41818237304688,265.1458740234375,11,True,388.22,19398.67
10685,DASH,2025-07-15,2025-07-29,time_exit,2.42,236.7700042724609,243.1999969482422,11,True,388.22,19408.07
10686,UPS,2025-07-16,2025-07-30,time_exit,-12.8,91.75627136230467,80.29019165039062,11,True,389.33,19358.23
10687,SPGI,2025-07-16,2025-07-30,time_exit,0.65,490.8548278808594,495.5072326660156,11,True,389.33,19360.76
10688,GS,2025-07-16,2025-07-30,time_exit,2.79,691.4462280273438,712.838623046875,11,True,389.33,19371.62
10689,LOW,2025-07-16,2025-07-30,time_exit,5.26,211.1170196533203,222.85183715820312,11,True,389.33,19392.1
10690,AXP,2025-07-16,2025-07-30,time_exit,-3.02,308.5990905761719,300.1989440917969,11,True,389.33,19380.35
10691,MNST,2025-07-16,2025-07-30,time_exit,3.78,58.650001525878906,61.040000915527344,11,True,389.33,19395.06
10692,QCOM,2025-07-16,2025-07-30,time_exit,2.94,150.8896942138672,155.7766876220703,11,True,389.33,19406.51
10693,UBER,2025-07-16,2025-07-30,time_exit,-3.73,90.75,87.63999938964844,11,True,389.33,19391.99
10694,GILD,2025-07-16,2025-07-30,time_exit,4.17,107.0609893798828,111.84632873535156,11,True,389.33,19408.22
10695,MRSH,2025-07-16,2025-07-30,time_exit,-5.28,206.8252716064453,196.5260162353516,11,True,389.33,19387.67
10696,ADP,2025-07-16,2025-07-30,time_exit,3.25,292.15118408203125,302.5326843261719,11,True,389.33,19400.32
10697,SCHW,2025-07-16,2025-07-30,time_exit,7.71,89.8548583984375,97.0522918701172,11,True,389.33,19430.34
10698,BKNG,2025-07-16,2025-07-30,time_exit,-1.1,224.4273223876953,222.63368225097656,11,True,389.33,19426.05
10699,MS,2025-07-16,2025-07-30,time_exit,3.38,135.7482147216797,140.7493133544922,11,True,389.33,19439.21
10700,MCO,2025-07-16,2025-07-30,time_exit,2.18,495.03424072265625,507.2955627441406,11,True,389.33,19447.7
10701,USB,2025-07-17,2025-07-31,time_exit,-0.85,43.47698974609375,43.236576080322266,11,True,388.36,19444.4
10702,SLB,2025-07-17,2025-07-31,time_exit,-2.81,33.748165130615234,32.90129470825195,11,True,388.36,19433.49
10703,COP,2025-07-17,2025-07-31,time_exit,2.43,89.23727416992188,91.6698760986328,11,True,388.36,19442.92
10704,DE,2025-07-17,2025-07-31,time_exit,4.75,492.9649353027344,517.8828125,11,True,388.36,19461.37
10705,PFE,2025-07-17,2025-07-31,time_exit,-3.91,22.579509735107425,21.76366806030273,11,True,388.36,19446.19
10707,TMO,2025-07-18,2025-08-01,time_exit,11.34,413.2434387207031,461.3580932617188,11,True,388.24,19490.21
10709,MMM,2025-07-21,2025-08-04,time_exit,-3.54,149.36001586914062,144.52207946777344,11,True,389.12,19476.44
10711,MAR,2025-07-22,2025-08-05,time_exit,-5.16,270.037353515625,256.9203186035156,11,True,389.05,19456.36
10712,GD,2025-07-22,2025-08-05,time_exit,5.13,292.4407958984375,308.3206481933594,11,True,389.05,19476.32
10713,KLAC,2025-07-23,2025-08-06,time_exit,-1.28,89.03388977050781,88.1595230102539,11,True,386.4,19471.37
10714,PM,2025-07-23,2025-08-06,time_exit,1.11,158.91468811035156,161.1536102294922,11,True,386.4,19475.66
10715,APH,2025-07-23,2025-08-06,time_exit,8.43,100.0281753540039,108.75867462158205,11,True,386.4,19508.24
10716,NEE,2025-07-23,2025-08-06,time_exit,-3.43,70.24251556396484,68.043212890625,11,True,386.4,19494.98
10717,PSX,2025-07-24,2025-08-07,time_exit,-4.34,119.56495666503906,114.7369613647461,11,True,384.99,19478.27
10718,TXN,2025-07-24,2025-08-07,time_exit,0.54,179.7036895751953,181.21701049804688,11,True,384.99,19480.35
10719,AMAT,2025-07-25,2025-08-08,time_exit,-0.74,184.14085388183597,183.3276824951172,11,True,386.12,19477.5
10720,COF,2025-07-25,2025-08-08,time_exit,-2.47,209.0234832763672,204.4865264892578,11,True,386.12,19467.96
10721,FCX,2025-07-28,2025-08-11,time_exit,-5.62,43.324256896972656,41.01904296875,11,True,386.29,19446.25
10722,PGR,2025-07-28,2025-08-11,time_exit,1.32,226.2691192626953,229.94058227539065,11,True,386.29,19451.35
10723,CB,2025-07-28,2025-08-11,time_exit,1.58,264.3822021484375,269.3619079589844,11,True,386.29,19457.45
10724,ACN,2025-07-28,2025-08-11,time_exit,-14.17,271.4464416503906,233.7923583984375,11,True,386.29,19402.71
10725,COST,2025-07-28,2025-08-11,time_exit,5.71,927.2875366210938,983.0045166015624,11,True,386.29,19424.77
10726,UNP,2025-07-29,2025-08-12,time_exit,-2.52,217.79104614257807,212.95384216308597,11,True,388.16,19414.99
10727,BA,2025-07-29,2025-08-12,time_exit,2.59,226.0800018310547,232.6100006103516,11,True,388.16,19425.04
10728,MRK,2025-07-29,2025-08-12,time_exit,-3.12,79.9568862915039,77.70226287841797,11,True,388.16,19412.93
10729,INTC,2025-07-29,2025-08-12,time_exit,6.56,20.40999984741211,21.809999465942383,11,True,388.16,19438.4
10730,LLY,2025-07-29,2025-08-12,time_exit,-16.49,756.5067749023438,634.0298461914062,11,True,388.16,19374.39
10731,CRWD,2025-07-30,2025-08-13,time_exit,-7.0,115.7874984741211,108.02999877929688,11,True,388.95,19347.16
10732,FTNT,2025-07-30,2025-08-13,time_exit,-22.3,101.70999908447266,79.33000183105469,11,True,388.95,19260.42
10733,PNC,2025-07-30,2025-08-13,time_exit,0.14,186.4157867431641,187.2387237548828,11,True,388.95,19260.97
10734,AAPL,2025-07-30,2025-08-13,time_exit,11.44,208.04449462890625,232.47125244140625,11,True,388.95,19305.47
10735,META,2025-07-30,2025-08-13,time_exit,11.91,692.9389038085938,777.5316772460938,11,True,388.95,19351.79
10736,MPC,2025-07-30,2025-08-13,time_exit,-5.6,167.04441833496094,158.19239807128906,11,True,388.95,19330.01
10737,UNH,2025-07-30,2025-08-13,time_exit,1.87,259.1007995605469,264.7203063964844,11,True,388.95,19337.28
10738,JCI,2025-07-30,2025-08-13,time_exit,1.38,103.41417694091795,105.15398406982422,11,True,388.95,19342.65
10739,STX,2025-07-30,2025-08-13,time_exit,6.14,146.21273803710938,155.6349639892578,11,True,388.95,19366.53
10740,TT,2025-07-30,2025-08-13,time_exit,0.5,428.4503173828125,431.8565368652344,11,True,388.95,19368.48
10741,IBM,2025-07-31,2025-08-14,time_exit,-6.0,245.07862854003903,231.10206604003903,11,True,388.92,19345.14
10742,VLO,2025-07-31,2025-08-14,time_exit,-1.39,134.45919799804688,133.00015258789062,11,True,388.92,19339.73
10743,VRTX,2025-07-31,2025-08-14,time_exit,-14.87,456.8699951171875,390.2999877929688,11,True,388.92,19281.9
10744,MU,2025-07-31,2025-08-14,time_exit,14.5,108.96510314941406,125.08922576904295,11,True,388.92,19338.3
10745,AMGN,2025-08-01,2025-08-15,time_exit,-0.44,286.5422668457031,286.14654541015625,11,True,389.8,19336.58
10746,PFE,2025-08-01,2025-08-15,time_exit,6.72,21.950557708740234,23.49242210388184,11,True,389.8,19362.78
10747,JPM,2025-08-01,2025-08-15,time_exit,0.09,283.93804931640625,285.0370178222656,11,True,389.8,19363.13
10748,MNST,2025-08-01,2025-08-15,time_exit,9.22,59.02000045776367,64.63999938964844,11,True,389.8,19399.07
10749,MS,2025-08-01,2025-08-15,time_exit,3.68,136.00680541992188,141.42401123046875,11,True,389.8,19413.41
10750,TSLA,2025-08-01,2025-08-15,time_exit,8.93,302.6300048828125,330.5599975585937,11,True,389.8,19448.22
10751,SCHW,2025-08-01,2025-08-15,time_exit,0.59,94.05909729003906,94.8970947265625,11,True,389.8,19450.52
10752,UBER,2025-08-01,2025-08-15,time_exit,6.25,86.91000366210938,92.5999984741211,11,True,389.8,19474.88
10753,PH,2025-08-01,2025-08-15,time_exit,2.2,704.5752563476562,722.2161865234375,11,True,389.8,19483.46
10754,BLK,2025-08-01,2025-08-15,time_exit,3.66,1069.3929443359375,1111.7159423828125,11,True,389.8,19497.73
10755,LIN,2025-08-01,2025-08-15,time_exit,4.2,453.3080139160156,473.7034606933594,11,True,389.8,19514.1
10756,MDT,2025-08-01,2025-08-15,time_exit,3.82,86.526611328125,90.09072875976562,11,True,389.8,19528.99
10757,KKR,2025-08-01,2025-08-15,time_exit,-0.36,141.340576171875,141.2560272216797,11,True,389.8,19527.58
10758,BRK-B,2025-08-01,2025-08-15,time_exit,0.62,472.8399963378906,477.2000122070313,11,True,389.8,19530.0
10759,HOOD,2025-08-01,2025-08-15,time_exit,13.98,99.9000015258789,114.16999816894533,11,True,389.8,19584.5
10763,WFC,2025-08-04,2025-08-18,time_exit,0.11,75.48091888427734,75.7873306274414,11,True,389.53,19584.92
10765,XOM,2025-08-05,2025-08-19,time_exit,0.8,103.25857543945312,104.39436340332033,11,True,389.53,19588.04
10766,BAC,2025-08-05,2025-08-19,time_exit,5.23,44.58870315551758,47.05498123168945,11,True,389.53,19608.41
10769,ADI,2025-08-06,2025-08-20,time_exit,10.66,217.10528564453125,240.8925323486328,11,True,389.9,19649.98
10770,ADP,2025-08-06,2025-08-20,time_exit,2.15,293.484130859375,300.6743469238281,11,True,389.9,19658.36
10771,V,2025-08-06,2025-08-20,time_exit,1.11,336.45245361328125,341.20123291015625,11,True,389.9,19662.69
10772,DELL,2025-08-06,2025-08-20,time_exit,-0.03,126.52765655517578,126.86337280273438,11,True,389.9,19662.57
10775,RTX,2025-08-07,2025-08-21,time_exit,0.5,152.80889892578125,154.03372192382812,11,True,389.61,19664.52
10776,GILD,2025-08-07,2025-08-21,time_exit,5.01,107.48007202148438,113.19129180908205,11,True,389.61,19684.04
10781,CMCSA,2025-08-08,2025-08-22,time_exit,7.53,28.30990600585937,30.526784896850582,11,True,389.36,19713.36
10782,PSX,2025-08-08,2025-08-22,time_exit,9.85,114.5734634399414,126.2028579711914,11,True,389.36,19751.71
10783,SLB,2025-08-11,2025-08-25,time_exit,9.83,31.50931930541992,34.702110290527344,11,True,388.5,19789.9
10784,PLD,2025-08-12,2025-08-26,time_exit,5.94,101.52110290527344,107.85588836669922,11,True,387.49,19812.91
10785,CRM,2025-08-12,2025-08-26,time_exit,4.91,229.7157287597656,241.69435119628903,11,True,387.49,19831.94
10786,MCK,2025-08-12,2025-08-26,time_exit,2.96,655.6417846679688,677.0418090820312,11,True,387.49,19843.41
10787,WMB,2025-08-12,2025-08-26,time_exit,-1.39,55.98411560058594,55.37348937988281,11,True,387.49,19838.02
10788,ICE,2025-08-12,2025-08-26,time_exit,-2.49,180.4335784912109,176.48406982421875,11,True,387.49,19828.37
10789,CDNS,2025-08-12,2025-08-26,time_exit,-3.01,353.6099853515625,344.0299987792969,11,True,387.49,19816.71
10790,INTU,2025-08-12,2025-08-26,time_exit,-7.86,705.5537109375,652.2129516601562,11,True,387.49,19786.25
10791,ACN,2025-08-12,2025-08-26,time_exit,7.08,233.0672912597656,250.2629547119141,11,True,387.49,19813.69
10792,CME,2025-08-13,2025-08-27,time_exit,-1.69,263.66229248046875,260.0046081542969,11,True,387.37,19807.14
10793,WELL,2025-08-13,2025-08-27,time_exit,2.59,160.67446899414062,165.31614685058594,11,True,387.37,19817.18
10794,ETN,2025-08-13,2025-08-27,time_exit,-2.0,353.5481872558594,347.5253601074219,11,True,387.37,19809.43
10795,VRT,2025-08-13,2025-08-27,time_exit,-6.19,137.24879455566406,129.16770935058594,11,True,387.37,19785.45
10796,JCI,2025-08-18,2025-09-02,time_exit,-0.06,105.0943374633789,105.34288024902344,11,True,391.7,19785.21
10797,CSCO,2025-08-18,2025-09-02,time_exit,0.97,65.59182739257812,66.42459106445312,11,True,391.7,19789.01
10798,CAT,2025-08-18,2025-09-02,time_exit,0.53,408.958740234375,412.3382873535156,11,True,391.7,19791.09
10799,META,2025-08-18,2025-09-02,time_exit,-4.5,764.8631591796875,732.70849609375,11,True,391.7,19773.46
10800,GE,2025-08-19,2025-09-03,time_exit,3.46,264.5863342285156,274.5357666015625,11,True,392.17,19787.03
10801,AMAT,2025-08-19,2025-09-03,time_exit,-3.7,160.8666534423828,155.39053344726562,11,True,392.17,19772.52
10802,MDT,2025-08-19,2025-09-03,time_exit,2.31,87.06898498535156,89.34497833251953,11,True,392.17,19781.58
10803,HWM,2025-08-20,2025-09-04,time_exit,4.11,171.58277893066406,179.15701293945312,11,True,393.25,19797.74
10804,APH,2025-08-20,2025-09-04,time_exit,3.47,107.91442108154295,111.98666381835938,11,True,393.25,19811.39
10805,ORCL,2025-08-20,2025-09-04,time_exit,-5.43,232.4110412597656,220.4869842529297,11,True,393.25,19790.04
10806,GS,2025-08-20,2025-09-04,time_exit,4.17,703.0154418945312,734.4544677734375,11,True,393.25,19806.44
10807,BNY,2025-08-20,2025-09-04,time_exit,3.96,99.51605987548828,103.75225067138672,11,True,393.25,19822.01
10808,CRWD,2025-08-20,2025-09-04,time_exit,-1.9,104.7925033569336,103.11499786376952,11,True,393.25,19814.54
10809,DASH,2025-08-20,2025-09-04,time_exit,1.73,243.82000732421875,248.77999877929688,11,True,393.25,19821.34
10810,HOOD,2025-08-20,2025-09-04,time_exit,-2.61,105.33999633789062,102.91000366210938,11,True,393.25,19811.08
10811,TT,2025-08-20,2025-09-04,time_exit,-3.38,423.3459167480469,410.28704833984375,11,True,393.25,19797.78
10812,KLAC,2025-08-20,2025-09-04,time_exit,-0.89,87.3726577758789,86.86042022705078,11,True,393.25,19794.28
10813,BA,2025-08-20,2025-09-04,time_exit,1.97,225.6199951171875,230.75,11,True,393.25,19802.03
10814,C,2025-08-20,2025-09-04,time_exit,3.9,91.2398452758789,95.06884002685548,11,True,393.25,19817.37
10815,SCHW,2025-08-20,2025-09-04,time_exit,1.92,94.30467224121094,96.39791107177734,11,True,393.25,19824.92
10816,WDC,2025-08-20,2025-09-04,time_exit,19.47,75.4355697631836,90.3504867553711,11,True,393.25,19901.48
10817,LRCX,2025-08-21,2025-09-05,time_exit,4.31,97.86834716796876,102.38335418701172,11,True,393.68,19918.45
10818,MSFT,2025-08-21,2025-09-05,time_exit,-2.13,500.1251220703125,490.9605407714844,11,True,393.68,19910.07
10819,ISRG,2025-08-21,2025-09-05,time_exit,-0.94,469.8800048828125,466.8599853515625,11,True,393.68,19906.37
10820,MCO,2025-08-21,2025-09-05,time_exit,-2.35,505.0890502929688,494.7388000488281,11,True,393.68,19897.11
10821,GILD,2025-08-22,2025-09-08,time_exit,0.67,111.85606384277344,112.93788146972656,11,True,395.03,19899.76
10822,MNST,2025-08-22,2025-09-08,time_exit,-0.01,62.84000015258789,63.02000045776367,11,True,395.03,19899.72
10823,KO,2025-08-26,2025-09-10,time_exit,-1.62,66.83712005615234,65.95218658447266,11,True,396.27,19893.3
10824,SO,2025-08-26,2025-09-10,time_exit,-1.94,90.11444091796876,88.63335418701172,11,True,396.27,19885.61
10825,SBUX,2025-08-26,2025-09-10,time_exit,-4.63,84.47429656982422,80.81761932373047,11,True,396.27,19867.27
10826,COST,2025-08-26,2025-09-10,time_exit,1.29,935.879638671875,950.7427978515624,11,True,396.27,19872.38
10827,SPGI,2025-08-26,2025-09-10,time_exit,-2.55,517.9295043945312,506.2734375,11,True,396.27,19862.27
10828,CSX,2025-08-26,2025-09-10,time_exit,-1.02,31.871320724487305,31.643253326416016,11,True,396.27,19858.23
10829,DHR,2025-08-27,2025-09-11,time_exit,-5.1,203.49871826171875,193.7307586669922,11,True,395.71,19838.05
10830,AMGN,2025-08-28,2025-09-12,time_exit,-3.53,277.9009094238281,268.9298400878906,11,True,395.71,19824.08
10831,ICE,2025-08-28,2025-09-12,time_exit,-2.09,174.90426635742188,171.77427673339844,11,True,395.71,19815.81
10832,PM,2025-08-28,2025-09-12,time_exit,-0.09,159.97625732421875,160.30435180664062,11,True,395.71,19815.46
10833,MRSH,2025-08-28,2025-09-12,time_exit,-2.0,202.28778076171875,198.84835815429688,11,True,395.71,19807.54
10834,PFE,2025-08-29,2025-09-15,time_exit,-3.49,23.137327194213867,22.399099349975582,11,True,395.71,19793.73
10835,CME,2025-08-29,2025-09-15,time_exit,-2.72,256.52978515625,250.32904052734372,11,True,395.71,19782.97
10836,MRVL,2025-09-02,2025-09-16,time_exit,6.29,64.4626693725586,68.7136001586914,11,True,395.47,19807.84
10837,AMD,2025-09-02,2025-09-16,time_exit,-1.45,162.32000732421875,160.4600067138672,11,True,395.47,19802.11
10838,BLK,2025-09-02,2025-09-16,time_exit,0.54,1091.891357421875,1101.100830078125,11,True,395.47,19804.24
10839,VRT,2025-09-02,2025-09-16,time_exit,9.92,123.87355041503906,136.53811645507812,11,True,395.47,19843.47
10840,KKR,2025-09-02,2025-09-16,time_exit,3.77,137.7415008544922,143.34092712402344,11,True,395.47,19858.38
10841,NVDA,2025-09-02,2025-09-16,time_exit,2.11,170.55284118652344,174.65724182128906,11,True,395.47,19866.73
10842,DE,2025-09-02,2025-09-16,time_exit,-1.99,470.8815612792969,462.9015502929688,11,True,395.47,19858.86
10843,NEE,2025-09-02,2025-09-16,time_exit,-4.18,70.62043762207031,67.87921905517578,11,True,395.47,19842.33
10844,NFLX,2025-09-02,2025-09-16,time_exit,-1.42,121.41100311279295,120.0510025024414,11,True,395.47,19836.71
10845,FTNT,2025-09-02,2025-09-16,time_exit,3.4,76.93000030517578,79.77999877929688,11,True,395.47,19850.16
10846,PWR,2025-09-02,2025-09-16,time_exit,0.65,374.3611755371094,377.9181823730469,11,True,395.47,19852.73
10847,DELL,2025-09-02,2025-09-16,time_exit,5.26,119.43799591064452,126.07344818115234,11,True,395.47,19873.53
10848,IBM,2025-09-02,2025-09-16,time_exit,6.33,235.3808135986328,250.99490356445312,11,True,395.47,19898.56
10849,TMO,2025-09-02,2025-09-16,time_exit,-1.6,485.7590942382813,479.4237365722656,11,True,395.47,19892.24
10851,MMM,2025-09-03,2025-09-17,time_exit,1.78,149.2449951171875,152.34771728515625,11,True,395.63,19899.28
10852,WM,2025-09-03,2025-09-17,time_exit,-3.84,220.8700408935547,213.0552215576172,11,True,395.63,19884.09
10853,TXN,2025-09-03,2025-09-17,time_exit,-8.19,190.7988739013672,175.74862670898438,11,True,395.63,19851.68
10857,ACN,2025-09-04,2025-09-18,time_exit,-5.59,247.83303833007807,234.71337890625,11,True,398.03,19829.43
10858,BMY,2025-09-04,2025-09-18,time_exit,-2.63,44.55158615112305,43.51150894165039,11,True,398.03,19818.97
10859,ABNB,2025-09-04,2025-09-18,time_exit,-0.22,125.37000274658205,125.47000122070312,11,True,398.03,19818.09
10860,UBER,2025-09-04,2025-09-18,time_exit,2.66,91.9800033569336,94.6999969482422,11,True,398.03,19828.68
10861,CRM,2025-09-04,2025-09-18,time_exit,-0.02,241.9620819091797,242.651611328125,11,True,398.03,19828.6
10862,REGN,2025-09-04,2025-09-18,time_exit,5.25,564.326171875,595.6556396484375,11,True,398.03,19849.49
10863,BKNG,2025-09-04,2025-09-18,time_exit,-2.69,221.56076049804688,216.2611846923828,11,True,398.03,19838.79
10864,ADBE,2025-09-04,2025-09-18,time_exit,6.42,344.3099975585937,367.4599914550781,11,True,398.03,19864.34
10865,LIN,2025-09-05,2025-09-19,time_exit,1.72,464.7614440917969,474.1552734375,11,True,397.94,19871.19
10866,MA,2025-09-05,2025-09-19,time_exit,-0.31,580.6019287109375,580.5422973632812,11,True,397.94,19869.95
10867,PLTR,2025-09-05,2025-09-19,time_exit,18.82,153.11000061035156,182.38999938964844,11,True,397.94,19944.84
10868,ELV,2025-09-05,2025-09-19,time_exit,0.27,307.1871032714844,308.9322204589844,11,True,397.94,19945.92
10869,RTX,2025-09-05,2025-09-19,time_exit,0.16,155.2161407470703,155.92562866210938,11,True,397.94,19946.56
10870,WMB,2025-09-05,2025-09-19,time_exit,5.68,55.44133758544922,58.75703811645508,11,True,397.94,19969.16
10871,HOOD,2025-09-05,2025-09-19,time_exit,22.94,101.25,124.77999877929688,11,True,397.94,20060.45
10872,PGR,2025-09-05,2025-09-19,time_exit,-0.92,228.9828186035156,227.55555725097656,11,True,397.94,20056.79
10873,MO,2025-09-08,2025-09-22,time_exit,-1.74,61.59217834472656,60.703372955322266,11,True,397.99,20049.86
10874,CVX,2025-09-08,2025-09-22,time_exit,1.03,148.16171264648438,150.13400268554688,11,True,397.99,20053.96
10875,CMCSA,2025-09-08,2025-09-22,time_exit,-7.68,30.392698287963867,28.14900016784668,11,True,397.99,20023.39
10876,CSCO,2025-09-08,2025-09-22,time_exit,1.0,65.52324676513672,66.37560272216797,11,True,397.99,20027.37
10882,JNJ,2025-09-10,2025-09-24,time_exit,0.21,171.91575622558594,172.79591369628906,11,True,397.16,20028.21
10883,MAR,2025-09-10,2025-09-24,time_exit,-0.41,260.2528686523437,259.97515869140625,11,True,397.16,20026.58
10884,INTU,2025-09-10,2025-09-24,time_exit,5.57,648.9693603515625,687.0713500976562,11,True,397.16,20048.7
10885,BA,2025-09-15,2025-09-29,time_exit,0.32,215.75,217.0800018310547,11,True,395.66,20049.97
10886,TT,2025-09-15,2025-09-29,time_exit,2.67,400.5626525878906,412.4469299316406,11,True,395.66,20060.53
10887,MRSH,2025-09-15,2025-09-29,time_exit,0.77,194.12530517578125,196.20266723632807,11,True,395.66,20063.58
10888,ADI,2025-09-15,2025-09-29,time_exit,-0.35,241.884765625,241.7662353515625,11,True,395.66,20062.19
10889,ICE,2025-09-16,2025-09-30,time_exit,-2.0,169.70968627929688,166.8184814453125,11,True,397.84,20054.24
10890,KO,2025-09-16,2025-09-30,time_exit,-0.18,64.90971374511719,64.98809814453125,11,True,397.84,20053.52
10891,VRTX,2025-09-16,2025-09-30,time_exit,-0.23,391.3599853515625,391.6400146484375,11,True,397.84,20052.61
10892,MRK,2025-09-16,2025-09-30,time_exit,3.2,79.24180603027344,82.01707458496094,11,True,397.84,20065.34
10893,V,2025-09-16,2025-09-30,time_exit,0.1,337.3321838378906,338.6714782714844,11,True,397.84,20065.73
10894,ISRG,2025-09-16,2025-09-30,time_exit,2.63,434.5,447.2300109863281,11,True,397.84,20076.2
10895,GILD,2025-09-16,2025-09-30,time_exit,-0.17,108.795654296875,108.93305206298828,11,True,397.84,20075.52
10896,TMUS,2025-09-16,2025-09-30,time_exit,0.44,232.7041015625,234.42770385742188,11,True,397.84,20077.27
10897,SLB,2025-09-17,2025-10-01,time_exit,0.56,34.1359748840332,34.43033218383789,11,True,397.03,20079.5
10898,TMO,2025-09-17,2025-10-01,time_exit,11.99,471.3459777832031,529.27685546875,11,True,397.03,20127.1
10899,WELL,2025-09-17,2025-10-01,time_exit,7.82,163.50283813476562,176.77740478515625,11,True,397.03,20158.15
10900,SYK,2025-09-17,2025-10-01,time_exit,-3.46,373.08148193359375,361.30029296875,11,True,397.03,20144.41
10901,COST,2025-09-18,2025-10-02,time_exit,-4.04,946.8355712890624,911.4520874023438,11,True,397.29,20128.36
10902,DIS,2025-09-18,2025-10-02,time_exit,-2.67,113.22055053710938,110.53937530517578,11,True,397.29,20117.75
10903,CB,2025-09-18,2025-10-02,time_exit,2.28,272.6221008300781,279.6692199707031,11,True,397.29,20126.81
10904,MCD,2025-09-18,2025-10-02,time_exit,-0.72,293.58868408203125,292.3602600097656,11,True,397.29,20123.95
10905,DUK,2025-09-18,2025-10-02,time_exit,0.68,116.30813598632812,117.44812774658205,11,True,397.29,20126.65
10906,SPGI,2025-09-19,2025-10-03,time_exit,-5.69,475.5814208984375,449.9343872070313,11,True,401.14,20103.83
10907,SO,2025-09-19,2025-10-03,time_exit,2.68,88.86567687988281,91.51809692382812,11,True,401.14,20114.58
10908,ACN,2025-09-19,2025-10-03,time_exit,2.04,234.8603363037109,240.36688232421875,11,True,401.14,20122.76
10909,TJX,2025-09-22,2025-10-06,time_exit,2.35,137.7296600341797,141.3850555419922,11,True,400.55,20132.17
10910,BKNG,2025-09-22,2025-10-06,time_exit,-0.98,216.827392578125,215.3469390869141,11,True,400.55,20128.25
10911,HD,2025-09-22,2025-10-06,time_exit,-5.8,403.6064758300781,381.3983154296875,11,True,400.55,20105.02
10912,T,2025-09-23,2025-10-07,time_exit,-9.44,27.493541717529297,24.98197555541992,11,True,400.55,20067.2
10913,VZ,2025-09-23,2025-10-07,time_exit,-4.8,40.5781478881836,38.75283432006836,11,True,400.55,20047.98
10914,MCO,2025-09-23,2025-10-07,time_exit,2.14,472.68011474609375,484.22991943359375,11,True,400.55,20056.55
10915,AMZN,2025-09-24,2025-10-08,time_exit,1.98,220.2100067138672,225.22000122070312,11,True,400.97,20064.49
10916,MA,2025-09-24,2025-10-08,time_exit,1.04,565.287353515625,572.8701171875,11,True,400.97,20068.66
10917,LOW,2025-09-24,2025-10-08,time_exit,-7.97,252.14993286132807,232.80731201171875,11,True,400.97,20036.7
10918,AVGO,2025-09-24,2025-10-08,time_exit,1.52,337.4190673828125,343.57452392578125,11,True,400.97,20042.8
10919,PGR,2025-09-24,2025-10-08,time_exit,1.02,225.3583068847656,228.3242645263672,11,True,400.97,20046.89
10920,PEP,2025-09-25,2025-10-09,time_exit,3.12,135.90780639648438,140.5604705810547,11,True,400.97,20059.4
10921,COF,2025-09-25,2025-10-09,time_exit,-5.57,219.05523681640625,207.51461791992188,11,True,400.97,20037.06
10922,LIN,2025-09-25,2025-10-09,time_exit,-3.6,468.978271484375,453.51654052734375,11,True,400.97,20022.63
10923,MAR,2025-09-25,2025-10-09,time_exit,1.71,258.74542236328125,263.9421691894531,11,True,400.97,20029.48
10924,META,2025-09-26,2025-10-10,time_exit,-5.47,741.8206176757812,703.4703979492188,11,True,400.97,20007.55
10925,AMGN,2025-09-26,2025-10-10,time_exit,5.98,265.61187744140625,282.2989807128906,11,True,400.97,20031.53
10926,KKR,2025-09-29,2025-10-13,time_exit,-10.74,133.5121612548828,119.57321166992188,11,True,401.24,19988.44
10927,PNC,2025-09-30,2025-10-14,time_exit,-5.01,194.52882385253903,185.37155151367188,11,True,401.55,19968.32
10928,USB,2025-09-30,2025-10-14,time_exit,-2.87,46.976016998291016,45.77075958251953,11,True,401.55,19956.79
10929,CRM,2025-09-30,2025-10-14,time_exit,0.87,235.42015075683597,238.1716766357422,11,True,401.55,19960.29
10930,ORCL,2025-09-30,2025-10-14,time_exit,6.2,278.0706481933594,296.1435241699219,11,True,401.55,19985.18
10931,NFLX,2025-09-30,2025-10-14,time_exit,1.07,119.89199829101562,121.53500366210938,11,True,401.55,19989.48
10932,CVX,2025-09-30,2025-10-14,time_exit,-2.17,149.40280151367188,146.61276245117188,11,True,401.55,19980.77
10933,C,2025-09-30,2025-10-14,time_exit,-1.94,99.3972625732422,97.77165222167967,11,True,401.55,19972.98
10934,NOW,2025-09-30,2025-10-14,time_exit,-1.28,184.05599975585935,182.2519989013672,11,True,401.55,19967.84
10935,CMCSA,2025-09-30,2025-10-14,time_exit,-3.84,28.086429595947266,27.09269905090332,11,True,401.55,19952.42
10936,GOOGL,2025-09-30,2025-10-14,time_exit,0.67,242.6252899169922,244.9706878662109,11,True,401.55,19955.11
10937,GOOG,2025-09-30,2025-10-14,time_exit,0.78,243.07357788085935,245.7084197998047,11,True,401.55,19958.24
10938,JPM,2025-10-01,2025-10-15,time_exit,-1.44,304.8774719238281,301.4100036621094,11,True,402.89,19952.44
10939,MDT,2025-10-01,2025-10-15,time_exit,0.26,92.52096557617188,93.03815460205078,11,True,402.89,19953.49
10940,XOM,2025-10-01,2025-10-15,time_exit,-0.64,108.8356475830078,108.4663543701172,11,True,402.89,19950.91
10941,WMT,2025-10-01,2025-10-15,time_exit,6.63,101.10870361328124,108.1196746826172,11,True,402.89,19977.62
10942,GILD,2025-10-01,2025-10-15,time_exit,6.13,109.08026123046876,116.09711456298828,11,True,402.89,20002.32
10943,PM,2025-10-01,2025-10-15,time_exit,-1.32,155.23785400390625,153.64756774902344,11,True,402.89,19997.0
10944,ABT,2025-10-01,2025-10-15,time_exit,-2.88,130.4547119140625,127.0881576538086,11,True,402.89,19985.39
10945,MS,2025-10-01,2025-10-15,time_exit,3.37,153.41224670410156,159.0445556640625,11,True,402.89,19998.97
10946,EQIX,2025-10-01,2025-10-15,time_exit,5.94,757.735107421875,805.0133666992188,11,True,402.89,20022.9
10947,ABNB,2025-10-02,2025-10-16,time_exit,0.85,121.48999786376952,122.88999938964844,11,True,402.53,20026.32
10948,CDNS,2025-10-02,2025-10-16,time_exit,-6.92,347.239990234375,324.25,11,True,402.53,19998.47
10949,AXP,2025-10-02,2025-10-16,time_exit,-2.28,326.98248291015625,320.5104064941406,11,True,402.53,19989.29
10950,BNY,2025-10-03,2025-10-17,time_exit,-0.88,104.7744369506836,104.1650619506836,11,True,402.46,19985.75
10951,TSLA,2025-10-03,2025-10-17,time_exit,1.91,429.8299865722656,439.30999755859375,11,True,402.46,19993.44
10952,ICE,2025-10-03,2025-10-17,time_exit,-5.85,161.0162811279297,152.08523559570312,11,True,402.46,19969.89
10953,TMUS,2025-10-03,2025-10-17,time_exit,-0.71,225.5061798095703,224.5856170654297,11,True,402.46,19967.04
10954,SPGI,2025-10-06,2025-10-20,time_exit,-0.46,448.5652770996094,447.85260009765625,11,True,402.1,19965.19
10955,HWM,2025-10-06,2025-10-20,time_exit,0.77,190.08425903320312,192.12001037597656,11,True,402.1,19968.28
10956,WFC,2025-10-06,2025-10-20,time_exit,6.31,78.96797943115234,84.18421173095703,11,True,402.1,19993.66
10957,INTU,2025-10-06,2025-10-20,time_exit,-0.91,662.6458740234375,658.5863037109375,11,True,402.1,19990.0
10958,BX,2025-10-06,2025-10-20,time_exit,-4.16,160.38401794433594,154.1854705810547,11,True,402.1,19973.27
10959,CME,2025-10-06,2025-10-20,time_exit,1.83,253.44329833984372,258.8303527832031,11,True,402.1,19980.63
10960,BAC,2025-10-06,2025-10-20,time_exit,2.97,49.59003448486328,51.21384048461914,11,True,402.1,19992.57
10961,VLO,2025-10-07,2025-10-21,time_exit,-3.66,159.78228759765625,154.41607666015625,11,True,401.13,19977.89
10962,HD,2025-10-07,2025-10-21,time_exit,0.76,378.9296569824219,382.9363403320313,11,True,401.13,19980.94
10963,PSX,2025-10-07,2025-10-21,time_exit,-3.15,128.56295776367188,124.9013900756836,11,True,401.13,19968.3
10966,TXN,2025-10-08,2025-10-22,time_exit,-6.3,177.01580810546875,166.4007110595703,11,True,400.94,19943.04
10967,QCOM,2025-10-08,2025-10-22,time_exit,0.59,165.241943359375,166.71934509277344,11,True,400.94,19945.41
10968,KLAC,2025-10-09,2025-10-23,time_exit,9.72,104.78174591064452,115.2781219482422,11,True,400.59,19984.34
10969,MMM,2025-10-09,2025-10-23,time_exit,11.94,150.1090545654297,168.48976135253906,11,True,400.59,20032.18
10970,GS,2025-10-09,2025-10-23,time_exit,-4.04,764.9154052734375,736.2982788085938,11,True,400.59,20015.99
10971,PH,2025-10-09,2025-10-23,time_exit,3.42,732.6397094726562,759.8729858398438,11,True,400.59,20029.69
10972,BKNG,2025-10-09,2025-10-23,time_exit,-2.2,206.2902374267578,202.37814331054688,11,True,400.59,20020.88
10973,TJX,2025-10-10,2025-10-24,time_exit,0.79,138.68797302246094,140.1995391845703,11,True,400.63,20024.04
10974,HCA,2025-10-10,2025-10-24,time_exit,7.38,413.0798950195313,444.8216247558594,11,True,400.63,20053.61
10975,ADP,2025-10-10,2025-10-24,time_exit,-1.79,278.9201354980469,274.7635803222656,11,True,400.63,20046.44
10976,PGR,2025-10-10,2025-10-24,time_exit,-9.01,225.4497833251953,205.80746459960935,11,True,400.63,20010.34
10980,T,2025-10-13,2025-10-27,time_exit,-0.53,24.70073699951172,24.642824172973636,11,True,399.77,20008.22
10992,JCI,2025-10-14,2025-10-28,time_exit,3.74,107.22187042236328,111.55648040771484,11,True,399.16,20023.15
10993,IBM,2025-10-14,2025-10-28,time_exit,12.89,269.1528625488281,304.65008544921875,11,True,399.16,20074.6
10994,BMY,2025-10-14,2025-10-28,time_exit,-2.54,42.36837768554688,41.42040252685547,11,True,399.16,20064.47
10995,DE,2025-10-14,2025-10-28,time_exit,4.22,443.9532775878906,464.0126647949219,11,True,399.16,20081.31
10996,ISRG,2025-10-14,2025-10-28,time_exit,24.68,436.3900146484375,545.3900146484375,11,True,399.16,20179.82
10997,APH,2025-10-14,2025-10-28,time_exit,11.65,121.97850036621094,136.54946899414062,11,True,399.16,20226.33
10998,UBER,2025-10-14,2025-10-28,time_exit,0.95,94.25,95.43000030517578,11,True,399.16,20230.12
10999,CSCO,2025-10-14,2025-10-28,time_exit,5.47,67.6733169555664,71.576416015625,11,True,399.16,20251.95
11000,ACN,2025-10-14,2025-10-28,time_exit,3.45,239.2694854736328,248.2347412109375,11,True,399.16,20265.72
11001,MSFT,2025-10-14,2025-10-28,time_exit,5.25,509.37896728515625,537.6463623046875,11,True,399.16,20286.68
11002,TT,2025-10-14,2025-10-28,time_exit,0.25,422.0618896484375,424.3710632324219,11,True,399.16,20287.68
11005,LMT,2025-10-15,2025-10-29,time_exit,-3.12,486.83056640625,473.105224609375,11,True,400.46,20275.18
11006,PNC,2025-10-15,2025-10-29,time_exit,-1.02,178.15130615234375,176.86163330078125,11,True,400.46,20271.1
11007,NVDA,2025-10-15,2025-10-29,time_exit,14.83,179.60093688964844,206.7762756347656,11,True,400.46,20330.49
11008,ABBV,2025-10-15,2025-10-29,time_exit,-0.78,220.99493408203125,219.9398956298828,11,True,400.46,20327.36
11009,COF,2025-10-16,2025-10-30,time_exit,7.2,200.04075622558597,215.0376739501953,11,True,399.79,20356.15
11010,MPC,2025-10-16,2025-10-30,time_exit,7.69,178.1739501953125,192.4160919189453,11,True,399.79,20386.89
11011,WM,2025-10-16,2025-10-30,time_exit,-6.26,210.71383666992188,198.14749145507807,11,True,399.79,20361.87
11012,BA,2025-10-16,2025-10-30,time_exit,-5.87,211.88999938964844,200.0800018310547,11,True,399.79,20338.4
11013,PFE,2025-10-16,2025-10-30,time_exit,-0.05,22.642059326171875,22.698129653930664,11,True,399.79,20338.2
11014,CRWD,2025-10-16,2025-10-30,time_exit,11.41,120.55750274658205,134.6699981689453,11,True,399.79,20383.81
11015,MCO,2025-10-16,2025-10-30,time_exit,1.92,464.5307922363281,474.8512878417969,11,True,399.79,20391.49
11016,DIS,2025-10-16,2025-10-30,time_exit,1.48,108.3116226196289,110.24365234375,11,True,399.79,20397.41
11018,JPM,2025-10-17,2025-10-31,time_exit,4.26,293.3938293457031,306.76397705078125,11,True,399.34,20414.42
11019,UNH,2025-10-17,2025-10-31,time_exit,-4.52,349.4897766113281,334.7496337890625,11,True,399.34,20396.37
11020,STX,2025-10-20,2025-11-03,time_exit,23.56,213.31451416015625,264.2055358886719,11,True,399.85,20490.57
11021,ELV,2025-10-21,2025-11-04,time_exit,-9.77,344.4233703613281,311.79791259765625,11,True,399.37,20451.55
11022,TMUS,2025-10-22,2025-11-05,time_exit,-10.26,222.69552612304688,200.50433349609372,11,True,398.91,20410.63
11023,VZ,2025-10-22,2025-11-05,time_exit,-0.58,37.89554977416992,37.79081344604492,11,True,398.91,20408.31
11024,PLTR,2025-10-22,2025-11-05,time_exit,6.77,175.49000549316406,187.8999938964844,11,True,398.91,20435.32
11025,BLK,2025-10-22,2025-11-05,time_exit,-5.27,1111.7193603515625,1056.5013427734375,11,True,398.91,20414.3
11026,FCX,2025-10-22,2025-11-05,time_exit,-1.7,40.49098205566406,39.92502212524414,11,True,398.91,20407.52
11027,HOOD,2025-10-22,2025-11-05,time_exit,11.69,127.22000122070312,142.47999572753906,11,True,398.91,20454.15
11028,ORCL,2025-10-22,2025-11-05,time_exit,-8.5,270.05517578125,247.91868591308597,11,True,398.91,20420.24
11029,NEM,2025-10-22,2025-11-05,time_exit,-6.48,86.38093566894531,81.03982543945312,11,True,398.91,20394.39
11030,BX,2025-10-23,2025-11-06,time_exit,-6.93,148.9383087158203,139.06192016601562,11,True,400.42,20366.64
11031,MDT,2025-10-23,2025-11-06,time_exit,-4.71,91.9354476928711,87.8856430053711,11,True,400.42,20347.78
11032,DASH,2025-10-23,2025-11-06,time_exit,-23.13,254.58999633789065,196.4600067138672,11,True,400.42,20255.17
11033,NFLX,2025-10-23,2025-11-06,time_exit,-1.79,111.35900115966795,109.7020034790039,11,True,400.42,20248.0
11034,ABT,2025-10-24,2025-11-07,time_exit,-0.69,124.53558349609376,124.05452728271484,11,True,400.21,20245.24
11035,AMGN,2025-10-27,2025-11-10,time_exit,10.86,283.3011779785156,314.9239196777344,11,True,400.16,20288.7
11036,ADP,2025-10-28,2025-11-11,time_exit,-9.04,273.4823913574219,249.5894775390625,11,True,405.75,20252.02
11037,WMB,2025-10-28,2025-11-11,time_exit,4.93,56.293758392333984,59.23600387573242,11,True,405.75,20272.02
11038,CMCSA,2025-10-28,2025-11-11,time_exit,-6.55,26.451292037963867,24.798084259033203,11,True,405.75,20245.44
11039,COST,2025-10-28,2025-11-11,time_exit,-1.27,918.7992553710938,909.8443603515624,11,True,405.75,20240.29
11040,ADI,2025-10-29,2025-11-12,time_exit,2.42,232.13665771484372,238.4576110839844,11,True,406.55,20250.13
11041,UNP,2025-10-29,2025-11-12,time_exit,3.02,211.9039306640625,218.9357452392578,11,True,406.55,20262.4
11042,GILD,2025-10-29,2025-11-12,time_exit,3.84,116.29338836669922,121.1021499633789,11,True,406.55,20278.02
11043,SO,2025-10-29,2025-11-12,time_exit,-2.03,90.52101135253906,88.95279693603516,11,True,406.55,20269.76
11044,MA,2025-10-30,2025-11-13,time_exit,0.04,550.9774780273438,552.8583374023438,11,True,407.95,20269.93
11045,PGR,2025-10-30,2025-11-13,time_exit,7.52,194.42225646972656,209.62130737304688,11,True,407.95,20300.6
11046,WMT,2025-10-30,2025-11-13,time_exit,0.0,101.37645721435548,101.68387603759766,11,True,407.95,20300.6
11047,SBUX,2025-10-30,2025-11-13,time_exit,3.66,81.08090209960938,84.2890396118164,11,True,407.95,20315.54
11048,MNST,2025-10-30,2025-11-13,time_exit,6.47,66.56999969482422,71.08000183105469,11,True,407.95,20341.93
11049,MCD,2025-10-30,2025-11-13,time_exit,1.4,294.8463439941406,299.8671875,11,True,407.95,20347.64
11050,NEE,2025-10-31,2025-11-14,time_exit,2.75,79.1259994506836,81.5367202758789,11,True,407.93,20358.86
11051,DUK,2025-10-31,2025-11-14,time_exit,-0.72,120.08557891845705,119.57992553710938,11,True,407.93,20355.92
11052,MAR,2025-10-31,2025-11-14,time_exit,9.35,258.42803955078125,283.3604431152344,11,True,407.93,20394.06
11053,BA,2025-10-31,2025-11-14,time_exit,-3.53,201.0200042724609,194.5200042724609,11,True,407.93,20379.66
11054,ICE,2025-10-31,2025-11-14,time_exit,3.65,144.84732055664062,150.57032775878906,11,True,407.93,20394.55
11055,TXN,2025-10-31,2025-11-14,time_exit,-1.62,158.7889862060547,156.6942138671875,11,True,407.93,20387.94
11056,LOW,2025-10-31,2025-11-14,time_exit,-4.62,234.48367309570312,224.361083984375,11,True,407.93,20369.1
11057,KKR,2025-10-31,2025-11-14,time_exit,1.04,117.4783935546875,119.05694580078124,11,True,407.93,20373.34
11058,HD,2025-10-31,2025-11-14,time_exit,-4.84,371.8567810058594,354.977783203125,11,True,407.93,20353.6
11059,TJX,2025-11-03,2025-11-17,time_exit,3.4,138.71762084960938,143.84420776367188,11,True,409.81,20367.53
11060,PM,2025-11-03,2025-11-17,time_exit,5.34,140.857421875,148.8061981201172,11,True,409.81,20389.41
11061,NOW,2025-11-03,2025-11-17,time_exit,-8.84,182.76800537109372,167.1580047607422,11,True,409.81,20353.19
11062,DE,2025-11-03,2025-11-17,time_exit,2.74,457.8184509277344,471.7331848144531,11,True,409.81,20364.42
11063,ADBE,2025-11-03,2025-11-17,time_exit,-3.97,337.4700012207031,325.07000732421875,11,True,409.81,20348.15
11064,ABNB,2025-11-03,2025-11-17,time_exit,-7.56,126.8000030517578,117.5999984741211,11,True,409.81,20317.16
11065,SCHW,2025-11-03,2025-11-17,time_exit,-1.35,91.97444915771484,91.00778198242188,11,True,409.81,20311.63
11066,SYK,2025-11-03,2025-11-17,time_exit,0.25,355.3572082519531,357.3117980957031,11,True,409.81,20312.66
11067,T,2025-11-03,2025-11-17,time_exit,3.53,23.67757225036621,24.584909439086918,11,True,409.81,20327.12
11068,MRSH,2025-11-03,2025-11-17,time_exit,1.81,174.34683227539062,178.02806091308594,11,True,409.81,20334.54
11069,BRK-B,2025-11-03,2025-11-17,time_exit,5.5,475.6799926757813,503.260009765625,11,True,409.81,20357.08
11070,KO,2025-11-03,2025-11-17,time_exit,3.69,66.60497283935547,69.26054382324219,11,True,409.81,20372.2
11073,MSFT,2025-11-04,2025-11-18,time_exit,-4.29,510.1327819824219,489.7604064941406,11,True,409.03,20354.65
11084,PEP,2025-11-05,2025-11-19,time_exit,2.67,138.7635040283203,142.8916473388672,11,True,407.89,20365.55
11085,UNH,2025-11-05,2025-11-19,time_exit,-5.99,321.2052001953125,302.92706298828125,11,True,407.89,20341.11
11086,INTU,2025-11-06,2025-11-20,time_exit,-2.78,647.5598754882812,631.5105590820312,11,True,404.96,20329.85
11087,BKNG,2025-11-06,2025-11-20,time_exit,-6.75,194.6532745361328,182.0996856689453,11,True,404.96,20302.52
11088,DELL,2025-11-06,2025-11-20,time_exit,-21.6,147.8277587890625,116.3358383178711,11,True,404.96,20215.05
11089,DIS,2025-11-06,2025-11-20,time_exit,-7.35,108.91291809082033,101.2341079711914,11,True,404.96,20185.28
11090,PG,2025-11-06,2025-11-20,time_exit,1.11,142.9482421875,144.96337890625,11,True,404.96,20189.78
11091,PLTR,2025-11-06,2025-11-20,time_exit,-11.33,175.0500030517578,155.7449951171875,11,True,404.96,20143.9
11092,RTX,2025-11-06,2025-11-20,time_exit,-1.65,172.53903198242188,170.2036895751953,11,True,404.96,20137.22
11093,VRT,2025-11-07,2025-11-21,time_exit,-11.41,179.6527862548828,159.6991424560547,11,True,404.9,20091.02
11094,COF,2025-11-07,2025-11-21,time_exit,-4.51,214.4862365722656,205.4669952392578,11,True,404.9,20072.75
11095,APP,2025-11-07,2025-11-21,time_exit,-16.38,619.9299926757812,520.260009765625,11,True,404.9,20006.43
11109,HCA,2025-11-10,2025-11-24,time_exit,8.79,457.020751953125,498.5536193847656,11,True,405.77,20042.1
11110,ORCL,2025-11-11,2025-11-25,time_exit,-16.87,233.8939666748047,195.14768981933597,11,True,404.81,19973.81
11111,TT,2025-11-12,2025-11-26,time_exit,-0.8,419.7825622558594,417.6824035644531,11,True,405.4,19970.56
11112,CAT,2025-11-13,2025-11-28,time_exit,3.71,550.187744140625,572.262939453125,11,True,406.95,19985.66
11113,MRVL,2025-11-13,2025-11-28,time_exit,1.85,87.39175415039062,89.26899719238281,11,True,406.95,19993.19
11114,LRCX,2025-11-13,2025-11-28,time_exit,1.45,152.7772216796875,155.44772338867188,11,True,406.95,19999.09
11115,AVGO,2025-11-13,2025-11-28,time_exit,18.22,338.0853576660156,400.71435546875,11,True,406.95,20073.24
11116,PANW,2025-11-14,2025-12-01,time_exit,-8.84,205.25,187.72999572753903,11,True,407.07,20037.25
11117,TSLA,2025-11-14,2025-12-01,time_exit,6.08,404.3500061035156,430.1400146484375,11,True,407.07,20062.0
11118,BLK,2025-11-14,2025-12-01,time_exit,-2.0,1041.1197509765625,1023.4060668945312,11,True,407.07,20053.86
11119,BX,2025-11-14,2025-12-01,time_exit,3.17,137.1325225830078,141.8929901123047,11,True,407.07,20066.77
11120,HWM,2025-11-14,2025-12-01,time_exit,-2.54,202.98602294921875,198.44284057617188,11,True,407.07,20056.43
11121,GOOG,2025-11-14,2025-12-01,time_exit,13.47,276.4382019042969,314.5035705566406,11,True,407.07,20111.26
11122,EQIX,2025-11-14,2025-12-01,time_exit,-6.39,769.1116943359375,722.2646484375,11,True,407.07,20085.25
11123,CRWD,2025-11-14,2025-12-01,time_exit,-6.52,134.3874969482422,126.03250122070312,11,True,407.07,20058.71
11124,INTC,2025-11-14,2025-12-01,time_exit,12.34,35.52000045776367,40.0099983215332,11,True,407.07,20108.94
11125,GLW,2025-11-14,2025-12-01,time_exit,0.72,81.62808227539062,82.46365356445312,11,True,407.07,20111.87
11126,WMT,2025-11-14,2025-12-01,time_exit,8.53,101.62437438964844,110.59880828857422,11,True,407.07,20146.59
11127,DASH,2025-11-14,2025-12-01,time_exit,-0.97,206.9600067138672,205.5800018310547,11,True,407.07,20142.64
11128,GOOGL,2025-11-14,2025-12-01,time_exit,13.62,275.8702087402344,314.2751159667969,11,True,407.07,20198.09
11129,AXP,2025-11-14,2025-12-01,time_exit,0.58,354.2953186035156,357.4000549316406,11,True,407.07,20200.45
11130,BA,2025-11-17,2025-12-02,time_exit,6.77,191.80999755859372,205.3800048828125,11,True,407.44,20228.03
11131,AAPL,2025-11-17,2025-12-02,time_exit,6.7,266.73394775390625,285.4131164550781,11,True,407.44,20255.33
11132,SLB,2025-11-17,2025-12-02,time_exit,1.26,35.126983642578125,35.676456451416016,11,True,407.44,20260.47
11133,C,2025-11-17,2025-12-02,time_exit,4.79,96.72916412353516,101.65476989746094,11,True,407.44,20279.98
11134,BNY,2025-11-18,2025-12-03,time_exit,4.9,106.18014526367188,111.70150756835938,11,True,407.09,20299.93
11135,ADP,2025-11-18,2025-12-03,time_exit,3.92,244.20062255859372,254.49908447265625,11,True,407.09,20315.89
11136,PLD,2025-11-18,2025-12-03,time_exit,4.05,120.9845733642578,126.25199127197266,11,True,407.09,20332.37
11137,SCHW,2025-11-18,2025-12-03,time_exit,1.55,91.3741455078125,93.06735229492188,11,True,407.09,20338.68
11138,JPM,2025-11-18,2025-12-03,time_exit,3.95,295.2178955078125,307.75982666015625,11,True,407.09,20354.76
11139,ADBE,2025-11-18,2025-12-03,time_exit,0.41,324.4700012207031,326.7799987792969,11,True,407.09,20356.43
11140,BAC,2025-11-18,2025-12-03,time_exit,4.44,50.8201904296875,53.231292724609375,11,True,407.09,20374.51
11141,USB,2025-11-18,2025-12-03,time_exit,10.61,44.6335334777832,49.503177642822266,11,True,407.09,20417.7
11142,PNC,2025-11-18,2025-12-03,time_exit,9.65,175.94322204589844,193.4515838623047,11,True,407.09,20456.99
11143,APH,2025-11-18,2025-12-03,time_exit,4.39,131.7256317138672,137.90213012695312,11,True,407.09,20474.86
11144,CVS,2025-11-19,2025-12-04,time_exit,-0.04,74.8016128540039,74.9970474243164,11,True,406.82,20474.69
11145,UBER,2025-11-19,2025-12-04,time_exit,1.33,89.52999877929688,90.98999786376952,11,True,406.82,20480.11
11146,MU,2025-11-19,2025-12-04,time_exit,0.02,225.69921875,226.4285125732422,11,True,406.82,20480.19
11147,CVX,2025-11-19,2025-12-04,time_exit,0.07,147.57894897460938,148.12371826171875,11,True,406.82,20480.47
11148,AMZN,2025-11-19,2025-12-04,time_exit,2.58,222.69000244140625,229.1100006103516,11,True,406.82,20490.97
11153,ABT,2025-11-20,2025-12-05,time_exit,0.6,121.70813751220705,122.7978744506836,11,True,402.74,20493.38
11154,CRM,2025-11-20,2025-12-05,time_exit,15.32,223.86767578125,258.8330383300781,11,True,402.74,20555.08
11155,BMY,2025-11-20,2025-12-05,time_exit,13.22,44.43842697143555,50.44544982910156,11,True,402.74,20608.33
11156,STX,2025-11-21,2025-12-08,time_exit,19.88,236.28761291503903,283.9649963378906,11,True,400.13,20687.87
11157,FTNT,2025-11-21,2025-12-08,time_exit,5.62,78.86000061035156,83.52999877929688,11,True,400.13,20710.36
11158,PLTR,2025-11-21,2025-12-08,time_exit,16.9,154.85000610351562,181.4900054931641,11,True,400.13,20777.98
11159,ETN,2025-11-21,2025-12-08,time_exit,3.22,328.9582214355469,340.54132080078125,11,True,400.13,20790.87
11160,MPC,2025-11-21,2025-12-08,time_exit,-0.8,188.432373046875,187.48341369628903,11,True,400.13,20787.66
11161,DELL,2025-11-21,2025-12-08,time_exit,14.31,121.39952087402344,139.1372528076172,11,True,400.13,20844.92
11167,MO,2025-11-24,2025-12-09,time_exit,1.18,54.55595779418945,55.36482620239258,11,True,400.84,20849.65
11171,LMT,2025-11-25,2025-12-10,time_exit,3.92,441.0144348144531,459.6164855957031,11,True,399.48,20865.31
11175,ABBV,2025-11-28,2025-12-12,time_exit,-2.22,222.44076538085935,218.1619415283203,11,True,401.46,20856.4
11176,DE,2025-12-01,2025-12-15,time_exit,3.95,463.9333801269531,483.6558532714844,11,True,404.01,20872.36
11177,MCD,2025-12-02,2025-12-16,time_exit,4.28,294.9385070800781,308.4535827636719,11,True,405.6,20889.72
11178,PG,2025-12-02,2025-12-16,time_exit,-0.75,142.68411254882812,142.04827880859375,11,True,405.6,20886.68
11179,CB,2025-12-02,2025-12-16,time_exit,5.32,292.7198791503906,309.1598815917969,11,True,405.6,20908.25
11180,CMCSA,2025-12-02,2025-12-16,time_exit,9.73,24.40962600708008,26.857816696166992,11,True,405.6,20947.72
11181,HWM,2025-12-03,2025-12-17,time_exit,-1.9,193.9994964599609,190.9041290283203,11,True,409.5,20939.94
11182,RTX,2025-12-03,2025-12-17,time_exit,4.89,166.64231872558594,175.2984161376953,11,True,409.5,20959.96
11183,EQIX,2025-12-04,2025-12-18,time_exit,2.18,715.1826782226562,732.9024658203125,11,True,409.82,20968.9
11184,TMO,2025-12-04,2025-12-18,time_exit,-2.46,573.6649780273438,561.27197265625,11,True,409.82,20958.82
11185,TT,2025-12-05,2025-12-19,time_exit,-3.19,399.5573425292969,388.02142333984375,11,True,412.17,20945.67
11186,LLY,2025-12-05,2025-12-19,time_exit,5.75,1005.4524536132812,1066.28857421875,11,True,412.17,20969.37
11187,PGR,2025-12-08,2025-12-22,time_exit,1.58,209.63072204589844,213.5760803222656,11,True,416.9,20975.95
11188,BRK-B,2025-12-08,2025-12-22,time_exit,0.25,497.2300109863281,499.9500122070313,11,True,416.9,20977.0
11189,CME,2025-12-08,2025-12-22,time_exit,1.19,261.5384216308594,265.44512939453125,11,True,416.9,20981.96
11190,KO,2025-12-08,2025-12-22,time_exit,-0.36,69.32269287109375,69.28321838378906,11,True,416.9,20980.46
11191,CVX,2025-12-08,2025-12-22,time_exit,0.43,144.670166015625,145.73057556152344,11,True,416.9,20982.25
11192,HCA,2025-12-09,2025-12-23,time_exit,-3.12,486.0758361816406,472.3892517089844,11,True,416.99,20969.24
11193,ABT,2025-12-10,2025-12-24,time_exit,1.54,120.31404876708984,122.53279876708984,11,True,417.31,20975.67
11194,WM,2025-12-10,2025-12-24,time_exit,5.54,207.42279052734372,219.53195190429688,11,True,417.31,20998.78
11195,AMGN,2025-12-10,2025-12-24,time_exit,5.59,309.0560913085937,327.2635498046875,11,True,417.31,21022.11
11196,SPGI,2025-12-10,2025-12-24,time_exit,6.71,461.6335144042969,493.9737854003906,11,True,417.31,21050.11
11197,GE,2025-12-10,2025-12-24,time_exit,11.39,282.5118408203125,315.5346374511719,11,True,417.31,21097.64
11198,SBUX,2025-12-10,2025-12-24,time_exit,0.56,82.35416412353516,83.06131744384766,11,True,417.31,21099.98
11199,SYK,2025-12-10,2025-12-24,time_exit,-0.03,351.0312805175781,351.96392822265625,11,True,417.31,21099.86
11200,MDT,2025-12-10,2025-12-24,time_exit,-3.77,98.33706665039062,94.92156982421876,11,True,417.31,21084.12
11201,T,2025-12-10,2025-12-24,time_exit,0.81,23.54243850708008,23.803056716918945,11,True,417.31,21087.5
11202,MAR,2025-12-10,2025-12-24,time_exit,9.53,285.2627258300781,313.2959289550781,11,True,417.31,21127.27
11203,GILD,2025-12-10,2025-12-24,time_exit,3.95,119.08051300048828,124.14444732666016,11,True,417.31,21143.76
11204,ISRG,2025-12-11,2025-12-26,time_exit,5.26,547.3599853515625,577.8099975585938,11,True,417.31,21165.71
11205,GOOG,2025-12-11,2025-12-26,time_exit,0.1,313.2906188964844,314.5489501953125,11,True,417.31,21166.12
11206,VRT,2025-12-11,2025-12-26,time_exit,-6.5,178.58033752441406,167.50527954101562,11,True,417.31,21139.0
11207,GOOGL,2025-12-11,2025-12-26,time_exit,0.05,312.0238647460937,313.1024780273437,11,True,417.31,21139.21
11208,AAPL,2025-12-11,2025-12-26,time_exit,-1.97,277.2752685546875,272.6578369140625,11,True,417.31,21130.99
11209,TMUS,2025-12-11,2025-12-26,time_exit,2.6,192.23670959472656,197.8169403076172,11,True,417.31,21141.84
11210,MPC,2025-12-11,2025-12-26,time_exit,-12.82,184.9626617431641,161.81146240234375,11,True,417.31,21088.34
11211,VLO,2025-12-11,2025-12-26,time_exit,-4.9,169.40237426757812,161.6175994873047,11,True,417.31,21067.89
11212,APH,2025-12-11,2025-12-26,time_exit,-1.3,138.3397674560547,136.95228576660156,11,True,417.31,21062.47
11213,ORCL,2025-12-11,2025-12-26,time_exit,-0.73,196.95030212402344,196.09852600097656,11,True,417.31,21059.42
11214,AMD,2025-12-12,2025-12-29,time_exit,1.99,210.77999877929688,215.6100006103516,11,True,417.13,21067.72
11215,COST,2025-12-12,2025-12-29,time_exit,-2.18,880.5834350585938,864.0265502929688,11,True,417.13,21058.63
11216,WMB,2025-12-12,2025-12-29,time_exit,-0.2,58.87861251831055,58.937747955322266,11,True,417.13,21057.79
11217,HOOD,2025-12-12,2025-12-29,time_exit,-2.03,119.5,117.43000030517578,11,True,417.13,21049.32
11218,ANET,2025-12-15,2025-12-30,time_exit,4.9,125.88999938964844,132.44000244140625,11,True,417.45,21069.78
11219,MRVL,2025-12-15,2025-12-30,time_exit,2.67,84.13652801513672,86.63287353515625,11,True,417.45,21080.92
11220,DHR,2025-12-16,2025-12-31,time_exit,1.72,223.448486328125,227.9601287841797,11,True,418.95,21088.13
11221,PWR,2025-12-16,2025-12-31,time_exit,-4.05,438.2226257324219,421.80267333984375,11,True,418.95,21071.16
11222,PANW,2025-12-16,2025-12-31,time_exit,-1.84,187.08999633789065,184.1999969482422,11,True,418.95,21063.45
11223,PFE,2025-12-16,2025-12-31,time_exit,-2.77,24.276948928833008,23.67786979675293,11,True,418.95,21051.85
11224,AVGO,2025-12-16,2025-12-31,time_exit,1.3,339.39794921875,344.8297424316406,11,True,418.95,21057.3
11225,AMZN,2025-12-16,2025-12-31,time_exit,3.41,222.55999755859372,230.82000732421875,11,True,418.95,21071.58
11226,MSFT,2025-12-16,2025-12-31,time_exit,1.22,473.3867492675781,480.5711669921875,11,True,418.95,21076.69
11227,AMAT,2025-12-16,2025-12-31,time_exit,-1.01,257.9208068847656,256.0773620605469,11,True,418.95,21072.46
11228,CRWD,2025-12-16,2025-12-31,time_exit,-4.35,122.13249969482422,117.19000244140624,11,True,418.95,21054.24
11229,PSX,2025-12-17,2026-01-02,time_exit,-1.38,129.2839813232422,127.89309692382812,11,True,419.2,21048.45
11230,MU,2025-12-17,2026-01-02,time_exit,39.62,225.29962158203125,315.2391052246094,11,True,419.2,21214.54
11231,GD,2025-12-17,2026-01-02,time_exit,1.78,332.031005859375,338.92999267578125,11,True,419.2,21222.0
11232,TXN,2025-12-17,2026-01-02,time_exit,1.44,171.6034393310547,174.58331298828125,11,True,419.2,21228.04
11234,IBM,2025-12-18,2026-01-05,time_exit,-2.12,294.4517517089844,289.0811462402344,11,True,419.18,21219.15
11235,NOW,2025-12-18,2026-01-05,time_exit,-4.07,153.3800048828125,147.60000610351562,11,True,419.18,21202.09
11239,UBER,2025-12-19,2026-01-06,time_exit,7.56,79.30999755859375,85.54000091552734,11,True,419.39,21233.8
11240,HD,2025-12-22,2026-01-07,time_exit,0.47,341.52789306640625,344.1603698730469,11,True,419.64,21235.77
11241,LOW,2025-12-22,2026-01-07,time_exit,1.79,238.3633270263672,243.33599853515625,11,True,419.64,21243.28
11242,NEE,2025-12-22,2026-01-07,time_exit,-2.39,78.33084869384766,76.6965103149414,11,True,419.64,21233.25
11243,VZ,2025-12-22,2026-01-07,time_exit,0.08,38.06693649291992,38.20976257324219,11,True,419.64,21233.59
11244,STX,2025-12-23,2026-01-08,time_exit,0.55,281.3681945800781,283.7723083496094,11,True,419.38,21235.89
11245,MMM,2025-12-23,2026-01-08,time_exit,2.88,157.92295837402344,162.94216918945312,11,True,419.38,21247.97
11246,NFLX,2025-12-23,2026-01-08,time_exit,-3.48,93.5,90.52999877929688,11,True,419.38,21233.38
11247,PEP,2025-12-24,2026-01-09,time_exit,-2.96,140.98388671875,137.22731018066406,11,True,422.88,21220.86
11248,WMT,2025-12-24,2026-01-09,time_exit,2.32,110.90375518798828,113.8052749633789,11,True,422.88,21230.67
11249,COP,2025-12-26,2026-01-12,time_exit,4.03,89.565673828125,93.44026184082033,11,True,421.19,21247.64
11250,MDT,2025-12-26,2026-01-12,time_exit,0.15,94.88224792480467,95.30494689941406,11,True,421.19,21248.28
11251,KKR,2025-12-26,2026-01-12,time_exit,2.43,129.67149353027344,133.21133422851562,11,True,421.19,21258.51
11252,MPC,2025-12-29,2026-01-13,time_exit,7.19,161.7224884033203,173.83189392089844,11,True,420.99,21288.78
11253,UPS,2025-12-29,2026-01-13,time_exit,6.62,95.16205596923828,101.74932098388672,11,True,420.99,21316.65
11254,CSX,2025-12-30,2026-01-14,time_exit,-0.96,36.0907096862793,35.85287857055664,11,True,421.62,21312.6
11255,PNC,2025-12-31,2026-01-15,time_exit,2.72,203.93507385253903,210.10011291503903,11,True,421.08,21324.06
11256,CB,2026-01-02,2026-01-16,time_exit,-3.3,308.1858215332031,298.95196533203125,11,True,424.56,21310.04
11257,PFE,2026-01-02,2026-01-16,time_exit,1.57,23.944128036499023,24.39105796813965,11,True,424.56,21316.71
11258,AXP,2026-01-02,2026-01-16,time_exit,-2.43,370.54107666015625,362.647705078125,11,True,424.56,21306.39
11259,SBUX,2026-01-02,2026-01-16,time_exit,10.44,82.47203063964844,91.33111572265624,11,True,424.56,21350.72
11260,V,2026-01-02,2026-01-16,time_exit,-5.55,344.411865234375,326.34033203125,11,True,424.56,21327.15
11261,ABT,2026-01-02,2026-01-16,time_exit,-1.76,121.92412567138672,120.14398193359376,11,True,424.56,21319.68
11262,HOOD,2026-01-02,2026-01-16,time_exit,-5.92,115.20999908447266,108.73999786376952,11,True,424.56,21294.55
11263,ABNB,2026-01-02,2026-01-16,time_exit,-2.07,133.00999450683594,130.66000366210938,11,True,424.56,21285.76
11264,META,2026-01-02,2026-01-16,time_exit,-4.94,649.2518310546875,619.1455688476562,11,True,424.56,21264.79
11265,BRK-B,2026-01-02,2026-01-16,time_exit,-1.02,496.8500061035156,493.2900085449219,11,True,424.56,21260.46
11266,TJX,2026-01-02,2026-01-16,time_exit,1.71,152.86048889160156,155.9319610595703,11,True,424.56,21267.72
11267,DE,2026-01-02,2026-01-16,time_exit,9.9,464.23541259765625,511.5739440917969,11,True,424.56,21309.75
11268,USB,2026-01-02,2026-01-16,time_exit,0.57,52.92587661743164,53.38712692260742,11,True,424.56,21312.17
11269,WELL,2026-01-02,2026-01-16,time_exit,2.08,184.9470977783203,189.3397674560547,11,True,424.56,21321.0
11270,UNP,2026-01-02,2026-01-16,time_exit,-1.34,228.4517974853516,226.06788635253903,11,True,424.56,21315.31
11271,MA,2026-01-02,2026-01-16,time_exit,-4.35,560.3814086914062,537.6632080078125,11,True,424.56,21296.84
11272,INTU,2026-01-05,2026-01-20,time_exit,-16.69,627.9440307617188,524.994873046875,11,True,424.04,21226.07
11273,BMY,2026-01-05,2026-01-20,time_exit,1.89,51.93225860595703,53.067604064941406,11,True,424.04,21234.08
11274,ICE,2026-01-05,2026-01-20,time_exit,2.92,164.475830078125,169.76901245117188,11,True,424.04,21246.46
11275,MRSH,2026-01-05,2026-01-20,time_exit,-3.68,184.3964080810547,178.15602111816406,11,True,424.04,21230.86
11276,VRTX,2026-01-05,2026-01-20,time_exit,-1.8,448.7999877929688,442.0799865722656,11,True,424.04,21223.23
11277,AAPL,2026-01-05,2026-01-20,time_exit,-7.99,266.5345153808594,246.0303192138672,11,True,424.04,21189.35
11278,MCK,2026-01-05,2026-01-20,time_exit,-0.67,822.4503784179688,819.379638671875,11,True,424.04,21186.51
11279,CRM,2026-01-05,2026-01-20,time_exit,-14.42,254.962646484375,218.95587158203125,11,True,424.04,21125.36
11280,SYK,2026-01-05,2026-01-20,time_exit,2.8,346.9226379394531,357.6846923828125,11,True,424.04,21137.23
11281,APP,2026-01-05,2026-01-20,time_exit,-10.95,632.9099731445312,565.52001953125,11,True,424.04,21090.8
11282,LLY,2026-01-05,2026-01-20,time_exit,-0.32,1036.5025634765625,1036.2835693359375,11,True,424.04,21089.44
11283,JNJ,2026-01-05,2026-01-20,time_exit,6.5,201.0758056640625,214.7557830810547,11,True,424.04,21117.0
11284,DELL,2026-01-05,2026-01-20,time_exit,-10.34,122.88592529296876,110.5447235107422,11,True,424.04,21073.16
11285,MSFT,2026-01-05,2026-01-20,time_exit,-4.18,469.86907958984375,451.6546020507813,11,True,424.04,21055.43
11286,DASH,2026-01-05,2026-01-20,time_exit,-9.58,226.72000122070312,205.6699981689453,11,True,424.04,21014.81
11287,MCD,2026-01-06,2026-01-21,time_exit,0.66,296.9490661621094,299.8129577636719,11,True,424.68,21017.61
11288,CMCSA,2026-01-06,2026-01-21,time_exit,6.3,26.430641174316406,28.174055099487305,11,True,424.68,21044.37
11289,CSCO,2026-01-06,2026-01-21,time_exit,-2.35,74.54568481445312,73.01969146728516,11,True,424.68,21034.39
11296,MRVL,2026-01-07,2026-01-22,time_exit,-2.05,84.5159683227539,83.03793334960938,11,True,424.67,21025.68
11297,MNST,2026-01-07,2026-01-22,time_exit,5.92,76.1500015258789,80.88999938964844,11,True,424.67,21050.82
11298,ANET,2026-01-07,2026-01-22,time_exit,6.1,130.0800018310547,138.41000366210938,11,True,424.67,21076.73
11299,AVGO,2026-01-07,2026-01-22,time_exit,-5.54,342.2392883300781,324.2953796386719,11,True,424.67,21053.2
11303,BLK,2026-01-08,2026-01-23,time_exit,3.56,1075.83447265625,1117.3580322265625,11,True,424.67,21068.32
11304,TSLA,2026-01-08,2026-01-23,time_exit,2.74,435.7999877929688,449.05999755859375,11,True,424.67,21079.96
11305,NVDA,2026-01-09,2026-01-26,time_exit,0.57,184.63479614257807,186.2428436279297,11,True,424.61,21082.38
11306,ADBE,2026-01-12,2026-01-27,time_exit,-9.53,327.6499938964844,297.4200134277344,11,True,425.17,21041.86
11307,NOW,2026-01-12,2026-01-27,time_exit,-7.9,142.63999938964844,131.8000030517578,11,True,425.17,21008.27
11308,BAC,2026-01-12,2026-01-27,time_exit,-5.77,54.59608840942383,51.608585357666016,11,True,425.17,20983.74
11309,REGN,2026-01-13,2026-01-28,time_exit,-1.33,755.9849243164062,748.2349853515625,11,True,426.33,20978.07
11310,WM,2026-01-13,2026-01-28,time_exit,6.83,214.39471435546875,229.68739318847656,11,True,426.33,21007.18
11311,ABBV,2026-01-13,2026-01-28,time_exit,-0.45,215.6512908935547,215.3380584716797,11,True,426.33,21005.27
11312,PGR,2026-01-14,2026-01-29,time_exit,1.04,205.30255126953125,208.0598907470703,11,True,426.25,21009.7
11313,NFLX,2026-01-14,2026-01-29,time_exit,-6.39,88.55000305175781,83.16000366210938,11,True,426.25,20982.46
11316,CVS,2026-01-15,2026-01-30,time_exit,-7.95,79.50175476074219,73.4170913696289,11,True,426.48,20948.56
11317,CRWD,2026-01-16,2026-02-02,time_exit,-3.61,113.47000122070312,109.7125015258789,11,True,425.94,20933.18
11318,VZ,2026-01-20,2026-02-03,time_exit,18.05,37.8555908203125,44.80094909667969,11,True,420.3,21009.04
11319,GE,2026-01-20,2026-02-03,time_exit,-1.07,311.49737548828125,309.0938720703125,11,True,420.3,21004.55
11320,ABNB,2026-01-20,2026-02-03,time_exit,-6.92,130.72999572753906,122.0749969482422,11,True,420.3,20975.46
11321,V,2026-01-20,2026-02-03,time_exit,0.65,323.8751525878906,326.96661376953125,11,True,420.3,20978.19
11322,UNH,2026-01-20,2026-02-03,time_exit,-16.33,333.912109375,280.3863220214844,11,True,420.3,20909.56
11323,FTNT,2026-01-20,2026-02-03,time_exit,4.79,75.45999908447266,79.30000305175781,11,True,420.3,20929.69
11324,PANW,2026-01-21,2026-02-04,time_exit,-8.43,181.47000122070312,166.72000122070312,11,True,420.69,20894.23
11325,CRM,2026-01-21,2026-02-04,time_exit,-10.29,220.45822143554688,198.4302978515625,11,True,420.69,20850.94
11326,AMZN,2026-01-21,2026-02-04,time_exit,0.43,231.30999755859372,232.9900054931641,11,True,420.69,20852.75
11327,TMUS,2026-01-21,2026-02-04,time_exit,9.61,180.69248962402344,198.59439086914065,11,True,420.69,20893.18
11328,CB,2026-01-21,2026-02-04,time_exit,9.52,298.166748046875,327.4586181640625,11,True,420.69,20933.23
11329,JPM,2026-01-21,2026-02-04,time_exit,4.74,299.15447998046875,314.2389221191406,11,True,420.69,20953.17
11330,DELL,2026-01-21,2026-02-04,time_exit,7.45,112.724365234375,121.4628448486328,11,True,420.69,20984.51
11331,BRK-B,2026-01-21,2026-02-04,time_exit,3.83,483.8299865722656,503.8299865722656,11,True,420.69,21000.62
11332,APP,2026-01-21,2026-02-04,time_exit,-27.57,532.5599975585938,387.3399963378906,11,True,420.69,20884.64
11333,MA,2026-01-22,2026-02-05,time_exit,3.27,531.0556640625,550.021240234375,11,True,421.06,20898.4
11334,TJX,2026-01-22,2026-02-05,time_exit,0.99,152.00840759277344,153.9701690673828,11,True,421.06,20902.57
11335,UBER,2026-01-22,2026-02-05,time_exit,-9.2,82.55999755859375,75.20999908447266,11,True,421.06,20863.84
11336,WELL,2026-01-23,2026-02-06,time_exit,6.36,181.7218475341797,193.83135986328125,11,True,421.6,20890.65
11337,GS,2026-01-23,2026-02-06,time_exit,0.77,905.623291015625,915.3508911132812,11,True,421.6,20893.9
11338,IBM,2026-01-23,2026-02-06,time_exit,1.92,286.6016540527344,292.9620666503906,11,True,421.6,20901.99
11339,MS,2026-01-23,2026-02-06,time_exit,0.79,176.09771728515625,178.01812744140625,11,True,421.6,20905.32
11340,PLD,2026-01-23,2026-02-06,time_exit,7.41,125.22638702392578,134.87811279296875,11,True,421.6,20936.56
11341,MRSH,2026-01-23,2026-02-06,time_exit,1.23,180.28207397460935,183.0472869873047,11,True,421.6,20941.75
11342,BX,2026-01-26,2026-02-09,time_exit,-11.71,145.4997100830078,128.89857482910156,11,True,421.65,20892.37
11343,UPS,2026-01-27,2026-02-10,time_exit,10.43,102.3412094116211,113.31997680664062,11,True,419.67,20936.14
11344,MRK,2026-01-27,2026-02-10,time_exit,8.25,106.3616714477539,115.4583969116211,11,True,419.67,20970.77
11345,WMT,2026-01-27,2026-02-10,time_exit,8.05,116.20002746582033,125.89826202392578,11,True,419.67,21004.55
11346,ADP,2026-01-27,2026-02-10,time_exit,-11.69,250.5236358642578,221.99755859375,11,True,419.67,20955.49
11347,MCO,2026-01-28,2026-02-11,time_exit,-20.51,513.1941528320312,409.4963684082031,11,True,420.11,20869.33
11348,BAC,2026-01-28,2026-02-11,time_exit,3.64,51.25246047973633,53.270503997802734,11,True,420.11,20884.62
11349,APH,2026-01-28,2026-02-11,time_exit,-1.62,145.45265197753906,143.539306640625,11,True,420.11,20877.81
11350,BA,2026-01-28,2026-02-11,time_exit,-2.51,241.58999633789065,236.25999450683597,11,True,420.11,20867.27
11351,MPC,2026-01-28,2026-02-11,time_exit,21.0,170.0359649658203,206.24557495117188,11,True,420.11,20955.49
11352,ELV,2026-01-28,2026-02-11,time_exit,-3.69,338.3787536621094,326.89654541015625,11,True,420.11,20939.99
11353,LLY,2026-01-28,2026-02-11,time_exit,-1.14,1018.8776245117188,1010.3289794921876,11,True,420.11,20935.2
11354,QCOM,2026-01-28,2026-02-11,time_exit,-7.94,151.16751098632812,139.62452697753906,11,True,420.11,20901.84
11355,ABT,2026-01-28,2026-02-11,time_exit,6.81,104.64249420166016,112.08241271972656,11,True,420.11,20930.45
11356,ADBE,2026-01-29,2026-02-12,time_exit,-10.29,291.6499938964844,262.5,11,True,419.65,20887.27
11357,DIS,2026-01-29,2026-02-12,time_exit,-8.55,110.73152923583984,101.60147857666016,11,True,419.65,20851.39
11358,HWM,2026-01-29,2026-02-12,time_exit,16.93,208.61761474609372,244.56398010253903,11,True,419.65,20922.44
11359,HD,2026-01-29,2026-02-12,time_exit,4.65,366.591064453125,384.7426452636719,11,True,419.65,20941.95
11360,LOW,2026-01-29,2026-02-12,time_exit,6.78,263.7362670898437,282.4205627441406,11,True,419.65,20970.4
11361,MRVL,2026-01-29,2026-02-12,time_exit,-4.12,81.27925109863281,78.17157745361328,11,True,419.65,20953.11
11362,NEM,2026-01-30,2026-02-13,time_exit,11.67,111.86189270019533,125.2534637451172,11,True,418.97,21002.01
11363,KKR,2026-01-30,2026-02-13,time_exit,-11.27,113.61295318603516,101.1539077758789,11,True,418.97,20954.79
11364,VLO,2026-01-30,2026-02-13,time_exit,10.7,178.7834930419922,198.45651245117188,11,True,418.97,20999.62
11365,DHR,2026-01-30,2026-02-13,time_exit,-3.18,217.97218322753903,211.6886444091797,11,True,418.97,20986.3
11370,SBUX,2026-02-02,2026-02-17,time_exit,4.41,90.05430603027344,94.29249572753906,11,True,418.66,21004.76
11372,AVGO,2026-02-03,2026-02-18,time_exit,3.81,319.1543273925781,332.28594970703125,11,True,418.59,21020.71
11373,DASH,2026-02-03,2026-02-18,time_exit,-14.47,202.0,173.3800048828125,11,True,418.59,20960.14
11374,NVDA,2026-02-03,2026-02-18,time_exit,3.94,180.12030029296875,187.75099182128903,11,True,418.59,20976.63
11375,ABBV,2026-02-04,2026-02-19,time_exit,3.03,213.8018341064453,220.9315185546875,11,True,417.69,20989.29
11376,CRWD,2026-02-04,2026-02-19,time_exit,1.33,103.83999633789062,105.53500366210938,11,True,417.69,20994.84
11377,INTU,2026-02-04,2026-02-19,time_exit,-14.68,442.3078002929688,378.6871032714844,11,True,417.69,20933.52
11378,VRT,2026-02-04,2026-02-19,time_exit,32.84,182.4785919189453,242.9516143798828,11,True,417.69,21070.69
11379,MU,2026-02-04,2026-02-19,time_exit,9.7,379.1823425292969,417.110595703125,11,True,417.69,21111.21
11380,BLK,2026-02-04,2026-02-19,time_exit,0.18,1064.205078125,1069.2681884765625,11,True,417.69,21111.96
11381,NFLX,2026-02-04,2026-02-19,time_exit,-4.24,80.16000366210938,77.0,11,True,417.69,21094.25
11382,PGR,2026-02-04,2026-02-19,time_exit,-2.13,205.34249877929688,201.57614135742188,11,True,417.69,21085.35
11383,PWR,2026-02-04,2026-02-19,time_exit,18.95,464.4078063964844,553.8065795898438,11,True,417.69,21164.51
11384,ACN,2026-02-04,2026-02-19,time_exit,-11.35,236.77096557617188,210.6100616455078,11,True,417.69,21117.1
11385,SPGI,2026-02-04,2026-02-19,time_exit,-10.79,437.3829650878906,391.4939880371094,11,True,417.69,21072.03
11386,NOW,2026-02-04,2026-02-19,time_exit,-3.63,111.06999969482422,107.37000274658205,11,True,417.69,21056.87
11387,GOOG,2026-02-05,2026-02-20,time_exit,-5.26,330.8975830078125,314.4890441894531,11,True,417.28,21034.92
11388,GOOGL,2026-02-05,2026-02-20,time_exit,-5.21,330.81939697265625,314.570556640625,11,True,417.28,21013.18
11389,VRTX,2026-02-05,2026-02-20,time_exit,3.64,458.80999755859375,476.8999938964844,11,True,417.28,21028.37
11393,FTNT,2026-02-06,2026-02-23,time_exit,-8.95,82.76000213623047,75.5999984741211,11,True,418.83,20990.88
11394,PANW,2026-02-06,2026-02-23,time_exit,-9.83,159.32000732421875,144.13999938964844,11,True,418.83,20949.71
11395,ABNB,2026-02-06,2026-02-23,time_exit,0.34,122.18000030517578,122.95999908447266,11,True,418.83,20951.14
11396,TMO,2026-02-06,2026-02-23,time_exit,-5.16,541.7507934570312,515.4132690429688,11,True,418.83,20929.52
11397,CRM,2026-02-06,2026-02-23,time_exit,-7.19,190.3812713623047,177.25804138183594,11,True,418.83,20899.41
11398,LIN,2026-02-09,2026-02-24,time_exit,10.14,453.3786315917969,500.7293395996094,11,True,417.85,20941.78
11399,SYK,2026-02-09,2026-02-24,time_exit,6.79,354.173583984375,379.2883911132813,11,True,417.85,20970.15
11400,RTX,2026-02-10,2026-02-25,time_exit,0.44,193.0953826904297,194.52084350585935,11,True,419.11,20971.99
11401,BKNG,2026-02-10,2026-02-25,time_exit,-3.06,170.42739868164062,165.724365234375,11,True,419.11,20959.17
11402,MDT,2026-02-11,2026-02-26,time_exit,-4.31,99.36487579345705,95.3835906982422,11,True,418.61,20941.13
11403,BAC,2026-02-12,2026-02-27,time_exit,-5.42,51.95481872558594,49.29376983642578,11,True,419.06,20918.41
11404,JPM,2026-02-12,2026-02-27,time_exit,-1.07,299.74871826171875,297.4310607910156,11,True,419.06,20913.93
11405,MRSH,2026-02-12,2026-02-27,time_exit,7.44,171.47265625,184.7389678955078,11,True,419.06,20945.11
11406,META,2026-02-12,2026-02-27,time_exit,-0.55,648.6529541015625,647.0258178710938,11,True,419.06,20942.8
11407,DELL,2026-02-12,2026-02-27,time_exit,30.95,112.28644561767578,147.37969970703125,11,True,419.06,21072.5
11408,MCO,2026-02-12,2026-02-27,time_exit,14.76,412.33740234375,474.4229736328125,11,True,419.06,21134.36
11409,UBER,2026-02-12,2026-02-27,time_exit,5.6,71.22000122070312,75.41999816894531,11,True,419.06,21157.82
11410,PLTR,2026-02-12,2026-02-27,time_exit,5.94,129.1300048828125,137.19000244140625,11,True,419.06,21182.72
11411,CSCO,2026-02-13,2026-03-02,time_exit,3.04,76.15094757080078,78.69756317138672,11,True,419.73,21195.48
11412,APP,2026-02-13,2026-03-02,time_exit,10.56,390.5499877929688,432.9800109863281,11,True,419.73,21239.8
11413,BNY,2026-02-13,2026-03-02,time_exit,1.17,116.8095474243164,118.52587890625,11,True,419.73,21244.71
11414,IBM,2026-02-13,2026-03-02,time_exit,-9.07,258.6078796386719,235.92868041992188,11,True,419.73,21206.64
11415,MS,2026-02-13,2026-03-02,time_exit,-2.72,169.3031768798828,165.19796752929688,11,True,419.73,21195.23
11416,AMZN,2026-02-13,2026-03-02,time_exit,4.53,198.7899932861328,208.38999938964844,11,True,419.73,21214.24
11417,GS,2026-02-13,2026-03-02,time_exit,-4.6,892.08154296875,853.7377319335938,11,True,419.73,21194.93
11418,INTC,2026-02-13,2026-03-02,time_exit,-3.06,46.790000915527344,45.5,11,True,419.73,21182.09
11419,COF,2026-02-13,2026-03-02,time_exit,-6.23,204.97276306152344,192.80856323242188,11,True,419.73,21155.94
11420,WFC,2026-02-13,2026-03-02,time_exit,-5.36,85.99185943603516,81.641845703125,11,True,419.73,21133.44
11421,GD,2026-02-17,2026-03-03,time_exit,6.18,339.44244384765625,361.4231872558594,11,True,420.1,21159.4
11422,SCHW,2026-02-17,2026-03-03,time_exit,2.02,92.4775390625,94.62355041503906,11,True,420.1,21167.89
11423,MA,2026-02-17,2026-03-03,time_exit,0.16,520.16259765625,522.5445556640625,11,True,420.1,21168.56
11424,HD,2026-02-19,2026-03-05,time_exit,-4.76,373.2660217285156,356.6032409667969,11,True,421.14,21148.52
11425,LLY,2026-02-20,2026-03-06,time_exit,-2.2,1006.3431396484376,987.2135009765624,11,True,420.57,21139.26
11426,BRK-B,2026-02-20,2026-03-06,time_exit,-0.14,498.2000122070313,498.9800109863281,11,True,420.57,21138.67
11427,PFE,2026-02-20,2026-03-06,time_exit,1.2,25.76648330688477,26.153221130371094,11,True,420.57,21143.72
11428,PSX,2026-02-23,2026-03-09,time_exit,4.96,152.92225646972656,160.9707794189453,11,True,417.99,21164.45
11429,NFLX,2026-02-23,2026-03-09,time_exit,29.03,76.0199966430664,98.31999969482422,11,True,417.99,21285.79
11430,SBUX,2026-02-23,2026-03-09,time_exit,4.96,93.68951416015624,98.6220932006836,11,True,417.99,21306.53
11431,ORCL,2026-02-23,2026-03-09,time_exit,6.95,140.32997131347656,150.50889587402344,11,True,417.99,21335.58
11432,MRVL,2026-02-23,2026-03-09,time_exit,18.8,77.73190307617188,92.58080291748048,11,True,417.99,21414.16
11433,AMD,2026-02-23,2026-03-09,time_exit,2.79,196.6000061035156,202.67999267578125,11,True,417.99,21425.82
11434,TSLA,2026-02-23,2026-03-09,time_exit,-0.59,399.8299865722656,398.6799926757813,11,True,417.99,21423.35
11435,ADBE,2026-02-24,2026-03-10,time_exit,7.52,255.1699981689453,275.1300048828125,11,True,419.4,21454.89
11436,AVGO,2026-02-24,2026-03-10,time_exit,4.95,324.2953796386719,341.3226318359375,11,True,419.4,21475.65
11437,GILD,2026-02-24,2026-03-10,time_exit,0.32,145.84774780273438,146.75657653808594,11,True,419.4,21477.0
11438,ADP,2026-02-24,2026-03-10,time_exit,5.38,202.4584503173828,213.96536254882807,11,True,419.4,21499.56
11439,V,2026-02-24,2026-03-10,time_exit,2.05,306.0158996582031,313.1976318359375,11,True,419.4,21508.16
11440,CDNS,2026-02-24,2026-03-10,time_exit,0.62,290.6300048828125,293.2900085449219,11,True,419.4,21510.76
11441,C,2026-02-24,2026-03-10,time_exit,-0.84,108.49256896972656,107.9083251953125,11,True,419.4,21507.24
11442,AXP,2026-02-24,2026-03-10,time_exit,-5.71,318.5979309082031,301.3696594238281,11,True,419.4,21483.29
11443,CVS,2026-02-24,2026-03-10,time_exit,2.58,73.08212280273438,75.1904525756836,11,True,419.4,21494.11
11444,KKR,2026-02-24,2026-03-10,time_exit,-6.32,95.3513412475586,89.61353302001953,11,True,419.4,21467.6
11445,FTNT,2026-02-24,2026-03-10,time_exit,11.62,75.2300033569336,84.19999694824219,11,True,419.4,21516.34
11446,HOOD,2026-02-24,2026-03-10,time_exit,6.7,73.38999938964844,78.52999877929688,11,True,419.4,21544.44
11447,ELV,2026-02-24,2026-03-10,time_exit,-13.36,323.818115234375,281.534423828125,11,True,419.4,21488.4
11448,MSFT,2026-02-24,2026-03-10,time_exit,4.01,387.429931640625,404.122314453125,11,True,419.4,21505.22
11449,ANET,2026-02-24,2026-03-10,time_exit,8.13,128.77000427246094,139.6199951171875,11,True,419.4,21539.32
11451,TT,2026-02-25,2026-03-11,time_exit,-6.07,457.8740234375,431.4409790039063,11,True,419.18,21513.88
11452,BA,2026-02-26,2026-03-12,time_exit,-11.04,229.41000366210935,204.75999450683597,11,True,418.82,21467.64
11455,USB,2026-02-27,2026-03-13,time_exit,-7.0,53.64228439331055,50.05043029785156,11,True,423.65,21437.98
11456,TXN,2026-02-27,2026-03-13,time_exit,-10.36,209.96267700195312,188.8486175537109,11,True,423.65,21394.09
11457,MPC,2026-02-27,2026-03-13,time_exit,13.81,196.91722106933597,224.70477294921875,11,True,423.65,21452.6
11458,CMCSA,2026-02-27,2026-03-13,time_exit,-2.88,30.1927547454834,29.412582397460938,11,True,423.65,21440.4
11459,LRCX,2026-03-02,2026-03-16,time_exit,-5.21,230.5611572265625,219.24554443359372,11,True,422.67,21418.38
11460,BLK,2026-03-02,2026-03-16,time_exit,-11.51,1056.4422607421875,937.974365234375,11,True,422.67,21369.73
11461,WDC,2026-03-02,2026-03-16,time_exit,5.72,269.8804016113281,286.1353759765625,11,True,422.67,21393.9
11462,NVDA,2026-03-02,2026-03-16,time_exit,0.11,182.25770568847656,183.0067138671875,11,True,422.67,21394.37
11463,PNC,2026-03-02,2026-03-16,time_exit,-6.59,210.91531372070312,197.6438751220703,11,True,422.67,21366.51
11464,BX,2026-03-02,2026-03-16,time_exit,-7.42,113.11727905273438,105.0647964477539,11,True,422.67,21335.15
11465,BAC,2026-03-02,2026-03-16,time_exit,-5.29,49.27398681640625,46.81675338745117,11,True,422.67,21312.79
11466,UNP,2026-03-03,2026-03-17,time_exit,-9.15,263.2443542480469,239.9540100097656,11,True,423.37,21274.05
11467,PLD,2026-03-03,2026-03-17,time_exit,-5.06,138.86683654785156,132.25018310546875,11,True,423.37,21252.63
11468,INTC,2026-03-03,2026-03-17,time_exit,1.93,43.09999847412109,44.060001373291016,11,True,423.37,21260.8
11469,MAR,2026-03-03,2026-03-17,time_exit,-2.87,334.568359375,325.97283935546875,11,True,423.37,21248.65
11470,DHR,2026-03-03,2026-03-17,time_exit,-4.61,203.15457153320312,194.39149475097656,11,True,423.37,21229.13
11471,UPS,2026-03-03,2026-03-17,time_exit,-13.95,109.60540008544922,94.64028930664062,11,True,423.37,21170.07
11472,GS,2026-03-03,2026-03-17,time_exit,-6.74,854.609619140625,799.5827026367188,11,True,423.37,21141.54
11473,GOOG,2026-03-03,2026-03-17,time_exit,1.7,303.163818359375,309.2239074707031,11,True,423.37,21148.74
11474,JPM,2026-03-03,2026-03-17,time_exit,-4.75,297.3914489746094,284.1492004394531,11,True,423.37,21128.63
11475,NEM,2026-03-03,2026-03-17,time_exit,-6.61,118.24390411376952,110.78132629394533,11,True,423.37,21100.64
11476,MRK,2026-03-03,2026-03-17,time_exit,-2.89,118.09970092773438,115.04270935058594,11,True,423.37,21088.41
11486,AAPL,2026-03-05,2026-03-19,time_exit,-4.65,259.8263244628906,248.5165252685547,11,True,422.97,21068.74
11496,PWR,2026-03-06,2026-03-20,time_exit,2.51,540.0014038085938,555.1961059570312,11,True,422.87,21079.35
11497,PM,2026-03-06,2026-03-20,time_exit,-3.49,167.0907440185547,161.7688446044922,11,True,422.87,21064.59
11498,HWM,2026-03-06,2026-03-20,time_exit,-7.86,249.8990631103516,230.9965362548828,11,True,422.87,21031.36
11510,FCX,2026-03-09,2026-03-23,time_exit,-9.48,60.21095275878906,54.68655014038086,11,True,428.47,20990.74
11511,MDT,2026-03-09,2026-03-23,time_exit,-4.87,89.7901382446289,85.6908950805664,11,True,428.47,20969.87
11512,GLW,2026-03-09,2026-03-23,time_exit,1.19,128.6103515625,130.5238037109375,11,True,428.47,20974.97
11513,AMAT,2026-03-09,2026-03-23,time_exit,6.44,338.1575622558594,360.9548034667969,11,True,428.47,21002.56
11514,PH,2026-03-09,2026-03-23,time_exit,-3.1,928.1983032226562,902.1995849609376,11,True,428.47,20989.28
11515,STX,2026-03-09,2026-03-23,time_exit,7.63,373.4118957519531,403.0290832519531,11,True,428.47,21021.97
11516,META,2026-03-09,2026-03-23,time_exit,-6.91,646.2372436523438,603.5006713867188,11,True,428.47,20992.37
11524,MRSH,2026-03-11,2026-03-25,time_exit,-0.17,172.10580444335938,172.3333282470703,11,True,430.28,20991.63
11525,SCHW,2026-03-11,2026-03-25,time_exit,2.2,92.07018280029295,94.37516784667967,11,True,430.28,21001.1
11526,ICE,2026-03-11,2026-03-25,time_exit,-0.1,155.93524169921875,156.24969482421875,11,True,430.28,21000.67
11527,SPGI,2026-03-11,2026-03-25,time_exit,-5.07,403.9783020019531,384.6909790039063,11,True,430.28,20978.85
11528,PG,2026-03-11,2026-03-25,time_exit,-6.43,151.04656982421875,141.7859344482422,11,True,430.28,20951.19
11529,PGR,2026-03-12,2026-03-26,time_exit,-1.41,204.98284912109372,202.70504760742188,11,True,429.35,20945.13
11530,TMUS,2026-03-12,2026-03-26,time_exit,-1.6,211.98963928222656,209.24050903320312,11,True,429.35,20938.26
11531,CDNS,2026-03-13,2026-03-27,time_exit,-5.62,287.0299987792969,271.7699890136719,11,True,428.81,20914.17
11532,TJX,2026-03-13,2026-03-27,time_exit,-0.5,154.43528747558594,154.12728881835938,11,True,428.81,20912.02
11533,LMT,2026-03-13,2026-03-27,time_exit,-4.97,637.8532104492188,608.0736083984375,11,True,428.81,20890.71
11534,ABNB,2026-03-13,2026-03-27,time_exit,-3.02,126.3000030517578,122.87000274658205,11,True,428.81,20877.76
11535,MA,2026-03-13,2026-03-27,time_exit,-3.06,496.3036804199219,482.6002502441406,11,True,428.81,20864.64
11536,ACN,2026-03-13,2026-03-27,time_exit,-2.36,192.67953491210935,188.71131896972656,11,True,428.81,20854.52
11537,ADP,2026-03-13,2026-03-27,time_exit,-3.79,206.94989013671875,199.7346343994141,11,True,428.81,20838.27
11538,ADBE,2026-03-16,2026-03-30,time_exit,-4.56,251.8600006103516,241.1300048828125,11,True,426.26,20818.83
11539,TMO,2026-03-18,2026-04-01,time_exit,6.12,464.2246398925781,494.0447692871094,11,True,421.77,20844.64
11540,NFLX,2026-03-18,2026-04-01,time_exit,0.6,94.6999969482422,95.5500030517578,11,True,421.77,20847.17
11541,HCA,2026-03-18,2026-04-01,time_exit,-5.74,501.0458068847656,473.8004150390625,11,True,421.77,20822.96
11542,PNC,2026-03-19,2026-04-02,time_exit,4.48,198.92376708984372,208.4244537353516,11,True,421.37,20841.84
11543,UPS,2026-03-19,2026-04-02,time_exit,1.38,93.4690170288086,95.03716278076172,11,True,421.37,20847.65
11544,VRTX,2026-03-19,2026-04-02,time_exit,-4.52,458.0499877929688,438.7099914550781,11,True,421.37,20828.61
11545,SO,2026-03-19,2026-04-02,time_exit,0.97,94.6581573486328,95.85823059082033,11,True,421.37,20832.7
11546,HOOD,2026-03-19,2026-04-02,time_exit,-7.39,74.16000366210938,68.9000015258789,11,True,421.37,20801.56
11547,VZ,2026-03-19,2026-04-02,time_exit,-0.46,47.92974472045898,47.85225677490234,11,True,421.37,20799.62
11548,APH,2026-03-19,2026-04-02,time_exit,-2.13,130.1958465576172,127.80718231201172,11,True,421.37,20790.64
11549,DIS,2026-03-19,2026-04-02,time_exit,-2.91,98.44566345214844,95.87535858154295,11,True,421.37,20778.38
11550,AMZN,2026-03-19,2026-04-02,time_exit,0.18,208.75999450683597,209.7700042724609,11,True,421.37,20779.14
11551,AVGO,2026-03-19,2026-04-02,time_exit,-1.75,318.6661376953125,314.0529479980469,11,True,421.37,20771.77
11552,BAC,2026-03-19,2026-04-02,time_exit,4.74,46.76700592041016,49.124759674072266,11,True,421.37,20791.74
11553,RTX,2026-03-19,2026-04-02,time_exit,-2.55,199.2354736328125,194.74913024902344,11,True,421.37,20780.99
11554,QCOM,2026-03-19,2026-04-02,time_exit,-3.71,130.79690551757812,126.3333969116211,11,True,421.37,20765.36
11555,AXP,2026-03-19,2026-04-02,time_exit,1.8,293.1979675292969,299.36053466796875,11,True,421.37,20772.94
11556,GD,2026-03-19,2026-04-02,time_exit,-0.45,346.48858642578125,345.95343017578125,11,True,421.37,20771.05
11557,V,2026-03-19,2026-04-02,time_exit,0.06,298.53533935546875,299.6210632324219,11,True,421.37,20771.3
11558,SBUX,2026-03-19,2026-04-02,time_exit,-6.0,94.72743225097656,89.33025360107422,11,True,421.37,20746.02
11559,ANET,2026-03-20,2026-04-06,time_exit,-4.09,131.22000122070312,126.25,11,True,420.63,20728.82
11560,MRK,2026-03-20,2026-04-06,time_exit,5.54,113.3647689819336,119.98714447021484,11,True,420.63,20752.12
11561,CRM,2026-03-20,2026-04-06,time_exit,-5.6,194.39085388183597,184.0932464599609,11,True,420.63,20728.56
11562,DASH,2026-03-20,2026-04-06,time_exit,-1.3,156.63999938964844,155.07000732421875,11,True,420.63,20723.09
11563,MNST,2026-03-20,2026-04-06,time_exit,0.34,73.69000244140625,74.16000366210938,11,True,420.63,20724.53
11564,ABBV,2026-03-20,2026-04-06,time_exit,0.49,201.9452972412109,203.5406036376953,11,True,420.63,20726.59
11565,GE,2026-03-20,2026-04-06,time_exit,0.36,286.4329528808594,288.3305969238281,11,True,420.63,20728.1
11570,MO,2026-03-23,2026-04-07,time_exit,4.31,62.39572525024414,65.27384185791016,11,True,419.85,20746.2
11571,GILD,2026-03-23,2026-04-07,time_exit,0.76,136.44326782226562,137.8937530517578,11,True,419.85,20749.39
11572,JNJ,2026-03-23,2026-04-07,time_exit,0.97,232.925048828125,235.8833770751953,11,True,419.85,20753.46
11573,VRT,2026-03-24,2026-04-08,time_exit,3.44,270.83367919921875,280.9715270996094,11,True,419.85,20767.9
11574,PM,2026-03-24,2026-04-08,time_exit,-2.09,162.5225830078125,159.61668395996094,11,True,419.85,20759.13
11575,BMY,2026-03-24,2026-04-08,time_exit,3.92,56.17022705078125,58.53919219970703,11,True,419.85,20775.59
11576,UBER,2026-03-24,2026-04-08,time_exit,-0.24,72.33999633789062,72.37999725341797,11,True,419.85,20774.58
11587,GOOG,2026-03-25,2026-04-09,time_exit,8.95,289.4158020019531,316.1797180175781,11,True,419.02,20812.08
11588,BKNG,2026-03-25,2026-04-09,time_exit,3.88,169.08493041992188,176.15716552734375,11,True,419.02,20828.34
11589,KO,2026-03-25,2026-04-09,time_exit,3.59,74.76728057861328,77.67848205566406,11,True,419.02,20843.38
11590,WM,2026-03-25,2026-04-09,time_exit,3.37,223.8798065185547,232.09420776367188,11,True,419.02,20857.5
11591,GOOGL,2026-03-25,2026-04-09,time_exit,9.17,290.7563171386719,318.29986572265625,11,True,419.02,20895.93
11594,NOW,2026-03-26,2026-04-10,time_exit,-20.22,103.63999938964844,83.0,11,True,418.77,20811.25
11595,CRWD,2026-03-26,2026-04-10,time_exit,-3.76,98.15499877929688,94.75499725341795,11,True,418.77,20795.51
11598,HWM,2026-03-27,2026-04-13,time_exit,12.09,227.6895751953125,255.9035186767578,11,True,416.77,20845.89
11599,MCO,2026-03-27,2026-04-13,time_exit,3.18,422.9349060058594,437.6386413574219,11,True,416.77,20859.15
11600,PGR,2026-03-27,2026-04-13,time_exit,0.12,198.64894104003903,199.4814300537109,11,True,416.77,20859.65
11601,TT,2026-03-27,2026-04-13,time_exit,14.99,409.30120849609375,471.8692321777344,11,True,416.77,20922.12
11602,STX,2026-03-27,2026-04-13,time_exit,34.75,379.7991943359375,512.914306640625,11,True,416.77,21066.95
11603,ELV,2026-03-27,2026-04-13,time_exit,10.06,285.2294006347656,314.78912353515625,11,True,416.77,21108.87
11604,SPGI,2026-03-27,2026-04-13,time_exit,5.57,382.5814208984375,405.0330505371094,11,True,416.77,21132.09
11607,ISRG,2026-03-30,2026-04-14,time_exit,2.89,452.7799987792969,467.2200012207031,11,True,416.38,21144.12
11619,SCHW,2026-04-01,2026-04-16,time_exit,-0.02,91.76219177246094,92.02051544189452,11,True,416.46,21144.04
11620,ADP,2026-04-01,2026-04-16,time_exit,-0.74,199.764404296875,198.881103515625,11,True,416.46,21140.95
11621,TMUS,2026-04-01,2026-04-16,time_exit,-3.79,201.9820098876953,194.93118286132807,11,True,416.46,21125.17
11624,BLK,2026-04-02,2026-04-17,time_exit,8.55,961.143798828125,1046.2442626953125,11,True,414.92,21160.65
11625,HCA,2026-04-02,2026-04-17,time_exit,3.12,470.896240234375,487.02392578125,11,True,414.92,21173.59
11626,HD,2026-04-02,2026-04-17,time_exit,8.33,319.23553466796875,346.7987670898437,11,True,414.92,21208.16
11627,ABNB,2026-04-02,2026-04-17,time_exit,12.99,124.9499969482422,141.5500030517578,11,True,414.92,21262.05
11628,TSLA,2026-04-06,2026-04-20,time_exit,10.95,352.82000732421875,392.5,11,True,414.56,21307.45
11629,QCOM,2026-04-06,2026-04-20,time_exit,9.08,125.267333984375,137.01394653320312,11,True,414.56,21345.09
11630,VRTX,2026-04-07,2026-04-21,time_exit,0.8,431.8599853515625,436.5899963378906,11,True,415.07,21348.41
11631,INTU,2026-04-07,2026-04-21,time_exit,-1.31,407.1724853515625,403.0645446777344,11,True,415.07,21342.97
11632,ABBV,2026-04-07,2026-04-21,time_exit,-0.08,203.22547912597656,203.67030334472656,11,True,415.07,21342.64
11633,VLO,2026-04-08,2026-04-22,time_exit,-2.5,237.588623046875,232.35382080078125,11,True,415.49,21332.25
11634,MPC,2026-04-10,2026-04-24,time_exit,0.38,221.1680145263672,222.6781005859375,11,True,415.91,21333.83
11635,APP,2026-04-10,2026-04-24,time_exit,14.24,391.3800048828125,448.2900085449219,11,True,415.91,21393.06
11636,PFE,2026-04-10,2026-04-24,time_exit,-0.0,26.027530670166016,26.10487937927246,11,True,415.91,21393.06
11637,MCD,2026-04-13,2026-04-27,time_exit,-5.0,300.3240051269531,286.2205810546875,11,True,422.64,21371.93
11638,BMY,2026-04-13,2026-04-27,time_exit,-0.78,57.41191864013672,57.13504409790039,11,True,422.64,21368.63
11639,DUK,2026-04-14,2026-04-28,time_exit,-1.83,127.54672241210938,125.60079193115234,11,True,422.88,21360.89
11640,SO,2026-04-14,2026-04-28,time_exit,-1.92,94.39257049560548,92.86788940429688,11,True,422.88,21352.77
11641,T,2026-04-14,2026-04-28,time_exit,1.42,25.28148651123047,25.71567153930664,11,True,422.88,21358.78
11642,VZ,2026-04-14,2026-04-28,time_exit,3.57,44.71769332885742,46.44819641113281,11,True,422.88,21373.87
11643,JNJ,2026-04-14,2026-04-28,time_exit,-5.43,237.5554656982422,225.37591552734372,11,True,422.88,21350.91
11644,LLY,2026-04-15,2026-04-29,time_exit,-6.25,902.1820068359376,848.5313110351562,11,True,422.88,21324.48
11645,COP,2026-04-15,2026-04-29,time_exit,7.55,117.26062774658205,126.46044921875,11,True,422.88,21356.41
11646,NEE,2026-04-15,2026-04-29,time_exit,2.91,89.90052795410156,92.78752136230467,11,True,422.88,21368.72
11647,KO,2026-04-15,2026-04-29,time_exit,4.43,74.82688903808594,78.36405944824219,11,True,422.88,21387.45
11648,WM,2026-04-16,2026-04-30,time_exit,3.48,223.1131134033203,231.54656982421875,11,True,422.5,21402.15
11649,LMT,2026-04-16,2026-04-30,time_exit,-15.04,599.828857421875,511.4377746582031,11,True,422.5,21338.61
11650,GD,2026-04-16,2026-04-30,time_exit,2.5,333.45245361328125,342.79132080078125,11,True,422.5,21349.17
11651,TJX,2026-04-16,2026-04-30,time_exit,-0.76,156.47218322753906,155.74685668945312,11,True,422.5,21345.96
11652,BRK-B,2026-04-16,2026-04-30,time_exit,-0.62,475.1199951171875,473.6000061035156,11,True,422.5,21343.34
11653,WMB,2026-04-17,2026-05-01,time_exit,5.87,70.62844848632812,74.98626708984375,11,True,425.24,21368.3
11654,GILD,2026-04-17,2026-05-01,time_exit,-4.65,136.74131774902344,130.79042053222656,11,True,425.24,21348.53
11655,PM,2026-04-17,2026-05-01,time_exit,5.14,156.49258422851562,165.011962890625,11,True,425.24,21370.39
11656,NFLX,2026-04-17,2026-05-01,time_exit,-5.7,97.30999755859376,92.05999755859376,11,True,425.24,21346.15
11657,SCHW,2026-04-17,2026-05-01,time_exit,-1.1,91.68270874023438,90.94750213623048,11,True,425.24,21341.47
11658,REGN,2026-04-21,2026-05-05,time_exit,-6.33,745.3750610351562,700.40478515625,11,True,426.85,21314.45
11659,MRK,2026-04-22,2026-05-06,time_exit,0.29,112.08397674560548,112.74919128417967,11,True,426.65,21315.69
11660,PH,2026-04-22,2026-05-06,time_exit,-5.72,950.363525390625,898.8140258789062,11,True,426.65,21291.28
11661,CB,2026-04-22,2026-05-06,time_exit,-1.38,324.41778564453125,320.89874267578125,11,True,426.65,21285.39
11662,TMUS,2026-04-22,2026-05-06,time_exit,1.94,186.82223510742188,191.01515197753903,11,True,426.65,21293.67
11663,CME,2026-04-22,2026-05-06,time_exit,0.62,284.2362670898437,286.8526916503906,11,True,426.65,21296.32
11664,ACN,2026-04-23,2026-05-07,time_exit,0.77,176.1617889404297,178.04910278320312,11,True,426.65,21299.6
11665,ABT,2026-04-23,2026-05-07,time_exit,-6.21,91.82508087158205,86.39381408691406,11,True,426.65,21273.11
11666,WFC,2026-04-23,2026-05-07,time_exit,-1.98,79.5953598022461,78.26069641113281,11,True,426.65,21264.66
11667,NEM,2026-04-23,2026-05-07,time_exit,1.89,110.80127716064452,113.22561645507812,11,True,426.65,21272.72
11668,IBM,2026-04-23,2026-05-07,time_exit,-0.2,227.7578582763672,227.9845428466797,11,True,426.65,21271.87
11669,SYK,2026-04-23,2026-05-07,time_exit,-11.04,328.7723083496094,293.4466247558594,11,True,426.65,21224.77
11670,MMM,2026-04-23,2026-05-07,time_exit,-1.05,143.46673583984375,142.38706970214844,11,True,426.65,21220.29
11671,FCX,2026-04-24,2026-05-08,time_exit,0.68,60.90217590332031,61.50072860717773,11,True,427.86,21223.2
11672,VRTX,2026-04-24,2026-05-08,time_exit,-0.41,430.2900085449219,429.8200073242188,11,True,427.86,21221.44
11673,MCK,2026-04-24,2026-05-08,time_exit,-11.41,826.317138671875,734.496337890625,11,True,427.86,21172.62
11674,AMGN,2026-04-27,2026-05-11,time_exit,-3.41,335.6687316894531,325.2191772460937,11,True,427.37,21158.05
11675,BAC,2026-04-27,2026-05-11,time_exit,-4.25,52.35795974731445,50.28871154785156,11,True,427.37,21139.89
11676,ABBV,2026-04-27,2026-05-11,time_exit,2.44,195.98501586914065,201.34683227539065,11,True,427.37,21150.32
11677,CMCSA,2026-04-27,2026-05-11,time_exit,-9.31,27.14021110534668,24.69354820251465,11,True,427.37,21110.53
11678,AMAT,2026-04-28,2026-05-12,time_exit,12.84,380.2301940917969,430.20458984375,11,True,427.02,21165.36
11679,MAR,2026-04-28,2026-05-12,time_exit,-2.56,356.8988037109375,348.8311767578125,11,True,427.02,21154.43
11680,DE,2026-04-28,2026-05-12,time_exit,4.19,562.4022827148438,587.6668090820312,11,True,427.02,21172.32
11681,SBUX,2026-04-28,2026-05-12,time_exit,9.26,96.1607437133789,105.35375213623048,11,True,427.02,21211.86
11682,PFE,2026-04-28,2026-05-12,time_exit,-0.99,25.60211753845215,25.42521476745605,11,True,427.02,21207.63
11683,UPS,2026-04-28,2026-05-12,time_exit,-5.59,100.61277770996094,95.2888412475586,11,True,427.02,21183.76
11684,MRSH,2026-04-28,2026-05-12,time_exit,-4.65,169.8590850830078,162.47088623046875,11,True,427.02,21163.9
11685,DIS,2026-04-28,2026-05-12,time_exit,4.32,100.69840240478516,105.35274505615234,11,True,427.02,21182.35
11686,PLTR,2026-04-29,2026-05-13,time_exit,-6.04,137.97000122070312,130.0500030517578,11,True,427.75,21156.52
11687,ORCL,2026-04-29,2026-05-13,time_exit,15.53,163.26202392578125,189.10211181640625,11,True,427.75,21222.95
11688,PNC,2026-04-29,2026-05-13,time_exit,-4.35,216.9801177978516,208.2001037597656,11,True,427.75,21204.34
11689,C,2026-04-29,2026-05-13,time_exit,-2.59,126.3667221069336,123.47223663330078,11,True,427.75,21193.26
11690,ISRG,2026-04-29,2026-05-13,time_exit,-5.05,453.8299865722656,432.2699890136719,11,True,427.75,21171.66
11691,COF,2026-04-29,2026-05-13,time_exit,-5.17,189.35562133789065,180.12796020507812,11,True,427.75,21149.54
11692,GLW,2026-04-29,2026-05-13,time_exit,35.65,151.3824920654297,205.8064422607422,11,True,427.75,21302.04
11693,DASH,2026-04-29,2026-05-13,time_exit,-12.26,169.3300018310547,149.07000732421875,11,True,427.75,21249.59
11694,BKNG,2026-04-29,2026-05-13,time_exit,-11.19,173.54371643066406,154.6412353515625,11,True,427.75,21201.73
11695,ICE,2026-04-29,2026-05-13,time_exit,-1.19,155.612060546875,154.22720336914062,11,True,427.75,21196.64
11696,UBER,2026-04-29,2026-05-13,time_exit,0.01,74.47000122070312,74.69999694824219,11,True,427.75,21196.68
11697,MS,2026-04-29,2026-05-13,time_exit,3.86,185.061279296875,192.76885986328125,11,True,427.75,21213.19
11702,PGR,2026-04-30,2026-05-14,time_exit,-2.49,201.19065856933597,196.7926177978516,11,True,426.87,21202.56
11703,KLAC,2026-04-30,2026-05-14,time_exit,7.85,174.61453247070312,188.8392791748047,11,True,426.87,21236.07
11704,EQIX,2026-04-30,2026-05-14,time_exit,-0.59,1072.3768310546875,1069.25732421875,11,True,426.87,21233.55
11705,AXP,2026-04-30,2026-05-14,time_exit,-3.48,322.1680908203125,311.9161682128906,11,True,426.87,21218.7
11707,NVDA,2026-05-01,2026-05-15,time_exit,13.24,198.21897888183597,225.0577087402344,11,True,426.83,21275.21
11708,DHR,2026-05-01,2026-05-15,time_exit,-7.86,174.78738403320312,161.57479858398438,11,True,426.83,21241.66
11709,PLD,2026-05-04,2026-05-18,time_exit,2.26,137.7601776123047,141.28460693359375,11,True,426.83,21251.31
11710,JNJ,2026-05-04,2026-05-18,time_exit,1.81,221.82395935058597,226.4939422607422,11,True,426.83,21259.03
11711,BMY,2026-05-04,2026-05-18,time_exit,-0.42,56.73950958251953,56.670291900634766,11,True,426.83,21257.24
11715,MCO,2026-05-05,2026-05-19,time_exit,-4.49,452.51165771484375,433.57373046875,11,True,426.29,21238.1
11725,CVX,2026-05-06,2026-05-20,time_exit,3.98,181.8920745849609,189.6746826171875,11,True,425.93,21255.05
11726,MDT,2026-05-06,2026-05-20,time_exit,0.41,76.9061050415039,77.4511947631836,11,True,425.93,21256.8
11727,META,2026-05-06,2026-05-20,time_exit,-1.58,612.3125,604.499755859375,11,True,425.93,21250.07
11728,NFLX,2026-05-06,2026-05-20,time_exit,-0.5,88.2699966430664,88.08999633789062,11,True,425.93,21247.94
11729,TJX,2026-05-06,2026-05-20,time_exit,2.45,154.45516967773438,158.70924377441406,11,True,425.93,21258.38
11731,SO,2026-05-07,2026-05-21,time_exit,2.5,90.92022705078124,93.46820068359376,11,True,424.41,21268.99
11732,ANET,2026-05-07,2026-05-21,time_exit,4.53,141.75,148.58999633789062,11,True,424.41,21288.21
11733,VLO,2026-05-07,2026-05-21,time_exit,2.19,234.32681274414065,240.161865234375,11,True,424.41,21297.51
11734,WM,2026-05-07,2026-05-21,time_exit,-1.97,220.4944610595703,216.8104248046875,11,True,424.41,21289.15
11735,JCI,2026-05-07,2026-05-21,time_exit,-3.01,138.86575317382812,135.09619140625,11,True,424.41,21276.37
11736,CB,2026-05-07,2026-05-21,time_exit,2.5,320.2807006835937,329.2327575683594,11,True,424.41,21286.98
11737,APH,2026-05-07,2026-05-21,time_exit,-8.91,136.41419982910156,124.67191314697266,11,True,424.41,21249.17
11739,DUK,2026-05-08,2026-05-22,time_exit,1.78,122.03325653076172,124.57471466064452,11,True,423.45,21256.7
11740,XOM,2026-05-08,2026-05-22,time_exit,7.59,142.67153930664062,153.92332458496094,11,True,423.45,21288.84
11741,NEE,2026-05-08,2026-05-22,time_exit,-5.19,91.73322296142578,87.25003051757812,11,True,423.45,21266.87
11747,HCA,2026-05-11,2026-05-26,time_exit,-8.26,425.5171813964844,391.6351013183594,11,True,422.21,21231.99
11748,IBM,2026-05-11,2026-05-26,time_exit,11.84,221.95779418945312,248.9044952392578,11,True,422.21,21281.98
11749,CME,2026-05-11,2026-05-26,time_exit,-0.31,281.1224060058594,281.0826416015625,11,True,422.21,21280.67
11750,PG,2026-05-11,2026-05-26,time_exit,-0.58,142.29774475097656,141.9007110595703,11,True,422.21,21278.22
11751,BAC,2026-05-12,2026-05-27,time_exit,0.33,50.517520904541016,50.83586883544922,11,True,423.65,21279.62
11752,CSX,2026-05-12,2026-05-27,time_exit,5.56,44.272708892822266,46.86762619018555,11,True,423.65,21303.18
11753,WFC,2026-05-12,2026-05-27,time_exit,0.94,74.75084686279297,75.675537109375,11,True,423.65,21307.16
11754,CMCSA,2026-05-12,2026-05-27,time_exit,0.99,24.56529426574707,24.880992889404297,11,True,423.65,21311.35
11755,UNP,2026-05-12,2026-05-27,time_exit,4.89,263.0067138671875,276.6620788574219,11,True,423.65,21332.07
11756,ADP,2026-05-13,2026-05-28,time_exit,5.08,207.0590667724609,218.2044982910156,11,True,424.26,21353.62
11757,INTU,2026-05-14,2026-05-29,time_exit,-12.66,376.6217041015625,330.0679016113281,11,True,424.37,21299.9
11758,NOW,2026-05-14,2026-05-29,time_exit,37.13,90.5,124.37000274658205,11,True,424.37,21457.47
11759,CRM,2026-05-14,2026-05-29,time_exit,13.74,167.14859008789062,190.6080474853516,11,True,424.37,21515.78
11760,ADBE,2026-05-14,2026-05-29,time_exit,9.07,237.00999450683597,259.2099914550781,11,True,424.37,21554.27
11761,MA,2026-05-14,2026-05-29,time_exit,0.52,489.1200866699219,493.1533203125,11,True,424.37,21556.47
11762,PH,2026-05-15,2026-06-01,time_exit,-4.87,860.9859008789062,821.6451416015625,11,True,424.83,21535.78
11763,BKNG,2026-05-15,2026-06-01,time_exit,9.51,153.74349975585938,168.82557678222656,11,True,424.83,21576.19
11764,ABNB,2026-05-15,2026-06-01,time_exit,3.48,132.85000610351562,137.8699951171875,11,True,424.83,21590.97
11765,AMZN,2026-05-15,2026-06-01,time_exit,-1.39,264.1400146484375,261.260009765625,11,True,424.83,21585.06
11766,C,2026-05-15,2026-06-01,time_exit,4.29,122.7956771850586,128.43699645996094,11,True,424.83,21603.29
11767,BA,2026-05-18,2026-06-02,time_exit,-1.62,220.6100006103516,217.6999969482422,11,True,425.14,21596.4
11768,STX,2026-05-18,2026-06-02,time_exit,24.78,740.3121948242188,925.9497680664062,11,True,425.14,21701.75
11769,VZ,2026-05-18,2026-06-02,time_exit,2.07,45.97623825073242,47.067630767822266,11,True,425.14,21710.55
11770,EQIX,2026-05-18,2026-06-02,time_exit,1.06,1052.36181640625,1066.7032470703125,11,True,425.14,21715.06
11771,PFE,2026-05-18,2026-06-02,time_exit,0.57,24.89449691772461,25.110713958740234,11,True,425.14,21717.48
11772,WDC,2026-05-19,2026-06-03,time_exit,30.04,455.6811828613281,593.9551391601562,11,True,424.76,21845.08
11773,AXP,2026-05-19,2026-06-03,time_exit,-3.13,308.4656066894531,299.7494812011719,11,True,424.76,21831.79
11774,GILD,2026-05-19,2026-06-03,time_exit,-1.46,129.64793395996094,128.14779663085938,11,True,424.76,21825.59
11775,JPM,2026-05-19,2026-06-03,time_exit,1.44,294.3738708496094,299.50079345703125,11,True,424.76,21831.7
11776,DE,2026-05-19,2026-06-03,time_exit,5.12,556.6272583007812,586.7691040039062,11,True,424.76,21853.45
11777,LRCX,2026-05-19,2026-06-03,time_exit,25.43,273.18756103515625,343.4680480957031,11,True,424.76,21961.47
11778,KLAC,2026-05-19,2026-06-03,time_exit,21.79,173.8614959716797,212.2710876464844,11,True,424.76,22054.02
11779,AMAT,2026-05-19,2026-06-03,time_exit,22.92,405.9706726074219,500.2350769042969,11,True,424.76,22151.38
11780,CAT,2026-05-19,2026-06-03,time_exit,7.38,858.5573120117188,924.4650268554688,11,True,424.76,22182.73
11781,UPS,2026-05-19,2026-06-03,time_exit,11.93,95.31037139892578,106.9645538330078,11,True,424.76,22233.4
11782,TT,2026-05-20,2026-06-04,time_exit,2.37,450.6673278808594,462.71002197265625,11,True,425.17,22243.48
11783,KKR,2026-05-20,2026-06-04,time_exit,0.89,94.16106414794922,95.27893829345705,11,True,425.17,22247.26
11784,DASH,2026-05-20,2026-06-04,time_exit,-0.71,160.72999572753906,160.07000732421875,11,True,425.17,22244.24
11785,CDNS,2026-05-20,2026-06-04,time_exit,17.02,350.8900146484375,411.6799926757813,11,True,425.17,22316.6
11786,DIS,2026-05-20,2026-06-04,time_exit,-4.85,103.28855895996094,98.5845947265625,11,True,425.17,22295.98
11794,GOOG,2026-05-21,2026-06-05,time_exit,-4.92,383.2393493652344,365.5400085449219,11,True,424.98,22275.07
11795,PEP,2026-05-21,2026-06-05,time_exit,-3.95,147.3002471923828,141.9199981689453,11,True,424.98,22258.29
11796,ADI,2026-05-21,2026-06-05,time_exit,4.46,381.9966125488281,400.1707763671875,11,True,424.98,22277.24
11797,GOOGL,2026-05-22,2026-06-08,time_exit,-5.38,382.7413940429688,363.30999755859375,11,True,425.34,22254.36
11798,NVDA,2026-05-26,2026-06-09,time_exit,-3.29,214.60987854003903,208.19000244140625,11,True,425.56,22240.36
11799,MPC,2026-05-27,2026-06-10,time_exit,6.27,246.3753967285156,262.5610656738281,11,True,426.64,22267.11
11800,CVS,2026-05-27,2026-06-10,time_exit,6.16,91.50350189208984,97.4168930053711,11,True,426.64,22293.39
11801,CVX,2026-05-27,2026-06-10,time_exit,3.76,180.82192993164065,188.1579132080078,11,True,426.64,22309.43
11802,ICE,2026-05-27,2026-06-10,time_exit,-6.56,149.15603637695312,139.82070922851562,11,True,426.64,22281.44
11803,VLO,2026-05-27,2026-06-10,time_exit,7.04,239.4147491455078,256.9967956542969,11,True,426.64,22311.48
11804,SBUX,2026-05-27,2026-06-10,time_exit,-3.57,101.51683807373048,98.19591522216795,11,True,426.64,22296.25
11805,SCHW,2026-05-28,2026-06-11,time_exit,3.63,85.10184478759766,88.44210052490234,11,True,427.07,22311.75
11806,NFLX,2026-05-28,2026-06-11,time_exit,-6.19,86.36000061035156,81.2699966430664,11,True,427.07,22285.32
11807,WMT,2026-05-28,2026-06-11,time_exit,1.05,118.61603546142578,120.21221160888672,11,True,427.07,22289.8
11808,LIN,2026-05-28,2026-06-11,time_exit,2.71,500.3976440429688,515.4400024414062,11,True,427.07,22301.37
11809,NEM,2026-05-28,2026-06-11,time_exit,-10.13,108.2300033569336,97.58999633789062,11,True,427.07,22258.11
11810,MDT,2026-05-28,2026-06-11,time_exit,6.0,74.8942642211914,79.61170196533203,11,True,427.07,22283.73
11811,SLB,2026-05-28,2026-06-11,time_exit,1.83,54.8325080871582,56.0,11,True,427.07,22291.55
11812,UNH,2026-05-29,2026-06-12,time_exit,7.12,378.1502075195313,406.2000122070313,11,True,431.13,22322.25
11813,SO,2026-05-29,2026-06-12,time_exit,1.82,91.296142578125,93.23017120361328,11,True,431.13,22330.09
11814,MRSH,2026-05-29,2026-06-12,time_exit,5.14,159.0701141357422,167.73110961914062,11,True,431.13,22352.25
11815,UNP,2026-05-29,2026-06-12,time_exit,3.53,261.42681884765625,271.4403381347656,11,True,431.13,22367.47
11816,NEE,2026-05-29,2026-06-12,time_exit,-0.75,85.73263549804688,85.34819030761719,11,True,431.13,22364.24
11817,HWM,2026-06-01,2026-06-15,time_exit,5.54,255.3965301513672,270.309326171875,11,True,432.07,22388.18
11818,V,2026-06-01,2026-06-15,time_exit,0.03,322.1714782714844,323.21954345703125,11,True,432.07,22388.3
11819,CMCSA,2026-06-01,2026-06-15,time_exit,-4.61,24.71327781677246,23.647794723510746,11,True,432.07,22368.39
11820,COST,2026-06-01,2026-06-15,time_exit,3.22,944.608154296875,977.895263671875,11,True,432.07,22382.3
11821,JCI,2026-06-01,2026-06-15,time_exit,9.08,133.54049682617188,146.05999755859375,11,True,432.07,22421.53
11822,PG,2026-06-01,2026-06-15,time_exit,6.96,139.24057006835938,149.3451385498047,11,True,432.07,22451.6
11823,TXN,2026-06-01,2026-06-15,time_exit,6.57,291.7064514160156,311.74383544921875,11,True,432.07,22479.99
11826,DUK,2026-06-02,2026-06-16,time_exit,3.8,120.03462982177734,124.96131134033205,11,True,434.35,22496.49
11827,CB,2026-06-02,2026-06-16,time_exit,5.35,311.2987060546875,328.8900146484375,11,True,434.35,22519.73
11828,AMZN,2026-06-02,2026-06-16,time_exit,-4.4,256.5199890136719,246.0,11,True,434.35,22500.62
11829,WMB,2026-06-02,2026-06-16,time_exit,0.68,70.78726959228516,71.4800033569336,11,True,434.35,22503.57
11830,WM,2026-06-02,2026-06-16,time_exit,3.29,211.0155334472656,218.58999633789065,11,True,434.35,22517.86
11836,VRTX,2026-06-03,2026-06-17,time_exit,6.86,428.3399963378906,458.989990234375,11,True,444.67,22548.37
11837,KO,2026-06-03,2026-06-17,time_exit,1.84,78.25476837158203,79.93000030517578,11,True,444.67,22556.55
11838,AVGO,2026-06-04,2026-06-18,time_exit,-2.1,418.248046875,410.7000122070313,11,True,445.92,22547.19
11839,HCA,2026-06-08,2026-06-23,time_exit,7.0,360.5973205566406,386.9200134277344,11,True,445.09,22578.34
11840,META,2026-06-08,2026-06-23,time_exit,-4.17,584.8479614257812,562.2000122070312,11,True,445.09,22559.78
11841,INTU,2026-06-08,2026-06-23,time_exit,-15.83,304.16265869140625,256.9119567871094,11,True,445.09,22489.32
11842,PEP,2026-06-08,2026-06-23,time_exit,0.67,140.67999267578125,142.0500030517578,11,True,445.09,22492.31
11843,MSFT,2026-06-08,2026-06-23,time_exit,-9.48,410.9663391113281,373.23736572265625,11,True,445.09,22450.11
11844,WDC,2026-06-09,2026-06-24,time_exit,24.06,517.719970703125,643.8300170898438,11,True,444.81,22557.13
11845,ADI,2026-06-09,2026-06-24,time_exit,1.81,403.3909606933594,411.905029296875,11,True,444.81,22565.18
11846,GOOGL,2026-06-09,2026-06-24,time_exit,-5.51,364.260009765625,345.2900085449219,11,True,444.81,22540.68
11847,GLW,2026-06-09,2026-06-24,time_exit,18.03,173.6130828857422,205.4431610107422,11,True,444.81,22620.87
11848,TSLA,2026-06-09,2026-06-24,time_exit,-5.63,396.6799926757813,375.5299987792969,11,True,444.81,22595.83
11849,UBER,2026-06-09,2026-06-24,time_exit,4.63,70.37999725341797,73.8499984741211,11,True,444.81,22616.43
11850,ETN,2026-06-09,2026-06-24,time_exit,0.41,400.7340393066406,403.5969848632813,11,True,444.81,22618.25
11851,PWR,2026-06-09,2026-06-24,time_exit,1.14,691.8442993164062,701.7727661132812,11,True,444.81,22623.32
11852,BKNG,2026-06-09,2026-06-24,time_exit,10.23,163.99000549316406,181.25,11,True,444.81,22668.82
11853,AMD,2026-06-09,2026-06-24,time_exit,9.0,475.510009765625,519.739990234375,11,True,444.81,22708.86
11854,ADBE,2026-06-09,2026-06-24,time_exit,-17.67,237.8800048828125,196.57000732421875,11,True,444.81,22630.26
11855,FCX,2026-06-09,2026-06-24,time_exit,-4.05,64.09442901611328,61.69026565551758,11,True,444.81,22612.24
11864,VRT,2026-06-10,2026-06-25,time_exit,15.59,280.92156982421875,325.57000732421875,11,True,445.92,22681.76
11865,UPS,2026-06-10,2026-06-25,time_exit,5.56,101.63946533203124,107.59451293945312,11,True,445.92,22706.56
11866,ACN,2026-06-10,2026-06-25,time_exit,-26.51,168.47422790527344,124.32508850097656,11,True,445.92,22588.34
11867,AAPL,2026-06-10,2026-06-25,time_exit,-5.93,291.3287353515625,274.91290283203125,11,True,445.92,22561.9
11868,DIS,2026-06-10,2026-06-25,time_exit,-0.87,97.8601531982422,97.30441284179688,11,True,445.92,22558.02
11869,TT,2026-06-10,2026-06-25,time_exit,11.8,449.1199951171875,503.4599914550781,11,True,445.92,22610.64
11870,GOOG,2026-06-11,2026-06-26,time_exit,-6.43,356.5599975585937,334.69000244140625,11,True,445.83,22581.97
11871,EQIX,2026-06-11,2026-06-26,time_exit,4.31,1038.2193603515625,1086.1104736328125,11,True,445.83,22601.19
11872,COF,2026-06-11,2026-06-26,time_exit,11.76,181.3993988037109,203.2821350097656,11,True,445.83,22653.62
11873,CSCO,2026-06-11,2026-06-26,time_exit,-6.92,121.37593841552734,113.3459701538086,11,True,445.83,22622.77
11874,ABNB,2026-06-11,2026-06-26,time_exit,10.92,130.8699951171875,145.55999755859375,11,True,445.83,22671.45
11875,NOW,2026-06-12,2026-06-29,time_exit,-2.43,102.1500015258789,99.97000122070312,11,True,447.28,22660.58
11876,NFLX,2026-06-12,2026-06-29,time_exit,-8.47,80.33999633789062,73.77999877929688,11,True,447.28,22622.7
11877,VLO,2026-06-15,2026-06-30,time_exit,5.07,246.20849609375,259.4373779296875,11,True,449.6,22645.49
11878,IBM,2026-06-15,2026-06-30,time_exit,4.35,266.796142578125,279.20709228515625,11,True,449.6,22665.05
11879,SLB,2026-06-15,2026-06-30,time_exit,-13.74,53.709999084472656,46.4900016784668,11,True,449.6,22603.27
11880,MRK,2026-06-16,2026-07-01,time_exit,8.56,115.16999816894533,125.37000274658205,11,True,450.36,22641.82
11881,ADP,2026-06-16,2026-07-01,time_exit,5.88,222.0,235.72999572753903,11,True,450.36,22668.31
11882,COP,2026-06-16,2026-07-01,time_exit,-7.59,110.602294921875,102.53610229492188,11,True,450.36,22634.12
11883,MPC,2026-06-16,2026-07-01,time_exit,5.45,249.7860565185547,264.146728515625,11,True,450.36,22658.67
11884,PSX,2026-06-16,2026-07-01,time_exit,1.15,171.0919189453125,173.57872009277344,11,True,450.36,22663.85
11885,ELV,2026-06-17,2026-07-02,time_exit,6.5,391.2699890136719,417.8900146484375,11,True,451.13,22693.17
11886,CME,2026-06-17,2026-07-02,time_exit,-6.61,252.5399932861328,236.6000061035156,11,True,451.13,22663.35
11887,PLD,2026-06-18,2026-07-06,time_exit,-0.54,140.5399932861328,140.1999969482422,11,True,450.94,22660.92
11888,AMGN,2026-06-18,2026-07-06,time_exit,8.24,335.6385192871094,364.3109436035156,11,True,450.94,22698.07
11889,DHR,2026-06-18,2026-07-06,time_exit,9.21,176.80320739746094,193.6199951171875,11,True,450.94,22739.61
11890,SPGI,2026-06-18,2026-07-06,time_exit,14.74,387.8897399902344,446.2181091308594,11,True,450.94,22806.07
11891,MO,2026-06-18,2026-07-06,time_exit,3.69,69.12000274658203,71.87999725341797,11,True,450.94,22822.71
11892,XOM,2026-06-18,2026-07-06,time_exit,-1.29,136.92340087890625,135.5622100830078,11,True,450.94,22816.9
11893,MCK,2026-06-18,2026-07-06,time_exit,4.18,749.8330078125,783.3973388671875,11,True,450.94,22835.75
11894,REGN,2026-06-18,2026-07-06,time_exit,6.24,609.2285766601562,649.0521240234375,11,True,450.94,22863.89
11895,ICE,2026-06-18,2026-07-06,time_exit,0.47,133.8800048828125,134.91000366210938,11,True,450.94,22866.01
11896,UNP,2026-06-22,2026-07-07,time_exit,8.63,258.7094116210937,281.81219482421875,11,True,450.94,22904.92
11902,AMZN,2026-06-23,2026-07-08,time_exit,3.76,234.1100006103516,243.6199951171875,11,True,449.0,22921.8
11903,WMT,2026-06-23,2026-07-08,time_exit,-5.59,119.1347885131836,112.8298797607422,11,True,449.0,22896.7
11904,MAR,2026-06-23,2026-07-08,time_exit,-4.35,386.0454711914063,370.40728759765625,11,True,449.0,22877.17
11905,LLY,2026-06-23,2026-07-08,time_exit,9.52,1105.495849609375,1214.0902099609375,11,True,449.0,22919.92
11906,META,2026-06-24,2026-07-09,time_exit,12.94,557.6699829101562,631.47998046875,11,True,452.24,22978.44
11907,MCO,2026-06-25,2026-07-10,time_exit,10.74,437.924560546875,486.2524108886719,11,True,452.21,23027.01
11908,TSLA,2026-06-25,2026-07-10,time_exit,8.4,375.1199951171875,407.760009765625,11,True,452.21,23064.99
11909,BLK,2026-06-25,2026-07-10,time_exit,6.3,971.9199829101562,1036.1099853515625,11,True,452.21,23093.48
11910,GOOGL,2026-06-25,2026-07-10,time_exit,3.62,343.7099914550781,357.17999267578125,11,True,452.21,23109.85
11911,CVX,2026-06-25,2026-07-10,time_exit,2.12,170.74984741210938,174.87384033203125,11,True,452.21,23119.44
11912,NVDA,2026-06-26,2026-07-13,time_exit,5.41,192.52999877929688,203.52999877929688,11,True,453.43,23143.97
11913,CDNS,2026-06-26,2026-07-13,time_exit,-0.13,377.2699890136719,377.9200134277344,11,True,453.43,23143.38
11914,DIS,2026-06-26,2026-07-13,time_exit,-2.38,98.03878021240234,96.0,11,True,453.43,23132.59
11915,SCHW,2026-06-26,2026-07-13,time_exit,12.61,90.4063720703125,102.08232879638672,11,True,453.43,23189.77
11916,TJX,2026-06-26,2026-07-13,time_exit,-3.45,154.9411163330078,150.05653381347656,11,True,453.43,23174.12
11917,PG,2026-06-29,2026-07-14,time_exit,-1.9,147.3500213623047,144.99758911132812,11,True,452.45,23165.53
11918,LIN,2026-06-29,2026-07-14,time_exit,1.95,511.05999755859375,522.5399780273438,11,True,452.45,23174.35
11919,FCX,2026-06-29,2026-07-14,time_exit,0.24,61.47079849243164,61.79999923706055,11,True,452.45,23175.43
11920,QCOM,2026-06-29,2026-07-14,time_exit,-5.93,188.72000122070312,178.10000610351562,11,True,452.45,23148.6
11921,MRVL,2026-06-29,2026-07-14,time_exit,-20.19,277.6814880371094,222.44000244140625,11,True,452.45,23057.25
11922,VRT,2026-06-29,2026-07-14,time_exit,-1.4,306.9700012207031,303.5799865722656,11,True,452.45,23050.92
11923,TXN,2026-06-29,2026-07-14,time_exit,6.73,284.0257873535156,303.9935302734375,11,True,452.45,23081.37
11924,AVGO,2026-06-29,2026-07-14,time_exit,4.17,372.4500122070313,389.1099853515625,11,True,452.45,23100.24
11925,DELL,2026-06-29,2026-07-14,time_exit,10.05,413.9259948730469,456.7851867675781,11,True,452.45,23145.71
11926,NEM,2026-06-30,2026-07-15,time_exit,1.64,93.4000015258789,95.20999908447266,11,True,452.07,23153.12
11927,ORCL,2026-06-30,2026-07-15,time_exit,-9.58,146.04193115234375,132.49000549316406,11,True,452.07,23109.81
11928,MS,2026-07-01,2026-07-16,time_exit,2.77,210.7001495361328,217.17449951171875,11,True,453.28,23122.37
11929,GS,2026-07-01,2026-07-16,time_exit,7.14,1014.6406860351562,1090.1209716796875,11,True,453.28,23154.73
11930,C,2026-07-01,2026-07-16,time_exit,-6.31,139.42115783691406,131.0437469482422,11,True,453.28,23126.13
11931,SLB,2026-07-02,2026-07-17,time_exit,3.82,45.130001068115234,46.9900016784668,11,True,453.27,23143.45
11932,KLAC,2026-07-02,2026-07-17,time_exit,-9.98,235.28407287597656,212.5098114013672,11,True,453.27,23098.21
11933,CAT,2026-07-02,2026-07-17,time_exit,-8.94,961.7459106445312,878.6500244140625,11,True,453.27,23057.69
11934,VZ,2026-07-02,2026-07-17,time_exit,3.87,41.84663772583008,43.59000015258789,11,True,453.27,23075.23
11935,T,2026-07-02,2026-07-17,time_exit,7.1,20.30807876586914,21.809999465942383,11,True,453.27,23107.41
11936,INTC,2026-07-02,2026-07-17,time_exit,-21.33,120.3499984741211,95.04000091552734,11,True,453.27,23010.73
11937,ETN,2026-07-02,2026-07-17,time_exit,0.07,397.5418701171875,399.0082702636719,11,True,453.27,23011.05
11938,PFE,2026-07-06,2026-07-20,time_exit,4.04,23.31217765808105,24.32447052001953,11,True,457.32,23029.52
11939,EQIX,2026-07-06,2026-07-20,time_exit,1.55,994.0901489257812,1012.4722900390624,11,True,457.32,23036.61
11940,PH,2026-07-07,2026-07-21,time_exit,-0.08,955.58544921875,957.6512451171876,11,True,458.1,23036.25
11941,JCI,2026-07-07,2026-07-21,time_exit,0.48,140.6199951171875,141.7100067138672,11,True,458.1,23038.44
11942,PWR,2026-07-07,2026-07-21,time_exit,-2.98,656.7899780273438,639.2000122070312,11,True,458.1,23024.79
11943,WDC,2026-07-07,2026-07-21,time_exit,2.76,532.0999755859375,548.3900146484375,11,True,458.1,23037.44
11944,STX,2026-07-07,2026-07-21,time_exit,7.46,827.6400146484375,891.8300170898438,11,True,458.1,23071.61
11945,ADI,2026-07-07,2026-07-21,time_exit,0.7,377.8786926269531,381.647216796875,11,True,458.1,23074.82
11946,APH,2026-07-08,2026-07-22,time_exit,-0.75,158.22000122070312,157.50999450683594,11,True,458.4,23071.38
11947,CSCO,2026-07-08,2026-07-22,time_exit,-1.71,113.81999969482422,112.20999908447266,11,True,458.4,23063.54
11948,LOW,2026-07-09,2026-07-23,time_exit,-4.92,211.69171142578125,201.9199981689453,11,True,459.57,23040.93
11949,BKNG,2026-07-09,2026-07-23,time_exit,-1.83,175.52000427246094,172.8300018310547,11,True,459.57,23032.52
11950,PEP,2026-07-09,2026-07-23,time_exit,-2.41,137.86000061035156,134.9499969482422,11,True,459.57,23021.44
11951,DUK,2026-07-10,2026-07-24,time_exit,3.72,124.3863754272461,129.3824462890625,11,True,462.39,23038.64
11952,COST,2026-07-10,2026-07-24,time_exit,1.91,914.7955322265624,935.030029296875,11,True,462.39,23047.48
11953,GE,2026-07-10,2026-07-24,time_exit,-1.84,359.2699890136719,353.7300109863281,11,True,462.39,23038.97
11954,MO,2026-07-10,2026-07-24,time_exit,1.37,71.79000091552734,72.98999786376953,11,True,462.39,23045.3
11955,MRK,2026-07-13,2026-07-27,time_exit,5.13,124.02999877929688,130.75999450683594,11,True,463.48,23069.08
11956,APP,2026-07-13,2026-07-27,time_exit,-7.1,442.8500061035156,412.7300109863281,11,True,463.48,23036.17
11957,ABBV,2026-07-13,2026-07-27,time_exit,4.03,246.2472381591797,256.9100036621094,11,True,463.48,23054.85
11958,DE,2026-07-14,2026-07-28,time_exit,9.19,584.4000244140625,639.8400268554688,11,True,462.91,23097.39
11959,VRTX,2026-07-14,2026-07-28,time_exit,2.66,476.30999755859375,490.3900146484375,11,True,462.91,23109.71
11960,MAR,2026-07-14,2026-07-28,time_exit,5.3,362.4534301757813,382.7421875,11,True,462.91,23134.24
11961,SYK,2026-07-14,2026-07-28,time_exit,11.12,311.07000732421875,346.6000061035156,11,True,462.91,23185.72
11962,UBER,2026-07-14,2026-07-28,time_exit,-2.16,72.08000183105469,70.73999786376953,11,True,462.91,23175.72
11963,TJX,2026-07-14,2026-07-28,time_exit,6.66,149.8671417236328,160.2942352294922,11,True,462.91,23206.55
11964,ELV,2026-07-15,2026-07-29,time_exit,-3.98,390.3299865722656,375.9800109863281,11,True,462.2,23188.15
11965,AMGN,2026-07-15,2026-07-29,time_exit,7.88,356.2381286621094,385.3877868652344,11,True,462.2,23224.57
11966,PM,2026-07-15,2026-07-29,time_exit,9.41,180.8800048828125,198.44000244140625,11,True,462.2,23268.07
11967,MU,2026-07-15,2026-07-29,time_exit,-18.58,904.280029296875,739.0,11,True,462.2,23182.19
11968,LLY,2026-07-15,2026-07-29,time_exit,4.32,1154.9749755859375,1208.28857421875,11,True,462.2,23202.16
11969,ABT,2026-07-15,2026-07-29,time_exit,20.68,89.2699966430664,108.0,11,True,462.2,23297.74
11970,NOW,2026-07-16,2026-07-30,time_exit,5.53,104.01000213623048,110.06999969482422,11,True,462.52,23323.32
11971,LIN,2026-07-16,2026-07-30,time_exit,-2.62,520.739990234375,508.6400146484375,11,True,462.52,23311.2
11972,AMD,2026-07-16,2026-07-30,time_exit,-3.4,500.9400024414063,485.3900146484375,11,True,462.52,23295.47
11973,BRK-B,2026-07-16,2026-07-30,time_exit,3.06,493.1199951171875,509.6799926757813,11,True,462.52,23309.63
11974,TSLA,2026-07-16,2026-07-30,time_exit,-21.32,391.05999755859375,308.8500061035156,11,True,462.52,23211.02
11975,LMT,2026-07-16,2026-07-30,time_exit,11.5,510.3633117675781,570.580810546875,11,True,462.52,23264.21
11976,PGR,2026-07-16,2026-07-30,time_exit,3.33,205.8000030517578,213.27999877929688,11,True,462.52,23279.61
11977,IBM,2026-07-16,2026-07-30,time_exit,0.93,217.4898376464844,220.1606903076172,11,True,462.52,23283.91
11978,AMAT,2026-07-17,2026-07-31,time_exit,-4.45,529.0941772460938,507.1277465820313,11,True,460.22,23263.43
11979,LRCX,2026-07-17,2026-07-31,time_exit,-6.77,313.29998779296875,293.0199890136719,11,True,460.22,23232.27
11980,QCOM,2026-07-17,2026-07-31,time_exit,-14.37,171.77999877929688,147.61000061035156,11,True,460.22,23166.14
11981,TT,2026-07-17,2026-07-31,time_exit,-3.5,469.9800109863281,454.9500122070313,11,True,460.22,23150.03
11982,KO,2026-07-17,2026-07-31,time_exit,7.09,81.55999755859375,87.58999633789062,11,True,460.22,23182.66
11983,MRVL,2026-07-17,2026-07-31,time_exit,-0.89,188.67999267578125,187.55999755859372,11,True,460.22,23178.57
11984,DASH,2026-07-17,2026-07-31,time_exit,6.23,184.13999938964844,196.16000366210935,11,True,460.22,23207.24
11985,GLW,2026-07-17,2026-07-31,time_exit,-10.88,154.3194122314453,137.9901580810547,11,True,460.22,23157.17
11986,DELL,2026-07-17,2026-07-31,time_exit,2.15,395.6861267089844,405.3699951171875,11,True,460.22,23167.06
11990,ISRG,2026-07-20,2026-08-03,time_exit,6.0,353.1700134277344,375.4100036621094,11,True,460.73,23194.7
11991,TMO,2026-07-21,2026-08-04,time_exit,7.59,523.4600219726562,564.75,11,True,461.5,23229.73
11992,JNJ,2026-07-21,2026-08-04,time_exit,1.42,249.3800811767578,253.67886352539065,11,True,461.5,23236.28
11993,RTX,2026-07-21,2026-08-04,time_exit,12.23,193.0287628173828,217.20843505859372,11,True,461.5,23292.73
11994,HD,2026-07-21,2026-08-04,time_exit,4.72,331.6000061035156,348.239990234375,11,True,461.5,23314.51
11995,SLB,2026-07-21,2026-08-04,time_exit,8.76,46.59000015258789,50.810001373291016,11,True,461.5,23354.94
11996,GD,2026-07-21,2026-08-04,time_exit,4.6,367.7300109863281,385.760009765625,11,True,461.5,23376.16
11997,SCHW,2026-07-22,2026-08-05,time_exit,6.86,100.50692749023438,107.70592498779295,11,True,461.27,23407.81
11998,MCD,2026-07-23,2026-08-06,time_exit,4.82,260.9452209472656,274.31024169921875,11,True,460.43,23430.0
11999,SBUX,2026-07-23,2026-08-06,time_exit,1.59,102.62049865722656,104.55936431884766,11,True,460.43,23437.32
12000,REGN,2026-07-23,2026-08-06,time_exit,18.14,651.1495971679688,771.2094116210938,11,True,460.43,23520.84
12001,GILD,2026-07-23,2026-08-06,time_exit,-0.3,130.86000061035156,130.86000061035156,11,True,460.43,23519.46
12002,TXN,2026-07-23,2026-08-06,time_exit,-2.11,283.5382385253906,278.3999938964844,11,True,460.43,23509.75
12005,CMCSA,2026-07-24,2026-08-07,time_exit,13.42,22.299999237060547,25.36000061035156,11,True,460.91,23571.6
12006,AMZN,2026-07-24,2026-08-07,time_exit,17.95,232.1100006103516,274.4800109863281,11,True,460.91,23654.33
12007,INTC,2026-07-27,2026-08-10,time_exit,6.08,91.66999816894533,97.5199966430664,11,True,461.1,23682.37
12008,ADI,2026-07-27,2026-08-10,time_exit,2.94,370.7604064941406,382.7637939453125,11,True,461.1,23695.92
12009,GS,2026-07-27,2026-08-10,time_exit,-1.61,1043.1212158203125,1029.468017578125,11,True,461.1,23688.5
12010,PWR,2026-07-27,2026-08-10,time_exit,6.24,620.280029296875,660.8599853515625,11,True,461.1,23717.27
12011,UNH,2026-07-27,2026-08-10,time_exit,-2.43,417.6400146484375,408.739990234375,11,True,461.1,23706.07
12012,NVDA,2026-07-28,2026-08-11,time_exit,10.1,197.00999450683597,217.5,11,True,464.13,23752.94
12013,WDC,2026-07-28,2026-08-11,time_exit,-5.82,463.510009765625,437.9299926757813,11,True,464.13,23725.93
12014,JCI,2026-07-28,2026-08-11,time_exit,10.02,140.27999877929688,154.75999450683594,11,True,464.13,23772.44
12015,CRWD,2026-07-28,2026-08-11,time_exit,21.76,181.8000030517578,221.8999938964844,11,True,464.13,23873.43
12016,ETN,2026-07-28,2026-08-11,time_exit,18.9,385.3119812011719,459.2900085449219,11,True,464.13,23961.15
12017,META,2026-07-28,2026-08-11,time_exit,0.66,593.4099731445312,599.1199951171875,11,True,464.13,23964.22
12018,PANW,2026-07-28,2026-08-11,time_exit,20.01,319.0,383.7999877929688,11,True,464.13,24057.09
12022,FTNT,2026-07-29,2026-08-12,time_exit,4.67,153.22000122070312,160.83999633789062,11,True,465.95,24078.85
12023,ANET,2026-07-29,2026-08-12,time_exit,32.95,157.97000122070312,210.5,11,True,465.95,24232.38
12024,PG,2026-07-29,2026-08-12,time_exit,-1.68,146.10000610351562,144.0800018310547,11,True,465.95,24224.55
12025,C,2026-07-29,2026-08-12,time_exit,8.47,126.48690795898438,137.5800018310547,11,True,465.95,24264.02
12026,UPS,2026-07-30,2026-08-13,time_exit,-0.04,103.61791229248048,103.88368225097656,11,True,465.68,24263.83
12027,USB,2026-07-30,2026-08-13,time_exit,3.31,62.900001525878906,65.16999816894531,11,True,465.68,24279.25
12028,CVS,2026-07-30,2026-08-13,time_exit,-10.02,105.22000122070312,94.98999786376952,11,True,465.68,24232.59
12029,PNC,2026-07-30,2026-08-13,time_exit,2.31,248.7100067138672,255.1999969482422,11,True,465.68,24243.34
12030,NEE,2026-07-30,2026-08-13,time_exit,-2.48,87.27371215820312,85.3680419921875,11,True,465.68,24231.8
12031,WM,2026-07-31,2026-08-14,time_exit,-1.18,226.5500030517578,224.5500030517578,11,True,463.34,24226.33
12032,TMUS,2026-07-31,2026-08-14,time_exit,5.43,171.71893310546875,181.56211853027344,11,True,463.34,24251.49
12033,WELL,2026-07-31,2026-08-14,time_exit,0.54,233.5583038330078,235.5200042724609,11,True,463.34,24253.99
12034,HOOD,2026-07-31,2026-08-14,time_exit,10.1,86.55999755859375,95.55999755859376,11,True,463.34,24300.79
12035,MO,2026-07-31,2026-08-14,time_exit,-4.15,68.33000183105469,65.69999694824219,11,True,463.34,24281.56
12036,APP,2026-07-31,2026-08-14,time_exit,-20.62,395.8999938964844,315.44000244140625,11,True,463.34,24186.02
12037,LLY,2026-07-31,2026-08-14,time_exit,2.57,1147.196044921875,1180.1600341796875,11,True,463.34,24197.93
12038,QCOM,2026-08-03,2026-08-17,time_exit,6.7,151.57000732421875,162.17999267578125,11,True,463.89,24229.01
12039,CVX,2026-08-04,2026-08-18,time_exit,7.76,188.75271606445312,203.9600067138672,11,True,467.52,24265.29
12040,MAR,2026-08-04,2026-08-18,time_exit,3.21,344.4999389648437,356.6053161621094,11,True,467.52,24280.29
12041,PSX,2026-08-04,2026-08-18,time_exit,18.59,204.8029937744141,243.4900054931641,11,True,467.52,24367.21
12042,MPC,2026-08-04,2026-08-18,time_exit,16.85,311.75634765625,365.2099914550781,11,True,467.52,24445.98
12043,DUK,2026-08-04,2026-08-18,time_exit,0.35,123.1869125366211,123.98999786376952,11,True,467.52,24447.62
12044,WMB,2026-08-04,2026-08-18,time_exit,4.76,71.51000213623047,75.12999725341797,11,True,467.52,24469.87
12045,SO,2026-08-04,2026-08-18,time_exit,-0.75,92.48631286621094,92.06999969482422,11,True,467.52,24466.37
12046,T,2026-08-05,2026-08-19,time_exit,8.63,23.059999465942383,25.1200008392334,11,True,468.16,24506.77
12047,PLD,2026-08-05,2026-08-19,time_exit,0.08,140.75999450683594,141.3000030517578,11,True,468.16,24507.14
12048,ABBV,2026-08-06,2026-08-20,time_exit,7.06,243.8699951171875,261.8299865722656,11,True,470.19,24540.34
12049,VLO,2026-08-07,2026-08-21,time_exit,16.65,298.3099975585937,348.8599853515625,11,True,473.09,24619.11
12050,PEP,2026-08-11,2026-08-25,time_exit,2.49,138.41000366210938,142.27000427246094,11,True,481.14,24631.09
12051,COST,2026-08-12,2026-08-26,time_exit,0.39,949.5800170898438,956.1199951171876,11,True,485.28,24632.98
12052,PM,2026-08-12,2026-08-26,time_exit,3.95,186.19000244140625,194.1000061035156,11,True,485.28,24652.15
12053,CME,2026-08-12,2026-08-26,time_exit,6.87,262.1700134277344,280.9800109863281,11,True,485.28,24685.49
12054,MNST,2026-08-12,2026-08-26,time_exit,3.68,45.97999954223633,47.810001373291016,11,True,485.28,24703.35
12055,CSCO,2026-08-13,2026-08-27,time_exit,-1.46,113.47000122070312,112.1500015258789,11,True,484.64,24696.27
12056,TJX,2026-08-13,2026-08-27,time_exit,-13.04,153.80999755859375,134.22000122070312,11,True,484.64,24633.08
12057,MRSH,2026-08-13,2026-08-27,time_exit,0.39,188.69000244140625,190.0,11,True,484.64,24634.97
12058,CDNS,2026-08-13,2026-08-27,time_exit,7.04,323.7699890136719,347.54998779296875,11,True,484.64,24669.08
12059,UNH,2026-08-14,2026-08-28,time_exit,-2.49,401.7300109863281,392.9500122070313,11,True,483.96,24657.03
12060,HD,2026-08-17,2026-08-31,time_exit,-3.27,337.8800048828125,327.8299865722656,11,True,484.58,24641.19
12061,GOOG,2026-08-17,2026-08-31,time_exit,-2.07,341.45001220703125,335.4100036621094,11,True,484.58,24631.16
12062,AMZN,2026-08-18,2026-09-01,time_exit,-2.05,259.45001220703125,254.9199981689453,11,True,489.33,24621.13
12063,CAT,2026-08-18,2026-09-01,time_exit,-7.64,840.8699951171875,779.1599731445312,11,True,489.33,24583.74
12064,AXP,2026-08-18,2026-09-01,time_exit,-4.53,338.5199890136719,324.19000244140625,11,True,489.33,24561.57
12065,GOOGL,2026-08-18,2026-09-01,time_exit,-2.97,344.20001220703125,335.0199890136719,11,True,489.33,24547.04
12066,V,2026-08-18,2026-09-01,time_exit,2.01,364.25,372.6700134277344,11,True,489.33,24556.88
12067,GS,2026-08-18,2026-09-01,time_exit,-3.47,1035.39892578125,1002.5599975585938,11,True,489.33,24539.9
12068,MSFT,2026-08-18,2026-09-01,time_exit,3.92,480.72503662109375,501.0199890136719,11,True,489.33,24559.08
