signal_time,entry_time,direction,entry_price,exit_time,exit_price,result,pnl_pct_gross,pnl_pct,fib_score,start_time,wave0,wave1,wave2,wave3,wave4,wave5,symbol,stufe,score_nachbildung,naehe,naehe_fib,gesamtabstand,naehe_weich,entartet,erf_w2_w1,r_w2_w1,d_w2_w1,dfib_w2_w1,erf_w3_w1,r_w3_w1,d_w3_w1,dfib_w3_w1,erf_w4_w3,r_w4_w3,d_w4_w3,dfib_w4_w3,muster_bedingungen,haltedauer_balken
2018-12-10,2018-12-11,long,39.975852966308594,2018-12-17,38.776577377319335,stop_loss,-3.0,-3.3,1.0,2018-11-01,52.52994516393309,46.81533749201692,49.81157269477847,40.36226968529681,43.84235015808843,38.71942732261499,AAPL,3,1.0,0.4440666950655808,0.544837546150719,0.5559333049344192,0.6568042821959156,False,True,0.5243116194111146,0.5879386540489042,1.587938654048905,True,1.6535348622302197,0.2676743111510981,0.17767431115109805,True,0.36828964732103764,0.8121869496032552,0.18781305039674473,w2w3w4,6.0
2021-03-08,2021-03-09,long,117.73102569580078,2021-07-16,142.5709686279297,time_exit,21.1,20.8,0.34,2021-01-25,140.85477848015867,126.40919082950612,134.0552584795755,115.10594023894576,125.1493828138184,112.98639210708664,AAPL,1,0.34,0.16554380470728478,0.0,1.6573750845893886,0.4410344568091311,False,True,0.5293012534331893,0.5033685858781457,1.5033685858781467,False,1.311772057938657,1.4411397103067154,1.5311397103067155,False,0.5300160379035813,3.027616957583305,2.027616957583305,w2--,129.0
2022-10-13,2022-10-14,long,135.7281951904297,2022-12-16,131.6563493347168,stop_loss,-3.0,-3.3,0.0,2022-09-12,161.11223777090294,145.52676674658431,155.69800426701255,135.05139229305564,144.71263233032042,131.79501040391918,AAPL,0,0.0,0.0,0.13779542289552105,1.713370432560253,0.37405626430197075,False,False,0.6526102101474928,1.5866137313134379,0.5866137313134369,False,1.3247345519260336,1.376327240369832,1.466327240369832,False,0.46793343379781677,2.1771703259974897,1.1771703259974897,---,63.0
2023-01-03,2023-01-09,long,127.86767578125,2023-05-18,172.4811248779297,time_exit,34.89,34.59,0.33,2022-12-05,148.2734173934748,137.54492649061714,147.34010905974955,127.6122238272619,134.41087369361549,121.99252821247748,AAPL,1,0.33,0.17067890023838328,0.16265443309495006,2.560743715461791,0.4235568101952416,False,False,0.9130065596199879,6.000111179999796,5.000111179999795,False,1.8388313334201458,1.1941566671007282,1.1041566671007281,True,0.34462132084779407,0.4879632992848502,0.5120367007151498,--w4,129.0
2024-04-10,2024-04-12,long,174.64610290527344,2024-04-16,169.40671981811522,stop_loss,-3.0,-3.3,0.0,2024-01-24,194.0146790217886,177.09097033579843,188.74887780721724,166.67296512435692,176.74319458007812,165.30786924976792,AAPL,0,0.0,0.0,0.0,1.898204568003699,0.34918971228242435,False,False,0.6888506347943399,2.2008582168532205,1.2008582168532196,False,1.3044370529218143,1.4778147353909283,1.5678147353909284,False,0.4561636748789872,2.0159407517669474,1.0159407517669474,---,4.0
2025-04-08,2025-04-09,long,197.6343994140625,2025-04-10,191.7053674316406,stop_loss,-3.0,-3.3,0.0,2025-03-03,242.538180061918,227.82866128733943,239.8944479764648,207.14590135231947,224.24073468961828,168.1756135141289,AAPL,0,0.0,0.0,0.0,3.4926387402770978,0.2271631465718084,False,False,0.8202706610618562,4.428316289184004,3.4283162891840036,False,2.2263506458649283,3.13175322932464,3.0417532293246397,False,0.5220028092695534,2.9178467023226498,1.9178467023226495,---,1.0
2025-04-10,2025-04-11,long,196.9386749267578,2025-04-21,191.0305146789551,stop_loss,-3.0,-3.3,0.67,2025-03-07,239.8944479764648,207.14590135231947,224.24073468961828,168.1756135141289,199.38363475051756,181.88129692496372,AAPL,2,0.67,0.2709962045941631,0.1766865477040304,1.5264411946257421,0.4944406627431002,False,True,0.5220028092695534,0.6270710293296017,1.6270710293296027,True,1.711988071377582,0.5599403568879089,0.46994035688790886,False,0.5566387904291593,3.392312197659716,2.392312197659716,w2w3-,10.0
2018-03-27,2018-03-28,long,65.8835678100586,2018-04-02,63.90706077575683,stop_loss,-3.0,-3.3,0.0,2018-02-27,85.26355790027144,78.14193283254741,84.87915165360535,66.75717157369007,70.11180073169542,63.68208070354198,ABBV,0,0.0,0.0,0.0,4.326660961891059,0.22592671263715403,False,False,0.9460226783900406,6.55970641339052,5.559706413390519,False,2.5446411328288043,4.72320566414402,4.63320566414402,False,0.18511383100587955,1.697070808138636,2.697070808138636,---,5.0
2019-03-08,2019-03-15,long,59.36238861083984,2019-03-25,57.58151695251464,stop_loss,-3.0,-3.3,0.0,2019-01-08,66.54490132522373,61.63207838633125,65.52924836638147,55.29738223662444,59.62512500723858,56.26071928905241,ABBV,0,0.0,0.0,0.14626893811387387,2.648404400196442,0.2948622993749173,False,False,0.7932648964810383,3.9705914657803105,2.9705914657803096,False,2.0826857098301277,2.413428549150637,2.3234285491506372,False,0.42296710255306164,1.5611931856583785,0.5611931856583784,---,10.0
2020-03-23,2020-03-24,long,52.10205078125,2020-07-31,75.27056121826172,time_exit,44.47,44.17,0.0,2020-03-10,68.10551718210223,59.490067270884495,66.63874412178593,49.94045975799608,57.78393786696314,48.28838360461121,ABBV,0,0.0,0.0,0.0,2.8271678487808583,0.2876297561762179,False,False,0.8297508458140429,4.588997386678694,3.5889973866786935,False,1.9381790313756997,1.6908951568784973,1.6008951568784975,False,0.469717603203333,2.2016110027853832,1.2016110027853832,---,129.0
2022-09-30,2022-10-04,long,123.02533721923828,2022-10-07,119.33457710266113,stop_loss,-3.0,-3.3,0.0,2022-06-29,134.44369547195365,126.51704470711316,133.04996953753331,116.18910950975145,126.10114672100757,116.18046534776278,ABBV,0,0.0,0.0,0.0,3.6500555859177872,0.22150832640251017,False,False,0.8241721534393375,4.49444327863284,3.494443278632839,False,2.1271102421428765,2.635551210714381,2.545551210714381,False,0.5878725755936484,3.8201722684061417,2.8201722684061417,---,3.0
2023-06-28,2023-07-05,long,122.71592712402344,2023-11-09,125.70075225830078,time_exit,2.43,2.13,0.33,2023-04-25,148.20074879957957,131.22278726738432,138.23156112814155,116.902031788851,124.54392871369134,116.77720616985565,ABBV,1,0.33,0.10832053122050482,0.2250128021128285,1.6237331292674584,0.41746751634739315,False,False,0.41281598191081514,2.47769522185059,3.477695221850591,False,1.25630684807734,1.7184657596132995,1.8084657596132996,True,0.35827780366270945,0.6750384063384856,0.32496159366151445,--w4,127.0
2025-04-21,2025-04-23,long,170.25218200683594,2025-09-02,205.54345703125,time_exit,20.73,20.43,0.0,2025-04-01,202.13649596725332,190.8839346614477,200.74541597186067,156.63077631007948,173.56973119762074,162.06892914654935,ABBV,0,0.0,0.0,0.3243113294379632,6.00279131428831,0.24314464791508814,False,False,0.876376590396806,5.379264244013663,4.379264244013662,False,3.9204087374330325,11.602043687165159,11.512043687165159,False,0.38397581885308607,1.0270660116861106,0.027066011686110468,---,132.0
2021-05-13,2021-05-14,long,141.1999969482422,2021-05-17,136.96399703979492,stop_loss,-3.0,-3.3,0.66,2021-04-29,183.22000122070312,161.9600067138672,170.17999267578125,136.00999450683594,144.77000427246094,131.27999877929688,ABNB,2,0.66,0.4142533323522266,0.31540663200064106,1.2261928821784907,0.6003706070796818,False,False,0.386641020028063,2.9213386435921516,3.9213386435921525,True,1.6072439792003848,0.03621989600192331,0.053780103998076735,True,0.256365532193278,0.721020106941397,1.721020106941397,-w3w4,3.0
2022-01-28,2022-01-31,long,153.97000122070312,2022-02-03,149.35090118408203,stop_loss,-3.0,-3.3,0.33,2022-01-13,171.99000549316406,153.8699951171875,165.1999969482422,135.75999450683594,152.39999389648438,134.37399291992188,ABNB,1,0.33,0.2921278896876638,0.6143556795603037,1.5855864377905702,0.5275609502399202,False,False,0.6252756811925427,1.1233166303820812,0.12331663038208031,True,1.6247232661874018,0.12361633093700859,0.03361633093700854,False,0.5652173236998413,3.5098263520526207,2.5098263520526207,-w3-,3.0
2022-05-16,2022-05-17,long,117.5,2022-05-18,113.975,stop_loss,-3.0,-3.3,0.33,2022-04-29,163.24000549316406,141.5800018310547,158.74000549316406,111.22000122070312,123.29000091552734,113.25,ABNB,1,0.33,0.08218395999823769,0.0,2.5587537081960905,0.34137006883201587,False,False,0.7922438024388697,3.953284787099488,2.953284787099487,False,2.1939056434966995,2.969528217483496,2.8795282174834957,True,0.25399828723961404,0.7534481200052869,1.753448120005287,--w4,1.0
2022-11-09,2022-11-10,long,102.4000015258789,2022-11-17,99.32800148010254,stop_loss,-3.0,-3.3,0.33,2022-10-26,119.91000366210938,106.66999816894533,113.0999984741211,91.27200317382812,101.91899871826172,95.1500015258789,ABNB,1,0.33,0.25226759264274395,0.282267592642744,1.311767893799374,0.5133709149551234,False,False,0.4856493683855073,1.2432310443134345,2.2432310443134353,True,1.6486394444143537,0.2431972220717681,0.15319722207176806,False,0.48776790529594316,2.4488754150129197,1.4488754150129197,-w3-,7.0
2024-08-07,2024-08-08,long,114.63999938964844,2024-12-16,132.1999969482422,time_exit,15.32,15.02,0.33,2024-07-09,155.66000366210938,144.1300048828125,151.63999938964844,122.05999755859376,131.4499969482422,110.37999725341795,ABNB,1,0.33,0.2947754393486318,0.18350754538121294,2.1694112149423823,0.4859209586766477,False,False,0.6513439117028175,1.5651510458104667,0.5651510458104657,False,2.5654817834125154,4.827408917062575,4.737408917062575,True,0.31744417878264963,0.11567368195410459,0.8843263180458955,--w4,130.0
2026-05-11,2026-05-15,long,83.8718032836914,2026-09-01,108.93000030517578,time_exit,29.88,29.58,0.0,2025-12-15,127.27468889090312,120.26494770078584,127.0979717354623,103.87284013518254,115.2695417758548,81.38950841932287,ABT,0,0.0,0.0,0.0,6.034242623063252,0.1718014283432235,False,False,0.9747897745939648,7.047284315151947,6.047284315151946,False,3.3132652077117797,8.566326038558895,8.476326038558895,False,0.4907055786299607,2.4891175154789136,1.4891175154789138,---,109.0
2026-06-12,2026-06-17,long,87.87326049804688,2026-09-01,108.93000030517578,time_exit,23.96,23.66,0.66,2026-01-06,127.0979717354623,103.87284013518254,115.2695417758548,81.38950841932287,92.07330423800634,86.45338693097862,ABT,2,0.66,0.40231806038418866,0.09690208780560572,0.650192794813773,0.6565562304679904,False,False,0.4907055786299607,1.157532565593885,2.157532565593886,True,1.4587660444569384,0.7061697777153084,0.7961697777153085,True,0.31534195100264517,0.08687604113212566,0.9131239588678743,-w3w4,76.0
2020-03-12,2020-03-13,long,150.03509521484375,2020-03-16,145.53404235839844,stop_loss,-3.0,-3.3,0.0,2020-02-19,194.97989474585475,157.9554555680521,172.91299892092292,144.25932268206049,157.45086334396854,132.52760661120874,ACN,0,0.0,0.0,0.0,2.943795777135826,0.26531583449361423,False,False,0.40399108494365404,2.6272697467177273,3.627269746717728,False,0.7739124987486975,4.130437506256512,4.220437506256512,False,0.46037864572562653,2.07368007843324,1.0736800784332399,---,3.0
2020-04-03,2020-04-06,long,149.6206512451172,2020-08-13,210.51271057128903,time_exit,40.7,40.4,0.33,2020-03-26,154.6215519361588,144.71889244882684,153.513194632878,137.4833822175981,144.61979008351568,133.60884289256563,ACN,1,0.33,0.30210313101812963,0.37687039733705757,2.5123091726073583,0.471774338845724,False,False,0.8880747838801616,5.577538709833249,4.577538709833248,True,1.6187381213891223,0.09369060694561113,0.0036906069456110733,False,0.4451959686761548,1.8656982010432162,0.8656982010432162,-w3-,129.0
2022-05-20,2022-05-23,long,263.10479736328125,2022-05-24,255.2116534423828,stop_loss,-3.0,-3.3,0.34,2022-04-21,306.6756035350198,275.9726812076345,293.2691801728924,255.12049317157215,273.5866268807139,248.97430955456767,ACN,1,0.34,0.3087556503809113,0.02457768295242176,1.4197408055840712,0.5281227860979792,False,True,0.5633502498825786,0.0737330488572662,0.9262669511427347,False,1.242509966788853,1.7874501660557345,1.8774501660557346,False,0.48405686173426254,2.3980392018392127,1.3980392018392127,w2--,1.0
2022-10-13,2022-10-14,long,236.5118865966797,2023-02-24,250.45643615722656,time_exit,5.9,5.6,0.0,2022-08-16,300.83442967152354,260.3138166113155,276.5443773107801,236.9089588042769,258.0310487560071,227.3684466006036,ACN,0,0.0,0.0,0.0,2.9540205865372147,0.2535161860913952,False,False,0.4005507190956914,2.685581032276416,3.685581032276417,False,0.9781544629547041,3.109227685226479,3.199227685226479,False,0.5329094720739387,3.067253042108749,2.067253042108749,---,133.0
2024-05-31,2024-06-06,long,279.4578552246094,2024-06-13,271.0741195678711,stop_loss,-3.0,-3.3,0.33,2024-03-08,369.7642989428675,314.5921148595827,331.0903547936415,285.55018686650016,300.20598979789384,266.9572535426407,ACN,1,0.33,0.2747878939446728,0.05854543938866056,2.818260450628351,0.41359700730003457,False,False,0.2990318438210455,4.406239935236517,5.406239935236518,False,0.8254189803034888,3.8729050984825553,3.962905098482555,True,0.32182145122611666,0.1756363181659817,0.8243636818340183,--w4,7.0
2025-09-25,2025-09-26,long,234.1450958251953,2026-02-05,228.8639068603516,time_exit,-2.26,-2.56,0.33,2025-07-08,300.05526957682525,270.3882381143848,285.1245871234474,231.89152279805188,256.87667131642434,224.7683002494972,ACN,1,0.33,0.009415182372249364,0.03941518237224939,1.4079654542162394,0.4354962376250595,False,False,0.4967247575046169,1.0555125846675089,2.0555125846675097,True,1.7943508905766505,0.9717544528832519,0.8817544528832518,False,0.46935394073215086,2.1966293250979567,1.1966293250979567,-w3-,132.0
2026-02-09,2026-02-10,long,235.99693298339844,2026-02-11,228.9170249938965,stop_loss,-3.0,-3.3,0.0,2026-01-14,285.21273559125314,266.7237298419481,283.1649516384854,227.16884419821776,239.7887769032253,227.1786300086553,ACN,0,0.0,0.0,0.0,4.628672803719688,0.246817044159135,False,False,0.8892431545246974,5.5973416021135165,4.597341602113516,False,3.028616476165704,7.143082380828518,7.053082380828518,False,0.2253716067401567,1.1455944282170314,2.1455944282170316,---,1.0
2026-06-30,2026-07-01,long,129.57200622558594,2026-09-01,188.08999633789065,time_exit,45.16,44.86,0.66,2026-06-01,195.64749285959445,161.63645776070516,170.53938752840648,116.7462221582948,130.80715279572718,120.3330875974006,ACN,2,0.66,0.418661539713218,0.27273097215381964,1.92729373530691,0.5622615734509869,False,False,0.2617659163214373,5.037865825060384,6.0378658250603845,True,1.581638583292292,0.09180708353854092,0.18180708353854097,True,0.2613887942955082,0.6522082973218052,1.6522082973218053,-w3w4,62.0
2019-01-03,2019-01-04,long,226.19000244140625,2019-05-15,276.82000732421875,time_exit,22.38,22.08,0.0,2018-12-03,260.7200012207031,237.00999450683597,251.75,204.9499969482422,228.1100006103516,215.1499938964844,ADBE,0,0.0,0.0,0.31254987423456865,1.8259304354924548,0.37179981688207375,False,False,0.6216786722604813,1.062350377296295,0.06235037729629411,False,1.9738502656933503,1.8692513284667505,1.7792513284667504,False,0.49487184085214525,2.5461896007143183,1.5461896007143183,---,131.0
2022-01-10,2022-01-11,long,529.8900146484375,2022-01-14,513.9933142089843,stop_loss,-3.0,-3.3,0.0,2021-12-13,675.2100219726562,599.0999755859375,631.25,538.0499877929688,582.8800048828125,497.010009765625,ADBE,0,0.0,0.0,0.0,2.1828565372871847,0.31571915648342463,False,False,0.4224149890897018,2.3150001849203075,3.3150001849203083,False,1.2245428380568522,1.877285809715739,1.967285809715739,False,0.4810087040574621,2.356283617225508,1.356283617225508,---,3.0
2022-10-13,2022-10-14,long,287.94000244140625,2022-11-04,279.30180236816403,stop_loss,-3.0,-3.3,0.33,2022-08-15,451.1499938964844,361.7200012207031,396.3900146484375,274.7300109863281,305.5,276.6000061035156,ADBE,1,0.33,0.0772505488181741,0.0,1.623349150923617,0.4255489274103221,False,False,0.3876776950371309,2.903767880726594,3.903767880726595,False,1.3603937563002442,1.1980312184987791,1.2880312184987792,True,0.2529178701911801,0.7682483535454777,1.7682483535454778,--w4,21.0
2023-05-12,2023-05-17,long,356.6300048828125,2023-09-26,506.2999877929688,time_exit,41.97,41.67,0.33,2023-04-05,386.0,357.25,378.7200012207031,332.8399963378906,352.0,331.8900146484375,ADBE,1,0.33,0.3263770946557969,0.46710223200116374,1.5638167010773183,0.5401974193171287,False,False,0.7467826511548913,3.1827567992354466,2.1827567992354457,True,1.5958262567934782,0.020868716032609307,0.11086871603260935,False,0.41761119492136467,1.4878245879638994,0.48782458796389944,-w3-,132.0
2025-04-10,2025-04-14,long,350.9100036621094,2025-04-21,340.3827035522461,stop_loss,-3.0,-3.3,0.0,2025-02-13,465.7000122070313,374.5,404.5,332.010009765625,365.7200012207031,341.5199890136719,ADBE,0,0.0,0.0,0.0,3.3541194463139714,0.24060855791875113,False,False,0.32894732439177315,3.899197891664861,4.899197891664862,False,0.7948462777594474,4.025768611202762,4.115768611202762,False,0.46502960403342325,2.1373918360742907,1.137391836074291,---,7.0
2025-09-04,2025-09-05,long,348.9700012207031,2025-10-10,338.500901184082,stop_loss,-3.0,-3.3,0.34,2025-06-16,405.0,373.760009765625,392.5799865722656,330.0400085449219,364.6499938964844,331.5,ADBE,1,0.34,0.0879535345515637,0.2453797987817693,2.031255490582566,0.37941663289432376,False,True,0.6024322243843732,0.7361393963453089,0.2638606036546921,False,2.001920537047023,2.0096026852351137,1.9196026852351138,False,0.5534057804822111,3.348024390167275,2.348024390167275,w2--,35.0
2026-01-29,2026-02-02,long,293.3800048828125,2026-02-03,284.57860473632815,stop_loss,-3.0,-3.3,0.66,2025-12-12,362.7099914550781,327.44000244140625,343.95001220703125,288.3299865722656,306.29998779296875,284.6000061035156,ADBE,2,0.66,0.563982533765479,0.3292801975427507,0.6162229659605987,0.7095472085414802,False,False,0.4681036265484842,1.540616499178233,2.540616499178234,True,1.576978819392469,0.11510590303765551,0.20510590303765558,True,0.32308509418361125,0.1929464956659076,0.8070535043340924,-w3w4,1.0
2026-06-18,2026-06-23,long,197.42999267578125,2026-09-01,286.0799865722656,time_exit,44.9,44.6,0.34,2026-06-01,275.44000244140625,252.33999633789065,265.94000244140625,196.8999938964844,211.9900054931641,190.1199951171875,ADBE,1,0.34,0.16528419544032213,0.1680491378930109,2.895549298689789,0.4124619888217865,False,True,0.5887446974070629,0.5041474136790336,0.49585258632096735,False,2.988744168964294,6.943720844821468,6.853720844821468,False,0.21856908645747286,1.2387796375688647,2.238779637568865,w2--,70.0
2019-05-29,2019-06-04,long,88.98204040527344,2019-10-10,96.04523468017578,time_exit,7.94,7.64,0.33,2019-04-24,103.8909979881176,98.29944366374184,103.38267750070952,84.7674878862567,90.3590383743466,84.08391448012877,ADI,1,0.33,0.2939529378691637,0.0,4.899234295264806,0.3807451532604636,False,False,0.9090913799778144,5.933752203013805,4.933752203013804,False,3.3291618992776217,8.645809496388106,8.555809496388106,True,0.30037569339334685,0.11814118639250878,1.1181411863925088,--w4,128.0
2020-03-18,2020-03-19,long,80.81208038330078,2020-03-20,78.38771797180175,stop_loss,-3.0,-3.3,0.0,2020-03-03,101.27456449627272,95.44985733146464,100.2724913019947,78.0652476594983,89.88464708074005,70.75531188131247,ADI,0,0.0,0.0,0.0,6.226536758164756,0.16974204475112345,False,False,0.8279616183398243,4.558671497285158,3.558671497285158,False,3.812594009303838,11.062970046519185,10.972970046519187,False,0.5322317173403646,3.0579687306899253,2.0579687306899253,---,1.0
2022-01-28,2022-01-31,long,151.40838623046875,2022-02-04,146.8661346435547,stop_loss,-3.0,-3.3,0.33,2022-01-04,165.76711991759575,152.7103679616504,162.76608028205624,139.86598338997806,152.4517629274981,139.59816209568322,ADI,1,0.33,0.07685125043027963,0.10685125043027965,2.5480511115758655,0.3387755507443077,False,False,0.7701541971797204,3.5788846979613647,2.5788846979613638,True,1.7538892497418324,0.7694462487091611,0.679446248709161,False,0.5495950343281661,3.2958223880570703,2.2958223880570703,-w3-,4.0
2026-07-07,2026-07-08,long,384.2293395996094,2026-07-17,372.7024594116211,stop_loss,-3.0,-3.3,0.0,2026-06-22,444.5555481415484,401.9852329210351,430.5581818826889,371.5081143086141,394.7273658041792,369.96280799598367,ADI,0,0.0,0.0,0.3149337218386584,1.3732022766774916,0.43112550961922036,False,False,0.6711942068938549,1.901596727014491,0.9015967270144899,False,1.3871184008903101,1.0644079955484493,1.1544079955484494,False,0.39321295384527605,1.1536021074695348,0.1536021074695348,---,9.0
2020-03-18,2020-03-19,long,102.29830932617188,2020-03-20,99.22936004638672,stop_loss,-3.0,-3.3,0.67,2020-03-04,142.5986889129496,126.71201985356277,136.10196999998627,109.69807370576346,125.97065036807363,89.86944035989333,ADP,2,0.67,0.38218562065913525,0.44109477153196464,1.687652382233159,0.5344014655538234,False,True,0.5910584598522454,0.5433637263092446,0.45663627369075643,True,1.66201588234267,0.31007941171334974,0.2200794117133497,False,0.6162945226334124,4.209514008676883,3.2095140086768823,w2w3-,1.0
2023-04-26,2023-04-27,long,200.2899627685547,2023-05-11,194.28126388549805,stop_loss,-3.0,-3.3,0.33,2022-12-13,253.30136887695,213.92228125103065,227.27284144585215,194.61924815412112,206.4146635335157,186.6691897277333,ADP,1,0.33,0.09484607337288897,0.2384872599604444,2.7659220016219646,0.33348041926847527,False,False,0.3390266509383054,3.728361848503297,4.728361848503298,False,0.8292115247037469,3.8539423764812644,3.9439423764812647,True,0.3612287099313373,0.7154617798813331,0.28453822011866686,--w4,14.0
2026-01-02,2026-01-08,long,261.5088806152344,2026-01-13,253.66361419677733,stop_loss,-3.0,-3.3,0.67,2025-06-06,319.4132124759438,288.7263117607498,307.4364191372288,241.74578537552875,263.6547121131142,247.7084439144371,ADP,2,0.67,0.26822138351081576,0.39844528315585065,1.2995677073120484,0.5187985821146459,False,True,0.6097099068468356,0.8594899465565361,0.14051005344346482,False,2.1406734544937187,2.703367272468592,2.6133672724685924,True,0.3335167509125042,0.3358459029110166,0.6641540970889834,w2-w4,5.0
2018-10-29,2018-10-30,long,29.807891845703125,2018-12-20,28.913655090332032,stop_loss,-3.0,-3.3,0.0,2018-08-08,46.118310052770376,34.377460958972335,36.740394868334576,30.138897918123487,33.173008980988925,28.070186313422724,AMAT,0,0.0,0.0,0.0,4.438413231973416,0.20987397585757617,False,False,0.20125749768902418,6.063432242558911,7.063432242558912,False,0.5622674218424499,5.188662890787749,5.278662890787749,False,0.45960955306787193,2.063144562573588,1.063144562573588,---,51.0
2020-03-09,2020-03-10,long,53.05310821533203,2020-03-11,51.461514968872066,stop_loss,-3.0,-3.3,0.0,2020-02-13,65.38073307846416,60.30693798215288,63.9810666373502,51.07908492877225,57.97402222944605,49.11451051653507,AMAT,0,0.0,0.0,0.0,3.533693122219019,0.2276198919951983,False,False,0.724138161958583,2.7989518976031036,1.7989518976031027,False,2.5428661314994527,4.714330657497261,4.624330657497262,False,0.5344091672436385,3.0877968115566916,2.0877968115566916,---,1.0
2020-03-23,2020-03-24,long,42.635162353515625,2020-03-25,41.356107482910154,stop_loss,-3.0,-3.3,0.34,2020-03-10,53.05310821533203,42.59738729664952,48.387234536501,34.606834418486265,40.85948642789752,35.81581271272748,AMAT,1,0.34,0.30366787534292805,0.005775539362496159,1.160594850280587,0.5561547984764074,False,True,0.5537492139356982,0.0889963739712159,1.0889963739712167,False,1.3179770410083933,1.4101147949580335,1.5001147949580336,False,0.45373515687961335,1.9826733819125115,0.9826733819125115,w2--,1.0
2020-09-21,2020-09-22,long,55.07778549194336,2021-02-01,96.5790786743164,time_exit,75.35,75.05,0.33,2020-08-14,66.28413433786072,58.255538210334535,62.12783580265715,51.86198756587508,55.37274283316261,51.519479667450085,AMAT,1,0.33,0.1827217174432548,0.15061161589007854,1.119436519800516,0.5024118313018414,False,False,0.48231316295091436,1.2997768991370438,2.299776899137045,False,1.2786604374811463,1.6066978125942684,1.6966978125942682,True,0.3419839438799272,0.4518348476702356,0.5481651523297644,--w4,132.0
2022-09-30,2022-10-03,long,83.4540023803711,2022-10-07,80.95038230895996,stop_loss,-3.0,-3.3,0.34,2022-08-18,105.51599229085926,96.84925340695568,101.7703566010864,86.14388446437161,94.5037985737888,78.88701331006233,AMAT,1,0.34,0.28353182000659066,0.07473575829069294,1.4200914626083148,0.5368017272461089,False,True,0.5678148678588334,0.149404539980228,0.8505954600197729,False,1.8030394530216298,1.0151972651081482,0.9251972651081483,False,0.5349840985397695,3.095672582736568,2.095672582736568,w2--,4.0
2025-03-31,2025-04-02,long,146.10189819335938,2025-04-03,141.7188412475586,stop_loss,-3.0,-3.3,0.33,2025-02-13,182.04245012928408,166.3460719130081,176.38038335314295,143.74844780032464,155.45640118338602,139.5854315697438,AMAT,1,0.33,0.10598995943841671,0.4404756355593403,1.4791224761973962,0.437571364207104,False,False,0.639275589685397,1.3606032150067298,0.3606032150067288,False,2.078946818380142,2.394734091900709,2.304734091900709,True,0.35878819888298674,0.6820301216847499,0.31796987831525014,--w4,1.0
2025-09-03,2025-09-05,long,161.85476684570312,2026-01-14,300.8179626464844,time_exit,85.86,85.56,0.33,2025-07-15,199.43218855596865,173.05411437068352,189.54535065844252,156.62233289003052,165.24603531639332,153.62032570422292,AMAT,1,0.33,0.1184262895680694,0.29272726671669347,1.1753121110497942,0.4805659120666525,False,False,0.6251872737911452,1.1218181998499206,0.12181819984991957,False,1.248120599599266,1.7593970020036702,1.8493970020036703,True,0.2619353574154072,0.6447211312957918,1.644721131295792,--w4,131.0
2017-01-18,2017-01-19,long,9.770000457763672,2017-05-30,11.119999885559082,time_exit,13.82,13.52,0.33,2016-12-30,11.779999732971191,11.020000457763672,11.6899995803833,10.329999923706056,10.869999885559082,9.420000076293944,AMD,1,0.33,0.017541768256087626,0.31211302069907787,2.5403651355690875,0.37379434017246876,False,False,0.8815786336594652,5.4674344688044965,4.467434468804496,True,1.7894749390463476,0.9473746952317371,0.857374695231737,False,0.39705889571498515,1.2062862426710292,0.20628624267102932,-w3-,131.0
2018-04-06,2018-04-10,long,9.979999542236328,2018-04-25,9.680599555969238,stop_loss,-3.0,-3.3,0.33,2018-03-07,12.81999969482422,11.100000381469728,11.739999771118164,9.039999961853027,10.199999809265137,9.5,AMD,1,0.33,0.28294659606516753,0.36879315558241244,1.6571796300426793,0.4952084020755052,False,False,0.3720928169443587,3.1679183568752753,4.167918356875276,True,1.5697679576391006,0.1511602118044974,0.24116021180449745,False,0.4296296034657234,1.6524603214482652,0.6524603214482653,-w3-,15.0
2018-06-28,2018-06-29,long,14.989999771118164,2018-11-06,20.68000030517578,time_exit,37.96,37.66,0.0,2018-06-18,17.34000015258789,16.309999465942383,17.1299991607666,14.539999961853027,15.760000228881836,14.75,AMD,0,0.0,0.0,0.0,3.603825447639131,0.22975706673259047,False,False,0.7961156778397717,4.018909793894436,3.0189097938944354,False,2.514560652720192,4.572803263600958,4.4828032636009585,False,0.471042719835806,2.2197632854219993,1.2197632854219995,---,130.0
2018-10-08,2018-10-09,long,27.239999771118164,2018-10-10,26.42279977798462,stop_loss,-3.0,-3.3,0.67,2018-09-25,33.599998474121094,29.979999542236328,31.90999984741211,26.540000915527344,28.82999992370605,25.959999084472656,AMD,2,0.67,0.3263274135613213,0.23943938448547855,0.876609130293072,0.5701398124664946,False,True,0.5331494128841965,0.43814554433565184,1.4381455443356528,True,1.4834255570039232,0.5828722149803842,0.6728722149803843,False,0.42644310310411215,1.60880963156318,0.60880963156318,w2w3-,1.0
2018-11-05,2018-11-06,long,20.68000030517578,2018-11-12,20.059600296020506,stop_loss,-3.0,-3.3,0.0,2018-10-17,28.530000686645508,23.600000381469727,25.63999938964844,16.170000076293945,21.059999465942383,18.8799991607666,AMD,0,0.0,0.0,0.0,2.302082952339743,0.3110838369606956,False,False,0.4137928766529716,2.461137683847938,3.461137683847939,False,1.9208922367433483,1.6044611837167406,1.5144611837167405,False,0.5163674492301822,2.8406499894545503,1.84064998945455,---,6.0
2020-03-12,2020-03-13,long,43.900001525878906,2020-03-16,42.58300148010254,stop_loss,-3.0,-3.3,0.0,2020-03-03,50.20000076293945,47.209999084472656,49.720001220703125,42.5099983215332,45.970001220703125,39.0,AMD,0,0.0,0.0,0.0,3.7171497108762765,0.22362347062763524,False,False,0.83946512615924,4.753646206088814,3.7536462060888134,False,2.411370853432779,4.056854267163892,3.966854267163893,False,0.47988925213445716,2.3409486593761253,1.340948659376125,---,3.0
2022-01-24,2022-01-25,long,111.12999725341795,2022-01-27,107.79609733581542,stop_loss,-3.0,-3.3,0.0,2021-12-28,156.72999572753906,143.5500030517578,152.4199981689453,125.02999877929688,141.25,107.5,AMD,0,0.0,0.0,0.022658862379677663,2.734015434997561,0.2803100033045673,False,False,0.672989381358797,1.932023412860968,0.932023412860967,False,2.0781498187004783,2.3907490935023903,2.3007490935023904,False,0.5921869872999408,3.8792737986293253,2.8792737986293253,---,2.0
2022-01-28,2022-01-31,long,114.25,2022-02-18,110.82249999999999,stop_loss,-3.0,-3.3,0.67,2022-01-04,152.4199981689453,125.02999877929688,141.25,107.5,117.16000366210938,99.3499984741211,AMD,2,0.67,0.3751619410359221,0.18749710338949602,0.9045021241900635,0.5848076895619042,False,True,0.5921869872999408,0.5624913101684891,0.4375086898315119,False,1.2322015608644086,1.838992195677957,1.928992195677957,True,0.28622233072916664,0.3120228667237446,1.3120228667237446,w2-w4,18.0
2022-03-14,2022-03-15,long,109.33000183105467,2022-04-05,106.05010177612303,stop_loss,-3.0,-3.3,0.67,2022-02-28,124.61000061035156,112.8000030517578,119.4800033569336,100.08000183105467,111.70999908447266,101.04000091552734,AMD,2,0.67,0.5581244854718924,0.32962162338535844,1.434954726192527,0.6413531435097671,False,True,0.5656224967053417,0.11224570687019937,0.8877542931298016,True,1.6426761673428247,0.21338083671412314,0.1233808367141231,False,0.599484347354508,3.979237634993259,2.979237634993259,w2w3-,21.0
2022-09-07,2022-09-08,long,82.77999877929688,2022-09-13,80.29659881591796,stop_loss,-3.0,-3.3,1.0,2022-08-11,102.37000274658205,90.9000015258789,97.5999984741211,78.5199966430664,83.6500015258789,77.73999786376953,AMD,3,1.0,0.5689766091588274,0.3995399416098593,0.43102339084117264,0.7018807175824419,False,True,0.5841321913853694,0.42596934551473703,0.5740306544852639,True,1.6634699041370318,0.3173495206851583,0.22734952068515826,True,0.26886815463837554,0.5497513063236226,1.5497513063236226,w2w3w4,5.0
2024-04-25,2024-04-26,long,157.39999389648438,2024-05-01,152.67799407958984,stop_loss,-3.0,-3.3,0.33,2024-03-21,187.69000244140625,172.0,187.2400054931641,145.2899932861328,157.66000366210938,146.75,AMD,1,0.33,0.2688356737394551,0.0,4.183449526172075,0.3733609283836487,False,False,0.9713195106296091,6.988466281857782,5.988466281857781,False,2.673677863575362,5.368389317876807,5.278389317876807,True,0.29487501254894066,0.19349297878163468,1.1934929787816346,--w4,5.0
2024-07-30,2024-07-31,long,144.47999572753906,2024-08-01,140.14559585571288,stop_loss,-3.0,-3.3,0.0,2024-07-10,187.27999877929688,177.25,186.9900054931641,136.80999755859375,144.58999633789062,134.0500030517578,AMD,0,0.0,0.0,0.0,8.702836954986209,0.1674655657797296,False,False,0.9710874056404308,6.984532298990355,5.984532298990353,False,5.002992426893203,17.01496213446601,16.92496213446601,False,0.15504180050033486,2.109016431502262,3.109016431502262,---,1.0
2025-02-07,2025-02-11,long,111.0999984741211,2025-02-25,107.76699851989746,stop_loss,-3.0,-3.3,0.33,2025-01-30,120.44000244140624,112.9800033569336,119.8499984741211,106.5,112.55999755859376,106.79000091552734,AMD,1,0.33,0.0174262483248853,0.05230089089847678,3.022393948854559,0.3295196059924438,False,False,0.9209109866362872,6.134084519259107,5.134084519259106,True,1.789544251005069,0.9477212550253441,0.857721255025344,False,0.4539324532763835,1.9853760722792255,0.9853760722792256,-w3-,14.0
2025-04-10,2025-04-11,long,93.4000015258789,2025-04-16,90.59800148010254,stop_loss,-3.0,-3.3,0.33,2025-03-26,115.9000015258789,98.8000030517578,104.19000244140624,76.4800033569336,97.91000366210938,85.05999755859375,AMD,1,0.33,0.2992201211393328,0.3292201211393328,3.5318854515542006,0.4126200246396376,False,False,0.31520467079605796,4.132124223795627,5.1321242237956275,True,1.6204679273164004,0.10233963658200171,0.012339636582001653,False,0.7733670520828031,6.361192494284973,5.361192494284973,-w3-,5.0
2025-11-25,2025-11-26,long,214.2400054931641,2025-12-15,207.81280532836917,stop_loss,-3.0,-3.3,0.0,2025-11-12,263.510009765625,235.0800018310547,248.7700042724609,195.0,217.1300048828125,194.27999877929688,AMD,0,0.0,0.0,0.1983203340793688,1.391529294156445,0.41840265669900983,False,False,0.4815335427592145,1.3129908006912787,2.3129908006912796,False,1.8913116168032327,1.4565580840161625,1.3665580840161624,False,0.41156784683661823,1.4050389977618936,0.4050389977618935,---,19.0
2026-02-17,2026-02-20,long,200.1499938964844,2026-03-02,194.14549407958987,stop_loss,-3.0,-3.3,0.34,2026-01-23,266.9599914550781,234.5500030517578,252.6499938964844,190.72000122070312,219.6499938964844,194.8300018310547,AMD,1,0.34,0.33033630220127985,0.0,1.2431494073416076,0.5661446405196245,False,True,0.5584695254896265,0.008991093396160487,1.0089910933961614,False,1.910830448474851,1.5541522423742544,1.4641522423742543,False,0.46714025669657183,2.1663048862544083,1.1663048862544083,w2--,10.0
2018-02-09,2018-02-12,long,134.31210327148438,2018-03-28,130.28274017333985,stop_loss,-3.0,-3.3,0.34,2018-01-29,154.55838734083784,140.0418785515768,147.9299703770591,132.13845006813827,139.0126701652255,129.22747037155142,AMGN,1,0.34,0.24512805494712656,0.0899048035946511,1.5185807595614256,0.47928285748036337,False,True,0.5433876657256413,0.2646158351586203,1.2646158351586212,False,1.087831829138078,2.56084085430961,2.65084085430961,False,0.4353108480127714,1.7302855892160467,0.7302855892160467,w2--,44.0
2021-12-01,2021-12-06,long,180.2065887451172,2022-04-14,221.1244354248047,time_exit,22.71,22.41,0.0,2021-05-10,218.2866713949138,197.8487321090093,212.66996184419617,171.58498885872064,187.65902784034665,171.44609607668912,AMGN,0,0.0,0.0,0.29114664822195385,1.9981203257371174,0.35333265488005144,False,False,0.7251821980608714,2.8166474247605326,1.8166474247605318,False,2.0102306994233365,2.0511534971166814,1.9611534971166815,False,0.3912388840393921,1.1265600553341384,0.1265600553341384,---,129.0
2023-03-09,2023-03-13,long,209.44534301757807,2023-05-17,203.1619827270507,stop_loss,-3.0,-3.3,0.67,2022-11-21,259.62931175568457,230.4877491516752,246.48756167018476,210.454659910276,222.55469375575495,202.4571926163517,AMGN,2,0.67,0.48798378461083747,0.1223979281051167,0.7845528411961783,0.6472913867536991,False,True,0.5490375631507238,0.16885486185213752,1.1688548618521384,False,1.2364780245157905,1.8176098774210474,1.9076098774210475,True,0.33580514625502056,0.3671937843153501,0.6328062156846499,w2-w4,65.0
2024-11-26,2024-11-27,long,265.8021850585937,2024-12-06,257.8281195068359,stop_loss,-3.0,-3.3,0.0,2024-10-11,309.92244964703536,292.4665458572985,309.05625470562984,261.52195289653,282.1734263606078,244.66667993064735,AMGN,0,0.0,0.0,0.09381678426865962,4.655871408499771,0.2166678465814499,False,False,0.9503781097880019,6.633527284542406,5.633527284542405,False,2.7231074587525783,5.615537293762889,5.5255372937628895,False,0.43445412424516355,1.7185496471940211,0.7185496471940211,---,9.0
2026-05-05,2026-05-12,long,331.8303527832031,2026-05-18,321.87544219970704,stop_loss,-3.0,-3.3,0.33,2026-03-02,386.10097902585807,356.6073365929395,375.0988350860781,330.6166283587925,354.6831964007537,316.26945076054096,AMGN,1,0.33,0.1803274117157921,0.433007777733067,1.5965268669948074,0.4631332937472696,False,False,0.6269655752149423,1.1519589019481762,0.15195890194817535,True,1.5081964470294753,0.45901776485262374,0.5490177648526238,False,0.5410380871954045,3.1786039341836227,2.1786039341836227,-w3-,6.0
2018-10-24,2018-10-25,long,89.1084976196289,2018-10-26,86.43524269104003,stop_loss,-3.0,-3.3,0.0,2018-09-04,102.5250015258789,93.25,101.65950012207033,84.25499725341797,92.25,82.8280029296875,AMZN,0,0.0,0.0,0.0,3.1117395939965458,0.2972090267309057,False,False,0.906684500116396,5.892957629091459,4.892957629091458,False,1.8764959574497853,1.3824797872489254,1.2924797872489253,False,0.4593640396923954,2.0597813656492523,1.059781365649252,---,1.0
2018-12-27,2018-12-28,long,73.9010009765625,2019-05-09,94.99349975585938,time_exit,28.54,28.24,0.0,2018-12-07,85.94650268554688,79.54350280761719,85.24949645996094,65.3499984741211,73.65799713134766,69.5155029296875,AMZN,0,0.0,0.0,0.17124245724395185,4.88500922815451,0.22338505753810775,False,False,0.891143801518968,5.629555957948611,4.62955595794861,False,3.1078398196493553,7.539199098246773,7.4491990982467735,False,0.41749790186357455,1.4862726282681444,0.4862726282681444,---,132.0
2022-02-03,2022-02-04,long,157.63949584960938,2022-02-11,152.9103109741211,stop_loss,-3.0,-3.3,0.67,2021-12-16,174.16600036621094,156.30450439453125,166.8780059814453,135.3520050048828,155.0749969482422,138.33299255371094,AMZN,2,0.67,0.20534243882242242,0.2745716059756575,1.9070335072201983,0.45892476783575914,False,True,0.5919717812930613,0.558843750729853,0.44115624927014785,True,1.765025786560576,0.8251289328028797,0.7351289328028796,False,0.625610332183334,4.337127838127862,3.337127838127862,w2w3-,7.0
2022-05-02,2022-05-03,long,124.25350189208984,2022-05-04,120.52589683532715,stop_loss,-3.0,-3.3,0.0,2022-03-29,170.8314971923828,149.60000610351562,158.6490020751953,135.7834930419922,145.9375,118.375,AMZN,0,0.0,0.0,0.049884639749931146,2.238758736036709,0.31168915926395463,False,False,0.4262063334979126,2.2507401102048705,3.2507401102048714,False,1.07696199656899,2.6151900171550495,2.7051900171550494,False,0.4440752638947651,1.8503460807502066,0.8503460807502066,---,1.0
2022-05-12,2022-05-13,long,113.05500030517578,2022-05-18,109.66335029602051,stop_loss,-3.0,-3.3,0.33,2022-04-19,158.6490020751953,135.7834930419922,145.9375,118.375,126.22049713134766,102.40550231933594,AMZN,1,0.33,0.22211820480189784,0.0,1.4181438102479038,0.4751408535563541,False,False,0.4440752638947651,1.9478768831395739,2.9478768831395747,False,1.2054181675980338,1.972909162009831,2.0629091620098308,True,0.2846438868516156,0.33364538559430645,1.3336453855943065,--w4,5.0
2023-01-06,2023-01-09,long,87.36000061035156,2023-05-18,118.1500015258789,time_exit,35.24,34.94,0.66,2022-12-01,97.2300033569336,87.4800033569336,96.25,81.69000244140625,86.9800033569336,81.43000030517578,AMZN,2,0.66,0.2408323088802563,0.3736113008953845,2.3494887938671916,0.45773398606398324,False,False,0.8994868351862981,5.770963308242343,4.770963308242342,True,1.4933330829326923,0.5333345853365388,0.6233345853365388,True,0.36332429962565654,0.7441684880226923,0.2558315119773077,-w3w4,129.0
2026-02-17,2026-02-18,long,204.7899932861328,2026-06-29,240.13999938964844,time_exit,17.26,16.96,0.33,2026-01-12,248.94000244140625,226.8800048828125,247.77999877929688,200.30999755859372,212.80999755859372,196.0,AMZN,1,0.33,0.12476802734909924,0.0,3.3227705601241397,0.33766563201356076,False,False,0.9474159659796753,6.583321457282633,5.583321457282632,False,2.151858861027417,2.7592943051370846,2.6692943051370843,True,0.2633241979894527,0.6256959179527023,1.6256959179527022,--w4,131.0
2018-04-06,2018-04-11,long,16.6612491607666,2018-04-13,16.1614116859436,stop_loss,-3.0,-3.3,0.67,2018-03-12,18.83187484741211,17.015625,18.040624618530277,15.198124885559082,16.96500015258789,16.004375457763672,ANET,2,0.67,0.5781734639216723,0.2752859933428688,1.5158542112658457,0.6524629196055823,False,True,0.5643494588537759,0.09066879413179513,0.9093312058682058,True,1.5650378371793625,0.17481081410318783,0.26481081410318785,False,0.6215920608660664,4.282083025562554,3.2820830255625535,w2w3-,2.0
2018-10-23,2018-10-24,long,13.988750457763672,2018-10-26,13.56908794403076,stop_loss,-3.0,-3.3,0.0,2018-08-24,19.585437774658203,16.361875534057617,17.25,13.381250381469728,15.467499732971191,13.853124618530272,ANET,0,0.0,0.0,0.0,3.3194587651091108,0.2488010839952176,False,False,0.2755102584204843,4.804910874229079,5.80491087422908,False,1.2001473307397594,1.9992633463012026,2.0892633463012027,False,0.5392567514601847,3.1542020747970505,2.1542020747970505,---,2.0
2018-11-23,2018-11-26,long,14.14812469482422,2018-12-17,13.723680953979494,stop_loss,-3.0,-3.3,0.34,2018-11-08,15.95687484741211,14.311813354492188,15.308124542236328,13.159563064575195,14.290624618530272,13.498125076293944,ANET,1,0.34,0.06984374730405833,0.2634895860292747,1.7461959694282252,0.4049267909000271,False,True,0.6056376567271816,0.790468758087825,0.2095312419121759,False,1.306067576749072,1.4696621162546404,1.5596621162546405,False,0.5264273634777814,2.9784570339422105,1.9784570339422107,w2--,21.0
2019-01-03,2019-01-07,long,13.119999885559082,2019-05-16,15.85124969482422,time_exit,20.82,20.52,0.34,2018-12-03,15.561249732971191,13.94393825531006,14.771249771118164,11.692500114440918,13.338749885559082,12.450312614440918,ANET,1,0.34,0.06516980271605954,0.0,1.8048565306881816,0.3985591342840387,False,True,0.5115350550807425,0.8044905918518214,1.8044905918518224,False,1.9036219671980368,1.518109835990183,1.428109835990183,False,0.5347137489882455,3.091969164222541,2.091969164222541,w2--,129.0
2019-08-15,2019-08-19,long,13.966875076293944,2019-10-03,13.547868824005125,stop_loss,-3.0,-3.3,0.0,2019-07-22,18.090625762939453,16.418750762939453,17.452499389648438,14.315625190734863,15.047499656677246,13.378125190734863,ANET,0,0.0,0.0,0.3315427367139238,1.1411606457073231,0.4698545011961202,False,False,0.6183169356016355,1.0053717898582295,0.005371789858228506,False,1.876261203088493,1.3813060154424646,1.2913060154424645,False,0.23331329837704692,1.0368041318212748,2.036804131821275,---,45.0
2020-03-09,2020-03-10,long,12.4975004196167,2020-03-11,12.122575407028197,stop_loss,-3.0,-3.3,0.66,2020-02-13,15.084375381469728,13.5625,14.297499656677246,11.611249923706056,12.6225004196167,11.086874961853027,ANET,2,0.66,0.08350279393495037,0.3961912574991775,1.0127879845884236,0.5014818341346398,False,False,0.48295653220136275,1.288872335570122,2.288872335570123,True,1.7650917845697618,0.8254589228488083,0.7354589228488082,True,0.37645438676028287,0.9240326953463406,0.07596730465365945,-w3w4,1.0
2022-01-28,2022-01-31,long,31.07749938964844,2022-02-04,30.145174407958987,stop_loss,-3.0,-3.3,0.33,2021-12-27,37.14250183105469,31.47249984741211,34.14500045776367,28.712499618530277,30.607500076293945,29.030000686645508,ANET,1,0.33,0.15147699767651643,0.18185633565681691,1.746920891609452,0.4289547696930214,False,False,0.4713403307549936,1.4857571058475652,2.4857571058475663,False,0.9581126875979318,3.2094365620103407,3.2994365620103405,True,0.3488265375088429,0.5455690069704507,0.45443099302954926,--w4,4.0
2022-05-19,2022-05-20,long,25.65999984741211,2022-05-24,24.890199851989745,stop_loss,-3.0,-3.3,0.0,2022-04-05,35.89250183105469,28.34749984741211,30.45499992370605,24.806249618530277,27.342500686645508,24.6299991607666,ANET,0,0.0,0.0,0.027427831474938325,3.638205169662058,0.2357258681532095,False,False,0.27932399234128263,4.740271316249446,5.740271316249447,False,0.7486744625676915,4.256627687161541,4.346627687161542,False,0.4489933049069885,1.917716505575185,0.917716505575185,---,4.0
2023-01-06,2023-01-09,long,28.717500686645508,2023-01-19,27.85597566604614,stop_loss,-3.0,-3.3,0.33,2022-12-01,35.20249938964844,31.184999465942383,34.462501525878906,29.467500686645508,30.94499969482422,27.227500915527344,ANET,1,0.33,0.27303902984007616,0.0,2.1056598780043743,0.4643047343035243,False,False,0.815806377642218,4.35265046851217,3.352650468512169,False,1.2433107489957638,1.783446255021181,1.873446255021181,True,0.29579554753497667,0.18088291047977162,1.1808829104797716,--w4,10.0
2023-05-18,2023-05-19,long,35.977500915527344,2023-05-24,34.89817588806152,stop_loss,-3.0,-3.3,0.33,2023-04-14,41.709999084472656,38.087501525878906,40.522499084472656,32.91999816894531,35.48500061035156,33.35499954223633,ANET,1,0.33,0.20370183893658944,0.15682078968084642,1.600259562481975,0.4496322163397953,False,False,0.6721874947347138,1.9184321141476934,0.9184321141476924,False,2.0986904180216004,2.4934520901080006,2.4034520901080008,True,0.3373892972728869,0.3888944831902317,0.6111055168097683,--w4,5.0
2025-03-04,2025-03-05,long,87.81999969482422,2025-03-06,85.18539970397948,stop_loss,-3.0,-3.3,0.33,2025-02-10,121.01000213623048,106.31999969482422,112.12000274658205,89.3499984741211,98.08999633789062,81.44999694824219,ANET,1,0.33,0.2500567833217679,0.5449964271622508,1.352537162379117,0.5194201390275993,False,False,0.3948265546511779,2.782600768624103,3.782600768624104,True,1.5500340699930608,0.2498296500346963,0.33982965003469634,False,0.38383821799893425,1.0251810684785514,0.025181068478551283,-w3-,1.0
2026-05-19,2026-05-21,long,148.58999633789062,2026-09-01,189.25999450683597,time_exit,27.37,27.07,0.33,2026-04-24,179.8000030517578,162.25,179.10000610351562,135.1300048828125,147.88999938964844,137.0,ANET,1,0.33,0.24747821549049767,0.0,3.861057937242746,0.3681147494337306,False,False,0.9601141409390196,6.7985447616783,5.798544761678299,False,2.5054127393042864,4.52706369652143,4.43706369652143,True,0.290197729192419,0.25756535352850696,1.257565353528507,--w4,103.0
2018-04-25,2018-04-27,long,19.4992790222168,2018-09-05,22.062889099121094,time_exit,13.15,12.85,0.0,2018-02-27,21.59466815981649,20.350207993894134,21.587744632765197,18.948632518178744,20.283591343194843,18.606220063661485,APH,0,0.0,0.0,0.0,4.226703271861146,0.22245819588991086,False,False,0.9944365217618995,7.380280029862704,6.380280029862703,False,2.1206883007222856,2.603441503611427,2.513441503611427,False,0.5058363445939793,2.696388282109305,1.6963882821093053,---,131.0
2019-01-03,2019-01-07,long,18.212255477905277,2019-05-16,21.75234031677246,time_exit,19.44,19.14,0.33,2018-12-03,20.920293585484806,19.03006574809362,20.218141118131545,17.51286002036362,19.016561206154957,17.473227081659378,APH,1,0.33,0.05198855243259822,0.29579907423703766,1.8013203994972125,0.40984866316571494,False,False,0.6285355376406142,1.1785684345866825,0.17856843458668156,True,1.431193131459559,0.8440343427022053,0.9340343427022054,False,0.5558391647478007,3.381358421202749,2.381358421202749,-w3-,129.0
2020-03-16,2020-03-17,long,16.846900939941406,2020-03-18,16.341493911743164,stop_loss,-3.0,-3.3,0.67,2020-01-14,25.954995049002637,23.296866044821407,24.87667992005022,20.99896561598565,22.98843936981592,15.139302924250478,APH,2,0.67,0.23173406573899866,0.26764405193316004,1.3666823978687919,0.49170684391431196,False,True,0.5943330337781833,0.5988649792912426,0.4011350207087584,True,1.4588134353016478,0.7059328234917615,0.7959328234917615,False,0.5130532055301061,2.7952493908233715,1.7952493908233715,w2w3-,1.0
2024-07-30,2024-07-31,long,63.24303436279297,2024-08-01,61.345743331909176,stop_loss,-3.0,-3.3,0.0,2024-06-20,69.71890000150424,65.48695219893894,69.6204803775999,59.572062779663554,63.754807569145534,59.91652883657645,APH,0,0.0,0.0,0.17689930318006652,4.140599489243567,0.24465981934065825,False,False,0.9767436583587645,7.080400989131603,6.080400989131602,False,2.3744190776278598,3.872095388139297,3.782095388139297,False,0.41625905260356544,1.4693020904598004,0.46930209045980037,---,1.0
2025-03-07,2025-03-12,long,62.13340759277344,2025-04-04,60.269405364990234,stop_loss,-3.0,-3.3,0.33,2025-01-31,72.17087531058851,67.78009834227255,71.19184035427735,60.748929313270224,64.06178495072022,59.34467167827572,APH,1,0.33,0.2957311387079827,0.03760219462535067,2.5666704528944666,0.4386756426391935,False,False,0.7770246670746598,3.6953333402484723,2.695333340248471,False,2.378374286911775,3.8918714345588743,3.8018714345588744,True,0.3172348806229518,0.11280658387605205,0.887193416123948,--w4,23.0
2021-07-19,2021-07-20,long,60.84999847412109,2021-08-06,59.02449851989745,stop_loss,-3.0,-3.3,0.33,2021-06-18,90.02999877929688,77.58999633789062,87.16000366210938,63.95000076293945,69.66999816894531,58.150001525878906,APP,1,0.33,0.04769568531885741,0.0,1.9166597552919995,0.3956767486593948,False,False,0.7692930422879347,3.5642888523378775,2.5642888523378766,False,1.8657554938989387,1.3287774694946926,1.2387774694946925,True,0.24644535508482976,0.8569129440434278,1.8569129440434278,--w4,17.0
2021-08-10,2021-08-11,long,58.5,2021-08-12,56.745,stop_loss,-3.0,-3.3,0.0,2021-07-29,66.38899993896484,60.5,64.36000061035156,56.58000183105469,60.0,56.209999084472656,APP,0,0.0,0.0,0.19207011431563192,1.6060849601364984,0.38523879324448246,False,False,0.6554594413920244,1.6349057863054992,0.6349057863054982,False,1.321106955328722,1.39446522335639,1.48446522335639,False,0.43958852256457526,1.788883870747606,0.788883870747606,---,1.0
2022-03-10,2022-03-11,long,44.54999923706055,2022-03-14,43.213499259948726,stop_loss,-3.0,-3.3,0.67,2022-02-18,66.61000061035156,52.845001220703125,61.02999877929688,44.369998931884766,49.18999862670898,43.970001220703125,APP,2,0.67,0.37551912045557145,0.20126494631367944,0.9406207770949289,0.5834352963549618,False,True,0.5946238954975213,0.6037948389410394,0.3962051610589616,False,1.2103160614696997,1.9484196926515012,2.0384196926515012,True,0.289315710622466,0.2696477996922461,1.2696477996922462,w2-w4,3.0
2022-05-02,2022-05-03,long,39.77000045776367,2022-05-04,38.57690044403076,stop_loss,-3.0,-3.3,0.33,2022-04-14,51.61000061035156,45.81999969482422,50.470001220703125,36.59999847412109,41.06999969482422,37.72499847412109,APP,1,0.33,0.2727017229330148,0.06063161040031854,2.7656275159376467,0.4138835291750665,False,False,0.8031089448377733,4.137439743013108,3.1374397430131067,False,2.3955095947197758,3.977547973598877,3.887547973598877,True,0.32227832267766976,0.18189483120095562,0.8181051687990444,--w4,1.0
2022-09-01,2022-09-02,long,24.09000015258789,2022-09-16,23.367300148010255,stop_loss,-3.0,-3.3,0.33,2022-08-10,40.52999877929688,34.310001373291016,36.619998931884766,25.440000534057617,27.2189998626709,23.3700008392334,APP,1,0.33,0.004286425416610284,0.03428642541661031,2.073401402229944,0.35666930079040843,False,False,0.3713823990285393,3.1799593384993328,4.179959338499334,True,1.797428144750034,0.9871407237501691,0.8971407237501691,False,0.15912339745585588,2.05310414444033,3.05310414444033,-w3-,14.0
2022-12-20,2022-12-21,long,10.199999809265137,2022-12-22,9.893999814987183,stop_loss,-3.0,-3.3,0.0,2022-11-25,14.710000038146973,13.18000030517578,14.494999885559082,10.175000190734863,11.93000030517578,9.399999618530272,APP,0,0.0,0.0,0.22260248771922667,4.180890523177257,0.24446807779753263,False,False,0.8594769999270722,5.092830507238513,4.092830507238512,False,2.8235297050901877,6.117648525450936,6.027648525450936,False,0.40625005518948937,1.33219253684232,0.33219253684232,---,1.0
2024-04-25,2024-04-26,long,73.81999969482422,2024-04-29,71.60539970397949,stop_loss,-3.0,-3.3,0.0,2024-04-09,79.55000305175781,74.31999969482422,78.875,65.69999694824219,72.9800033569336,65.62000274658203,APP,0,0.0,0.0,0.0,4.40637364197313,0.18945712262958833,False,False,0.8709364018164658,5.287057657906201,4.2870576579062005,False,2.5191194254763265,4.59559712738163,4.50559712738163,False,0.5525620282661039,3.33646614063156,2.33646614063156,---,3.0
2025-02-28,2025-03-03,long,337.3399963378906,2025-03-04,327.2197964477539,stop_loss,-3.0,-3.3,0.33,2025-02-13,525.1500244140625,462.7999877929688,519.7899780273438,288.9150085449219,349.92401123046875,306.1000061035156,APP,1,0.33,0.1290012089179392,0.0,5.7149753183152034,0.2831041771639115,False,False,0.9140329873534446,6.017508260227876,5.017508260227875,False,3.702884264294311,10.51442132147155,10.42442132147155,True,0.2642512647530287,0.6129963732461824,1.6129963732461823,--w4,1.0
2025-03-13,2025-03-14,long,292.8900146484375,2025-03-18,284.1033142089844,stop_loss,-3.0,-3.3,0.33,2025-03-03,359.70001220703125,307.5660095214844,326.27398681640625,234.55999755859372,292.42999267578125,260.92999267578125,APP,1,0.33,0.06800473992001062,0.09800473992001064,2.8663964566253584,0.3230924606596357,False,False,0.3588440620560349,3.3924735244739836,4.392473524473985,True,1.7591971560479938,0.7959857802399681,0.705985780239968,False,0.6309832947568351,4.410730065162125,3.4107300651621246,-w3-,4.0
2026-01-30,2026-02-02,long,483.0,2026-02-03,468.51,stop_loss,-3.0,-3.3,0.33,2026-01-13,679.6900024414062,596.760009765625,629.7999877929688,509.0400085449219,569.9199829101562,463.0799865722656,APP,1,0.33,0.09361288462835844,0.06361288462835842,2.0380711900000406,0.3742015556264889,False,False,0.3984080663857661,2.721897179902269,3.7218971799022698,True,1.4561677307770151,0.7191613461149247,0.8091613461149247,False,0.5041403182107538,2.6731550439829284,1.6731550439829281,-w3-,1.0
2026-07-17,2026-07-20,long,424.6000061035156,2026-07-22,411.8620059204101,stop_loss,-3.0,-3.3,0.33,2026-07-07,548.4400024414062,500.5,534.030029296875,431.1000061035156,462.6900024414063,413.6300048828125,APP,1,0.33,0.3237785496671135,0.0,1.7146337412393946,0.5119046541767794,False,False,0.699416512084171,2.3799408827825603,1.3799408827825594,False,2.147059197987393,2.7352959899369647,2.645295989936965,True,0.30690750237709785,0.02866435099865952,1.0286643509986595,--w4,2.0
2026-08-19,2026-08-20,long,308.7699890136719,2026-08-21,299.5068893432617,stop_loss,-3.0,-3.3,0.0,2026-08-05,437.7900085449219,332.1919860839844,350.92999267578125,303.1700134277344,326.19500732421875,304.20001220703125,APP,0,0.0,0.0,0.0,4.8589362644462915,0.19298368669760166,False,False,0.17744656722836247,6.467007335112499,7.4670073351125,False,0.452281000486672,5.738594997566639,5.828594997566639,False,0.48209807162816076,2.371206460659736,1.3712064606597363,---,1.0
2018-07-16,2018-07-19,long,17.056116104125977,2018-08-15,16.544432621002198,stop_loss,-3.0,-3.3,0.66,2018-06-15,21.74585114300886,19.249232006159893,20.41512031995694,16.00941063249461,17.350415805674075,16.258315869176137,AVGO,2,0.66,0.3711153311552089,0.08888280245602782,0.8153996237819848,0.6265337519720244,False,False,0.46698685297611664,1.5595448648115815,2.5595448648115826,True,1.7646703185263835,0.8233515926319166,0.7333515926319165,True,0.30437892378512066,0.06330241390245668,1.0633024139024567,-w3w4,27.0
2020-03-18,2020-03-19,long,16.667335510253906,2020-03-23,16.16731544494629,stop_loss,-3.0,-3.3,0.33,2020-02-14,27.917476612183407,22.520839953236173,24.727148552198067,15.448469590255272,17.14391786631394,13.34330427156117,AVGO,1,0.33,0.13442539976591558,0.1644253997659156,1.623921657617571,0.4248927618950211,False,False,0.408830302722714,2.5452491063946776,3.5452491063946785,True,1.7193447601404508,0.5967238007022533,0.5067238007022532,False,0.18272517919982786,1.7297920657557824,2.7297920657557824,-w3-,4.0
2022-09-06,2022-09-09,long,48.94184112548828,2022-09-13,47.47358589172363,stop_loss,-3.0,-3.3,0.0,2022-08-18,52.51691393460955,49.03927333307156,51.62034111380604,45.04822473063772,48.699191193796,45.9410552817726,AVGO,0,0.0,0.0,0.0,2.6436811620584018,0.29346299080786625,False,False,0.7421893394024106,3.1049040576679774,2.1049040576679765,False,1.8898204662844706,1.4491023314223523,1.3591023314223523,False,0.555523708087196,3.377037097084876,2.377037097084876,---,4.0
2025-03-04,2025-03-05,long,189.16749572753903,2025-03-06,183.49247085571287,stop_loss,-3.0,-3.3,0.0,2025-02-05,234.9337935580768,221.28784493817844,234.894316966736,198.38984612920785,216.489040961208,178.20727393088936,AVGO,0,0.0,0.0,0.0,5.12004108576022,0.18550417669021857,False,False,0.9971070833959302,7.4255437863717,6.4255437863716995,False,2.6751141935488305,5.37557096774415,5.2855709677441505,False,0.495807620731031,2.559008503164808,1.5590085031648082,---,1.0
2025-03-06,2025-03-07,long,192.50491333007807,2025-03-10,186.72976593017572,stop_loss,-3.0,-3.3,0.33,2025-02-11,234.894316966736,198.38984612920785,216.489040961208,178.20727393088936,191.6360140217183,175.3733904628195,AVGO,1,0.33,0.14252584419453554,0.19080748913879778,1.466681443119915,0.4616690800719545,False,False,0.495807620731031,1.0710572757452361,2.071057275745237,False,1.0486870827603767,2.756564586198116,2.846564586198116,True,0.3507868401213967,0.5724224674163934,0.4275775325836067,--w4,3.0
2025-04-07,2025-04-08,long,154.5313262939453,2025-08-18,303.5359802246094,time_exit,96.42,96.12,0.33,2025-03-12,197.4616950054078,184.54639821018816,195.77325074066653,159.077265046445,171.76419843344087,136.7735693661445,AVGO,1,0.33,0.16561267387777845,0.16772065945555492,3.9894479237912575,0.3212684565444932,False,False,0.8692678696035687,5.258777450907946,4.258777450907945,False,2.8412808684198327,6.2064043420991615,6.116404342099161,True,0.3457308244207665,0.5031619783666647,0.4968380216333353,--w4,132.0
2020-03-09,2020-03-10,long,94.96587371826172,2020-03-11,92.11689750671387,stop_loss,-3.0,-3.3,0.33,2020-01-24,126.98584966722136,118.47291057290934,126.9030912837334,98.36737772790066,107.00898736153678,89.11900227602845,AXP,1,0.33,0.30518213937943034,0.0,5.3848198914732635,0.3816400163207067,False,False,0.9902785180804063,7.309805391193329,6.309805391193328,False,3.352040140272951,8.760200701364752,8.670200701364752,True,0.30283488852409524,0.08445358186170904,1.0844535818617091,--w4,1.0
2021-12-20,2021-12-22,long,153.26962280273438,2022-01-24,148.67153411865235,stop_loss,-3.0,-3.3,0.0,2021-10-22,178.32556450391365,161.939250167764,173.51434463493257,141.4020369250808,160.92036875500662,145.07169526967976,AXP,0,0.0,0.0,0.0,2.7966554978362814,0.2798454177502632,False,False,0.7063879179732867,2.498100304631979,1.4981003046319783,False,1.9597028990838505,1.7985144954192516,1.7085144954192515,False,0.6078146736224057,4.093351693457612,3.093351693457612,---,33.0
2022-05-20,2022-05-23,long,150.8373565673828,2022-05-24,146.31223587036132,stop_loss,-3.0,-3.3,0.0,2022-04-21,182.49571205536887,158.87050090504763,168.9806976422545,142.1497878112257,154.3654963107503,141.98859625598823,AXP,0,0.0,0.0,0.0,2.182264354174587,0.3147981052513456,False,False,0.4279410106804234,2.2213388020267213,3.221338802026722,False,1.1356897367100984,2.3215513164495074,2.4115513164495077,False,0.4552849149154699,2.0039029440475327,1.0039029440475327,---,1.0
2022-10-13,2022-10-14,long,130.73666381835938,2022-10-21,126.81456390380859,stop_loss,-3.0,-3.3,0.66,2022-08-15,158.08465033542444,139.51169336023457,155.60004466052604,128.1546294721589,138.55971891192954,124.85011964415705,AXP,2,0.66,0.14266746650982065,0.4196939840711309,2.2597311217568685,0.4305743559147877,False,False,0.8662245501232039,5.207195764800067,4.207195764800066,True,1.4777084351742855,0.6114578241285726,0.7014578241285727,True,0.3791194036729635,0.9605397763419654,0.039460223658034546,-w3w4,7.0
2026-03-09,2026-03-10,long,301.3696594238281,2026-03-18,292.3285696411133,stop_loss,-3.0,-3.3,0.0,2026-01-22,367.9265053053123,342.4768372916697,367.3300531025327,314.2138258349367,334.6431223802797,290.7126478279949,AXP,0,0.0,0.0,0.32139279766919093,3.5162375317881427,0.3020266339467615,False,False,0.9765634584129019,7.077346752761051,6.07734675276105,False,2.08710884712219,2.4355442356109482,2.3455442356109484,False,0.3846149773104472,1.0358216069924273,0.0358216069924272,---,8.0
2026-03-20,2026-03-25,long,298.4767761230469,2026-08-04,346.7099914550781,time_exit,16.16,15.86,0.33,2026-02-11,367.3300531025327,314.2138258349367,334.6431223802797,290.7126478279949,306.43971429244465,289.2612224526533,AXP,1,0.33,0.10959355479390757,0.22373977853942575,2.4971939689657883,0.3522432778214726,False,False,0.3846149773104472,2.955678350670386,3.9556783506703868,False,0.8270631558782594,3.864684220608702,3.9546842206087023,True,0.35799901150013425,0.6712193356182773,0.3287806643817227,--w4,132.0
2019-05-23,2019-05-24,long,348.578857421875,2019-05-31,338.1214916992187,stop_loss,-3.0,-3.3,0.0,2019-04-05,389.3227806316155,354.4198698359926,376.2756425382437,330.99767886573784,354.3443014422412,335.0737650186216,BA,0,0.0,0.0,0.2870752597581661,1.827677526667882,0.37547787390472903,False,False,0.6261876790228046,1.1387742207255025,0.1387742207255016,False,1.2972546598659056,1.513726700670472,1.603726700670472,False,0.51562881107836,2.830531658607671,1.830531658607671,---,7.0
2020-03-18,2020-03-19,long,97.70999908447266,2020-03-20,94.77869911193848,stop_loss,-3.0,-3.3,0.0,2020-02-13,347.8900146484375,269.6000061035156,297.44000244140625,154.80999755859375,178.27999877929688,89.0,BA,0,0.0,0.0,0.0,2.1784227395934166,0.3449001275627432,False,False,0.3556008851616917,3.4474426243781062,4.447442624378107,False,1.821816187450958,1.109080937254789,1.0190809372547889,False,0.16455164002824316,1.9787446571473537,2.9787446571473537,---,1.0
2022-03-08,2022-03-09,long,178.55999755859375,2022-03-14,173.20319763183593,stop_loss,-3.0,-3.3,0.0,2022-02-10,223.22999572753903,208.75999450683597,219.67999267578125,186.8800048828125,207.30999755859372,167.5800018310547,BA,0,0.0,0.0,0.0,3.649890320816214,0.21703937008830335,False,False,0.7546646335676469,3.3163497214855417,2.316349721485541,False,2.266757776498312,3.3337888824915582,3.2437888824915584,False,0.6228658621684228,4.299532358471544,3.299532358471544,---,5.0
2022-05-02,2022-05-03,long,153.5800018310547,2022-05-06,148.97260177612304,stop_loss,-3.0,-3.3,0.33,2022-03-31,197.5800018310547,173.39999389648438,189.8500061035156,146.0,157.02999877929688,143.3800048828125,BA,1,0.33,0.07095559728036964,0.007530209931337721,1.3035740286304154,0.45681947681315077,False,False,0.6803145909440557,2.0561795075263682,1.0561795075263674,False,1.8134818740411975,1.0674093702059868,0.9774093702059868,True,0.25153927580440094,0.7871332081588911,1.787133208158891,--w4,3.0
2022-09-30,2022-10-03,long,126.0500030517578,2023-02-10,212.88999938964844,time_exit,68.89,68.59,0.33,2022-09-15,153.4499969482422,141.35000610351562,149.8699951171875,125.5999984741211,133.88999938964844,120.98999786376952,BA,1,0.33,0.18459340370438193,0.1487399296289514,1.645004526507747,0.4368786985794652,False,False,0.7041318562141781,2.4598619697318327,1.4598619697318318,False,2.0057863641809113,2.028931820904555,1.9389318209045552,True,0.34157404458874036,0.44621978888685415,0.5537802111131458,--w4,130.0
2023-10-25,2023-10-31,long,186.82000732421875,2024-03-12,184.2400054931641,time_exit,-1.38,-1.68,1.0,2023-08-01,243.1000061035156,212.8800048828125,231.1699981689453,182.5500030517578,199.6199951171875,176.25,BA,3,1.0,0.5318527003932018,0.7714806329401313,0.4681472996067982,0.7175051728212113,False,True,0.6052280789983131,0.7835267626832739,0.216473237316727,True,1.608868072575687,0.044340362878434444,0.04565963712156561,True,0.3510899584478841,0.5765747732586862,0.4234252267413138,w2w3w4,133.0
2024-04-25,2024-04-26,long,167.22000122070312,2024-09-03,162.20340118408203,stop_loss,-3.0,-3.3,0.0,2024-02-07,213.7700042724609,197.1499938964844,208.1000061035156,177.52000427246094,196.17999267578125,159.6999969482422,BA,0,0.0,0.0,0.10257012146891516,2.3393676998894435,0.34036964991053437,False,False,0.658845088500002,1.6922896355932555,0.6922896355932545,False,1.8399508267008489,1.1997541335042434,1.1097541335042433,False,0.6102023311316708,4.126059330570832,3.126059330570832,---,130.0
2018-10-26,2018-10-29,long,22.090795516967773,2018-12-06,21.42807165145874,stop_loss,-3.0,-3.3,0.34,2018-08-08,26.36324532847788,24.299040788923648,25.56090434686069,22.94587013886128,24.23262822664331,21.484769137841653,BAC,1,0.34,0.03781116862323808,0.29552216471009496,1.6866728556951915,0.3967596261880053,False,True,0.6113074231536868,0.8865664941302858,0.11343350586971512,False,1.2668483950549432,1.6657580247252841,1.755758024725284,False,0.4920616655207904,2.507694048230005,1.5076940482300052,w2--,38.0
2020-03-12,2020-03-13,long,20.75944328308105,2020-03-16,20.13665998458862,stop_loss,-3.0,-3.3,0.33,2020-02-12,30.267234822588566,23.42829056441187,25.40057173720351,18.48243639224607,20.587591852466467,17.313856141403328,BAC,1,0.33,0.3118502823010218,0.0,2.5310556756596876,0.4573746774665816,False,False,0.2883897131393584,4.586615031536297,5.586615031536298,False,1.0115794315308337,2.9421028423458306,3.032102842345831,True,0.3042952118239238,0.06444915309693457,1.0644491530969347,--w4,3.0
2020-04-03,2020-04-06,long,18.37932777404785,2020-05-13,17.827947940826416,stop_loss,-3.0,-3.3,0.33,2020-03-26,19.71975557048244,18.1301444094203,19.324499440101835,16.76393991538216,17.86378132325284,16.910011358743485,BAC,1,0.33,0.31531879468271046,0.43764161791069583,1.6551130571768942,0.5202195443179346,False,False,0.7513504308081829,3.2601767933590327,2.2601767933590318,True,1.6108087231903738,0.05404361595186866,0.03595638404813138,False,0.42953166964204403,1.6511187622197812,0.6511187622197812,-w3-,37.0
2025-04-10,2025-04-14,long,35.677978515625,2025-08-22,48.42513275146485,time_exit,35.73,35.43,0.34,2025-03-03,45.40308545935738,38.12007379616274,42.53725994727432,32.63265622869835,36.82605295313035,33.693164348065984,BAC,1,0.34,0.0649410496848919,0.4127824830149132,1.1907356059307606,0.46601735067890165,False,True,0.6065054342057741,0.8051768509453243,0.1948231490546766,False,1.3599598870107252,1.2002005649463738,1.290200564946374,False,0.4233785463387426,1.5668294019005835,0.5668294019005836,w2--,130.0
2026-03-19,2026-03-24,long,47.89116668701172,2026-08-03,62.47999954223633,time_exit,30.46,30.16,0.0,2026-02-06,56.25800651676454,48.93764016497165,52.10320371673696,46.52824845578742,48.89594859079692,45.88160689443775,BAC,0,0.0,0.0,0.13834253879826128,2.6407823524888108,0.29913092872663255,False,False,0.43243239472434397,2.1452136487399316,3.145213648739933,False,0.761567794975743,4.192161025121284,4.282161025121284,False,0.4247029840031808,1.5849723836052163,0.5849723836052162,---,132.0
2020-03-09,2020-03-10,long,61.062896728515625,2020-03-11,59.231009826660156,stop_loss,-3.0,-3.3,0.66,2020-01-10,82.01777428587158,71.30297497596135,79.3104851855104,62.37305996501267,68.54359992224703,57.83192705705958,BKNG,2,0.66,0.3820092736816842,0.5238259919812388,1.3486788379914454,0.5732220788706983,False,False,0.7473317957661438,3.192064335019388,2.192064335019387,True,1.580750579698877,0.09624710150561541,0.18624710150561546,True,0.36431393065380124,0.757725077449332,0.24227492255066796,-w3w4,1.0
2020-03-19,2020-03-20,long,46.11756896972656,2020-03-23,44.734041900634764,stop_loss,-3.0,-3.3,0.67,2020-03-03,68.54359992224703,57.83192705705958,63.25630206669244,49.04694386877204,53.68051940089696,45.04319012663551,BKNG,2,0.67,0.2914317329262817,0.07805128533158341,0.8310178326468187,0.5871173092371801,False,True,0.5063984942316421,0.8915509452264047,1.8915509452264057,False,1.3265302606561398,1.3673486967193011,1.4573486967193012,True,0.32609323148761676,0.2341538559947502,0.7658461440052498,w2-w4,3.0
2022-10-03,2022-10-04,long,68.8980484008789,2022-10-06,66.83110694885254,stop_loss,-3.0,-3.3,0.33,2022-09-12,79.54823608535115,74.3063816789544,78.9254560942319,64.47206757177993,67.99522805979028,63.69576431395984,BKNG,1,0.33,0.035434580332409316,0.0,4.047027101064708,0.27673225222264636,False,False,0.8811909025250201,5.460862754661359,4.460862754661358,False,2.757304457905999,5.786522289529992,5.696522289529992,True,0.24376017309279763,0.893696259002772,1.8936962590027722,--w4,2.0
2026-02-17,2026-02-18,long,169.98353576660156,2026-02-19,164.8840296936035,stop_loss,-3.0,-3.3,1.0,2025-12-16,219.7509864567027,197.1510906722953,208.94128667013783,173.666244939376,186.9839071838918,160.0531942116696,BKNG,3,1.0,0.4110146492936198,0.5510409878657074,0.5889853507063801,0.6548928525942249,False,True,0.5216924940856174,0.632330608718349,1.63233060871835,True,1.5608497520196332,0.19575123990183457,0.2857512399018346,True,0.37753781685542387,0.938874203498957,0.06112579650104297,w2w3w4,1.0
2026-05-20,2026-05-21,long,159.27957153320312,2026-09-01,195.69000244140625,time_exit,22.86,22.56,0.33,2026-04-30,175.49881462429775,163.63863114583654,175.0798605361442,152.666206198545,160.50650263549252,149.7635062858282,BKNG,1,0.33,0.1470319329818682,0.18630140035146514,2.961293127679417,0.39225227301657584,False,False,0.9646755812071204,6.875857308595262,5.875857308595261,False,1.8898235746777188,1.449117873388593,1.359117873388593,True,0.34980000667697086,0.5589042010543954,0.44109579894560463,--w4,103.0
2022-01-28,2022-01-31,long,736.0610961914062,2022-02-04,713.9792633056641,stop_loss,-3.0,-3.3,0.33,2021-12-16,834.5556250670718,790.9701289083515,830.9779132560748,674.4440071291026,733.4045894633674,691.0804015537907,BLK,1,0.33,0.024368356322720313,0.30896497701061304,5.655770337351739,0.2504705354499302,False,False,0.917915083541358,6.083306500700984,5.083306500700983,False,3.5914219160644794,9.957109580322394,9.867109580322394,True,0.37666332996532426,0.9268949310318391,0.07310506896816095,--w4,4.0
2022-10-13,2022-10-14,long,503.3512573242188,2023-02-24,628.690185546875,time_exit,24.9,24.6,0.66,2022-08-16,692.5198545764482,590.1565735497867,641.1686873187039,496.2983004271169,540.2519119667975,459.653543227389,BLK,2,0.66,0.33318947852322195,0.0,0.6761671795227079,0.6472185383524119,False,False,0.49834387152587034,1.0280699741377899,2.0280699741377908,True,1.4152573602428205,0.9237131987858979,1.0137131987858978,True,0.30339955930795615,0.0767183656444363,1.0767183656444363,-w3w4,133.0
2026-03-12,2026-03-17,long,965.56884765625,2026-03-27,936.6017822265625,stop_loss,-3.0,-3.3,0.33,2026-02-23,1095.9090315222286,1039.73014353059,1095.7408380272109,913.8502968522604,971.326374298161,912.2493207582108,BLK,1,0.33,0.30140334105830985,0.03192999227502347,5.23604538874709,0.38004199240384695,False,False,0.9970061085039146,7.423832347523978,6.423832347523977,False,3.2377027683784454,8.188513841892224,8.098513841892224,True,0.31599266830823014,0.09578997682507044,0.9042100231749296,--w4,10.0
2018-05-08,2018-05-14,long,38.319095611572266,2018-06-04,37.169522743225095,stop_loss,-3.0,-3.3,0.66,2018-02-16,51.27267919036622,47.35678119847038,49.93323650733536,42.97456194729936,45.28755726311015,36.80166012087085,BMY,2,0.66,0.264809340029766,0.2827264749037162,0.9608827717793527,0.5537798735756825,False,False,0.6579475037902139,1.677076335427356,0.677076335427355,True,1.77703162197722,0.8851581098860991,0.7951581098860991,True,0.332390212511796,0.3204138700246029,0.6795861299753971,-w3w4,21.0
2020-03-12,2020-03-13,long,42.77479934692383,2020-03-16,41.49155536651611,stop_loss,-3.0,-3.3,0.0,2020-01-22,53.159296857138365,48.62434361451459,52.73924935600929,43.848249402563376,48.11095067668385,39.37553317469966,BMY,0,0.0,0.0,0.0,3.347404180369656,0.2671636076255689,False,False,0.9073755607486592,5.904670521163717,4.904670521163716,False,1.96054942085839,1.802747104291949,1.7127471042919489,False,0.4794400288426911,2.3347949156533025,1.3347949156533025,---,3.0
2023-11-30,2023-12-04,long,43.840293884277344,2024-02-05,42.525085067749025,stop_loss,-3.0,-3.3,0.33,2023-07-24,56.7722960922915,51.84878868412851,55.06165573688511,43.41049544790576,46.97174866536021,42.32281115912487,BMY,1,0.33,0.3180663443086669,0.13809853640788816,1.8212267979819003,0.5166309495388846,False,False,0.6525565590558038,1.5857043907763364,0.5857043907763355,False,2.3664350072190734,3.8321750360953653,3.7421750360953654,True,0.30565652940359805,0.045800967073999214,1.0458009670739992,--w4,63.0
2024-05-30,2024-06-03,long,37.49519348144531,2024-06-17,36.37033767700195,stop_loss,-3.0,-3.3,0.0,2024-03-13,48.83901107489446,45.49375064984802,48.342096290160704,38.89553992929828,41.04094870038183,35.825548553918864,BMY,0,0.0,0.0,0.0,4.0659973950712205,0.259879397160864,False,False,0.8514570701242623,4.956899493631566,3.956899493631565,False,2.823862767195855,6.1193138359792725,6.029313835979272,False,0.2271101435409937,1.1217788556028256,2.121778855602826,---,14.0
2020-03-03,2020-03-04,long,33.74952697753906,2020-03-05,32.73704116821289,stop_loss,-3.0,-3.3,0.33,2020-01-09,42.71590795859913,36.74948119840637,39.691114652474376,32.11621298667145,34.13285827636719,31.749559551994142,BNY,1,0.33,0.1380240028568245,0.0,1.1187027162770329,0.493242640420608,False,False,0.4930310171062868,1.1181183541307318,2.1181183541307327,False,1.2695876393458319,1.6520618032708407,1.7420618032708406,True,0.26622725662564456,0.5859279914295265,1.5859279914295266,--w4,1.0
2020-03-18,2020-03-19,long,24.999652862548828,2020-03-20,24.24966327667236,stop_loss,-3.0,-3.3,0.0,2020-03-04,34.09118872842849,28.499608065778244,30.50790907862121,24.499661554175603,28.441267013549805,21.999691827026677,BNY,0,0.0,0.0,0.0,3.589438777260581,0.22580634177994466,False,False,0.35916516885067884,3.3870310364291716,4.387031036429172,False,1.0745168293070588,2.6274158534647056,2.7174158534647055,False,0.6560324692578142,4.753869441887866,3.7538694418878653,---,1.0
2020-03-12,2020-03-13,long,196.3999938964844,2020-03-16,190.50799407958988,stop_loss,-3.0,-3.3,0.0,2020-03-02,218.8000030517578,206.1999969482422,218.33999633789065,192.25999450683597,202.8600006103516,175.0,BRK-B,0,0.0,0.0,0.22172637768961037,3.5132706280943578,0.284723875139344,False,False,0.9634915483303766,6.855788954752148,5.855788954752147,False,2.0698404125199517,2.349202062599757,2.259202062599757,False,0.40644192328597534,1.334820866931169,0.33482086693116886,---,3.0
2020-03-18,2020-03-19,long,33.45255661010742,2020-03-20,32.4489799118042,stop_loss,-3.0,-3.3,0.0,2020-03-05,46.5499589646577,37.40408674300099,40.4473954205899,29.843600835120387,37.38814229944485,26.29041209120571,BX,0,0.0,0.0,0.0,3.8504313398303105,0.2241910364076196,False,False,0.33275215352151916,3.834709262347132,4.8347092623471335,False,1.159407689991618,2.20296155004191,2.2929615500419103,False,0.7114944941184381,5.513623207101891,4.513623207101891,---,1.0
2022-12-07,2022-12-12,long,73.02718353271484,2022-12-14,70.8363680267334,stop_loss,-3.0,-3.3,0.0,2022-11-11,97.39612971904025,75.35604841959614,81.04981994628906,71.22962601015472,75.22321276211714,68.31632813275817,BX,0,0.0,0.0,0.22068098662355096,4.068711425437985,0.24647631600446818,False,False,0.2583371381137571,5.09598070993632,6.095980709936321,False,0.44556069475034227,5.772196526248287,5.862196526248287,False,0.40667086392944235,1.3379570401293472,0.33795704012934713,---,2.0
2025-01-13,2025-01-14,long,159.24534606933594,2025-02-11,154.46798568725586,stop_loss,-3.0,-3.3,0.67,2024-11-25,189.0027364872842,173.3716349981558,182.45686198222936,156.16989609705607,167.92613293418165,151.16644600344466,BX,2,0.67,0.40490536777764524,0.3882247634592197,0.8929341105262001,0.5939688781440435,False,True,0.5812275603477096,0.3767383109781301,0.6232616890218708,True,1.681709117137787,0.40854558568893407,0.318545585688934,False,0.44722684574854216,1.8935184349115362,0.8935184349115362,w2w3-,28.0
2025-03-13,2025-03-17,long,140.17242431640625,2025-03-27,135.96725158691405,stop_loss,-3.0,-3.3,0.33,2025-02-19,159.3325611267883,145.27549765194695,155.23496695471334,129.66283904587317,136.19812184174796,128.61946922264718,BX,1,0.33,0.0893275298865213,0.0,1.4539307698563892,0.44582314635237696,False,False,0.7085028335108086,2.5339463306916716,1.5339463306916707,False,1.8191657137074122,1.0958285685370601,1.00582856853706,True,0.25556272904514815,0.7320174103404361,1.7320174103404362,--w4,10.0
2025-11-19,2025-11-21,long,138.32505798339844,2026-02-03,134.17530624389647,stop_loss,-3.0,-3.3,0.33,2025-09-18,182.6795909905296,147.18927684000474,159.90351921784367,136.81257224209378,144.46228715813783,131.3152571728856,BX,1,0.33,0.23156930179306612,0.10176403154026721,2.8182595039253098,0.38908579894171796,False,False,0.3582454165920902,3.4026200577611823,4.402620057761183,False,0.6506267281212106,4.7468663593939455,4.836866359393946,True,0.3312863229073185,0.30529209462080165,0.6947079053791984,--w4,74.0
2026-03-03,2026-03-04,long,111.95010375976562,2026-03-06,108.59160064697265,stop_loss,-3.0,-3.3,0.0,2026-02-12,133.8713145052896,124.23971242608258,132.27257596546656,108.9095868890758,118.56079712282722,103.07373804983092,BX,0,0.0,0.0,0.19133212698542712,3.405169369512823,0.2612792655259765,False,False,0.8340111513457925,4.6612059550134335,3.6612059550134326,False,2.4256597068962638,4.128298534481317,4.038298534481317,False,0.41309826419019147,1.4260036190437186,0.4260036190437186,---,2.0
2020-03-09,2020-03-10,long,44.31476593017578,2020-03-11,42.98532295227051,stop_loss,-3.0,-3.3,0.33,2020-01-14,65.82841129208416,58.92955523354724,64.39912889681057,48.90729241992736,54.56025957997558,40.66305558816774,C,1,0.33,0.07808336204409254,0.2552499712892408,2.652228733421986,0.33478209787631813,False,False,0.7928232763307275,3.9631063784869074,2.9631063784869065,False,2.2455659815822657,3.2278299079113273,3.137829907911327,True,0.36489974371234374,0.7657499138677224,0.2342500861322776,--w4,1.0
2020-03-23,2020-03-24,long,32.41883087158203,2020-03-25,31.44626594543457,stop_loss,-3.0,-3.3,0.33,2020-03-10,44.41044287157835,34.14103046217115,40.85442516876396,25.514077311336887,32.88126390877193,27.60304887439428,C,1,0.33,0.15631703903115501,0.2578015171206878,1.4941573510474955,0.4452729936730817,False,False,0.6537272473781527,1.6055465657314025,0.6055465657314016,True,1.493790223418693,0.531048882906535,0.621048882906535,False,0.4802489921288321,2.345876604504549,1.345876604504549,-w3-,1.0
2022-10-13,2022-10-14,long,37.749290466308594,2023-02-24,44.76241683959961,time_exit,18.58,18.28,1.0,2022-08-16,47.642874881449245,41.5652535929679,45.09306437725012,35.85440820245265,39.07658079947157,34.93751579616774,C,3,1.0,0.5640114812238562,0.4730236499422884,0.4359885187761438,0.698396863346431,False,True,0.5804591330770036,0.3637141199492143,0.6362858800507866,True,1.5201105393498435,0.3994473032507827,0.48944730325078273,True,0.3487707017183757,0.5448041331284343,0.45519586687156566,w2w3w4,133.0
2023-03-16,2023-03-21,long,40.20410537719727,2023-03-22,38.99798221588135,stop_loss,-3.0,-3.3,0.0,2023-02-02,47.01940001174147,43.84362310897985,46.78734010762285,39.784844792909176,42.80885658592364,38.98202302038125,C,0,0.0,0.0,0.10571807110977176,3.64792334410734,0.25313043620601844,False,False,0.9269281466475754,6.236070282162296,5.236070282162295,False,2.204970792697808,3.0248539634890395,2.934853963489039,False,0.43184774242696,1.6828457866706847,0.6828457866706847,---,1.0
2025-03-31,2025-04-02,long,69.26038360595703,2025-04-03,67.18257209777832,stop_loss,-3.0,-3.3,0.33,2025-02-18,81.78825209231547,73.79665600430852,77.62837998985621,63.74927732114916,72.44543112274036,66.02708633621091,C,1,0.33,0.10547961553105385,0.1354796155310539,2.1272468769433703,0.4022619769078876,False,False,0.47946917528752375,1.347980079872478,2.3479800798724786,True,1.7367122306813678,0.6835611534068384,0.5935611534068383,False,0.6265645560212081,4.350199397550795,3.3501993975507953,-w3-,1.0
2025-04-10,2025-04-11,long,59.49288940429688,2025-08-21,90.6718521118164,time_exit,52.41,52.11,0.34,2025-03-26,72.44543112274036,66.02708633621091,69.45341405387951,53.57641765743789,63.45972817056638,57.02206602327529,C,1,0.34,0.19114994291749773,0.0,3.0298060823848716,0.3587144986993342,False,True,0.533833539896397,0.4265501712475069,1.426550171247508,False,2.473690168493847,4.368450842469232,4.2784508424692325,False,0.6224924580409651,4.294417233437877,3.2944172334378776,w2--,132.0
2018-08-02,2018-08-07,long,120.70500946044922,2018-08-10,117.08385917663574,stop_loss,-3.0,-3.3,0.0,2018-05-21,136.16414977256224,127.65395094245696,134.13355946312615,111.79618830251394,124.3673551070074,115.0334626904896,CAT,0,0.0,0.0,0.0,4.0102677729291,0.20413204818631803,False,False,0.7613933175976134,3.4303952135188727,2.4303952135188718,False,2.6247766481780155,5.123883240890075,5.033883240890075,False,0.5627863150996196,3.4765248643783506,2.4765248643783506,---,3.0
2019-08-28,2019-08-29,long,102.51998138427734,2020-01-08,129.5673828125,time_exit,26.38,26.08,1.0,2019-07-16,121.47643370533612,111.81701641915556,117.4318042141976,101.04009369511884,106.20224222522656,97.27949907438958,CAT,3,1.0,0.6854835830863045,0.35462705697963615,0.3145164169136955,0.7747778970270232,False,True,0.5812760365032521,0.3775599407330875,0.6224400592669135,True,1.6969668079802178,0.4848340399010885,0.39483403990108845,True,0.31492433471780445,0.08115527010691037,0.9188447298930896,w2w3w4,132.0
2020-03-12,2020-03-13,long,88.03260803222656,2020-03-16,85.39162979125976,stop_loss,-3.0,-3.3,0.33,2020-02-13,124.13266887379608,105.1637849551766,114.46709727877128,87.56432701644444,92.5473159974056,77.30684260582602,CAT,1,0.33,0.03042990279461551,0.00042990279461548503,1.2553803111794197,0.45248627650226,False,False,0.4904512233565167,1.1618436719234448,2.161843671923446,True,1.4182579416767693,0.9087102916161535,0.9987102916161535,False,0.18522215119009774,1.6955869699986608,2.695586969998661,-w3-,3.0
2021-10-13,2021-10-15,long,182.6199951171875,2021-11-30,177.14139526367188,stop_loss,-3.0,-3.3,0.34,2021-08-12,205.32126680696737,186.46468324411015,197.92546979340275,171.57213125235342,185.3452474141633,172.25110681133194,CAT,1,0.34,0.05770050643465644,0.2756328268986766,1.588512920173702,0.4330114174565621,False,True,0.6077870103610657,0.8268984806960307,0.17310151930397025,False,1.3975669798933703,1.0121651005331485,1.1021651005331485,False,0.5226326880883106,2.9264751792919266,1.9264751792919264,w2--,46.0
2023-03-24,2023-03-30,long,213.05587768554688,2023-04-04,206.66420135498046,stop_loss,-3.0,-3.3,0.33,2023-01-27,252.43341446084136,221.10216219475197,242.62222035522748,200.61638806645144,215.00104965845105,202.23896164739796,CAT,1,0.33,0.18061922619802864,0.15271410713530467,1.307229785591762,0.4790004075431173,False,False,0.6868559857649615,2.16705060618579,1.167050606185789,False,1.3407007141632836,1.2964964291835819,1.386496429183582,True,0.3424443894626317,0.45814232140591404,0.541857678594086,--w4,5.0
2025-04-10,2025-04-11,long,288.38201904296875,2025-04-21,279.7305584716797,stop_loss,-3.0,-3.3,0.0,2025-03-10,346.32374252075937,323.52438618390585,341.2725209404037,262.683597396657,296.6467892185979,274.96774212388846,CAT,0,0.0,0.0,0.10428046453150304,4.880510588969812,0.2272444172271302,False,False,0.7784489392715558,3.719473546975523,2.719473546975522,False,3.446979922705685,9.234899613528421,9.144899613528422,False,0.43216257826760085,1.6871586064054909,0.6871586064054909,---,10.0
2020-03-23,2020-03-24,long,93.32373046875,2020-03-25,90.5240185546875,stop_loss,-3.0,-3.3,0.33,2020-03-03,138.6808519032518,119.17379335646775,125.82062486203264,78.88627426120048,94.61587811073446,83.75114082178087,CB,1,0.33,0.21397011318722203,0.1193632201461113,2.6958363667767746,0.3826427839433559,False,False,0.34073981423820004,3.6993251824033884,4.699325182403389,False,2.4060188514977208,4.030094257488602,3.940094257488602,True,0.3351405452119984,0.3580896604383339,0.6419103395616661,--w4,1.0
2023-03-24,2023-03-29,long,185.99734497070312,2023-05-31,180.41742462158203,stop_loss,-3.0,-3.3,0.67,2023-01-27,221.6889438652186,193.2891828430652,208.9263176492112,177.3644491565244,188.49003590836605,176.50790233362426,CB,2,0.67,0.42061987247047866,0.19863420353281355,1.0604755454295292,0.5974997830431964,False,True,0.5506079714525827,0.1422377719901233,1.1422377719901242,False,1.1113427492599952,2.4432862537000237,2.5332862537000236,True,0.35250089057368617,0.5959026105984406,0.4040973894015594,w2-w4,63.0
2020-03-18,2020-03-19,long,55.720001220703125,2020-03-23,54.04840118408203,stop_loss,-3.0,-3.3,0.0,2020-02-19,80.4000015258789,63.2400016784668,70.38999938964844,58.04999923706055,62.91999816894531,51.38999938964844,CDNS,0,0.0,0.0,0.27556416314552906,2.663389304996407,0.31273592157842317,False,False,0.4166665369906707,2.4124315764293094,3.4124315764293103,False,0.7191142344007002,4.404428827996498,4.494428827996498,False,0.39465144827112913,1.1733075105634128,0.1733075105634127,---,4.0
2022-02-04,2022-02-09,long,154.39999389648438,2022-02-10,149.76799407958984,stop_loss,-3.0,-3.3,0.0,2021-12-28,192.6999969482422,160.8300018310547,172.63999938964844,136.6199951171875,153.4600067138672,144.6199951171875,CDNS,0,0.0,0.0,0.0,2.5713879547534995,0.2841210632933327,False,False,0.37056791239433273,3.193764196706224,4.193764196706225,False,1.1302168117696176,2.3489159411519114,2.4389159411519117,False,0.4675183120273726,2.171483726402364,1.171483726402364,---,1.0
2022-05-12,2022-05-13,long,142.44000244140625,2022-05-18,138.16680236816407,stop_loss,-3.0,-3.3,0.66,2022-04-28,160.97000122070312,146.1199951171875,158.7100067138672,136.3800048828125,143.8800048828125,132.32000732421875,CDNS,2,0.66,0.3834733940116835,0.26553730254918156,1.9148988109176972,0.5251912441755353,False,False,0.8478118802725003,4.895116614788142,3.895116614788141,True,1.5037032089682596,0.4814839551587023,0.5714839551587023,True,0.33587099798485603,0.36809586280624707,0.6319041371937529,-w3w4,5.0
2024-08-05,2024-08-06,long,259.79998779296875,2024-08-07,252.00598815917968,stop_loss,-3.0,-3.3,0.0,2024-07-05,322.2799987792969,273.1700134277344,291.8299865722656,250.83999633789065,270.9200134277344,241.2899932861328,CDNS,0,0.0,0.0,0.0,3.1129990464272246,0.2475275307728876,False,False,0.379962914078482,3.0345268800257283,4.034526880025729,False,0.8346569427976996,3.826715286011501,3.916715286011501,False,0.4898761130468444,2.4777549732444437,1.4777549732444437,---,1.0
2025-03-11,2025-03-12,long,239.22000122070312,2025-04-07,232.04340118408203,stop_loss,-3.0,-3.3,0.0,2025-01-24,325.0299987792969,285.0599975585937,309.8900146484375,233.72000122070312,246.7899932861328,230.08999633789065,CDNS,0,0.0,0.0,0.3151620309125814,1.488414684686428,0.40972726003949483,False,False,0.6212163205284731,1.0545139072622567,0.05451390726225582,False,1.9056795371895248,1.528397685947623,1.4383976859476229,False,0.17158973035799352,1.8823324608494036,2.8823324608494034,---,26.0
2026-02-17,2026-02-18,long,305.010009765625,2026-02-19,295.8597094726562,stop_loss,-3.0,-3.3,0.0,2026-01-15,328.6400146484375,304.95001220703125,325.19000244140625,262.75,302.5799865722656,282.9599914550781,CDNS,0,0.0,0.0,0.0,4.896723950567836,0.16999476358574483,False,False,0.8543684317650726,5.006244606187672,4.006244606187671,False,2.635711102007796,5.178555510038978,5.0885555100389785,False,0.6378921366898106,4.5053717354768565,3.505371735476857,---,1.0
2022-09-30,2022-10-03,long,24.925121307373047,2022-10-07,24.177367668151856,stop_loss,-3.0,-3.3,0.67,2022-07-27,35.5770937435173,29.758786002735697,33.06260362321866,27.455878089548264,29.213575399393967,23.826563539829067,CMCSA,2,0.67,0.5962330863694327,0.07043358029723357,1.1310417549697955,0.6836312794428124,False,True,0.5678313639764861,0.14968413519468146,0.8503158648053195,False,0.9636350951964628,3.181824524017685,3.2718245240176853,True,0.31349801221588247,0.06161660569702019,0.9383833943029798,w2-w4,4.0
2023-03-24,2023-03-30,long,30.7369327545166,2023-08-09,38.01684188842773,time_exit,23.68,23.38,0.33,2023-02-02,34.04642575703965,31.33264239162166,33.086666701747504,28.651951410781823,30.8279352365815,29.189742902002884,CMCSA,1,0.33,0.27642513923691775,0.4796505377198277,1.3798949767532518,0.5146633223647107,False,False,0.6463391044685249,1.4803238045512712,0.4803238045512703,True,1.6341449164578494,0.17072458228924664,0.08072458228924659,False,0.49067046766960437,2.4886365434192377,1.4886365434192377,-w3-,132.0
2025-01-30,2025-02-06,long,30.258554458618164,2025-04-07,29.35079782485962,stop_loss,-3.0,-3.3,0.33,2024-10-31,39.44252036442938,36.83971640935636,39.36417837445032,31.733291707701454,33.70839912903849,28.52924129597011,CMCSA,1,0.33,0.1042495824571991,0.0,4.770215628616341,0.2829347148911208,False,False,0.969900925566689,6.964422467232019,5.964422467232018,False,2.9317946331977205,6.6589731659886,6.5689731659885995,True,0.2588306585581266,0.6872512526284027,1.6872512526284027,--w4,60.0
2025-08-11,2025-08-13,long,29.445161819458008,2025-09-18,28.56180696487427,stop_loss,-3.0,-3.3,0.33,2025-07-03,32.53806191394022,30.642991006133773,32.198382326909034,28.953514885442065,30.48208925964146,27.73780720610464,CMCSA,1,0.33,0.14622161093440775,0.17622161093440777,2.406026982739942,0.3783191943458106,False,False,0.8207562653028294,4.436546869539483,3.436546869539482,True,1.7122670334393555,0.5613351671967768,0.47133516719677676,False,0.4710745205383004,2.2201989114835667,1.220198911483567,-w3-,36.0
2020-03-19,2020-03-20,long,123.79917907714844,2020-03-23,120.08520370483399,stop_loss,-3.0,-3.3,0.33,2020-02-27,175.42908598272425,152.5196315343118,174.80635568478849,115.95279213382298,131.62989241383974,103.00316404694604,CME,1,0.33,0.1386972560220596,0.0,4.147529507877942,0.30907506124188067,False,False,0.972817759613699,7.013860332435577,6.013860332435576,False,2.568963991852886,4.844819959264429,4.754819959264428,True,0.26637469906883104,0.5839082319338212,1.5839082319338211,--w4,3.0
2021-10-01,2021-10-07,long,164.58889770507812,2022-02-15,198.0691375732422,time_exit,20.34,20.04,0.0,2021-06-01,179.05715622467054,165.87512008462457,175.04261634465217,151.29866584373454,164.30389974052008,156.0381987281119,CME,0,0.0,0.0,0.027940954308085703,2.1964010423115057,0.34483348988829227,False,False,0.695453734357281,2.312775158597984,1.3127751585979828,False,1.8012354274151487,1.0061771370757429,0.9161771370757429,False,0.5477283106820378,3.2702508312607907,2.2702508312607907,---,131.0
2022-05-12,2022-05-13,long,166.69061279296875,2022-05-17,161.6898944091797,stop_loss,-3.0,-3.3,0.0,2022-03-22,209.9168781499365,194.23914762755732,205.7766655590049,177.5534138249428,190.3072024997596,159.8930408215909,CME,0,0.0,0.0,0.04384886350567596,1.985685640121871,0.36265249560267615,False,False,0.7359176071420758,2.998603510882641,1.9986035108826403,False,1.8002128365310779,1.0010641826553885,0.9110641826553886,False,0.4518894135584136,1.9573892268275834,0.9573892268275835,---,4.0
2022-05-19,2022-05-25,long,162.8003387451172,2022-09-20,157.91632858276367,stop_loss,-3.0,-3.3,0.33,2022-04-08,205.7766655590049,177.5534138249428,190.3072024997596,159.8930408215909,168.53995488488607,155.1030834931678,CME,1,0.33,0.22057315248944964,0.0,1.588525011105675,0.4597593821884713,False,False,0.4518894135584136,1.8154336685014634,2.8154336685014645,False,1.0776278355432178,2.6118608222839104,2.7018608222839102,True,0.28430552039518947,0.338280542531651,1.338280542531651,--w4,118.0
2026-06-29,2026-07-01,long,231.0,2026-09-01,286.45001220703125,time_exit,24.0,23.7,0.33,2026-04-07,311.0671402513871,273.1835882959785,306.4212560066559,243.29852476822896,270.0,218.30999755859372,CME,1,0.33,0.2229490997075091,0.39902731749015313,2.429639801480235,0.43264403812802094,False,False,0.8773640800577586,5.396001356911164,4.396001356911163,True,1.6662305401754947,0.3311527008774727,0.24115270087747268,False,0.42300887030560097,1.561765346652068,0.5617653466520679,-w3-,62.0
2020-03-09,2020-03-10,long,70.12999725341797,2020-03-11,68.02609733581542,stop_loss,-3.0,-3.3,0.33,2020-01-22,95.93017762773262,88.45836463641722,94.51250857404092,75.74218483518331,82.84023055579982,63.60479855722737,COF,1,0.33,0.017568280788321584,0.31576505254501175,3.255589781490322,0.2945083016222781,False,False,0.8102643822403647,4.25871834305703,3.2587183430570286,False,2.5121511687557803,4.5607558437788995,4.4707558437789,True,0.3781525465073576,0.9472951576350352,0.052704842364964755,--w4,1.0
2020-03-23,2020-03-24,long,45.568843841552734,2020-04-01,44.20177852630615,stop_loss,-3.0,-3.3,0.33,2020-03-10,70.12999725341797,54.67185787252825,65.33232334395242,34.01326825786906,43.23265263535215,37.62047241568487,COF,1,0.33,0.26652882480094825,0.0,1.5149454868125007,0.4878771448913218,False,False,0.689634451388327,2.2141432438699504,1.2141432438699495,False,2.0260559381940797,2.130279690970397,2.0402796909703973,True,0.29436981263140766,0.2004135255971553,1.2004135255971553,--w4,8.0
2020-07-09,2020-07-10,long,54.78152847290039,2020-11-16,80.06624603271484,time_exit,46.16,45.86,0.0,2020-06-05,76.7842215513384,59.48480632993233,67.90023548346015,54.21387153357447,57.25029478613491,51.6279777151847,COF,0,0.0,0.0,0.0,2.155845628567015,0.367537647262568,False,False,0.48645743487991866,1.229535002035276,2.229535002035277,False,0.791146045962892,4.044269770185539,4.134269770185539,False,0.22185755571594323,1.1937321134802295,2.1937321134802295,---,129.0
2022-03-10,2022-03-14,long,123.34329223632812,2022-04-04,119.64299346923828,stop_loss,-3.0,-3.3,0.33,2022-02-16,148.13739268940498,130.13468428306368,142.40718609771406,112.97162605665636,124.57974577778543,117.26239500018754,COF,1,0.33,0.2748952197761834,0.5818038071509136,1.1414339473056943,0.5455084781786802,False,False,0.6817030825388195,2.079713263369823,1.0797132633698223,True,1.63506286813429,0.17531434067144963,0.08531434067144958,False,0.3943570193649341,1.1692742378758096,0.16927423787580967,-w3-,21.0
2022-09-06,2022-09-08,long,99.29327392578124,2022-09-13,96.31447570800779,stop_loss,-3.0,-3.3,0.33,2022-08-11,108.72447356627936,100.64591726149034,106.72815925636846,95.3939397329764,100.24479768952176,94.33048688124904,COF,1,0.33,0.005001037267235442,0.1233634104622503,1.9670437126072866,0.3724419563388636,False,False,0.7528872443796086,3.286224481010317,2.286224481010316,True,1.4030006223603413,0.9849968881982937,1.0749968881982936,False,0.4279834131087672,1.629909768613249,0.6299097686132491,-w3-,5.0
2023-05-11,2023-05-15,long,84.62548828125,2023-09-22,93.81249237060548,time_exit,10.86,10.56,0.33,2023-04-19,94.0032922769322,86.76065609968114,91.92858219857362,79.15022739482286,85.75157244443328,80.37619172543585,COF,1,0.33,0.0594604664603439,0.08946046646034393,2.0949542730755515,0.3618026027709014,False,False,0.7135421374781752,2.6193582623419536,1.6193582623419525,True,1.7643237201237938,0.8216186006189683,0.7316186006189682,False,0.5166036748073985,2.843885956265733,1.8438859562657333,-w3-,130.0
2025-03-31,2025-04-02,long,178.33555603027344,2025-04-03,172.98548934936522,stop_loss,-3.0,-3.3,0.34,2025-02-20,206.22436972927628,186.87156259981072,197.98206215253936,157.31865149446756,180.9394121383837,167.63621351836778,COF,1,0.34,0.248007132361715,0.08532620097161803,2.1620820840004793,0.43103231303597306,False,True,0.5741027375719764,0.25597860291485497,0.7440213970851459,False,2.101163432573037,2.505817162865184,2.415817162865184,False,0.5808848854941622,3.724450486221399,2.724450486221399,w2--,1.0
2026-03-09,2026-03-10,long,183.43206787109372,2026-03-12,177.9291058349609,stop_loss,-3.0,-3.3,0.0,2026-02-04,225.0875215627536,212.1685996458188,223.88161470921503,186.04161478450607,209.3588156158301,177.33981654948076,COF,0,0.0,0.0,0.0,5.5819814972419195,0.15596292484898686,False,False,0.9066557673084306,5.892470632346282,4.892470632346281,False,2.9290369713517883,6.645184856758939,6.555184856758939,False,0.6162050971912992,4.208289002620537,3.208289002620537,---,2.0
2019-06-05,2019-06-11,long,45.56458282470703,2019-08-02,44.19764533996582,stop_loss,-3.0,-3.3,0.33,2019-03-26,53.73024220596838,50.15594448566922,52.66490759072012,46.55075378929333,49.622173591632645,44.206861819871605,COP,1,0.33,0.14901859522255992,0.17901859522255995,1.874775635886099,0.4033918445197517,False,False,0.7019457530921364,2.4228093744429904,1.4228093744429893,True,1.7105888428664642,0.5529442143323202,0.4629442143323202,False,0.5023458522784581,2.648573318882987,1.648573318882987,-w3-,52.0
2019-08-15,2019-08-19,long,42.06101608276367,2019-08-22,40.79918560028076,stop_loss,-3.0,-3.3,0.33,2019-07-12,48.07051110461229,44.46270734082268,47.004780926913774,40.78219411947723,43.25408094270804,39.44876435188485,COP,1,0.33,0.12540407089640193,0.4191289612535179,1.4334934831320965,0.45231167043734893,False,False,0.7046041726562536,2.4678673331568426,1.4678673331568415,True,1.724757557462159,0.6237877873107942,0.5337877873107941,False,0.3972442490117916,1.2088253289286521,0.2088253289286522,-w3-,3.0
2020-03-09,2020-03-10,long,27.598201751708984,2020-03-11,26.770255699157715,stop_loss,-3.0,-3.3,0.33,2020-01-03,52.74215584255901,44.33546130321698,48.043853787852576,35.700421579431506,40.74057206052962,25.31945038799737,COP,1,0.33,0.11381006146464993,0.2969310625363981,1.3390365427605133,0.4533700290609784,False,False,0.44112373386244663,1.9979028158907342,2.9979028158907353,True,1.46828603687879,0.6585698156060502,0.7485698156060503,False,0.40832650076528715,1.3606369967847554,0.3606369967847553,-w3-,1.0
2020-10-29,2020-10-30,long,23.38896369934082,2021-03-12,48.81575012207031,time_exit,108.71,108.41,0.0,2020-10-13,29.062719067569027,27.18170913596231,28.578343499223397,24.90082740091039,27.123683362282037,22.498188065157983,COP,0,0.0,0.0,0.0,2.97753238792221,0.26724957306675484,False,False,0.7424917539207847,3.1100297274709283,2.1100297274709274,False,1.9550753223146227,1.7753766115731122,1.6853766115731121,False,0.6044449302047491,4.04719082472259,3.04719082472259,---,133.0
2022-06-23,2022-06-24,long,77.77192687988281,2022-07-05,75.43876907348633,stop_loss,-3.0,-3.3,0.66,2022-06-08,106.1482874945539,92.70864873220673,99.37285500525438,79.39734065282025,85.63382287182576,74.64941802994983,COP,2,0.66,0.4625480765091541,0.12849638400070973,0.5608304053496166,0.6928548805966644,False,False,0.49586200871099756,1.0701354455763117,2.0701354455763123,True,1.4863133381529592,0.5684333092352043,0.6584333092352044,True,0.31220633967032535,0.0439224612373336,0.9560775387626664,-w3w4,11.0
2022-12-16,2022-12-21,long,102.53659057617188,2022-12-22,99.46049285888671,stop_loss,-3.0,-3.3,0.66,2022-11-14,119.6436699381201,107.412997810367,115.11999216909612,96.7607611813767,101.98108022787272,96.125863118988,COP,2,0.66,0.38921287887671663,0.4032334049662105,0.6793555789862603,0.6233206340005694,False,False,0.6301366170417468,1.2057053735889305,0.20570537358892957,True,1.5010811176975123,0.4945944115124388,0.5845944115124388,True,0.28434301251440897,0.33776695185741135,1.3377669518574113,-w3w4,1.0
2023-03-24,2023-03-27,long,86.87999725341797,2023-08-04,103.1143798828125,time_exit,18.69,18.39,0.67,2023-02-10,102.36887388541408,91.76410050250225,97.68206691630374,81.57700483771742,90.09745408863236,83.11887801569665,COP,2,0.67,0.5257208467879301,0.16776932787290252,1.1457590980330388,0.6480331699174975,False,True,0.5580474188479598,0.01614544325491713,1.0161454432549182,True,1.5186615967237416,0.4066920163812925,0.4966920163812925,False,0.5290541079157922,3.0144398344629066,2.0144398344629066,w2w3-,130.0
2022-06-07,2022-06-09,long,449.4817810058594,2022-06-10,435.9973275756836,stop_loss,-3.0,-3.3,0.33,2022-04-21,579.1135422315639,493.4920750460282,520.029696034575,387.0752155655626,467.64961330449415,437.6175489414893,COST,1,0.33,0.2546952074707581,0.22469520747075802,2.8420511056097144,0.39930691617662567,False,False,0.3099412082140754,4.221335453998721,5.221335453998722,True,1.552817124482455,0.23591437758772585,0.3259143775877259,False,0.6060299544227169,4.068903485242696,3.068903485242697,-w3-,1.0
2022-10-13,2022-10-14,long,433.660888671875,2023-02-24,467.7072448730469,time_exit,7.85,7.55,0.67,2022-08-18,538.6781841922042,488.86890214279566,517.5506226095762,442.1309381554638,471.0798582838321,428.3003446143799,COST,2,0.67,0.4285259946234488,0.5803134796988597,0.579865445384594,0.657182367993369,False,True,0.5758308348698856,0.28526838762518103,0.7147316123748199,True,1.5141692742991055,0.42915362850447264,0.5191536285044727,False,0.38383772536176136,1.0251743200241281,0.02517432002412815,w2w3-,133.0
2020-03-18,2020-03-19,long,137.0883026123047,2020-03-20,132.97565353393554,stop_loss,-3.0,-3.3,0.34,2020-02-25,186.74912180166405,160.34594262151705,175.38576747479058,148.07815994153415,158.72398538013294,113.32934159083317,CRM,1,0.34,0.27332350557524915,0.357505996758875,1.3720894509413457,0.5277043683131573,False,True,0.5696217395131808,0.18002948327425264,0.8199705167257483,False,1.0342545246895682,2.828727376552158,2.9187273765521584,False,0.38984833898882676,1.1075114929976266,0.10751149299762675,w2--,1.0
2020-12-15,2020-12-22,long,227.23866271972656,2020-12-28,220.42150283813476,stop_loss,-3.0,-3.3,0.33,2020-11-09,266.3126505982177,238.76916724822345,262.5477683620736,211.96293336420223,225.96077721485088,214.489232092238,CRM,1,0.33,0.18593682319282534,0.0,2.260910497211535,0.43797621945905485,False,False,0.8633113252850465,5.157819072627908,4.157819072627907,False,1.8365445777170346,1.1827228885851722,1.092722888585172,True,0.27672016427922874,0.442189530421524,1.442189530421524,--w4,6.0
2021-03-25,2021-04-01,long,215.0003967285156,2021-05-11,208.55038482666012,stop_loss,-3.0,-3.3,0.67,2021-02-16,246.95751438616287,225.11537651776047,237.3930061102417,198.0830759771668,214.4597436528136,200.89440238989087,CRM,2,0.67,0.3162283912213829,0.22333304495674353,0.8417799910991913,0.6181680834560671,False,True,0.5621075036909502,0.052669554083902594,0.9473304459160984,True,1.7997290544503899,0.9986452722519487,0.9086452722519486,False,0.41660383572820575,1.4740251469617225,0.4740251469617225,w2w3-,40.0
2021-12-21,2021-12-27,long,253.90728759765625,2022-01-03,246.29006896972655,stop_loss,-3.0,-3.3,0.67,2021-11-09,306.44830886142955,278.2265316580237,294.18052981445163,246.44636173761103,265.9686289288699,241.07922361070857,CRM,2,0.67,0.4787031844924717,0.4567894233110379,0.644488105154204,0.6705938202773729,False,True,0.5653080612691739,0.10691629269786335,0.8930837073021376,True,1.6913948307649445,0.4569741538247217,0.36697415382472165,False,0.408978892432622,1.369573868940027,0.3695738689400269,w2w3-,7.0
2022-05-02,2022-05-04,long,182.32565307617188,2022-05-05,176.8558834838867,stop_loss,-3.0,-3.3,0.33,2022-03-29,218.3818717751696,206.46798871534145,217.24158884115064,164.70061837547533,183.7510029413462,170.1758525023262,CRM,1,0.33,0.08866889041634722,0.2446644429169861,6.878890661341901,0.2630274311951241,False,False,0.9042895646790574,5.852365503034872,4.852365503034871,False,4.4100626304479755,14.050313152239873,13.960313152239872,True,0.36258151299881997,0.7339933287509584,0.2660066712490416,--w4,1.0
2022-09-07,2022-09-09,long,159.82492065429688,2022-09-15,155.03017303466797,stop_loss,-3.0,-3.3,0.0,2022-08-08,191.0644821599322,176.76193462982016,189.22632225749348,148.30426975824943,155.9715980407557,147.9208783650604,CRM,0,0.0,0.0,0.0,4.422793449544895,0.2235866526666943,False,False,0.8714802451403342,5.296275341361597,4.296275341361596,False,2.8611722780916002,6.3058613904579985,6.215861390457999,False,0.1873642159724983,1.6662436168150914,2.6662436168150916,---,6.0
2022-12-22,2022-12-29,long,130.28599548339844,2023-05-10,201.36627197265625,time_exit,54.56,54.26,0.33,2022-11-15,162.43970977985992,140.4894554349898,157.52471923828125,124.85985837553822,137.50116132646738,124.19144241696245,CRM,1,0.33,0.14688552499445504,0.42738755689079005,1.7690815395521462,0.4461471204731418,False,False,0.7760850300703996,3.679407289328809,2.679407289328808,True,1.488131314996673,0.5593434250166349,0.649343425016635,False,0.38700005501470264,1.068493904310995,0.06849390431099495,-w3-,132.0
2024-05-30,2024-05-31,long,230.7540740966797,2024-10-09,284.2799987792969,time_exit,23.2,22.9,0.0,2024-03-01,313.28989298455053,289.15126048263426,306.8978037105414,262.3592074872467,285.4602328918022,208.666878460148,CRM,0,0.0,0.0,0.0,2.3613831444876276,0.31947542655075073,False,False,0.7351925684480384,2.986314719458279,1.9863147194582778,False,1.8451167944065985,1.2255839720329915,1.1355839720329914,False,0.5186743041639278,2.8722507419716132,1.8722507419716132,---,131.0
2024-06-17,2024-06-20,long,237.99838256835935,2024-08-05,230.85843109130855,stop_loss,-3.0,-3.3,0.67,2024-03-21,306.8978037105414,262.3592074872467,285.4602328918022,208.666878460148,242.8705415606845,224.1889390487084,CRM,2,0.67,0.23184136336665492,0.2001782020425927,1.0576505879917133,0.5198432410271225,False,True,0.5186743041639278,0.6834863701029178,1.6834863701029188,True,1.7241979079594236,0.6209895397971175,0.5309895397971174,False,0.44539873734748264,1.8684758540751045,0.8684758540751045,w2w3-,46.0
2025-03-10,2025-03-12,long,281.3028259277344,2025-03-13,272.86374114990235,stop_loss,-3.0,-3.3,0.33,2025-01-28,362.8626315268501,327.44525952776286,344.0320582773682,278.9897910776875,294.64732166578744,267.6024056921593,CRM,1,0.33,0.021591546642960886,0.0,1.2181215724992638,0.45638719581693826,False,False,0.4683238143708914,1.5368845021882809,2.5368845021882818,False,1.8364509710476788,1.1822548552383934,1.0922548552383933,True,0.24072854871480842,0.9352253600711173,1.9352253600711173,--w4,1.0
2025-11-21,2025-11-25,long,232.559326171875,2025-11-26,225.58254638671875,stop_loss,-3.0,-3.3,0.33,2025-10-21,265.3493174789288,247.3798861455735,260.0747073186972,232.91695515840684,246.7739588256813,220.4804205745986,CRM,1,0.33,0.1855510669277062,0.15555106692770618,1.899842119122524,0.4149274467819006,False,False,0.7064676081072904,2.4994509848693296,1.4994509848693285,True,1.5113306401566238,0.4433467992168814,0.5333467992168814,False,0.5102411858495394,2.756728573281361,1.756728573281361,-w3-,1.0
2026-02-04,2026-02-05,long,189.0082550048828,2026-02-11,183.33800735473633,stop_loss,-3.0,-3.3,0.33,2025-12-29,267.74756558580185,251.0326319383232,266.4740393315776,217.85149041771172,234.5465208568135,186.3318566210609,CRM,1,0.33,0.1764391033197673,0.15689423001356603,4.39951015544238,0.3172381105541175,False,False,0.9238090751011543,6.18320466273143,5.183204662731429,False,2.908928622711003,6.544643113555013,6.454643113555013,True,0.34335983637297096,0.47068269004069807,0.5293173099593019,--w4,6.0
2026-04-10,2026-04-13,long,172.37510681152344,2026-05-13,167.20385360717773,stop_loss,-3.0,-3.3,0.33,2026-03-12,203.8228548323795,190.77922566888657,201.35542716975343,177.91469685574646,188.02325297618088,163.09904400673946,CRM,1,0.33,0.0048302227095562795,0.14332813039908274,2.3094556796544556,0.3557875301845745,False,False,0.8108327343794762,4.268351430160616,3.2683514301606142,True,1.7971018663742664,0.9855093318713312,0.8955093318713311,False,0.43123895821599373,1.6745062769314207,0.6745062769314207,-w3-,30.0
2026-06-25,2026-06-26,long,158.3699951171875,2026-09-01,258.1099853515625,time_exit,62.98,62.68,0.0,2026-06-01,210.79593571576444,161.39999389648438,169.9499969482422,146.32000732421875,157.05999755859375,148.77999877929688,CRM,0,0.0,0.0,0.0022521965679835145,4.714058203461351,0.20600884762806873,False,False,0.17309120419322793,6.5408270475724075,7.540827047572408,False,0.4783791694968807,5.608104152515596,5.6981041525155955,False,0.45450676895161163,1.9932434102960495,0.9932434102960495,---,67.0
2019-09-11,2019-09-12,long,17.415000915527344,2019-09-13,16.892550888061525,stop_loss,-3.0,-3.3,0.33,2019-08-29,22.33650016784668,19.72249984741211,21.9424991607666,16.084999084472656,17.950000762939453,16.799999237060547,CRWD,1,0.33,0.29043149677352503,0.04290183655980828,2.7508917386176535,0.4309188623358742,False,False,0.8492727778187201,4.9198775901478,3.919877590147799,False,2.240818423205148,3.2040921160257376,3.1140921160257373,True,0.318395502206598,0.12870550967942487,0.8712944903205752,--w4,1.0
2019-10-02,2019-10-03,long,15.53499984741211,2019-10-11,15.068949851989746,stop_loss,-3.0,-3.3,0.0,2019-09-12,18.100000381469727,15.875,17.969749450683594,12.90250015258789,14.8774995803833,13.517499923706056,CRWD,0,0.0,0.0,0.29791004922782743,3.6585741206384697,0.2787875455595857,False,False,0.941460265862923,6.48237738750717,5.482377387507169,False,2.2774150244183446,3.3870751220917215,3.2970751220917216,False,0.3897576992191058,1.1062698523165178,0.10626985231651774,---,8.0
2019-10-29,2019-10-30,long,12.861249923706056,2019-10-31,12.475412425994874,stop_loss,-3.0,-3.3,0.0,2019-10-07,17.424999237060547,13.300000190734863,14.102499961853027,11.14525032043457,13.045000076293944,11.552499771118164,CRWD,0,0.0,0.0,0.0,5.0532772016437875,0.16787033470989268,False,False,0.19454544403664423,6.177195863785691,7.177195863785692,False,0.7169091697251684,4.415454151374157,4.505454151374157,False,0.6424042560533206,4.567181589771515,3.567181589771515,---,1.0
2019-12-17,2019-12-18,long,12.53499984741211,2019-12-20,12.158949851989746,stop_loss,-3.0,-3.3,0.66,2019-11-29,14.875,13.135250091552734,14.397500038146973,11.579999923706056,12.52750015258789,11.880000114440918,CRWD,2,0.66,0.5095735633985554,0.45547407235512366,1.0979704227056162,0.633567339100666,False,False,0.7255352855404383,2.8226319583125155,1.8226319583125143,True,1.6194857092738963,0.09742854636948126,0.007428546369481201,True,0.3362911057307442,0.37385076343485235,0.6261492365651476,-w3w4,2.0
2020-03-17,2020-03-18,long,9.657500267028809,2020-07-27,25.899999618530277,time_exit,168.19,167.89,0.34,2020-03-02,15.24250030517578,13.7524995803833,14.520000457763672,8.994999885559082,10.020000457763672,7.987500190734863,CRWD,1,0.34,0.08531643741339183,0.0,4.325270926872403,0.34385697093976564,False,True,0.5151010094221703,0.7440506877598245,1.7440506877598254,False,3.7080522715679147,10.54026135783957,10.45026135783957,False,0.18552044634369935,1.6915007350178168,2.691500735017817,w2--,131.0
2020-10-30,2020-11-02,long,31.11750030517578,2020-11-10,30.183975296020506,stop_loss,-3.0,-3.3,0.66,2020-10-14,38.47499847412109,35.282501220703125,37.397499084472656,32.380001068115234,34.032249450683594,30.112499237060547,CRWD,2,0.66,0.5267401516071127,0.43074675164082815,0.7246164147679531,0.6738014581788537,False,False,0.6624901122483866,1.7540696991251978,0.754069699125197,True,1.571653040886902,0.14173479556549012,0.23173479556549018,True,0.3292972667217615,0.2780447496131715,0.7219552503868285,-w3w4,8.0
2021-02-26,2021-03-01,long,55.84999847412109,2021-03-03,54.174498519897455,stop_loss,-3.0,-3.3,0.0,2021-02-16,62.81999969482422,57.28749847412109,61.5525016784668,49.54050064086914,55.45149993896485,51.130001068115234,CRWD,0,0.0,0.0,0.0,2.985155829577142,0.25406458769345514,False,False,0.7708996409048539,3.5915193373704053,2.5915193373704044,False,2.1711700654755637,2.855850327377817,2.7658503273778168,False,0.49209114115077385,2.5080978239832032,1.508097823983203,---,2.0
2021-12-01,2021-12-02,long,52.337501525878906,2021-12-03,50.767376480102534,stop_loss,-3.0,-3.3,0.67,2021-11-10,74.62000274658203,61.9375,68.74500274658203,55.65499877929688,59.07500076293945,49.79574966430664,CRWD,2,0.67,0.3230825622804678,0.0,1.2900324738647782,0.5304601354689132,False,True,0.5367633567764589,0.376892258026119,1.37689225802612,False,1.0321309783128523,2.839345108435738,2.9293451084357383,True,0.2612682159753291,0.6538600551324777,1.6538600551324776,w2-w4,1.0
2022-01-10,2022-01-11,long,49.02750015258789,2022-01-12,47.55667514801025,stop_loss,-3.0,-3.3,0.0,2021-12-27,54.27750015258789,50.337501525878906,53.397499084472656,44.0625,48.317501068115234,43.71749877929688,CRWD,0,0.0,0.0,0.0,3.1821802011156968,0.25056849506525786,False,False,0.7766493972485761,3.6889728347216293,2.6889728347216284,False,2.3692899335525976,3.8464496677629865,3.7564496677629866,False,0.4558116213629606,2.0111181008624737,1.011118100862474,---,1.0
2022-05-18,2022-05-19,long,35.65999984741211,2022-05-24,34.590199851989745,stop_loss,-3.0,-3.3,0.33,2022-04-13,60.5,49.53499984741211,53.04750061035156,32.5,39.43949890136719,34.09000015258789,CRWD,1,0.33,0.20214800315486692,0.13118533017846642,1.9360894197920295,0.44593817714116774,False,False,0.3203375024222371,4.045127077589202,5.0451270775892025,False,1.8739170382502977,1.3695851912514874,1.2795851912514873,True,0.33772958730908414,0.39355599053539925,0.6064440094646008,--w4,5.0
2022-10-17,2022-10-18,long,39.220001220703125,2022-10-19,38.04340118408203,stop_loss,-3.0,-3.3,0.33,2022-09-12,48.8224983215332,39.26499938964844,45.459999084472656,35.59000015258789,39.1349983215332,37.0,CRWD,1,0.33,0.10425089978892277,0.39189544775226576,1.6784413550024386,0.41716442497698997,False,False,0.6481820964852096,1.5115609573764355,0.5115609573764346,False,1.03269683860047,2.8365158069976495,2.9265158069976493,True,0.3591690529462259,0.6872473006332317,0.31275269936676825,--w4,1.0
2022-12-07,2022-12-08,long,28.559999465942383,2022-12-16,27.70319948196411,stop_loss,-3.0,-3.3,0.33,2022-11-15,37.85625076293945,33.119998931884766,35.404998779296875,27.22249984741211,31.387500762939453,27.58300018310547,CRWD,1,0.33,0.1206137878080084,0.1506137878080084,1.5585140181895725,0.43769605629493835,False,False,0.4824489763043863,1.2974749778917563,2.297474977891757,True,1.727631727315195,0.6381586365759748,0.5481586365759747,False,0.509013316127372,2.739908440100986,1.7399084401009859,-w3-,8.0
2023-01-06,2023-01-09,long,24.14249992370605,2023-01-10,23.41822492599487,stop_loss,-3.0,-3.3,0.66,2022-12-02,31.387500762939453,27.58300018310547,31.3799991607666,24.674999237060547,27.114999771118164,23.065000534057617,CRWD,2,0.66,0.1453030300311854,0.3434091075124693,3.001749113795592,0.41369625224892426,False,False,0.9980282294573395,7.441156431480332,6.441156431480331,True,1.7623863587369037,0.8119317936845181,0.721931793684518,True,0.3639076154842006,0.7521591162219258,0.24784088377807423,-w3w4,1.0
2024-04-25,2024-04-26,long,76.01750183105469,2024-04-30,73.73697677612304,stop_loss,-3.0,-3.3,0.0,2024-03-14,84.44499969482422,77.55500030517578,83.45999908447266,70.22000122070312,76.20500183105469,71.97750091552734,CRWD,0,0.0,0.0,0.013518749047480072,2.87302690230986,0.29552208653643697,False,False,0.8570390859785225,5.051509931839366,4.051509931839365,False,1.921625404446531,1.6081270222326545,1.5181270222326544,False,0.4520393939586019,1.9594437528575597,0.9594437528575598,---,4.0
2024-08-08,2024-08-09,long,60.22499847412109,2024-12-17,94.1050033569336,time_exit,56.26,55.96,0.0,2024-07-09,99.58174896240234,62.55500030517578,66.375,50.20249938964844,60.875,57.43000030517578,CRWD,0,0.0,0.0,0.0,6.116378898921476,0.14450522771011287,False,False,0.10316865059332354,7.725955074689431,8.72595507468943,False,0.4367788476397901,5.816105761801048,5.906105761801048,False,0.6599165377999983,4.807075860273948,3.8070758602739483,---,130.0
2025-03-10,2025-03-11,long,82.4375,2025-04-04,79.964375,stop_loss,-3.0,-3.3,0.0,2025-02-27,101.63249969482422,94.34500122070312,101.1500015258789,85.75,92.93000030517578,75.94750213623047,CRWD,0,0.0,0.0,0.0,3.690772416184514,0.24450077002803963,False,False,0.9337909749609239,6.352389406117355,5.3523894061173545,False,2.113208199022809,2.566040995114044,2.4760409951140443,False,0.4662337398545164,2.153886847322142,1.153886847322142,---,24.0
2025-08-28,2025-08-29,long,105.9250030517578,2025-09-02,102.74725296020506,stop_loss,-3.0,-3.3,0.66,2025-07-21,122.51000213623048,113.51000213623048,120.18000030517578,104.93499755859376,110.6062469482422,102.3125,CRWD,2,0.66,0.22248098513212786,0.4945550346523108,1.4730608660576394,0.487321971014446,False,False,0.7411109076605887,3.0866255535693017,2.086625553569301,True,1.6938891940646685,0.46944597032334207,0.37944597032334204,True,0.37200710842246004,0.8631110742802744,0.13688892571972552,-w3w4,4.0
2026-02-27,2026-03-02,long,96.21499633789062,2026-03-03,93.32854644775391,stop_loss,-3.0,-3.3,0.0,2026-02-13,108.2125015258789,100.00499725341795,107.97000122070312,85.68000030517578,96.27249908447266,89.82250213623047,CRWD,0,0.0,0.0,0.0,4.943240520963896,0.1941920249707956,False,False,0.9704538313809407,6.9737937522193345,5.973793752219334,False,2.7158074093629283,5.579037046814639,5.489037046814639,False,0.4752130257616131,2.276890763857714,1.2768907638577136,---,1.0
2019-01-03,2019-01-07,long,34.81914520263672,2019-05-16,45.35441589355469,time_exit,30.26,29.96,0.0,2018-12-04,39.29336731371288,36.63862749232431,38.54172078599844,32.184737327590454,34.823482235685994,33.00605623992086,CSCO,0,0.0,0.0,0.1822197409326974,2.700644309456898,0.29358491793195834,False,False,0.7168662172998616,2.6756985983027395,1.6756985983027384,False,2.3945787105732097,3.9728935528660467,3.882893552866047,False,0.4150938767357393,1.4533407772019078,0.45334077720190774,---,129.0
2022-07-05,2022-07-06,long,38.189430236816406,2022-07-14,37.04374732971191,stop_loss,-3.0,-3.3,0.0,2022-05-04,45.80152815308428,42.08669727011656,44.96813402914797,36.36815568523855,40.86319570023763,36.51656912857887,CSCO,0,0.0,0.0,0.0,3.3914953509238437,0.22908084907604476,False,False,0.7756575870634187,3.672162492600318,2.672162492600317,False,2.315038992310476,3.575194961552378,3.485194961552378,False,0.5226803876991749,2.9271285986188342,1.927128598618834,---,8.0
2020-03-16,2020-03-17,long,16.5943660736084,2020-03-18,16.096535091400145,stop_loss,-3.0,-3.3,0.66,2020-02-20,24.570937454811045,20.92492179999528,22.337861846926167,15.866488759815551,17.979779361694348,14.545299611507534,CSX,2,0.66,0.29495733712538624,0.15198789863900006,1.3404670111707866,0.5318491595143047,False,False,0.38752989035157737,2.9062730448885183,3.9062730448885192,True,1.7749164292706843,0.8745821463534206,0.7845821463534206,True,0.3265598464857407,0.24054584227042072,0.7594541577295792,-w3w4,1.0
2022-07-14,2022-07-18,long,27.1787109375,2022-09-23,26.363349609375,stop_loss,-3.0,-3.3,0.0,2022-05-17,31.94169640864128,28.47405934824301,30.76106060642433,26.81104270908896,28.41367222542271,26.019157720348,CSX,0,0.0,0.0,0.3237060684063713,1.7777783004711794,0.36752223157070757,False,False,0.6595272856838856,1.7038522997268761,0.7038522997268752,False,1.1391093786734696,2.3044531066326517,2.3944531066326515,False,0.4057271531389428,1.325029495054011,0.32502949505401096,---,67.0
2022-10-13,2022-10-14,long,25.824691772460938,2023-02-24,29.16962242126465,time_exit,12.95,12.65,1.0,2022-08-11,32.72191568169785,29.37074393426392,31.12957935692528,25.16276435402755,26.66629190994962,24.39682078956288,CSX,3,1.0,0.2457984498302979,0.062473289645303,0.754201550169702,0.5734643666285125,False,True,0.5248419225329589,0.5789504655430683,1.5789504655430693,True,1.7805160262128183,0.902580131064091,0.812580131064091,True,0.25198159406515785,0.7810740539019471,1.781074053901947,w2w3w4,133.0
2025-01-24,2025-01-27,long,32.810211181640625,2025-02-03,31.825904846191406,stop_loss,-3.0,-3.3,0.0,2024-11-06,36.06615799477295,33.4511215017762,35.88145973873744,30.65472533433237,33.25886351973333,31.210665469239878,CSX,0,0.0,0.0,0.0,3.62111197036894,0.24994385587165793,False,False,0.9293706774149635,6.277469108728196,5.277469108728195,False,1.9987233135761695,1.9936165678808464,1.9036165678808463,False,0.49823426711833785,2.5922502344977785,1.5922502344977785,---,7.0
2025-04-07,2025-04-08,long,26.13779830932617,2025-08-18,35.39181900024414,time_exit,35.4,35.1,0.33,2025-01-27,32.99552688736816,31.259429798757814,32.90774674270807,28.38041703517377,29.8689663790411,25.677519128008143,CSX,1,0.33,0.24295935326635373,0.09037398006697961,3.975844633852923,0.36119232759161307,False,False,0.9494382282903598,6.617597089667117,5.617597089667116,False,2.607762974338143,5.038814871690714,4.948814871690714,True,0.32879190163466854,0.2711219402009389,0.7288780597990612,--w4,132.0
2019-01-15,2019-01-23,long,51.48707962036133,2019-01-28,49.942467231750484,stop_loss,-3.0,-3.3,0.0,2018-11-28,63.589786835829926,55.69265384954714,58.932510731320654,48.33290095195901,54.31416963907196,49.17402045186331,CVS,0,0.0,0.0,0.0,2.435718337160274,0.31441668990130345,False,False,0.4102573538271549,2.521061799539747,3.5210617995397477,False,1.3422098624618612,1.2889506876906938,1.3789506876906938,False,0.5642914042702779,3.497142524250382,2.497142524250382,---,5.0
2023-05-04,2023-05-05,long,62.52019882202149,2023-05-12,60.64459285736085,stop_loss,-3.0,-3.3,0.33,2022-12-13,91.34086833806776,74.22309462474072,79.50471165962257,63.26512196957273,68.85377895524852,60.23806017853373,CVS,1,0.33,0.1728866689027165,0.16044666443061684,2.6609463059545635,0.36688561775065426,False,False,0.30854579125379167,4.244986588918785,5.244986588918786,False,0.9486975328693888,3.256512335653055,3.3465123356530553,True,0.3441378195103051,0.4813399932918505,0.5186600067081495,--w4,7.0
2020-03-09,2020-03-10,long,63.99933242797852,2020-03-11,62.079352455139166,stop_loss,-3.0,-3.3,0.0,2020-01-03,91.35397961739078,78.46079664312201,83.82053891820345,67.86277534592412,74.57299437518971,60.2488353516662,CVX,0,0.0,0.0,0.15754012764739758,1.9225608606493763,0.34766454562693044,False,False,0.4157035765162109,2.4287529404032036,3.428752940403205,False,1.2376899951025764,1.8115500244871179,1.901550024487118,False,0.42049871204521994,1.5273796170578071,0.5273796170578072,---,1.0
2020-03-12,2020-03-13,long,62.82448959350586,2020-03-16,60.93975490570068,stop_loss,-3.0,-3.3,0.33,2020-02-12,83.82053891820345,67.86277534592412,74.57299437518971,60.2488353516662,64.993438052087,54.87162849097328,CVX,1,0.33,0.23182281583440786,0.10151051749892548,2.054621202474171,0.4289764556738455,False,False,0.42049871204521994,2.347479456860678,3.347479456860679,False,0.8976294803869882,3.511852598065058,3.6018525980650584,True,0.3312308033322647,0.30453155249677644,0.6954684475032236,--w4,3.0
2020-10-02,2020-10-05,long,56.3558464050293,2020-10-26,54.66517101287842,stop_loss,-3.0,-3.3,0.67,2020-08-11,71.07515952437747,64.73556099065262,68.24715137922023,54.65042803770493,57.952710718458825,53.348127190285325,CVX,2,0.67,0.3359825667736109,0.0,1.238566428504406,0.5712964430552826,False,True,0.5539136855255036,0.08620871990671809,1.086208719906719,False,2.1447293971668104,2.723646985834051,2.633646985834051,True,0.2428734186766112,0.9058435797724492,1.9058435797724493,w2-w4,21.0
2022-06-23,2022-06-27,long,124.45923614501952,2022-07-01,120.72545906066892,stop_loss,-3.0,-3.3,0.33,2022-06-08,153.83447902391663,138.36671137763832,145.3077834597596,122.95800194990682,131.5858622934818,118.20123803447896,CVX,1,0.33,0.07487686878444122,0.3597727879963659,1.2331409476977289,0.4661306953245899,False,False,0.4487442687821452,1.8687412070822842,2.868741207082285,True,1.4449261212706648,0.7753693936466763,0.8653693936466763,False,0.3860377936925885,1.055312242364226,0.055312242364225994,-w3-,4.0
2024-01-18,2024-01-25,long,132.4256591796875,2024-06-04,142.10324096679688,time_exit,7.31,7.01,0.0,2023-09-28,151.45458257473865,140.24328337080203,150.10500633457718,125.01839445230424,137.57755662345585,124.44817855548268,CVX,0,0.0,0.0,0.0,3.74916250469285,0.2233479926631864,False,False,0.8796235640836708,5.434297696333405,4.434297696333404,False,2.23761862260034,3.188093113001699,3.0980931130016987,False,0.5006320594462715,2.6250967047434455,1.6250967047434455,---,131.0
2024-09-11,2024-09-16,long,130.77198791503906,2025-01-27,146.18215942382812,time_exit,11.78,11.48,0.0,2024-07-18,149.52104594881496,139.6367167463683,147.16375617226785,127.1402253579161,138.13474897173882,124.58726840216194,CVX,0,0.0,0.0,0.0,2.9500369218382403,0.25945871560721107,False,False,0.7615124174573618,3.4324138552095227,2.4324138552095214,False,2.0257855039262926,2.128927519631462,2.038927519631462,False,0.5490801655191828,3.2887693906737367,2.2887693906737367,---,133.0
2020-12-31,2021-01-04,long,139.19000244140625,2021-03-08,135.01430236816407,stop_loss,-3.0,-3.3,0.0,2020-12-21,173.4600067138672,150.25,158.60000610351562,139.63999938964844,147.97999572753906,135.3800048828125,DASH,0,0.0,0.0,0.06907274515893562,3.0284344050296923,0.26332349264139737,False,False,0.35975888359079106,3.3769680747323543,4.376968074732355,False,0.816889324833294,3.9155533758335292,4.005553375833529,False,0.4398730688101931,1.7927817645231932,0.7927817645231932,---,63.0
2021-02-26,2021-03-01,long,168.88999938964844,2021-03-02,163.82329940795898,stop_loss,-3.0,-3.3,0.34,2021-02-16,226.47000122070312,188.91000366210935,209.16000366210935,165.5500030517578,182.55499267578125,155.02000427246094,DASH,1,0.34,0.22111534031477187,0.29710841047232933,1.2133167424233626,0.5117981360849853,False,True,0.5391374152357146,0.33665397905568434,1.3366539790556853,False,1.1610757040737216,2.1946214796313916,2.2846214796313915,False,0.3899332581065599,1.1086747685830118,0.10867476858301191,w2--,1.0
2021-10-11,2021-10-12,long,199.0,2021-11-01,193.03,stop_loss,-3.0,-3.3,0.0,2021-09-17,227.3999938964844,211.7100067138672,225.4199981689453,196.8600006103516,210.25,194.5399932861328,DASH,0,0.0,0.0,0.0,2.8755269891929713,0.3157484053152895,False,False,0.8738051405336578,5.335680348028099,4.335680348028098,False,1.8202690178252705,1.1013450891263517,1.0113450891263516,False,0.46883755372098584,2.1895555304244634,1.1895555304244634,---,20.0
2021-12-13,2021-12-14,long,156.42999267578125,2021-12-15,151.7370928955078,stop_loss,-3.0,-3.3,0.0,2021-11-15,257.25,177.64999389648438,189.0,149.572998046875,171.0800018310547,149.0,DASH,0,0.0,0.0,0.0,5.273612741475376,0.17108966945097626,False,False,0.1425880054425566,7.057830416227854,8.057830416227855,False,0.49531405690914465,5.5234297154542755,5.6134297154542745,False,0.545489200770312,3.2395780927440003,2.2395780927440003,---,1.0
2022-01-10,2022-01-11,long,143.63999938964844,2022-01-13,139.33079940795898,stop_loss,-3.0,-3.3,0.0,2021-12-28,157.4600067138672,144.6199951171875,155.5,126.05999755859376,138.8699951171875,121.48999786376952,DASH,0,0.0,0.0,0.09076637627125346,3.3597272843994257,0.2534906197303269,False,False,0.8473516399024104,4.887315930549329,3.8873159305493283,False,2.292833010292542,3.4641650514627074,3.3741650514627075,False,0.4351221635965955,1.7277008711862396,0.7277008711862396,---,2.0
2022-02-03,2022-02-04,long,98.48999786376952,2022-02-07,95.53529792785643,stop_loss,-3.0,-3.3,0.33,2022-01-12,152.4949951171875,125.0500030517578,136.85000610351562,92.77999877929688,117.23999786376952,91.95999908447266,DASH,1,0.33,0.32373716735191005,0.3129294993147566,1.8620926101236066,0.504862222013299,False,False,0.42995104621004293,2.1872704032196104,3.1872704032196113,True,1.605757699588854,0.028788497944269843,0.061211502055730206,False,0.5550259818321066,3.3702189292069393,2.3702189292069393,-w3-,3.0
2022-05-02,2022-05-03,long,79.18000030517578,2022-05-04,76.80460029602051,stop_loss,-3.0,-3.3,0.33,2022-04-14,112.4800033569336,99.22000122070312,108.48999786376952,81.33999633789062,89.7300033569336,78.79000091552734,DASH,1,0.33,0.33322291219766853,0.0001104211356648029,1.5374574865447617,0.5349617716482197,False,False,0.6990946568355269,2.3744857090767275,1.3744857090767264,False,2.047511097430113,2.2375554871505634,2.1475554871505635,True,0.3090241822287106,0.00033126340699437976,0.9996687365930056,--w4,1.0
2022-09-01,2022-09-02,long,58.22999954223633,2022-09-22,56.48309955596924,stop_loss,-3.0,-3.3,0.0,2022-08-05,87.0,70.45999908447266,84.19000244140625,62.09999847412109,65.9000015258789,56.59999847412109,DASH,0,0.0,0.0,0.0,2.5979013944556963,0.3190014098331053,False,False,0.8301089840958961,4.595067527049087,3.595067527049086,False,1.3355503473127148,1.3222482634364259,1.412248263436426,False,0.1720236473196449,1.8763883928815766,2.8763883928815766,---,20.0
2022-09-29,2022-09-30,long,49.45000076293945,2022-10-03,47.966500740051266,stop_loss,-3.0,-3.3,0.33,2022-09-15,68.16000366210938,56.91400146484375,60.38999938964844,50.20000076293945,53.040000915527344,48.93999862670898,DASH,1,0.33,0.19499846986279099,0.0,2.7067708707445024,0.37381420847188734,False,False,0.30908743070047134,4.235806259314044,5.235806259314045,False,0.9060996474984329,3.469501762507835,3.559501762507835,True,0.2787046648999512,0.4150045904116271,1.415004590411627,--w4,3.0
2022-10-17,2022-10-18,long,46.900001525878906,2022-10-19,45.493001480102535,stop_loss,-3.0,-3.3,0.0,2022-10-04,54.72999954223633,50.810001373291016,54.060001373291016,41.77000045776367,47.400001525878906,44.43000030517578,DASH,0,0.0,0.0,0.0,4.7653673710715125,0.20774443738968965,False,False,0.8290820199220712,4.577661354611378,3.5776613546113767,False,3.135205779658312,7.676028898291558,7.586028898291557,False,0.458096065802747,2.0424118603116024,1.0424118603116022,---,1.0
2024-04-25,2024-04-26,long,132.11000061035156,2024-05-01,128.14670059204101,stop_loss,-3.0,-3.3,0.33,2024-03-27,143.33999633789062,132.3000030517578,141.19000244140625,124.7699966430664,131.10000610351562,124.3219985961914,DASH,1,0.33,0.14553378381802573,0.43285834481255964,1.9284075173922803,0.44039624159641577,False,False,0.8052540576102566,4.17379758661452,3.1737975866145187,True,1.4873202702908155,0.5633986485459228,0.6533986485459229,False,0.38550592114219706,1.048026317016398,0.04802631701639801,-w3-,5.0
2025-11-14,2025-11-17,long,210.6499938964844,2025-11-19,204.33049407958987,stop_loss,-3.0,-3.3,0.34,2025-10-07,285.0799865722656,246.72000122070312,269.0,194.67999267578125,208.63999938964844,192.8999938964844,DASH,1,0.34,0.21009301012299822,0.1232403232103348,1.2388914506085176,0.49272830455215333,False,True,0.5808135372082293,0.36972096963100537,0.6302790303689956,False,1.937435758723289,1.6871787936164444,1.5971787936164445,False,0.18783645503379845,1.6597745885781032,2.6597745885781032,w2--,2.0
2026-02-09,2026-02-10,long,185.63999938964844,2026-02-11,180.070799407959,stop_loss,-3.0,-3.3,0.33,2025-12-19,239.0,218.22000122070312,234.42999267578125,200.1999969482422,214.2100067138672,178.13999938964844,DASH,1,0.33,0.25457188495743754,0.4932913699478547,1.7857291482927689,0.4802633819264985,False,False,0.7800766317285903,3.747061554721871,2.74706155472187,True,1.6472568690255376,0.2362843451276874,0.14628434512768734,False,0.40929043278709865,1.3738415450287484,0.37384154502874845,-w3-,1.0
2018-07-17,2018-07-19,long,124.95230102539062,2018-07-23,121.2037319946289,stop_loss,-3.0,-3.3,0.0,2018-05-21,143.02365643174136,132.45135209839094,142.0665679153891,122.29830273942594,130.28703010616047,119.67099628788488,DE,0,0.0,0.0,0.2323343006857502,2.8640942742253546,0.3346677338390826,False,False,0.9094720993479998,5.940205073694913,4.940205073694912,False,1.8698161302076803,1.3490806510384008,1.2590806510384007,False,0.4041187881498207,1.3029970979427494,0.3029970979427494,---,4.0
2020-03-18,2020-03-19,long,109.60094451904295,2020-03-20,106.31291618347166,stop_loss,-3.0,-3.3,0.0,2020-03-03,153.7581792714074,134.76169427845628,143.1883038787207,117.32226843474572,127.58080360453025,97.21746516329144,DE,0,0.0,0.0,0.26665510150941624,1.4493540648562409,0.41634830204061557,False,False,0.44358783234852145,1.956138434770822,2.956138434770823,False,1.36162218713477,1.19188906432615,1.28188906432615,False,0.39660253276943785,1.2000346954717513,0.20003469547175132,---,1.0
2018-02-09,2018-02-12,long,17.34356117248535,2018-06-21,22.712594985961918,time_exit,30.96,30.66,0.0,2018-01-26,23.556446723100155,17.677527334711005,18.704942348108474,16.650120291633375,17.583203186729282,16.560894429997173,DELL,0,0.0,0.0,0.004135812577313658,4.917490891132938,0.20190497005379357,False,False,0.17476256187941805,6.512498951196303,7.512498951196304,False,0.34952376801310936,6.252381159934451,6.342381159934452,False,0.45409425704556833,1.987592562268059,0.987592562268059,---,129.0
2019-01-03,2019-01-07,long,21.326717376708984,2019-01-10,20.686915855407715,stop_loss,-3.0,-3.3,0.0,2018-11-15,27.33465485715096,25.91464121873557,27.29896402363172,19.145983283900662,22.60669130845625,20.617670605924623,DELL,0,0.0,0.0,0.13939950950011507,9.779259389225533,0.1858797665119413,False,False,0.9748658515990959,7.048573755916881,6.0485737559168795,False,5.7414805880520134,20.707402940260064,20.61740294026006,False,0.4244715074194748,1.5818014714996549,0.5818014714996548,---,3.0
2019-06-17,2019-06-19,long,24.595712661743164,2019-06-27,23.857841281890867,stop_loss,-3.0,-3.3,0.34,2019-05-17,32.48273591541268,29.720200991773662,31.24879553582087,23.99716403761069,25.567202789596816,23.2835124888326,DELL,1,0.34,0.30130167392425905,0.0,2.1626876248827966,0.5055686532017037,False,True,0.5533303962845938,0.09609497822722282,1.0960949782272238,False,2.6249917914730947,5.124958957365472,5.034958957365471,False,0.2165083474489342,1.2670089390556956,2.2670089390556956,w2--,8.0
2019-08-15,2019-08-16,long,22.298208236694336,2019-08-23,21.629261989593505,stop_loss,-3.0,-3.3,0.33,2019-07-19,27.24313567035945,25.069947593137684,27.23392593097152,22.22914730269264,23.96033287443513,21.289886445751065,DELL,1,0.33,0.1648103990395452,0.16852293429378817,3.807715744980385,0.3349005766276612,False,False,0.995762106609887,7.402747569659103,6.402747569659101,False,2.302966172480138,3.514830862400687,3.4248308624006873,True,0.3459065226103396,0.5055688028813644,0.49443119711863553,--w4,7.0
2020-01-13,2020-01-14,long,23.41703414916992,2020-01-21,22.71452312469482,stop_loss,-3.0,-3.3,0.0,2019-11-19,26.09668393176786,24.402338256348443,25.75597313177471,21.377366727265823,24.227374087103893,22.413314122808384,DELL,0,0.0,0.0,0.0,4.5570098237503975,0.18073809674258431,False,False,0.7989130524331693,4.0663229225960915,3.066322922596091,False,2.584246218484909,4.921231092424543,4.831231092424543,False,0.6508937083048306,4.683475456230556,3.683475456230556,---,7.0
2022-07-14,2022-07-15,long,39.756103515625,2022-08-26,38.56342041015625,stop_loss,-3.0,-3.3,0.66,2022-06-03,47.33959919659576,41.53077764891668,46.37907559169828,37.990595632142885,39.97565506028773,37.81679204177651,DELL,2,0.66,0.07641630429257658,0.043488741994211856,2.1475609907650544,0.41348568932613056,False,False,0.8346439812252006,4.671931885172892,3.6719318851728913,True,1.4440932451965272,0.7795337740173645,0.8695337740173644,True,0.23664113614334187,0.9912173131049058,1.9912173131049058,-w3w4,42.0
2024-08-07,2024-08-08,long,88.6966781616211,2024-08-09,86.03577781677245,stop_loss,-3.0,-3.3,0.33,2024-07-22,125.5108537686785,102.57433140593751,113.0771291215914,87.4068750785791,96.2707251046758,84.30354860767079,DELL,1,0.33,0.16759568568353234,0.165737647649801,1.5382389232796865,0.44340338894984005,False,False,0.45790715565124435,1.713438039809417,2.713438039809418,False,1.119186842583952,2.4040657870802398,2.49406578708024,True,0.3452965448353064,0.497212942949403,0.502787057050597,--w4,1.0
2025-03-07,2025-03-11,long,89.47590637207031,2025-03-31,86.7916291809082,stop_loss,-3.0,-3.3,0.0,2025-02-19,119.46405242548698,107.15220251738911,114.76404023339045,90.29669027918358,95.64159089551907,86.30998322037163,DELL,0,0.0,0.0,0.3319041499336847,1.3937327790975391,0.4286063143423317,False,False,0.6182529654617378,1.0042875501989468,0.004287550198945908,False,1.9873008635456126,1.936504317728062,1.846504317728062,False,0.21845032773631057,1.2404064693656085,2.2404064693656083,---,20.0
2025-04-10,2025-04-11,long,80.05635070800781,2025-08-21,126.2215576171875,time_exit,57.67,57.37,0.34,2025-03-24,99.19834381120268,86.37838791466258,93.53099050747322,64.73494504292806,83.5153979656955,74.20333432782009,DELL,1,0.34,0.327272534674916,0.0,2.6501139544326513,0.46463244210003934,False,True,0.5579272386374601,0.018182395975251946,1.018182395975253,False,2.2461891208468794,3.2309456042343956,3.1409456042343953,False,0.6521886120054464,4.701213863088307,3.7012138630883067,w2--,132.0
2025-12-01,2025-12-02,long,134.71768188476562,2025-12-12,130.67615142822265,stop_loss,-3.0,-3.3,0.0,2025-11-03,166.55646496230426,135.0546004875892,142.48662339842048,115.50344959553208,134.1231297328985,126.61182851837752,DELL,0,0.0,0.0,0.0,4.804306628964967,0.1757283253763434,False,False,0.23592327104310234,5.475876761981316,6.475876761981317,False,0.8565579927672667,3.7172100361636655,3.8072100361636654,False,0.690047815478744,5.219833088749918,4.219833088749918,---,10.0
2020-03-18,2020-03-19,long,106.8120346069336,2020-03-23,103.60767356872559,stop_loss,-3.0,-3.3,0.34,2020-03-04,134.29123827830074,118.81000545187284,126.64523582750778,106.2443821329682,116.73722191989717,104.12862039535102,DHR,1,0.34,0.0345283974838256,0.0,1.7067674598500409,0.4014447907840098,False,True,0.5061115263546371,0.8964148075485232,1.896414807548524,False,1.3177796576842014,1.4111017115789932,1.5011017115789933,False,0.5143333678108503,2.812785860422606,1.812785860422606,w2--,4.0
2022-05-12,2022-05-13,long,216.06333923339844,2022-06-14,209.58143905639648,stop_loss,-3.0,-3.3,1.0,2022-04-08,262.8240185386713,236.20518518986444,250.6504657812124,213.1413678059877,223.9276273494987,202.64120142039715,DHR,3,1.0,0.4917307800109319,0.0,0.508269219989068,0.6893028908072415,False,True,0.5426714387539249,0.27675527535720457,1.2767552753572056,True,1.4091187800650176,0.9544060996749123,1.0444060996749123,True,0.2875638211997386,0.29364628493508743,1.2936462849350874,w2w3w4,32.0
2023-10-30,2023-10-31,long,189.01007080078125,2024-03-12,249.3896942138672,time_exit,31.95,31.65,1.0,2023-09-15,226.66433846847565,205.4306194199496,216.37261136792492,180.377568866525,192.21893807620123,179.2357347739255,DHR,3,1.0,0.5033396608462822,0.2958921419918244,0.4966603391537178,0.6790942008232262,False,True,0.5153120808921534,0.7404732052177379,1.7404732052177387,True,1.6951831386267944,0.47591569313397125,0.3859156931339712,True,0.32897222469498943,0.2735921191094443,0.7264078808905556,w2w3w4,133.0
2025-04-11,2025-04-14,long,191.25254821777344,2025-04-17,185.51497177124023,stop_loss,-3.0,-3.3,0.0,2025-03-06,213.89996109974345,200.5404865863977,213.1478898082122,169.47808309404255,190.73717498738276,177.18883684462642,DHR,0,0.0,0.0,0.0,5.766790532201388,0.1770140276076281,False,False,0.9437050244169445,6.520424142660078,5.520424142660076,False,3.2688266795632326,8.34413339781616,8.25413339781616,False,0.4868144260973388,2.4358140561279287,1.435814056127929,---,3.0
2026-03-27,2026-03-31,long,189.2074737548828,2026-04-22,183.5312495422363,stop_loss,-3.0,-3.3,0.0,2026-01-22,241.78194528424228,200.157194660252,211.79819353777907,184.46328092237977,195.92503087362329,180.635241686292,DHR,0,0.0,0.0,0.1629767659817971,3.6540210926873122,0.24918406099161358,False,False,0.2796653121764967,4.734486234296665,5.734486234296666,False,0.6566985316578671,4.716507341710663,4.806507341710663,False,0.41930808824998644,1.5110697020546087,0.5110697020546087,---,22.0
2020-03-10,2020-03-11,long,102.29861450195312,2020-03-12,99.22965606689453,stop_loss,-3.0,-3.3,0.33,2019-11-26,147.85485142712503,130.7262146924017,142.81665588179848,109.76424426563024,118.07340566583282,99.3123580704121,DIS,1,0.33,0.07028994889109064,0.0,1.6421981134441195,0.4077112449658353,False,False,0.7058612647722823,2.4891739791912264,1.4891739791912253,False,1.929658041562881,1.6482902078144042,1.558290207814404,True,0.25139349880714884,0.7891301533267281,1.789130153326728,--w4,1.0
2021-12-20,2021-12-23,long,148.95401000976562,2022-01-14,144.48538970947266,stop_loss,-3.0,-3.3,0.33,2021-10-07,174.162646033831,163.0320306697751,173.7941829175751,137.71675748493277,149.95265711399995,140.66422491471872,DIS,1,0.33,0.1956316239444935,0.13770170938883985,5.177665648682846,0.31421598698366443,False,False,0.9668964289750076,6.913498796186571,5.91349879618657,False,3.2412786043390907,8.20639302169545,8.11639302169545,True,0.33915667435615593,0.41310512816651956,0.5868948718334804,--w4,22.0
2022-03-14,2022-03-16,long,133.93545532226562,2022-04-06,129.91739166259765,stop_loss,-3.0,-3.3,0.67,2022-02-16,151.95962571265068,135.73884918494164,145.70596271415386,125.35482758372328,132.01573725113295,124.47252726997118,DIS,2,0.67,0.2697423198630377,0.3969243468036286,0.9725346147352242,0.5605775741731986,False,True,0.614465868029558,0.9400994581281036,0.059900541871897375,False,1.2546338392410428,1.726830803794786,1.816830803794786,True,0.32729917150664317,0.2506735822827832,0.7493264177172169,w2-w4,21.0
2022-05-20,2022-05-23,long,102.60887145996094,2022-05-24,99.53060531616211,stop_loss,-3.0,-3.3,0.33,2022-03-29,140.0631105273449,122.95999859227646,129.1361361564905,96.44244964655232,105.4787794626025,97.00479064984684,DIS,1,0.33,0.18444623533290302,0.0,1.7861715522950607,0.4372923423024881,False,False,0.3611119185597098,3.3540352786489853,4.354035278648986,False,1.9115636168469814,1.557818084234906,1.467818084234906,True,0.27639372553790575,0.44666129400129095,1.4466612940012908,--w4,1.0
2022-10-13,2022-10-14,long,91.57523345947266,2022-11-09,88.82797645568847,stop_loss,-3.0,-3.3,0.33,2022-08-16,122.63036413501432,105.21699054608906,113.91397590390278,91.41041170636684,98.43004508479476,87.94907553323024,DIS,1,0.33,0.3199347370896127,0.01339859624372064,0.8626878358372693,0.617650982551235,False,False,0.49944287437472307,1.0094428072080828,2.0094428072080834,False,1.2923150176854874,1.538424911572563,1.628424911572563,True,0.3119342925773748,0.040195788731161905,0.9598042112688381,--w4,26.0
2024-08-05,2024-08-06,long,87.91964721679688,2024-08-07,85.28205780029296,stop_loss,-3.0,-3.3,0.0,2024-03-28,120.36474740217932,107.20380654320186,113.75024134576174,87.17697143554688,92.6786646413084,84.45054909155678,DIS,0,0.0,0.0,0.0,1.5120229841679826,0.40985362867773456,False,False,0.49741389105128925,1.0438323550628932,2.0438323550628943,False,2.0191010806106977,2.095505403053487,2.0055054030534873,False,0.20703862280970756,1.3967311943875675,2.3967311943875673,---,1.0
2025-04-07,2025-04-08,long,80.21151733398438,2025-08-18,114.8864288330078,time_exit,43.23,42.93,0.33,2025-02-05,116.4009263647638,105.70213240061084,113.41704737653048,94.15921262187672,100.38217138682846,78.62141692299748,DIS,1,0.33,0.2687713812159811,0.09456107675725249,1.31372310522189,0.5348622068895543,False,False,0.7211013691607655,2.7474808332333147,1.7474808332333138,False,1.80000052521606,1.0000026260802992,0.9100026260802992,True,0.32313906751370014,0.19368585635205673,0.8063141436479433,--w4,132.0
2020-03-16,2020-03-17,long,66.64971923828125,2020-03-18,64.65022766113282,stop_loss,-3.0,-3.3,0.33,2020-02-24,80.4369167062451,69.27695910416628,78.8094048088444,58.89975774208609,66.54123411867846,58.899755058384095,DUK,1,0.33,0.026624446576504018,0.3817033208950753,2.3158958121570095,0.39375761516869484,False,False,0.854165046550219,5.002797399156255,4.002797399156254,True,1.7840253320540977,0.920126660270488,0.830126660270488,False,0.3838077265242329,1.024763377044286,0.024763377044286144,-w3-,1.0
2019-04-17,2019-04-18,long,216.7454833984375,2019-08-27,227.9676971435547,time_exit,5.18,4.88,0.0,2019-03-19,282.5868475467284,252.56522084798917,265.6176898411808,225.3657064843302,241.95495662908093,205.4749095392665,ELV,0,0.0,0.0,0.1957307088658009,1.6048629737326279,0.3906535431547633,False,False,0.4347688792539598,2.105612216034579,3.10561221603458,False,1.3407662336478585,1.2961688317607074,1.3861688317607075,False,0.4121349747583896,1.4128078734025973,0.41280787340259734,---,131.0
2019-09-09,2019-09-16,long,235.32667541503903,2019-09-23,228.26687515258786,stop_loss,-3.0,-3.3,0.66,2019-07-12,283.467322049695,254.0574393599685,274.3140876323136,226.96072260621025,238.7990899926202,225.34317616326172,ELV,2,0.66,0.3804003936914744,0.32019573327783163,1.019430762580681,0.605810243725922,False,False,0.6887701146601715,2.1994934688164665,1.1994934688164656,True,1.610117439966699,0.05058719983349501,0.039412800166505044,True,0.250000551806278,0.808211619092082,1.808211619092082,-w3w4,7.0
2020-03-18,2020-03-19,long,184.0010528564453,2020-03-20,178.48102127075194,stop_loss,-3.0,-3.3,0.0,2020-03-04,271.52391428565653,238.02156892609548,263.8943592813724,198.10782439404528,225.9914739351224,170.93861021995153,ELV,0,0.0,0.0,0.14223558767023303,2.335401362442916,0.32004731230888267,False,False,0.772268033106321,3.614712425530865,2.6147124255308642,False,1.9636396849617168,1.818198424808583,1.7281984248085829,False,0.423850406300219,1.573293236989301,0.5732932369893009,---,1.0
2026-03-24,2026-03-25,long,294.8900756835937,2026-03-27,286.0433734130859,stop_loss,-3.0,-3.3,0.34,2026-02-17,348.4256787036641,317.42369068864576,335.1518398219648,272.049168550141,299.78017664802144,282.7694154114461,ELV,1,0.34,0.2607960071830157,0.1435028744463727,1.3939709599784766,0.49827264415320305,False,True,0.5718391067286062,0.2176119784509529,0.7823880215490481,False,2.035439509274529,2.1771975463726436,2.0871975463726438,False,0.4394585449231639,1.7871033551118338,0.7871033551118338,w2--,2.0
2018-03-05,2018-03-06,long,332.62994384765625,2018-07-13,378.8576965332031,time_exit,13.9,13.6,0.34,2018-01-31,387.2799525717477,345.7687591649749,369.9948665920337,324.43893635852066,341.8711314405334,314.93761068418894,EQIX,1,0.34,0.1943264709427539,0.46935027048428335,1.3129346923737393,0.49604856704017025,False,True,0.5836042146431325,0.41702058717173834,0.5829794128282626,False,1.0974372571538815,2.512813714230592,2.6028137142305923,False,0.3826547936274788,1.0089697757188874,0.008969775718887369,w2--,129.0
2018-10-30,2018-11-02,long,337.0375671386719,2018-11-15,326.9264401245117,stop_loss,-3.0,-3.3,0.33,2018-08-06,391.2975483249194,362.0042174214153,386.4040556179356,337.4669540504811,361.60049065818,321.54393477346525,EQIX,1,0.33,0.21568584281410075,0.24568584281410077,2.506266250783202,0.40007021675148663,False,False,0.8329485737520416,4.643196165288841,3.6431961652888405,True,1.6705884943115397,0.35294247155769776,0.2629424715576977,False,0.4931541884317239,2.5226601155030672,1.5226601155030672,-w3-,13.0
2022-10-13,2022-10-14,long,465.3591613769531,2023-02-24,633.6326293945312,time_exit,36.16,35.86,0.33,2022-08-16,659.8579289421585,576.1396576894902,615.9638550096846,514.3820668665269,548.5710386923264,455.6908914220628,EQIX,1,0.33,0.20746137971264647,0.12587195362068684,1.2409052517407035,0.49380754750451783,False,False,0.4756930204638587,1.411982704002394,2.411982704002395,False,1.2133765619284687,1.9331171903576565,2.0231171903576564,True,0.3365659578429304,0.3776158608620605,0.6223841391379394,--w4,133.0
2024-05-02,2024-05-03,long,663.9987182617188,2024-09-12,832.6264038085938,time_exit,25.4,25.1,0.0,2024-03-04,867.651841190502,744.5874776605751,784.6732849488386,693.7383708919074,728.5513294403974,657.2940484195764,EQIX,0,0.0,0.0,0.32952603505984496,3.0901785401642017,0.2958388840181872,False,False,0.32573042380798894,3.953721630373068,4.953721630373069,False,0.7389215809401855,4.305392095299072,4.395392095299072,False,0.38283379832189396,1.0114218948204652,0.011421894820465104,---,132.0
2025-04-11,2025-04-14,long,758.7092895507812,2025-04-21,735.9480108642578,stop_loss,-3.0,-3.3,0.0,2025-02-14,918.033936979372,795.6832664544809,835.996262999822,702.6291924601006,772.9375289345504,725.5781259501425,EQIX,0,0.0,0.0,0.0,3.1428675326803295,0.2456359013907868,False,False,0.3294873364599974,3.890045144745806,4.890045144745807,False,1.0900395557095783,2.549802221452108,2.639802221452108,False,0.5271791319245445,2.9887552318430743,1.9887552318430746,---,7.0
2020-03-23,2020-03-24,long,63.930320739746094,2020-07-31,83.68836975097656,time_exit,30.91,30.61,0.0,2020-03-10,79.6731645012593,67.34187509101875,78.14206755684626,52.71715923623402,66.30944832338238,50.65229781296677,ETN,0,0.0,0.0,0.0,3.5898984468753405,0.23454991506209907,False,False,0.8758364276860184,5.3701089438308225,4.370108943830822,False,2.0618207451605244,2.3091037258026206,2.2191037258026207,False,0.5346052349824583,3.0904826709925786,2.0904826709925786,---,129.0
2022-01-28,2022-02-01,long,148.14031982421875,2022-02-04,143.69611022949218,stop_loss,-3.0,-3.3,0.33,2021-12-31,161.42175510335184,151.30965109110886,160.12983224573256,142.50802369603,149.8783267899704,140.92799523937035,ETN,1,0.33,0.09559149306491281,0.2934044624726676,2.5063128007831046,0.3809150705137864,False,False,0.8722399555962715,5.3091517897673155,4.309151789767315,True,1.7426451041610524,0.7132255208052616,0.6232255208052615,False,0.4182489596997017,1.4965610917767358,0.4965610917767357,-w3-,3.0
2025-12-03,2025-12-04,long,336.1182861328125,2025-12-16,326.0347375488281,stop_loss,-3.0,-3.3,0.34,2025-11-05,390.8703006434615,361.1786944782437,379.38635898987405,317.54372564183086,345.0039771816395,320.8857431547744,ETN,1,0.34,0.02697182193807875,0.35643311738792566,1.7276769030118395,0.3882943862265528,False,True,0.61322598751696,0.9190845341857637,0.08091546581423714,False,2.082832198565554,2.4141609928277687,2.324160992827769,False,0.444034318287605,1.8497851820219857,0.8497851820219858,w2--,12.0
2017-03-09,2017-03-13,long,11.311984062194824,2017-03-14,10.97262454032898,stop_loss,-3.0,-3.3,0.33,2017-02-01,15.21173718533041,13.644627542205832,14.914523851918087,11.85236569175377,12.60889917896752,10.969745546896332,FCX,1,0.33,0.050497350545953536,0.0,2.292880424476258,0.36402971268600676,False,False,0.8103429873485274,4.260050633025889,3.2600506330258883,False,1.9540165384081492,1.7700826920407446,1.6800826920407446,True,0.24705891976956382,0.8485079483621394,1.8485079483621394,--w4,1.0
2018-10-26,2018-10-29,long,10.082857131958008,2018-11-26,9.780371417999268,stop_loss,-3.0,-3.3,1.0,2018-10-03,12.934084960565896,11.330914286558896,12.246715829544934,9.62826530262039,10.601091358054934,9.882837184850043,FCX,3,1.0,0.589820481378183,0.6625297662097599,0.41017951862181695,0.741353687706721,False,True,0.5712439466579463,0.20752451962620966,0.7924754803737912,True,1.6332949257236171,0.1664746286180851,0.07647462861808504,True,0.3715273767563444,0.8565394076211561,0.14346059237884395,w2w3w4,28.0
2019-05-31,2019-06-04,long,9.45866584777832,2019-06-05,9.17490587234497,stop_loss,-3.0,-3.3,0.33,2019-04-17,13.454770956959564,10.46686124693105,11.007617920923725,8.927075869758976,9.440336644054623,8.679612120904165,FCX,1,0.33,0.04883880533238568,0.0,3.9263246228120017,0.28524744990828615,False,False,0.18098159799732183,6.407091559367426,7.4070915593674265,False,0.6963202549868527,4.518398725065736,4.608398725065736,True,0.24669569836779245,0.853483584002843,1.853483584002843,--w4,1.0
2019-08-28,2019-08-29,long,8.396646499633789,2019-10-03,8.144747104644775,stop_loss,-3.0,-3.3,0.0,2019-07-24,11.112665318709553,9.050333270667004,9.538296461138891,8.083611773969256,8.672851993592426,7.899478000308957,FCX,0,0.0,0.0,0.2280188251477434,3.7511426623318704,0.25639801631582143,False,False,0.236607480805545,5.464279986346694,6.464279986346695,False,0.7053591047815705,4.473204476092146,4.563204476092147,False,0.4050638772926442,1.3159435245567699,0.3159435245567698,---,35.0
2019-10-09,2019-10-10,long,8.249338150024414,2020-02-20,11.225772857666016,time_exit,36.08,35.78,0.0,2019-09-13,10.0999104232026,9.28971126644983,9.878947620237083,7.917893876162969,8.33219744988363,7.7613741279868815,FCX,0,0.0,0.0,0.0,2.7644039693044173,0.2943848585815953,False,False,0.7272734720545474,2.852092746687245,1.8520927466872443,False,2.4204588806706506,4.102294403353251,4.012294403353251,False,0.2112657926752888,1.338824757872756,2.338824757872756,---,133.0
2020-03-09,2020-03-10,long,8.363572120666504,2020-03-11,8.112664957046508,stop_loss,-3.0,-3.3,0.0,2020-02-12,11.95061365000304,11.039912181070653,11.61607298071699,8.54942844640641,10.036286359102569,7.517919909740815,FCX,0,0.0,0.0,0.2505307563290831,4.164669212134837,0.2799234453397233,False,False,0.6326560561297523,1.2484077310127517,0.24840773101275074,False,3.3673433489742775,8.836716744871383,8.746716744871383,False,0.48484847071798737,2.4088831605203747,1.4088831605203747,---,1.0
2020-03-12,2020-03-13,long,6.997520446777344,2020-03-16,6.7875948333740235,stop_loss,-3.0,-3.3,0.33,2020-02-20,11.61607298071699,8.54942844640641,10.036286359102569,7.517919909740815,8.447207983670927,6.328435667581495,FCX,1,0.33,0.059341050307676745,0.27399228302565654,1.9909068473289893,0.3987643330718719,False,False,0.48484847071798737,1.2568055810510605,2.2568055810510614,False,0.8212123776282124,3.893938111858937,3.983938111858937,True,0.3690043099826188,0.8219768490769698,0.17802315092303028,--w4,3.0
2021-03-30,2021-03-31,long,30.601375579833984,2021-07-19,29.683334312438966,stop_loss,-3.0,-3.3,0.34,2021-03-18,34.51367103280642,31.447021548037444,33.11045387377049,27.36746215737192,30.973093550249786,29.16098606991251,FCX,1,0.34,0.2396984383169892,0.0,2.004028694073217,0.46336051868054934,False,True,0.542426623582107,0.2809046850490325,1.2809046850490333,False,1.8727251826209965,1.3636259131049817,1.2736259131049816,False,0.6278315503367916,4.367555484065638,3.367555484065638,w2--,110.0
2021-07-08,2021-07-09,long,33.9945182800293,2021-07-13,32.97468273162842,stop_loss,-3.0,-3.3,0.0,2021-05-18,41.90173543186032,37.13319209181007,41.35223392077109,31.73131958251967,35.90379839584564,31.265639429752703,FCX,0,0.0,0.0,0.09731330492730554,3.105800961998272,0.2821510981548147,False,False,0.8847653314851835,5.521446296359044,4.521446296359043,False,2.017579300883538,2.087896504417689,1.9978965044176893,False,0.4336883862209201,1.7080600852180834,0.7080600852180834,---,4.0
2022-05-02,2022-05-04,long,38.8770751953125,2022-05-05,37.710762939453126,stop_loss,-3.0,-3.3,0.33,2022-04-01,48.65559863139706,44.51729287978955,48.32804830274221,37.23914125391613,40.39260246820099,36.73082277064103,FCX,1,0.33,0.22091234751188737,0.0,3.956060837785715,0.3480968444101835,False,False,0.9208491715413692,6.13303680578592,5.1330368057859195,False,2.6795765500213777,5.397882750106886,5.307882750106886,True,0.28437980410510333,0.3372629574643379,1.337262957464338,--w4,1.0
2022-05-12,2022-05-13,long,32.98432159423828,2022-06-17,31.994791946411134,stop_loss,-3.0,-3.3,0.67,2022-04-27,40.39260246820099,36.73082277064103,38.98062246115192,32.93724995962266,35.60121434803557,31.468761737056937,FCX,2,0.67,0.26968192165219335,0.6571497995363815,0.9988458265302939,0.5569702281620156,False,True,0.6144006129069007,0.9389934391000134,0.06100656089998746,True,1.6503921591886814,0.2519607959434066,0.16196079594340657,False,0.4408075768519647,1.8055832445474616,0.8055832445474614,w2w3-,35.0
2023-10-05,2023-10-06,long,35.27115249633789,2023-10-13,34.21301792144775,stop_loss,-3.0,-3.3,0.0,2023-09-05,40.25354378394231,37.67577755162102,39.820712929335926,34.66518019590466,36.76202391501073,33.69370655533304,FCX,0,0.0,0.0,0.22046951156271724,2.6557494575773526,0.31286779636629075,False,False,0.8320907267775715,4.628656386060534,3.628656386060533,False,2.0000001042719355,2.0000005213596763,1.9100005213596765,False,0.40671717696776494,1.3385914653118482,0.3385914653118483,---,7.0
2025-01-23,2025-01-24,long,37.119178771972656,2025-01-27,36.00560340881348,stop_loss,-3.0,-3.3,0.0,2024-12-03,43.84378854911812,41.10537979802323,43.76554783563252,36.37185590165849,40.19198083953036,35.7938415892785,FCX,0,0.0,0.0,0.0,5.111711158566588,0.17969562257072305,False,False,0.9714284021863708,6.9903119014639135,5.990311901463913,False,2.6999957296432884,5.499978648216439,5.409978648216439,False,0.516673533599417,2.8448429260194112,1.844842926019411,---,3.0
2025-04-10,2025-04-11,long,32.740665435791016,2025-04-21,31.758445472717284,stop_loss,-3.0,-3.3,0.33,2025-03-26,42.65613331822922,35.66622189212688,37.52168733849643,27.15462454246973,33.55550225844804,29.67767088845576,FCX,1,0.33,0.1385775307807892,0.10857753078078917,3.2615663432779827,0.32998204279659155,False,False,0.2654490641241471,4.97543959111615,5.975439591116151,True,1.4831465184684736,0.5842674076576324,0.6742674076576325,False,0.6174244182673921,4.224992031060165,3.224992031060166,-w3-,10.0
2019-06-03,2019-06-04,long,14.494000434875488,2019-10-10,15.520000457763672,time_exit,7.08,6.78,0.66,2019-04-16,19.392000198364254,17.642000198364258,18.83799934387207,15.883999824523926,16.81399917602539,13.77400016784668,FTNT,2,0.66,0.4933923096544002,0.24327527253959957,0.8762578776186105,0.647391171459259,False,False,0.6834280831473228,2.1089505618190323,1.1089505618190314,True,1.6879997253418002,0.4399986267090004,0.3499986267090004,True,0.31482718443592933,0.07982444432779907,0.9201755556722009,-w3w4,128.0
2020-03-09,2020-03-10,long,18.143999099731445,2020-03-11,17.599679126739503,stop_loss,-3.0,-3.3,0.0,2020-02-06,24.36400032043457,22.525999069213867,24.253999710083008,19.618000030517575,22.09600067138672,17.059999465942383,FTNT,0,0.0,0.0,0.0,4.7203146339585205,0.18559833058778338,False,False,0.9401520481672654,6.460204206224838,5.460204206224837,False,2.5223049638766284,4.61152481938314,4.52152481938314,False,0.5345126859675334,3.089214876267581,2.089214876267581,---,1.0
2020-03-12,2020-03-13,long,16.527999877929688,2020-03-16,16.032159881591795,stop_loss,-3.0,-3.3,0.67,2020-02-18,24.253999710083008,19.618000030517575,22.09600067138672,17.059999465942383,18.67200088500977,15.161999702453612,FTNT,2,0.67,0.47765578981367574,0.05066446988990336,1.045208190080445,0.6183257610158797,False,True,0.5345126859675334,0.4150392208892629,1.415039220889264,False,1.0862816120635275,2.568591939682362,2.6585919396823625,True,0.32009551890588883,0.15199340966971003,0.8480065903302899,w2-w4,3.0
2022-01-28,2022-01-31,long,59.448001861572266,2022-02-23,57.66456180572509,stop_loss,-3.0,-3.3,0.0,2022-01-12,66.05000305175781,60.61000061035156,64.63200378417969,52.56800079345703,57.30199813842773,53.040000915527344,FTNT,0,0.0,0.0,0.2858134956825939,2.4291257011889753,0.31928291344737497,False,False,0.7393384869122284,3.056584523936075,2.056584523936074,False,2.217646613335727,3.088233066678633,2.9982330666786328,False,0.39240684444551194,1.1425595129522181,0.14255951295221822,---,23.0
2022-08-22,2022-08-23,long,50.59000015258789,2022-08-29,49.07230014801025,stop_loss,-3.0,-3.3,0.66,2022-07-22,63.400001525878906,55.209999084472656,63.15999984741211,51.2400016784668,54.869998931884766,49.709999084472656,FTNT,2,0.66,0.4053104519396748,0.06238799667126238,2.58732104235661,0.5493617045171366,False,False,0.9706957744904423,6.977894482888854,5.977894482888853,True,1.4554327980027575,0.7228360099862128,0.8128360099862129,True,0.3045300177037823,0.06123263419476301,1.061232634194763,-w3w4,6.0
2023-11-07,2023-11-08,long,50.2400016784668,2024-03-20,67.87000274658203,time_exit,35.09,34.79,0.0,2023-10-09,60.59999847412109,56.06999969482422,59.75,44.119998931884766,50.79999923706055,47.65999984741211,FTNT,0,0.0,0.0,0.12610398318383031,5.0558753565765535,0.22262067239688388,False,False,0.8123623171807961,4.294276562386376,3.294276562386375,False,3.4503322913789556,9.251661456894775,9.161661456894775,False,0.4273832276827412,1.6216880504485092,0.621688050448509,---,133.0
2025-03-13,2025-03-19,long,98.16999816894533,2025-03-31,95.22489822387696,stop_loss,-3.0,-3.3,1.0,2025-02-18,114.81999969482422,105.77999877929688,111.30999755859376,95.5,100.8499984741211,93.2699966430664,FTNT,3,1.0,0.3197440741045491,0.5472780654846571,0.6802559258954509,0.604752645079814,False,True,0.6117254667306966,0.8936519784863842,0.10634802151361668,True,1.7488933581232382,0.7444667906161904,0.6544667906161903,True,0.3383933776266158,0.4026490085837782,0.5973509914162218,w2w3w4,12.0
2025-09-02,2025-09-05,long,78.83000183105469,2025-11-06,76.46510177612305,stop_loss,-3.0,-3.3,0.33,2025-07-09,108.7699966430664,98.6999969482422,107.5199966430664,70.12000274658203,81.27999877929688,75.0,FTNT,1,0.33,0.28491171025046325,0.0,5.361977296050615,0.3721868153976278,False,False,0.8758689138151139,5.3706595561883725,4.370659556188372,False,3.7140014925429727,10.57000746271486,10.48000746271486,True,0.29839566454485145,0.14526486924861026,1.1452648692486103,--w4,62.0
2020-03-19,2020-03-20,long,98.28881072998048,2020-03-23,95.34014640808107,stop_loss,-3.0,-3.3,0.0,2020-03-03,146.74770715581454,126.39843488224614,134.2018713075575,110.8260577629582,122.06988085324032,94.86564142117945,GD,0,0.0,0.0,0.0,2.529183253520184,0.2855402248570165,False,False,0.38347496266228726,2.975000632842588,3.975000632842589,False,1.1487297054333514,2.2563514728332428,2.3463514728332426,False,0.48100242880658467,2.3561976548847214,1.3561976548847212,---,3.0
2020-03-23,2020-03-24,long,98.4784927368164,2020-07-31,128.5177459716797,time_exit,30.5,30.2,0.33,2020-03-10,134.2018713075575,110.8260577629582,122.06988085324032,94.86564142117945,105.05753630865476,86.70005966578006,GD,1,0.33,0.03359075153130383,0.2997425818020295,1.4674447832383828,0.4238498883252806,False,False,0.48100242880658467,1.3219927320917844,2.3219927320917852,False,1.1637772255565448,2.1811138722172756,2.2711138722172755,True,0.37464362541464447,0.8992277454060885,0.10077225459391151,--w4,129.0
2020-10-02,2020-10-05,long,125.0057144165039,2020-10-21,121.25554298400878,stop_loss,-3.0,-3.3,0.66,2020-08-11,140.8668041238647,129.0607962307647,137.11828771247508,118.37578635107712,124.71668019245342,117.00946679364884,GD,2,0.66,0.5120343981057004,0.41642989428562577,0.852320265348213,0.6593760940194463,False,False,0.6824907754313426,2.0930639903617405,1.0930639903617396,True,1.587539287717398,0.06230356141301072,0.15230356141301077,True,0.33831630683170183,0.40159324426988807,0.5984067557301119,-w3w4,16.0
2017-10-20,2017-10-23,long,99.80445861816406,2017-10-25,96.81032485961914,stop_loss,-3.0,-3.3,0.66,2017-04-20,134.07834559692014,118.97589697459487,129.38079901949948,104.39549671533123,112.7271923045116,98.8207039996438,GE,2,0.66,0.4643136569935195,0.38439465779953186,0.9365600120278558,0.6158139631729617,False,False,0.6889546394167834,2.202621007064126,1.202621007064125,True,1.6543875055620847,0.2719375278104229,0.18193752781042288,True,0.33346386958825835,0.33512150120901857,0.6648784987909815,-w3w4,2.0
2018-02-09,2018-02-12,long,66.72557067871094,2018-02-26,64.7238035583496,stop_loss,-3.0,-3.3,0.33,2018-01-11,87.30152230886847,71.13790051785152,78.1616788010467,66.23030709602904,69.87723295730409,64.06914703675122,GE,1,0.33,0.31807560384525746,0.0,2.154804898564304,0.48872768668471284,False,False,0.4345423552967999,2.1094516051389838,3.1094516051389847,False,0.7381620195820601,4.309189902089699,4.399189902089699,True,0.3056585572421114,0.04577318846422757,1.0457731884642276,--w4,14.0
2018-11-12,2018-11-13,long,39.80925369262695,2018-11-14,38.61497608184814,stop_loss,-3.0,-3.3,0.0,2018-10-09,63.71330151064785,55.48328687497632,59.22841268695114,41.93611428628258,44.109211192686224,35.6942468046913,GE,0,0.0,0.0,0.0,2.2595889092630137,0.31071089142078323,False,False,0.4550570050923405,1.7617456764010078,2.761745676401009,False,2.101126081321675,2.5056304066083737,2.415630406608374,False,0.12566848293108487,2.511390644779659,3.5113906447796586,---,1.0
2019-08-23,2019-08-29,long,39.12998580932617,2020-01-08,57.72394180297852,time_exit,47.52,47.22,0.0,2019-07-31,52.060726172770536,43.18290755010549,46.27084814312584,36.91052182074964,42.89340953112524,37.44126376258986,GE,0,0.0,0.0,0.0,3.6101365610913008,0.22255441228272307,False,False,0.3478265015616387,3.5792118379383266,4.5792118379383275,False,1.0543498037321137,2.7282509813394307,2.818250981339431,False,0.6391751210717187,4.522946863996146,3.522946863996146,---,132.0
2020-03-12,2020-03-13,long,37.98851776123047,2020-03-16,36.84886222839356,stop_loss,-3.0,-3.3,0.0,2020-02-12,64.1054664783513,47.66818603990373,55.01662924061253,39.24673732129867,42.82781982421875,33.05243233133882,GE,0,0.0,0.0,0.0,2.0741500005005387,0.3514319230248617,False,False,0.44705955028427,1.8972957578937275,2.8972957578937284,False,0.9593978747498487,3.2030106262507556,3.293010626250756,False,0.2270835159329293,1.1221436173571326,2.122143617357133,---,3.0
2022-05-10,2022-05-13,long,45.76871490478516,2022-05-24,44.39565345764161,stop_loss,-3.0,-3.3,0.0,2022-03-22,58.68518790534688,53.11123138126013,57.19107387115712,44.2807048581922,49.25701837017372,43.38423149351474,GE,0,0.0,0.0,0.31757574369887787,2.5198523444495327,0.32037233440731233,False,False,0.7319473110826682,2.9313103573333605,1.9313103573333594,False,2.3161947814223747,3.5809739071118716,3.4909739071118717,False,0.38545091212994576,1.0472727689033665,0.047272768903366416,---,11.0
2022-10-12,2022-10-13,long,41.53368377685547,2023-02-23,65.01408386230469,time_exit,56.53,56.23,0.33,2022-08-25,48.650305278183374,43.4360344534288,46.702582416625255,37.82902491602843,41.69874106205664,38.55038638389678,GE,1,0.33,0.16369498285681847,0.5655376455860534,1.1311290210806138,0.49803119161381487,False,False,0.6264630420975887,1.143441391484556,0.14344139148455504,True,1.701783010285909,0.5089150514295446,0.4189150514295446,False,0.4360952352839251,1.7410306203277406,0.7410306203277406,-w3-,133.0
2025-04-11,2025-04-14,long,184.79034423828125,2025-04-21,179.24663391113282,stop_loss,-3.0,-3.3,0.34,2025-03-26,212.8168740562606,193.18538553165905,203.17001926011304,158.323588083329,187.88010801596744,173.9115533482446,GE,1,0.34,0.04860445369087533,0.0,3.023868162161387,0.3126702515138148,False,True,0.5086029883032849,0.854186638927374,1.854186638927375,False,2.284413182453483,3.422065912267412,3.3320659122674123,False,0.6590606912761245,4.795351935289377,3.7953519352893768,w2--,7.0
2026-03-30,2026-03-31,long,283.4167175292969,2026-04-22,274.91421600341795,stop_loss,-3.0,-3.3,0.67,2026-02-25,347.5399124787865,309.7339106424785,331.4668379040221,281.93855541386404,299.4567206115587,270.4528916396187,GE,2,0.67,0.3729859946479297,0.29368067201873665,0.7769073166220165,0.6055461435192268,False,True,0.5748538910737658,0.2687100181994219,0.731289981800579,False,1.3100640132380323,1.4496799338098383,1.5396799338098384,True,0.3537002358435456,0.6123319978567889,0.38766800214321107,w2-w4,22.0
2019-01-03,2019-01-04,long,23.89994430541992,2019-05-15,24.90995979309082,time_exit,4.23,3.93,0.0,2018-12-07,26.82095312944285,25.25817424062079,26.65731214731366,22.639901574472223,24.74270101332379,22.90990897871248,GLW,0,0.0,0.0,0.0,4.496835385147931,0.19136023462738883,False,False,0.8952884612790414,5.69980442845833,4.699804428458329,False,2.5706839282104403,4.8534196410521995,4.7634196410522,False,0.5234215922731282,2.9372820859332633,1.9372820859332631,---,131.0
2019-08-28,2019-08-29,long,23.13788604736328,2019-09-03,22.443749465942382,stop_loss,-3.0,-3.3,0.0,2019-07-01,28.38793459743265,26.83015499530041,28.37964944217041,22.35570181642461,23.515748616460705,22.189982924239427,GLW,0,0.0,0.0,0.0,6.7714575413633336,0.1952367568841993,False,False,0.9946814329505285,7.384431066958111,6.38443106695811,False,3.8670089257173568,11.335044628586779,11.245044628586781,False,0.1925725242162069,1.5948969285451107,2.5948969285451104,---,5.0
2020-03-09,2020-03-10,long,20.500328063964844,2020-03-11,19.885318222045896,stop_loss,-3.0,-3.3,0.67,2020-01-14,25.582833893409514,22.31354947693809,24.305371668262115,19.330332782636926,21.543152777882337,19.17772807891657,GLW,2,0.67,0.2523359867227444,0.5034824003757733,1.0343510553584592,0.5361516031981104,False,True,0.6092532608324795,0.8517501836013494,0.14824981639865162,True,1.5217516287539166,0.3912418562304175,0.48124185623041754,False,0.4447844622157836,1.8600611262436109,0.8600611262436109,w2w3-,1.0
2021-07-19,2021-07-21,long,35.84259033203125,2021-07-27,34.767312622070314,stop_loss,-3.0,-3.3,0.34,2021-05-10,40.522838887940566,36.59705495785374,38.75489615165024,33.7899292539999,36.2899619009923,34.009225754225206,GLW,1,0.34,0.2805574865214222,0.0,1.4998831781833883,0.5032676021858963,False,True,0.5496586751142917,0.15832754043573338,1.1583275404357343,False,1.264707122467776,1.67646438766112,1.7664643876611201,False,0.5035346052710917,2.664857606453311,1.6648576064533112,w2--,6.0
2022-03-14,2022-03-16,long,33.35274887084961,2022-04-01,32.35216640472412,stop_loss,-3.0,-3.3,0.67,2022-02-10,38.60038497679567,34.45353243765054,36.830148783236886,32.44093240832491,34.11258640770059,31.985018837692827,GLW,2,0.67,0.2588265261004468,0.40784014056621953,1.310431389600277,0.5268744527298533,False,True,0.5731133005458369,0.23920848382774454,0.7607915161722564,False,1.0584452505795656,2.7077737471021712,2.7977737471021715,True,0.3808547714645768,0.984311937870915,0.01568806212908498,w2-w4,16.0
2022-10-13,2022-10-14,long,27.420896530151367,2023-02-24,31.405956268310547,time_exit,14.53,14.23,0.0,2022-08-15,33.98875986745664,29.28224794483333,31.179918371532214,26.31315978232071,28.6920620509417,26.47659578927067,GLW,0,0.0,0.0,0.0,2.644507109718768,0.2748489900140901,False,False,0.40320102400615215,2.640660610065217,3.640660610065218,False,1.034047861605941,2.8297606919702947,2.9197606919702945,False,0.48880630197981784,2.463100027120792,1.463100027120792,---,133.0
2025-04-11,2025-04-14,long,40.85245895385742,2025-04-21,39.6268851852417,stop_loss,-3.0,-3.3,0.33,2025-03-24,49.14861547617233,43.32657884433088,46.07559854151487,36.63074784148375,43.14003241257669,39.841214348203,GLW,1,0.33,0.2962351787184907,0.3262351787184907,2.2636568696083725,0.4885088797171903,False,False,0.4721749228009414,1.4716114779501446,2.4716114779501455,True,1.6222588927689057,0.11129446384452786,0.021294463844527815,False,0.6891887206932226,5.208064667030445,4.208064667030445,-w3-,7.0
2026-03-12,2026-03-16,long,131.60012817382812,2026-03-17,127.65212432861328,stop_loss,-3.0,-3.3,0.33,2026-03-02,159.90336184252652,140.91825290783493,152.91724918448563,119.60114839801037,139.1543067088146,126.467656145991,GLW,1,0.33,0.07524276868061912,0.35935881105489315,1.939582567147686,0.40618204901894267,False,False,0.6320214604997535,1.237651872877179,0.237651872877178,True,1.7548543387916287,0.7742716939581427,0.6842716939581426,False,0.5868981618263648,3.8068241346077363,2.8068241346077363,-w3-,1.0
2026-07-28,2026-07-29,long,123.81685638427734,2026-09-01,145.55999755859375,time_exit,17.56,17.26,0.67,2026-07-09,204.0956819035778,178.3242204958598,193.34593726904177,146.6638297686337,164.19083520000842,114.28480100637049,GLW,2,0.67,0.22829601293848267,0.4493911992926017,0.7906834414970992,0.5738282087677016,False,True,0.5828818372202705,0.4047769020384847,0.5952230979615163,False,1.8113876726613494,1.056938363306746,0.966938363306746,True,0.3754544593176629,0.9103350591460673,0.08966494085393276,w2-w4,34.0
2018-10-24,2018-10-25,long,54.29975891113281,2018-10-26,52.67076614379883,stop_loss,-3.0,-3.3,0.34,2018-08-30,62.13393120687263,56.84431864451743,59.96927132462181,52.94668881227784,55.956147913640585,51.978720344396166,GOOG,1,0.34,0.15383297849338773,0.30032123781124226,1.1793168753457135,0.48417020414986195,False,True,0.5907715628066703,0.5385010645198368,0.4614989354801641,False,1.327617557913761,1.361912210431195,1.451912210431195,False,0.428540226629286,1.637537351086109,0.6375373510861092,w2--,1.0
2022-10-13,2022-10-14,long,96.33067321777344,2022-10-27,93.44075302124023,stop_loss,-3.0,-3.3,0.0,2022-08-15,122.1827598444804,105.5791409329984,111.65557064579892,95.19073078810575,102.82344183623366,94.43737122028226,GOOG,0,0.0,0.0,0.0,2.8103227236782864,0.2674285765075348,False,False,0.36597019873772507,3.2716915468182184,4.271691546818219,False,0.9916416382158189,3.0417918089209053,3.131791808920905,False,0.4635763915165888,2.117484815295737,1.1174848152957368,---,13.0
2023-01-06,2023-01-09,long,88.02391815185547,2023-05-18,122.4404754638672,time_exit,39.1,38.8,0.0,2022-12-01,101.69340038310222,91.09682892871942,98.92778132068835,85.61515879028939,90.74988375306502,84.82214301552322,GOOG,0,0.0,0.0,0.31642242292170614,1.9400490652556828,0.3674478668827172,False,False,0.7390081240597884,3.0509851535557373,2.0509851535557364,False,1.256314137804714,1.7184293109764297,1.8084293109764298,False,0.38570348938014637,1.0507327312348818,0.05073273123488168,---,129.0
2023-02-24,2023-03-03,long,93.19829559326172,2023-03-10,90.40234672546387,stop_loss,-3.0,-3.3,0.33,2023-02-02,107.86895060247916,101.31671425142534,107.72026310303056,91.8402613547034,97.02456213109988,88.08339162203906,GOOG,1,0.33,0.2535741216587611,0.07975921167457223,3.815744771520252,0.3753068456198412,False,False,0.9773073662972056,7.089955360969588,6.089955360969587,False,2.4236002637134906,4.118001318567451,4.028001318567451,True,0.3264672673567313,0.23927763502371668,0.7607223649762833,--w4,7.0
2018-10-24,2018-10-25,long,54.69451141357422,2018-10-26,53.05367607116699,stop_loss,-3.0,-3.3,0.0,2018-08-30,62.91659613433063,57.068960478314175,60.68786760635078,53.3216848686592,56.845935552048864,52.28933837467454,GOOGL,0,0.0,0.0,0.3284365813368905,1.6791033102070554,0.38920629487124875,False,False,0.6188667251033704,1.0146902559893294,0.014690255989328483,False,1.2596856526300053,1.7015717368499732,1.7915717368499733,False,0.47843649945807604,2.3210479377818634,1.3210479377818634,---,1.0
2022-10-13,2022-10-14,long,95.7113037109375,2022-10-27,92.83996459960937,stop_loss,-3.0,-3.3,0.0,2022-08-16,121.35392772306471,104.8502699767572,110.63893469392616,94.72010563429126,102.02531761520132,93.550464603786,GOOGL,0,0.0,0.0,0.0,2.9201043459750644,0.2625529133588179,False,False,0.35075040976683475,3.529654071748563,4.529654071748563,False,0.964563692748448,3.1771815362577596,3.2671815362577594,False,0.45890385238407755,2.0534774299188703,1.0534774299188703,---,13.0
2023-01-06,2023-01-09,long,87.2463607788086,2023-05-18,121.75041961669922,time_exit,39.55,39.25,0.33,2022-12-01,101.35130659899956,90.80482048635082,98.6552055874712,85.18464779721495,90.24972960120895,84.11413611960162,GOOGL,1,0.33,0.027345710386170768,0.3059876229471626,1.8911281440704408,0.38180981139795095,False,False,0.7443602558491178,3.141699251679964,2.141699251679963,False,1.2772555376620258,1.613722311689871,1.7037223116898708,True,0.3760112894254286,0.9179628688414877,0.0820371311585123,--w4,129.0
2020-03-12,2020-03-13,long,152.3363037109375,2020-03-16,147.76621459960938,stop_loss,-3.0,-3.3,0.33,2020-01-17,214.04463901695468,167.53815652911484,182.1036561416943,146.3088703234235,159.41271530916606,128.9746929710326,GS,1,0.33,0.07268260931225205,0.2606507240210813,3.0332697279679235,0.3162868221741741,False,False,0.31319288910718923,4.166222218522216,5.166222218522217,False,0.7696730413363376,4.151634793318311,4.241634793318311,True,0.3660825085606168,0.7819521720632439,0.21804782793675617,--w4,3.0
2020-03-23,2020-03-24,long,132.07009887695312,2020-03-25,128.10799591064452,stop_loss,-3.0,-3.3,0.34,2020-03-13,152.67163737963185,128.97467471234134,143.36828888691423,112.50895128818652,128.27822667999135,114.58111247633347,GS,1,0.34,0.05986815881359627,0.2734651745197368,1.6921146260517854,0.4055293153181707,False,True,0.6074033358899934,0.8203955235592112,0.17960447644078972,False,1.3022486481494777,1.4887567592526114,1.5787567592526115,False,0.511004986460078,2.7671915953435335,1.7671915953435335,w2--,1.0
2022-10-13,2022-10-14,long,272.4188232421875,2023-02-24,332.576416015625,time_exit,22.08,21.78,0.33,2022-08-15,323.2200084168181,293.54101221958695,312.7199459466028,262.0937223070096,286.19453753968844,261.3037512410468,GS,1,0.33,0.15701168467436685,0.3609532388878667,1.4318503206526678,0.4538860668245824,False,False,0.6462123449042105,1.4781753373595017,0.4781753373595007,True,1.70579298919538,0.5289649459768995,0.43896494597689945,False,0.47605397953937695,2.288410678621602,1.2884106786216019,-w3-,133.0
2023-03-24,2023-03-27,long,293.2364196777344,2023-08-04,327.6477966308594,time_exit,11.74,11.44,1.0,2023-02-09,347.0458216313032,313.4527078234106,330.3639944912879,277.89936512401295,296.63344827121347,281.1122602143736,GS,3,1.0,0.4026964449551951,0.45915683737876245,0.5973035550448049,0.6524414497538259,False,True,0.5034152762553381,0.9421139617739295,1.9421139617739305,True,1.5617673808775803,0.19116309561209904,0.28116309561209907,True,0.3570802533656322,0.6586336077483863,0.3413663922516137,w2w3w4,130.0
2025-04-10,2025-04-11,long,479.92864990234375,2025-08-21,698.4014282226562,time_exit,45.52,45.22,0.34,2025-03-26,575.2465427301113,513.0763631443914,550.6696638447509,426.48457531167446,506.6797303338837,460.0885025987295,GS,1,0.34,0.07523274457195661,0.2581005887613764,2.4583728261466256,0.3588256053192733,False,True,0.6046838042107636,0.7743017662841302,0.22569823371587075,False,1.9975024901102416,1.987512450551207,1.8975124505512069,False,0.6457712110971314,4.613304261604539,3.6133042616045397,w2--,132.0
2018-12-24,2018-12-27,long,114.71746063232422,2019-04-16,111.27593681335449,stop_loss,-3.0,-3.3,0.0,2018-12-04,138.1895906689928,121.79473386066184,129.0032448441046,111.83968954824624,119.24504962633677,108.47447765696371,HCA,0,0.0,0.0,0.10749589790587859,2.1551437808873386,0.3233044714827716,False,False,0.4396812407522696,2.0223518516564463,3.022351851656447,False,1.0468865630553588,2.7655671847232055,2.855567184723206,False,0.4314583983586126,1.6775123062823643,0.6775123062823643,---,110.0
2020-03-12,2020-03-13,long,99.29928588867188,2020-03-16,96.32030731201172,stop_loss,-3.0,-3.3,0.34,2020-02-13,144.22289193333918,117.07752437670236,133.3131545253995,105.23172836871304,116.42049449402434,96.18545683997571,HCA,1,0.34,0.11243233123125873,0.47916540529050894,1.5718312986417713,0.43736271999858545,False,True,0.5980994773720671,0.6627030063062238,0.33729699369377714,False,1.0344831801631211,2.827584099184394,2.9175840991843938,False,0.39844009570173283,1.2252067904346962,0.2252067904346962,w2--,3.0
2020-09-24,2020-09-25,long,114.79216766357422,2021-02-04,171.10977172851562,time_exit,49.06,48.76,0.33,2020-09-02,132.81803073162692,125.866676068903,132.53232835014327,113.43046789231563,119.81999377083356,108.91686408514909,HCA,1,0.33,0.2169060795385652,0.11642725379476815,4.288970428391943,0.33935956683936497,False,False,0.9588997547462653,6.777961944851956,5.777961944851955,False,2.7479335157879143,5.739667578939569,5.649667578939569,True,0.3344975685810542,0.3492817613843045,0.6507182386156956,--w4,132.0
2022-06-30,2022-07-01,long,169.4024200439453,2022-07-05,164.32034744262694,stop_loss,-3.0,-3.3,0.33,2022-05-13,212.418000765998,191.668210806519,208.90665858226865,163.66408814903446,177.74382917996584,160.51912207950005,HCA,1,0.33,0.3232621253135512,0.010071208019782155,2.512845873165966,0.46844117088490306,False,False,0.8307769769917465,4.606389440538077,3.606389440538076,False,2.1803869109800953,2.901934554900475,2.811934554900475,True,0.3112055945563323,0.03021362405934645,0.9697863759406535,--w4,4.0
2026-06-22,2026-06-23,long,386.9200134277344,2026-07-14,375.31241302490236,stop_loss,-3.0,-3.3,0.0,2026-04-09,511.1156484592265,421.3455538533789,451.4851806001516,356.176188439429,399.3800048828125,369.4100036621094,HCA,0,0.0,0.0,0.007750565466750718,2.817423621657236,0.2719529592481282,False,False,0.3357423970544574,3.784027168568518,4.784027168568518,False,1.0617009214393114,2.6914953928034424,2.7814953928034427,False,0.4533026261627816,1.9767483035997477,0.9767483035997478,---,21.0
2020-03-18,2020-03-19,long,138.32846069335938,2020-03-20,134.1786068725586,stop_loss,-3.0,-3.3,0.34,2020-03-04,205.79390630774665,176.7395764660266,192.5842853154814,158.68325152009885,176.69437886530363,120.7294331152842,HD,1,0.34,0.2562010911819865,0.0,1.814109139090495,0.45838929944361584,False,True,0.5453475931392116,0.23139672645404052,1.2313967264540415,False,1.1668152037946147,2.165923981026926,2.2559239810269265,False,0.5312854898147079,3.045006709790519,2.045006709790519,w2--,1.0
2020-03-23,2020-03-24,long,158.58023071289062,2020-04-01,153.8228237915039,stop_loss,-3.0,-3.3,0.67,2020-03-10,192.5842853154814,158.68325152009885,176.69437886530363,120.7294331152842,146.1321508554789,125.63136502141012,HD,2,0.67,0.4253658254435388,0.283615803591428,0.9029633499977926,0.6042488711002808,False,True,0.5312854898147079,0.46973746076766154,1.4697374607676625,True,1.6508330125803445,0.25416506290172214,0.16416506290172211,False,0.45390408942165156,1.9849875263239938,0.9849875263239938,w2w3-,8.0
2022-03-10,2022-03-15,long,294.5418395996094,2022-03-23,285.7055844116211,stop_loss,-3.0,-3.3,0.0,2022-01-03,372.3537720649284,306.2045316822414,333.8832666129687,266.7092409847633,295.13658232005133,276.7997598542866,HD,0,0.0,0.0,0.14525349149812675,2.289781769457686,0.3135165299723314,False,False,0.4184286133990372,2.382565874592589,3.38256587459259,False,1.01549201834503,2.9225399082748496,3.0125399082748494,False,0.42318948536191026,1.5642395255056198,0.5642395255056197,---,8.0
2025-04-09,2025-04-10,long,342.33416748046875,2025-04-21,332.0641424560547,stop_loss,-3.0,-3.3,0.0,2025-01-27,409.986312512108,363.8208448691025,385.76361456319694,334.2409706350665,360.42767299429846,315.8957741778471,HD,0,0.0,0.0,0.0,2.1892825338195254,0.32467363268538657,False,False,0.47530699491179085,1.4185255099696457,2.4185255099696468,False,1.1160429333577124,2.4197853332114376,2.5097853332114375,False,0.508256183354257,2.729536758277493,1.7295367582774934,---,11.0
2026-01-06,2026-01-07,long,344.1603698730469,2026-03-18,333.83555877685546,stop_loss,-3.0,-3.3,0.0,2025-09-17,418.0559748917175,367.14473099343314,386.3356893143601,324.6191252385153,361.1584163575677,332.9697030904707,HD,0,0.0,0.0,0.0,2.967270029288955,0.26335439830613855,False,False,0.37694931122226333,3.0856048945379086,4.0856048945379095,False,1.2122383848870082,1.9388080755649588,2.028808075564959,False,0.5920499895967719,3.8773971177639983,2.8773971177639983,---,70.0
2026-04-07,2026-04-08,long,333.6573486328125,2026-04-29,323.64762817382814,stop_loss,-3.0,-3.3,0.33,2026-02-12,392.04863778444223,364.3923712296207,388.8147067462792,317.87574869308355,334.6796970583926,312.9625874505471,HD,1,0.33,0.0040136291528285835,0.0,3.768578103052567,0.2762396534205273,False,False,0.8830669703102347,5.492660513732793,4.492660513732792,False,2.5650229365766792,4.825114682883394,4.735114682883394,True,0.23687898478446945,0.9879591125415143,1.9879591125415141,--w4,21.0
2021-11-29,2021-11-30,long,25.940000534057617,2021-12-01,25.16180051803589,stop_loss,-3.0,-3.3,0.33,2021-11-08,38.16999816894531,33.75,35.900001525878906,26.56999969482422,29.21999931335449,25.75,HOOD,1,0.33,0.21931467620821735,0.0,1.375476928228351,0.49163027558693867,False,False,0.48642588609758036,1.230069727159654,2.230069727159655,False,2.1108610172300106,2.554305086150052,2.464305086150052,True,0.2840299140895996,0.3420559713753479,1.342055971375348,--w4,1.0
2021-12-17,2021-12-20,long,18.030000686645508,2021-12-28,17.48910066604614,stop_loss,-3.0,-3.3,0.34,2021-11-26,29.21999931335449,25.75,27.559999465942383,20.57999992370605,23.739999771118164,17.075000762939453,HOOD,1,0.34,0.12211176363363944,0.010401502890300507,1.5533661395484708,0.42533582110896484,False,True,0.5216137821631541,0.6336647090990817,1.6336647090990826,False,2.0115276436434466,2.0576382182172317,1.9676382182172318,False,0.4527220708670242,1.9687954913290986,0.9687954913290985,w2--,8.0
2022-03-02,2022-03-03,long,11.380000114440918,2022-03-04,11.03860011100769,stop_loss,-3.0,-3.3,0.0,2022-02-10,14.699999809265137,12.970000267028809,14.0600004196167,9.93000030517578,12.260000228881836,11.074999809265137,HOOD,0,0.0,0.0,0.2652087096907975,2.8787330757739533,0.2928896195005379,False,False,0.6300580583847288,1.2043738709276084,0.2043738709276075,False,2.3872839348281962,3.9364196741409794,3.8464196741409795,False,0.5641646148044889,3.495405682253272,2.495405682253272,---,1.0
2022-04-13,2022-04-14,long,11.380000114440918,2022-04-18,11.03860011100769,stop_loss,-3.0,-3.3,0.0,2022-03-29,16.489999771118164,13.229999542236328,13.949999809265137,10.84000015258789,12.079999923706056,11.25,HOOD,0,0.0,0.0,0.2570146265461473,3.396740787850898,0.27786849314474127,False,False,0.2208589621098785,5.731204032035957,6.731204032035958,False,0.9539875577689639,3.2300622111551798,3.3200622111551796,False,0.39871379678639374,1.228956120361558,0.22895612036155794,---,4.0
2022-06-16,2022-06-17,long,7.190000057220459,2022-10-26,11.079999923706056,time_exit,54.1,53.8,0.34,2022-05-31,10.550000190734863,9.050000190734863,9.800000190734863,7.019999980926514,7.480000019073486,6.809999942779541,HOOD,1,0.34,2.9605947323337506e-16,0.0,1.4109547515377365,0.4261027905797988,False,True,0.5,0.9999999999999991,2.0,False,1.8533334732055664,1.2666673660278311,1.176667366027831,False,0.16546762713326724,1.96619688858538,2.96619688858538,w2--,131.0
2022-11-14,2022-11-15,long,10.149999618530272,2022-11-16,9.845499629974363,stop_loss,-3.0,-3.3,0.0,2022-11-03,12.760000228881836,11.81999969482422,12.539999961853027,8.289999961853027,10.539999961853027,9.539999961853027,HOOD,0,0.0,0.0,0.0,7.0444867174056744,0.178237879375815,False,False,0.7659572957058297,3.507750774675081,2.5077507746750802,False,4.521274026999122,14.606370134995606,14.516370134995604,False,0.5294117647058824,3.0193392425463332,2.0193392425463332,---,1.0
2024-01-25,2024-01-29,long,11.3100004196167,2024-01-30,10.970700407028199,stop_loss,-3.0,-3.3,0.34,2023-12-27,13.510000228881836,11.550000190734863,12.579999923706056,10.380000114440918,11.300000190734863,10.619999885559082,HOOD,1,0.34,0.14412461929140852,0.1681192277795558,1.4836747188753685,0.44459543862069545,False,True,0.5255100576145793,0.5676261421257744,1.5676261421257753,False,1.1224488604322003,2.3877556978389984,2.4777556978389983,False,0.4181818891162773,1.4956423166613326,0.4956423166613326,w2--,1.0
2024-08-05,2024-08-06,long,17.209999084472656,2024-08-08,16.693699111938475,stop_loss,-3.0,-3.3,0.67,2024-07-17,24.8799991607666,22.65999984741211,24.020000457763672,20.6299991607666,21.98500061035156,13.979999542236328,HOOD,2,0.67,0.2421480656843615,0.7370994757560814,0.8386980047731593,0.5675057416199526,False,True,0.6126130770268378,0.9086962207938614,0.09130377920613957,True,1.5270280835693892,0.36485958215305414,0.45485958215305416,False,0.39970528943019706,1.2425382113725625,0.2425382113725624,w2w3-,2.0
2025-03-13,2025-03-14,long,39.2400016784668,2025-04-03,38.062801628112794,stop_loss,-3.0,-3.3,0.67,2025-02-27,52.93000030517578,42.13999938964844,48.790000915527344,35.22999954223633,39.67100143432617,35.90999984741211,HOOD,2,0.67,0.2583639003029798,0.4083027663636865,0.9804374245765043,0.5577137720877928,False,True,0.6163114885661618,0.9713811621383367,0.02861883786166426,False,1.2567192050723095,1.7164039746384523,1.8064039746384524,True,0.32750748099754884,0.25352713695272383,0.7464728630472762,w2-w4,20.0
2026-02-05,2026-02-06,long,82.81999969482422,2026-02-11,80.33539970397949,stop_loss,-3.0,-3.3,0.33,2026-01-06,124.3499984741211,113.87000274658205,120.87999725341795,104.4499969482422,111.45999908447266,71.87000274658203,HOOD,1,0.33,0.27958126643147424,0.4247966635061167,1.2118700031605503,0.5311178170745127,False,False,0.6688928783067378,1.8625911577413201,0.8625911577413192,True,1.5677487598588846,0.16125620070557728,0.2512562007055773,False,0.426658673525537,1.6117626510347531,0.6117626510347531,-w3-,5.0
2026-07-24,2026-07-27,long,95.6500015258789,2026-07-28,92.78050148010254,stop_loss,-3.0,-3.3,0.0,2026-07-10,119.43000030517578,108.83999633789062,116.5999984741211,96.58999633789062,108.20999908447266,93.02999877929688,HOOD,0,0.0,0.0,0.0,2.704946203031185,0.29127010640801754,False,False,0.7327666883036887,2.945198106842183,1.9451981068421822,False,1.8895179074574242,1.4475895372871201,1.35758953728712,False,0.5807097204423904,3.7220509649642524,2.7220509649642524,---,1.0
2017-06-30,2017-07-06,long,16.931106567382812,2017-11-10,17.99207305908203,time_exit,6.27,5.97,0.33,2017-05-22,21.163881559848928,19.73818132258622,20.912725242807163,16.074209974227692,17.322615297330856,16.34753425071483,HWM,1,0.33,0.10052115626410314,0.0,4.71869973769243,0.29042645565053,False,False,0.8238365187313313,4.488754554768329,3.4887545547683283,False,3.393781625420255,8.96890812710127,8.87890812710127,True,0.2580141332218386,0.6984365312076906,1.6984365312076906,--w4,127.0
2018-06-25,2018-06-27,long,12.657413482666016,2018-11-02,15.88316822052002,time_exit,25.49,25.19,0.33,2018-03-12,18.77178988815592,16.250541091611662,17.90162397238155,12.433520542949456,14.1276450877614,12.29172142784441,HWM,1,0.33,0.3295917631458503,0.12878621864518056,1.4933761744126473,0.5433382773485523,False,False,0.6548670972229875,1.6248660546269083,0.6248660546269074,False,2.168807551609717,2.8440377580485845,2.754037758048584,True,0.3098194038710588,0.011224710562448998,0.988775289437551,--w4,128.0
2018-12-31,2019-01-02,long,13.931549072265623,2019-01-03,13.513602600097654,stop_loss,-3.0,-3.3,0.67,2018-12-03,16.318530650783188,14.622125222611698,15.515364471766532,11.732225621231002,12.955743842319016,12.272679631021248,HWM,2,0.67,0.4175081232288848,0.06581512214426022,1.2993105763879018,0.5737324128425416,False,True,0.5265482144310466,0.5500302638805651,1.550030263880566,False,2.230091219770072,3.1504560988503596,3.0604560988503593,True,0.323413511749593,0.19744536643278066,0.8025546335672193,w2-w4,1.0
2020-03-18,2020-03-19,long,11.972930908203123,2020-03-20,11.61374298095703,stop_loss,-3.0,-3.3,0.33,2020-02-19,25.88721484578443,21.679692535762022,23.182920650372388,17.260661505748562,18.514608212712723,10.295964135028656,HWM,1,0.33,0.012567931217253858,0.0,1.9046086330182697,0.38821279347135645,False,False,0.3572715731131464,3.419125879438196,4.419125879438197,True,1.4075407587303523,0.9622962063482384,1.0522962063482384,False,0.2117345216314086,1.332403813268375,2.332403813268375,-w3-,1.0
2023-03-24,2023-03-29,long,41.39543151855469,2023-08-08,50.08573532104492,time_exit,20.99,20.69,0.0,2023-02-28,43.93004420967369,41.52414466373109,43.74193303044912,37.79151984345096,40.92019881457138,38.850915119279705,HWM,0,0.0,0.0,0.0,4.495137637956845,0.19270858308665761,False,False,0.9218125380414122,6.14936505154936,5.149365051549359,False,2.473259200299184,4.366296001495918,4.276296001495918,False,0.5257918858402438,2.9697518608252578,1.9697518608252576,---,132.0
2020-03-23,2020-03-24,long,77.1436996459961,2020-07-31,91.11904907226562,time_exit,18.12,17.82,0.0,2020-03-03,99.53787450320328,84.66206681922542,89.64993599421939,69.47904021548413,78.54789390285055,66.23181062133027,IBM,0,0.0,0.0,0.024653245494191494,2.3125961362076777,0.33362129783492245,False,False,0.3353007299473364,3.7915130517400604,4.791513051740061,False,1.3559529813268905,1.2202350933655477,1.3102350933655478,False,0.4496009392367721,1.9260402635174256,0.9260402635174255,---,129.0
2025-04-10,2025-04-11,long,226.4650115966797,2025-04-24,219.6710612487793,stop_loss,-3.0,-3.3,0.0,2025-03-17,244.88188386427177,228.138405866744,244.58374572635836,206.2881914759746,227.2536183166881,213.5202999067168,IBM,0,0.0,0.0,0.0,4.6251212755541,0.1940549755718133,False,False,0.9821937749159743,7.172775846033463,6.1727758460334625,False,2.287192317870768,3.4359615893538384,3.3459615893538386,False,0.5474637265630747,3.266626391274996,2.266626391274996,---,13.0
2026-03-02,2026-03-03,long,241.7537078857422,2026-03-27,234.5010966491699,stop_loss,-3.0,-3.3,0.67,2026-02-02,310.3185271019021,273.39077006097057,293.9029224628892,217.5467979560888,243.93194305535664,230.41904894374176,IBM,2,0.67,0.4797944209744782,0.16691209689700112,0.9663993830596002,0.6364568810010861,False,True,0.5554670536632518,0.05988044638556214,1.0598804463855631,False,2.0677162824204474,2.3385814121022355,2.2485814121022356,True,0.34555374922044324,0.5007362906910032,0.4992637093089967,w2-w4,24.0
2026-07-23,2026-07-24,long,212.6644592285156,2026-09-01,231.3999938964844,time_exit,8.81,8.51,0.34,2026-07-07,309.5792143346339,282.41411049944656,296.6420204031095,202.9838955488273,215.6232225542057,197.7712880809621,IBM,1,0.34,0.1342196348262306,0.0,4.07341573730664,0.3397326657126946,False,True,0.5237568753642428,0.5973410955213082,1.5973410955213092,False,3.447736678001045,9.238683390005221,9.148683390005221,False,0.13495174097328225,2.3842227263933937,3.3842227263933937,w2--,39.0
2022-10-13,2022-10-14,long,85.80450439453125,2023-02-24,97.91848754882812,time_exit,14.12,13.82,0.33,2022-08-18,107.21016898604864,93.93571156252736,98.75245970758309,85.96631266671244,90.29699855722454,84.32922261837516,ICE,1,0.33,0.19771050686734878,0.13562282646598456,2.3050770817678576,0.39368414590575496,False,False,0.3628583821829758,3.3244342002885454,4.324434200288546,False,0.9632142868765852,3.1839285656170735,3.273928565617074,True,0.3387013989960506,0.4068684793979537,0.5931315206020463,--w4,133.0
2026-06-29,2026-07-01,long,126.7300033569336,2026-09-01,159.60000610351562,time_exit,25.94,25.64,0.33,2026-04-16,165.2761696632198,151.93570831804303,160.40425674364525,136.1642863550572,143.95534844006747,121.79000091552734,ICE,1,0.33,0.2766491096402701,0.29671499814678687,0.8466534492393398,0.5906426848470653,False,False,0.6348017663320176,1.2847757005426717,0.2847757005426708,False,1.8170263952192318,1.0851319760961582,0.9951319760961582,True,0.32141384498878084,0.1700526710791896,0.8299473289208104,--w4,62.0
2020-03-09,2020-03-10,long,47.84980773925781,2020-03-11,46.414313507080074,stop_loss,-3.0,-3.3,0.33,2020-01-24,61.12014657781712,56.16278604183462,60.35740994000648,47.512961410478255,52.31745200267572,44.32179481774299,INTC,1,0.33,0.03629261753343882,0.2970407157998945,3.570946107754141,0.28905524340472927,False,False,0.8461405757611548,4.8667894196805905,3.866789419680589,False,2.59098535123643,4.954926756182148,4.864926756182148,True,0.3740519167601769,0.8911221473996835,0.10887785260031643,--w4,1.0
2022-09-30,2022-10-03,long,25.660005569458008,2022-10-07,24.890205402374267,stop_loss,-3.0,-3.3,0.33,2022-08-01,35.50091271559671,32.72911810071788,34.803223048007354,28.45720352355757,30.31248897147305,24.489751800272444,INTC,1,0.33,0.257325104557018,0.0,2.2946048325739796,0.42559582361282167,False,False,0.7482895508043049,3.2082974712594066,2.2082974712594057,False,2.2894984680267174,3.4474923401335853,3.3574923401335854,True,0.29235419789798694,0.22802468632894587,1.228024686328946,--w4,4.0
2024-12-20,2024-12-23,long,20.200000762939453,2025-01-10,19.594000740051268,stop_loss,-3.0,-3.3,0.0,2024-11-25,25.56999969482422,23.059999465942383,25.479999542236328,19.8700008392334,21.100000381469727,18.899999618530277,INTC,0,0.0,0.0,0.0,3.7571887084812983,0.27172140833059943,False,False,0.9641433687725263,6.866836758856379,5.866836758856378,False,2.2350590404137503,3.17529520206875,3.0852952020687496,False,0.21925130599013007,1.229434164518766,2.229434164518766,---,18.0
2025-03-11,2025-03-12,long,20.68000030517578,2025-04-04,20.059600296020506,stop_loss,-3.0,-3.3,0.66,2025-02-21,26.290000915527344,22.770000457763672,25.040000915527344,20.0,21.200000762939453,19.290000915527344,INTC,2,0.66,0.06259821714639864,0.2044631390750555,1.089302403292259,0.48590195674993747,False,False,0.6448864098176423,1.455701861315973,0.45570186131597196,True,1.4318182557082277,0.8409087214588614,0.9309087214588615,True,0.23809534622155817,0.9712966271019426,1.9712966271019428,-w3w4,23.0
2025-04-11,2025-04-14,long,20.309999465942383,2025-04-16,19.70069948196411,stop_loss,-3.0,-3.3,0.34,2025-03-18,26.40999984741211,23.489999771118164,24.989999771118164,17.670000076293945,21.729999542236328,18.18000030517578,INTC,1,0.34,0.0773933147742164,0.0,2.889020826110928,0.32515225914884766,False,True,0.5136986167150362,0.7678200556773508,1.7678200556773518,False,2.5068491450571257,4.5342457252856265,4.444245725285627,False,0.5546447589079959,3.364996697369807,2.364996697369807,w2--,2.0
2025-11-21,2025-11-24,long,35.790000915527344,2025-11-25,34.716300888061525,stop_loss,-3.0,-3.3,0.0,2025-11-06,39.84000015258789,36.970001220703125,39.52999877929688,33.56999969482422,36.68000030517578,32.88999938964844,INTC,0,0.0,0.0,0.0,3.6474455971560045,0.23383318197540356,False,False,0.8919855440198974,5.643822779998262,4.643822779998261,False,2.0766555061254515,2.383277530627256,2.293277530627256,False,0.5218122631015023,2.915236480842497,1.915236480842497,---,1.0
2025-12-24,2025-12-29,long,36.68000030517578,2026-05-08,124.91999816894533,time_exit,240.57,240.27,0.33,2025-12-03,44.02000045776367,40.13999938964844,42.83000183105469,35.66999816894531,37.900001525878906,34.95000076293945,INTC,1,0.33,0.32213322596407684,0.011200107369256437,1.1788892560421649,0.5739305225401927,False,False,0.6932994074439668,2.276261143118082,1.2762611431180813,False,1.8453612605801288,1.2268063029006433,1.1368063029006432,True,0.31145282351386716,0.033600322107769365,0.9663996778922307,--w4,130.0
2026-07-13,2026-07-14,long,107.76000213623048,2026-07-15,104.52720207214357,stop_loss,-3.0,-3.3,0.0,2026-06-30,142.35000610351562,117.62999725341795,127.3000030517578,104.41000366210938,116.7699966430664,101.79000091552734,INTC,0,0.0,0.0,0.0,3.1261840772113754,0.24303247467157174,False,False,0.39118132428587854,2.844384334137651,3.844384334137652,False,0.9259705175857161,3.3701474120714185,3.460147412071419,False,0.5399734954360291,3.164020485425056,2.164020485425056,---,1.0
2020-03-27,2020-03-30,long,227.2694091796875,2020-03-31,220.45132690429688,stop_loss,-3.0,-3.3,0.0,2020-03-05,277.07686631784884,238.67829751257804,257.8774792866745,179.1805598175685,238.36320585709583,216.41435965048035,INTU,0,0.0,0.0,0.0,3.1054537224362875,0.3164644963356262,False,False,0.499997327282184,1.0000453003019654,2.0000453003019665,False,2.049475329880097,2.2473766494004845,2.1573766494004847,False,0.7520325628852682,6.068939217606413,5.068939217606413,---,1.0
2022-01-18,2022-01-20,long,526.373046875,2022-01-21,510.58185546875,stop_loss,-3.0,-3.3,0.0,2021-12-13,660.3843656173499,578.5206086609497,636.0278525413578,525.6385663893409,569.8171204562344,518.1482347092101,INTU,0,0.0,0.0,0.2501968010560184,1.6463110709325273,0.39295838204010924,False,False,0.7024750148107161,2.431779912046036,1.431779912046035,False,1.3484512592160798,1.257743703919601,1.3477437039196012,False,0.400206900568732,1.2494095968319447,0.24940959683194486,---,1.0
2022-05-02,2022-05-04,long,433.5084228515625,2022-05-05,420.5031701660156,stop_loss,-3.0,-3.3,0.33,2022-04-04,490.6997198129337,445.0836461878882,476.5282683194452,402.7703386925949,433.5955738114369,399.93460395956265,INTU,1,0.33,0.3051191621209068,0.5008426900787558,1.2619249905419956,0.5449500818687044,False,False,0.6893320628606739,2.209018014587695,1.209018014587694,True,1.616928502727456,0.08464251363727968,0.005357486362720374,False,0.4179243543682739,1.4921144434010123,0.4921144434010123,-w3-,1.0
2022-09-30,2022-10-04,long,399.4148864746094,2022-10-07,387.4324398803711,stop_loss,-3.0,-3.3,0.33,2022-08-24,472.88800832764326,401.08232492147465,445.9281952338362,374.5586867272109,399.405223606553,375.1792153135581,INTU,1,0.33,0.1546146752409389,0.47507539524158976,1.5591525517784603,0.45760550762006175,False,False,0.6245448575245924,1.1109297885524152,0.11092978855241424,False,0.9939256214988433,3.0303718925057828,3.1203718925057826,True,0.3481393861222344,0.5361559742771833,0.4638440257228167,--w4,3.0
2026-02-04,2026-02-05,long,431.6580200195313,2026-02-10,418.7082794189454,stop_loss,-3.0,-3.3,0.33,2025-12-12,674.8635760252013,613.9355468901341,651.6910914089124,516.7965829671302,565.1225406936037,408.03596472990506,INTU,1,0.33,0.10844748597106764,0.548758865165182,1.5910087793365246,0.44528067669525645,False,False,0.6196744758488838,1.028380946591252,0.028380946591250938,False,2.2139975698663052,3.069987849331525,2.9799878493315246,True,0.3582500005723362,0.6746575420867971,0.3253424579132029,--w4,5.0
2018-02-09,2018-02-12,long,132.836669921875,2018-06-21,162.36000061035156,time_exit,22.23,21.93,0.33,2018-01-25,150.6666717529297,139.0,148.63333129882812,128.50332641601562,136.9600067138672,126.66666412353516,ISRG,1,0.33,0.12428627045276304,0.31363220077185244,2.223225151462598,0.39741070451266336,False,False,0.8257137513454976,4.520572056703351,3.52057205670335,True,1.7254282377283423,0.6271411886417109,0.5371411886417108,False,0.42010324126011944,1.5219622090427318,0.5219622090427319,-w3-,129.0
2020-03-23,2020-03-24,long,143.96665954589844,2020-07-31,228.47999572753903,time_exit,58.7,58.4,0.0,2020-03-04,194.5733337402344,167.0,179.64666748046875,122.6866683959961,144.80332946777344,120.16666412353516,ISRG,0,0.0,0.0,0.3046388856345526,1.7052178336729453,0.38334715696502303,False,False,0.4586557287418246,1.700750360308057,2.700750360308058,False,2.065763959522888,2.328819797614438,2.238819797614438,False,0.388284084046033,1.0860833430963421,0.08608334309634216,---,129.0
2022-05-20,2022-05-25,long,222.5800018310547,2022-06-01,215.90260177612305,stop_loss,-3.0,-3.3,0.0,2022-04-04,308.9700012207031,273.4100036621094,308.0,206.6000061035156,226.2899932861328,212.91000366210935,ISRG,0,0.0,0.0,0.0,4.947563531048286,0.21708952283779157,False,False,0.9727221235292604,7.012239381851872,6.012239381851871,False,2.851518584313827,6.257592921569133,6.167592921569133,False,0.19418134485015862,1.5728582897238543,2.5728582897238543,---,7.0
2022-06-16,2022-06-21,long,194.32000732421875,2022-09-23,188.4904071044922,stop_loss,-3.0,-3.3,0.33,2022-05-31,230.0,212.1999969482422,227.33999633789065,188.80999755859372,200.1499938964844,186.8300018310547,ISRG,1,0.33,0.26628324926946156,0.0,2.6553013648059562,0.42080306807502454,False,False,0.8505616176371014,4.941722332832228,3.9417223328322266,False,2.1646063018788055,2.8230315093940264,2.733031509394026,True,0.2943160315900121,0.20115025219161536,1.2011502521916153,--w4,94.0
2023-03-13,2023-03-14,long,235.27999877929688,2023-07-24,323.5599975585937,time_exit,37.52,37.22,0.33,2023-01-09,273.5799865722656,238.83999633789065,261.95001220703125,224.47999572753903,236.77999877929688,222.6499938964844,ISRG,1,0.33,0.24537649697746025,0.15446504332544134,1.5571410582605891,0.4751784306667692,False,False,0.6652280473663864,1.8004753790912962,0.8004753790912952,False,1.0785845426754295,2.6070772866228524,2.6970772866228523,True,0.3282625471619362,0.2638705090676192,0.7361294909323808,--w4,132.0
2023-10-20,2023-10-23,long,272.5899963378906,2023-10-26,264.4122964477539,stop_loss,-3.0,-3.3,0.0,2023-08-31,321.3099975585937,283.739990234375,301.07000732421875,265.5,279.6199951171875,256.7200012207031,ISRG,0,0.0,0.0,0.2650067832366195,2.04251502142457,0.35479038999466495,False,False,0.4612726566777199,1.6563956495301706,2.6563956495301717,False,0.9467660471093204,3.266169764453397,3.356169764453397,False,0.39696351447118033,1.2049796502901415,0.20497965029014145,---,3.0
2025-03-13,2025-03-20,long,491.80999755859375,2025-04-04,477.0556976318359,stop_loss,-3.0,-3.3,0.0,2025-02-26,586.739990234375,556.75,584.9000244140625,476.3699951171875,519.510009765625,474.3699951171875,ISRG,0,0.0,0.0,0.2625853507200591,5.913773369340828,0.22555662818087804,False,False,0.9386473351297226,6.434700595419029,5.434700595419028,False,3.618875112952727,10.09437556476363,10.004375564763631,False,0.39749380819230706,1.2122439478398226,0.21224394783982267,---,15.0
2026-07-23,2026-07-27,long,356.8299865722656,2026-09-01,369.25,time_exit,3.48,3.18,0.33,2026-07-07,443.8399963378906,378.5,405.5,342.1000061035156,362.8500061035156,328.57000732421875,ISRG,1,0.33,0.24983060386313513,0.08350272947019821,1.956585486420124,0.4429490154359572,False,False,0.41322316365577627,2.470793836342774,3.470793836342775,False,0.9703091130985992,3.1484544345070034,3.238454434507003,True,0.3272870977539734,0.2505081884105947,0.7494918115894054,--w4,36.0
2020-03-18,2020-03-19,long,23.1077938079834,2020-03-20,22.414559993743897,stop_loss,-3.0,-3.3,0.67,2020-02-21,37.46746899169765,31.256573725947597,34.68265131181834,26.811418533325195,29.106245878544705,21.229400681354424,JCI,2,0.67,0.5452950637626482,0.0,0.6758272700016396,0.6904594511534761,False,True,0.5516237900136279,0.12502050824359334,1.1250205082435942,False,1.2673265997414274,1.6633670012928632,1.753367001292863,True,0.2915461160658023,0.23909430046846192,1.239094300468462,w2-w4,1.0
2022-01-28,2022-02-02,long,66.42460632324219,2022-02-03,64.43186813354492,stop_loss,-3.0,-3.3,0.0,2021-12-31,75.10424819263112,70.13526755339142,74.39700889215813,64.78052002362293,69.06982562508723,64.70703890789498,JCI,0,0.0,0.0,0.040928955818868684,2.8719742229338316,0.29537827752820617,False,False,0.8576691374307296,5.0621887700123676,4.062188770012367,False,1.935304153249147,1.6765207662457342,1.5865207662457343,False,0.44603655867566777,1.8772131325433938,0.877213132543394,---,1.0
2022-02-24,2022-02-25,long,60.09626388549805,2022-03-01,58.293375968933105,stop_loss,-3.0,-3.3,0.33,2022-01-26,69.06982562508723,64.70703890789498,68.61059057760883,60.78511706645866,64.48660664253046,56.75298488104143,JCI,1,0.33,0.01052178404204518,0.040521784042045206,2.96851933624642,0.321831397071311,False,False,0.8947381393482489,5.690476938105914,4.690476938105913,True,1.793686929574773,0.9684346478738645,0.8784346478738644,False,0.47300518886144227,2.246646422759483,1.246646422759483,-w3-,4.0
2022-05-10,2022-05-11,long,47.1243782043457,2022-05-12,45.710646858215334,stop_loss,-3.0,-3.3,0.33,2022-03-29,62.78632324235888,56.69146676561526,61.51194668528411,47.83544282723607,51.59394409987709,46.30249866057044,JCI,1,0.33,0.17723506070508965,0.0,2.53955797495559,0.3736191601784576,False,False,0.7909095050986907,3.930669577943912,2.930669577943911,False,2.2439419058076258,3.2197095290381275,3.129709529038127,True,0.27481447829441463,0.468294817884731,1.468294817884731,--w4,1.0
2023-03-24,2023-03-30,long,56.32296752929688,2023-04-04,54.633278503417976,stop_loss,-3.0,-3.3,0.34,2023-01-31,65.55082126429568,58.46831098225245,62.1602539600553,53.89721921365533,57.374766869169,54.153062873101234,JCI,1,0.34,0.12020366744640432,0.15590872869309255,1.4460848622370517,0.44022743306511886,False,True,0.5212760491380135,0.639388997660787,1.639388997660788,False,1.166681644974071,2.1665917751296453,2.256591775129645,False,0.42085598841621275,1.5322738139207224,0.5322738139207224,w2--,5.0
2020-03-12,2020-03-13,long,87.38786315917969,2020-03-16,84.7662272644043,stop_loss,-3.0,-3.3,0.33,2020-02-12,117.14230544488132,94.7465924901324,103.40043237290232,78.21261662097521,85.17606499682735,72.59476454225042,JPM,1,0.33,0.18475336034772394,0.0,1.915901296271971,0.4141985641218497,False,False,0.3864060903198398,2.925320503053562,3.925320503053563,False,1.1246713066388956,2.376643466805522,2.4666434668055217,True,0.27646098591615154,0.4457399189568282,1.445739918956828,--w4,3.0
2018-10-24,2018-10-25,long,21.46239280700684,2018-10-26,20.818521022796634,stop_loss,-3.0,-3.3,0.0,2018-09-21,26.227754199306897,24.70320181856453,25.96301692905196,21.9644927460484,23.525553506249004,20.08390350437358,KKR,0,0.0,0.0,0.29493500823913105,3.586776442915689,0.2723740146126147,False,False,0.8263508203463462,4.531369836378751,3.5313698363787496,False,2.622752903417142,5.113764517085709,5.023764517085708,False,0.3904092331956303,1.115194975282607,0.11519497528260692,---,1.0
2018-12-06,2018-12-07,long,19.26903533935547,2018-12-10,18.690964279174803,stop_loss,-3.0,-3.3,0.0,2018-11-02,23.25130189710262,21.774008166375097,22.88427018506943,18.736843185847736,21.75565546893407,19.085515313202325,KKR,0,0.0,0.0,0.0,5.012951127496926,0.1750190223504858,False,False,0.7515512965370537,3.263581297238199,2.263581297238198,False,2.80744913009223,6.037245650461148,5.947245650461148,False,0.7278759297397747,5.738026434791433,4.738026434791433,---,3.0
2019-01-03,2019-01-04,long,18.35146141052246,2019-05-15,22.451847076416016,time_exit,22.34,22.04,0.0,2018-12-07,20.058148775199825,18.590034601923133,19.81957818838436,16.79158322654038,18.434043929978436,17.048509531166168,KKR,0,0.0,0.0,0.0,3.410150985008249,0.2383101532207396,False,False,0.8374986147821191,4.720315504781681,3.7203155047816794,False,2.062506456896183,2.312532284480914,2.222532284480914,False,0.5424251771006371,3.1976051657621514,2.1976051657621514,---,131.0
2020-03-12,2020-03-13,long,23.81357955932617,2020-03-16,23.099172172546382,stop_loss,-3.0,-3.3,0.67,2020-02-12,32.07083245084949,25.081765263583492,28.867512279271864,21.21146358766117,24.114183311898053,19.924497161671724,KKR,2,0.67,0.2484628731473079,0.3202772071596407,1.2591502587930243,0.5222595697464731,False,True,0.5416669942143298,0.2937797590791542,1.293779759079155,False,1.0954321208358007,2.5228393958209963,2.6128393958209966,True,0.3791407083679613,0.9608316214789221,0.03916837852107787,w2-w4,3.0
2022-03-01,2022-03-02,long,57.90055084228516,2022-03-03,56.163534317016605,stop_loss,-3.0,-3.3,0.67,2022-02-02,70.41772086080324,61.944523488515465,66.57499399218612,53.06668558908584,58.87310432527492,55.33918553305734,KKR,2,0.67,0.5863569273010437,0.4086163097397691,0.6320930803488514,0.7245328934340033,False,True,0.5464844379543141,0.21212817026586145,1.2121281702658624,True,1.5942397904337986,0.028801047831007443,0.11880104783100749,False,0.42984055167532703,1.6553500229496851,0.6553500229496853,w2w3-,1.0
2022-04-18,2022-04-19,long,54.33774948120117,2022-04-21,52.70761699676513,stop_loss,-3.0,-3.3,0.0,2022-03-29,59.9804649619277,56.2828460505404,59.23901792392968,52.33485629498576,56.16729230339629,51.88229012662523,KKR,0,0.0,0.0,0.0,2.9276639319920594,0.28462450840235604,False,False,0.7994798664311679,4.075929939511321,3.0759299395113198,False,1.8671912369556656,1.335956184778327,1.245956184778327,False,0.5550907140331167,3.37110567168653,2.37110567168653,---,2.0
2023-03-17,2023-03-21,long,49.71438980102539,2023-03-24,48.222958106994625,stop_loss,-3.0,-3.3,0.34,2023-02-14,57.9398105386236,52.72473550614948,55.91042299649227,46.37282225286431,51.078312166626034,46.236428034727695,KKR,1,0.34,0.040331663976197175,0.29300166935713584,1.5162574595226166,0.4274016621514169,False,True,0.610861295476213,0.8790050080714085,0.12099499192859245,False,1.828852065260347,1.1442603263017344,1.0542603263017343,False,0.4933620142262136,2.5255070441947067,1.5255070441947067,w2--,3.0
2025-03-10,2025-03-11,long,110.98468017578124,2025-03-13,107.6551397705078,stop_loss,-3.0,-3.3,0.0,2025-01-31,168.4776617188539,145.26255749164,153.85450537980225,125.88359889711508,137.47607663420916,104.23313216239534,KKR,0,0.0,0.0,0.18517033948094444,2.2072885884021534,0.32771284150461294,False,False,0.37010162883913905,3.201667307811202,4.201667307811203,False,1.2048581048323816,1.9757094758380915,2.0657094758380916,False,0.4144476956536732,1.4444889815571667,0.44448898155716665,---,2.0
2025-03-13,2025-03-14,long,112.1726303100586,2025-04-03,108.80745140075683,stop_loss,-3.0,-3.3,0.33,2025-02-06,153.85450537980225,125.88359889711508,137.47607663420916,104.23313216239534,116.21167535564476,106.50014032524564,KKR,1,0.33,0.09893424853826231,0.23439908479507107,1.736940578696261,0.4013461010383963,False,False,0.4144476956536732,2.450039056717403,3.450039056717404,False,1.1884829150027665,2.057585424986167,2.1475854249861674,True,0.36033339957012056,0.7031972543852131,0.29680274561478687,--w4,20.0
2026-02-12,2026-02-17,long,102.15504455566406,2026-02-19,99.09039321899414,stop_loss,-3.0,-3.3,0.33,2026-01-12,135.24972819140964,125.515175967991,133.7084951451336,96.81860388070744,108.90974421449714,97.92231412694474,KKR,1,0.33,0.24765766999702313,0.0856756633363102,5.332008316806401,0.35063457486616656,False,False,0.8416739660024369,4.791084169532831,3.7910841695328297,False,3.789582758175489,10.94791379087744,10.857913790877438,True,0.32776297027065193,0.2570269900089306,0.7429730099910694,--w4,2.0
2026-03-02,2026-03-03,long,90.20125579833984,2026-03-09,87.49521812438965,stop_loss,-3.0,-3.3,0.0,2026-02-18,105.00402282194035,98.53901738594826,103.86841705011012,90.64951883484832,97.66241268561872,84.19447560144309,KKR,0,0.0,0.0,0.0,3.2517779717283593,0.24666482120303798,False,False,0.8243457359667383,4.497385355368447,3.4973853553684466,False,2.0446847796398298,2.2234238981991474,2.1334238981991476,False,0.5305203002980763,3.0345246616174832,2.0345246616174832,---,6.0
2018-04-04,2018-04-05,long,9.63027572631836,2018-04-06,9.341367454528807,stop_loss,-3.0,-3.3,0.33,2018-03-13,10.981225930837509,9.837566545743163,10.61358903302952,9.306048041122628,9.791501247320678,9.180253766954662,KLAC,1,0.33,0.04898683550087849,0.28434649783245486,1.720906376426966,0.39155232247978894,False,False,0.6785433647469601,2.0261587245247483,1.0261587245247474,False,1.1432958177482428,2.2835209112587855,2.3735209112587854,True,0.3712718830253076,0.8530394934973645,0.14696050650263548,--w4,1.0
2018-10-16,2018-10-17,long,8.422101020812988,2018-10-19,8.169437990188598,stop_loss,-3.0,-3.3,0.66,2018-07-31,10.916742634918936,9.727341697761188,10.709412320873938,9.003805590902514,9.65013752558147,8.159975256908725,KLAC,2,0.66,0.0706224248337552,0.346060457523326,2.102739681092355,0.41276540218822316,False,False,0.8256850927489214,4.520086317778331,3.5200863177783295,True,1.4340048647071244,0.8299756764643782,0.9199756764643782,True,0.378945464579508,0.9581570490343562,0.041842950965643826,-w3w4,2.0
2020-09-17,2020-09-18,long,16.82930564880371,2021-01-28,27.480928421020508,time_exit,63.29,62.99,0.33,2020-08-17,20.55421536120517,19.00632003547872,20.328510730393692,16.10989908002734,17.415173372780448,16.428697428461252,KLAC,1,0.33,0.3314680474286215,0.0018652859047117998,3.545226137972138,0.4373046165835073,False,False,0.8541861151331073,5.00315449378148,4.003154493781479,False,2.7253856124841604,5.6269280624208,5.5369280624208,True,0.3094084976131319,0.005595857714135427,0.9944041422858646,--w4,132.0
2021-03-12,2021-03-16,long,28.583080291748047,2021-03-17,27.725587882995605,stop_loss,-3.0,-3.3,0.0,2021-02-24,31.11811880963492,28.633257521588416,30.924069947895998,25.8653470357296,28.584977164284084,27.07039131809213,KLAC,0,0.0,0.0,0.0,3.820577346681281,0.23214325833172458,False,False,0.9219075677695163,6.150975724907058,5.150975724907057,False,2.0358170238723283,2.1790851193616403,2.0890851193616404,False,0.5376119972915857,3.131671195775146,2.131671195775146,---,1.0
2022-10-17,2022-10-20,long,26.706771850585938,2023-03-02,36.71654510498047,time_exit,37.48,37.18,0.67,2022-09-09,34.971107755346246,29.13343062628257,32.28702559429994,24.1219988228198,27.08277156408031,25.250001732253526,KLAC,2,0.67,0.3157073114936804,0.24482381558570276,0.6864971067587337,0.6111293295033912,False,True,0.5402140094930508,0.3184066187618505,1.3184066187618515,False,1.3986773490485516,1.0066132547572422,1.0966132547572423,True,0.3626164156132689,0.7344714467571083,0.26552855324289176,w2-w4,133.0
2026-08-03,2026-08-04,long,195.22933959960935,2026-08-06,189.37245941162107,stop_loss,-3.0,-3.3,0.0,2026-07-16,228.53169284545743,204.3490369241306,220.75049558101085,169.61828789918977,189.78548807591037,174.40289288417534,KLAC,0,0.0,0.0,0.27665361562713736,1.921002838737655,0.35726618105281255,False,False,0.6782323128708007,2.020886658827131,1.02088665882713,False,2.1144165408534494,2.572082704267246,2.482082704267246,False,0.3944128581776569,1.1700391531185879,0.17003915311858786,---,2.0
2020-03-16,2020-03-17,long,39.06969451904297,2020-03-18,37.89760368347168,stop_loss,-3.0,-3.3,0.66,2020-02-21,49.360687255859375,42.3420016724164,48.4330669519532,38.32781058241122,41.040574838712445,34.09282725208696,KO,2,0.66,0.21445186267235508,0.03627464867500892,2.197048754636056,0.4528279108000257,False,False,0.8678356092635887,5.234501851925233,4.234501851925232,True,1.4397647892050054,0.8011760539749733,0.8911760539749732,True,0.2684508098654188,0.5554683580079615,1.5554683580079616,-w3w4,1.0
2020-03-12,2020-03-13,long,161.67156982421875,2020-03-16,156.82142272949218,stop_loss,-3.0,-3.3,0.33,2020-02-13,207.72957321033516,169.5295744371819,187.58112808577883,153.44599298582875,161.81812632508718,143.80981564405326,LIN,1,0.33,0.042303184314575026,0.0,1.9567769756757896,0.3867253140869306,False,False,0.47255377561120376,1.4651902438779014,2.4651902438779025,False,0.8935899527813613,3.5320502360931925,3.6220502360931928,True,0.24526439736489192,0.8730904470562749,1.873090447056275,--w4,3.0
2022-02-14,2022-02-15,long,234.7525177001953,2022-02-24,227.70994216918945,stop_loss,-3.0,-3.3,0.0,2021-12-16,272.183368816711,249.6052357712392,269.0675062024084,223.07717019725828,241.48480310596037,223.22858635880792,LLY,0,0.0,0.0,0.24999990839441977,2.856746902595887,0.30714333312140357,False,False,0.8619964454976287,5.13553297453608,4.135532974536079,False,2.0369414916869686,2.1847074584348416,2.0947074584348417,False,0.4002500200616221,1.2500002748167407,0.2500002748167407,---,9.0
2024-11-06,2024-11-08,long,820.0570068359375,2024-11-14,795.4552966308594,stop_loss,-3.0,-3.3,0.0,2024-09-13,929.3368346090944,846.9504514469837,924.060630535294,758.3807381950567,841.7136981902922,757.0099009514689,LLY,0,0.0,0.0,0.0,3.7004566758578377,0.2453646222807951,False,False,0.935957814006491,6.389115491635443,5.389115491635441,False,2.0110106304124447,2.055053152062222,1.965053152062222,False,0.5029757010229369,2.6572013838758473,1.6572013838758473,---,6.0
2025-04-09,2025-04-10,long,713.3594970703125,2025-08-07,691.9587121582031,stop_loss,-3.0,-3.3,0.67,2025-03-03,925.83061792935,787.0495560548345,865.7565335984158,669.9984953265371,755.503495713319,681.783758483122,LLY,2,0.67,0.3049863950894095,0.12908947002612658,0.9451926809685277,0.585332906681581,False,True,0.5671305326568793,0.13780563825219241,0.8621943617478085,True,1.4105529647040842,0.9472351764795791,1.037235176479579,False,0.43678921765668827,1.7505372281738116,0.7505372281738117,w2w3-,119.0
2026-04-07,2026-04-08,long,950.300048828125,2026-04-14,921.7910473632812,stop_loss,-3.0,-3.3,0.0,2026-02-17,1063.6422267235766,999.305359345354,1061.1002395438838,874.3498084531092,973.6064107053649,895.6226735862432,LLY,0,0.0,0.0,0.0,5.455414558108988,0.16942103478991796,False,False,0.9604894163598455,6.804905362031281,5.80490536203128,False,2.902696986984288,6.513484934921436,6.4234849349214365,False,0.5314932965483199,3.0478533773742447,2.0478533773742447,---,6.0
2020-03-23,2020-03-24,long,242.6655731201172,2020-07-31,320.2391662597656,time_exit,31.97,31.67,0.67,2020-02-11,369.3768647491904,302.6621389532912,338.4601493936432,239.38151031592488,284.931183392546,223.515081211478,LMT,2,0.67,0.348533858072306,0.11184831748716222,1.0064091858247075,0.5620300908899858,False,True,0.5365833406835704,0.37994337824456875,1.3799433782445696,True,1.4851089904922974,0.5744550475385133,0.6644550475385134,False,0.459732526613446,2.0648291316910408,1.0648291316910408,w2w3-,129.0
2018-04-02,2018-04-04,long,75.10432434082031,2018-04-09,72.8511946105957,stop_loss,-3.0,-3.3,0.33,2018-02-07,87.26633417445191,78.89959253400627,84.43475915675604,71.41986457940504,77.04034232133944,70.8569823163594,LOW,1,0.33,0.25925191602979986,0.4221489818140121,1.2145176848526549,0.5186912664089677,False,False,0.6615677716152055,1.7384368070373828,0.7384368070373819,True,1.55555114961788,0.2222442519106004,0.31224425191060046,False,0.43184965567952865,1.6828719956099814,0.6828719956099814,-w3-,5.0
2020-03-23,2020-03-24,long,68.52423858642578,2020-07-31,133.2808074951172,time_exit,94.5,94.2,0.67,2020-03-04,100.6588138881871,82.57480662575627,92.31713339999992,53.188284211805616,64.6946960180161,55.89202156268488,LOW,2,0.67,0.48392698946623974,0.0,1.1222841616690982,0.6120947715908546,False,True,0.5387261038366835,0.3436253587002785,1.3436253587002793,False,2.163726690681203,2.8186334534060133,2.728633453406013,True,0.29406466187822683,0.20459367290100228,1.2045936729010023,w2-w4,129.0
2022-06-30,2022-07-05,long,165.07359313964844,2022-11-09,173.1782684326172,time_exit,4.91,4.61,0.0,2022-05-27,183.22545125194236,173.45208851795067,182.3811913561008,156.11699942081825,170.3319801198673,156.70428900259637,LOW,0,0.0,0.0,0.0,4.876101216180305,0.17905630016958637,False,False,0.9136162323224503,6.010444615634752,5.010444615634751,False,2.687323969255318,5.436619846276587,5.346619846276587,False,0.5412304606239592,3.1812391866295777,2.1812391866295777,---,127.0
2026-06-03,2026-06-09,long,216.0348663330078,2026-07-13,209.55382034301758,stop_loss,-3.0,-3.3,0.0,2026-04-21,254.3001565717218,221.63028948612305,234.1529089369102,206.72242830733472,218.9866199106267,202.1506769678012,LOW,0,0.0,0.0,0.03606911184579827,2.890497512245759,0.26848392752490163,False,False,0.3833079399428368,2.977831526392596,3.9778315263925967,False,0.8396263308235844,3.801868345882077,3.8918683458820773,False,0.4471008645057702,1.891792664462605,0.8917926644626052,---,34.0
2018-06-28,2018-06-29,long,15.51820945739746,2018-07-03,15.052663173675535,stop_loss,-3.0,-3.3,0.33,2018-05-14,18.74497369990135,17.160863860888668,18.446786349368622,15.308127500754386,16.092791846049128,14.936443616594678,LRCX,1,0.33,0.06392640692264122,0.0,2.333014346532091,0.3621030344422391,False,False,0.8117634628678415,4.284126489285451,3.2841264892854496,False,1.9813391542157492,1.906695771078745,1.816695771078745,True,0.24999988311605842,0.8082207792320764,1.8082207792320764,--w4,4.0
2018-10-11,2018-10-12,long,12.982647895812988,2018-10-24,12.593168458938598,stop_loss,-3.0,-3.3,0.33,2018-07-31,17.659428229062616,14.93196160874798,15.987754111762438,13.471720227961308,14.196745941520522,12.293781791487982,LRCX,1,0.33,0.2381832972727925,0.0,2.1955565390653007,0.4204568615538758,False,False,0.3870963974960266,2.9136203814232773,3.913620381423278,False,0.9224801744817995,3.3875991275910016,3.477599127591002,True,0.28816214210274155,0.28545010818162253,1.2854501081816225,--w4,12.0
2020-03-18,2020-03-19,long,18.13098526000977,2020-03-20,17.587055702209476,stop_loss,-3.0,-3.3,0.0,2020-03-05,28.78960354974335,24.845618906106736,26.7636849733458,22.07683045768898,24.44675698682925,16.863739168233696,LRCX,0,0.0,0.0,0.0,1.9946201385377187,0.34859468704368846,False,False,0.48632696132165465,1.231746418277039,2.23174641827704,False,1.1883551634053091,2.058224182973454,2.148224182973454,False,0.5056539564484744,2.693889814362663,1.6938898143626633,---,1.0
2020-03-23,2020-03-24,long,21.572309494018555,2020-04-01,20.925140209198,stop_loss,-3.0,-3.3,0.67,2020-03-10,26.7636849733458,22.07683045768898,24.44675698682925,16.863739168233696,20.839334180420337,17.278409886742836,LRCX,2,0.67,0.33538781883860613,0.33322210459910284,1.3142747406614332,0.565368240794697,False,True,0.5056539564484744,0.904170229686873,1.9041702296868739,True,1.6179332627594618,0.08966631379730858,0.0003336862026914743,False,0.5242761005305087,2.948987678500118,1.9489876785001183,w2w3-,8.0
2020-09-11,2020-09-14,long,28.679946899414062,2020-09-17,27.81954849243164,stop_loss,-3.0,-3.3,0.0,2020-08-03,36.40631575583531,34.41087808576053,36.15184142138106,31.57405774536076,34.28785850944732,27.44605802856802,LRCX,0,0.0,0.0,0.0,4.223883773573476,0.1955562029243932,False,False,0.8724719201854525,5.313083392973772,4.3130833929737715,False,2.294125115844257,3.4706255792212835,3.3806255792212836,False,0.5928197914423523,3.8879423485253737,2.8879423485253737,---,3.0
2020-09-17,2020-09-21,long,29.57579040527344,2021-01-29,45.73759078979492,time_exit,54.65,54.35,1.0,2020-08-14,36.15184142138106,31.57405774536076,34.28785850944732,27.44605802856802,29.5213258571486,27.811346390823225,LRCX,3,1.0,0.6072771737292062,0.3186825022628977,0.39272282627079375,0.7394258801882899,False,True,0.5928197914423523,0.5732168041076672,0.4267831958923337,True,1.4945661405362054,0.5271692973189732,0.6171692973189733,True,0.3033218864508409,0.07778237738574097,1.077782377385741,w2w3w4,130.0
2022-01-28,2022-01-31,long,56.260704040527344,2022-02-01,54.572882919311525,stop_loss,-3.0,-3.3,0.66,2022-01-04,69.79657682295777,61.342979484616045,69.69166302269514,54.88642112828743,58.578190988156095,50.54612735544681,LRCX,2,0.66,0.14206103060302266,0.11107659144946432,2.946014952874426,0.4135244789147978,False,False,0.9875894490755084,7.264227950432347,6.264227950432346,True,1.7513540451303216,0.7567702256516071,0.666770225651607,True,0.24935559217462927,0.8170466825393249,1.817046682539325,-w3w4,1.0
2022-06-23,2022-06-24,long,43.21739959716797,2022-06-29,41.920877609252926,stop_loss,-3.0,-3.3,0.33,2022-05-27,51.41343806525309,47.795931435433,50.984813411912086,39.49267177639813,42.46188606922177,39.880506209408125,LRCX,1,0.33,0.10214200968207847,0.0,4.6813245843262,0.28589182034823224,False,False,0.8815137891364915,5.466335409093078,4.466335409093076,False,3.176812874586352,7.884064372931758,7.794064372931758,True,0.2583691001203752,0.6935739709537646,1.6935739709537647,--w4,5.0
2022-09-30,2022-10-03,long,37.55337142944336,2022-10-07,36.42677028656006,stop_loss,-3.0,-3.3,0.33,2022-08-04,51.10460462487881,43.87498271113717,50.16862675471491,40.16369716824759,43.533232783500445,34.5003856123091,LRCX,1,0.33,0.20644959271357247,0.12688374061976085,2.247172400925186,0.45471848562177836,False,False,0.8705357097049776,5.280266266186063,4.280266266186062,False,1.3838800570539573,1.0805997147302133,1.1705997147302134,True,0.3367875391957276,0.3806512218592825,0.6193487781407174,--w4,4.0
2022-10-17,2022-10-18,long,31.03685188293457,2023-02-28,47.0113410949707,time_exit,51.47,51.17,0.0,2022-10-04,39.367048554389605,37.10332303222497,39.26490345975012,28.87141949280433,32.86113095790251,30.135791586510265,LRCX,0,0.0,0.0,0.32480999621410683,7.563982536145459,0.22868783039836535,False,False,0.9548774382585887,6.709787089128624,5.709787089128623,False,4.591318101590016,14.956590507950073,14.866590507950072,False,0.3838666108291106,1.0255700113576796,0.025570011357679508,---,133.0
2024-08-08,2024-08-09,long,79.4185791015625,2024-09-03,77.03602172851562,stop_loss,-3.0,-3.3,0.0,2024-07-29,91.55203818433088,83.90213302002081,90.90423019880848,70.77777654536855,78.9624394742763,74.70987250100413,LRCX,0,0.0,0.0,0.22072168050996885,4.1772779620400335,0.2440943999429542,False,False,0.915318167793152,6.03929097954495,5.039290979544949,False,2.630941589621012,5.154707948105058,5.064707948105058,False,0.40666195196831684,1.3378349584700935,0.33783495847009354,---,25.0
2019-01-03,2019-01-04,long,181.5671844482422,2019-05-15,239.13873291015625,time_exit,31.71,31.41,0.0,2018-12-07,197.603680314668,184.66734529732528,197.06783877615464,164.46872513364372,182.581469109404,173.16630380368608,MA,0,0.0,0.0,0.0,4.916903452733091,0.1785437000916297,False,False,0.9585785666655205,6.772518079076621,5.77251807907662,False,2.5199651677857675,4.599825838928836,4.509825838928836,False,0.5556207501341487,3.378366440193817,2.378366440193817,---,131.0
2022-05-19,2022-05-23,long,339.6178283691406,2022-05-24,329.4292935180664,stop_loss,-3.0,-3.3,0.67,2022-04-28,372.3095626503722,341.7231412037926,359.90149861718515,304.85972262940777,332.96054589315423,316.2248189741149,MA,2,0.67,0.13449284608606085,0.23034252806735608,1.4524307825213398,0.46398196669709774,False,True,0.5943276968553446,0.5987745229719432,0.4012254770280577,True,1.799549387753975,0.9977469387698742,0.9077469387698741,False,0.5105362746650208,2.7607708858222026,1.7607708858222029,w2w3-,1.0
2022-10-13,2022-10-14,long,282.274658203125,2023-02-24,345.833251953125,time_exit,22.52,22.22,0.0,2022-08-15,353.3366833191755,311.6137056500264,331.4013803853355,274.9865538369467,299.3037877702347,270.7173898782237,MA,0,0.0,0.0,0.10939124901237567,1.4491333457262476,0.41043502534203746,False,False,0.4742632439184825,1.436216204771482,2.436216204771483,False,1.3521284841111223,1.2393575794443885,1.3293575794443886,False,0.43104331646628974,1.671826252962873,0.671826252962873,---,133.0
2019-01-03,2019-01-04,long,101.48993682861328,2019-05-15,124.50397491455078,time_exit,22.68,22.38,0.0,2018-11-29,115.62943315221187,106.73339987504302,113.05004979238046,94.72142751082396,102.22419266635195,95.61573959789844,MAR,0,0.0,0.0,0.20846153339580162,2.078798681468806,0.334963094382467,False,False,0.7100524155579266,2.5602104331851985,1.5602104331851976,False,2.060314042281725,2.3015702114086247,2.211570211408625,False,0.40934692418631946,1.3746153998125952,0.37461539981259523,---,131.0
2020-03-12,2020-03-13,long,91.66097259521484,2020-03-16,88.9111434173584,stop_loss,-3.0,-3.3,0.33,2020-02-12,144.15640281159213,109.73242193716116,119.1947667583844,97.5569786549955,105.48539993031048,85.093916783915,MAR,1,0.33,0.07116203112972315,0.2621713022036102,3.486443109138859,0.30081007500148943,False,False,0.274876541900811,4.815651832189643,5.815651832189644,False,0.6285672822767793,4.857163588616102,4.947163588616102,True,0.36641551518259063,0.7865139066108305,0.21348609338916946,--w4,3.0
2020-03-23,2020-03-24,long,75.87124633789062,2020-03-27,73.5951089477539,stop_loss,-3.0,-3.3,0.34,2020-03-10,105.48539993031048,85.093916783915,96.61743172559686,44.6369146364984,80.53050744986113,64.50109960572127,MAR,1,0.34,0.2987903135413396,0.0345430197919934,3.358525360545121,0.41358513132528046,False,True,0.5651141145031828,0.10362905937598116,0.8963709406240198,False,2.5491288061744966,4.745644030872481,4.655644030872481,False,0.6905201183712438,5.226302991386901,4.226302991386901,w2--,3.0
2021-01-29,2021-02-02,long,117.05685424804688,2021-06-11,137.55377197265625,time_exit,17.51,17.21,0.0,2021-01-08,126.73008460319323,119.25226673747612,125.23456304846378,111.1608874714494,118.37027072410751,110.72946239235148,MAR,0,0.0,0.0,0.0,2.759836370070339,0.29193193476431745,False,False,0.800005619074271,4.084841001258832,3.084841001258831,False,1.8820564808801659,1.4102824044008284,1.3202824044008283,False,0.5122601564322492,2.7843857045513585,1.7843857045513587,---,129.0
2022-05-24,2022-05-25,long,153.2415008544922,2022-06-13,148.6442558288574,stop_loss,-3.0,-3.3,0.33,2022-05-05,175.93038715926224,155.40469400126736,165.36561806940404,145.44254706733457,152.86693595119243,143.8385895558967,MAR,1,0.33,0.042681120318842414,0.2906522130144909,1.7560223616959334,0.4066434966858319,False,False,0.48529050841125126,1.2493134167584523,2.249313416758453,False,0.9706405941428248,3.1467970292858753,3.2367970292858756,True,0.3726528346501735,0.8719566390434728,0.12804336095652727,--w4,19.0
2020-03-23,2020-03-24,long,139.11407470703125,2020-04-01,134.9406524658203,stop_loss,-3.0,-3.3,0.0,2020-03-04,177.94925342266592,158.14086849380786,171.798862805652,106.71287722762872,138.761944248245,117.252718006461,MCD,0,0.0,0.0,0.0,4.384446852507872,0.23403073084266546,False,False,0.6895056997779934,2.2119610131863294,1.2119610131863283,False,3.2857795227516022,8.428897613758007,8.338897613758007,False,0.49241118093228736,2.5124819305792787,1.5124819305792787,---,8.0
2024-04-30,2024-05-01,long,258.257080078125,2024-05-08,250.50936767578125,stop_loss,-3.0,-3.3,0.33,2024-01-22,282.9594680877416,263.4491661255849,279.54399163181495,249.48635217086235,263.3294594619447,247.15252114729796,MCD,1,0.33,0.23433916427452342,0.2043391642745234,2.2934976433305265,0.4258947216045474,False,False,0.824939846520495,4.507455025771103,3.5074550257711024,True,1.5406034985647141,0.2969825071764297,0.3869825071764298,False,0.4605520439842155,2.0760553970440476,1.0760553970440478,-w3-,7.0
2017-11-06,2017-11-08,long,131.10902404785156,2017-11-13,127.17575332641601,stop_loss,-3.0,-3.3,0.33,2017-09-08,150.18314303945866,138.25476047807172,146.03577316553248,125.4017176138654,133.50954635796288,125.8967801255128,MCK,1,0.33,0.11695257851344636,0.5698445206341007,1.1268221460325663,0.4863014680177282,False,False,0.6523107929694069,1.581538863888253,0.581538863888252,True,1.7298284528919323,0.649142264459661,0.5591422644596609,False,0.3929343276117343,1.1497853097497848,0.14978530974978485,-w3-,5.0
2018-12-24,2018-12-28,long,104.12715911865234,2019-05-09,127.7584991455078,time_exit,22.69,22.39,0.33,2018-12-04,120.95175904650787,113.57085010300985,120.85712814770476,102.16838286001077,108.2623560709996,100.40829620837154,MCK,1,0.33,0.2553553791544305,0.07797795417890281,4.05046557386857,0.369398014348443,False,False,0.9871789640642458,7.257270577360099,6.2572705773600985,False,2.532038456341781,4.660192281708902,4.570192281708902,True,0.3260771719651797,0.23393386253670842,0.7660661374632916,--w4,132.0
2019-10-04,2019-10-11,long,128.6778106689453,2020-02-21,163.72703552246094,time_exit,27.24,26.94,0.0,2019-09-11,142.4871894210796,134.5605851104486,141.95237067978718,125.47851789259492,132.1731061403773,122.48931283740224,MCK,0,0.0,0.0,0.22202466772815688,3.3521381054712243,0.2865750084857638,False,False,0.9325286440026879,6.330993966147253,5.330993966147252,False,2.078298870690178,2.3914943534508883,2.3014943534508885,False,0.40637659776753365,1.3339259968155295,0.33392599681552937,---,133.0
2024-10-30,2024-11-01,long,521.9627685546875,2025-03-17,651.2576293945312,time_exit,24.77,24.47,0.0,2024-08-02,631.4010984318296,527.3179711820214,573.1236508062864,460.557657433167,518.2836087213307,488.295043313086,MCK,0,0.0,0.0,0.0,2.466666631193671,0.29123070734802015,False,False,0.44008746503482254,2.0154666943250406,3.015466694325042,False,1.0815008767266536,2.5924956163667314,2.6824956163667313,False,0.5128187435509147,2.7920375828892423,1.7920375828892425,---,136.0
2026-06-03,2026-06-05,long,774.83642578125,2026-06-18,751.5913330078125,stop_loss,-3.0,-3.3,0.67,2026-03-03,996.8371330658842,907.8003313614392,957.8716803525364,722.1132112098248,780.7858658640571,728.4157639772501,MCK,2,0.67,0.3730677367162574,0.019021959698914626,2.0400600304832106,0.5515378629720346,False,True,0.5623668868667079,0.057065879096744765,0.9429341209032561,False,2.6478766603196813,5.239383301598404,5.149383301598404,True,0.24886764351492274,0.8237309107544828,1.8237309107544828,w2-w4,13.0
2018-10-30,2018-10-31,long,135.67164611816406,2018-12-17,131.60149673461913,stop_loss,-3.0,-3.3,0.66,2018-07-26,174.85673637317805,156.55065930015343,169.70150097875086,142.3116618105989,151.4415995952763,129.73110228858803,MCO,2,0.66,0.3825830880885468,0.2414691079647754,1.1845732177888202,0.5595090721088747,False,False,0.7183866661402939,2.701468917632101,1.7014689176321,True,1.4962156588159967,0.5189217059200166,0.6089217059200167,True,0.33333301917644703,0.3333290298143429,0.6666709701856571,-w3w4,47.0
2020-03-12,2020-03-13,long,201.74575805664065,2020-03-16,195.69338531494142,stop_loss,-3.0,-3.3,0.33,2020-02-19,271.4229549607136,219.72646171014267,255.98141378313545,198.2707757646662,215.5035095214844,178.9549975415781,MCO,1,0.33,0.2858714324871784,0.0,1.6575459707530749,0.4869971733870371,False,False,0.701303894971491,2.411930423245612,1.411930423245611,False,1.1163356427049704,2.4183217864751474,2.5083217864751477,True,0.29860584371469207,0.1423857025384648,1.1423857025384647,--w4,3.0
2022-02-08,2022-02-09,long,329.4642333984375,2022-02-11,319.5803063964844,stop_loss,-3.0,-3.3,0.0,2021-12-28,387.5039647936318,342.7769116735759,361.3011894125674,309.12591104608566,336.854761412257,316.54518547571547,MCO,0,0.0,0.0,0.0,2.5565256803014864,0.2840806439507499,False,False,0.4141627146610536,2.4548692430329893,3.45486924303299,False,1.1665261788303696,2.167369105848152,2.2573691058481518,False,0.5314557245177022,3.047338692023317,2.047338692023317,---,2.0
2022-10-13,2022-10-14,long,227.35281372070312,2023-02-24,280.93701171875,time_exit,23.57,23.27,0.67,2022-08-15,313.656949313625,270.0787050808995,293.5436094543469,234.4657290831624,255.25369255826868,222.43369976074604,MCO,2,0.67,0.3548195617143513,0.19577117917190112,0.7190575754000341,0.6072764533192462,False,True,0.5384545611368666,0.3482277773412426,1.3482277773412437,False,1.3556737177313687,1.2216314113431566,1.3116314113431566,True,0.35187388823864635,0.5873135375157034,0.41268646248429663,w2-w4,133.0
2026-03-27,2026-04-02,long,438.8133850097656,2026-04-10,425.6489834594726,stop_loss,-3.0,-3.3,0.0,2026-02-27,480.711014743258,452.3623266999445,475.1596584240615,420.2669163841053,444.3981871825191,420.3067602336474,MCO,0,0.0,0.0,0.07028458106756226,2.5421258827151387,0.3084653628444911,False,False,0.804175900108158,4.155523730646746,3.155523730646746,False,1.9363415321402715,1.6817076607013564,1.5917076607013565,False,0.4396076767462039,1.7891462567973133,0.7891462567973132,---,8.0
2020-03-18,2020-03-19,long,65.50460052490234,2020-03-20,63.53946250915527,stop_loss,-3.0,-3.3,0.0,2020-02-05,100.39022716162808,79.84252468643038,86.54842227890724,63.09013031551642,67.34852048819359,59.64210591157791,MDT,0,0.0,0.0,0.0,2.6603337979859947,0.29007906878592005,False,False,0.3263575380542558,3.9430925753515953,4.943092575351597,False,1.141650361723233,2.2917481913838347,2.381748191383835,False,0.1815302742127535,1.7461606272225545,2.7461606272225545,---,1.0
2021-12-20,2021-12-21,long,87.8943862915039,2022-05-02,89.71514129638672,time_exit,2.07,1.77,0.33,2021-09-09,116.18655336684526,104.78843884253138,110.25300456919943,90.23353724584337,98.32724502521846,84.52842482735602,MDT,1,0.33,0.07269313700209683,0.3342371326847516,1.1453269098715355,0.47357711111202,False,False,0.47942716446753714,1.3486921276688613,2.348692127668862,True,1.756384117798742,0.7819205889937095,0.6919205889937095,False,0.4042918649454986,1.3053680129520358,0.3053680129520358,-w3-,132.0
2023-11-10,2023-11-13,long,65.87030792236328,2024-03-25,77.341064453125,time_exit,17.41,17.11,0.33,2023-07-27,82.4561203801371,71.51028536055823,75.78712326667815,62.90941154414583,67.27762810944417,63.34806794828158,MDT,1,0.33,0.19539948445539432,0.13793384887793902,1.79446932931911,0.4292266328607674,False,False,0.3907274226653264,2.8520775819436195,3.8520775819436204,False,1.1764942281240212,2.117528859379894,2.207528859379894,True,0.33920751290426865,0.4138015466338171,0.5861984533661829,--w4,133.0
2020-03-09,2020-03-10,long,176.63882446289062,2020-03-11,171.3396597290039,stop_loss,-3.0,-3.3,0.33,2020-01-29,222.2483156951887,199.30975228448216,216.8655792462106,180.2372263998823,195.52297537751025,163.75201163538196,META,1,0.33,0.32800398107698275,0.47005818122823834,1.6657111415098498,0.5364072079561603,False,False,0.7653411701246415,3.4973079682142645,2.4973079682142636,True,1.5968023886461897,0.015988056769051788,0.10598805676905183,False,0.417320130166875,1.483837399546233,0.48383739954623306,-w3-,1.0
2022-02-24,2022-02-25,long,208.6477508544922,2022-03-01,202.38831832885742,stop_loss,-3.0,-3.3,0.0,2022-01-12,333.4418295668102,286.4941524130444,325.1447375979586,214.26837341391084,232.9543070635339,188.56410689144704,META,0,0.0,0.0,0.0,3.4039665999666533,0.24414759489234564,False,False,0.8232693826006245,4.479142077976689,3.4791420779766873,False,2.3617007465757873,3.808503732878935,3.718503732878935,False,0.16852945879976347,1.9242539890443358,2.9242539890443355,---,4.0
2025-11-19,2025-11-24,long,611.459716796875,2026-03-20,593.1159252929688,stop_loss,-3.0,-3.3,0.33,2025-09-19,788.2165669565625,688.718804278428,757.1907150365412,599.640424749484,633.3527401283538,579.7421567881397,META,1,0.33,0.30575934651443565,0.2757593465144356,1.1912682500411103,0.5572008927236285,False,False,0.6881753811853348,2.189413240429405,1.1894132404294042,True,1.5834556079086615,0.08272196045669308,0.17272196045669314,False,0.21397812290568202,1.3016695492372323,2.3016695492372325,-w3-,116.0
2026-04-02,2026-04-08,long,611.8529052734375,2026-05-12,593.4973181152344,stop_loss,-3.0,-3.3,0.0,2026-03-04,671.5720803574089,625.6639573427893,659.1242831137364,519.7782492802263,592.0013387220274,559.1817578546791,META,0,0.0,0.0,0.0,4.307543911064208,0.21289864167115877,False,False,0.7288541454916705,2.8788838218927215,1.8788838218927204,False,3.035324136191211,7.176620680956051,7.0866206809560515,False,0.5183002878151012,2.8671272303438515,1.8671272303438515,---,34.0
2018-05-01,2018-05-08,long,126.43665313720705,2018-06-25,122.64355354309083,stop_loss,-3.0,-3.3,0.33,2018-02-26,153.4612698481343,141.84794586166896,152.35822643114815,131.28129902847738,138.9399421863809,119.98135508420856,MMM,1,0.33,0.08508581443607437,0.2534277189222859,2.5613110879215584,0.40029196209822926,False,False,0.9050191471217307,5.864731307147979,4.864731307147978,False,1.814891879984984,1.0744593999249192,0.9844593999249193,True,0.3633662066384997,0.7447425566917769,0.25525744330822303,--w4,48.0
2020-03-16,2020-03-17,long,89.68788146972656,2020-03-18,86.99724502563477,stop_loss,-3.0,-3.3,0.0,2020-03-06,103.23046347283938,95.76537325816916,102.32316740260306,86.95268329589088,94.524532122204,85.39829721802128,MMM,0,0.0,0.0,0.0,3.4082962228251303,0.24795241847139615,False,False,0.8784614727825637,5.414601233602776,4.414601233602775,False,2.0589816954263305,2.294908477131651,2.204908477131651,False,0.49262266391509046,2.515378957740965,1.5153789577409649,---,1.0
2021-12-03,2021-12-06,long,125.37248229980467,2021-12-20,121.61130783081053,stop_loss,-3.0,-3.3,0.0,2021-06-07,144.04140814195554,133.39901118980552,141.5340477619382,121.96020566090776,130.74684163839723,119.69817143409443,MMM,0,0.0,0.0,0.02786828444991607,2.1979649646837776,0.34045882384035603,False,False,0.7643989045615533,3.481337365450058,2.481337365450057,False,1.8392324763902046,1.196162381951022,1.106162381951022,False,0.4488968457054684,1.9163951466502518,0.9163951466502518,---,14.0
2022-03-11,2022-03-18,long,105.95370483398438,2022-04-26,102.77509368896484,stop_loss,-3.0,-3.3,0.0,2022-01-05,128.6129235692537,113.58518281755153,119.74768764540664,99.8245074368803,108.4110991027737,100.60317034856438,MMM,0,0.0,0.0,0.10965757006413179,1.8554581339170362,0.3599572894579793,False,False,0.4100752687763195,2.5241479868420416,3.5241479868420424,False,1.3257601749797074,1.3711991251014628,1.4611991251014629,False,0.43098499215595515,1.6710272898076046,0.6710272898076046,---,39.0
2022-07-05,2022-07-12,long,93.94944763183594,2022-07-14,91.13096420288086,stop_loss,-3.0,-3.3,0.33,2022-05-10,110.03984103631012,101.7424868969592,108.12126750761796,92.49908716248788,97.17491249782324,90.63019579645584,MMM,1,0.33,0.28907230021749447,0.0,1.700736052357313,0.5055186752730946,False,False,0.7687728525900607,3.55547207779764,2.555472077797639,False,1.8827905959853566,1.413952979926782,1.323952979926782,True,0.2993068337476313,0.1327830993475166,1.1327830993475165,--w4,2.0
2023-03-24,2023-03-31,long,78.54701232910156,2023-04-05,76.19060195922852,stop_loss,-3.0,-3.3,0.0,2023-02-02,89.1291699704299,79.78002758361895,83.94240402060845,74.93016338030405,78.82352250720218,74.84797711156628,MMM,0,0.0,0.0,0.10498677137420039,2.2645935017516656,0.3177075494345738,False,False,0.44521478706554546,1.928562931092449,2.9285629310924497,False,0.9639644223429702,3.1801778882851486,3.2701778882851484,False,0.43200789706905013,1.6850396858773988,0.6850396858773988,---,5.0
2023-10-23,2023-10-24,long,69.39138793945312,2023-10-27,67.30964630126952,stop_loss,-3.0,-3.3,0.33,2023-07-27,85.83289734850722,75.22792457310261,83.77479157016037,66.47313480912372,70.09977479528686,65.71854401468129,MMM,1,0.33,0.2808893325397914,0.31088933253979145,1.901354568441266,0.49345828890991045,False,False,0.8059301214690463,4.185256296085532,3.1852562960855306,True,1.6314664004761252,0.15733200238062567,0.06733200238062562,False,0.20961229529939224,1.3614754068576405,2.3614754068576405,-w3-,3.0
2025-04-10,2025-04-11,long,132.224365234375,2025-04-16,128.25763427734375,stop_loss,-3.0,-3.3,0.0,2025-03-03,152.06533490279944,136.92200903457348,150.75231993237225,118.63722267088968,135.4144849454887,125.15360599292706,MMM,0,0.0,0.0,0.0,3.844043216562128,0.22504199739404873,False,False,0.9132941480720437,6.004985560543115,5.004985560543114,False,2.1207426651807797,2.603713325903897,2.5137133259038973,False,0.5224104457164742,2.9234307632393723,1.9234307632393726,---,5.0
2018-05-17,2018-05-21,long,24.95499992370605,2018-09-27,29.15999984741211,time_exit,16.85,16.55,0.33,2018-03-13,29.684999465942383,27.5,29.0,24.045000076293945,25.43000030517578,23.80500030517578,MNST,1,0.33,0.19870178658814341,0.0,1.967856802141303,0.41971493436463586,False,False,0.6864990236293056,2.161000400496706,1.1610004004967052,False,2.267735073138327,3.3386753656916333,3.2486753656916334,True,0.2795156912628034,0.40389464023556976,1.4038946402355699,--w4,129.0
2018-11-08,2018-11-09,long,28.420000076293945,2018-11-12,27.567400074005125,stop_loss,-3.0,-3.3,0.0,2018-08-20,31.31999969482422,28.8799991607666,30.434999465942383,25.23500061035156,27.959999084472656,24.709999084472656,MNST,0,0.0,0.0,0.22432165225642278,2.3094993269204003,0.3189042907638478,False,False,0.6372950675506132,1.3270350432307325,0.3270350432307316,False,2.131146605506453,2.6557330275322646,2.5657330275322647,False,0.5240382834298688,2.9457299099982026,1.9457299099982024,---,3.0
2019-01-24,2019-01-25,long,24.887622833251957,2019-06-05,28.35198402404785,time_exit,13.92,13.62,0.0,2018-11-29,31.144860117683734,29.4348963319148,31.06739473447583,26.153377395936765,28.30235874352694,23.852519579730075,MO,0,0.0,0.0,0.08074612544974558,4.944425817483555,0.20935907461570613,False,False,0.9546976469018786,6.706739777997944,5.706739777997943,False,2.8737552101603923,6.368776050801959,6.278776050801959,False,0.43731659852650573,1.7577616236507632,0.7577616236507633,---,131.0
2020-03-09,2020-03-10,long,25.3115177154541,2020-03-11,24.55217218399048,stop_loss,-3.0,-3.3,0.0,2020-01-15,31.094427151684997,27.82164602325429,29.304915549482285,23.16168143587893,26.392434983516385,23.68412441578815,MO,0,0.0,0.0,0.0,2.049873756630414,0.34302464188753135,False,False,0.4532137860802262,1.7929866766063343,2.7929866766063354,False,1.8770684236220294,1.3853421181101462,1.295342118110146,False,0.5259043506877576,2.971292475174762,1.971292475174762,---,1.0
2018-11-14,2018-11-16,long,51.28066253662109,2018-11-19,49.74224266052245,stop_loss,-3.0,-3.3,0.33,2018-09-25,69.31193799629928,62.66679000854492,67.83087775718832,51.94672934261825,57.20487955184964,49.501822694324105,MPC,1,0.33,0.232733815779652,0.10059951755368131,2.6501543614354857,0.3943407541068827,False,False,0.7771215566846292,3.6969755370276154,2.6969755370276145,False,2.39033779892356,3.9516889946177978,3.861688994617798,True,0.3310312943442562,0.301798552661044,0.6982014473389561,--w4,3.0
2020-01-30,2020-01-31,long,44.68357849121094,2020-02-03,43.343071136474606,stop_loss,-3.0,-3.3,0.33,2019-12-20,50.947483684162165,46.74969158795885,50.07020875047542,42.83884277794213,45.86420655133541,43.25699104485468,MPC,1,0.33,0.12890101637251808,0.32617569268130825,2.014644387866032,0.4076264432383419,False,False,0.7910151542568791,3.9324602416420196,2.9324602416420182,True,1.7226593901764893,0.6132969508824457,0.5232969508824457,False,0.41836684588837497,1.4981759710736295,0.4981759710736296,-w3-,3.0
2020-03-12,2020-03-13,long,20.63666343688965,2020-03-16,20.01756353378296,stop_loss,-3.0,-3.3,0.33,2020-02-20,49.97682476321512,37.28179832754343,39.95661740214799,25.489429093805512,30.400160252558965,18.63262618665586,MPC,1,0.33,0.19434144737022577,0.13899188596310755,2.8741404415091645,0.38447620226022233,False,False,0.21069818862988757,5.9034205316968205,6.903420531696821,False,1.1395949730117299,2.3020251349413505,2.3920251349413504,True,0.33943922302592056,0.41697565788932267,0.5830243421106773,--w4,3.0
2023-05-16,2023-05-19,long,103.44792938232422,2023-05-30,100.34449150085449,stop_loss,-3.0,-3.3,0.67,2023-04-03,129.31114712208415,116.33625759330836,124.25348020245856,97.27908976470908,105.22423818048853,99.8561741082953,MPC,2,0.67,0.3114165407066412,0.28924159595183724,1.1535314495280737,0.5548939488607575,False,True,0.6101957624834752,0.8677247878555125,0.1322752121444884,False,2.0789687941408292,2.394843970704145,2.304843970704145,True,0.29454413192820683,0.19802559002456388,1.198025590024564,w2-w4,11.0
2026-01-07,2026-01-08,long,175.03790283203125,2026-01-27,169.78676574707032,stop_loss,-3.0,-3.3,0.0,2025-11-14,198.97650351982395,184.3102322589103,195.89573999201627,160.07163219718552,175.6606470753553,166.75405983706628,MPC,0,0.0,0.0,0.09061959294849324,3.285170134381667,0.25395446919989756,False,False,0.7899422782382277,3.914275902342844,2.914275902342843,False,2.442618655929528,4.213093279647638,4.123093279647638,False,0.43515430914428,1.7281412211545202,0.7281412211545203,---,19.0
2026-04-17,2026-04-22,long,220.62159729003903,2026-08-31,373.3200073242188,time_exit,69.21,68.91,0.0,2026-03-30,254.1018039912277,231.6491996239378,246.1142324356209,215.5548712347516,228.66876445076363,209.2661544530293,MPC,0,0.0,0.0,0.30317737628215247,1.428387842837098,0.41421669814543866,False,False,0.6442474367364031,1.4448718090915782,0.44487180909157736,False,1.36106086852845,1.19469565735775,1.2846956573577502,False,0.4291285125305235,1.6455960620619652,0.6455960620619653,---,131.0
2020-03-09,2020-03-10,long,63.78618240356445,2020-03-11,61.872596931457515,stop_loss,-3.0,-3.3,0.34,2019-12-20,72.04527771016218,65.87817298863347,69.3699991508503,57.68909401247515,64.60275613234336,59.8743975963357,MRK,1,0.34,0.2926448605228568,0.04068847281047624,1.8224759335844407,0.500381506434951,False,True,0.5662018596874543,0.12206541843142964,0.8779345815685713,False,1.8940662865020497,1.4703314325102474,1.3803314325102474,False,0.5918772593362501,3.875030949811645,2.875030949811645,w2--,1.0
2020-03-18,2020-03-19,long,71.29393005371094,2020-03-23,69.1551121520996,stop_loss,-3.0,-3.3,0.0,2020-03-04,99.8367605579566,88.06418272759893,93.7474959096484,77.81620430180126,84.69932294127933,68.37110256489323,MRSH,0,0.0,0.0,0.10479334532206115,1.4038585270121515,0.41876414300287007,False,False,0.48275859917392533,1.2922271326453325,2.2922271326453334,False,1.353254303128539,1.2337284843573055,1.3237284843573056,False,0.4320502573744686,1.6856199640338165,0.6856199640338165,---,4.0
2026-01-28,2026-01-29,long,185.90631103515625,2026-02-09,180.32912170410157,stop_loss,-3.0,-3.3,0.33,2025-08-20,209.4997402583257,191.0876571831363,204.56445178604275,171.44317242504565,185.78425617336111,173.97278637934218,MRSH,1,0.33,0.0018529656367706944,0.13236889751566608,1.8747713474559748,0.3754457931975968,False,False,0.7319538233599804,2.931420734914923,1.931420734914922,True,1.7988882206179377,0.9944411030896879,0.9044411030896878,False,0.43298701091852193,1.698452204363314,0.6984522043633139,-w3-,11.0
2018-04-06,2018-04-10,long,20.472002029418945,2018-04-20,19.857841968536377,stop_loss,-3.0,-3.3,0.33,2018-03-09,23.93105459462064,21.35547015727532,22.590990163916175,18.86130982820818,20.576838275792326,19.49986686475965,MRVL,1,0.33,0.08015146751974396,0.050151467519743975,1.390523092777318,0.44029778638371225,False,False,0.4797047181704191,1.3439878276200143,2.3439878276200155,True,1.4480908805118464,0.7595455974407681,0.8495455974407681,False,0.4599666172887955,2.068035853271171,1.0680358532711711,-w3-,10.0
2020-03-23,2020-03-24,long,21.259557723999023,2020-07-31,35.62294387817383,time_exit,67.56,67.26,0.33,2020-03-05,25.09133570268212,21.395716053635468,22.58220288782194,15.998155257788628,19.285320297541556,17.33052111561057,MRVL,1,0.33,0.030697485453362778,0.060697485453362766,2.5157501076945743,0.3333709329428108,False,False,0.321052204193293,4.033013488249271,5.033013488249272,True,1.7815815087279825,0.9079075436399117,0.8179075436399117,False,0.49926203825720156,2.6063292911945415,1.6063292911945415,-w3-,129.0
2022-02-03,2022-02-04,long,69.9074935913086,2022-02-11,67.81026878356933,stop_loss,-3.0,-3.3,0.33,2022-01-04,90.1762859818371,76.0920035122042,85.95377401690129,61.5009097902586,73.86992468017263,67.19379062309409,MRVL,1,0.33,0.10636492849795783,0.13636492849795787,1.9234621749461915,0.3867224099617396,False,False,0.7001968702317667,2.3931672920638434,1.3931672920638423,True,1.7361810429012254,0.6809052145061265,0.5909052145061264,False,0.5058309233336081,2.696314018268604,1.6963140182686043,-w3-,7.0
2022-04-18,2022-04-19,long,62.7570686340332,2022-04-21,60.87435657501221,stop_loss,-3.0,-3.3,0.33,2022-03-29,75.30541780012331,68.25567100716064,71.7756428857725,58.80091594603697,62.73738566077578,59.19456498020049,MRVL,1,0.33,0.3077405829295849,0.0,0.7636090310063794,0.62661518544735,False,False,0.499304724266924,1.0117843344589141,2.011784334458915,False,1.840452901469796,1.2022645073489786,1.1122645073489785,True,0.3033951876615791,0.07677825121124543,1.0767782512112454,--w4,2.0
2022-09-06,2022-09-07,long,46.080352783203125,2022-09-16,44.69794219970703,stop_loss,-3.0,-3.3,0.33,2022-08-18,54.959394600252594,49.81525385391183,54.417387647164695,42.995849127732576,46.53365704772933,44.16854767692468,MRVL,1,0.33,0.329914127486217,0.0034192058471163023,2.9335023617773843,0.46105481585894786,False,False,0.8946360568626646,5.688746726485841,4.6887467264858405,False,2.220300548260993,3.1015027413049636,3.0115027413049633,True,0.30974880608051847,0.010257617541348924,0.9897423824586511,--w4,9.0
2022-09-29,2022-09-30,long,42.28630447387695,2022-10-10,41.01771533966064,stop_loss,-3.0,-3.3,0.34,2022-09-12,49.86454177720922,44.29666613844669,47.538843593856825,41.69503777139606,44.198112254769605,41.49793539533745,MRVL,1,0.34,0.2016913932761045,0.2534250002745205,1.5939296572781452,0.45431679189872565,False,True,0.5823006233901294,0.39492582017168654,0.6050741798283144,False,1.0495575335370748,2.7522123323146253,2.8422123323146256,False,0.4283295098124131,1.6346508193481242,0.6346508193481242,w2--,10.0
2023-03-15,2023-03-16,long,39.88815307617188,2023-04-06,38.69150848388672,stop_loss,-3.0,-3.3,0.0,2023-03-06,44.06869825339145,40.39219106369567,43.17921852644711,36.211648246636194,38.95913917903157,36.32036309185988,MRVL,0,0.0,0.0,0.2770523161050818,2.0062030299001266,0.36453682939028464,False,False,0.758063922889283,3.3739647947336118,2.373964794733611,False,1.895160248656403,1.475801243282014,1.385801243282014,False,0.3943255427729871,1.1688430516847546,0.16884305168475458,---,21.0
2023-08-18,2023-08-21,long,59.475921630859375,2023-08-24,57.691643981933595,stop_loss,-3.0,-3.3,0.33,2023-07-19,66.1933553669638,61.705150738382855,65.678150004169,55.86952302879488,59.426384557436805,56.09738935762641,MRVL,1,0.33,0.08846651546471085,0.2448668178686225,3.063561189845545,0.3281016635398006,False,False,0.8852090300174891,5.528966610465917,4.5289666104659165,False,2.1854233010929702,2.92711650546485,2.8371165054648495,True,0.3626258331132283,0.7346004536058675,0.2653995463941326,--w4,3.0
2024-07-25,2024-07-26,long,65.36495208740234,2024-07-30,63.40400352478027,stop_loss,-3.0,-3.3,0.0,2024-07-09,75.95391372307463,71.15398074110891,75.2810994615026,65.64343222763223,69.53231553518893,61.78439470995261,MRVL,0,0.0,0.0,0.23511974499232732,2.810934721502349,0.3095933051659219,False,False,0.8598284050840039,5.098786526847525,4.098786526847524,False,2.007875374527301,2.039376872636504,1.949376872636504,False,0.4035087758466803,1.294640765023018,0.294640765023018,---,4.0
2025-03-04,2025-03-05,long,89.77279663085938,2025-03-06,87.0796127319336,stop_loss,-3.0,-3.3,0.67,2025-02-07,121.3137745422107,99.81173358966964,112.04169782884502,91.3563165556632,97.660535186241,82.90090760238967,MRVL,2,0.67,0.5920742356770605,0.05526300959666027,1.1378933738444224,0.6805490752883424,False,True,0.5687815526986089,0.1657890287899817,0.8342109712100192,False,0.9620194342871102,3.189902828564448,3.2799028285644485,True,0.3047668567149449,0.057988264178836776,1.0579882641788367,w2-w4,1.0
2026-07-29,2026-07-30,long,183.3000030517578,2026-08-03,177.80100296020507,stop_loss,-3.0,-3.3,0.33,2026-07-09,251.63792030480187,215.27999877929688,232.0,177.9499969482422,214.9199981689453,162.89999389648438,MRVL,1,0.33,0.14434786074711248,0.11434786074711245,2.4613407380225976,0.3914145987120277,False,False,0.45987230620358993,1.6801304033289832,2.680130403328984,True,1.4866087164482675,0.5669564177586626,0.6569564177586626,False,0.6839962836875508,5.136935392980147,4.136935392980147,-w3-,4.0
2018-12-24,2018-12-26,long,31.094932556152344,2019-05-07,37.45529556274414,time_exit,20.45,20.15,0.66,2018-11-02,37.14776026809876,33.65848523449909,36.50686923159894,31.300651401111704,33.13627783759579,29.069412435020755,MS,2,0.66,0.2877601464407118,0.3224495249613404,1.8327225978322665,0.4873869259827163,False,False,0.816325445736317,4.361448232818934,3.3614482328189332,True,1.4920629014206157,0.5396854928969217,0.6296854928969218,True,0.35258348694800884,0.5970340677809429,0.402965932219057,-w3w4,132.0
2020-03-09,2020-03-10,long,32.372276306152344,2020-03-11,31.401108016967772,stop_loss,-3.0,-3.3,0.33,2020-01-17,46.87393063034799,42.52649801343342,46.4357692887881,35.806189727647734,38.45333915163928,30.200460032830016,MS,1,0.33,0.05952573635428301,0.0,3.6042935765344555,0.2960649678371653,False,False,0.8992137704779749,5.766335092847034,4.766335092847033,False,2.4450245691638366,4.225122845819181,4.135122845819181,True,0.24903613626158796,0.821422790937151,1.821422790937151,--w4,1.0
2023-11-28,2023-12-01,long,74.6902847290039,2024-04-12,80.36368560791016,time_exit,7.6,7.3,0.67,2023-07-25,86.38073495475997,75.47607000231567,81.61522818391207,64.02786621772637,74.27478507123375,70.47979856701087,MS,2,0.67,0.6227729473088544,0.34722705269114523,1.2933442556139625,0.6956857920540576,False,True,0.5629845766348184,0.06753519720031251,0.9324648027996885,True,1.612829192174625,0.06414596087312427,0.025854039126875776,False,0.5826296674400969,3.7483516087684507,2.7483516087684507,w2w3-,133.0
2025-03-31,2025-04-02,long,114.89958953857422,2025-04-03,111.45260185241699,stop_loss,-3.0,-3.3,0.33,2025-02-07,136.8256082692155,121.74905612465,129.08022392338756,105.2178654496689,121.71052661761776,108.06939578201096,MS,1,0.33,0.30457731592167253,0.2745773159216725,2.184714078734025,0.5096095295951734,False,False,0.48626288878522916,1.2328323934706913,2.232832393470692,True,1.5827463895530036,0.08626805223498232,0.17626805223498238,False,0.6911580507062374,5.2350417904964015,4.2350417904964015,-w3-,1.0
2019-01-03,2019-01-04,long,94.7692642211914,2019-05-15,118.10281372070312,time_exit,24.62,24.32,0.0,2018-12-03,105.4520515733395,96.59156507170096,103.45312149779323,87.35915338759548,95.21552064876104,90.3715259546286,MSFT,0,0.0,0.0,0.002707968269851461,2.3956357361206337,0.3282847512211122,False,False,0.7743995123544726,3.650839192448689,2.650839192448688,False,1.8163752190380893,1.0818760951904456,0.9918760951904456,False,0.488156010212762,2.4541919207227667,1.454191920722767,---,131.0
2022-05-20,2022-05-23,long,251.71365356445312,2022-06-10,244.16224395751954,stop_loss,-3.0,-3.3,0.0,2022-04-28,280.3508015911793,266.13006594349525,280.25450833918546,240.88708121967693,258.5282776861266,237.99085911430905,MSFT,0,0.0,0.0,0.03143118072725389,5.035690785423031,0.20331196596251047,False,False,0.9932286729477673,7.3598080160638535,6.359808016063853,False,2.768311576477401,5.841557882387003,5.7515578823870035,False,0.4481165714207314,1.9057064578182383,0.9057064578182383,---,18.0
2022-10-13,2022-10-14,long,221.1923675537109,2022-11-02,214.55659652709957,stop_loss,-3.0,-3.3,0.0,2022-08-15,284.09412741241835,243.8187170261839,258.8287646431233,225.22792253383932,242.5025584054372,212.0663836762347,MSFT,0,0.0,0.0,0.0,3.2654213763044986,0.23669633600421588,False,False,0.37268515635211547,3.1578787058963473,4.157878705896348,False,0.8342768400633914,3.828615799683042,3.918615799683042,False,0.5141131825033898,2.8097696233341063,1.8097696233341063,---,19.0
2026-02-24,2026-02-25,long,398.9831237792969,2026-03-19,387.01363006591794,stop_loss,-3.0,-3.3,0.66,2025-12-02,490.38888506208144,435.9144504613163,480.6903724414303,389.8467674620769,421.009018998737,380.1693467763097,MSFT,2,0.66,0.39854099273617977,0.4060009769582676,1.7537873926860605,0.5375236381059789,False,False,0.8219621242197365,4.456985156266721,3.45698515626672,True,1.667637409091666,0.338187045458329,0.24818704545832895,True,0.34303186827231863,0.4661899763331319,0.5338100236668681,-w3w4,22.0
2017-08-04,2017-08-08,long,28.12295913696289,2017-08-10,27.279270362854003,stop_loss,-3.0,-3.3,0.34,2017-07-19,31.545683468412843,28.91281855154153,30.521796561255968,27.13806911605392,28.698289471768916,26.5919931474948,MU,1,0.34,0.03890953634532316,0.29442379698800986,1.5136082582289678,0.4145966098104011,False,True,0.6111130120668777,0.8832713909640305,0.11672860903597047,False,1.2851883982042651,1.5740580089786744,1.6640580089786745,False,0.4610951623563265,2.083495374744199,1.0834953747441989,w2--,2.0
2018-10-29,2018-10-30,long,35.114688873291016,2018-11-20,34.061248207092284,stop_loss,-3.0,-3.3,0.33,2018-09-20,46.04598064945947,42.71100469133334,45.5291503008269,40.29265648820903,42.6622561045933,32.97914050623427,MU,1,0.33,0.2836239692915052,0.26496435770799664,2.3210088853864805,0.4594609357029124,False,False,0.8450272640277224,4.847919729283432,3.8479197292834315,True,1.5701743815749032,0.14912809212548445,0.2391280921254845,False,0.4525164549367884,1.9659788347505256,0.9659788347505256,-w3-,21.0
2019-01-03,2019-01-04,long,31.886981964111328,2019-05-15,37.45501708984375,time_exit,17.46,17.16,0.0,2018-12-07,36.68465497615026,33.67148122624916,35.69976705057187,27.68414348010086,32.25754232032807,30.092733254793263,MU,0,0.0,0.0,0.021811572776090176,3.606183897842666,0.23922282881654908,False,False,0.673139351618632,1.9345652816717305,0.9345652816717295,False,2.6601929512807234,5.300964756403615,5.210964756403615,False,0.5705605808480437,3.5830216554526535,2.5830216554526535,---,131.0
2019-06-03,2019-06-04,long,33.632476806640625,2019-06-05,32.623502502441404,stop_loss,-3.0,-3.3,0.0,2019-04-25,43.53986888906404,39.75634547516117,42.30144928827719,31.37016207341764,33.46670273921767,31.66270206322893,MU,0,0.0,0.0,0.024401877268869,3.3260945505993065,0.28658812776110665,False,False,0.6726808677234102,1.926794368193394,0.926794368193393,False,2.889181860139052,6.445909300695258,6.3559093006952585,False,0.1917926612476234,1.6055799829092683,2.6055799829092683,---,1.0
2020-02-28,2020-03-02,long,53.23272705078125,2020-03-03,51.63574523925781,stop_loss,-3.0,-3.3,0.33,2020-02-12,59.66865243894437,55.21226106797475,58.75201578352411,50.26832460827379,52.92069027142561,47.1868809399692,MU,1,0.33,0.3166991667303111,0.01663416660302223,1.85225597832884,0.5166632805203379,False,False,0.7943096601901863,3.9882993252573966,2.9882993252573957,False,1.9037132219840116,1.5185661099200571,1.428566109920057,True,0.31264288248606187,0.049902499809066726,0.9500975001909333,--w4,1.0
2021-05-19,2021-05-20,long,79.11287689208984,2021-06-09,76.73949058532715,stop_loss,-3.0,-3.3,0.34,2021-04-27,87.94760151870148,79.99049404509451,84.17384349469097,74.5102305673921,78.90808846224132,74.2664544498522,MU,1,0.34,0.14540936253806516,0.0,1.4975841240212082,0.43807856870456,False,True,0.5257374571692375,0.5637719123858045,1.5637719123858054,False,1.2144630394087592,1.9276848029562037,2.017684802956204,False,0.455094582940678,2.0012956567216165,1.0012956567216162,w2--,20.0
2022-01-28,2022-01-31,long,80.42231750488281,2022-03-07,78.00964797973633,stop_loss,-3.0,-3.3,0.33,2022-01-05,96.23894531769253,88.99537285171995,95.90658728765143,75.89631638958048,82.8857406958515,73.82392748624756,MU,1,0.33,0.14935233666595218,0.18398099666738119,4.353756942222948,0.3070221757329485,False,False,0.9541168350834649,6.696895509889237,5.696895509889236,False,2.7624864653554932,5.812432326777464,5.722432326777464,True,0.3492918382701565,0.5519429900021434,0.4480570099978565,--w4,35.0
2022-04-18,2022-04-20,long,71.65380096435547,2022-04-21,69.5041869354248,stop_loss,-3.0,-3.3,0.0,2022-03-30,84.3031831895981,72.39671058825232,76.42418447762716,68.60949791591476,72.1921920501453,68.57033160241386,MU,0,0.0,0.0,0.0,3.502340845069709,0.23798018914738786,False,False,0.3382591993635145,3.7413695023133124,4.741369502313313,False,0.6563393561943036,4.71830321902848,4.808303219028481,False,0.45845653641231543,2.0473498138673345,1.0473498138673345,---,1.0
2024-04-25,2024-04-26,long,114.02254486083984,2024-05-01,110.60186851501464,stop_loss,-3.0,-3.3,0.33,2024-04-08,128.77676596877146,119.07630855065388,126.65199550022172,104.96746552831918,113.13887318907815,107.3007267684373,MU,1,0.33,0.023601782261052657,0.3097315510722807,2.6227750726760233,0.3225821527263792,False,False,0.780961827162779,3.7620648671657464,2.762064867165745,False,2.2354131395290966,3.1770656976454816,3.0870656976454813,True,0.37683120968482947,0.929194653216842,0.070805346783158,--w4,5.0
2024-07-30,2024-07-31,long,109.1336441040039,2024-08-01,105.85963478088378,stop_loss,-3.0,-3.3,0.34,2024-06-26,143.04449910221155,126.36404660376095,136.1538731456962,104.38351610604028,110.33608264094109,101.53145202121208,MU,1,0.34,0.17568285414936105,0.15765047918397193,1.22081718204102,0.4834274005796935,False,True,0.586904134815563,0.47295143755191676,0.5270485624480842,False,1.904645994621968,1.5232299731098393,1.4332299731098392,False,0.18736228011132475,1.6662701354613045,2.6662701354613048,w2--,1.0
2024-09-12,2024-09-13,long,90.64988708496094,2024-09-16,87.93039047241211,stop_loss,-3.0,-3.3,0.0,2024-08-22,110.30628893773672,92.1206317528824,97.79495523053794,84.33957655239655,90.26234093217916,83.59425590301582,MU,0,0.0,0.0,0.06767944767028677,3.42786099135701,0.24633822741204472,False,False,0.31202190935290025,4.18606933300169,5.186069333001691,False,0.7398896031839596,4.300551984080201,4.390551984080201,False,0.4401782009602072,1.7969616569891398,0.7969616569891397,---,3.0
2025-04-07,2025-04-08,long,65.37344360351562,2025-08-18,123.3520278930664,time_exit,88.69,88.39,0.0,2025-03-20,104.288160311022,93.34034094318936,98.04222417257996,83.88627865072212,89.7014616873925,61.38360648211167,MU,0,0.0,0.0,0.20185209041016192,1.7081623600685578,0.375035528117653,False,False,0.4294812575375406,2.1952329230925316,3.195232923092533,False,1.2930379143312745,1.5348104283436277,1.6248104283436278,False,0.41079439220017455,1.3944437287695142,0.3944437287695143,---,132.0
2025-08-01,2025-08-05,long,108.8852310180664,2025-12-11,258.2074279785156,time_exit,137.14,136.84,0.66,2025-06-26,129.52000847430935,117.75997001775757,125.94785119689703,107.95672560695012,114.70589060718784,103.21434055919524,MU,2,0.66,0.24775178830496236,0.4884235963579044,1.194316701987897,0.5218787817141542,False,False,0.6962461227818361,2.3262054708785787,1.3262054708785775,True,1.52985261539886,0.3507369230056999,0.44073692300569994,True,0.37513856298179715,0.906007712079413,0.09399228792058703,-w3w4,128.0
2026-07-07,2026-07-08,long,948.7999877929688,2026-07-13,920.3359881591797,stop_loss,-3.0,-3.3,0.33,2026-06-25,1254.8069810301963,1023.492584008156,1168.500350785656,950.1338925088278,1019.0,891.6599731445312,MU,1,0.33,0.30424913598275266,0.31221390428000906,1.50591365503221,0.5394617283716704,False,False,0.6268860418734912,1.1506108792117158,0.15061087921171493,False,0.9440245012333656,3.2798774938331716,3.3698774938331715,True,0.31536943921977717,0.08725259205174209,0.9127474079482579,--w4,5.0
2021-03-05,2021-03-08,long,61.3437385559082,2021-07-15,66.8548812866211,time_exit,8.98,8.68,0.66,2021-01-25,75.51731339224067,68.5589218877773,73.1920985704486,62.94528504085651,66.58125674981432,59.15352146905847,NEE,2,0.66,0.24499439607234222,0.3633342282814119,1.025289131783412,0.5269607859424863,False,False,0.6658401844304684,1.8108505835672628,0.8108505835672618,True,1.4725836456628525,0.6370817716857378,0.7270817716857378,True,0.3548392579270982,0.6279350400972356,0.3720649599027645,-w3w4,129.0
2022-02-24,2022-02-25,long,67.7568130493164,2022-04-22,65.72410865783691,stop_loss,-3.0,-3.3,0.0,2021-12-31,82.30747873047476,70.86538197309352,74.88724047033544,61.28493943521031,69.7852854118458,62.1191814188857,NEE,0,0.0,0.0,0.0,3.3002337359678258,0.24543571277916953,False,False,0.35149663409789317,3.5170062017306236,4.5170062017306245,False,1.1887944424478283,2.056027787760858,2.1460277877608585,False,0.6249197069440757,4.327667218411996,3.3276672184119955,---,56.0
2022-10-20,2022-10-24,long,65.39018249511719,2023-03-01,63.42847702026367,stop_loss,-3.0,-3.3,0.0,2022-09-08,81.25587035181877,69.86075967847577,73.96550107884327,62.81133739068945,67.76378849288146,62.2937930942511,NEE,0,0.0,0.0,0.050227317916078894,2.7747341388706084,0.27446683403133476,False,False,0.36021952906257193,3.369160524363187,4.3691605243631875,False,0.9788552308006248,3.1057238459968755,3.1957238459968758,False,0.44400021737637874,1.8493180462517633,0.8493180462517633,---,128.0
2023-03-01,2023-03-03,long,66.64326477050781,2023-07-10,64.64396682739257,stop_loss,-3.0,-3.3,0.33,2022-12-14,79.47120493120643,73.66850156224511,77.55193137349258,65.57877070807866,69.13930788361196,62.86112639586966,NEE,1,0.33,0.2802582055466824,0.0438139535597204,1.4482216908769219,0.5042467379418887,False,False,0.6692449302199295,1.8685581393208397,0.8685581393208388,False,2.063376309989995,2.316881549949973,2.2268815499499732,True,0.29737654701472344,0.15922538335995287,1.1592253833599528,--w4,129.0
2023-10-06,2023-10-09,long,45.115234375,2024-02-16,52.59242630004883,time_exit,16.57,16.27,0.0,2023-07-24,69.65096009704007,59.787743479436855,63.93153253651716,45.901907706735486,49.35050054608346,43.13023585843551,NEE,0,0.0,0.0,0.0,1.7021079898972016,0.38274768260317793,False,False,0.4201255247385265,2.3538046654487026,3.3538046654487035,False,1.8279660204971668,1.1398301024858333,1.0498301024858332,False,0.19127368827173394,1.612689201757069,2.6126892017570693,---,130.0
2016-10-27,2016-10-28,long,27.70563125610352,2016-11-11,26.874462318420413,stop_loss,-3.0,-3.3,0.33,2016-09-22,32.8661751668797,29.60852892522685,31.221685121370392,26.068984043160363,29.099524528788148,26.742429325299906,NEM,1,0.33,0.3028752950144735,0.2728752950144735,1.6656016623694534,0.5346654001242762,False,False,0.4951907225276451,1.0815131774975393,2.0815131774975404,True,1.5817251770086842,0.0913741149565794,0.18137411495657946,False,0.5881459917097597,3.8239176946542415,2.8239176946542415,-w3-,14.0
2016-11-23,2016-11-28,long,26.194265365600582,2016-11-30,25.408437404632565,stop_loss,-3.0,-3.3,0.0,2016-11-02,30.438597199752586,27.909224792601005,30.07054746900604,23.641404032042757,26.836397363569933,24.134750082424105,NEM,0,0.0,0.0,0.0,4.097330743487912,0.2071137920864303,False,False,0.8544897027792678,5.0083000471062356,4.008300047106235,False,2.5417939322756267,4.7089696613781316,4.618969661378132,False,0.49695474410449403,2.57472252197937,1.57472252197937,---,2.0
2017-03-20,2017-03-22,long,26.579572677612305,2017-03-28,25.782185497283933,stop_loss,-3.0,-3.3,0.33,2017-02-09,29.809664981218905,27.566693922501145,29.009723305666448,25.25216430540966,27.09010665444827,25.70772232083654,NEM,1,0.33,0.20790051685220942,0.42797836678769424,1.4245421813094203,0.47551195599494483,False,False,0.6433562205614192,1.4297664501935463,0.42976645019354537,True,1.6752596898886745,0.37629844944337176,0.2862984494433717,False,0.48913200003326807,2.4675616442913433,1.467561644291343,-w3-,6.0
2020-12-14,2020-12-17,long,52.410037994384766,2020-12-22,50.83773685455322,stop_loss,-3.0,-3.3,0.67,2020-11-06,57.81217863720883,53.09938046969891,55.92874926459861,47.761561306159486,52.46593451488048,48.91547661737655,NEM,2,0.67,0.21136800700847733,0.37536321143990614,1.674517524631172,0.46774257857969853,False,True,0.6003585755921814,0.7009928066471437,0.2990071933528572,True,1.732980634465485,0.6649031723274244,0.5749031723274243,False,0.5760089314290833,3.6576565949189486,2.6576565949189486,w2w3-,5.0
2022-06-10,2022-06-13,long,57.88771438598633,2022-06-14,56.15108295440674,stop_loss,-3.0,-3.3,0.0,2022-04-29,66.601882439631,62.4809037077389,66.05122782944503,56.55697451628011,62.31214598644878,56.231225031335285,NEM,0,0.0,0.0,0.0,4.266695609555855,0.19316933080461016,False,False,0.8663777112159117,5.209791715523928,4.209791715523927,False,2.3038831139042877,3.5194155695214366,3.429415569521437,False,0.6061742066844206,4.070879543622199,3.070879543622199,---,1.0
2022-08-03,2022-08-10,long,40.9556770324707,2022-08-19,39.72700672149658,stop_loss,-3.0,-3.3,0.0,2022-07-05,54.95976213883473,51.53932724419465,54.52101439745701,39.39767341965323,42.03016186643153,39.30813564086436,NEM,0,0.0,0.0,0.0,7.0853957313590845,0.19199586458536355,False,False,0.8717274981420476,5.300466070204199,4.300466070204197,False,4.42146728227527,14.107336411376343,14.017336411376341,False,0.17406791598774018,1.8483847124967094,2.8483847124967094,---,9.0
2023-06-29,2023-07-03,long,40.288604736328125,2023-07-06,39.07994659423828,stop_loss,-3.0,-3.3,0.67,2023-04-05,48.89825688525714,43.14279747329211,46.50709377611998,37.37806927249897,41.11235370610548,38.11691017036916,NEM,2,0.67,0.4992902314859932,0.634333443757433,0.6242542410426922,0.6849865046128989,False,True,0.584540010104811,0.43288152720018824,0.5671184727998126,True,1.5861504443316337,0.06924777834183213,0.15924777834183218,False,0.4090562394837821,1.3706334175860562,0.3706334175860562,w2w3-,3.0
2024-02-28,2024-02-29,long,29.851009368896484,2024-07-10,44.03020858764648,time_exit,47.5,47.2,0.0,2023-12-22,40.89349482070474,32.6689470222066,34.760904809485865,30.204445916991528,32.2868491276444,28.102937729399,NEM,0,0.0,0.0,0.0,4.1403782724981175,0.21768144387204305,False,False,0.2543553564928238,5.163468534019935,6.163468534019936,False,0.5540072237559833,5.2299638812200815,5.319963881220083,False,0.45702227536456635,2.0277024022543335,1.0277024022543335,---,132.0
2024-12-05,2024-12-09,long,40.85600662231445,2024-12-13,39.630326423645016,stop_loss,-3.0,-3.3,0.0,2024-10-22,57.15000013362765,45.5097691064052,47.79694073911711,39.39767383447034,42.61917997402121,39.27973097989757,NEM,0,0.0,0.0,0.3262734749830893,3.8525270773411964,0.27339606877334394,False,False,0.19648850846370763,6.144262568411734,7.144262568411735,False,0.7215721822877751,4.392139088561123,4.482139088561124,False,0.38354610897870345,1.021179575050732,0.02117957505073208,---,4.0
2026-03-24,2026-03-25,long,101.28350067138672,2026-06-09,98.24499565124512,stop_loss,-3.0,-3.3,0.33,2026-03-04,121.45640071380636,109.04538624658215,120.05966433108904,94.120230024097,100.3756241723934,95.1977172522992,NEM,1,0.33,0.023533508542124288,0.0,2.982227940581611,0.32013695043937335,False,False,0.887459934366694,5.567117531638883,4.567117531638882,False,2.090033363146465,2.4501668157323233,2.3601668157323235,True,0.2411538383707252,0.9293994743736271,1.9293994743736271,--w4,76.0
2018-04-04,2018-04-05,long,29.39699935913086,2018-08-13,34.13100051879883,time_exit,16.1,15.8,0.66,2018-03-12,33.39799880981445,30.035999298095703,32.290000915527344,27.5049991607666,29.125,27.121999740600582,NFLX,2,0.66,0.2371329130863882,0.18082734150014187,1.0591091421746452,0.5296121524231548,False,False,0.6704348437812029,1.8887261657831007,0.8887261657830998,True,1.423260692954269,0.8836965352286549,0.973696535228655,True,0.33855804496238917,0.40490472551218043,0.5950952744878196,-w3w4,130.0
2018-11-26,2018-11-27,long,26.663000106811523,2018-12-20,25.863110103607177,stop_loss,-3.0,-3.3,0.0,2018-11-08,33.20500183105469,27.82999992370605,29.25,25.0,27.53400039672852,25.3799991607666,NFLX,0,0.0,0.0,0.0,4.326030794543089,0.18918539067667198,False,False,0.2641859669579916,4.996848017661158,5.996848017661159,False,0.790697393835238,4.046513030823809,4.136513030823809,False,0.596235387465534,3.9347313351443,2.9347313351443,---,23.0
2019-08-07,2019-08-08,long,31.59000015258789,2019-08-09,30.642300148010253,stop_loss,-3.0,-3.3,0.0,2019-07-09,38.47600173950195,36.26800155639648,38.45399856567383,30.58099937438965,33.63999938964844,29.68099975585937,NFLX,0,0.0,0.0,0.3034558725475876,6.074551672746794,0.23043429226573456,False,False,0.9900347952882964,7.305674496411805,6.305674496411804,False,3.565669627894269,9.82834813947134,9.73834813947134,False,0.3885431639120783,1.0896323823572374,0.08963238235723725,---,1.0
2019-10-03,2019-10-04,long,27.27899932861328,2019-10-09,26.460629348754882,stop_loss,-3.0,-3.3,0.0,2019-09-09,30.155000686645508,28.266000747680664,29.915000915527344,25.22800064086914,27.21999931335449,25.701000213623047,NFLX,0,0.0,0.0,0.1369633526773937,3.7721038512252796,0.24313673558524837,False,False,0.8729487671398857,5.321165544743827,4.321165544743825,False,2.481207213392839,4.406036066964193,4.316036066964193,False,0.4250050257636508,1.589109941967819,0.5891099419678189,---,5.0
2020-03-17,2020-03-18,long,31.54700088500977,2020-07-27,49.56499862670898,time_exit,57.11,56.81,0.0,2020-03-03,39.35200119018555,34.172000885009766,36.45399856567383,30.73200035095215,33.641998291015625,29.024999618530277,NFLX,0,0.0,0.0,0.0,2.4061248298193956,0.29597166303620304,False,False,0.4405400668382053,2.0077954773185533,3.0077954773185542,False,1.1046327949062749,2.4768360254686255,2.5668360254686253,False,0.5085632380269836,2.7337429866710075,1.7337429866710072,---,131.0
2022-01-26,2022-01-27,long,38.66999816894531,2022-01-28,37.50989822387695,stop_loss,-3.0,-3.3,0.0,2021-12-08,63.24599838256836,58.17399978637695,62.06100082397461,35.145999908447266,38.77099990844727,35.6619987487793,NFLX,0,0.0,0.0,0.0,8.145163937988118,0.1892881323066737,False,False,0.7663647699974578,3.5146571186009816,2.5146571186009807,False,5.306586822744387,18.532934113721925,18.442934113721925,False,0.1346832575401747,2.387900581641442,3.387900581641442,---,1.0
2022-04-28,2022-04-29,long,19.035999298095703,2022-05-06,18.46491931915283,stop_loss,-3.0,-3.3,0.33,2022-03-29,39.650001525878906,36.84999847412109,39.60200119018555,33.1619987487793,35.167999267578125,18.559999465942383,NFLX,1,0.33,0.3219605219067338,0.011372811426599516,3.5727093050130247,0.4371397426930265,False,False,0.9828570416509992,7.184017655101682,6.184017655101681,False,2.2999983651315192,3.4999918256575944,3.4099918256575945,True,0.3114906457024253,0.0341184342797986,0.9658815657202015,--w4,7.0
2023-03-22,2023-03-23,long,32.0369987487793,2023-08-02,42.970001220703125,time_exit,34.13,33.83,0.0,2023-02-09,37.382999420166016,34.42499923706055,36.375,28.53300094604492,31.65999984741211,29.35400009155273,NFLX,0,0.0,0.0,0.35724700235941337,2.727944888851654,0.32631066603799636,False,False,0.6592294260415619,1.6988038312129141,0.6988038312129132,False,2.6511151347266404,5.2555756736332,5.1655756736331995,False,0.3987502268047458,1.2294551617088465,0.2294551617088466,---,132.0
2026-01-21,2026-01-23,long,86.12000274658203,2026-01-29,83.53640266418456,stop_loss,-3.0,-3.3,0.33,2025-11-13,116.73300170898438,103.31999969482422,109.7300033569336,92.3499984741211,97.33000183105467,81.93000030517578,NFLX,1,0.33,0.23075964022842954,0.0,1.0678652413277863,0.5274786996017414,False,False,0.4778947811490903,1.3746647262866043,2.374664726286605,False,1.2957580163235913,1.5212099183820433,1.6112099183820434,True,0.28653636121002607,0.3077210793147113,1.3077210793147114,--w4,6.0
2026-06-30,2026-07-02,long,77.6500015258789,2026-07-08,75.32050148010254,stop_loss,-3.0,-3.3,0.33,2026-05-01,94.6999969482422,85.0999984741211,91.4800033569336,70.86000061035156,76.06999969482422,71.0,NFLX,1,0.33,0.0761060969536533,0.07014718874345682,1.7669422045882532,0.3967747973851005,False,False,0.6645839475924081,1.7895584337696304,0.7895584337696295,False,2.147917294171218,2.7395864708560893,2.6495864708560894,True,0.25266723523285006,0.7716817091390401,1.77168170913904,--w4,6.0
2018-12-24,2018-12-26,long,33.902000427246094,2019-05-07,52.96200180053711,time_exit,56.22,55.92,0.34,2018-12-12,38.27199935913086,34.104000091552734,36.22800064086914,32.0,34.097999572753906,31.600000381469727,NOW,1,0.34,0.05422118827942054,0.0,2.1099846964473286,0.35979463753197566,False,True,0.5095971503254574,0.8373364351617384,1.8373364351617394,False,1.0143957254881861,2.9280213725590687,3.018021372559069,False,0.496215528558346,2.564596281621178,1.5645962816211778,w2--,132.0
2022-04-19,2022-04-20,long,101.04399871826172,2022-04-21,98.01267875671387,stop_loss,-3.0,-3.3,0.34,2022-03-29,120.3239974975586,108.80599975585938,115.16200256347656,99.91400146484376,106.82599639892578,98.41400146484376,NOW,1,0.34,0.2928376679000237,0.007739787097973812,1.1596870457450943,0.549211568193839,False,True,0.5518322672183041,0.12148699629992885,1.1214869962999299,False,1.3238412995541449,1.3807935022292757,1.4707935022292757,False,0.45330498662554375,1.9767806387060785,0.9767806387060786,w2--,1.0
2022-05-12,2022-05-13,long,90.52999877929688,2022-05-16,87.81409881591797,stop_loss,-3.0,-3.3,0.33,2022-04-28,102.8000030517578,92.01799774169922,99.09600067138672,83.31199645996094,89.59600067138672,81.29399871826172,NOW,1,0.33,0.1065350333765241,0.45225913358419884,1.184407533082468,0.47415033938959295,False,False,0.6564644262495772,1.6519394279589372,0.6519394279589363,True,1.4639210200259145,0.6803948998704277,0.7703948998704278,False,0.39812484381351687,1.2208882714180391,0.2208882714180392,-w3-,3.0
2022-07-19,2022-07-20,long,91.37000274658205,2022-07-21,88.62890266418458,stop_loss,-3.0,-3.3,0.33,2022-06-27,101.94000244140624,91.9280014038086,101.29000091552734,81.5,88.49600219726562,84.052001953125,NOW,1,0.33,0.13008233169380068,0.20325100163953266,2.9556973352686775,0.3678884544734513,False,False,0.9350777608354245,6.374199336193636,5.3741993361936355,False,1.9766279329387597,1.8831396646937975,1.7931396646937974,True,0.35351196935905765,0.609753004918598,0.39024699508140204,--w4,1.0
2025-03-04,2025-03-05,long,183.1580047607422,2025-03-06,177.6632646179199,stop_loss,-3.0,-3.3,0.33,2025-01-28,239.6179962158203,198.0,208.69000244140625,179.64199829101562,190.6699981689453,175.38800048828125,NOW,1,0.33,0.010742367184941667,0.32259096614839167,3.5329837670496365,0.2843477153161699,False,False,0.2568600945122544,5.121015347249925,6.121015347249926,False,0.6979673889092374,4.510163055453812,4.600163055453812,True,0.3796474215864978,0.967772898445175,0.03222710155482501,--w4,1.0
2025-03-13,2025-03-14,long,168.86599731445312,2025-03-20,163.80001739501952,stop_loss,-3.0,-3.3,0.34,2025-02-27,190.6699981689453,175.38800048828125,184.8000030517578,155.58200073242188,169.85000610351562,161.1959991455078,NOW,1,0.34,0.011930881378011312,0.32140245195532174,1.6601291165335983,0.39636651375996257,False,True,0.6158882339960919,0.9642073558659661,0.03579264413403484,False,1.9119229651699765,1.5596148258498816,1.4696148258498816,False,0.48832925725560117,2.456565167884947,1.4565651678849472,w2--,6.0
2025-08-26,2025-08-28,long,185.72000122070312,2025-09-02,180.14840118408202,stop_loss,-3.0,-3.3,0.66,2025-07-03,211.47799682617188,186.83399963378903,210.1999969482422,168.00599670410156,180.1820068359375,171.01600646972656,NOW,2,0.66,0.3864866439754407,0.1764315146907071,2.478719765687217,0.5179138945643876,False,False,0.9481415345102904,6.595619228987974,5.595619228987973,True,1.712141091185576,0.5607054559278788,0.47070545592787877,True,0.28857207331335666,0.27983461214579913,1.279834612145799,-w3w4,5.0
2025-12-15,2025-12-17,long,156.47799682617188,2025-12-18,151.78365692138672,stop_loss,-3.0,-3.3,0.0,2025-09-24,194.7259979248047,177.46200561523438,192.96600341796875,159.0,175.0,152.1060028076172,NOW,0,0.0,0.0,0.0,3.2679690066915654,0.27041214119623586,False,False,0.8980540262485935,5.746678410993112,4.746678410993111,False,1.967447784319254,1.8372389215962686,1.7472389215962685,False,0.471059247186428,2.219989687485315,1.2199896874853149,---,1.0
2026-01-29,2026-01-30,long,117.01000213623048,2026-02-03,113.49970207214356,stop_loss,-3.0,-3.3,0.66,2025-12-11,175.0,152.1060028076172,161.9320068359375,123.77999877929688,136.6300048828125,113.12999725341795,NOW,2,0.66,0.428904673538341,0.37955070990537587,0.9711198972451619,0.5957313851833611,False,False,0.42919565097131995,2.2000737123505085,3.2000737123505094,True,1.666463384966885,0.33231692483442477,0.2423169248344247,True,0.3368107409821903,0.3809690545505524,0.6190309454494476,-w3w4,4.0
2026-06-12,2026-06-15,long,104.1500015258789,2026-06-17,101.02550148010253,stop_loss,-3.0,-3.3,0.33,2026-06-01,139.1999969482422,117.33999633789062,124.8000030517578,103.08000183105467,109.8000030517578,98.41999816894533,NOW,1,0.33,0.33154199083668173,0.0017913424966516194,2.242618515212681,0.4852893161205296,False,False,0.34126287765676316,3.690459700732827,4.690459700732828,False,0.9935956365169477,3.0320218174152607,3.122021817415261,True,0.3093923040067667,0.005374027489954907,0.9946259725100451,--w4,2.0
2018-11-23,2018-11-26,long,3.786005973815918,2018-12-07,3.6724257946014403,stop_loss,-3.0,-3.3,0.33,2018-11-07,5.378081685092735,4.666891707906829,5.117601165900112,3.2976956142785774,3.841662911722066,3.532203292433255,NVDA,1,0.33,0.28720840969322375,0.2444074004754803,2.066648155864401,0.497389640376572,False,False,0.63373989011584,1.26677779857356,0.26677779857355904,False,2.558958379619863,4.794791898099314,4.704791898099313,True,0.298898641722816,0.1383747709203288,1.1383747709203287,--w4,11.0
2019-01-03,2019-01-04,long,3.372309446334839,2019-01-28,3.2711401629447936,stop_loss,-3.0,-3.3,0.0,2018-12-13,3.797964343397347,3.4973561485793327,3.7224414627810014,3.08185364805942,3.429013016014544,3.161833936081145,NVDA,0,0.0,0.0,0.0,3.0207281108751087,0.2497960740207754,False,False,0.7487663945353638,3.216379568395997,2.216379568395996,False,2.1309725608424888,2.6548628042124425,2.5648628042124426,False,0.5419387630812328,3.1909419600168873,2.1909419600168873,---,24.0
2019-06-14,2019-06-18,long,3.793810367584229,2019-08-15,3.679996056556702,stop_loss,-3.0,-3.3,0.67,2019-04-24,4.779242281427009,4.29564305178191,4.582431161421947,3.2905501343227805,3.780906161129714,3.544662253977464,NVDA,2,0.67,0.15218950331024608,0.5144771633564202,2.3001233069177798,0.43333153199019003,False,True,0.5930284666716755,0.5767536724012811,0.42324632759871983,False,2.671387686136816,5.356938430684077,5.266938430684077,True,0.3795674806897626,0.9666778176679807,0.033322182332019355,w2-w4,58.0
2022-01-28,2022-01-31,long,24.40889358520508,2022-02-04,23.676626777648927,stop_loss,-3.0,-3.3,0.34,2021-12-28,31.23133407724288,25.563238883232685,28.504949514228787,20.822218672511543,23.98124005243623,21.22893388945279,NVDA,1,0.34,0.10731395785404714,0.2000698608785446,1.1002256224320428,0.4875024224001221,False,True,0.5189945705401663,0.6780581264378586,1.6780581264378596,False,1.3554343353012193,1.2228283234939037,1.3128283234939038,False,0.41118470046759875,1.3997904173643663,0.3997904173643663,w2--,4.0
2022-05-02,2022-05-03,long,19.543596267700195,2022-05-04,18.95728837966919,stop_loss,-3.0,-3.3,0.0,2022-04-14,22.70914138808518,21.01619480926674,22.60245959862573,18.235508451875702,20.068027989686986,18.33620802071884,NVDA,0,0.0,0.0,0.16149029899669073,4.273177820682961,0.2340368859713132,False,False,0.936984550608854,6.40651780692973,5.406517806929729,False,2.5794973104218455,4.897486552109226,4.807486552109225,False,0.41963362451972475,1.5155291030099278,0.5155291030099278,---,1.0
2022-06-17,2022-06-21,long,16.52013397216797,2022-06-23,16.02452995300293,stop_loss,-3.0,-3.3,0.0,2022-06-02,19.56054271848349,18.13381153154524,19.12690128125382,15.369331242158152,16.821300578805904,15.285562074810612,NVDA,0,0.0,0.0,0.31318820779633944,2.8506451769307564,0.3161261616732682,False,False,0.696059467123403,2.3230418156509005,1.3230418156508994,False,2.6336916677060778,5.168458338530387,5.078458338530386,False,0.38641178249260166,1.0604353766109815,0.06043537661098159,---,2.0
2022-09-07,2022-09-09,long,14.351431846618652,2022-09-13,13.920888891220093,stop_loss,-3.0,-3.3,0.0,2022-08-04,19.2206389621084,16.677697139131496,19.1109416861416,13.233260527452885,14.131766129658756,13.313004492414724,NVDA,0,0.0,0.0,0.0,4.1463604602946615,0.2223947536646591,False,False,0.9568620583547677,6.74342471787742,5.743424717877419,False,2.3113706753259455,3.556853376629726,3.466853376629726,False,0.15286736009449065,2.1388032863768403,3.1388032863768403,---,4.0
2024-07-30,2024-07-31,long,116.8274383544922,2024-08-01,113.32261520385744,stop_loss,-3.0,-3.3,0.0,2024-07-11,135.92595502009132,116.36818755438776,124.4848179409612,106.12508953993542,116.0886649396649,102.37126667488351,NVDA,0,0.0,0.0,0.0,2.9826693643109654,0.25363296523566176,False,False,0.41500802179015217,2.4405420035567422,3.440542003556743,False,0.9387435673944552,3.3062821630277233,3.3962821630277236,False,0.5426864266234355,3.2011839263484307,2.2011839263484307,---,1.0
2025-01-30,2025-01-31,long,119.89094543457033,2025-02-03,116.29421707153321,stop_loss,-3.0,-3.3,0.33,2025-01-07,152.9016324332477,129.31685741876072,148.74785499769604,116.07664583818588,126.70077107762197,117.92386904906036,NVDA,1,0.33,0.2594378765946305,0.07389545673870279,1.928274627765714,0.49431515457896263,False,False,0.8238788611296823,4.48947222253699,3.489472222536989,False,1.3852669418911914,1.0736652905440431,1.1636652905440432,True,0.3251831050257759,0.22168637021610835,0.7783136297838916,--w4,3.0
2025-03-11,2025-03-12,long,115.5780258178711,2025-03-27,112.11068504333495,stop_loss,-3.0,-3.3,0.67,2025-02-18,143.2261075780513,124.25442559786757,134.80865788512716,109.9457957033308,118.10361057672029,104.61376097133784,NVDA,2,0.67,0.564225973915863,0.08727150690061243,0.5848991442676438,0.7191945786765076,False,True,0.5563150541045161,0.045507557550573695,1.0455075575505746,False,1.310524929089896,1.4473753545505204,1.5373753545505204,True,0.3281124600112341,0.26181452070183725,0.7381854792981627,w2-w4,15.0
2025-04-07,2025-04-08,long,96.16522979736328,2025-08-18,181.76788330078125,time_exit,89.02,88.72,0.0,2025-03-17,122.71802281178024,114.37970924440413,122.04896105750126,103.50494125764943,111.82328673498284,86.49878224276449,NVDA,0,0.0,0.0,0.029347306848214738,3.7154366488423753,0.24223335778787122,False,False,0.9197605428396567,6.1145854718585895,5.114585471858589,False,2.2239532790426364,3.1197663952131807,3.0297663952131804,False,0.448572939800241,1.911958079455356,0.9119580794553558,---,132.0
2022-06-13,2022-06-14,long,66.84723663330078,2022-06-16,64.84181953430176,stop_loss,-3.0,-3.3,0.0,2022-04-05,79.58019543532257,73.64349434257556,77.37716573569031,63.0662794740271,70.74162028100113,60.268383633412725,ORCL,0,0.0,0.0,0.2716752074580615,2.7839874188984535,0.29954818514008646,False,False,0.6289134882799231,1.1849743776258164,0.18497437762581545,False,2.41057887841905,4.052894392095248,3.9628943920952486,False,0.5363288245491237,3.1140934869742964,2.1140934869742964,---,2.0
2022-10-11,2022-10-13,long,62.22337341308594,2023-02-23,84.85297393798828,time_exit,36.37,36.07,0.33,2022-08-18,75.84330575239434,69.70975729489415,75.39703460415197,57.70851276419425,63.79458975542683,58.83543997250781,ORCL,1,0.33,0.17319963018718912,0.16013370314614417,4.380419348541257,0.3161227421776897,False,False,0.9272409517370541,6.2413720633399015,5.241372063339901,False,2.883896974569088,6.419484872845438,6.329484872845438,True,0.3440692809890056,0.48040110943843256,0.5195988905615675,--w4,133.0
2025-03-11,2025-03-12,long,148.3403778076172,2025-03-13,143.89016647338866,stop_loss,-3.0,-3.3,0.34,2025-02-18,179.16065983095666,161.6614262080117,171.90535754096777,150.9259360406619,159.74437148435152,135.373242429474,ORCL,1,0.34,0.18421954323570836,0.3073905118404979,1.3260427548485776,0.4732151178630357,False,True,0.5853931408472796,0.4473413702928749,0.5526586297071261,False,1.1988765881037045,2.0056170594814775,2.0956170594814774,False,0.42033739793831076,1.5251698347713802,0.5251698347713801,w2--,1.0
2025-09-02,2025-09-05,long,230.1765289306641,2025-11-13,223.27123306274416,stop_loss,-3.0,-3.3,0.0,2025-08-05,255.5770006984043,242.7927306099483,254.96401169950207,225.6777874521937,239.22340678472855,216.3244003411209,ORCL,0,0.0,0.0,0.0,4.072993311549335,0.22576430301240744,False,False,0.952051310347725,6.661886616063138,5.661886616063137,False,2.2908014336894658,3.454007168447327,3.364007168447327,False,0.46252528896004047,2.1030861501375404,1.1030861501375404,---,69.0
2025-11-14,2025-11-17,long,217.75958251953125,2025-11-20,211.22679504394532,stop_loss,-3.0,-3.3,0.33,2025-10-16,319.45866548510105,266.6777492206355,284.4463696843837,230.1302687857947,244.8780172882168,208.75642721348203,ORCL,1,0.33,0.1621783961614257,0.0,2.378901022103746,0.3766233359112949,False,False,0.33664857909469054,3.768668150937448,4.768668150937449,False,1.0290859792283866,2.8545701038580664,2.9445701038580663,True,0.2715170687593522,0.5134648115157229,1.513464811515723,--w4,3.0
2026-02-12,2026-02-13,long,159.02938842773438,2026-02-17,154.25850677490234,stop_loss,-3.0,-3.3,0.0,2026-01-13,206.35885071854585,169.416851630451,184.0248192666584,134.31201233895845,164.2429842493256,151.44238173633673,ORCL,0,0.0,0.0,0.0,2.686214855955407,0.30157759478374113,False,False,0.39542980880303935,2.772376121982383,3.772376121982384,False,1.3456988835160433,1.2715055824197836,1.3615055824197837,False,0.6020776890328761,4.014762863464055,3.014762863464055,---,4.0
2026-07-20,2026-07-21,long,127.0500030517578,2026-07-23,123.23850296020507,stop_loss,-3.0,-3.3,0.67,2026-06-10,211.7433428851192,174.67231714634136,194.6428540895421,137.07312321448111,148.553192714378,120.02999877929688,ORCL,2,0.67,0.4736305967904479,0.22492932048548828,0.693439932672654,0.6511629818490333,False,True,0.5387101259059778,0.34389617108512144,1.3438961710851225,True,1.552957592291293,0.23521203854353515,0.3252120385435352,False,0.19941155404758065,1.5012115883893058,2.501211588389306,w2w3-,2.0
2017-04-05,2017-04-07,long,18.700000762939453,2017-04-17,18.13900074005127,stop_loss,-3.0,-3.3,0.0,2016-11-17,27.614999771118164,20.59499931335449,26.274999618530277,18.950000762939453,19.958332061767575,17.885000228881836,PANW,0,0.0,0.0,0.0,3.1230694048040206,0.25132753851715356,False,False,0.8091167998278501,4.239267793692376,3.2392677936923753,False,1.0434470623844248,2.782764688077876,2.8727646880778757,False,0.13765617151714776,2.3471757326418112,3.3471757326418112,---,10.0
2018-11-05,2018-11-08,long,31.406667709350582,2018-11-09,30.464467678070065,stop_loss,-3.0,-3.3,0.0,2018-09-13,39.91666793823242,33.383331298828125,35.630001068115234,29.23833274841309,31.82666778564453,30.176666259765625,PANW,0,0.0,0.0,0.22851813006097133,2.689667763598789,0.2969013430480278,False,False,0.34387785189834613,3.6461381034178615,4.646138103417862,False,0.978316084487716,3.108419577561419,3.1984195775614195,False,0.4049545295166473,1.314445609817086,0.314445609817086,---,1.0
2019-06-25,2019-06-27,long,34.14833450317383,2019-08-16,33.123884468078614,stop_loss,-3.0,-3.3,0.0,2019-05-03,41.823333740234375,36.5716667175293,38.42166519165039,32.44499969482422,35.731666564941406,32.823333740234375,PANW,0,0.0,0.0,0.0,3.0379629223776754,0.25223764752592337,False,False,0.35226880648045716,3.503918534229539,4.503918534229539,False,1.1380511123394976,2.3097444383025114,2.3997444383025117,False,0.5499164830058714,3.300225794600977,2.300225794600977,---,50.0
2019-09-04,2019-09-05,long,35.34166717529297,2019-09-10,34.28141716003418,stop_loss,-3.0,-3.3,0.33,2019-08-01,38.323333740234375,34.71833419799805,37.276668548583984,32.0283317565918,34.61166763305664,32.71500015258789,PANW,1,0.33,0.09308250505187295,0.06308250505187292,1.9280741342147785,0.3824855790890516,False,False,0.7096628780704084,2.553608102888279,1.5536081028882782,True,1.4558495030311238,0.7207524848443811,0.8107524848443812,False,0.4922199124885523,2.509861814911675,1.509861814911675,-w3-,5.0
2020-03-16,2020-03-17,long,23.59333229064941,2020-03-18,22.885532321929926,stop_loss,-3.0,-3.3,0.0,2020-02-19,41.85166549682617,29.851667404174805,31.86000061035156,25.6299991607666,28.01499938964844,22.30666732788086,PANW,0,0.0,0.0,0.3295662657897081,4.35113795024662,0.2614213914199497,False,False,0.16736112711606427,6.637946998032809,7.63794699803281,False,0.5191668699847648,5.404165650076174,5.494165650076175,False,0.38282498779205393,1.0113012026308756,0.011301202630875638,---,1.0
2020-03-18,2020-03-19,long,23.184999465942383,2020-07-28,40.801666259765625,time_exit,75.98,75.68,0.33,2020-03-03,31.86000061035156,25.6299991607666,28.01499938964844,22.30666732788086,24.11666679382324,20.911666870117188,PANW,1,0.33,0.2964371276492698,0.03689620568406349,2.17179364894133,0.459177173758297,False,False,0.38282498779205393,2.9860171560668816,3.986017156066883,False,0.9162649652590162,3.418675173704918,3.508675173704918,True,0.3170802690448099,0.11068861705219049,0.8893113829478095,--w4,131.0
2022-05-12,2022-05-13,long,81.83499908447266,2022-05-16,79.37994911193847,stop_loss,-3.0,-3.3,0.33,2022-04-20,106.81666564941406,94.84833526611328,100.125,75.76499938964844,83.30000305175781,75.05166625976562,PANW,1,0.33,0.33187809319188116,0.001455240141452152,1.394387586017367,0.547849236026425,False,False,0.4408856177006247,2.001938683040259,3.00193868304026,False,2.035371670917497,2.1768583545874844,2.0868583545874846,True,0.309318697590978,0.004365720424356481,0.9956342795756435,--w4,3.0
2023-01-12,2023-01-13,long,69.43000030517578,2023-05-24,102.15499877929688,time_exit,47.13,46.83,0.67,2022-12-01,89.48500061035156,78.93499755859375,84.49500274658203,66.3499984741211,69.84500122070312,66.11000061035156,PANW,2,0.67,0.28611608304174924,0.16349146544596418,0.9119882480905623,0.5530330833488855,False,True,0.5270145573144539,0.5421261472126447,1.5421261472126457,True,1.7199051207324216,0.5995256036621075,0.5095256036621074,False,0.19261515148202374,1.5943129933969349,2.594312993396935,w2w3-,131.0
2023-08-18,2023-08-21,long,120.40499877929688,2023-08-22,116.79284881591796,stop_loss,-3.0,-3.3,0.66,2023-07-05,129.44000244140625,115.90499877929688,127.01499938964844,104.01000213623048,110.88500213623048,100.58499908447266,PANW,2,0.66,0.4541995714870861,0.19722189027804585,1.6917591604738396,0.5764048760696218,False,False,0.8208346955570838,4.437876195882777,3.437876195882776,True,1.6996668658331726,0.49833432916586246,0.40833432916586243,True,0.2988481121847798,0.13906695637287936,1.1390669563728795,-w3w4,1.0
2026-01-02,2026-01-07,long,193.8999938964844,2026-01-09,188.08299407958987,stop_loss,-3.0,-3.3,0.0,2025-10-28,223.6100006103516,207.3500061035156,220.02999877929688,180.0500030517578,199.8999938964844,177.22999572753906,PANW,0,0.0,0.0,0.0,3.5350944681565575,0.22665681557613948,False,False,0.7798276112855008,3.7428408692457777,2.742840869245777,False,2.458795155848961,4.2939757792448034,4.203975779244804,False,0.4964980731864736,2.56846675597909,1.5684667559790901,---,2.0
2026-02-12,2026-02-13,long,166.9499969482422,2026-02-17,161.9414970397949,stop_loss,-3.0,-3.3,0.34,2026-01-07,196.19000244140625,178.77999877929688,189.38999938964844,151.7100067138672,168.27999877929688,157.80999755859375,PANW,1,0.34,0.04847581635670395,0.3544661309359587,1.8223697866070496,0.38638890904098444,False,True,0.6094197805048633,0.8545725509298882,0.1454274490701128,False,2.16427253015385,2.8213626507692493,2.731362650769249,False,0.4397557135429068,1.791174158122011,0.7911741581220111,w2--,4.0
2025-01-10,2025-01-17,long,139.8199920654297,2025-02-04,135.62539230346678,stop_loss,-3.0,-3.3,0.33,2024-09-16,167.79824083444672,155.66904199091425,165.99333686735767,145.74682824419847,154.42526598556734,133.46324283389038,PEP,1,0.33,0.2179381776240109,0.368309273919507,2.312501302462835,0.4299286472309876,False,False,0.8511934720196744,4.952431729147025,3.952431729147025,True,1.6692370934255936,0.3461854671279673,0.2561854671279672,False,0.4286387299112864,1.638886711113512,0.6388867111135118,-w3-,18.0
2020-02-28,2020-03-02,long,23.93198013305664,2020-03-09,23.21402072906494,stop_loss,-3.0,-3.3,0.0,2020-01-24,27.826230744405564,25.173859087947097,26.4637782618533,23.12921748354215,24.50146624006134,22.31959274427806,PFE,0,0.0,0.0,0.19852470150411863,1.4500594192855347,0.41081267609168565,False,False,0.4863267071812043,1.231750725742299,2.2317507257423,False,1.2571996726746677,1.7140016366266613,1.8040016366266614,False,0.41152309037059803,1.404425895487644,0.4044258954876441,---,7.0
2022-03-01,2022-03-02,long,37.21291732788086,2022-07-12,40.92982482910156,time_exit,9.99,9.69,0.33,2022-01-11,44.46564874930317,38.573540843355886,42.650527060481686,35.41857808585716,37.4703624791178,35.44978152340866,PFE,1,0.33,0.21785902693218917,0.0,1.4875556461558563,0.4664591924227847,False,False,0.6919401820544792,2.25322342465219,1.2532234246521894,False,1.2273958810776107,1.8630205946119465,1.9530205946119465,True,0.2837111268981494,0.3464229192034325,1.3464229192034325,--w4,132.0
2023-05-18,2023-05-22,long,31.599529266357425,2023-05-26,30.6515433883667,stop_loss,-3.0,-3.3,0.33,2022-12-14,43.911219027141485,39.10679701046252,41.24919890738423,31.64849211200117,34.060652784820206,29.495615689402676,PFE,1,0.33,0.06962666082758107,0.0,1.5664040664411576,0.41181880743087534,False,False,0.44592292048537363,1.916560669739429,2.91656066973943,False,1.9983063024133576,1.991531512066787,1.9015315120667868,True,0.25124823872124025,0.7911200175172568,1.7911200175172568,--w4,4.0
2023-10-13,2023-10-16,long,27.433015823364254,2023-10-17,26.610025348663324,stop_loss,-3.0,-3.3,0.0,2023-07-24,30.824826366417017,28.579146968014,30.66527576149205,26.19617921340734,28.12564034950249,26.40231790519585,PFE,0,0.0,0.0,0.10623723141982382,3.3006991830452477,0.2831442652502037,False,False,0.9289521892401789,6.270376088816592,5.270376088816591,False,1.9900866309157248,1.9504331545786229,1.8604331545786228,False,0.4317340463190586,1.6812883057405286,0.6812883057405286,---,1.0
2018-03-23,2018-03-29,long,63.22467422485352,2018-04-19,61.327933998107916,stop_loss,-3.0,-3.3,0.66,2017-09-20,74.36948683450423,67.605808133654,73.71584395135149,62.67438910019707,66.39069672906791,60.457405506783246,PG,2,0.66,0.4866361253203471,0.435154057948588,2.1255664513410584,0.5774768203845676,False,False,0.9033598560690687,5.836607729984216,4.836607729984215,True,1.6324629450193195,0.16231472509659722,0.07231472509659717,True,0.3365777136227924,0.37777689894236127,0.6222231010576387,-w3w4,21.0
2025-12-08,2025-12-11,long,216.4693603515625,2025-12-17,209.97527954101562,stop_loss,-3.0,-3.3,0.0,2025-06-03,272.16476950342496,224.5225919032716,239.37745880663877,187.7808700670872,217.8502457656205,205.9671545526685,PGR,0,0.0,0.0,0.0,3.508398240588455,0.2273783395428328,False,False,0.3118007541141308,4.189817726879139,5.18981772687914,False,1.083002317244741,2.584988413776295,2.674988413776295,False,0.582778366421025,3.750388581109931,2.750388581109931,---,6.0
2019-05-31,2019-06-04,long,145.7048797607422,2019-08-15,141.3337333679199,stop_loss,-3.0,-3.3,0.0,2019-04-22,171.72992148255497,162.89930746566932,171.30726628403954,153.07949454696458,161.9910623774175,137.551971833181,PH,0,0.0,0.0,0.0,3.816174232666336,0.24009199871099632,False,False,0.9521375073457814,6.663347582131889,5.663347582131888,False,2.0641567734950637,2.320783867475317,2.230783867475317,False,0.4889005611326016,2.4643912483918027,1.4643912483918027,---,72.0
2020-03-12,2020-03-13,long,128.64381408691406,2020-03-16,124.78449966430664,stop_loss,-3.0,-3.3,1.0,2020-02-20,197.97134057185028,161.6298487308754,182.2667855914317,126.8927071152944,146.75039672851562,115.68955277796285,PH,3,1.0,0.5962640646392585,0.45278614042169335,0.4037359353607415,0.7295639062151551,False,True,0.567861576813097,0.15019621717113682,0.8498037828288642,True,1.5237150615182857,0.3814246924085717,0.4714246924085717,True,0.35860984344468366,0.6795868965025159,0.32041310349748414,w2w3w4,3.0
2025-03-31,2025-04-01,long,601.6971435546875,2025-04-03,583.6462292480469,stop_loss,-3.0,-3.3,0.0,2025-01-31,707.1532766973189,661.8610379170096,698.3460397542217,582.5963253670413,648.0976577185419,573.2136377040681,PH,0,0.0,0.0,0.0,4.158619307232382,0.1958171764681905,False,False,0.8055464428283868,4.178753268277744,3.178753268277743,False,2.5556191856319175,4.778095928159585,4.688095928159585,False,0.5658876369439666,3.519008725259816,2.519008725259816,---,2.0
2020-03-16,2020-03-17,long,59.46286010742188,2020-03-18,57.67897430419922,stop_loss,-3.0,-3.3,0.33,2020-02-21,83.2473920652629,67.52223691340976,78.80931242043424,51.7303338963397,65.91468595284893,53.91106795536782,PLD,1,0.33,0.12997229994437806,0.1599722999443781,2.081264301788248,0.38188248430749444,False,False,0.7177719646024826,2.6910502474997062,1.6910502474997053,True,1.7220166200333733,0.6100831001668658,0.5200831001668658,False,0.5238141477119665,2.9426595576981716,1.9426595576981716,-w3-,1.0
2022-05-24,2022-05-26,long,107.41365814208984,2022-06-10,104.19124839782715,stop_loss,-3.0,-3.3,0.0,2022-04-21,153.21983753701303,143.44936644938537,152.71946558518422,105.71060961281258,112.93531828230034,102.15534214913704,PLD,0,0.0,0.0,0.0,8.263573177572491,0.16994399349222622,False,False,0.9487873258780295,6.606564845390332,5.606564845390331,False,4.811319285504962,16.056596427524806,15.966596427524804,False,0.15368824703442946,2.1275582598023357,3.1275582598023357,---,15.0
2022-10-13,2022-10-14,long,88.55992126464844,2023-02-24,108.7259292602539,time_exit,22.77,22.47,0.67,2022-08-16,122.77466913368734,107.36372568835851,115.50683863493695,89.62766586723002,94.9307586645037,87.22525166582247,PLD,2,0.67,0.36165371903177174,0.231212582094154,0.7802759614103891,0.5956171951982174,False,True,0.5283980812379583,0.5186765891871468,1.5186765891871477,True,1.6792724507435077,0.3963622537175381,0.306362253717538,False,0.20491739998316674,1.4257890413264827,2.4257890413264827,w2w3-,133.0
2023-10-27,2023-11-01,long,92.98019409179688,2024-03-13,122.7973403930664,time_exit,32.07,31.77,0.66,2023-07-27,118.37451301523409,107.97834702260404,114.46685395762444,97.34551540915156,103.55944207971164,88.44100764726349,PLD,2,0.66,0.3422403406511525,0.8301896089073098,0.6923640893843057,0.6201683038265681,False,False,0.624124984116276,1.1038132901063746,0.10381329010637363,True,1.646889686121824,0.23444843060911982,0.14444843060911977,True,0.36293462996293185,0.7388305474374226,0.2611694525625774,-w3w4,133.0
2025-01-13,2025-01-14,long,102.82149505615234,2025-04-03,99.73685020446777,stop_loss,-3.0,-3.3,0.0,2024-10-16,120.3457485573992,105.02556746365244,112.62437361600222,95.87923597134969,103.50619703036897,98.17112621508632,PLD,0,0.0,0.0,0.0,1.8697413032696677,0.36637013626124365,False,False,0.49599976043699523,1.0678006705594019,2.0678006705594028,False,1.0930117302260471,2.534941348869764,2.624941348869764,False,0.45547317799772813,2.0064818903798374,1.0064818903798372,---,79.0
2021-02-23,2021-02-24,long,26.38999938964844,2021-02-25,25.598299407958987,stop_loss,-3.0,-3.3,0.0,2021-01-28,42.0,30.5,39.220001220703125,24.5,30.190000534057617,23.899999618530277,PLTR,0,0.0,0.0,0.3125620216038361,2.01320602585168,0.3659862587436525,False,False,0.7582609757133152,3.377304673107038,2.3773046731070373,False,1.280000106148098,1.5999994692595105,1.6899994692595104,False,0.3865489172687599,1.0623139351884916,0.06231393518849162,---,1.0
2021-03-30,2021-03-31,long,23.290000915527344,2021-04-16,22.59130088806152,stop_loss,-3.0,-3.3,0.0,2021-03-15,27.46999931335449,23.38999938964844,24.920000076293945,21.049999237060547,23.049999237060547,20.86000061035156,PLTR,0,0.0,0.0,0.0,3.074170030863139,0.24588725655763408,False,False,0.3750001753077818,3.118641096478274,4.1186410964782745,False,0.9485296351961945,3.257351824019027,3.347351824019027,False,0.5167957535627244,2.846517172092115,1.8465171720921154,---,16.0
2021-10-08,2021-10-13,long,24.1299991607666,2021-11-10,23.406099185943603,stop_loss,-3.0,-3.3,0.33,2021-09-17,29.290000915527344,26.059999465942383,29.190000534057617,23.020000457763672,25.01000022888184,23.11000061035156,PLTR,1,0.33,0.271560173685302,0.06177315964803135,2.895410614047929,0.4538113812637441,False,False,0.9690401434703455,6.949832940175349,5.949832940175348,False,1.910215884604869,1.5510794230243437,1.4610794230243436,True,0.32252832196291886,0.18531947894409403,0.8146805210559059,--w4,28.0
2021-12-06,2021-12-07,long,19.459999084472656,2021-12-10,18.876199111938476,stop_loss,-3.0,-3.3,0.0,2021-11-08,27.11000061035156,22.1200008392334,23.520000457763672,20.049999237060547,21.399999618530277,18.075000762939453,PLTR,0,0.0,0.0,0.30114628116215514,3.4463033188220726,0.27762584575316235,False,False,0.2805610586664538,4.7193040903990875,5.719304090399088,False,0.6953910580892805,4.523044709553597,4.613044709553597,False,0.38904896442548803,1.0965611565135345,0.09656115651353457,---,3.0
2022-01-10,2022-01-11,long,16.889999389648438,2022-01-13,16.383299407958983,stop_loss,-3.0,-3.3,0.0,2021-12-22,19.450000762939453,17.90999984741211,18.9950008392334,16.05500030517578,17.329999923706055,15.350000381469728,PLTR,0,0.0,0.0,0.09738237050948177,1.9067264736071454,0.3501993861707798,False,False,0.7045456797340612,2.466875927695954,1.4668759276959533,False,1.9090901209307856,1.545450604653927,1.4554506046539268,False,0.4336732608584235,1.7078528884715547,0.7078528884715547,---,2.0
2022-01-28,2022-01-31,long,13.710000038146973,2022-02-02,13.298700037002563,stop_loss,-3.0,-3.3,0.0,2022-01-12,17.459999084472656,14.539999961853027,15.550000190734863,11.75,13.81999969482422,11.890000343322754,PLTR,0,0.0,0.0,0.0,2.778147526999396,0.28479040847471176,False,False,0.3458905932737853,3.6120238428171976,4.612023842817199,False,1.3013703193601496,1.4931484031992521,1.5831484031992522,False,0.5447367344536669,3.2292703349817375,2.2292703349817375,---,2.0
2022-05-18,2022-05-19,long,8.3100004196167,2022-05-20,8.060700407028198,stop_loss,-3.0,-3.3,0.33,2022-04-21,13.329999923706056,10.18000030517578,11.010000228881836,6.440000057220459,8.460000038146973,7.920000076293945,PLTR,1,0.33,0.08465646830440021,0.11395734352802978,2.5255789774829935,0.3645006352433993,False,False,0.26349207118104884,5.00860896303307,6.008608963033071,True,1.4507938809826402,0.7460305950867994,0.8360305950867993,False,0.44201310832602514,1.8220973743291113,0.8220973743291113,-w3-,1.0
2022-09-06,2022-09-08,long,7.53000020980835,2022-09-22,7.304100203514099,stop_loss,-3.0,-3.3,0.33,2022-08-15,10.100000381469728,7.980000019073486,8.430000305175781,7.21999979019165,7.670000076293945,7.170000076293945,PLTR,1,0.33,0.04611459081765046,0.28721874251568286,3.9615863470322075,0.28175747333487916,False,False,0.21226424961251347,5.876877125211636,6.876877125211637,False,0.5707548623324121,5.146225688337938,5.236225688337938,True,0.37190090461093456,0.8616562275470486,0.13834377245295135,--w4,14.0
2023-08-11,2023-08-14,long,15.720000267028809,2023-08-16,15.248400259017943,stop_loss,-3.0,-3.3,0.34,2023-08-01,20.239999771118164,18.149999618530277,19.299999237060547,15.100000381469728,15.869999885559082,14.90999984741211,PLTR,1,0.34,0.28383622461131003,0.0,1.3059322883595483,0.5220859577280714,False,True,0.5502390117562018,0.1484913261660698,1.1484913261660707,False,2.0095686837105164,2.047843418552581,1.957843418552581,False,0.1833332652137204,1.7214621203599942,2.7214621203599942,w2--,2.0
2023-12-13,2023-12-14,long,18.209999084472656,2023-12-20,17.663699111938477,stop_loss,-3.0,-3.3,0.67,2023-11-21,21.850000381469727,18.6200008392334,20.309999465942383,17.049999237060547,18.280000686645508,17.219999313354492,PLTR,2,0.67,0.1526398844721987,0.31187685691739936,1.498546549533332,0.46401827304858245,False,True,0.5232194632259588,0.6064497758312057,1.6064497758312066,False,1.0092881395966813,2.953559302016593,3.043559302016593,True,0.37730103166491047,0.9356305707521981,0.06436942924780187,w2-w4,6.0
2025-02-28,2025-03-03,long,83.41999816894531,2025-03-04,80.91739822387694,stop_loss,-3.0,-3.3,0.33,2025-02-19,125.41000366210938,95.8000030517578,109.06999969482422,85.25,93.62000274658205,78.58000183105469,PLTR,1,0.33,0.13979219070417928,0.19354114262915403,2.1456633385853983,0.3936472153908361,False,False,0.44815928299668,1.8786562203952533,2.878656220395254,False,0.8044579265053041,3.9777103674734784,4.067710367473478,True,0.35138551023578474,0.5806234278874621,0.41937657211253787,--w4,1.0
2018-07-19,2018-07-20,long,55.96821975708008,2018-08-13,54.289173164367675,stop_loss,-3.0,-3.3,0.67,2018-03-09,71.17081931571965,62.519052480895816,67.78192389670401,49.88563763407673,55.762441919856506,50.79693134912485,PM,2,0.67,0.2996358019770917,0.36703086468957463,1.1478847265454264,0.5447192373486908,False,True,0.608300190733857,0.8355964531162212,0.16440354688377967,False,2.068512317113511,2.3425615855675543,2.2525615855675545,True,0.32838121828953276,0.26549614095250357,0.7345038590474964,w2-w4,24.0
2019-01-24,2019-01-28,long,50.82643127441406,2019-06-06,53.442970275878906,time_exit,5.15,4.85,0.0,2018-11-20,59.89842702985247,55.76473027820797,59.59547441726684,44.2090866729244,50.71705250788859,48.06465364822094,PM,0,0.0,0.0,0.1462600374095283,6.134848979529978,0.2049438109702072,False,False,0.9267114568902267,6.232397574410624,5.232397574410623,False,3.72218589528158,10.610929476407897,10.520929476407895,False,0.4229690518073133,1.5612198877714152,0.5612198877714151,---,129.0
2020-03-23,2020-03-24,long,46.883827209472656,2020-03-25,45.47731239318848,stop_loss,-3.0,-3.3,0.34,2020-03-13,57.78262290126518,49.54140816193169,54.40793230052589,43.32791269975286,48.6796306751967,41.28872814540495,PM,1,0.34,0.15530770238984312,0.17802563094348992,1.3984671249571543,0.4621468546262431,False,True,0.5905105366769977,0.5340768928304707,0.4659231071695302,False,1.3444643722108787,1.2776781389456067,1.3676781389456067,False,0.48300618304596316,2.3836463430953856,1.3836463430953854,w2--,1.0
2018-10-24,2018-10-29,long,92.69744110107422,2018-12-14,89.91651786804199,stop_loss,-3.0,-3.3,0.66,2018-06-07,111.80478049768053,99.84573388747856,110.87600909295452,91.58210979747363,97.060630732028,88.44043843254317,PNC,2,0.66,0.5300692715391252,0.32555148114423216,2.189350712439277,0.607244925070446,False,False,0.9223373371641771,6.158259951935206,5.1582599519352055,True,1.6133308886865394,0.06665444343269653,0.02334555656730352,True,0.28395094483765526,0.34313774194992785,1.3431377419499277,-w3w4,46.0
2020-03-12,2020-03-13,long,84.4034194946289,2020-03-16,81.87131690979004,stop_loss,-3.0,-3.3,0.33,2020-02-12,123.80426120471807,96.68759343005576,105.43722656757352,76.96350784217586,85.98133635195826,71.70897763388436,PNC,1,0.33,0.2981411558598325,0.03519217747350086,2.2870030121286065,0.45698735290109854,False,False,0.3226662365090956,4.005657008320413,5.005657008320414,False,1.0500449008710193,2.749775495644903,2.839775495644903,True,0.3167070868666967,0.10557653242050256,0.8944234675794974,--w4,3.0
2022-05-20,2022-05-23,long,137.69654846191406,2022-06-13,133.56565200805665,stop_loss,-3.0,-3.3,0.34,2022-04-20,155.5443382319742,139.33528350596728,147.9789659227748,130.0207827225057,136.89840421085182,129.35850970268208,PNC,1,0.34,0.18792420667307982,0.3288593409119199,1.3033654880590744,0.4939718179739641,False,True,0.5332625845811351,0.43622737998076055,1.4362273799807614,False,1.1079105786135555,2.4604471069322225,2.5504471069322223,False,0.38297980434028955,1.0134219772642403,0.013421977264240373,w2--,21.0
2023-03-16,2023-03-17,long,108.05208587646484,2023-03-24,104.8105233001709,stop_loss,-3.0,-3.3,0.33,2023-01-12,146.34699997800826,128.47126016233568,145.95590094782762,108.480048059983,121.1349967280132,105.63287759308926,PNC,1,0.33,0.20236192012009802,0.13097141321323533,3.326328756279715,0.37616121617835435,False,False,0.9781212395003789,7.103749822040322,6.103749822040321,False,2.0964644414318236,2.482322207159117,2.392322207159117,True,0.33768273949369854,0.39291423963970595,0.607085760360294,--w4,7.0
2025-04-10,2025-04-14,long,147.5418243408203,2025-04-21,143.1155696105957,stop_loss,-3.0,-3.3,0.0,2025-01-29,195.17087048491,160.00477232298869,170.68186690675114,139.54346171083367,154.07724842008437,140.28439570050074,PNC,0,0.0,0.0,0.0,3.354029935355534,0.24090787429597227,False,False,0.3036189723011085,4.328491994896465,5.328491994896466,False,0.8854665949159769,3.572667025420115,3.662667025420115,False,0.46674794735975167,2.160930785750023,1.1609307857500226,---,7.0
2018-10-29,2018-10-30,long,74.70037841796875,2018-11-02,72.45936706542969,stop_loss,-3.0,-3.3,0.33,2018-08-28,88.9655935209748,79.67013464116555,87.20166798929962,69.56955150377628,75.96657694525032,71.20907112762102,PSX,1,0.33,0.08764699821724613,0.2456863351160872,2.1598641984650873,0.3894653572280924,False,False,0.8102379285968743,4.258269976218209,3.2582699762182084,False,1.8968527227657583,1.4842636138287908,1.3942636138287907,True,0.3628053073904231,0.7370590053482616,0.26294099465173837,--w4,3.0
2018-12-06,2018-12-07,long,66.68387603759766,2018-12-10,64.68335975646973,stop_loss,-3.0,-3.3,0.0,2018-10-31,76.55945731042651,72.11666775356223,75.73972066810025,65.68011780535237,70.81702020830754,65.73916335334958,PSX,0,0.0,0.0,0.0,3.476949649712591,0.22807331760136074,False,False,0.8154905534384952,4.3472975159067,3.3472975159066984,False,2.2642537383309995,3.3212686916549963,3.231268691654996,False,0.5106466401350537,2.7622827415760773,1.7622827415760773,---,3.0
2019-05-31,2019-06-05,long,63.78800964355469,2019-10-11,80.84154510498047,time_exit,26.73,26.43,0.33,2019-03-19,74.7338507063663,69.8662089330589,74.22773551540438,62.31169610396544,66.07034535001505,60.33655575792247,PSX,1,0.33,0.3039829742026221,0.02935035913071123,3.3467951812594876,0.41963096505520525,False,False,0.8960245608587517,5.712280692521217,4.712280692521215,False,2.4480107547730228,4.240053773865112,4.150053773865112,True,0.31542772864962576,0.08805107739213373,0.9119489226078663,--w4,128.0
2020-03-09,2020-03-10,long,48.93402862548828,2020-03-11,47.46600776672363,stop_loss,-3.0,-3.3,0.33,2019-11-15,91.15074499850532,67.5009585231667,71.33170016332399,55.13573184143437,59.91640096719848,46.49351036321816,PSX,1,0.33,0.2702122956109649,0.0,3.8314754485959877,0.3831699583910095,False,False,0.16197785312573046,6.729188930072365,7.7291889300723655,False,0.6848251394903017,4.575874302548491,4.665874302548491,True,0.2951764927388013,0.18936311316710527,1.1893631131671052,--w4,1.0
2020-07-20,2020-07-21,long,51.94894790649414,2020-07-22,50.390479469299315,stop_loss,-3.0,-3.3,0.34,2020-06-19,61.32666131441107,52.60594168593958,57.36910116652394,45.926564452992245,51.7455968751639,48.70311320537655,PSX,1,0.34,0.2609537316419925,0.0,1.4633569832642968,0.49979118078901025,False,True,0.5461888105006326,0.21713880507402247,1.2171388050740235,False,1.312109229629856,1.43945385185072,1.5294538518507201,False,0.5085439153793748,2.733478292868148,1.733478292868148,w2--,1.0
2021-04-13,2021-04-14,long,64.69059753417969,2021-04-20,62.749879608154295,stop_loss,-3.0,-3.3,0.0,2021-03-09,73.81685869761674,69.18040210229249,72.92869390562457,63.32980668856202,68.80556464433698,62.46606292089725,PSX,0,0.0,0.0,0.0,3.3869739841772275,0.23597353199838814,False,False,0.8084388856593935,4.227777723040568,3.2277777230405675,False,2.0703067136965734,2.3515335684828655,2.2615335684828657,False,0.5704575782536022,3.581610661008249,2.581610661008249,---,6.0
2021-08-20,2021-08-23,long,57.379356384277344,2021-09-09,55.65797569274902,stop_loss,-3.0,-3.3,0.33,2021-06-10,77.69421635228878,69.26102354047292,74.49059333444993,57.42652192053712,62.91963412340055,53.75144931594798,PSX,1,0.33,0.2743790195333066,0.38032480542484715,1.1099861445008845,0.5539008832925552,False,False,0.6201174229824068,1.0358885251255399,0.03588852512553903,False,2.023441393395407,2.1172069669770335,2.0272069669770336,True,0.32191099472220586,0.17686294140008024,0.8231370585999197,--w4,17.0
2022-06-23,2022-06-27,long,75.1334457397461,2022-06-29,72.87944236755371,stop_loss,-3.0,-3.3,0.66,2022-06-08,95.88132055172623,86.21391883803453,92.8053116906693,77.74416708429135,83.31886404858197,71.65251896426734,PSX,2,0.66,0.3173841894304034,0.5123857371836329,1.0431603374732215,0.5649769488069682,False,False,0.6818163812619416,2.081633580710875,1.081633580710874,True,1.557930977984211,0.21034511007894544,0.3003451100789455,True,0.37013766947897864,0.8375023216298443,0.16249767837015572,-w3w4,2.0
2018-10-24,2018-10-31,long,30.59315490722656,2018-12-14,29.67536026000976,stop_loss,-3.0,-3.3,0.33,2018-08-06,34.90759179532567,32.162038852549905,34.74088041986045,30.41665685698548,32.15223322001517,29.67143991135797,PWR,1,0.33,0.29165311627121815,0.5065782938673169,2.611893399920539,0.4882083236747758,False,False,0.9392794898004505,6.445415081363569,5.445415081363568,True,1.574991869762731,0.1250406511863455,0.21504065118634555,False,0.4013613861064544,1.265224467211704,0.26522446721170384,-w3-,44.0
2022-01-28,2022-01-31,long,102.02584838867188,2022-02-07,98.96507293701171,stop_loss,-3.0,-3.3,0.34,2022-01-05,116.7953639257491,102.88997181576636,111.09414774932816,93.27539480679084,100.56580223250585,94.26864435345048,PWR,1,0.34,0.15819428900120314,0.3845344571605797,1.1633643336502055,0.48761694889464097,False,True,0.589999610846787,0.5254171329963906,0.4745828670036104,False,1.281427578712085,1.592862106439575,1.6828621064395748,False,0.4091424045905695,1.3718137615146506,0.3718137615146505,w2--,7.0
2019-06-14,2019-06-18,long,61.39997100830078,2019-08-01,59.55797187805176,stop_loss,-3.0,-3.3,0.67,2019-05-02,76.38454999040749,69.55272892597083,73.5604996554567,54.75605876680666,61.62182239464055,57.93578997284095,QCOM,2,0.67,0.2543207470165806,0.41234591965008577,2.333143491114924,0.464767866022674,False,True,0.5866328599190762,0.46835355795044525,0.5316464420495557,False,2.752478542878903,5.7623927143945135,5.672392714394514,True,0.36511394667298636,0.768684200999813,0.23131579900018695,w2-w4,44.0
2021-02-23,2021-02-24,long,125.42170715332033,2021-02-25,121.65905593872071,stop_loss,-3.0,-3.3,0.66,2021-01-20,149.27938981251367,135.72392775505995,148.95936441756942,127.58165774849124,134.57721727906926,119.50173568080002,QCOM,2,0.66,0.5451543597606086,0.34836168085104213,2.4796558458184195,0.6070167387844368,False,False,0.9763914063874879,7.074430616737084,6.074430616737083,True,1.5770548121834953,0.11472593908252389,0.20472593908252396,True,0.3272362016594025,0.24981098163565044,0.7501890183643496,-w3w4,1.0
2022-02-24,2022-02-25,long,154.7375946044922,2022-03-01,150.09546676635742,stop_loss,-3.0,-3.3,0.34,2022-02-03,173.90216279938593,157.498661583296,166.5694513812004,147.08808963104863,157.4805447183996,141.03183253632932,QCOM,1,0.34,0.2993157294122794,0.0,1.746208257561144,0.49313799779617723,False,True,0.5529788841059734,0.10205281176316171,1.1020528117631627,False,1.1876343649758638,2.0618281751206804,2.1518281751206807,False,0.5334562963633701,3.07474378579959,2.07474378579959,w2--,4.0
2022-03-10,2022-03-11,long,138.48391723632812,2022-03-14,134.32939971923827,stop_loss,-3.0,-3.3,0.0,2022-02-28,156.60245815109226,146.40007572761712,155.2921710111324,134.4296123811221,144.0654864228607,136.6567745693377,QCOM,0,0.0,0.0,0.0,3.2054419193140404,0.2640379674766123,False,False,0.8715704738782432,5.297804642004123,4.297804642004122,False,2.0448712628147194,2.224356314073596,2.134356314073596,False,0.4618740305361014,2.094164801864402,1.0941648018644021,---,3.0
2022-06-23,2022-06-24,long,114.32020568847656,2022-07-05,110.89059951782227,stop_loss,-3.0,-3.3,0.0,2022-06-02,133.64774510682875,115.69095991403256,121.79535398933682,108.16099708445697,115.25231670971117,108.04220186000217,QCOM,0,0.0,0.0,0.0,3.602720662371756,0.22043771840819137,False,False,0.3399491618217489,3.7127260708178147,4.712726070817816,False,0.7592871863472317,4.203564068263841,4.293564068263841,False,0.5201066449064538,2.8918718480336127,1.8918718480336127,---,11.0
2022-09-08,2022-09-09,long,121.34845733642578,2022-09-13,117.708003616333,stop_loss,-3.0,-3.3,1.0,2022-08-18,139.73382236388846,126.6660825809584,134.66208198089416,115.86227079570006,121.91820987092945,115.69685974974156,QCOM,3,1.0,0.37232293253766735,0.39315343330172725,0.6276770674623326,0.6427863425160179,False,True,0.6118884774841211,0.8964148726122234,0.10358512738777756,True,1.4386429097518185,0.8067854512409076,0.8967854512409076,True,0.3221276541329723,0.17983087853386695,0.8201691214661331,w2w3w4,4.0
2024-07-30,2024-07-31,long,173.40402221679688,2024-08-01,168.20190155029297,stop_loss,-3.0,-3.3,0.0,2024-07-16,202.28712748451733,178.01344106780817,188.0564069363283,166.04429492164346,175.0235453769504,159.81534733477676,QCOM,0,0.0,0.0,0.21496270570516743,2.427671704311488,0.3124585719190567,False,False,0.41373879913052275,2.4620542520250375,3.4620542520250384,False,0.9068302043950144,3.4658489780249275,3.5558489780249274,False,0.40792316745056834,1.3551118828844977,0.35511188288449763,---,1.0
2025-03-13,2025-03-17,long,153.76593017578125,2025-03-28,149.1529522705078,stop_loss,-3.0,-3.3,0.0,2025-02-05,171.3871895585667,160.15502282146895,170.90304425118464,146.55055584278668,157.5334070291569,146.4353759613505,QCOM,0,0.0,0.0,0.01828754436243729,3.843219588518457,0.24301891430172687,False,False,0.9568965348615233,6.744009065449548,5.744009065449547,False,2.1681024666386275,2.840512333193136,2.750512333193136,False,0.45099502778462625,1.9451373669126881,0.9451373669126881,---,11.0
2025-04-10,2025-04-11,long,135.56129455566406,2025-04-16,131.49445571899415,stop_loss,-3.0,-3.3,0.34,2025-03-25,157.19269441285456,143.96269928812757,151.341892345255,117.60002847280926,141.02267794161307,125.86512964413896,QCOM,1,0.34,0.3263409117145629,0.0,3.349778261422605,0.43754474648429403,False,True,0.5577623413734776,0.02097726485631126,1.0209772648563122,False,2.5504063723637995,4.752031861818995,4.6620318618189955,False,0.6941717730042531,5.276325657592508,4.276325657592508,w2--,5.0
2026-07-07,2026-07-09,long,191.1100006103516,2026-07-13,185.37670059204103,stop_loss,-3.0,-3.3,0.33,2026-06-22,233.44000244140625,191.0200042724609,219.42999267578125,172.1199951171875,188.6699981689453,179.0,QCOM,1,0.33,0.1469387373274338,0.22746231142176554,1.6198672074513922,0.42701948363335657,False,False,0.6697310143713917,1.876796853752403,0.876796853752402,False,1.115275803883185,2.423620980584075,2.5136209805840752,True,0.349820416525292,0.5591837880176986,0.4408162119823014,--w4,4.0
2026-08-03,2026-08-04,long,162.6699981689453,2026-08-05,157.78989822387695,stop_loss,-3.0,-3.3,0.33,2026-07-09,196.08999633789065,164.77000427246094,178.64999389648438,146.0,153.72999572753906,142.88999938964844,QCOM,1,0.33,0.0034399956039758983,0.0,1.9135416662783638,0.3680242086047749,False,False,0.44316708621851314,1.9632697251099458,2.9632697251099467,False,1.0424649478925854,2.7876752605370725,2.877675260537073,True,0.2367533590372707,0.9896800131880723,1.9896800131880723,--w4,1.0
2018-02-09,2018-02-12,long,339.4665222167969,2018-02-13,329.28252655029297,stop_loss,-3.0,-3.3,0.0,2018-01-03,393.070709446976,359.6064853456626,392.51590742848623,316.5131588144551,349.2046108956704,312.0453017740701,REGN,0,0.0,0.0,0.11353822363828574,4.069594471046792,0.2425504662668785,False,False,0.9834210404278275,7.193576956403858,6.193576956403857,False,2.2711642255302755,3.355821127651376,3.265821127651376,False,0.43013512902321543,1.6593853290851428,0.6593853290851428,---,1.0
2018-11-20,2018-11-23,long,337.6734313964844,2019-04-05,405.1170043945313,time_exit,19.97,19.67,0.33,2018-10-01,406.16715083120783,364.2922654721584,397.2512425057726,324.5175923160509,363.56910852246136,328.4405949012434,REGN,1,0.33,0.10512042536241029,0.1351204253624103,2.5575036393921864,0.34723718803169007,False,False,0.787082203354416,3.86580005685451,2.8658000568545092,True,1.736927744782554,0.6846387239127691,0.5946387239127691,False,0.5369112660308775,3.12207213740928,2.12207213740928,-w3-,133.0
2019-05-15,2019-05-16,long,305.1602783203125,2019-05-20,296.00546997070313,stop_loss,-3.0,-3.3,0.33,2019-03-12,417.8567666064865,384.858191589483,412.00205144025153,325.9243422979043,348.6102571254809,294.54049748268955,REGN,1,0.33,0.12580622605990419,0.0,3.377541274798386,0.32156490736156224,False,False,0.8225767275338972,4.46740216159148,3.4674021615914783,False,2.6085280681966787,5.042640340983391,4.9526403409833915,True,0.263551563507119,0.6225813218202875,1.6225813218202876,--w4,4.0
2020-09-21,2020-09-22,long,566.167236328125,2020-09-25,549.1822192382813,stop_loss,-3.0,-3.3,0.33,2020-08-19,634.6608951477966,585.1877353938752,615.7989309989232,534.9518755019504,580.9576889873316,537.0915459904668,REGN,1,0.33,0.27640010936891546,0.6355329253683207,1.5818985065024822,0.5233914615407292,False,False,0.6187434915681053,1.0126015520017853,0.01260155200178424,True,1.6341599343786508,0.17079967189325357,0.08079967189325352,False,0.5690474835797058,3.562294295612408,2.562294295612408,-w3-,3.0
2020-12-11,2020-12-14,long,495.7022399902344,2020-12-16,480.8311727905273,stop_loss,-3.0,-3.3,0.34,2020-11-05,591.2208382736685,535.2589247434764,568.2971024177633,504.5784456480201,533.8225253185435,467.1714130105671,REGN,1,0.34,0.15610747129468797,0.17722586203864507,1.6309453082047625,0.42756321346586507,False,True,0.5903689775808402,0.5316775861159361,0.4683224138840648,False,1.138607541276556,2.30696229361722,2.39696229361722,False,0.4589563112763226,2.054196044881131,1.054196044881131,w2--,2.0
2024-10-31,2024-11-01,long,835.7135620117188,2024-11-06,810.6421551513672,stop_loss,-3.0,-3.3,1.0,2024-08-27,1199.876836950154,1102.8328139406103,1159.6367769071526,998.982968495964,1059.997134065333,808.3616837788951,REGN,3,1.0,0.43549157969062885,0.7429300874741362,0.5645084203093711,0.6606303908801089,False,True,0.5853422107300305,0.4464781479666189,0.553521852033382,True,1.6554734998505705,0.27736749925285176,0.18736749925285173,True,0.3797866118007309,0.9696796137086426,0.03032038629135731,w2w3w4,5.0
2026-06-02,2026-06-03,long,618.2280883789062,2026-06-18,599.681245727539,stop_loss,-3.0,-3.3,0.67,2026-04-01,779.1351119824768,667.0735442644666,728.6495939405327,608.978227620868,650.2406801527156,590.830129282063,REGN,2,0.67,0.449443150342002,0.16346136912679884,1.1040446814422238,0.6017571356962245,False,True,0.5494840999459777,0.1612864415935975,1.1612864415935984,False,1.0679073009294644,2.6604634953526776,2.7504634953526774,True,0.34479803983876894,0.49038410738039645,0.5096158926196035,w2-w4,15.0
2018-05-03,2018-05-07,long,62.7431526184082,2018-09-13,71.11089324951172,time_exit,13.34,13.04,0.0,2018-02-28,71.8829176870764,66.44368190750114,69.91067561700312,62.62376048648448,66.07518370775435,59.89378378075397,RTX,0,0.0,0.0,0.22370302936143552,1.6286172331963098,0.3903539452650208,False,False,0.6374045638030259,1.3288909119156944,0.3288909119156934,False,1.3396946603935729,1.3015266980321356,1.3915266980321357,False,0.4736466885438003,2.2554340896411,1.2554340896411,---,129.0
2020-03-18,2020-03-19,long,45.41617584228516,2020-03-20,44.05369056701661,stop_loss,-3.0,-3.3,0.0,2020-03-04,75.82374526436341,61.00492885396781,65.33181991622747,50.31781768445576,60.06146092601036,37.42387315551027,RTX,0,0.0,0.0,0.0,4.038975939745659,0.20397569384009814,False,False,0.29198627895978857,4.525656288817142,5.525656288817143,False,1.013171485223286,2.934142573883569,3.0241425738835694,False,0.6489704138271473,4.657128956536264,3.6571289565362632,---,1.0
2020-03-23,2020-03-24,long,47.04281234741211,2020-04-03,45.631527976989744,stop_loss,-3.0,-3.3,0.33,2020-03-10,65.33181991622747,50.31781768445576,60.06146092601036,37.42387315551027,48.17063080072733,39.2023461615085,RTX,1,0.33,0.17960841054046325,0.30796765445488544,1.4187934836669538,0.4620721735918594,False,False,0.6489704138271473,1.5249222682567343,0.5249222682567334,True,1.507765046324278,0.4611747683786103,0.5511747683786103,False,0.4747306892486827,2.2702834143655166,1.2702834143655166,-w3-,10.0
2023-10-06,2023-10-09,long,68.75216674804688,2024-02-16,86.35783386230469,time_exit,25.61,25.31,0.66,2023-04-19,97.53454485669648,86.01113508851255,94.17728425169096,76.09576883539633,82.96169332300425,64.57937027036651,RTX,2,0.66,0.2922606575327535,0.5747778579876509,1.219927826191673,0.552303081754897,False,False,0.7086573616192234,2.5365654511732796,1.5365654511732787,True,1.5691115546561214,0.1544422267193934,0.24444222671939345,True,0.3797206334498113,0.9687758006823461,0.03122419931765387,-w3w4,130.0
2020-03-12,2020-03-13,long,60.399898529052734,2020-03-16,58.58790157318115,stop_loss,-3.0,-3.3,0.33,2020-01-24,80.93631427144977,72.67330397892862,78.18643244252291,65.41018438467242,71.37070043602063,53.09178295669919,SBUX,1,0.33,0.2436629439624972,0.268997358718361,1.4203223720074656,0.48584462928089184,False,False,0.6672058085882121,1.8339967557324095,0.8339967557324086,True,1.5461977663774984,0.26901116811250836,0.35901116811250844,False,0.466531021028956,2.1579591921774792,1.1579591921774792,-w3-,3.0
2024-05-29,2024-06-03,long,77.57917785644531,2024-06-12,75.25180252075195,stop_loss,-3.0,-3.3,0.0,2024-02-09,91.9193815496784,79.06810492727448,84.17109637767018,67.35188333481422,76.57729987969412,72.6170679504821,SBUX,0,0.0,0.0,0.0,2.4938310033535904,0.3025978593347643,False,False,0.39708050805626127,2.7443981685379435,3.744398168537945,False,1.308758151974928,1.4562092401253597,1.5462092401253598,False,0.5485046489020152,3.2808856013974683,2.2808856013974683,---,9.0
2025-04-10,2025-04-11,long,82.1795883178711,2025-04-16,79.71420066833495,stop_loss,-3.0,-3.3,0.0,2025-03-27,96.11827027681576,90.98144770476434,95.95473816388623,73.25266221916536,85.73880669489388,78.56263660323138,SBUX,0,0.0,0.0,0.0,8.111252847559456,0.14158153730433545,False,False,0.9681647340090582,6.934995491678954,5.934995491678953,False,4.41947831101642,14.097391555082098,14.007391555082096,False,0.5500001192019641,3.301371495917316,2.301371495917316,---,5.0
2018-08-21,2018-08-27,long,45.924560546875,2018-09-06,44.54682373046875,stop_loss,-3.0,-3.3,0.33,2018-05-21,53.69783562265916,48.87377239529581,51.941190943294,44.005116479256046,48.38333288214276,44.09186966340476,SCHW,1,0.33,0.25816388591866607,0.5206053223548057,1.6175471820205296,0.49383606332528673,False,False,0.6358578657508033,1.302675690691582,0.30267569069158107,True,1.6451016684488005,0.22550834224400176,0.1355083422440017,False,0.5516853984581984,3.3244575131260055,2.3244575131260055,-w3-,10.0
2018-12-10,2018-12-11,long,36.97627258300781,2018-12-19,35.86698440551758,stop_loss,-3.0,-3.3,0.0,2018-11-08,44.13847225106554,39.36964583038106,41.5658103789955,36.86870756280715,38.76906210238658,35.9274964840808,SCHW,0,0.0,0.0,0.23022764730717094,2.017860875451656,0.3510260604548509,False,False,0.46052515962600754,1.669065091084617,2.669065091084618,False,0.9849599045616272,3.0752004771918635,3.1652004771918634,False,0.40458014523972957,1.3093170580784872,0.30931705807848714,---,8.0
2020-03-12,2020-03-13,long,30.96992492675781,2020-03-16,30.040827178955073,stop_loss,-3.0,-3.3,0.33,2020-02-20,45.30734516993381,36.12700930685327,38.44953082520726,27.43129809845324,30.98821356252304,25.703123528472265,SCHW,1,0.33,0.2702243423104167,0.06310899102291663,2.458320709020565,0.44529820394033637,False,False,0.2529887308038697,5.1866316812903435,6.186631681290344,False,1.2001993054594797,1.9990034727026011,2.089003472702601,True,0.32282086903401874,0.1893269730687499,0.8106730269312501,--w4,3.0
2022-04-29,2022-05-03,long,65.25086212158203,2022-05-06,63.29333625793457,stop_loss,-3.0,-3.3,0.0,2022-03-29,87.51465636045461,73.83698344660017,80.40337832696635,68.48238523938758,73.49879971694165,62.141435178110704,SCHW,0,0.0,0.0,0.1561411766212605,2.170450757932698,0.34607182700941325,False,False,0.4800812917316453,1.3376052248873664,2.3376052248873673,False,0.8715658842450977,3.6421705787745107,3.7321705787745105,False,0.42080508231994396,1.5315764701362184,0.5315764701362184,---,3.0
2023-05-11,2023-05-12,long,46.7799072265625,2023-09-21,53.7436408996582,time_exit,14.89,14.59,0.0,2023-04-19,53.503600253526606,47.82709629890904,50.47042259983668,43.40570456030331,47.80807766130346,44.49539965130937,SCHW,0,0.0,0.0,0.0,2.554219546191367,0.3119743745311714,False,False,0.4656609635191781,1.582017567471557,2.582017567471558,False,1.2445544116615221,1.777227941692389,1.8672279416923891,False,0.6231491584469414,4.303413129410155,3.303413129410156,---,132.0
2018-12-26,2018-12-28,long,29.73981475830078,2018-12-31,28.847620315551758,stop_loss,-3.0,-3.3,0.0,2018-08-22,52.31907589054378,47.62445872992819,51.161131574283054,34.02202970753643,36.28095627111679,28.43159215719671,SLB,0,0.0,0.0,0.0,5.325134155121304,0.2045020663139816,False,False,0.7533463801958052,3.2940064439967003,2.2940064439966994,False,3.6507986232681944,10.253993116340968,10.163993116340967,False,0.13179958793308427,2.4274029050262427,3.4274029050262427,---,3.0
2019-08-28,2019-08-29,long,26.895675659179688,2019-10-08,26.088805389404296,stop_loss,-3.0,-3.3,0.33,2019-07-24,33.92389524418472,32.17309470036189,33.85720904576463,25.936900216369505,28.704843807676227,25.870208034326257,SLB,1,0.33,0.1485196350485745,0.1848136982847588,7.3341827073792585,0.2783574721104696,False,False,0.961911024842107,6.829000421052663,5.829000421052662,False,4.523821321246168,14.619106606230837,14.529106606230835,True,0.3494741999243622,0.5544410948542765,0.44555890514572355,--w4,40.0
2020-03-09,2020-03-10,long,15.848217964172363,2020-03-11,15.372771425247192,stop_loss,-3.0,-3.3,0.33,2020-02-12,30.82517797772989,28.64703657427437,30.24143795767507,22.173566460360373,24.31686481332433,11.24796534966454,SLB,1,0.33,0.13542677808830725,0.0,4.6820065647003455,0.32285908703894806,False,False,0.7320008613174781,2.9322179884318333,1.9322179884318325,False,3.704016407986826,10.520082039934126,10.430082039934124,True,0.2656584644013393,0.5937196657350783,1.5937196657350783,--w4,1.0
2020-10-02,2020-10-05,long,14.19006633758545,2020-10-07,13.764364347457885,stop_loss,-3.0,-3.3,0.66,2020-09-04,17.377749576295507,15.44394637953982,17.121675564020506,13.969310497160484,14.878816915192695,12.821390193759855,SLB,2,0.66,0.5229013461342857,0.31310420268489597,1.8871557559183614,0.6034779086800982,False,False,0.8675801070633185,5.230171306157941,4.23017130615794,True,1.6301374783890625,0.15068739194531217,0.06068739194531212,True,0.28851557441541636,0.28060856965183056,1.2806085696518306,-w3w4,2.0
2021-02-01,2021-02-02,long,19.99691772460937,2021-06-11,31.264923095703125,time_exit,56.35,56.05,0.67,2021-01-12,23.74578573548378,21.8891199809378,23.00844796247915,18.859819736746,20.38779771951884,19.36618222010248,SLB,2,0.67,0.14799556069526534,0.518671105971401,1.5760890567391341,0.4549853974973998,False,True,0.6028699451157083,0.7435583917916679,0.25644160820833295,False,2.23445077046064,3.1722538523031987,3.0822538523031984,True,0.36830920960694513,0.812454926122536,0.18754507387746402,w2-w4,129.0
2021-07-19,2021-07-20,long,24.409765243530277,2021-08-19,23.67747228622437,stop_loss,-3.0,-3.3,0.33,2021-06-23,30.53908667734516,28.46909786022825,30.0731179963334,26.7665071935087,28.26299524029337,23.217951554025007,SLB,1,0.33,0.3290085880996534,0.31008349418805764,1.8796517650836286,0.5129623682981945,False,False,0.7748931408910884,3.659205777815059,2.659205777815058,True,1.5974051528597921,0.012974235701039834,0.10297423570103989,False,0.4525745955666395,1.9667752817347872,0.9667752817347872,-w3-,30.0
2021-11-26,2021-11-29,long,26.68732452392578,2021-11-30,25.886704788208007,stop_loss,-3.0,-3.3,0.33,2021-10-26,31.49374934522078,28.955520440436352,31.178713159156644,26.89434035625873,28.739506529461917,25.57123196103648,SLB,1,0.33,0.18677014326663408,0.3278496865129318,2.4924523547878734,0.4088481362176292,False,False,0.8758834613102424,5.370906123902415,4.370906123902414,True,1.6879379140400197,0.43968957020009786,0.34968957020009783,False,0.4306735800290608,1.6667613702611068,0.6667613702611068,-w3-,1.0
2023-03-16,2023-03-20,long,42.59976577758789,2023-03-24,41.321772804260256,stop_loss,-3.0,-3.3,0.33,2023-02-14,53.27273900811292,47.96390568760969,51.74276785426978,44.53527467568523,46.90398000599321,40.62737585590612,SLB,1,0.33,0.24363093864308305,0.08970239469025025,1.3569466613577201,0.5062112475333402,False,False,0.7118065191585043,2.5899410026865155,1.5899410026865146,False,1.3576416405368212,1.2117917973158938,1.301791797315894,True,0.3286448244371648,0.2691071840707508,0.7308928159292493,--w4,4.0
2023-12-07,2023-12-14,long,49.01525115966797,2024-01-08,47.544793624877926,stop_loss,-3.0,-3.3,0.66,2023-09-12,57.806125274876045,51.00376092296111,56.95001339308632,47.25361893983434,49.69168102581414,44.96648724095507,SLB,2,0.66,0.11291048832401278,0.012407892221169189,2.3342361416448005,0.4169298950092902,False,False,0.8741449535044798,5.3414398899064395,4.341439889906439,True,1.4254447353327016,0.8727763233364924,0.9627763233364924,True,0.25144006854652273,0.7884922116914693,1.7884922116914692,-w3w4,25.0
2026-07-21,2026-07-22,long,47.66999816894531,2026-09-01,57.150001525878906,time_exit,19.89,19.59,0.33,2026-06-04,58.119998931884766,54.4900016784668,57.36000061035156,44.59000015258789,48.72999954223633,45.18000030517578,SLB,1,0.33,0.26393936944011137,0.06939396389322199,4.574575344451677,0.3750424090823634,False,False,0.7906339127894391,3.9259985218549005,2.9259985218548996,False,3.5179091239640936,9.589545619820464,9.499545619820465,True,0.3241972780926156,0.20818189167966597,0.7918181083203341,--w4,41.0
2020-03-16,2020-03-17,long,44.1804313659668,2020-03-18,42.85501842498779,stop_loss,-3.0,-3.3,0.66,2020-01-31,55.042814107510864,46.14104885075635,53.553932723147526,39.07967344645306,43.11028470868118,36.970646280757535,SO,2,0.66,0.4839177377502504,0.32000206528107206,1.7293202911675396,0.5891224604346151,False,False,0.8327431311184488,4.63971408675337,3.6397140867533695,True,1.6259987608313569,0.1299938041567838,0.03999380415678376,True,0.27846753227075005,0.41825298259246496,1.418252982592465,-w3w4,1.0
2018-10-26,2018-10-29,long,152.0287628173828,2018-12-10,147.46789993286131,stop_loss,-3.0,-3.3,0.66,2018-07-26,191.32618945638436,172.59061504015366,189.76010764179563,157.86275700360886,169.1335983377084,146.60953154408685,SPGI,2,0.66,0.2933313148961669,0.3949957568100911,2.392608382278399,0.47497500664365844,False,False,0.9164113263998981,6.057819091523697,5.0578190915236965,True,1.7025018784881227,0.512509392440613,0.422509392440613,True,0.3533472563895747,0.6074966628708863,0.39250333712911367,-w3w4,42.0
2022-01-28,2022-01-31,long,377.1765747070313,2022-02-08,365.86127746582036,stop_loss,-3.0,-3.3,0.33,2021-12-16,439.8455204153301,412.4034228840424,437.32930455886566,389.0762362090387,409.3058515633115,355.13019075196866,SPGI,1,0.33,0.06940110932288428,0.26268887714589295,2.7408036674498164,0.36699413788317564,False,False,0.9083081803934405,5.9204776337871285,4.920477633787128,True,1.7583593344062696,0.7917966720313472,0.7017966720313471,False,0.4192399788467611,1.5101366965309742,0.510136696530974,-w3-,8.0
2022-10-13,2022-10-14,long,262.0939025878906,2023-02-24,315.5640563964844,time_exit,20.4,20.1,1.0,2022-08-15,361.112515038272,315.9812854536878,342.2070992876173,278.9743333425911,296.58620714255403,255.41855868007636,SPGI,3,1.0,0.40445445496284177,0.12486580772847677,0.5955455450371582,0.6447762466787851,False,True,0.5811012479679404,0.3745974231854312,0.6254025768145697,True,1.401086709293316,0.9945664535334205,1.0845664535334205,True,0.27852448863733853,0.41747275839262277,1.4174727583926228,w2w3w4,133.0
2023-10-30,2023-11-02,long,347.15045166015625,2024-03-14,392.7266845703125,time_exit,13.13,12.83,0.34,2023-07-26,394.9245398257912,347.14467610490414,372.1025594661496,327.831536882887,345.42362898615954,314.4319598364476,SPGI,1,0.34,0.1262796464544631,0.26313873494369605,1.7329777099107186,0.43273044285753254,False,True,0.5223514974224399,0.6211610606366107,1.6211610606366116,False,0.9265623452146731,3.367188273926634,3.457188273926634,False,0.39737261704733057,1.2105837951689118,0.21058379516891176,w2--,133.0
2017-01-23,2017-01-24,long,25.542442321777344,2017-06-02,29.887428283691406,time_exit,17.01,16.71,0.33,2016-12-13,27.822527754175017,25.808506040887213,27.47313949960471,24.31444032718649,25.80169297638472,24.246214113183544,STX,1,0.33,0.2805901343054374,0.2505901343054374,2.3031784469804975,0.45164144255690314,False,False,0.8265221013928663,4.534272904963837,3.534272904963836,True,1.5683540805832625,0.15822959708368772,0.24822959708368778,False,0.4708433972392596,2.217032838893967,1.217032838893967,-w3-,129.0
2017-08-10,2017-08-11,long,22.66891860961914,2017-08-18,21.988851051330567,stop_loss,-3.0,-3.3,0.33,2017-07-12,28.20099407664029,26.200176683381773,28.17291752786162,22.381076042459675,23.89047359298836,22.121321662531457,STX,1,0.33,0.11236318763389282,0.0,4.791111808116082,0.285521781739879,False,False,0.9859674606621935,7.236736621393113,6.236736621393112,False,2.8947376731713628,6.473688365856812,6.383688365856811,True,0.2606075380918225,0.6629104370983215,1.6629104370983214,--w4,7.0
2018-10-23,2018-10-24,long,31.32598114013672,2018-10-26,30.386201705932617,stop_loss,-3.0,-3.3,0.33,2018-09-13,37.38200250191174,35.364560003659086,37.36871743912674,31.806999912876456,33.625830869559294,29.16142350998968,STX,1,0.33,0.2510189551218523,0.08231437821148102,4.4646623160002035,0.35631331638031805,False,False,0.993414898914587,7.362964388382832,6.3629643883828315,False,2.7568158849966675,5.784079424983335,5.694079424983335,True,0.32702684882831434,0.24694313463444306,0.7530568653655569,--w4,2.0
2020-03-12,2020-03-13,long,39.334564208984375,2020-03-16,38.154527282714845,stop_loss,-3.0,-3.3,0.67,2020-02-04,48.11310301828318,43.16914595377848,45.74161791729664,37.139937151718,41.489015868620186,32.67028947000856,STX,2,0.67,0.21511029910203805,0.130271215495684,1.3493098497555198,0.48777794792659085,False,True,0.5203265177983246,0.6554827491809377,1.6554827491809387,True,1.7398372707025898,0.6991863535129481,0.609186353512948,False,0.5056080125998051,2.693260446572673,1.6932604465726728,w2w3-,3.0
2022-03-25,2022-03-29,long,82.4912109375,2022-03-30,80.016474609375,stop_loss,-3.0,-3.3,0.67,2022-02-16,98.47335660657464,86.93248368420063,93.21877851268134,73.88781184623046,83.44252123437268,77.98128848629003,STX,2,0.67,0.46086592218681144,0.23833268036793467,1.0517807066109948,0.604938544085762,False,True,0.5446983838019411,0.24240027454336965,1.2424002745433707,True,1.6750003917792393,0.37500195889619603,0.28500195889619595,False,0.49426961170671957,2.5379398863934184,1.5379398863934184,w2w3-,1.0
2022-06-23,2022-06-24,long,65.95956420898438,2022-06-29,63.98077728271484,stop_loss,-3.0,-3.3,0.33,2022-05-27,77.7346309491237,72.28218456539469,76.13150100389876,61.756104299438576,65.7463182846058,62.072247436349095,STX,1,0.33,0.18982850774381244,0.0,2.701405254175205,0.382410513975101,False,False,0.7059796956447042,2.4911812821136317,1.4911812821136305,False,2.6365040007286846,5.182520003643421,5.092520003643421,True,0.2775724431958949,0.43051447676856275,1.4305144767685627,--w4,5.0
2022-09-06,2022-09-09,long,61.22720718383789,2022-09-13,59.390390968322755,stop_loss,-3.0,-3.3,0.33,2022-08-11,74.401328198393,66.89357801192213,70.50513748425966,56.485946410677634,59.99074190718656,56.71721931048832,STX,1,0.33,0.06392620065996002,0.0,1.1553286908312503,0.470606601591775,False,False,0.4810441720404657,1.321285219653123,2.321285219653124,False,1.8672958909641018,1.336479454820508,1.2464794548205078,True,0.24999983794453123,0.8082213980201199,1.80822139802012,--w4,4.0
2023-03-28,2023-03-29,long,58.85436248779297,2023-04-19,57.088731613159176,stop_loss,-3.0,-3.3,0.33,2023-02-02,67.2671092328675,62.84282119858319,66.47349339000128,53.65678832374601,57.68262737652593,54.60105755681533,STX,1,0.33,0.3100057628776241,0.023327570455709212,3.6629175685022246,0.41740702866386475,False,False,0.820622925832044,4.434286878509221,3.4342868785092207,False,2.8968966231260653,6.484483115630324,6.394483115630324,True,0.3141087379298003,0.06998271136712769,0.9300172886328724,--w4,21.0
2025-01-10,2025-01-14,long,89.27387237548828,2025-03-06,86.59565620422363,stop_loss,-3.0,-3.3,0.67,2024-12-02,102.1075120921998,92.24838645866788,97.30907597386712,83.42210613349368,89.62615366310423,84.78228183901474,STX,2,0.67,0.0893742602716745,0.03765684620163545,1.2063022268600234,0.47359975425236106,False,True,0.5133000332186973,0.7745757081576715,1.7745757081576725,True,1.408539697794539,0.957301511027305,1.047301511027305,False,0.44675315068184185,1.8870294613950935,0.8870294613950936,w2w3-,51.0
2025-04-04,2025-04-07,long,67.73802947998047,2025-04-08,65.70588859558106,stop_loss,-3.0,-3.3,0.67,2025-01-22,109.51046117094556,90.6927949487728,101.64285542939292,82.55117309591631,89.0977354225948,63.09127378565034,STX,2,0.67,0.38246960020264226,0.2841970664640241,1.2599276637948644,0.552623443803552,False,True,0.581903215379478,0.38819009117759384,0.611809908822407,False,1.0145616416014958,2.9271917919925206,3.017191791992521,True,0.342901280899657,0.46440110821447933,0.5355988917855207,w2-w4,1.0
2026-03-09,2026-03-10,long,383.3475036621094,2026-03-12,371.8470785522461,stop_loss,-3.0,-3.3,0.0,2026-02-25,425.45395788422366,392.2555859417723,414.58069912581055,349.24134406104287,389.5422391475879,341.1612024902892,STX,0,0.0,0.0,0.02555850284146895,2.6601406215003767,0.2952671000088155,False,False,0.67247614499706,1.923324491475594,0.9233244914755931,False,1.96814937726561,1.840746886328049,1.7507468863280489,False,0.6167935855289166,4.216350486697487,3.2163504866974875,---,2.0
2020-03-23,2020-03-24,long,133.8380889892578,2020-07-31,181.6151428222656,time_exit,35.7,35.4,0.0,2020-03-03,188.02082447008823,159.86110110760703,171.4870301571508,117.6121355607342,146.3783589714782,116.20326245478134,SYK,0,0.0,0.0,0.0,2.3747971004745305,0.3074449741259962,False,False,0.4128566498999651,2.4770059338988952,3.477005933898896,False,1.9131897676309269,1.5659488381546334,1.4759488381546333,False,0.5339448666440146,3.081436529370063,2.081436529370063,---,129.0
2022-01-28,2022-01-31,long,236.66012573242188,2022-05-02,229.56032196044922,stop_loss,-3.0,-3.3,0.34,2022-01-05,267.5532874488251,246.32501944504352,259.3863091282455,230.88792209780004,243.2528368802843,226.54684917910967,SYK,1,0.34,0.015377625562145428,0.4143885172442488,1.317400415219681,0.43928228561493315,False,True,0.6152781602755002,0.9538671233135637,0.046132876686437244,False,1.3424734898470674,1.287632550764663,1.3776325507646632,False,0.4338812147253996,1.710701571580816,0.7107015715808161,w2--,91.0
2022-06-30,2022-07-01,long,195.68328857421875,2022-07-05,189.8127899169922,stop_loss,-3.0,-3.3,0.33,2022-05-17,229.09556827208485,216.82343429958988,228.19642926166603,184.9331409182504,196.60265151437972,186.31474595073325,SYK,1,0.33,0.1540292236775673,0.0,5.465772013732239,0.2941983144385154,False,False,0.926733279441536,6.2327674481616295,5.232767448161629,False,3.525327252813559,9.626636264067791,9.536636264067791,True,0.26973239998538723,0.5379123289672981,1.5379123289672982,--w4,4.0
2018-11-23,2018-11-28,long,13.524314880371094,2018-12-10,13.11858543395996,stop_loss,-3.0,-3.3,0.0,2018-10-10,14.954179293260374,13.929074517533168,14.641806452069048,12.69279101659196,13.739894561093315,12.912769855667456,T,0,0.0,0.0,0.0,2.314293382668899,0.3144785730747666,False,False,0.6952771574303417,2.309782329327826,1.3097823293278255,False,1.9012841239515867,1.5064206197579328,1.4164206197579328,False,0.5372474355212284,3.1266771989209374,2.1266771989209374,---,12.0
2021-12-15,2021-12-16,long,13.5864896774292,2022-04-27,15.074275970458984,time_exit,10.95,10.65,0.0,2021-05-21,16.489527025026874,14.331427008984187,15.064900973784257,12.732680495269143,13.718285229461936,12.618073270379774,T,0,0.0,0.0,0.1479288376489343,2.622288594678238,0.29379202981309166,False,False,0.33987023740681044,3.714063772765924,4.7140637727659245,False,1.0806822951568815,2.596588524215592,2.686588524215592,False,0.4226035845548834,1.556213487053197,0.5562134870531971,---,132.0
2022-10-13,2022-10-14,long,12.22023868560791,2023-02-24,15.911441802978516,time_exit,30.21,29.91,0.0,2022-05-26,17.01883625492459,14.758088041797992,16.908172075217827,12.287328720092772,12.960170774612982,11.788167676448117,T,0,0.0,0.0,0.0,3.700949499415841,0.25006795316844826,False,False,0.9510497546501583,6.644911095765396,5.644911095765395,False,2.043944269554221,2.2197213477711033,2.1297213477711034,False,0.14561022800609533,2.238216054711023,3.238216054711023,---,133.0
2023-06-02,2023-06-06,long,13.142845153808594,2023-07-14,12.748559799194336,stop_loss,-3.0,-3.3,0.33,2023-01-24,17.805265417549148,14.9107707211818,16.76614537040665,12.580899281540152,13.310592572909073,12.455092950190782,T,1,0.33,0.07655539676699126,0.24993830032578834,1.3349066438031574,0.44495087609810796,False,False,0.6410012260700929,1.3898512893236097,0.3898512893236088,True,1.4459332380601948,0.7703338096990262,0.8603338096990262,False,0.17434895723576097,1.8445348323868358,2.844534832386836,-w3-,38.0
2026-07-02,2026-07-06,long,20.30807876586914,2026-09-01,26.0,time_exit,28.03,27.73,0.34,2026-04-23,26.40642337598039,23.534871830658176,25.093996713727343,22.025086741483346,23.29804262802069,19.62719512903332,T,1,0.34,0.2426867908950856,0.18360326013110537,1.4591618705762126,0.48933180548219307,False,True,0.5429555619884301,0.27193962731474325,1.271939627314744,False,1.0687288470385579,2.6563557648072105,2.7463557648072103,False,0.41479088603128794,1.449190219606684,0.449190219606684,w2--,57.0
2020-03-23,2020-03-24,long,37.75762939453125,2020-07-31,47.83184814453125,time_exit,26.68,26.38,0.33,2020-03-03,58.50408022120692,50.41711747173115,54.400795684726646,31.611889253344597,39.33087138018446,30.103056581570254,TJX,1,0.33,0.1976408509013853,0.13569248243194806,2.5407736659393283,0.44075056811710694,False,False,0.4926049910708112,1.12533913439303,2.125339134393031,False,2.8179808832258226,6.0899044161291105,5.999904416129111,True,0.3387166536525966,0.4070774472958441,0.5929225527041558,--w4,129.0
2022-03-08,2022-03-09,long,57.34513092041016,2022-03-24,55.624776992797855,stop_loss,-3.0,-3.3,0.0,2022-02-02,68.29125893587289,63.6507204393217,67.57897976714234,56.08933346379828,63.33362671442861,54.28059911407763,TJX,0,0.0,0.0,0.0,4.55229413370689,0.18039893194928203,False,False,0.8465093718627899,4.873040201064236,3.873040201064235,False,2.475929530997982,4.379647654989907,4.289647654989907,False,0.6305062017898565,4.4041945450665265,3.404194545066527,---,15.0
2022-05-17,2022-05-18,long,56.70562744140625,2022-05-20,55.00445861816406,stop_loss,-3.0,-3.3,0.33,2022-04-21,63.99900951286199,56.73597834969416,60.1097716535979,51.33559368771135,54.23729064636455,50.58190367740596,TJX,1,0.33,0.23420686493468126,0.09912646839865202,1.2861682721114354,0.4976870862989459,False,False,0.46451587885411716,1.6014257821336066,2.6014257821336075,False,1.2080600741990513,1.9596996290047435,2.0496996290047433,True,0.3307086965793048,0.2973794051959561,0.7026205948040439,--w4,2.0
2019-01-03,2019-01-04,long,217.3343048095703,2019-05-15,257.97979736328125,time_exit,18.7,18.4,0.67,2018-12-03,248.6675180255162,226.7790098386231,240.3039025413295,204.18214613541844,221.47013404738695,205.87761835372183,TMO,2,0.67,0.2501338516835918,0.6123287206871627,1.1909766134950426,0.5334983715266498,False,True,0.617899245906816,0.9982923035053569,0.001707696494644013,True,1.6502612282887736,0.25130614144386765,0.16130614144386762,False,0.478603191874121,2.3233313955359036,1.3233313955359036,w2w3-,131.0
2021-03-25,2021-03-26,long,453.4172058105469,2021-06-03,439.81468963623047,stop_loss,-3.0,-3.3,0.33,2021-02-01,518.6871485233428,476.5491698160053,505.9019275379597,427.0139485186748,456.2781161391721,428.3544372722378,TMO,1,0.33,0.050417735549698715,0.2829155977836346,1.513799986036214,0.42154556203396626,False,False,0.6965867519611992,2.3319788467999882,1.3319788467999871,False,1.87213486359155,1.3606743179577492,1.270674317957749,True,0.370958515914616,0.8487467933509039,0.1512532066490962,--w4,69.0
2023-10-30,2023-10-31,long,440.8236083984375,2024-03-12,592.3505249023438,time_exit,34.37,34.07,1.0,2023-09-01,560.4550090064809,493.2530676937938,529.4500901276593,411.9124248397567,441.3785959957622,416.48148827857534,TMO,3,1.0,0.3703185875044192,0.11496354440600243,0.6296814124955809,0.6241164903642143,False,True,0.5386306068963501,0.3452439509093191,1.34524395090932,True,1.7490218733563987,0.7451093667819928,0.6551093667819927,True,0.25069556285493355,0.7986909197954306,1.7986909197954306,w2w3w4,133.0
2021-10-29,2021-11-03,long,115.94134521484376,2021-11-11,112.46310485839845,stop_loss,-3.0,-3.3,0.0,2021-07-16,142.81112828310089,118.53702536271496,125.40188245197984,110.29355638470466,116.62592704536128,109.04799089505433,TMUS,0,0.0,0.0,0.16378452744741792,3.6926261410860737,0.24815880079044983,False,False,0.2828057997356363,4.681257631599384,5.681257631599385,False,0.6224051251997815,4.887974374001091,4.977974374001091,False,0.4191311884890155,1.508646417657746,0.5086464176577462,---,8.0
2018-04-10,2018-04-11,long,20.062000274658203,2018-04-16,19.460140266418456,stop_loss,-3.0,-3.3,0.0,2018-02-27,23.99933242797852,21.44933319091797,23.1473331451416,16.305999755859375,20.63333320617676,19.57866668701172,TSLA,0,0.0,0.0,0.06281054115057734,3.885946346911021,0.23189035852622206,False,False,0.6658825342163478,1.8115683765482689,0.811568376548268,False,2.682876641629276,5.414383208146378,5.324383208146378,False,0.6325277842908045,4.4318874560384165,3.431887456038417,---,5.0
2018-09-05,2018-09-06,long,18.729999542236328,2018-09-07,18.16809955596924,stop_loss,-3.0,-3.3,0.33,2018-08-07,25.83066749572754,23.048667907714844,24.21266746520996,19.21333312988281,21.821332931518555,18.478666305541992,TSLA,1,0.33,0.004951428420594077,0.0349514284205941,2.09380319502938,0.35162616482971387,False,False,0.41840392878225163,2.3829842579279377,3.3829842579279386,True,1.7970291429476437,0.9851457147382178,0.8951457147382177,False,0.5216694117068049,2.913279612421985,1.9132796124219849,-w3-,1.0
2019-01-03,2019-01-04,long,21.179332733154297,2019-01-18,20.54395275115967,stop_loss,-3.0,-3.3,0.0,2018-12-07,25.29933357238769,23.541332244873047,25.191333770751957,19.606000900268555,22.61400032043457,19.82533264160156,TSLA,0,0.0,0.0,0.0,5.821120798062528,0.16278410656496137,False,False,0.9385667121261969,6.433334103833848,5.433334103833847,False,3.1770925215281864,7.885462607640929,7.795462607640929,False,0.5385532948380349,3.144565682712807,2.144565682712807,---,14.0
2019-05-01,2019-05-02,long,16.273332595825195,2019-05-10,15.785132617950438,stop_loss,-3.0,-3.3,0.33,2019-04-08,18.74399948120117,17.242000579833984,18.333332061767575,15.408666610717772,16.28066635131836,15.43333339691162,TSLA,1,0.33,0.2838067167750995,0.0,1.5749775005767415,0.4988453611504455,False,False,0.7265860720272255,2.8404418987665347,1.8404418987665336,False,1.947182150657798,1.7359107532889888,1.645910753288989,True,0.2981536709737468,0.14857984967470148,1.1485798496747015,--w4,8.0
2020-03-09,2020-03-10,long,43.02199935913086,2020-03-11,41.731339378356935,stop_loss,-3.0,-3.3,0.0,2020-02-19,62.98533248901367,57.3293342590332,60.87066650390625,40.76800155639648,53.79866790771485,40.33333206176758,TSLA,0,0.0,0.0,0.2874589924831108,5.185127329850301,0.2459154309771688,False,False,0.6261197583304894,1.1376230225506685,0.13762302255066763,False,3.55422051600946,9.771102580047296,9.681102580047297,False,0.6482059162475646,4.646656386952939,3.6466563869529396,---,1.0
2020-03-23,2020-03-24,long,33.66666793823242,2020-04-01,32.656667900085445,stop_loss,-3.0,-3.3,0.33,2020-03-03,53.79866790771485,40.33333206176758,44.53333282470703,23.367332458496094,31.799999237060547,27.36666679382324,TSLA,1,0.33,0.2864800660952161,0.5148990276969131,1.8510779838332148,0.5063358701213779,False,False,0.3119120689591673,4.187931034590384,5.1879310345903855,True,1.5718880396571298,0.14055980171435162,0.23055980171435167,False,0.39840624740922836,1.224743115194909,0.224743115194909,-w3-,8.0
2021-02-26,2021-03-01,long,239.47666931152344,2021-03-02,232.29236923217772,stop_loss,-3.0,-3.3,0.0,2021-02-02,293.5,277.8066711425781,292.5899963378906,206.3333282470703,248.3333282470703,219.836669921875,TSLA,0,0.0,0.0,0.0,9.470316802031702,0.15774476049772304,False,False,0.9420133439898568,6.491751593048422,5.491751593048421,False,5.496390783273925,19.481953916369616,19.391953916369616,False,0.48691887745742596,2.4372448966770675,1.4372448966770677,---,1.0
2021-05-17,2021-05-18,long,192.6233367919922,2021-05-19,186.8446366882324,stop_loss,-3.0,-3.3,0.33,2021-05-03,235.3333282470703,216.6666717529297,230.0,186.5500030517578,197.6233367919922,187.0666656494141,TSLA,1,0.33,0.08608378054679118,0.0,2.3373700929446444,0.35502016429329336,False,False,0.7142858310622249,2.6319632383427956,1.6319632383427947,False,2.3276796764263024,3.63839838213151,3.54839838213151,True,0.25485234793974726,0.7417486583596264,1.7417486583596264,--w4,1.0
2022-01-28,2022-01-31,long,312.239990234375,2022-02-01,302.87279052734374,stop_loss,-3.0,-3.3,0.34,2022-01-13,371.8666687011719,337.7933349609375,356.92999267578125,283.8233337402344,329.2300109863281,264.0033264160156,TSLA,1,0.34,0.3184660724599806,0.01486726087335244,2.3492698378096506,0.47170489190786663,False,True,0.5616315051745834,0.04460178262005826,0.9553982173799427,False,2.1455681294026503,2.72784064701325,2.6378406470132503,False,0.621101797117082,4.2753670837956435,3.2753670837956435,w2--,1.0
2022-05-24,2022-05-25,long,219.6000061035156,2022-06-14,213.01200592041013,stop_loss,-3.0,-3.3,0.33,2022-05-13,262.45001220703125,239.69667053222656,254.82666015625,211.0,226.65333557128903,206.85667419433597,TSLA,1,0.33,0.11340323337750935,0.2879706898641649,1.3621622971270984,0.44675499210613445,False,False,0.6649568155862237,1.7958782302749783,0.7958782302749774,False,1.926163672247769,1.6308183612388445,1.5408183612388444,True,0.35716469189032546,0.659790299867472,0.340209700132528,--w4,20.0
2022-09-06,2022-09-07,long,283.70001220703125,2022-09-23,275.1890118408203,stop_loss,-3.0,-3.3,0.34,2022-08-16,314.6666564941406,286.2966613769531,303.64666748046875,266.1499938964844,282.3500061035156,265.739990234375,TSLA,1,0.34,0.036373847272947124,0.40180583646360996,1.3226101373252128,0.4397931503237569,False,True,0.6115618290326883,0.8908784581811586,0.10912154181884232,False,1.3217017989991695,1.3914910050041525,1.4814910050041525,False,0.43203864926169394,1.6854609487903278,0.6854609487903278,w2--,16.0
2022-10-14,2022-10-17,long,219.3500061035156,2022-10-20,212.76950592041013,stop_loss,-3.0,-3.3,0.33,2022-09-21,313.79998779296875,270.3099975585937,289.0,241.00999450683597,257.5,204.16000366210935,TSLA,1,0.33,0.17528160778932644,0.1580517255440069,1.7158003816210396,0.4263043941066183,False,False,0.4297541190670005,2.1906081514067703,3.1906081514067712,False,1.1034724366351343,2.482637816824328,2.5726378168243285,True,0.3436133278941375,0.47415517663202067,0.5258448233679793,--w4,3.0
2023-01-03,2023-01-04,long,113.63999938964844,2023-01-05,110.23079940795898,stop_loss,-3.0,-3.3,0.0,2022-12-01,198.9199981689453,169.05999755859375,182.5,108.23999786376952,124.4800033569336,104.63999938964844,TSLA,0,0.0,0.0,0.0,2.5058521252349006,0.32746983975330307,False,False,0.4501005414161648,1.84575353531924,2.8457535353192407,False,2.486939069602255,4.434695348011274,4.344695348011274,False,0.2186911530566842,1.2371074923741887,2.2371074923741885,---,1.0
2023-08-24,2023-08-28,long,238.82000732421875,2023-10-19,231.65540710449218,stop_loss,-3.0,-3.3,0.0,2023-07-31,269.0799865722656,250.4900054931641,264.7699890136719,212.3600006103516,240.82000732421875,228.17999267578125,TSLA,0,0.0,0.0,0.0,4.282379131763881,0.19956841561885852,False,False,0.7681548173581005,3.5449969043745866,2.5449969043745857,False,2.8192599110409255,6.0962995552046255,6.006299555204625,False,0.5430263883070074,3.2058409357124305,2.2058409357124305,---,52.0
2023-10-31,2023-11-01,long,205.66000366210935,2024-01-25,199.49020355224607,stop_loss,-3.0,-3.3,0.66,2023-09-15,278.9800109863281,234.5800018310547,268.94000244140625,202.50999450683597,222.0500030517578,194.07000732421875,TSLA,2,0.66,0.42578418058752093,0.13028506894576922,1.4548583507564474,0.5682002843697633,False,False,0.7738737280478823,3.6419275940319054,2.6419275940319045,True,1.4961710413674616,0.5191447931626922,0.6091447931626923,True,0.2941443054495436,0.20350266507474488,1.203502665074745,-w3w4,85.0
2024-07-30,2024-07-31,long,232.07000732421875,2024-08-01,225.10790710449217,stop_loss,-3.0,-3.3,0.0,2024-07-17,258.4700012207031,236.8300018310547,255.75999450683597,214.7100067138672,234.2700042724609,220.0,TSLA,0,0.0,0.0,0.0,3.04372395039082,0.28780999035603766,False,False,0.8747686326107985,5.352010722216925,4.352010722216924,False,1.8969495818287856,1.484747909143927,1.394747909143927,False,0.4764921650462474,2.294413219811608,1.2944132198116083,---,1.0
2025-02-28,2025-03-03,long,284.6499938964844,2025-03-04,276.11049407958984,stop_loss,-3.0,-3.3,0.33,2025-01-31,419.989990234375,374.3599853515625,394.0,325.1000061035156,367.3399963378906,273.6000061035156,TSLA,1,0.33,0.18328535771707397,0.15328535771707394,2.264907527184214,0.39923974178654525,False,False,0.4304188592325863,2.179341368939214,3.1793413689392147,True,1.5099712146302444,0.4501439268487782,0.5401439268487782,False,0.6130623218608194,4.16523728576465,3.165237285764649,-w3-,1.0
2025-03-04,2025-03-05,long,279.1000061035156,2025-03-06,270.72700592041014,stop_loss,-3.0,-3.3,0.67,2025-02-04,394.0,325.1000061035156,367.3399963378906,273.6000061035156,303.94000244140625,261.8399963378906,TSLA,2,0.67,0.2942837689514164,0.37238289771524996,0.7715121057862424,0.6032245407975066,False,True,0.6130623218608194,0.9163105400138898,0.08368945998611113,False,1.3605224751574048,1.1973876242129762,1.2873876242129763,True,0.32366118517862585,0.20083815313186104,0.799161846868139,w2-w4,1.0
2026-08-18,2026-08-19,long,351.1199951171875,2026-08-20,340.5863952636719,stop_loss,-3.0,-3.3,0.0,2026-07-06,420.0,390.510009765625,413.1600036621094,297.3800048828125,351.260009765625,331.1199951171875,TSLA,0,0.0,0.0,0.0,5.771906813431213,0.2058486693741327,False,False,0.7680570158372726,3.5433392514791975,2.5433392514791966,False,3.926077894876274,11.630389474381365,11.540389474381364,False,0.4653653951536145,2.1419917144330753,1.1419917144330753,---,1.0
2020-03-23,2020-03-24,long,70.77718353271484,2020-05-13,68.65386802673339,stop_loss,-3.0,-3.3,0.0,2020-03-11,100.13398550779269,84.78335495303443,96.4305915084137,64.80615253326113,78.88602276448262,64.50206210986478,TT,0,0.0,0.0,0.04465211812666107,2.5174246252073558,0.2933005977481307,False,False,0.7587464576019619,3.3855331796942707,2.38553317969427,False,2.060139410061556,2.3006970503077797,2.21069705030778,False,0.44522118613026124,1.8660436456200167,0.8660436456200168,---,50.0
2022-02-24,2022-02-25,long,146.4457244873047,2022-03-01,142.05235275268555,stop_loss,-3.0,-3.3,0.0,2021-12-29,192.45308943731703,174.35682898999715,186.53773264748915,147.83701780903357,155.76833810155168,137.46381781793528,TT,0,0.0,0.0,0.02193688091366956,2.017561577926645,0.34129350102476347,False,False,0.6731171720782805,1.9341893572589923,0.9341893572589913,False,2.1386028871057334,2.693014435528666,2.603014435528666,False,0.20493989130756382,1.4254809409922762,2.4254809409922764,---,4.0
2022-05-12,2022-05-13,long,131.1586456298828,2022-05-18,127.22388626098632,stop_loss,-3.0,-3.3,0.66,2022-03-29,152.85999783645804,138.0787351192168,150.74024435538223,127.19478582029107,134.60918560412665,123.58266336969952,TT,2,0.66,0.627948748778751,0.3184714406428029,1.7200278277763064,0.6855160192444739,False,False,0.8565918540502451,5.043929729665172,4.043929729665171,True,1.5929260568264663,0.03536971586766911,0.12536971586766915,True,0.3148972347591137,0.08078403779607793,0.9192159622039221,-w3w4,5.0
2018-11-12,2018-11-15,long,78.97612762451172,2018-11-19,76.60684379577637,stop_loss,-3.0,-3.3,0.33,2018-08-28,92.77754035546334,81.73088745095976,88.64506160800924,70.26060332348436,79.64527770068918,75.03375498891958,TXN,1,0.33,0.22624001383716907,0.5449026788810275,1.4050417133295887,0.4971373488921438,False,False,0.625906708287237,1.1340120048684255,0.13401200486842463,True,1.6642559916976987,0.3212799584884928,0.23127995848849273,False,0.5104678218941249,2.7598331766318474,1.7598331766318474,-w3-,4.0
2022-09-16,2022-09-21,long,145.47804260253906,2022-09-23,141.11370132446288,stop_loss,-3.0,-3.3,0.0,2022-08-04,165.69173336181836,156.88106266167685,165.68277956379887,144.177353690862,153.15724569190135,143.9279134084599,TXN,0,0.0,0.0,0.17094056456545062,4.382907835872874,0.23748503467762117,False,False,0.9989837552299683,7.457351783558786,6.457351783558785,False,2.4408386835512386,4.204193417756191,4.114193417756191,False,0.4175640163601663,1.4871783063036481,0.4871783063036481,---,2.0
2019-09-03,2019-09-04,long,31.989999771118164,2019-09-24,31.030299777984617,stop_loss,-3.0,-3.3,0.33,2019-07-29,45.62699890136719,38.31999969482422,43.0,32.91999816894531,36.06999969482422,30.665000915527344,UBER,1,0.33,0.31735116616196307,0.2222994487420944,0.8438323675521372,0.6166179984951891,False,False,0.6404818411619818,1.3810481552878284,0.3810481552878275,False,1.3794995108291055,1.1025024458544725,1.1925024458544726,True,0.3125000946105301,0.04794650151411068,0.9520534984858893,--w4,20.0
2019-10-10,2019-10-11,long,30.1299991607666,2019-11-05,29.226099185943603,stop_loss,-3.0,-3.3,0.33,2019-09-11,35.13999938964844,32.939998626708984,34.88999938964844,28.309999465942383,30.75,28.57999992370605,UBER,1,0.33,0.051046784674053325,0.28228654865928,4.449978872839586,0.273293299790268,False,False,0.8863636757716523,5.548536877485634,4.548536877485633,False,2.9909080190110573,6.954540095055283,6.8645400950552835,True,0.3708207541563823,0.84685964597784,0.15314035402215997,--w4,25.0
2020-03-02,2020-03-03,long,33.040000915527344,2020-03-05,32.04880088806152,stop_loss,-3.0,-3.3,0.33,2020-02-12,41.86000061035156,38.70000076293945,41.22999954223633,30.670000076293945,34.290000915527344,31.739999771118164,UBER,1,0.33,0.17898115473656973,0.15435217859676362,4.422461479786298,0.3275840471463935,False,False,0.8006325637543383,4.095467182276922,3.0954671822769213,False,3.341772144258337,8.708860721291682,8.618860721291682,True,0.34280312711269123,0.4630565357902908,0.5369434642097092,--w4,2.0
2021-05-12,2021-05-13,long,44.47999954223633,2021-08-03,43.145599555969234,stop_loss,-3.0,-3.3,0.0,2021-04-14,61.5,54.61000061035156,59.220001220703125,45.720001220703125,48.59999847412109,43.16999816894531,UBER,0,0.0,0.0,0.04471311183069415,1.657724523025397,0.3797638683583419,False,False,0.6690857792059671,1.8658606645079185,0.8658606645079175,False,1.9593615668939615,1.7968078344698062,1.706807834469806,False,0.21333312988281197,1.310505070098466,2.3105050700984657,---,82.0
2021-12-01,2021-12-02,long,38.119998931884766,2021-12-03,36.97639896392822,stop_loss,-3.0,-3.3,0.33,2021-11-05,48.7400016784668,42.43999862670898,46.65999984741211,38.77000045776367,41.25,35.79999923706055,UBER,1,0.33,0.3090324530310105,0.06474642194863418,1.2298882572572762,0.5482171287531798,False,False,0.6698411391286029,1.8786633750610668,0.878663375061066,False,1.2523802488392413,1.7380987558037935,1.8280987558037936,True,0.3143218927862087,0.07290264090696853,0.9270973590930315,--w4,1.0
2022-01-24,2022-01-25,long,34.81999969482422,2022-01-28,33.77539970397949,stop_loss,-3.0,-3.3,0.33,2022-01-05,45.900001525878906,40.15999984741211,44.16999816894531,37.1150016784668,39.63999938964844,33.5099983215332,UBER,1,0.33,0.11003629845954226,0.22329703487379104,1.6302083843472792,0.41541072714663363,False,False,0.6986057750778059,2.366199577589931,1.36619957758993,False,1.2290931058338932,1.8545344708305338,1.9445344708305339,True,0.35790205063736025,0.6698911046213732,0.3301088953786268,--w4,3.0
2022-05-12,2022-05-13,long,24.38999938964844,2022-05-16,23.65829940795899,stop_loss,-3.0,-3.3,0.33,2022-04-29,33.150001525878906,25.899999618530277,28.82999992370605,22.799999237060547,24.549999237060547,21.690000534057617,UBER,1,0.33,0.24755961495777842,0.0,2.2411610015082,0.42592436326278715,False,False,0.4041378668060645,2.6247819185412786,3.6247819185412795,False,0.8317240138286685,3.841379930856657,3.931379930856657,True,0.29021555567575347,0.25732115512666476,1.2573211551266648,--w4,3.0
2022-09-29,2022-09-30,long,26.5,2022-10-11,25.705,stop_loss,-3.0,-3.3,0.66,2022-09-15,34.32500076293945,30.8799991607666,32.560001373291016,26.81999969482422,28.489999771118164,26.0,UBER,2,0.66,0.47389977560257385,0.25302902324417464,0.5957968596538276,0.6685714670335671,False,False,0.4876636955596169,1.209089905769204,2.2090899057692046,True,1.6661825860534953,0.33091293026747615,0.2409129302674761,True,0.2909406947664894,0.24738774292480228,1.2473877429248024,-w3w4,11.0
2024-05-08,2024-05-09,long,67.93000030517578,2024-05-13,65.8921002960205,stop_loss,-3.0,-3.3,0.0,2024-04-03,78.8499984741211,74.4800033569336,78.3949966430664,65.86000061035156,73.81999969482422,63.834999084472656,UBER,0,0.0,0.0,0.0,5.506003651714693,0.15606088768666523,False,False,0.8958804715215509,5.709838500365271,4.7098385003652705,False,2.8684233498142406,6.3421167490712005,6.252116749071201,False,0.6350220665166554,4.466055705707608,3.4660557057076073,---,4.0
2024-12-17,2024-12-18,long,61.22999954223633,2025-05-01,80.88999938964844,time_exit,32.11,31.81,0.66,2024-11-07,76.4000015258789,67.80000305175781,73.55000305175781,60.22999954223633,63.540000915527344,59.33000183105469,UBER,2,0.66,0.3051340948634996,0.26549383279723304,0.9807685593277468,0.5643465776890902,False,False,0.6686047697918506,1.8577079625737396,0.8577079625737387,True,1.5488378921930877,0.2558105390345621,0.34581053903456216,True,0.24849853612462944,0.828787176374939,1.828787176374939,-w3w4,134.0
2026-02-13,2026-02-18,long,72.7699966430664,2026-02-23,70.58689674377442,stop_loss,-3.0,-3.3,0.33,2025-12-08,92.77999877929688,78.30999755859375,88.23999786376953,71.87999725341797,77.22000122070312,69.0199966430664,UBER,1,0.33,0.2538534324550679,0.07947990087826544,1.580699917573871,0.47434412333347103,False,False,0.686247371628989,2.1567351123557463,1.1567351123557454,False,1.130615012453786,2.34692493773107,2.43692493773107,True,0.32640609829234013,0.2384397026347963,0.7615602973652037,--w4,5.0
2020-03-18,2020-03-19,long,197.5087127685547,2020-03-20,191.58345138549805,stop_loss,-3.0,-3.3,0.33,2020-03-04,264.6904838079195,231.9441352492443,255.20662167834888,201.23783213965555,223.53171307411344,179.88755208891078,UNH,1,0.33,0.2531904617298247,0.47456762949657505,1.410709957959191,0.4996119508201266,False,False,0.7103841329796705,2.565832762367298,1.565832762367297,True,1.6480857229621053,0.24042861481052605,0.150428614810526,False,0.41308840025908167,1.4258684966997488,0.42586849669974874,-w3-,1.0
2025-01-17,2025-01-23,long,510.1348876953125,2025-02-18,494.8308410644531,stop_loss,-3.0,-3.3,0.0,2024-11-11,605.0322845336295,553.2708446374179,597.4542813070711,458.1844661643123,527.1114882694388,484.1644870641164,UNH,0,0.0,0.0,0.0,4.331011871219176,0.2012551287250696,False,False,0.8535975188914129,4.993178286295135,3.993178286295134,False,2.6906093690981696,5.453046845490846,5.363046845490846,False,0.49491716517662304,2.5468104818715482,1.5468104818715482,---,26.0
2025-05-27,2025-05-28,long,288.28778076171875,2025-07-17,279.6391473388672,stop_loss,-3.0,-3.3,0.0,2025-04-11,586.3815068311443,403.37662523381647,424.39067447670425,240.67983057540928,313.943702655314,279.60368424391345,UNH,0,0.0,0.0,0.2566213144618804,3.913063412029983,0.27229018773453545,False,False,0.11482780710257633,7.528342252498706,8.528342252498707,False,1.003857614604623,2.9807119269768845,3.0707119269768848,False,0.3987999321328482,1.2301360566143589,0.2301360566143588,---,50.0
2020-03-09,2020-03-10,long,127.3552017211914,2020-03-11,123.53454566955565,stop_loss,-3.0,-3.3,0.0,2020-01-24,162.94922480065398,153.75664644193708,161.8367916820715,132.5336966530415,145.39760134489975,115.52354303286084,UNP,0,0.0,0.0,0.0730833621047426,5.047563204915826,0.2090566974988617,False,False,0.8789857344509207,5.423487024591877,4.423487024591876,False,3.187690535293966,7.938452676469827,7.848452676469827,False,0.4389947436990614,1.7807499136857723,0.7807499136857722,---,1.0
2021-09-30,2021-10-04,long,183.60659790039065,2022-02-10,217.34738159179688,time_exit,18.38,18.08,0.33,2021-07-07,203.3731774277053,189.32542227430324,203.2220880505791,174.82429321623354,184.48218233443305,175.0476196757684,UNP,1,0.33,0.19135650533189094,0.1419768280014424,3.27526780427401,0.3812277091151846,False,False,0.9892445892260866,7.292281173323503,6.292281173323502,False,2.02151835109884,2.1075917554941994,2.0175917554941996,True,0.3400929253323159,0.4259304840043272,0.5740695159956728,--w4,129.0
2022-10-13,2022-10-14,long,176.83657836914062,2022-10-20,171.53148101806642,stop_loss,-3.0,-3.3,0.33,2022-08-16,219.92043341409556,203.30866396675955,214.7059692284832,177.69432167883576,187.43086847715747,170.5401812238148,UNP,1,0.33,0.12359406531041872,0.0,1.9745376393055372,0.3907877648417673,False,False,0.6860982087342552,2.1542069276992417,1.1542069276992408,False,2.2280376372297255,3.140188186148626,3.0501881861486257,True,0.2630671003029817,0.6292178040687438,1.6292178040687437,--w4,6.0
2025-04-21,2025-04-23,long,212.6194610595703,2025-04-24,206.2408772277832,stop_loss,-3.0,-3.3,0.0,2025-01-27,247.11341707764407,228.09211835538724,243.6112547953021,197.99208151259103,217.3791630015589,206.40862550627077,UNP,0,0.0,0.0,0.13709311740659746,3.3114190351789063,0.2578020684510018,False,False,0.8158820628665019,4.353933268923762,3.353933268923761,False,2.3983206377665507,3.9916031888327517,3.901603188832752,False,0.42497660728795517,1.5887206477802076,0.5887206477802076,---,1.0
2020-02-10,2020-02-12,long,79.325439453125,2020-02-24,76.94567626953125,stop_loss,-3.0,-3.3,0.33,2019-11-08,93.4561727204693,85.87200833508517,91.18593625390255,76.40917726141973,81.01656282542595,76.38662106137622,UPS,1,0.33,0.3205503832713635,0.01278295006196987,1.3937441764371574,0.5406043197156224,False,False,0.700660962604945,2.401033264490595,1.401033264490594,False,1.9483700829269939,1.7418504146349683,1.6518504146349684,True,0.3117994660635714,0.03834885018590956,0.9616511498140904,--w4,12.0
2020-05-14,2020-05-18,long,72.94589233398438,2020-09-24,123.82205963134766,time_exit,69.75,69.45,0.0,2020-04-17,78.75275317189758,73.91750749041037,78.55538038681568,68.01198937470002,72.23238877701635,67.44270157862574,UPS,0,0.0,0.0,0.24982366857817465,3.6452967236229696,0.2763554734527642,False,False,0.9591804019726277,6.7827186775021655,5.782718677502164,False,2.180528499820254,2.902642499101268,2.8126424991012677,False,0.40028861658137976,1.250528994265476,0.2505289942654761,---,129.0
2022-10-03,2022-10-04,long,137.136474609375,2022-10-07,133.02238037109376,stop_loss,-3.0,-3.3,0.34,2022-08-19,170.02194455314014,155.3412120934454,163.17687691725473,130.0072244119829,136.5599534150727,129.4469355580006,UPS,1,0.34,0.1906101857458836,0.0,1.7506190601945237,0.4428975965573729,False,True,0.5337380028770213,0.4281694427623493,1.4281694427623501,False,2.2594003804876586,3.2970019024382915,3.207001902438291,False,0.19755193401704604,1.5266858353829307,2.5266858353829305,w2--,3.0
2024-08-08,2024-08-15,long,112.00860595703124,2024-12-23,112.32964324951172,time_exit,0.29,-0.01,0.33,2024-05-14,133.67839634312762,115.79886810736306,129.08653681097616,108.74113348338857,115.44161235371288,107.27732553655852,UPS,1,0.33,0.24047373673348627,0.09285959659984706,1.9035520226891862,0.44227191547561423,False,False,0.7431778136647739,3.121657858724982,2.121657858724981,False,1.1379161160913926,2.3104194195430363,2.4004194195430366,True,0.3293362516553665,0.2785787897995412,0.7214212102004588,--w4,130.0
2025-09-11,2025-09-17,long,78.99140930175781,2026-01-27,102.3412094116211,time_exit,29.56,29.26,0.33,2025-07-03,98.04649724999072,90.50374673277284,95.9282744734664,77.61937637495969,83.79583066198572,76.94577055306124,UPS,1,0.33,0.203894368589675,0.12943896474365835,2.4132773476721248,0.3947227826765305,False,False,0.7191710408969461,2.714763405032985,1.7147634050329843,False,2.4273503487504833,4.136751743752415,4.046751743752415,True,0.3373471332788612,0.38831689423097504,0.611683105769025,--w4,132.0
2020-03-09,2020-03-10,long,29.278364181518555,2020-03-11,28.400013256073,stop_loss,-3.0,-3.3,0.0,2019-12-16,45.97879467844289,40.0607491363381,42.19752427677432,34.02928522744115,37.158676945726,27.187057869097405,USB,0,0.0,0.0,0.32823260926509407,1.8230241394745856,0.400758850356949,False,False,0.36106094913157055,3.3548991672615154,4.354899167261516,False,1.3802257842084953,1.0988710789575236,1.1888710789575236,False,0.3831170585709444,1.015302172204718,0.015302172204717902,---,1.0
2022-10-13,2022-10-14,long,35.97728729248047,2022-10-19,34.89796867370605,stop_loss,-3.0,-3.3,0.66,2022-08-16,41.31521412870538,37.25687337091602,39.95966513516517,33.80562852497428,35.99411312337877,32.30046285923761,USB,2,0.66,0.31445407497510397,0.43908838545267354,0.9566444106365898,0.5569772730542616,False,False,0.6659844319532697,1.8132954568350812,0.8132954568350803,True,1.5163922838118413,0.41803858094079366,0.5080385809407937,True,0.3556177411717743,0.6385991941338945,0.36140080586610546,-w3w4,5.0
2023-03-20,2023-03-21,long,31.921937942504883,2023-03-22,30.964279804229736,stop_loss,-3.0,-3.3,0.0,2023-01-26,42.49734256496082,30.739324968736245,33.75964835151611,27.83810033316712,30.29690455736549,28.76547227463623,USB,0,0.0,0.0,0.18159829647892378,4.019301144524113,0.24165037020930877,False,False,0.25687352124304313,5.120787775541641,6.120787775541642,False,0.5036178905065056,5.4819105474674705,5.57191054746747,False,0.4152299730711157,1.4552051105632287,0.4552051105632286,---,1.0
2023-09-08,2023-09-12,long,32.38323211669922,2023-09-13,31.41173515319824,stop_loss,-3.0,-3.3,0.0,2023-08-04,35.402756925242564,33.03089907783401,35.29772728881695,30.81658694862161,32.84709846074042,30.86910285870036,USB,0,0.0,0.0,0.008566947170354888,3.3816058237233384,0.29147684204853036,False,False,0.9557184101313804,6.724040849684414,5.724040849684413,False,1.8892954925993333,1.4464774629966655,1.3564774629966654,False,0.4531238385696923,1.9742991584889353,0.9742991584889353,---,1.0
2023-10-05,2023-10-06,long,28.30234146118164,2023-10-20,27.45327121734619,stop_loss,-3.0,-3.3,0.33,2023-09-05,32.84709846074042,30.86910285870036,32.70707019444842,28.234676682313257,29.77697452566976,27.209683940493782,USB,1,0.33,0.16964191058129371,0.16369142275203966,3.3570455553739884,0.3467961393153902,False,False,0.9292069880501367,6.274694712714182,5.274694712714181,False,2.261073537030333,3.3053676851516647,3.2153676851516644,True,0.3448484215826967,0.49107426825611894,0.508925731743881,--w4,14.0
2025-04-07,2025-04-08,long,34.62221908569336,2025-08-18,44.34249114990234,time_exit,28.08,27.78,0.0,2025-01-15,48.0480054173538,44.36357551184607,46.76972465013645,38.35757371687876,41.78823206662834,33.46180379210092,USB,0,0.0,0.0,0.35068704809758394,2.12124988154005,0.34559691463950654,False,False,0.6530587363579673,1.594215870474023,0.5942158704740221,False,2.2831621577825807,3.4158107889129017,3.325810788912902,False,0.4078217779220255,1.353722985233226,0.353722985233226,---,132.0
2022-10-13,2022-10-14,long,177.07725524902344,2023-02-24,213.78009033203125,time_exit,20.73,20.43,0.67,2022-08-16,211.0052814195313,190.43898938295823,200.90155202604996,169.5236754291585,183.0890887329052,169.3006506115931,V,2,0.67,0.25877778458255934,0.28303343774496076,0.9710127783149028,0.5469547507885267,False,True,0.5087238197574041,0.8521386481795905,1.8521386481795914,True,1.5256944003854538,0.3715279980727314,0.4615279980727314,False,0.4323241332745442,1.6893716886923864,0.6893716886923864,w2w3-,133.0
2018-12-26,2018-12-27,long,55.20518112182617,2019-05-08,61.61822128295898,time_exit,11.62,11.32,0.33,2018-11-02,69.39841127519969,56.40353358316992,61.97360517854217,52.875064994212565,55.73037193283793,50.90001229557486,VLO,1,0.33,0.3113226662302733,0.022010667103060027,2.25825814262523,0.4771575067477439,False,False,0.42863593851203236,2.2095603642028405,3.2095603642028414,False,0.7001635875272662,4.499182062363668,4.589182062363668,True,0.31382033609557014,0.06603200130918004,0.9339679986908199,--w4,132.0
2019-08-15,2019-08-19,long,60.933624267578125,2019-08-23,59.10561553955078,stop_loss,-3.0,-3.3,0.0,2019-07-24,65.47530544532603,62.12555761948212,65.4299375193961,56.73631330403529,60.83423936421735,57.737836898789865,VLO,0,0.0,0.0,0.0,4.815274597273818,0.19958480537230314,False,False,0.9864563160307466,7.245022305605875,6.2450223056058745,False,2.595307070068959,4.976535350344793,4.8865353503447935,False,0.47137142791856734,2.2242661358707854,1.2242661358707854,---,4.0
2020-03-18,2020-03-19,long,29.197481155395508,2020-03-23,28.321556720733643,stop_loss,-3.0,-3.3,0.33,2020-01-13,75.62102834253342,61.51200292631077,67.73723393312856,48.70930252603479,53.89164267197692,24.19465619959646,VLO,1,0.33,0.1660016595393281,0.0,1.2516776252298059,0.4808787929220643,False,False,0.4412233179238576,1.9962149504430906,2.9962149504430915,False,1.3486354192271377,1.2568229038643115,1.3468229038643116,True,0.27235436343911285,0.5019950213820157,1.5019950213820157,--w4,4.0
2020-03-23,2020-03-24,long,27.043384552001957,2020-07-31,44.57565307617188,time_exit,64.83,64.53,0.66,2020-02-12,67.73723393312856,48.70930252603479,53.89164267197692,24.19465619959646,32.13986833214608,25.33414319403788,VLO,2,0.66,0.4118721831040744,0.23784156030304382,1.8742613567879431,0.5480919204409578,False,False,0.27235436343911285,4.858400619676052,5.858400619676054,True,1.5607049361818264,0.19647531909086852,0.28647531909086854,True,0.2675427063934257,0.5679081315969081,1.5679081315969081,-w3w4,129.0
2020-07-09,2020-07-10,long,42.530399322509766,2020-08-06,41.25448734283447,stop_loss,-3.0,-3.3,0.33,2020-06-16,53.723866132394456,48.62655143734862,53.00245526087232,44.12379622351199,47.8020993509387,39.53384207858879,VLO,1,0.33,0.09694889416001769,0.31285808966259615,2.409076200389578,0.38637568445784076,False,False,0.8584723693392348,5.075802870156522,4.075802870156521,True,1.7418306635039895,0.7091533175199469,0.6191533175199468,False,0.41428588618493534,1.4422724134922646,0.44227241349226476,-w3-,27.0
2020-09-24,2020-09-28,long,36.16073989868164,2020-09-29,35.07591770172119,stop_loss,-3.0,-3.3,0.0,2020-08-31,44.57565094482848,41.62276811667158,43.954431173009695,36.418914952693626,40.37223527649735,34.635893447532005,VLO,0,0.0,0.0,0.0,3.874072515405692,0.2100867009089348,False,False,0.7896226135709784,3.9088578571352284,2.9088578571352275,False,2.5519184670864523,4.759592335432259,4.6695923354322595,False,0.5246250168164199,2.953767353649588,1.9537673536495879,---,1.0
2022-06-23,2022-06-24,long,91.93917083740234,2022-07-05,89.18099571228026,stop_loss,-3.0,-3.3,1.0,2022-06-08,129.87191962403904,114.51484076238906,122.573766513604,97.6184594300328,104.91662987850378,90.67413580482996,VLO,3,1.0,0.6893620712135625,0.32166081340615355,0.3106379287864374,0.7789661588998055,False,True,0.5247694450107866,0.5801788981222601,1.580178898122261,True,1.625003511956308,0.12501755978153944,0.035017559781539406,True,0.29244963502274757,0.2267173284555127,1.2267173284555126,w2w3w4,11.0
2023-06-01,2023-06-07,long,103.70726776123048,2023-06-21,100.59604972839357,stop_loss,-3.0,-3.3,0.33,2023-04-03,128.7715994971203,114.75029190932764,124.99697901668488,94.3021587768973,105.37908721889318,96.52668798003452,VLO,1,0.33,0.09647082875589615,0.23686250457743716,2.1893754842360615,0.3645564186645555,False,False,0.7307939750411218,2.9117622888325734,1.9117622888325723,False,2.1891553300286604,2.9457766501433005,2.8557766501433,True,0.36087288850245874,0.7105875137323115,0.2894124862676885,--w4,14.0
2020-03-03,2020-03-04,long,11.180536270141602,2020-03-05,10.845120182037354,stop_loss,-3.0,-3.3,0.0,2020-02-18,13.428583592055022,12.026042243163722,12.995882829978656,11.051225728568246,11.871861686737326,10.812495924863464,VRT,0,0.0,0.0,0.15070685934612868,1.6202733811292112,0.39476678778103397,False,False,0.6914880531555004,2.245560222974585,1.245560222974584,False,1.386523900309713,1.0673804984514352,1.1573804984514353,False,0.42199519780319783,1.5478794219616139,0.547879421961614,---,1.0
2020-03-23,2020-03-24,long,7.639370441436768,2020-03-25,7.410189328193664,stop_loss,-3.0,-3.3,0.0,2020-03-04,11.568473376251877,8.45503281741948,11.284980669757504,4.72487182885666,7.360851868544855,5.978206478498077,VRT,0,0.0,0.0,0.24283306514823066,3.245974898423457,0.28912832914730496,False,False,0.9089455214777928,5.931280025047338,4.931280025047337,False,2.1070287731335453,2.535143865667725,2.4451438656677253,False,0.4018195587325375,1.271500804555308,0.27150080455530806,---,1.0
2022-03-08,2022-03-09,long,10.872220993041992,2022-03-10,10.546054363250732,stop_loss,-3.0,-3.3,0.0,2022-02-09,22.998933250823494,20.50986987391173,22.112826417658496,10.702966678172896,13.331415671365637,9.548041053974549,VRT,0,0.0,0.0,0.18644129305102866,5.812611428812988,0.31798682923055493,False,False,0.6439998911299679,1.440676120846915,0.440676120846914,False,4.583997275972161,14.919986379860799,14.829986379860797,False,0.2303664596416188,1.077171785731249,2.077171785731249,---,1.0
2022-12-28,2022-12-29,long,13.481094360351562,2023-03-15,13.076661529541015,stop_loss,-3.0,-3.3,0.0,2022-12-08,14.467515688444577,13.286797749820884,14.44260603676572,12.285430854140072,13.217052676373797,12.255540381277587,VRT,0,0.0,0.0,0.10561098535726028,3.3117270839461592,0.3214243182663083,False,False,0.9789029616100422,7.11699934932275,6.116999349322749,False,1.8270029717175018,1.1350148585875082,1.045014858587508,False,0.43187119420676,1.6831670439282191,0.6831670439282191,---,76.0
2025-03-04,2025-03-05,long,87.72579193115234,2025-03-06,85.09401817321778,stop_loss,-3.0,-3.3,0.0,2025-02-10,126.2886174592169,105.62228647238568,113.15818731257488,84.53177357460511,104.01230674646052,78.85239969584866,VRT,0,0.0,0.0,0.0,3.1524792824893115,0.2930763818266844,False,False,0.3646462860287658,3.294130745275155,4.294130745275156,False,1.385171550586836,1.0741422470658197,1.1641422470658198,False,0.6805090344242681,5.08916485512696,4.08916485512696,---,1.0
2016-12-22,2016-12-27,long,75.19000244140625,2017-05-08,115.05999755859376,time_exit,53.03,52.73,0.67,2016-11-10,97.93000030517578,89.63999938964844,94.68000030517578,74.08999633789062,79.66999816894531,71.45999908447266,VRTX,2,0.67,0.2165569274670712,0.27661831961591404,1.9229689457487866,0.4629104024757786,False,True,0.6079614425720168,0.8298549588477432,0.17014504115225776,False,2.483715523929515,4.418577619647573,4.328577619647573,True,0.27100537911117384,0.5204742587510433,1.5204742587510431,w2-w4,132.0
2018-12-24,2018-12-26,long,161.83999633789062,2018-12-27,156.9847964477539,stop_loss,-3.0,-3.3,0.34,2018-12-04,187.75999450683597,167.6300048828125,178.6199951171875,156.3000030517578,165.07000732421875,151.8000030517578,VRTX,1,0.34,0.25961080635500217,0.28346357053811877,1.2756039166786555,0.5244793924218031,False,True,0.5459511127248353,0.2211675809349936,1.2211675809349944,False,1.1087930238569341,2.456034880715329,2.5460348807153292,False,0.392921478052152,1.1496092883856437,0.14960928838564366,w2--,1.0
2025-09-24,2025-09-29,long,395.30999755859375,2026-02-06,477.9200134277344,time_exit,20.9,20.6,0.33,2025-07-10,484.55999755859375,456.8299865722656,480.0,362.5,403.5799865722656,374.1700134277344,VRTX,1,0.33,0.14786800457531832,0.18546532875801502,6.143413443268776,0.2962755968040573,False,False,0.8355573115047812,4.687412059403072,3.687412059403071,False,4.237286456825843,13.18643228412921,13.09643228412921,True,0.3496169069980053,0.5563959862740451,0.44360401372595487,--w4,130.0
2022-09-30,2022-10-04,long,30.459688186645508,2022-10-06,29.54589754104614,stop_loss,-3.0,-3.3,0.33,2022-06-23,39.42825066426333,33.48958619942831,35.57838443312763,31.14830448359803,32.785673644542385,29.03655601922155,VZ,1,0.33,0.05660903615999172,0.2767242971733416,2.8711283517428385,0.3192410903166841,False,False,0.3517286161001099,3.513074303387967,4.513074303387968,False,0.7459724279358949,4.270137860320524,4.360137860320524,True,0.3696026210809618,0.8301728915200248,0.16982710847997523,--w4,2.0
2018-09-12,2018-09-13,long,39.88257598876953,2018-10-09,38.686098709106446,stop_loss,-3.0,-3.3,0.34,2018-06-21,58.139215776110895,53.12554714255536,55.96132770276356,42.98377415376002,45.7427252936122,37.44492587273241,WDC,1,0.34,0.2959893266693566,0.03734400666397638,2.124944719508304,0.499486980366256,False,True,0.5656098891795238,0.1120320199919301,0.8879679800080709,False,2.588434636893879,4.942173184469392,4.852173184469392,False,0.21259408635335794,1.3206289540635896,2.3206289540635896,w2--,26.0
2018-11-12,2018-11-14,long,31.735239028930664,2018-11-20,30.783181858062743,stop_loss,-3.0,-3.3,0.34,2018-09-21,42.66947049526837,37.74416399361263,40.70282657910242,28.58637533966573,34.92637463176097,30.424974081671056,WDC,1,0.34,0.09770458800891442,0.2356287453244186,2.6473642675044315,0.342887813672519,False,True,0.6007062879224221,0.7068862359732567,0.29311376402674416,False,2.4600400473277158,4.3002002366385765,4.210200236638577,False,0.5232554620828067,2.9350063299014613,1.9350063299014615,w2--,6.0
2018-12-26,2018-12-27,long,26.34364128112793,2019-01-03,25.55333204269409,stop_loss,-3.0,-3.3,0.67,2018-11-28,34.78549008765518,30.579958479368248,32.784869267331366,25.451594986526032,27.022504261888745,23.831371561362296,WDC,2,0.67,0.23101986100163008,0.1237981354702616,0.8684475993163264,0.5488473568829391,False,True,0.5242882454190522,0.5883348234058945,1.5883348234058954,True,1.7437211187178432,0.7186055935892153,0.6286055935892152,False,0.21421662619036752,1.2984023809538694,2.298402380953869,w2w3-,7.0
2019-06-03,2019-06-04,long,28.26178932189941,2019-06-05,27.41393564224243,stop_loss,-3.0,-3.3,0.33,2019-05-01,38.29855035864456,30.93344362535709,33.17908309790231,27.98018195322913,29.53985059038757,26.593808665092425,WDC,1,0.33,0.292235944323717,0.0,2.966872035984622,0.4204919315174971,False,False,0.3049025022808949,4.306737249476357,5.306737249476358,False,0.7058826617102677,4.47058669144866,4.560586691448661,True,0.299999671806894,0.12329216702884899,1.123292167028849,--w4,1.0
2019-10-08,2019-10-11,long,42.9942512512207,2019-10-31,41.70442371368408,stop_loss,-3.0,-3.3,0.34,2019-09-13,47.699143881819616,43.36086751712474,45.64687061070385,40.87953665526087,43.28898175397369,40.8205889411328,WDC,1,0.34,0.15219264064072613,0.0,1.9131432829880375,0.4013807868709827,False,True,0.5269380973934085,0.5434220780778216,1.5434220780778225,False,1.0989004744464401,2.505497627767799,2.595497627767799,False,0.50540724044765,2.6905101431184923,1.6905101431184921,w2--,20.0
2019-12-03,2019-12-06,long,36.1638069152832,2019-12-09,35.07889270782471,stop_loss,-3.0,-3.3,0.0,2019-10-29,46.51631697811949,37.954300181152725,40.65849094222395,34.82276392603542,37.3869436277722,34.37329965071388,WDC,0,0.0,0.0,0.07126319630718563,3.499907573730354,0.24433089215357548,False,False,0.31583572249347,4.121428432314067,5.121428432314069,False,0.6815832244402895,4.592083877798552,4.682083877798552,False,0.43939336000872636,1.7862104110784431,0.7862104110784431,---,3.0
2020-03-19,2020-03-20,long,23.06035041809082,2020-07-29,31.91736221313477,time_exit,38.41,38.11,0.33,2020-02-12,52.95340470656967,38.4562018930316,45.27404816248205,27.338215520157814,32.031982987360706,20.349554596048048,WDC,1,0.33,0.11734143121102487,0.0,1.3218741255107245,0.4538632315653935,False,False,0.47028701723643374,1.5036098773485798,2.503609877348581,False,1.2371926414366663,1.8140367928166683,1.9040367928166684,True,0.26169777343521444,0.6479757063669254,1.6479757063669254,--w4,131.0
2020-09-09,2020-09-11,long,28.117677688598636,2020-09-21,27.274147357940677,stop_loss,-3.0,-3.3,0.0,2020-07-23,35.6568575586453,31.142380272646765,34.12945671823053,25.228412801056404,29.53973881747588,26.808476661711577,WDC,0,0.0,0.0,0.08663237081287241,2.000217567518712,0.3362433601548534,False,False,0.6616660703661216,1.7401028875613838,0.7401028875613828,False,1.9716665636529718,1.8583328182648577,1.7683328182648577,False,0.4843618407612824,2.4022169967298956,1.4022169967298959,---,10.0
2022-02-04,2022-02-09,long,40.99147033691406,2022-02-14,39.76172622680664,stop_loss,-3.0,-3.3,0.33,2022-01-05,52.18736637284928,47.92119440417008,50.9835176221661,36.58232078487761,40.32934385251825,38.267730260241,WDC,1,0.33,0.11044890429006742,0.0,4.079598789677804,0.3237962781712675,False,False,0.7178152311905293,2.691783579500497,1.691783579500496,False,3.375671900480624,8.878359502403116,8.788359502403116,True,0.26018831003952475,0.6686532871297978,1.6686532871297979,--w4,5.0
2022-09-07,2022-09-08,long,31.90984344482422,2022-09-13,30.95254814147949,stop_loss,-3.0,-3.3,1.0,2022-08-12,38.33544981192433,34.14451025302503,36.33402958891372,30.38244198131402,32.21080389880441,30.194337839321,WDC,3,1.0,0.48544028406690093,0.0035136564471721643,0.5145597159330991,0.7066323865578766,False,True,0.5224411626837547,0.6196413104448341,1.619641310444835,True,1.4201081938683033,0.8994590306584834,0.9894590306584835,True,0.3072057471111935,0.024578806695979786,1.0245788066959798,w2w3w4,5.0
2024-08-08,2024-08-09,long,44.90401458740234,2024-12-17,48.63598251342773,time_exit,8.31,8.01,0.0,2024-07-24,55.95696582969551,47.46974284855217,50.87817487191182,39.7048335591987,44.791149249913545,42.481238140999146,WDC,0,0.0,0.0,0.0,2.029473240100453,0.33975998954753356,False,False,0.40159567280515635,2.6678699524549763,3.667869952454977,False,1.3164896618761777,1.4175516906191117,1.5075516906191118,False,0.4552188596375908,2.002998077227271,1.0029980772272709,---,130.0
2025-03-31,2025-04-02,long,41.58959197998047,2025-04-03,40.34190422058106,stop_loss,-3.0,-3.3,0.34,2025-02-19,54.369372137138285,48.01019596465486,51.24537767855736,39.240341533911455,45.32249597440269,38.92180237714258,WDC,1,0.34,0.04939134934300715,0.0,1.6660931473759035,0.40657494143065276,False,True,0.5087422688337122,0.8518259519709785,1.8518259519709794,False,1.8878288349035672,1.4391441745178353,1.3491441745178352,False,0.5066335800416395,2.7073093156388968,1.707309315638897,w2--,1.0
2026-08-10,2026-08-11,long,437.9299926757813,2026-08-24,424.79209289550784,stop_loss,-3.0,-3.3,0.33,2026-07-31,580.0,501.2699890136719,564.6599731445312,407.4800109863281,457.55999755859375,424.3800048828125,WDC,1,0.33,0.28942652407204045,0.04390680926129287,2.0953597584031045,0.47075839604315667,False,False,0.8051565513164652,4.172144937567209,3.1721449375672077,False,1.9964427819716453,1.9822139098582252,1.8922139098582251,True,0.31861559122822314,0.13172042778387863,0.8682795722161214,--w4,13.0
2018-02-09,2018-02-15,long,41.852142333984375,2018-02-22,40.59657806396484,stop_loss,-3.0,-3.3,0.67,2017-09-12,55.71569106804361,48.211246795273446,52.12018442543008,41.2854656286232,43.38369508712723,40.06832265208281,WELL,2,0.67,0.1909392500445076,0.04295606065519505,1.0024034324348348,0.5188494151526964,False,True,0.5208830245219083,0.6460504318320623,1.6460504318320632,True,1.443773636393117,0.7811318180344149,0.8711318180344149,False,0.19365795253702403,1.5800280474380268,2.580028047438027,w2w3-,7.0
2020-03-18,2020-03-19,long,34.14049530029297,2020-03-23,33.11628044128418,stop_loss,-3.0,-3.3,0.33,2020-02-18,74.33863443512398,60.04621898675544,66.54559530177482,33.32286981942115,43.65178493448011,20.249023948069823,WELL,1,0.33,0.324661690147078,0.008671643186255315,1.8051947425553714,0.5174570664008987,False,False,0.4547430305603997,1.767067278637292,2.7670672786372927,False,2.3245004038940116,3.622502019470056,3.5325020194700563,True,0.3108990898577899,0.026014929558765956,0.9739850704412341,--w4,4.0
2020-04-21,2020-04-22,long,36.95216751098633,2020-04-24,35.84360248565674,stop_loss,-3.0,-3.3,0.67,2020-04-09,48.39073648596279,43.13449976889056,46.25487046803522,38.92951274216751,41.71615155303245,35.05825552908174,WELL,2,0.67,0.1448250164478437,0.5218416502188227,0.8657572308359778,0.5425635626253655,False,True,0.5936510981344723,0.5873067480419036,0.4126932519580973,False,1.3936506516297071,1.0317467418514643,1.1217467418514644,True,0.38040992879086327,0.9782182026145653,0.02178179738543471,w2-w4,2.0
2020-05-14,2020-05-15,long,33.91523742675781,2020-09-23,44.4901008605957,time_exit,31.18,30.88,0.34,2020-04-29,44.19409010594359,38.17027397136987,41.80793155517527,33.998666889583134,37.586257279797465,30.102378386682336,WELL,1,0.34,0.07977823515583256,0.2535550981775005,1.4463243185421593,0.4306239314856159,False,True,0.6038792523774176,0.7606652945325023,0.23933470546749863,False,1.2963982450876674,1.5180087745616628,1.608008774561663,False,0.4594018187168588,2.0602988865323124,1.0602988865323122,w2--,131.0
2022-10-13,2022-10-14,long,52.82429504394531,2023-02-24,68.99462890625,time_exit,30.61,30.31,0.34,2022-07-29,78.69251942426122,71.72319020941882,75.66551911655907,57.21718969431157,60.57807118651069,51.60049164918452,WELL,1,0.34,0.29565908042644445,0.03767425290688856,2.361892870367799,0.474718318868487,False,True,0.5656683427645193,0.11302275872066662,0.8869772412793343,False,2.6470738938488596,5.235369469244296,5.1453694692442955,False,0.18217809403089438,1.7372863831384329,2.7372863831384326,w2--,133.0
2018-04-18,2018-04-20,long,41.631126403808594,2018-08-28,47.48471450805664,time_exit,14.06,13.76,0.67,2018-02-01,52.34780379407924,43.341992355709664,48.53003872208095,39.9360978147165,42.74001062438811,39.80937229254675,WFC,2,0.67,0.49134168045353244,0.1753249862131339,1.25154808834071,0.6069078417065906,False,True,0.5760776140912116,0.2894510862917232,0.7105489137082778,False,0.9542661387234544,3.228669306382727,3.318669306382727,True,0.3262662426813806,0.2365238723476795,0.7634761276523205,w2-w4,130.0
2020-03-12,2020-03-13,long,26.31536865234375,2020-03-16,25.525907592773436,stop_loss,-3.0,-3.3,0.33,2019-11-29,46.149467105135045,33.616201756478695,36.54676760738371,27.448403024694063,29.88486099243164,23.103684458601784,WFC,1,0.33,0.14516328836483697,0.0,3.4820993672123897,0.32632054049233533,False,False,0.23382301175161732,5.511474377091231,6.511474377091232,False,0.7259372820719103,4.370313589640447,4.460313589640448,True,0.2677907601518993,0.5645101349054891,1.564510134905489,--w4,3.0
2020-07-14,2020-07-15,long,22.03461265563965,2020-07-20,21.37357427597046,stop_loss,-3.0,-3.3,0.67,2020-06-16,25.7722384669943,23.373204588531607,24.59010900683205,20.609099963943457,22.634370017353525,20.27879762290569,WFC,2,0.67,0.2752445119088429,0.2642970513894006,1.303444274662569,0.5237756130844597,False,True,0.5072477005119412,0.8771576184416731,1.877157618441674,True,1.6594217691663598,0.2971088458317982,0.20710884583179817,False,0.5087328442591392,2.736066359714236,1.7360663597142356,w2w3-,5.0
2018-11-13,2018-11-19,long,16.69032859802246,2018-11-20,16.189618740081787,stop_loss,-3.0,-3.3,0.34,2018-08-09,20.98531276264944,19.246308602284746,20.22327753039397,15.510866253404666,17.487610158034474,15.99187506458139,WMB,1,0.34,0.3175258498943397,0.1780170719352188,2.3699866270634957,0.501762598795815,False,True,0.5617979245687018,0.047422450316980856,0.9525775496830201,False,2.709833239272437,5.549166196362183,5.459166196362183,False,0.4194761001193266,1.5133712345113235,0.5133712345113235,w2--,1.0
2019-08-15,2019-08-21,long,16.407947540283203,2019-08-23,15.915709114074707,stop_loss,-3.0,-3.3,0.33,2019-07-10,19.967125136855117,16.77898183012008,18.05699005686364,15.85139941835649,16.655305057079847,15.734588756274198,WMB,1,0.33,0.07997523354614489,0.25335809978718843,2.660437663448252,0.34011667874195584,False,False,0.40086285457862986,2.680290600362205,3.680290600362206,False,0.6918103818758029,4.540948090620985,4.630948090620985,True,0.3644854238533943,0.7600742993615653,0.23992570063843466,--w4,2.0
2020-03-09,2020-03-10,long,11.555248260498049,2020-03-11,11.208590812683108,stop_loss,-3.0,-3.3,0.0,2020-01-16,17.144891532015613,14.598345914208126,16.17308549710607,12.945563379245204,14.3216979141312,9.34208631501178,WMB,0,0.0,0.0,0.46187962484328066,1.425767275274115,0.41912081769317866,False,False,0.6183826324908934,1.0064852964558217,0.006485296455820863,False,1.2674118599295627,1.6629407003521863,1.7529407003521862,False,0.4263749355180466,1.6078758290143371,0.607875829014337,---,1.0
2020-03-12,2020-03-13,long,11.501949310302734,2020-03-16,11.156890830993651,stop_loss,-3.0,-3.3,0.33,2020-02-20,16.17308549710607,12.945563379245204,14.3216979141312,9.34208631501178,11.902824903607444,9.661347692706295,WMB,1,0.33,0.23809836012309213,0.2080983601230921,1.7817192730777653,0.4493451365631482,False,False,0.4263749355180466,2.2478824488466667,3.2478824488466675,True,1.5428590160738553,0.28570491963072364,0.3757049196307237,False,0.5142446429051811,2.8115704507559056,1.8115704507559056,-w3-,3.0
2022-10-13,2022-10-14,long,25.05796241760254,2023-02-24,26.904438018798828,time_exit,7.37,7.07,0.33,2022-08-25,30.10456362505324,26.90684880193544,28.909099390565,24.11221901850527,26.259311681789782,24.674554060081448,WMB,1,0.33,0.1668272695763874,0.457894218337181,1.178772448329486,0.49318795374846225,False,False,0.6261504541162772,1.1381432901063948,0.1381432901063939,True,1.5000963617458325,0.4995181912708378,0.5895181912708378,False,0.44760187804361945,1.8986558636112252,0.8986558636112252,-w3-,133.0
2023-03-24,2023-03-27,long,25.342817306518555,2023-08-04,30.5310001373291,time_exit,20.47,20.17,0.0,2022-12-27,28.9408241765804,26.326308888634227,27.99165477881557,24.677049307789964,25.99982073007581,24.352925874116963,WMB,0,0.0,0.0,0.4815773922869246,1.405471699688752,0.4180687066557684,False,False,0.6369616187976287,1.3213833694513348,0.3213833694513339,False,1.2677705448145942,1.6611472759270292,1.751147275927029,False,0.39907356511921616,1.2338844536878923,0.23388445368789243,---,130.0
2025-04-07,2025-04-08,long,80.72294616699219,2025-08-18,99.85922241210938,time_exit,23.71,23.41,0.34,2025-02-14,103.64162462840886,90.6692015818612,97.92311772026812,82.54912932093816,88.97387004834515,78.76877014712318,WMT,1,0.34,0.33231785656169827,0.17043643022563615,1.189713672921245,0.5745201615318627,False,True,0.5591797393885793,0.003046430314905135,0.9969535696850959,False,1.185128510237833,2.0743574488108343,2.1643574488108346,False,0.4178968111935737,1.4917371396379957,0.49173713963799565,w2--,132.0
2020-02-28,2020-03-02,long,40.55183792114258,2020-03-03,39.3352827835083,stop_loss,-3.0,-3.3,0.33,2019-11-05,53.607093307075374,49.95010817534256,52.9551356803169,44.43720317054005,46.75216611908738,36.13388261034303,XOM,1,0.33,0.16335715112949492,0.0,2.869655968580812,0.35363481423267656,False,False,0.8217226476801256,4.452926231866536,3.452926231866536,False,2.329222625452877,3.646113127264384,3.556113127264384,True,0.2717752160973594,0.5099285466115152,1.509928546611515,--w4,1.0
2020-03-18,2020-03-19,long,25.913129806518555,2020-03-20,25.135735912322996,stop_loss,-3.0,-3.3,0.33,2020-03-03,40.75504669167341,30.707406025851043,34.81677723586373,25.02502659448863,28.133403212162843,23.50470484225138,XOM,1,0.33,0.29475567782604933,0.03857765550728398,1.9285454053677153,0.4736133504675282,False,False,0.40898867173772996,2.5425648858011862,3.542564885801187,False,0.9745323272439782,3.127338363780108,3.2173383637801085,True,0.3174485065560952,0.11573296652185193,0.8842670334781481,--w4,1.0
2020-07-10,2020-07-13,long,32.72983932495117,2020-07-31,31.747944145202634,stop_loss,-3.0,-3.3,0.0,2020-06-16,38.16946541054966,35.11590353773227,37.02630829126738,33.113452777562465,34.81668732502159,31.532969806661605,XOM,0,0.0,0.0,0.3802080837156727,1.484113607543259,0.4071942553545034,False,False,0.625631584721241,1.1293488935803575,0.12934889358035656,False,1.281406985244641,1.5929650737767949,1.6829650737767947,False,0.43529196043490165,1.7300268552726252,0.7300268552726251,---,18.0
2020-10-02,2020-10-06,long,26.12303924560547,2020-10-28,25.339348068237303,stop_loss,-3.0,-3.3,0.0,2020-08-11,35.61460707338134,28.329306553328,29.847080498829516,26.41251219221721,28.08677258907001,25.19985057067842,XOM,0,0.0,0.0,0.0,4.6770484047614715,0.19494921285963773,False,False,0.2083337456462817,5.943495836503699,6.9434958365037005,False,0.47143810981556566,5.6428094509221705,5.732809450922169,False,0.4874733146606738,2.4448399268585446,1.4448399268585448,---,22.0
2025-02-03,2025-02-06,long,102.5344467163086,2025-03-05,99.45841331481934,stop_loss,-3.0,-3.3,0.33,2024-10-07,118.49694324959624,107.71084636498144,116.51084290806996,99.13964447796728,106.73304235262624,99.59354500832173,XOM,1,0.33,0.3158040676603473,0.4024802492299087,2.0537917186296806,0.4999284464050166,False,False,0.8158647782629102,4.353640309540851,3.3536403095408502,True,1.6105175594037917,0.052587797018958084,0.03741220298104196,False,0.43712573460103393,1.7551470493292318,0.7551470493292318,-w3-,27.0
