open_time,open,high,low,close,volume
2009-08-06,1.1580502682195535,1.1868260692030053,1.0920765071274796,1.1355911493301392,241978000
2009-08-07,1.1334859177588694,1.1762986909379753,1.1250637561881824,1.1531376838684082,24543000
2009-08-10,1.1671742295218013,1.1671742295218013,1.0955856726531579,1.1208522319793701,24210000
2009-08-11,1.121554820601872,1.1229585006346923,1.0878659978126204,1.0997974872589111,23054000
2009-08-12,1.1334859060600007,1.1369951469838095,1.099095294806532,1.1229581832885742,14513000
2009-08-13,1.1229582857021014,1.173491426547082,1.1229582857021014,1.1615599393844604,11506000
2009-08-14,1.1580500287636437,1.193142504584883,1.1405038326864554,1.165068507194519,6378000
2009-08-17,1.141907768102645,1.148926248109815,1.1369948488310024,1.13839852809906,2544000
2009-08-18,1.1566470053864788,1.207180145663936,1.147522961521554,1.1980561017990112,14467000
2009-08-19,1.181913350821655,1.2591167263084473,1.1791059081917041,1.2556074857711792,20708000
2009-08-20,1.2598182847895154,1.2598182847895154,1.2134962850342335,1.2464832067489624,18821000
2009-08-21,1.248588916870887,1.2612221986498058,1.2338500741843337,1.2506943941116333,8636000
2009-08-24,1.2296390434470286,1.252800047812741,1.2141984017588519,1.2282353639602661,10216000
2009-08-25,1.2387632620112694,1.2563094672616175,1.23174477991113,1.2528002262115479,5308000
2009-08-26,1.2415707050514688,1.2528002262115479,1.203670851510573,1.2528002262115479,7086000
2009-08-27,1.2527999103648524,1.2780664730220963,1.2317444693727773,1.2745572328567505,11611000
2009-08-28,1.270346035314545,1.3335124381847623,1.2633275554030632,1.2963144779205322,12950000
2009-08-31,1.2878926921731828,1.291401933146397,1.2499928394623265,1.27736496925354,10048000
2009-09-01,1.2808742382790113,1.2942093208025134,1.188932005633518,1.2528002262115479,13835000
2009-09-02,1.246483249931562,1.280873852052465,1.2268314892434575,1.2408684492111206,12934000
2009-09-03,1.2612222482847257,1.2612222482847257,1.193142917037674,1.2247260808944702,36577000
2009-09-04,1.2457813253081425,1.2633275246598585,1.2275332445156064,1.2464832067489624,11586000
2009-09-08,1.2464836189271165,1.2584150216982974,1.224726291069682,1.2422724962234497,5749000
2009-09-09,1.252800184561022,1.252800184561022,1.208583732066781,1.2113910913467407,5512000
2009-09-10,1.1938444935550003,1.2254277352223755,1.189633456021726,1.1966519355773926,4152000
2009-09-11,1.1931426389948678,1.2163036371592633,1.16085760110912,1.1847203969955444,6203000
2009-09-14,1.1678765882794981,1.1861246756589106,1.1447155800416002,1.1685783863067627,16145000
2009-09-15,1.2106890148334528,1.2177074950856097,1.1671743703365725,1.2057760953903198,19869000
2009-09-16,1.22121707521218,1.245781762933813,1.200863426614111,1.233850359916687,20211000
2009-09-17,1.2394653146582482,1.2563096405553038,1.1601563555866141,1.1678767204284668,14464000
2009-09-18,1.1629635635725988,1.1945468169248579,1.1355915166453896,1.1369951963424683,8999000
2009-09-21,1.1426097660021177,1.1671744485303555,1.1138339615737118,1.1657707691192627,5530000
2009-09-22,1.1903356584284315,1.21911146785567,1.1805098171769817,1.2106893062591553,11141000
2009-09-23,1.2366576798748108,1.2485891661781507,1.2141985542650087,1.2212170362472534,5303000
2009-09-24,1.2163039403102403,1.2528000246250433,1.1755966502793047,1.2275334596633911,7788000
2009-09-25,1.226831857264641,1.226831857264641,1.2001616085922473,1.2022671699523926,4685000
2009-09-28,1.2156019724463274,1.2527999356841473,1.19524832887584,1.2387629747390747,2336000
2009-09-29,1.2317447776067727,1.2520984258592427,1.1896338850847186,1.1952486038208008,3567000
2009-09-30,1.1931431808461779,1.2163041895288607,1.1903357376824804,1.1980561017990112,5126000
2009-10-01,1.193142875574019,1.1994594746591094,1.137696828529904,1.1447153091430664,6605000
2009-10-02,1.1369949689952845,1.1482245716603192,1.1159395267485122,1.129274606704712,6296000
2009-10-05,1.129976623621573,1.1601561111909346,1.1229581420318098,1.1573487520217896,1889000
2009-10-06,1.1748945464199665,1.2071795839448536,1.1538391089907458,1.155944585800171,4694000
2009-10-07,1.1629635104859093,1.1657709534188203,1.1173433785784135,1.132082223892212,2917000
2009-10-08,1.1306782102354582,1.1355912133634802,1.118746810496443,1.1236597299575806,5573000
2009-10-09,1.1215544764041763,1.1545413235531807,1.1187470335331944,1.1405043601989746,8705000
2009-10-12,1.1383987419669257,1.154541265749445,1.125765458847263,1.1468209028244019,12888000
2009-10-13,1.136293126024923,1.1699819351635883,1.133485767096814,1.160156011581421,5573000
2009-10-14,1.1819133857159827,1.1931429892335363,1.1608579418707416,1.1833170652389526,6955000
2009-10-15,1.221217293346755,1.2598189523758017,1.200161842967275,1.2043728828430176,20920000
2009-10-16,1.209285622895764,1.209285622895764,1.137697040377665,1.1531376838684082,12638000
2009-10-19,1.1552426989214464,1.1678759771372849,1.127168700849103,1.1398019790649414,21429000
2009-10-20,1.146820847505671,1.1741929735557517,1.141907927548034,1.160156011581421,4890000
2009-10-21,1.1489265071805534,1.1868263579654148,1.130678421580409,1.1573487520217896,2338000
2009-10-22,1.1461191948185079,1.1461191948185079,1.0955860583749375,1.14260995388031,9834000
2009-10-23,1.1320821489724187,1.1517339135346527,1.1173433046340187,1.1264673471450806,11341000
2009-10-26,1.1166415891676833,1.1313804356989716,1.1096231067560052,1.1117286682128906,1624000
2009-10-27,1.119449288578664,1.1222566487191867,1.0710216986526806,1.0843567848205566,3288000
2009-10-28,1.0878655909184316,1.0878655909184316,1.0450528220956368,1.0478602647781372,6220000
2009-10-29,1.0492636604595305,1.066809858728043,1.0331211413191244,1.0555802583694458,11833000
2009-10-30,1.0597915987792135,1.0661082816634462,1.0436490762975836,1.052773118019104,2781000
2009-11-02,1.0597915999143868,1.0597915999143868,1.0331213562640256,1.0436490774154663,2766000
2009-11-03,1.030314144675192,1.0401399856874132,1.013469738225367,1.0169789791107178,3637000
2009-11-04,1.0246992519856382,1.0703193794643289,1.005749285945589,1.037332534790039,8053000
2009-11-05,1.0541765908079426,1.1047097093092153,1.0422451925878153,1.0752320289611816,2741000
2009-11-06,1.075232150818867,1.101200594417737,1.043648990009641,1.0731266736984253,2575000
2009-11-09,1.0710211835538574,1.1047099073724598,1.0590896995276624,1.099095106124878,2529000
2009-11-10,1.1012011966644797,1.1012011966644797,1.0654068947047062,1.0843567848205566,1468000
2009-11-11,1.0899715284228793,1.0899715284228793,1.0611957120744981,1.0780401229858398,1535000
2009-11-12,1.0808469583165712,1.1194486832089539,1.0808469583165712,1.094883918762207,1300000
2009-11-13,1.095585790158572,1.10541171258013,1.0815488298422462,1.0934802293777466,621000
2009-11-16,1.0969894881682685,1.1376967741802204,1.0899710078903908,1.1236597299575806,1556000
2009-11-17,1.111026278613698,1.1362928372122236,1.0934800806055194,1.1278706789016724,985000
2009-11-18,1.1334860587978506,1.1334860587978506,1.1096231671002712,1.1250638961791992,1155000
2009-11-19,1.1117282029280435,1.1152374426651819,1.0703191238296863,1.0927783250808716,1166000
2009-11-20,1.0920766833802553,1.0983933664937569,1.0745304808431284,1.083654522895813,4237000
2009-11-23,1.090672786215778,1.0955857052121913,1.0633006655211137,1.0661081075668335,4653000
2009-11-24,1.0597917145262763,1.075934238770941,1.0534751146190549,1.071021318435669,5228000
2009-11-25,1.079443430334472,1.1215544012418752,1.0780397508265007,1.0878655910491943,1353000
2009-11-27,1.0618975325375763,1.1145362403849897,1.0569846110141143,1.1131324768066406,616000
2009-11-30,1.1138343585958153,1.12225652173131,1.0703196956730714,1.1131324768066406,2765000
2009-12-01,1.115939646608846,1.1468209317542393,1.115939646608846,1.1201506853103638,4178000
2009-12-02,1.125063629958808,1.1306783479313722,1.0794434189300124,1.0955859422683716,8465000
2009-12-03,1.0934800920744803,1.1187466509380142,1.0934800920744803,1.1180448532104492,5079000
2009-12-04,1.151031946998445,1.1727892710988566,1.0948840165350238,1.159454107284546,9468000
2009-12-07,1.1580504047672007,1.188229888552214,1.1580504047672007,1.184018850326538,3084000
2009-12-08,1.1657712282334058,1.1910378022513364,1.1615601046747766,1.175597071647644,2495000
2009-12-09,1.1657704667414897,1.179807424545288,1.1468205067728674,1.179807424545288,967000
2009-12-10,1.1791060001666065,1.192441165448557,1.1755967593556038,1.1770005226135254,2555000
2009-12-11,1.1713858974826745,1.1720876955507187,1.155243370580873,1.163665533065796,774000
2009-12-14,1.1748945265872721,1.186124126493378,1.1713852870749726,1.182614803314209,2248000
2009-12-15,1.1826149683177138,1.186124291986519,1.1727891297790802,1.1748946905136108,1404000
2009-12-16,1.1847206471524732,1.202266932578094,1.1748948076343395,1.1931428909301758,3157000
2009-12-17,1.1868261928220398,1.1917391125178756,1.1327838251671798,1.1447153091430664,1490000
2009-12-18,1.144013502723506,1.1791059080932573,1.13910058270512,1.1503301858901978,4178000
2009-12-21,1.178404196791079,1.1826152355447968,1.1482247092217173,1.1573487520217896,1443000
2009-12-22,1.1580502657883687,1.1741927862167358,1.1391003868797984,1.1741927862167358,3127000
2009-12-23,1.175596151523344,1.1819128319173018,1.1685776735301845,1.177701711654663,2235000
2009-12-24,1.1734906750588818,1.1931424301730997,1.1734906750588818,1.177701711654663,308000
2009-12-28,1.1755969252148708,1.2492910763099778,1.1755969252148708,1.2198134660720825,7954000
2009-12-29,1.2296390760461655,1.2408686795717643,1.2212169152354146,1.2303409576416016,2276000
2009-12-30,1.2149006119214283,1.2478875512217367,1.2149006119214283,1.2415709495544434,3025000
2009-12-31,1.2359559348308213,1.2836816310882568,1.2359559348308213,1.2836816310882568,5558000
2010-01-04,1.2843831944313726,1.326494077691309,1.264029550655604,1.3236867189407349,5387000
2010-01-05,1.3300041366651614,1.3503577929699007,1.2703469316572242,1.3335133790969849,3011000
2010-01-06,1.3300030776511023,1.354567755114258,1.3047365187936784,1.344040036201477,5331000
2010-01-07,1.3363202583883318,1.3454443015877842,1.308948128789975,1.3356183767318726,2718000
2010-01-08,1.3264941182341399,1.3545680412654793,1.3229848778552225,1.3454440832138062,2899000
2010-01-11,1.34754941809665,1.372114181819922,1.3356180188026365,1.3538661003112793,5127000
2010-01-12,1.343339308106254,1.343339308106254,1.3152652849847273,1.3335133790969849,9167000
2010-01-13,1.3307050353130534,1.3307050353130534,1.2808737961364591,1.2928051948547363,9439000
2010-01-14,1.2970168171831584,1.3243888650326279,1.27385580856681,1.2935075759887695,10654000
2010-01-15,1.3026311099569723,1.3026311099569723,1.2738553917781639,1.2801719903945923,1587000
2010-01-19,1.2563089685212139,1.2738552504727936,1.2141980926379181,1.2499923706054688,3813000
2010-01-20,1.2429742548052591,1.2640296989046709,1.2240242881822707,1.2605204582214355,1938000
2010-01-21,1.2542033334559917,1.2977179695494743,1.2485886172720682,1.2626255750656128,3386000
2010-01-22,1.2549051897739618,1.2675384682694606,1.21981279599028,1.2324460744857788,9235000
2010-01-25,1.2401666541002045,1.249290695447879,1.2254278953080104,1.2387629747390747,2614000
2010-01-26,1.1952482042416974,1.2633275246598585,1.1819131262011442,1.2464832067489624,7654000
2010-01-27,1.2380614661356577,1.2598187104834524,1.2106893356977848,1.2219189405441284,6963000
2010-01-28,1.2317443104810715,1.2450794715893168,1.2106888722050915,1.243675708770752,144576000
2010-01-29,1.243676273486828,1.2535021993440683,1.2106894219428284,1.2198134660720825,33570000
2010-02-01,1.2198132033727964,1.2415705282517462,1.2134965201820234,1.2282353639602661,5095000
2010-02-02,1.2289374137733484,1.2492909782849568,1.2177078090081745,1.2422724962234497,17729000
2010-02-03,1.2310428174313692,1.241570623557462,1.2268317786478329,1.2366576194763184,12857000
2010-02-04,1.219813076216529,1.2338500369546963,1.1973538721019523,1.2085834741592407,13767000
2010-02-05,1.2106890249301245,1.2156019444142292,1.1650688192437655,1.2071797847747803,5387000
2010-02-08,1.1987579548238068,1.213496802025251,1.1840191912892761,1.1938450336456299,4983000
2010-02-09,1.1959503464781782,1.2198132330003144,1.1805097044149704,1.1924411058425903,1896000
2010-02-10,1.1833171195145311,1.1889319215308438,1.1587524339017006,1.1791059970855713,5780000
2010-02-11,1.1762987192887766,1.210689331726068,1.1580506323900583,1.2022671699523926,3700000
2010-02-12,1.1917395244064648,1.2205153383326721,1.178404440099345,1.218409776687622,1632000
2010-02-16,1.2212165170160352,1.228936877380759,1.212092477585053,1.226831316947937,4227000
2010-02-17,1.2352540230906186,1.2352540230906186,1.205074533274613,1.2219189405441284,5077000
2010-02-18,1.226129760332505,1.228235321323003,1.2141983596088715,1.2247260808944702,4619000
2010-02-19,1.2282353965221897,1.2366575573329406,1.2184094725205667,1.2303409576416016,3746000
2010-02-22,1.2282354757910672,1.2345520758900719,1.2092855918271503,1.2177077531814575,8465000
2010-02-23,1.2177079045550372,1.2275337467453649,1.20226725954156,1.2198134660720825,18202000
2010-02-24,1.2282349983277774,1.2542033539365116,1.2219184006842827,1.2450793981552124,8523000
2010-02-25,1.2633278154045946,1.2906999428928736,1.2415705734013391,1.2696444988250732,23197000
2010-02-26,1.266836883701365,1.276662806462776,1.260520284807297,1.273855447769165,2807000
2010-03-01,1.3124575868259112,1.3194760698837835,1.2717503683568674,1.2843836545944214,8722000
2010-03-02,1.2766632743853583,1.3152649307386626,1.2766632743853583,1.3138612508773804,9810000
2010-03-03,1.3159663993083717,1.3994863706670644,1.3159663993083717,1.3271960020065308,10634000
2010-03-04,1.3342147293797797,1.350357254866931,1.298420437372049,1.337723970413208,3966000
2010-03-05,1.337022102294806,1.3798348768034392,1.337022102294806,1.3587794303894043,3767000
2010-03-08,1.367201068820026,1.3700085108006097,1.3398290324273006,1.3552696704864502,2220000
2010-03-09,1.364394329875446,1.403697866110529,1.3440406800274196,1.3580776453018188,9227000
2010-03-10,1.3657972940363323,1.402293451560506,1.3587788150765865,1.3854490518569946,5449000
2010-03-11,1.3889589824365407,1.4015922675833585,1.3889589824365407,1.3938719034194946,3947000
2010-03-12,1.396678948782207,1.4036974292350313,1.364393905232461,1.3791327476501465,4984000
2010-03-15,1.3728162196069804,1.3728162196069804,1.335618252285539,1.362990379333496,1792000
2010-03-16,1.3629905727652765,1.3812386600536315,1.3447424854769214,1.368605375289917,1623000
2010-03-17,1.3749215796141956,1.402995500480164,1.3728160188158711,1.3959770202636719,3094000
2010-03-18,1.3994864777940805,1.403697600044963,1.3672014303157056,1.4022939205169678,2112000
2010-03-19,1.4114177227020264,1.4233492902004563,1.3819401212167355,1.4114177227020264,6365000
2010-03-22,1.3945732649696934,1.414225108905391,1.382641865985122,1.3994861841201782,4734000
2010-03-23,1.4022936715748715,1.4247527910364322,1.40018811082322,1.4191380739212036,2819000
2010-03-24,1.4177341108919614,1.4177341108919614,1.373517676015029,1.377026915550232,1535000
2010-03-25,1.3861512281029706,1.3861512281029706,1.3552698639104122,1.3791327476501465,5835000
2010-03-26,1.379834661788948,1.4177345096285627,1.379834661788948,1.3973809480667114,5250000
2010-03-29,1.410014033108634,1.43177127109735,1.3994862293503754,1.4191380739212036,2961000
2010-03-30,1.4233497024821355,1.4394922291062768,1.4008904913527678,1.430368185043335,3539000
2010-03-31,1.4310699858598068,1.451423635526694,1.4156292572618538,1.443001389503479,6620000
2010-04-01,1.4521247670657347,1.4598450441542292,1.4100138909459967,1.4387896060943604,3246000
2010-04-05,1.4521250558538108,1.452826853728584,1.3889586454452536,1.421945571899414,6120000
2010-04-06,1.4072064943100633,1.4619505648398647,1.4036971710622113,1.451422929763794,2358000
2010-04-07,1.4444048747700875,1.4556343108599015,1.4317715081683595,1.437386393547058,1446000
2010-04-08,1.4373863857264075,1.4373863857264075,1.4093122936532456,1.4107160568237305,1402000
2010-04-09,1.4107158388609708,1.4135231974343987,1.3917659593231269,1.4043991565704346,1983000
2010-04-12,1.3980826160177406,1.4142252213195408,1.380536415037809,1.4051011800765991,2867000
2010-04-13,1.393871846166538,1.4205420951216992,1.3861515659866934,1.4142255783081055,2367000
2010-04-14,1.447914209924783,1.5131861100660384,1.4387901664784732,1.5124843120574951,4783000
2010-04-15,1.515993438370711,1.5440673630441666,1.515993438370711,1.541260004043579,6148000
2010-04-16,1.5419616908837954,1.5426634887499402,1.52090624889545,1.5356450080871582,3439000
2010-04-19,1.5216079738201702,1.5468745364617356,1.4949378155135997,1.5370486974716187,4867000
2010-04-20,1.5770544165455926,1.6058303102783986,1.5567007682631324,1.5700359344482422,8506000
2010-04-21,1.5791597573676146,1.6023207617876583,1.506167419882003,1.5328377485275269,5402000
2010-04-22,1.5328379865235557,1.5342417498984608,1.471777040723131,1.5110807418823242,6441000
2010-04-23,1.5040621210328826,1.5173972876805084,1.479497516507065,1.5082732439041138,1886000
2010-04-26,1.498447064379679,1.5461728339410215,1.4949379076670786,1.5293283462524414,2550000
2010-04-27,1.5342419500336573,1.5342419500336573,1.4612495916933559,1.473882794380188,2506000
2010-04-28,1.486515742235458,1.4942360212774428,1.4514233365894507,1.4745843410491943,3139000
2010-04-29,1.4970432566655938,1.5300302658498242,1.4970432566655938,1.5019563436508179,3185000
2010-04-30,1.5138876726025747,1.5223097484656356,1.4380879858324205,1.4394917488098145,3603000
2010-05-03,1.4493176129754197,1.506869218713938,1.431069530619272,1.4823044538497925,4239000
2010-05-04,1.47177706850793,1.47177706850793,1.398083003944301,1.4072071313858032,5540000
2010-05-05,1.3994866047172365,1.4079088499828376,1.34754978813595,1.3749219179153442,6266000
2010-05-06,1.3735181248755304,1.374219922811794,1.301929548029017,1.3475496768951416,9155000
2010-05-07,1.3503568603032237,1.3686049418118662,1.2899978986979113,1.3538661003112793,6025000
2010-05-10,1.403697396455173,1.46756568421803,1.403697396455173,1.4556341171264648,8944000
2010-05-11,1.4268587104600636,1.4598455583049628,1.4156291060730368,1.4500197172164917,2174000
2010-05-12,1.4430009448254846,1.4682675077751126,1.4387898231115845,1.454230546951294,3533000
2010-05-13,1.46195119065399,1.46195119065399,1.426156981805764,1.4359828233718872,2919000
2010-05-14,1.4324735371516468,1.438088423436039,1.3840460423680403,1.4198403358459473,5049000
2010-05-17,1.4212436542058586,1.4401935338974,1.3980825692862546,1.4401935338974,2929000
2010-05-18,1.445808538444764,1.4654603871914915,1.399486526732806,1.40931236743927,3384000
2010-05-19,1.3924678149707854,1.4233492625624822,1.3285996099370803,1.4051011800765991,5790000
2010-05-20,1.3875550521803701,1.4247530191934161,1.3643940475370098,1.4107160568237305,11123000
2010-05-21,1.396679184819596,1.421243954222789,1.3714126174526495,1.3903625011444092,8233000
2010-05-24,1.3861513509890317,1.4036975536766105,1.3552699840587565,1.3608847856521606,4802000
2010-05-25,1.3335123929662065,1.357375274056198,1.2998236738000806,1.3496549129486084,6804000
2010-05-26,1.3728160531398848,1.4331751016444896,1.3672012520929295,1.4051011800765991,9462000
2010-05-27,1.429665633544759,1.5124837942148968,1.4240509167311504,1.4977450370788574,10657000
2010-05-28,1.5040617764945436,1.508272898401125,1.4247529274777897,1.4493176937103271,7955000
2010-06-01,1.4500192522019002,1.4731802515307009,1.4275600506304107,1.4310693740844727,4561000
2010-06-02,1.4275603339239544,1.4816027879714966,1.4275603339239544,1.4816027879714966,8618000
2010-06-03,1.4780929574356045,1.5440667897917177,1.4780929574356045,1.5202038288116455,6463000
2010-06-04,1.5019564154175842,1.5047637743048714,1.444404805226169,1.4605473279953003,3157000
2010-06-07,1.4654603961145813,1.4809009552233843,1.4422993901175765,1.4577399492263794,7353000
2010-06-08,1.4696709868329654,1.4809004194553415,1.447211786920733,1.480198621749878,11924000
2010-06-09,1.4914286078403838,1.5370488171814918,1.4710749631086755,1.4787954092025757,8025000
2010-06-10,1.508974809110619,1.5419616506312008,1.5082728439290205,1.5300302505493164,10099000
2010-06-11,1.5089751589877722,1.5426638061673663,1.504062070912511,1.5391546487808228,7929000
2010-06-14,1.5545945708195745,1.5552965358757609,1.4956393787908149,1.5096763372421265,13409000
2010-06-15,1.5265208025499066,1.5931964453525245,1.5138876056471657,1.5616132020950317,12082000
2010-06-16,1.5595078975478445,1.6486427576338032,1.547576496476071,1.6058300733566284,26923000
2010-06-17,1.6346060683172778,1.6626799972500865,1.616357981044189,1.6388171911239624,20536000
2010-06-18,1.6346056346080986,1.651449954031725,1.6009168284270743,1.617059350013733,12720000
2010-06-21,1.641623986230129,1.6423257840120562,1.5707372229089633,1.613550066947937,7111000
2010-06-22,1.6065320351631454,1.617059674163076,1.5510859789176819,1.562315583229065,12008000
2010-06-23,1.579159161435085,1.5931961183722545,1.509676174395979,1.581966519355774,11441000
2010-06-24,1.589687908622374,1.5917933028152438,1.4549328075830104,1.490727186203003,17771000
2010-06-25,1.5047636360862775,1.5489800783343906,1.4830062302072935,1.5068691968917847,95883000
2010-06-28,1.5117818541073156,1.534241053914652,1.4401933011384522,1.5265206098556519,9663000
2010-06-29,1.4935344940672635,1.4942362921072474,1.4289643890417854,1.471777081489563,13274000
2010-06-30,1.4661623401572919,1.4956400327270263,1.4507216121762276,1.4780937433242798,13444000
2010-07-01,1.4963408525563,1.512483368013837,1.4514226287036223,1.5026575326919556,11503000
2010-07-02,1.5075711989603648,1.5223099592619431,1.4928324386587866,1.513887882232666,5534000
2010-07-06,1.5307321308688215,1.5588060542996316,1.4563362003104188,1.464758276939392,10588000
2010-07-07,1.4563363508647034,1.5223100442806305,1.4387900632396418,1.5209064483642578,9493000
2010-07-08,1.5272229526251495,1.544067272979949,1.498447064379679,1.5293283462524414,2914000
2010-07-09,1.5258192853937578,1.5447691679000854,1.5089749639807766,1.5447691679000854,3255000
2010-07-12,1.533539307589247,1.5707372684500238,1.5054653874930959,1.5510855913162231,4995000
2010-07-13,1.5658248822975356,1.5791600490836846,1.5538934789276517,1.5777562856674194,6589000
2010-07-14,1.5791598184168236,1.6044263848821854,1.5595079701287442,1.5644210577011108,5384000
2010-07-15,1.561613421252226,1.61425211162412,1.5377506196793818,1.6079354286193848,8355000
2010-07-16,1.5924947705894688,1.6107428532294363,1.5426634422520542,1.543365240097046,6599000
2010-07-19,1.5475762875041745,1.5700354908029186,1.5286264079293816,1.5630170106887817,5262000
2010-07-20,1.5461723470641011,1.5503834676601989,1.5159928725703704,1.5440667867660522,7122000
2010-07-21,1.5559986995831336,1.5693338634485536,1.524415451972146,1.5279247760772705,5036000
2010-07-22,1.5461727542741996,1.6100408756899807,1.5363467478508879,1.6037243604660034,8397000
2010-07-23,1.6072336691687266,1.6233761923443701,1.5791597449213093,1.6058300733566284,6317000
2010-07-26,1.6065324781981447,1.6107436018929446,1.5377512374066824,1.6002157926559448,6892000
2010-07-27,1.603724220484654,1.6184629778324888,1.5602095788857395,1.5735447406768799,9720000
2010-07-28,1.5707373703972887,1.582668937812947,1.5279246896720693,1.5300302505493164,3550000
2010-07-29,1.537750615837566,1.5433653336052253,1.4991488873501124,1.5279247760772705,5103000
2010-07-30,1.5145891520131884,1.5377501486015765,1.4801985559677437,1.5272225141525269,2775000
2010-08-02,1.5426640816505297,1.6002157121379874,1.5159939118151768,1.5321364402770996,10105000
2010-08-03,1.5244151935096706,1.5370485573456096,1.499850598273825,1.5159931182861328,4176000
2010-08-04,1.5223095457035738,1.5756500217334142,1.491428270318007,1.567929744720459,6168000
2010-08-05,1.5517875633961649,1.5967059744617,1.5517875633961649,1.5960040092468262,4639000
2010-08-06,1.5833702422005242,1.5953016385639671,1.5714388458370814,1.5854758024215698,2716000
2010-08-09,1.5917922101242377,1.6093384883573887,1.5777552544712015,1.607232928276062,2267000
2010-08-10,1.584774764993784,1.601619256620871,1.5581045988072624,1.5651230812072754,3722000
2010-08-11,1.4415975809466928,1.4563365110261306,1.3531646698053397,1.4198403358459473,23300000
2010-08-12,1.4352811865643087,1.4661624780980194,1.4177348955107574,1.4324736595153809,18324000
2010-08-13,1.4303675517127008,1.4422989500504355,1.4001879896619969,1.4029953479766846,39578000
2010-08-16,1.4029959470206201,1.424753276083343,1.3833441794263723,1.4226477146148682,14858000
2010-08-17,1.4310702829048934,1.4535294987394096,1.4240517988733392,1.429666519165039,7749000
2010-08-18,1.4261566574478264,1.461249060298321,1.4100141354032212,1.4563361406326294,8339000
2010-08-19,1.4507211832938958,1.4633545480891386,1.4303677077911727,1.4394917488098145,5891000
2010-08-20,1.424051269953364,1.4422993551244871,1.424051269953364,1.4338771104812622,4158000
2010-08-23,1.4345794730544559,1.4437035192311172,1.419138908243077,1.4317721128463745,5772000
2010-08-24,1.4036973257185452,1.4373861298079649,1.4001880857509241,1.4205416440963745,10926000
2010-08-25,1.4212436877090842,1.4331750875245093,1.3833437600988137,1.42405104637146,11221000
2010-08-26,1.440193574086167,1.4752859758523098,1.4219454917010188,1.4458082914352417,7769000
2010-08-27,1.4472123853784904,1.4493179466993222,1.404399528299992,1.4254549741744995,10518000
2010-08-30,1.4184366114711793,1.4289644189604616,1.3987849272696167,1.4036978483200073,5904000
2010-08-31,1.3896608070685066,1.4212440604717316,1.3826423249048803,1.4142255783081055,6339000
2010-09-01,1.424753412523205,1.4991493670876896,1.4149275696185757,1.473882794380188,11095000
2010-09-02,1.488621323241973,1.4907268843423083,1.4619509941935869,1.4773917198181152,3047000
2010-09-03,1.4858137911292797,1.4886211498247524,1.4549323434777637,1.4724786281585693,5240000
2010-09-07,1.4591437209132845,1.473180684184499,1.436684512745821,1.44440495967865,4393000
2010-09-08,1.443001179290603,1.4521252220419765,1.388958804404352,1.40931236743927,10604000
2010-09-09,1.4128214808188495,1.424752880941935,1.3679031553943866,1.380536437034607,15500000
2010-09-10,1.3714123250588455,1.3791326866824103,1.2921033990477013,1.3089478015899658,25537000
2010-09-13,1.3173702165444154,1.338425661055992,1.316668418594169,1.3300034999847412,11641000
2010-09-14,1.3215808924851002,1.4163303607809419,1.306140171458948,1.3966786861419678,12115000
2010-09-15,1.38966046091746,1.4114177000050383,1.3271959350203546,1.3412328958511353,11064000
2010-09-16,1.3342146376256308,1.3791329699646155,1.3335127560004514,1.3510589599609375,8576000
2010-09-17,1.361586625426577,1.4261567162681215,1.3545680609001167,1.4065048694610596,15408000
2010-09-20,1.4135233967834195,1.4724787718086971,1.3889587129674834,1.4479140043258667,12498000
2010-09-21,1.456336353307652,1.5384525712362147,1.433877145270011,1.4577399492263794,9719000
2010-09-22,1.459845045578942,1.5054652450867207,1.452826566218803,1.4570376873016357,14238000
2010-09-23,1.4493181129711221,1.5195029406047096,1.4191386203552967,1.4970437288284302,10337000
2010-09-24,1.5005529412655403,1.5286268702121208,1.49634181845679,1.5145899057388306,7934000
2010-09-27,1.5426633027972434,1.5517873432924254,1.5251171869221876,1.5405577421188354,6663000
2010-09-28,1.5510861164072494,1.5735453270208188,1.530732467247066,1.5651230812072754,6547000
2010-09-29,1.5651225181462638,1.57915947789642,1.5524891539708674,1.567228078842163,3880000
2010-09-30,1.5707374797289912,1.6142521286646605,1.5679301208085126,1.5798615217208862,10464000
2010-10-01,1.5875820984918347,1.5903894576432076,1.5686320477190185,1.588283896446228,6330000
2010-10-04,1.5861783945278298,1.5882839558034982,1.5384526178356865,1.5658247470855713,7856000
2010-10-05,1.5749485364906335,1.5875819021097781,1.561613373003907,1.5756503343582153,4099000
2010-10-06,1.5735448017232183,1.5924946811438194,1.5328375169921935,1.5637187957763672,10263000
2010-10-07,1.5679301417555849,1.6121465891786457,1.5623154238396164,1.6058300733566284,8158000
2010-10-08,1.5896877678453873,1.5938987231920452,1.547576708374512,1.5581045150756836,11144000
2010-10-11,1.5623150282262632,1.5763519867954978,1.5489798673853667,1.567929744720459,3876000
2010-10-12,1.571439241387337,1.571439241387337,1.525819037337732,1.5454707145690918,8550000
2010-10-13,1.5588055415186668,1.5609111018167157,1.5117817519742724,1.5440667867660522,9490000
2010-10-14,1.546172619316252,1.579159457571172,1.5293281339658609,1.5735447406768799,8488000
2010-10-15,1.5826695981326029,1.5946010031924949,1.5377511704555458,1.5924954414367676,8650000
2010-10-18,1.5974077723427922,1.5988115354387584,1.5728430058329663,1.5960040092468262,4626000
2010-10-19,1.570035622340183,1.5946003884645756,1.551085741177773,1.5714393854141235,5217000
2010-10-20,1.5819668699552367,1.5896873151153126,1.5496818283779104,1.5510855913162231,3061000
2010-10-21,1.5581040253276495,1.5588058231091995,1.5370485858773275,1.5405577421188354,3467000
2010-10-22,1.5440676370152555,1.578458251042462,1.5405583121415027,1.5777562856674194,5244000
2010-10-25,1.5791592308612512,1.6226738662130442,1.5728425497617007,1.6044257879257202,6475000
2010-10-26,1.6002152733213897,1.6479410474837601,1.5889856695576674,1.6437299251556396,14787000
2010-10-27,1.6430282156225793,1.6668910203209095,1.6275874886998805,1.6633816957473755,11251000
2010-10-28,1.6816299221062294,1.6879466064648543,1.6205691419743138,1.6444319486618042,13518000
2010-10-29,1.6500461625156964,1.7511122343958097,1.6395183595418557,1.732162356376648,13607000
2010-11-01,1.7195294699084422,1.7356719924871775,1.6682945433180618,1.672505497932434,8575000
2010-11-02,1.6914549606132538,1.7153177536060047,1.6753124436278697,1.6900511980056763,4040000
2010-11-03,1.6928588374972284,1.7384790381609523,1.6816292367697154,1.732162356376648,5849000
2010-11-04,1.7518146522680398,1.7805903756111692,1.7314610061470532,1.7749756574630737,9831000
2010-11-05,1.7798884978880227,1.8037512999484087,1.7651497379096293,1.780590295791626,6295000
2010-11-08,1.7651492037342655,1.795328679795429,1.749708483191204,1.772167682647705,3744000
2010-11-09,1.7777830906339043,1.7862053355408753,1.739181357922022,1.7426906824111938,4079000
2010-11-10,1.744093941572641,1.7497088262043774,1.711107100946104,1.7272496223449707,2680000
2010-11-11,1.712510467015719,1.761639817654034,1.6739087507044632,1.7440935373306274,12118000
2010-11-12,1.7412865151347896,1.8114714826296685,1.723740398761392,1.805154800415039,10075000
2010-11-15,1.8212979023603852,1.8219997003858108,1.7602369561353215,1.7665536403656006,4987000
2010-11-16,1.7560261395867744,1.759535297325365,1.713915075386879,1.7476038932800293,5697000
2010-11-17,1.7454975969273963,1.7686585971873765,1.719529238191549,1.7265477180480957,6378000
2010-11-18,1.738479510687821,1.765851638525928,1.7321628271866125,1.7595349550247192,6640000
2010-11-19,1.7497088111391923,1.7777827320548463,1.7433921287330398,1.7735716104507446,3454000
2010-11-22,1.7777834064966729,1.8255091905593872,1.7777834064966729,1.8255091905593872,9078000
2010-11-23,1.817788472578908,1.8290180770062305,1.8009441496048275,1.8234033584594727,6454000
2010-11-24,1.8332296140700115,1.852881468094493,1.8297204560183309,1.8458629846572876,8239000
2010-11-26,1.8423530506059107,1.8985008995537545,1.8367383326446418,1.8956935405731201,6268000
2010-11-29,1.899904084834425,1.902009645262919,1.8500727669163,1.8893762826919556,10205000
2010-11-30,1.8893768059572322,1.9125378097513959,1.8311233975255152,1.8325271606445312,54355000
2010-12-01,1.858496070849667,1.8949922493578883,1.8451609029587654,1.8851664066314697,16522000
2010-12-02,1.8921839968254535,1.998864954949046,1.8830599565034518,1.9939520359039307,19060000
2010-12-03,1.9651770064736,1.9651770064736,1.8563904404141034,1.8634089231491089,26279000
2010-12-06,1.8844637870788574,1.8872711458356763,1.8451602624820627,1.8844637870788574,8971000
2010-12-07,1.7377776755876704,1.7749756431875674,1.7181258275598001,1.7447961568832397,117381000
2010-12-08,1.7539200496079153,1.8065585711652152,1.7447960079690112,1.7826957702636719,49077000
2010-12-09,1.8065582988146867,1.8606007426313356,1.7946269001626516,1.8535822629928589,34051000
2010-12-10,1.8739354347089934,1.8739354347089934,1.836035520288443,1.8528800010681152,14052000
2010-12-13,1.8718811184119157,1.8789182585353996,1.8542881842138785,1.8704736232757568,12177000
2010-12-14,1.8753992023079646,1.8824363409219702,1.827546559065556,1.8500654697418213,9460000
2010-12-15,1.8507701368411953,1.8908818282772828,1.8233252335190901,1.8578072786331177,18005000
2010-12-16,1.8718810648567747,1.9457711179286639,1.8592141123297166,1.945067286491394,24425000
2010-12-17,1.9506970141138036,1.9985494963882535,1.937326398510619,1.9823640584945679,36401000
2010-12-20,1.962659391297221,2.0013637284123837,1.9492887807583454,1.9570295810699463,14602000
2010-12-21,1.966883438104075,1.9767354049494323,1.9471793366346335,1.9619574546813965,14950000
2010-12-22,1.9668821775988738,1.9837712767642497,1.927474167693917,1.9802526235580444,9600000
2010-12-23,1.979548931121826,2.002771505052092,1.9640671592421097,1.9795489311218262,5885000
2010-12-27,1.9774377193014196,2.036549815586189,1.9577337990589048,2.0238828659057617,13311000
2010-12-28,2.0245868836224776,2.0266980420969585,1.9858825352951641,1.9915121793746948,5836000
2010-12-29,2.00206819893855,2.0175499735820477,1.980956779576679,2.014734983444214,6296000
2010-12-30,2.0154387886817875,2.0358463763547245,1.9950310332302053,2.032327890396118,6815000
2010-12-31,2.033735306515267,2.033735306515267,1.9908086385915118,1.999253273010254,6177000
2011-01-03,2.019661473998262,2.019661473998262,1.9478825629494576,1.956327199935913,14436000
2011-01-04,1.9563273604271476,1.991513071126094,1.8979190638890264,1.970401644706726,16262000
2011-01-05,1.9598462241994385,1.9823649807788175,1.9528090813098726,1.969698190689087,9537000
2011-01-06,1.9732158746555613,2.007697911105298,1.9542156133694304,2.0069942474365234,9598000
2011-01-07,2.003475120737671,2.006290110305768,1.9549189834778864,1.9901046752929688,8774000
2011-01-10,1.9886974494320837,2.047809553897793,1.965474872915977,2.0337352752685547,15385000
2011-01-11,2.0506246315828207,2.0590692669240487,2.0295132110084078,2.057661771774292,13549000
2011-01-12,2.0604764256724954,2.0639950793696045,1.9718084329605272,1.9823640584945679,15599000
2011-01-13,1.9985500821798663,2.0168466840989745,1.97180901091411,1.9950315952301025,9645000
2011-01-14,1.9943267303669696,2.044994019269939,1.970400328847094,2.041475534439087,9776000
2011-01-18,1.9457712397641698,1.9626603430791174,1.9162151831290157,1.9528083801269531,100182000
2011-01-19,1.9704010558866207,2.005586756070932,1.9359190193723996,1.9535119533538818,29795000
2011-01-20,1.948585300843858,1.9577335965181764,1.9197329191869328,1.9492889642715454,20963000
2011-01-21,1.9696970607494662,1.9823638435727495,1.9464744857579264,1.9542152881622314,12490000
2011-01-24,1.9858830572912707,1.9858830572912707,1.9408452217021666,1.9767347574234009,21495000
2011-01-25,1.980956612051114,1.980956612051114,1.9281779842204965,1.9718083143234253,14548000
2011-01-26,1.97954943930491,1.9971423740381946,1.9563268594130236,1.9879940748214722,15209000
2011-01-27,1.9999574942419014,2.0717364034785053,1.9999574942419014,2.0562546253204346,37302000
2011-01-28,2.061884085368769,2.066106403031036,1.9612527962731483,1.9739197492599487,13722000
2011-01-31,1.9732162402933753,2.0323283616688976,1.9668829305435351,2.0203652381896973,13104000
2011-02-01,2.0351435601578785,2.0759590880567362,2.023884098400307,2.04569935798645,15835000
2011-02-02,2.0421799583733384,2.068921191272258,2.019661043066738,2.026698350906372,11300000
2011-02-03,2.025290667361815,2.0815877826121176,2.012623715763315,2.069624662399292,12326000
2011-02-04,2.096365470256685,2.1969965602607693,2.0914393226644483,2.195589065551758,25500000
2011-02-07,2.193478790195725,2.2152938747358464,2.1505521170314106,2.1667375564575195,9762000
2011-02-08,2.2096643646218537,2.2694799767826557,2.181515633996062,2.245553731918335,34684000
2011-02-09,2.246961007713349,2.318739903074395,2.234294055002113,2.306072950363159,42916000
2011-02-10,2.3215552908122623,2.322258954652451,2.2624431659903763,2.28566575050354,35043000
2011-02-11,2.289183851316947,2.3468884667161922,2.2744059075768424,2.3426661491394043,27725000
2011-02-14,2.3630739911062824,2.4172599545599147,2.3630739911062824,2.395444869995117,25997000
2011-02-15,2.384889209675385,2.410926781211479,2.351814665232745,2.372222423553467,19788000
2011-02-16,2.386296350138453,2.434852663980864,2.3792592104994936,2.4193708896636963,12605000
2011-02-17,2.415853042336433,2.422186352240583,2.344074131933665,2.3665928840637207,34387000
2011-02-18,2.376444948570488,2.397556372465485,2.366592816529877,2.3820745944976807,15639000
2011-02-22,2.3391479699660818,2.3391479699660818,2.261035750057126,2.2941102981567383,20118000
2011-02-23,2.3208506868927468,2.322258014003075,2.175885424475525,2.205441474914551,33272000
2011-02-24,2.2413309854767904,2.4010742000980816,2.2279603703467683,2.3912222385406494,35331000
2011-02-25,2.4095191079001705,2.434149182367599,2.3785557247291473,2.417963743209839,19132000
2011-02-28,2.4165566051300256,2.4299272237530594,2.3567408209985015,2.3919265270233154,16263000
2011-03-01,2.2694805539633345,2.28496233457809,2.240628320040853,2.2568137645721436,101318000
2011-03-02,2.259627578732071,2.2898872947505344,2.25470159795914,2.284257650375366,26617000
2011-03-03,2.307480528195097,2.327888285331204,2.276516976754569,2.322258472442627,32848000
2011-03-04,2.3264805956160264,2.3328140716690515,2.287776243441288,2.3074803352355957,20498000
2011-03-07,2.3222586000597656,2.3222586000597656,2.2216274717946254,2.2504796981811523,16709000
2011-03-08,2.2462558031225233,2.290589942731596,2.2230332384599376,2.2793304920196533,19603000
2011-03-09,2.23359042646914,2.2441460527825643,2.177293305387795,2.1815154552459717,43929000
2011-03-10,2.1681454605107127,2.1899605491648892,2.121700292335822,2.1822197437286377,36191000
2011-03-11,2.18010750068244,2.2181080129241004,2.16110724456161,2.197700262069702,13135000
2011-03-14,2.1878489317012195,2.1934787444765473,2.161811529978963,2.1815154552459717,16414000
2011-03-15,2.128032746665068,2.2012191241932713,2.1005878550919923,2.18644118309021,19796000
2011-03-16,2.183619102801397,2.1934964966233976,2.0742617860545036,2.085550308227539,28724000
2011-03-17,2.13564257937421,2.1384646674069963,1.9945363274059824,2.068617105484009,38143000
2011-03-18,2.121532299362054,2.151164648822002,2.106716208737953,2.1391706466674805,30697000
2011-03-21,2.1730358155899516,2.197729465571375,2.157514246538066,2.186440944671631,19947000
2011-03-22,2.1977291210752883,2.2083121603260625,2.1483419970656477,2.1666858196258545,15176000
2011-03-23,2.167392182334121,2.1885581012453335,2.1412875658314694,2.187852621078491,12364000
2011-03-24,2.2061965948961317,2.21042964438484,2.158925888189699,2.1920859813690186,13371000
2011-03-25,2.1977296552106127,2.200551743626131,2.1709193947338314,2.1765637397766113,9122000
2011-03-28,2.1779745119438902,2.2224231155527985,2.1688025992260815,2.186440944671631,10740000
2011-03-29,2.1913798085517433,2.1949075451952322,2.159631019819049,2.185029983520508,14708000
2011-03-30,2.222424198273969,2.228773857701474,2.159631906850007,2.2217185497283936,17353000
2011-03-31,2.2245404272270024,2.243589738676875,2.1737421512194888,2.194202423095703,15803000
2011-04-01,2.222423554359195,2.2506447780748307,2.191380073702587,2.22383451461792,16029000
2011-04-04,2.228773355367647,2.228773355367647,2.1137718445049556,2.158925771713257,18790000
2011-04-05,2.169509254614373,2.285921917606299,2.1596318573209503,2.2344181537628174,20444000
2011-04-06,2.2675775777491616,2.3183758499417637,2.239356352800331,2.312026023864746,21373000
2011-04-07,2.319081160553417,2.32613646627481,2.279571414871267,2.2908599376678467,16580000
2011-04-08,2.3183756571102503,2.3381304456466143,2.276749303309478,2.29791522026062,8340000
2011-04-11,2.278866147825597,2.302148675704172,2.239356398449477,2.2739274501800537,8896000
2011-04-12,2.2591114808607844,2.268989045639615,2.1786810113694965,2.213252067565918,18839000
2011-04-13,2.248527142644517,2.2781594812984967,2.209017413843105,2.243588447570801,8770000
2011-04-14,2.224540426123735,2.242884089139557,2.1659811949532557,2.1920859813690186,11746000
2011-04-15,2.1871473460802866,2.2464120637185165,2.157515155472971,2.239356756210327,12119000
2011-04-18,2.214662812855783,2.236534381084874,2.153987142395594,2.2294790744781494,8052000
2011-04-19,2.226656935527727,2.2569947723691177,2.2181906680770656,2.2414731979370117,7237000
2011-04-20,2.270400419836271,2.3014439121484784,2.253467712891683,2.297210693359375,11153000
2011-04-21,2.3197868577692238,2.3324863410507017,2.2943877229945073,2.300031900405884,8335000
2011-04-25,2.295799090539547,2.3070876155767603,2.2577004657242696,2.2746331691741943,6000000
2011-04-26,2.2986206751443965,2.2986206751443965,2.24711692764048,2.282393455505371,11000000
2011-04-27,2.2760439440864944,2.3635297051551487,2.2689886380614133,2.355768918991089,9822000
2011-04-28,2.3494194531176817,2.386107117354635,2.318376135492762,2.320492744445801,7214000
2011-04-29,2.3240205684390447,2.3635303262035565,2.308498992032428,2.360708236694336,8180000
2011-05-02,2.380463519297412,2.380463519297412,2.3226099196374927,2.338837146759033,7082000
2011-05-03,2.348714076800151,2.3585914735435427,2.266872477104425,2.268989086151123,11762000
2011-05-04,2.27533857649162,2.3007377149582853,2.252056046914825,2.2957990169525146,7482000
2011-05-05,2.2929767615038044,2.3564745189584406,2.2633444074069318,2.3451859951019287,8190000
2011-05-06,2.388223319637613,2.469359421648831,2.3719960992353695,2.4630095958709717,19072000
2011-05-09,2.469359212081058,2.514513132397412,2.4446655594040183,2.5018136501312256,13743000
2011-05-10,2.5229789265041163,2.552611268562767,2.5123960553335514,2.5265066623687744,16750000
2011-05-11,2.5265069745949775,2.544850799650042,2.506752021377322,2.5307400226593018,13834000
2011-05-12,2.5370905143856257,2.544851469003598,2.457365536993545,2.473592758178711,20255000
2011-05-13,2.4735926379324815,2.498286124484442,2.460892986381392,2.4615986347198486,10121000
2011-05-16,2.448194055183815,2.4679488488806864,2.4086842995782725,2.4171507358551025,7560000
2011-05-17,2.4058629222192263,2.429850941153576,2.3861079544642303,2.4178569316864014,12570000
2011-05-18,2.426321367645234,2.4517204965755854,2.374817629823381,2.443254232406616,6843000
2011-05-19,2.448193764837947,2.473592902444403,2.4432550669994386,2.4559545516967773,7067000
2011-05-20,2.4580709446097404,2.484175560125428,2.4199723256523464,2.4263219833374023,13164000
2011-05-23,2.393162481353831,2.3938679616176852,2.2421787711223735,2.259817123413086,24924000
2011-05-24,2.2668719507899406,2.2795714339098083,2.221012379112,2.2372395992279053,28000000
2011-05-25,2.3141432917692555,2.446783187739925,2.3007381556364126,2.4340837001800537,67195000
2011-05-26,2.4369055017418164,2.4587769042582974,2.374113215303381,2.448899507522583,18410000
2011-05-27,2.4552490236554827,2.477826071801716,2.410800575763182,2.470065116882324,17129000
2011-05-31,2.388928985476882,2.4037452467770173,2.361413239845548,2.3839902877807617,107163000
2011-06-01,2.3875177854113447,2.4164444885020884,2.374112654032424,2.3825790882110596,33826000
2011-06-02,2.3854015605626677,2.4093895703116393,2.3268424966391286,2.364941120147705,23147000
2011-06-03,2.3790515663438216,2.4086839204366135,2.3353085994852765,2.391045570373535,40817000
2011-06-06,2.399512467528432,2.399512467528432,2.346597575358136,2.351536273956299,13823000
2011-06-07,2.3846957938635263,2.4164445869027467,2.3564744015227816,2.402333974838257,49845000
2011-06-08,2.384695139746832,2.410799748084525,2.3458908831075256,2.3571794033050537,17524000
2011-06-09,2.419972276176426,2.4439602825694093,2.3811680096604446,2.4150335788726807,32459000
2011-06-10,2.4185610970467475,2.4263218829026587,2.3550633453422503,2.3825790882110596,14248000
2011-06-13,2.382579328009624,2.4206779492244688,2.3268423565513006,2.3614132404327393,23053000
2011-06-14,2.381873420079355,2.4312607280949887,2.381167939974255,2.41432785987854,21844000
2011-06-15,2.4150357755649234,2.4263540679866615,2.3690552653064114,2.374006986618042,19194000
2011-06-16,2.363395599676698,2.3676398106771974,2.3103411912896523,2.3605659008026123,21770000
2011-06-17,2.3824946569497674,2.3938129441878924,2.2770933705686067,2.2990224361419678,20208000
2011-06-20,2.2961934594839772,2.345003490084618,2.2770939189566226,2.3167078495025635,19129000
2011-06-21,2.331562550310471,2.433426971237352,2.323781301281855,2.410083055496216,18439000
2011-06-22,2.4037179589178876,2.5671254691668484,2.3733001158004954,2.5466110706329346,38382000
2011-06-23,2.5098263450014042,2.5515624748188004,2.4638458344135343,2.5338776111602783,38113000
2011-06-24,2.531047457891783,2.5345843285606646,2.475870858752566,2.512655258178711,102656000
2011-06-27,2.514777452715577,2.548024812879309,2.475870863353673,2.5077035427093506,18084000
2011-06-28,2.5331710537381245,2.6442314854056916,2.5331710537381245,2.613813638687134,31148000
2011-06-29,2.6357425961642007,2.673234352623921,2.591884267289983,2.6675751209259033,25680000
2011-06-30,2.673940833757898,2.7376060314704653,2.6279603288600413,2.6880886554718018,26329000
2011-07-01,2.7036510871878097,2.7581201790930723,2.7029437467614095,2.734776258468628,19479000
2011-07-05,2.741142735809199,2.7644866556462167,2.7241653855609997,2.755997896194458,9519000
2011-07-06,2.735484043846226,2.7644870281219482,2.708603081064038,2.7644870281219482,12312000
2011-07-07,2.7680237883392937,2.790660199882015,2.726287667385854,2.734776258468628,23121000
2011-07-08,2.702944685072553,2.702944685072553,2.6194724141887713,2.6852598190307617,20213000
2011-07-11,2.6463526731502216,2.696577560994605,2.6244235989108424,2.6449379920959473,14573000
2011-07-12,2.630790367179892,2.6343272387365264,2.476578820775218,2.5048744678497314,34677000
2011-07-13,2.528925036534399,2.5657094325933567,2.4794076711155806,2.502751588821411,19458000
2011-07-14,2.507703539116759,2.5812721693450533,2.482944769802778,2.4886038303375244,22356000
2011-07-15,2.5020449739630775,2.543073764022539,2.472334476632273,2.511948585510254,13745000
2011-07-18,2.49567885809118,2.526096699507759,2.4334283252586117,2.4758718013763428,11983000
2011-07-19,2.4970926830988263,2.5791500758506323,2.4857743929511074,2.560757875442505,17896000
2011-07-20,2.565710371552409,2.617349945538675,2.540951595454514,2.551562547683716,14829000
2011-07-21,2.5395355445293584,2.630789184575892,2.5275099167940396,2.6003713607788086,20498000
2011-07-22,2.597543511762033,2.6449388848398385,2.566418325542824,2.622302293777466,14929000
2011-07-25,2.591884409045214,2.591884409045214,2.538829973333535,2.5529778003692627,14361000
2011-07-26,2.5671242706379833,2.613812108911681,2.5614652102767588,2.5932977199554443,27251000
2011-07-27,2.578443247138006,2.592591070466595,2.3648108787588136,2.3789587020874023,40519000
2011-07-28,2.397350470267321,2.461723172767119,2.2926564954776603,2.4504048824310303,47042000
2011-07-29,2.3782513615175804,2.426354062027997,2.322367408773047,2.3789587020874023,38414000
2011-08-01,2.4051322429189725,2.412206154335867,2.330856088713907,2.348540782928467,23795000
2011-08-02,2.3237833760866886,2.39169299445305,2.2664845459918697,2.2671918869018555,21037000
2011-08-03,2.2693127074866255,2.3230744632453213,2.2155509517279293,2.3188302516937256,17009000
2011-08-04,2.2785087138756586,2.299023104921384,2.1830108378020605,2.185840368270874,26030000
2011-08-05,2.2120137822507817,2.298315549746442,2.0578022779161276,2.0754871368408203,43748000
2011-08-08,2.0238479827666938,2.051436287250214,1.8689291070728304,1.9233983755111694,43697000
2011-08-09,1.9608904918425307,2.100246721600167,1.9403760947430435,2.0960023403167725,42112000
2011-08-10,2.0698283930924926,2.1483487537194743,2.0217256976361924,2.0691208839416504,30432000
2011-08-11,2.0938794752263616,2.203525169338207,2.0938794752263616,2.1723999977111816,27065000
2011-08-12,2.2275760676650886,2.2636531224190817,2.185839953048464,2.1957435607910156,25743000
2011-08-15,2.2063553648481116,2.291949823444491,2.2063553648481116,2.2360658645629883,17067000
2011-08-16,2.2169661868529844,2.24101745400072,2.1688634839021477,2.1907925605773926,17459000
2011-08-17,2.216257534149898,2.2657750614197543,2.1653254950537852,2.17169189453125,19023000
2011-08-18,2.108735243353445,2.1151018150606813,2.0005043676073,2.023848295211792,23055000
2011-08-19,2.0252626693959024,2.104490543110229,1.9913079627499615,2.001211404800415,12609000
2011-08-22,2.0365811416912063,2.0443625628394853,1.9318871443843832,1.9552310705184937,25793000
2011-08-23,1.9679640523296456,2.072658041081979,1.9283501151978262,2.069828510284424,35977000
2011-08-24,2.265067657802104,2.3669320780394574,2.2197946758384397,2.282752513885498,69346000
2011-08-25,2.271434456737471,2.2827527455407965,2.179473634275321,2.1844253540039062,25065000
2011-08-26,2.16320416501298,2.230406405585187,2.1009536454037834,2.229698896408081,20916000
2011-08-29,2.2615312190986523,2.3273185994425667,2.2459685495233592,2.323781728744507,13459000
2011-08-30,2.3025609170935173,2.3888627216094314,2.28275385985516,2.3435895442962646,17145000
2011-08-31,2.355614125159336,2.440501210306189,2.316000197065554,2.3421738147735596,22913000
2011-09-01,2.3351006635858766,2.345004106662469,2.226869624381204,2.2325286865234375,31135000
2011-09-02,2.181595596568714,2.2311129573484396,2.1582516810498866,2.2021098136901855,16862000
2011-09-06,2.156836952413833,2.226868702884943,2.1377374147681296,2.2254538536071777,11800000
2011-09-07,2.2785091677687,2.3513704772955513,2.2735574462980304,2.31317138671875,14595000
2011-09-08,2.275679231897646,2.359151478765939,2.2707275113078773,2.34075927734375,19383000
2011-09-09,2.313878376749468,2.3520776301942643,2.263653660402415,2.2848753929138184,19032000
2011-09-12,2.253043004067596,2.3824957748146254,2.2495061325147807,2.371884822845459,20470000
2011-09-13,2.371883823635025,2.439793381663151,2.341465999011434,2.427767753601074,20511000
2011-09-14,2.440501713779979,2.601079649060041,2.4334278026130076,2.586224317550659,47206000
2011-09-15,2.6117672203681876,2.66852929010256,2.5691956680674086,2.6068005561828613,29980000
2011-09-16,2.5947394778917356,2.615315785617512,2.5486201966381623,2.5890631675720215,18030000
2011-09-19,2.5535856208118175,2.6954909415050015,2.512433025369866,2.650081157684326,41148000
2011-09-20,2.660725025522342,2.6798822105199194,2.5734533109976305,2.577000856399536,27096000
2011-09-21,2.5933199133088567,2.6954917898992425,2.5457816895006555,2.5528769493103027,32939000
2011-09-22,2.472700141919577,2.4840525905964075,2.33930916600439,2.4109714031219482,35534000
2011-09-23,2.403165830133163,2.486889961892273,2.369108495986244,2.469151735305786,20868000
2011-09-26,2.470571498968136,2.4890190361346933,2.38117103694217,2.419485569000244,25446000
2011-09-27,2.460637708292984,2.493985572236334,2.437932984807395,2.4471566677093506,23268000
2011-09-28,2.342857063963949,2.3833000281008845,2.333633209263414,2.3421475887298584,106504000
2011-09-29,2.365561983443094,2.381171453713373,2.2896425503192597,2.3534998893737793,49076000
2011-09-30,2.349951068781533,2.368398768330414,2.300993751324329,2.325117588043213,51674000
2011-10-03,2.3265380407235408,2.3577571513849875,2.2470710597995445,2.2626805305480957,36639000
2011-10-04,2.2655183214529537,2.3222803911153522,2.1895989010316157,2.2946088314056396,37205000
2011-10-05,2.2896419210564605,2.3201515471361978,2.242103709741689,2.31376576423645,35119000
2011-10-06,2.3236984451603693,2.352079466979523,2.291060236235496,2.3378889560699463,24844000
2011-10-07,2.3520803539400235,2.3719470090393773,2.308089685865929,2.332923173904419,18240000
2011-10-10,2.3414378172209678,2.4166476012104936,2.3414378172209678,2.3882665634155273,37583000
2011-10-11,2.385428733658766,2.406005038881252,2.341438052981396,2.3648524284362793,13002000
2011-10-12,2.3797515823533995,2.4024563037327016,2.3350512762318973,2.387556314468384,28894000
2011-10-13,2.3691087486718643,2.4783758504043636,2.361304016106787,2.416646957397461,60207000
2011-10-14,2.4819240699628367,2.540814909804097,2.4677335509844034,2.5330100059509277,35004000
2011-10-17,2.5081756678090565,2.53229950648187,2.4698611467333556,2.4875993728637695,21298000
2011-10-18,2.4783764985476533,2.552167162620996,2.4769573789991104,2.5429434776306152,13948000
2011-10-19,2.5145624082915576,2.515272052686792,2.4478669999857603,2.4570908546447754,30312000
2011-10-20,2.4499954137302415,2.4705717163842262,2.34995213950277,2.4109714031219482,27141000
2011-10-21,2.4350953480872075,2.447866916795344,2.3712380120395196,2.40103816986084,27170000
2011-10-24,2.4180663917651075,2.5266240326413176,2.4123902526441383,2.508176326751709,25690000
2011-10-25,2.471990511416097,2.508885925006428,2.437933336689879,2.4436094760894775,24614000
2011-10-26,2.46844265582131,2.492566498979037,2.386847104947479,2.396070957183838,23137000
2011-10-27,2.4173575643549037,2.4656052673031894,2.3747858328840583,2.395362138748169,43170000
2011-10-28,2.391814445596082,2.4116811057812058,2.2059183981615287,2.3833000659942627,71596000
2011-10-31,2.3428564380636363,2.425870939026573,2.340018368721132,2.396070957183838,35767000
2011-11-01,2.3194425630837197,2.3712379739626686,2.2903518809363175,2.341437816619873,16196000
2011-11-02,2.3719471314002054,2.3769137954312574,2.2988659519708157,2.313056468963623,21439000
2011-11-03,2.3776238841099824,2.4478670071031803,2.327956896187334,2.435805082321167,31449000
2011-11-04,2.385428506423472,2.462057410384627,2.385428506423472,2.439352512359619,17113000
2011-11-07,2.436514359412549,2.454962067284018,2.3847189500031125,2.453542947769165,17289000
2011-11-08,2.4641854763031006,2.473409328573439,2.403166223975153,2.4641854763031006,9475000
2011-11-09,2.41593804633006,2.450704867231478,2.3464044045272234,2.3577568531036377,15446000
2011-11-10,2.3882660442917083,2.395361302198194,2.3336325753281986,2.3492422103881836,9560000
2011-11-11,2.3655622927410875,2.4400624467967753,2.3584668627540717,2.432967185974121,11553000
2011-11-14,2.42090431797299,2.434385359042401,2.3293754382081344,2.347823143005371,16063000
2011-11-15,2.339309163408816,2.37833317397381,2.320861455474976,2.340728282928467,16231000
2011-11-16,2.3251179912190216,2.362722871692664,2.2612606757445066,2.2775797843933105,17180000
2011-11-17,2.2733225235400485,2.278998661512885,2.195984170965588,2.2137222290039062,17349000
2011-11-18,2.232879919360674,2.2406846525670736,2.09381265678942,2.1186461448669434,32279000
2011-11-21,2.0838793629983616,2.1101318016310966,2.042726763611901,2.089555501937866,36389000
2011-11-22,2.100907163121502,2.144188340711711,2.0647214102980285,2.086716651916504,24014000
2011-11-23,2.0576269560136535,2.084588870137448,2.034212586490538,2.0554983615875244,23819000
2011-11-25,2.0547890389768915,2.066851132334498,2.008669936963108,2.0178937911987305,8951000
2011-11-28,2.081040818564889,2.095940806753634,1.99518809484034,2.0278263092041016,47653000
2011-11-29,2.0327933892018537,2.083169840081323,2.023569536763762,2.048403024673462,31500000
2011-11-30,2.088135593096634,2.136383259424233,2.0562068610189637,2.1229023933410645,36586000
2011-12-01,2.115808436739769,2.155541922950139,2.0661414521035617,2.1221940517425537,48612000
2011-12-02,2.1484463651083487,2.2449419127373735,2.1399319874017895,2.2108845710754395,57689000
2011-12-05,2.2364273362490708,2.26622748640898,2.183922462830253,2.2023701667785645,28980000
2011-12-06,2.194565338365486,2.2137225179798987,2.132836610904759,2.1860511302948,27058000
2011-12-07,2.1739889389583107,2.2272034558875426,2.159798423665754,2.215141534805298,25019000
2011-12-08,2.2123034807816895,2.2449417000117045,2.1704414096317013,2.1768271923065186,29397000
2011-12-09,2.130708797312187,2.1746994805377886,2.1136802057670487,2.171861410140991,33703000
2011-12-12,2.0306656605770304,2.1023279162885338,1.9575844541404566,2.090265989303589,36729000
2011-12-13,2.095941548701969,2.134965558602669,2.0625938476189227,2.074655771255493,32928000
2011-12-14,2.0547892669432137,2.0831704771614645,2.005831920375928,2.037051200866699,21125000
2011-12-15,2.057000540795237,2.0840756178864055,2.037050331998415,2.0406129360198975,23917000
2011-12-16,2.0605621455603274,2.0783748187494706,2.007124295867139,2.0520122051239014,90364000
2011-12-19,2.054151161354184,2.054151161354184,1.9515506071543087,1.9629507064819336,31124000
2011-12-20,1.9900254628323484,2.0662635400885043,1.9893130098285843,2.0541508197784424,29613000
2011-12-21,2.054151051922677,2.0705386619816695,1.9629506019089797,1.9886006116867065,27523000
2011-12-22,1.9935883158148249,2.0762388201440842,1.9864632752670328,2.0676887035369873,27874000
2011-12-23,2.0819388089984163,2.1097265184223266,2.0555761756504896,2.0940513610839844,11767000
2011-12-27,2.0855011614067624,2.1040262987767306,2.068401099940003,2.0904886722564697,7993000
2011-12-28,2.0919133820320464,2.092625834921783,2.0413254896257658,2.0477380752563477,13375000
2011-12-29,2.0491627197220788,2.081225473911956,2.048450266923196,2.074812889099121,10221000
2011-12-30,2.0634130423876527,2.077663119319941,2.0420379269892206,2.056288003921509,8364000
2012-01-03,2.1004632294279766,2.1496260439123636,2.0584254531351975,2.0627005100250244,23032000
2012-01-04,2.058425908520896,2.0726759880566576,2.0021380433923333,2.02707576751709,20254000
2012-01-05,2.027787817881154,2.048450480067403,2.007837778442233,2.0299253463745117,20075000
2012-01-06,2.024225372481285,2.034200392145748,1.9964376720951538,2.0171003341674805,24357000
2012-01-09,2.0876387467019595,2.1653017332256512,2.084076141784903,2.153189182281494,33485000
2012-01-10,2.174564116806178,2.2180268058937544,2.1645890956876306,2.1838266849517822,26829000
2012-01-11,2.1866760007813046,2.255076391708735,2.1795509635987447,2.2230136394500732,27103000
2012-01-12,2.2230147259248816,2.2750277096400753,2.1959396393482082,2.2572150230407715,19873000
2012-01-13,2.2458139317201287,2.280014213725094,2.223726366380499,2.2493765354156494,24275000
2012-01-17,2.258639489531473,2.298539740460677,2.2422518834377945,2.2550768852233887,31782000
2012-01-18,2.3512643501676256,2.4937652559086922,2.335589371146845,2.4182398319244385,44274000
2012-01-19,2.4139654750452006,2.4474531406857065,2.3940152643209824,2.3954403400421143,31546000
2012-01-20,2.387602632325653,2.4253653518399485,2.375490084351637,2.408977746963501,23462000
2012-01-23,2.41182826071011,2.4153908655400556,2.371215550919948,2.3982906341552734,20124000
2012-01-24,2.393303094260409,2.439615937241808,2.393303094260409,2.4132533073425293,30778000
2012-01-25,2.461702931638064,2.461702931638064,2.4011400234712523,2.418952703475952,30352000
2012-01-26,2.4196651517081866,2.4531529832582732,2.411115208016631,2.428215265274048,25537000
2012-01-27,2.411114394901828,2.4567145888350104,2.4082644146324257,2.4210894107818604,29468000
2012-01-30,2.3940150688291655,2.423227844669454,2.376202558078352,2.403277635574341,16590000
2012-01-31,2.4225148879752973,2.4282148494602582,2.3776269693155543,2.4182398319244385,16225000
2012-02-01,2.450304356213928,2.4866421915962396,2.4324918350382796,2.4666919708251953,39361000
2012-02-02,2.4795162282331535,2.506591311518962,2.475953623396565,2.4937663078308105,36188000
2012-02-03,2.513716514234742,2.527966593792958,2.491628772007464,2.5030288696289062,23816000
2012-02-06,2.493766084130616,2.497328688647626,2.4324907133824536,2.4438908100128174,18853000
2012-02-07,2.4467411374500943,2.468116257949663,2.4189534298383477,2.463841199874878,15076000
2012-02-08,2.4617030205837667,2.493765777800988,2.4538655294331555,2.485215663909912,15032000
2012-02-09,2.4944787539442377,2.515853873281561,2.478803768354809,2.5030288696289062,11790000
2012-02-10,2.463840803013479,2.522266190917882,2.447453196282663,2.457428216934204,8898000
2012-02-13,2.4830779283363262,2.5058781168946727,2.4239400985202697,2.4802279472351074,14360000
2012-02-14,2.4631287797505914,2.4894914117317377,2.4360535248312156,2.4588537216186523,18319000
2012-02-15,2.488066629930907,2.527966891365528,2.4802289663392556,2.4923415184020996,19864000
2012-02-16,2.4959041731392078,2.56145461607262,2.473816427873957,2.555042028427124,16769000
2012-02-17,2.541503126808412,2.5500532393857323,2.4823653011467095,2.5108654499053955,18402000
2012-02-21,2.5279652966270723,2.5564654411193257,2.5137152243809457,2.527252674102783,20449000
2012-02-22,2.517991116652934,2.5878166004943237,2.517991116652934,2.557891368865967,24333000
2012-02-23,2.5507658705936995,2.654791624689677,2.544353455586384,2.64980411529541,47606000
2012-02-24,2.661204391704448,2.664766995956905,2.5771290038131687,2.5878164768218994,19325000
2012-02-27,2.579979135287514,2.6498046198514977,2.53224122080022,2.6348419189453125,26216000
2012-02-28,2.6241550514692737,2.666192842506418,2.6049172887175867,2.6369800567626953,21581000
2012-02-29,2.6319921893230895,2.6861425252237545,2.6156045809633746,2.67972993850708,34503000
2012-03-01,2.688992456717226,2.693267514448179,2.6476672950248163,2.659067392349243,12550000
2012-03-02,2.6540792933855424,2.657641897557879,2.588528871508532,2.607766628265381,19601000
2012-03-05,2.6020674770047103,2.604205006339476,2.514429453776835,2.525829553604126,24881000
2012-03-06,2.471678502747617,2.527966362822061,2.4652659165700097,2.5158536434173584,19936000
2012-03-07,2.530104194080411,2.56287924208931,2.5122915091930276,2.5472042560577393,12857000
2012-03-08,2.5863911960286967,2.623441289611431,2.572140950959281,2.5949411392211914,17478000
2012-03-09,2.6020660905802044,2.623441202664463,2.5685784319689615,2.6198787689208984,13307000
2012-03-12,2.6170291952642764,2.6262917622631723,2.5721412660392797,2.607766628265381,8724000
2012-03-13,2.6327043610437015,2.6840047095472483,2.627716850755069,2.681154727935791,12902000
2012-03-14,2.679016981380211,2.7338797599676314,2.636266751062145,2.644104242324829,22282000
2012-03-15,2.6555442796088604,2.700589835338762,2.6376689806101203,2.6998748779296875,16248000
2012-03-16,2.7055962249517815,2.774237284535997,2.6934410905894426,2.709886312484741,23520000
2012-03-19,2.700590569584506,2.7284759617778023,2.689865523646488,2.7213258743286133,10058000
2012-03-20,2.695584807769022,2.7277602779600314,2.681284636677793,2.719180107116699,17642000
2012-03-21,2.7234699893120364,2.759935371732165,2.7063098193773567,2.7427752017974854,13604000
2012-03-22,2.729905901121384,2.7413460745211498,2.707025554321853,2.713460683822632,19680000
2012-03-23,2.703450638338857,2.729190987896444,2.6827155035457344,2.7241859436035156,14863000
2012-03-26,2.7499260767992784,2.7778114674986276,2.7148905990338035,2.7770965099334717,16678000
2012-03-27,2.7663710386956866,2.789966340882639,2.744205821978537,2.772806167602539,17597000
2012-03-28,2.776380772572125,2.77924094314808,2.7020199174984896,2.7148900032043457,16691000
2012-03-29,2.6920099998490192,2.743490516355747,2.681284785698766,2.7413456439971924,13024000
2012-03-30,2.7499261704675018,2.804266868115323,2.7277609509489733,2.7863917350769043,24210000
2012-04-02,2.7806707051045696,2.7892508754177916,2.724900109483055,2.7663705348968506,14370000
2012-04-03,2.7606512796270155,2.7878215421616694,2.7263307595884023,2.7434909343719482,12313000
2012-04-04,2.720609709095406,2.72632970832714,2.651968865957322,2.674849033355713,13125000
2012-04-05,2.6791404828324827,2.7163210081937548,2.670560309142484,2.68915057182312,13792000
2012-04-09,2.662694782594829,2.6955852151698934,2.650539652377351,2.687005043029785,12198000
2012-04-10,2.6734202114516665,2.6984454314080155,2.614789428241537,2.631234645843506,20072000
2012-04-11,2.6491094812955875,2.7320506880468782,2.6383844369383906,2.6798548698425293,15944000
2012-04-12,2.690579801411544,2.7492105718690603,2.681284673029078,2.7277603149414062,12525000
2012-04-13,2.711314967283547,2.7120299246711173,2.6605492423934853,2.6655542850494385,8941000
2012-04-16,2.6734202738096693,2.6862903628771995,2.6455348819465696,2.6491098403930664,17633000
2012-04-17,2.6719895434735594,2.713460142465044,2.661264329778697,2.6984448432922363,11296000
2012-04-18,2.6848600837435956,2.703450171994171,2.653399567227069,2.6798548698425293,8837000
2012-04-19,2.6441040638493605,2.6591193624855856,2.5461479111370973,2.553297996520996,28969000
2012-04-20,2.5561586232071445,2.5561586232071445,2.403146622104557,2.451052188873291,80400000
2012-04-23,2.414586448610825,2.41887636389911,2.369540718604586,2.3759758472442627,43912000
2012-04-24,2.373115447057073,2.37812048944304,2.3151996400010093,2.3366498947143555,37246000
2012-04-25,2.468928557258658,2.521839190806121,2.4424730700133286,2.5011038780212402,40196000
2012-04-26,2.480367520663932,2.5204080403862523,2.460347175567015,2.5068228244781494,16242000
2012-04-27,2.508967740527693,2.524697828230904,2.466782179878027,2.4739322662353516,17007000
2012-04-30,2.4610614965572175,2.4753616662971334,2.4374661994392093,2.4653515815734863,13464000
2012-05-01,2.468927305762867,2.4989575671894335,2.4431869599175875,2.4639222621917725,11762000
2012-05-02,2.4403266297646162,2.492522271923548,2.4210212451345487,2.486802101135254,8848000
2012-05-03,2.4817975720548033,2.4832276576658243,2.3802662668749868,2.3852713108062744,18368000
2012-05-04,2.354525627709939,2.385271015532956,2.2572844209291754,2.2615745067596436,38604000
2012-05-07,2.256569261211449,2.2873146486016736,2.231544045005162,2.2379791736602783,19848000
2012-05-08,2.222963232167322,2.2644338220189835,2.209378021305076,2.2558536529541016,28533000
2012-05-09,2.2286843392381486,2.2336893831409763,2.1965088621810853,2.221534252166748,24596000
2012-05-10,2.2308298209586273,2.241555039729507,2.1900743305724224,2.207949638366699,22290000
2012-05-11,2.19436277890744,2.227253197940471,2.1886427801501482,2.212238073348999,29039000
2012-05-14,2.19364881180313,2.2487044639598155,2.1786335099629293,2.2258241176605225,18594000
2012-05-15,2.2301143055647477,2.2637196985246337,2.210094129493846,2.220104217529297,21493000
2012-05-16,2.220818554094043,2.2637190655108235,2.1957933410033275,2.2000832557678223,19452000
2012-05-17,2.195078801661643,2.2122391472063154,2.1486033204022204,2.1500332355499268,18872000
2012-05-18,2.161473279939195,2.162903365472977,2.124292760776007,2.146458148956299,22855000
2012-05-21,2.145028066440029,2.2100939750671387,2.1235778062322104,2.2100939750671387,28360000
2012-05-22,2.212240000048353,2.2465603634255134,2.2043747818177444,2.235835313796997,28475000
2012-05-23,2.265865025981462,2.4017168709700405,2.2522799778598426,2.396711826324463,47735000
2012-05-24,2.3924207326258378,2.3967108177943754,2.3187748388042007,2.3244948387145996,27487000
2012-05-25,2.330929917682645,2.3881305974753686,2.3287848751432705,2.370255470275879,15457000
2012-05-29,2.3988555338445736,2.4674963757832984,2.374545281827294,2.4632062911987305,19163000
2012-05-30,2.427456121057674,2.4346062059463125,2.350235101977494,2.3638203144073486,26237000
2012-05-31,2.379551598002659,2.3867016859821955,2.3216357660383347,2.3666813373565674,19157000
2012-06-01,2.3187749436801623,2.3359351146589735,2.206518448735912,2.2150986194610596,38892000
2012-06-04,2.2322589614619943,2.2630043482873194,2.157897930737582,2.1829233169555664,39732000
2012-06-05,2.186498860507281,2.251564604278676,2.1729136433950065,2.245844602584839,36053000
2012-06-06,2.2737298732677624,2.35881595937759,2.2579996137404637,2.3573858737945557,25299000
2012-06-07,2.3902759448018003,2.393851072980451,2.349520472299851,2.3559556007385254,23101000
2012-06-08,2.3473763649673387,2.433892557994226,2.323781055093784,2.4195923805236816,25119000
2012-06-11,2.437466194226227,2.449621491903482,2.369540302871164,2.37669038772583,15443000
2012-06-12,2.3816960899645774,2.4431868664447762,2.3816960899645774,2.42531156539917,18471000
2012-06-13,2.424596643817936,2.466067076922397,2.406006385006054,2.433891773223877,20580000
2012-06-14,2.426710155827875,2.4274284490742435,2.344838423825243,2.392237901687622,23709000
2012-06-15,2.395828404102765,2.4662094906825294,2.394392160229314,2.4468188285827637,18289000
2012-06-18,2.4382010111588364,2.519354622701357,2.428146617776799,2.496373176574707,17163000
2012-06-19,2.5078641217880397,2.5136094408259866,2.470519034363223,2.4920642375946045,19152000
2012-06-20,2.4992453888034496,2.552390176794254,2.4985272668977947,2.5329995155334473,29267000
2012-06-21,2.531563257366602,2.541617648892818,2.469800150728098,2.4762637615203857,23173000
2012-06-22,2.474828020162969,2.5172003030271366,2.469082530105801,2.4992458820343018,55520000
2012-06-25,2.4690823469305503,2.487754888585492,2.4446644868707197,2.4568734169006348,23592000
2012-06-26,2.4633365562625227,2.486317996702184,2.438918529658004,2.4697999954223633,18656000
2012-06-27,2.4719551010430005,2.5179183349509984,2.465491660395848,2.506427526473999,11415000
2012-06-28,2.4784187678671135,2.4949367733141505,2.4367646076176994,2.464055299758911,16941000
2012-06-29,2.51504596588596,2.5811179938341864,2.51504596588596,2.578245162963867,18990000
2012-07-02,2.56890805857411,2.599071403133389,2.532999396587353,2.5487992763519287,21855000
2012-07-03,2.5538261010848062,2.5710622220905157,2.545207954968961,2.5667531490325928,9803000
2012-07-05,2.5667541569859185,2.5825540406608547,2.547363491836617,2.5552635192871094,8576000
2012-07-06,2.5495175034882718,2.5509539185174517,2.4468187088433204,2.4762637615203857,14716000
2012-07-09,2.4777000333428054,2.4848817656215845,2.3785920251600534,2.390800952911377,21974000
2012-07-10,2.4130649492462504,2.4468192545388208,2.3879289648248223,2.4008560180664062,21338000
2012-07-11,2.3994183097061734,2.409472697339089,2.3649459033885294,2.37715482711792,18940000
2012-07-12,2.3642291191520797,2.369256315812301,2.3082114914078256,2.339811086654663,21140000
2012-07-13,2.3376562085965014,2.3879283354146823,2.3326288418112773,2.380746603012085,16791000
2012-07-16,2.3678191935717323,2.376437340259605,2.3254469243996794,2.3513011932373047,13761000
2012-07-17,2.377156154830408,2.3857743040297987,2.3390929479098377,2.372847080230713,18038000
2012-07-18,2.369256956694953,2.4453833916722485,2.3635114652248026,2.426710844039917,21230000
2012-07-19,2.479854750855907,2.614153308358805,2.471954724915373,2.588299036026001,34675000
2012-07-20,2.581835221143437,2.5854260016477744,2.531563095500698,2.533717632293701,14961000
2012-07-23,2.4877548023675815,2.499245610005159,2.4224009088402494,2.4769821166992188,15101000
2012-07-24,2.490628221262507,2.5200734569212546,2.425274479024366,2.4547195434570312,9758000
2012-07-25,2.451128098495746,2.495654744198723,2.428864604418222,2.4568734169006348,20470000
2012-07-26,2.514326750602703,2.5660352901431085,2.5136086287614754,2.545208215713501,13101000
2012-07-27,2.5703444694202466,2.6191803523794905,2.553108345939457,2.5947623252868652,11498000
2012-07-30,2.6084078929968646,2.6356985811507045,2.5653174949680846,2.5832717418670654,12044000
2012-07-31,2.6026628456128558,2.703207118130915,2.6012264303721824,2.650062322616577,23597000
2012-08-01,2.66514451243547,2.66586263460454,2.614872364852918,2.634981155395508,15423000
2012-08-02,2.6105623911877056,2.667298132449438,2.5926079733297827,2.6242077350616455,13151000
2012-08-03,2.668016387313347,2.6902798802645984,2.633544136175837,2.6651437282562256,14333000
2012-08-06,2.6708894102341842,2.6888436590556615,2.6572440646961546,2.66227126121521,11303000
2012-08-07,2.6773526349095107,2.7024887867042118,2.661552924616636,2.6859707832336426,15424000
2012-08-08,2.690279711908585,2.707515836398714,2.6751979531569576,2.691715955734253,17173000
2012-08-09,2.6601166539599355,2.6981798590820465,2.657962116761888,2.6802256107330322,9996000
2012-08-10,2.6737612063599983,2.68812466927081,2.640725207419934,2.668015718460083,14662000
2012-08-13,2.6680168233499573,2.6680168233499573,2.591890404151678,2.6048176288604736,21116000
2012-08-14,2.637852948713434,2.6407256074856025,2.5839898690247276,2.596198797225952,24324000
2012-08-15,2.5890172383650323,2.6306713926468555,2.585426286239417,2.6270804405212402,15984000
2012-08-16,2.635698849896787,2.6672984440947056,2.635698849896787,2.650780439376831,25881000
2012-08-17,2.7111067953631576,2.720443065157992,2.6141533166154245,2.6457529067993164,29985000
2012-08-20,2.6536530783468866,2.6536530783468866,2.543054242660325,2.5825538635253906,25468000
2012-08-21,2.585425989703393,2.6256437242769834,2.5638807930988983,2.6127166748046875,19231000
2012-08-22,2.6033814978293064,2.634262976371832,2.588299905247866,2.620617628097534,13251000
2012-08-23,2.6026619646449523,2.6069710376823676,2.5653168932886596,2.586862087249756,12060000
2012-08-24,2.5868630922676497,2.6098447099117617,2.573936039359116,2.589017629623413,13030000
2012-08-27,2.590454545968238,2.5947634502871235,2.559572894971342,2.568909168243408,13306000
2012-08-28,2.5732178603896765,2.615590144891748,2.562445344358402,2.6048176288604736,15320000
2012-08-29,2.6134349158724253,2.6471892128626173,2.601225987695552,2.628516674041748,11952000
2012-08-30,2.6213345003230986,2.6213345003230986,2.5746531611277326,2.586862087249756,13671000
2012-08-31,2.6062538417013865,2.6428808067102465,2.5789633196874218,2.6263628005981445,13266000
2012-09-04,2.6119980260409035,2.627797730961366,2.5373078892315637,2.5775256156921387,21527000
2012-09-05,2.55741762797771,2.5581357499069988,2.5171998890951874,2.526535987854004,16184000
2012-09-06,2.559571134997422,2.643597536669043,2.5272534330841516,2.6292340755462646,22883000
2012-09-07,2.6364175429711074,2.64503569381277,2.5926088378274237,2.599790573120117,15846000
2012-09-10,2.582553603137967,2.5990716060641716,2.510017980403063,2.513608932495117,16238000
2012-09-11,2.516481305840977,2.554544503321704,2.5013997197083877,2.5107359886169434,12420000
2012-09-12,2.529408688181427,2.549517470977437,2.514326929858408,2.5301268100738525,13803000
2012-09-13,2.5337182261585904,2.5423362041245237,2.4741096462908265,2.518636465072632,21875000
2012-09-14,2.5200728856148764,2.5495179433722788,2.4920640719084437,2.517918348312378,34024000
2012-09-17,2.527254021914691,2.541617486384045,2.50499053212899,2.533717632293701,15298000
2012-09-18,2.530832500316298,2.537325559742908,2.499810334619557,2.536604166030884,10544000
2012-09-19,2.5344398975266835,2.5553618639292544,2.5070248714806658,2.5286684036254883,20797000
2012-09-20,2.494759013501489,2.5185667144063264,2.396642464440413,2.4348790645599365,40250000
2012-09-21,2.4767239585460867,2.6058627093770257,2.4767239585460867,2.561854600906372,68640000
2012-09-24,2.5250602730430174,2.535160470101633,2.469509017214552,2.4962024688720703,44190000
2012-09-25,2.4933164408449024,2.5243385940204597,2.3757207129424915,2.3814923763275146,34009000
2012-09-26,2.362013945952831,2.4197297378556977,2.3367634482510597,2.4139580726623535,41268000
2012-09-27,2.393757920012663,2.524339643826237,2.378607447831602,2.5178465843200684,41134000
2012-09-28,2.485380741591125,2.5265032679240345,2.4601302485860925,2.515681505203247,25908000
2012-10-01,2.53516026307486,2.5640180648892152,2.4925949537968655,2.502695322036743,20091000
2012-10-02,2.517845269478018,2.517845269478018,2.460129673801378,2.483215808868408,17096000
2012-10-03,2.4911525971509527,2.5286678147912074,2.4839381454513725,2.4940383434295654,27255000
2012-10-04,2.4940375690608,2.4940375690608,2.452915224341798,2.483215808868408,11425000
2012-10-05,2.5048595881053437,2.545260718435598,2.4651801952554657,2.484659194946289,15117000
2012-10-08,2.4529161011288485,2.4695093580176937,2.4319941386157646,2.444258689880371,10039000
2012-10-09,2.416843923606485,2.4341587479279934,2.383657406331757,2.423336982727051,20770000
2012-10-10,2.4298298157353337,2.431994168574114,2.348306489496983,2.3511922359466553,14476000
2012-10-11,2.3814933588050455,2.4154012716586855,2.349028233388333,2.3757216930389404,13768000
2012-10-12,2.3612922742069946,2.381492841995424,2.3475847644940706,2.379328489303589,26733000
2012-10-15,2.387985264261041,2.4067428692763735,2.3663419135524406,2.3944783210754395,17144000
2012-10-16,2.4024156728385075,2.495482362915543,2.397365571703596,2.4781675338745117,18602000
2012-10-17,2.459408710264101,2.4962025319155714,2.4442584142935457,2.4608516693115234,13410000
2012-10-18,2.4579661391821372,2.481773847516828,2.4392085299480053,2.4565231800079346,12752000
2012-10-19,2.4615727254727067,2.465901430015639,2.3735563637886408,2.3944783210754395,19088000
2012-10-22,2.4154007710915937,2.430551068076378,2.3807712996899615,2.4096291065216064,12707000
2012-10-23,2.3778854375999146,2.4060218494922943,2.3677852401019597,2.398085832595825,10953000
2012-10-24,2.41900846595576,2.423337172374897,2.3511926387430635,2.361292839050293,13522000
2012-10-25,2.3858216768723883,2.434158663756987,2.383657323907041,2.4312727451324463,15396000
2012-10-26,2.431272849280918,2.452194814171431,2.4096294907064255,2.4406516551971436,12623000
2012-10-31,2.425501566403513,2.4312730603887345,2.3670643727739864,2.3829362392425537,22851000
2012-11-01,2.4016934080979104,2.493317105196263,2.3843787573414263,2.4889883995056152,18725000
2012-11-02,2.504138205643829,2.5142384022677504,2.4485869522061856,2.450751304626465,19223000
2012-11-05,2.3807709232141168,2.4832161900690295,2.38004952975923,2.476001739501953,13881000
2012-11-06,2.476001736046347,2.5452606678009033,2.4680658920354595,2.5452606678009033,20045000
2012-11-07,2.509188905840563,2.532996616168372,2.444980227319922,2.4500303268432617,20751000
2012-11-08,2.5243393999149206,2.5243393999149206,2.4406515441602292,2.441373109817505,13265000
2012-11-09,2.4529154764960523,2.4529154764960523,2.411071562125401,2.415400266647339,14186000
2012-11-12,2.4226148243550214,2.442093823562085,2.396642768076914,2.424779176712036,7607000
2012-11-13,2.399528930338715,2.439929894671402,2.3937574377223734,2.4009718894958496,11113000
2012-11-14,2.4298302728954986,2.444980573611309,2.371393079265972,2.3829362392425537,12054000
2012-11-15,2.3908716943571062,2.3966433594018803,2.3151200311956224,2.326663017272949,13745000
2012-11-16,2.3237771655919395,2.336041716748655,2.2855405529243735,2.304298162460327,23888000
2012-11-19,2.328826958408493,2.3685065250534953,2.3093479578394107,2.3627350330352783,16664000
2012-11-20,2.4038585529182557,2.4154017145609563,2.344699957003268,2.3670647144317627,11905000
2012-11-21,2.364899945522548,2.377885891641487,2.3461423340126535,2.367785692214966,7802000
2012-11-23,2.3807715890267596,2.434158675758349,2.3699499961527852,2.4204511642456055,8177000
2012-11-26,2.4348792911403896,2.470230149107799,2.410350194594049,2.455801248550415,16562000
2012-11-27,2.4428152792784363,2.4911522538090893,2.424057673043567,2.4615728855133057,20547000
2012-11-28,2.425500443021225,2.4998092966966743,2.424779049608724,2.493316411972046,20702000
2012-11-29,2.5164033358114235,2.55608291000515,2.5048601775729153,2.5322751998901367,19060000
2012-11-30,2.495481544260622,2.55608291000515,2.445701771110494,2.5322751998901367,41634000
2012-12-03,2.553196696949557,2.5669042056036533,2.4983668343392544,2.511352777481079,17504000
2012-12-04,2.5099099747589624,2.536603426387807,2.5026955237239754,2.5192887783050537,16899000
2012-12-05,2.5272242986586817,2.536603101001695,2.488987695877493,2.491152048110962,15875000
2012-12-06,2.4918746518057286,2.5358829392526974,2.4861031577173436,2.5337185859680176,11963000
2012-12-07,2.4695090085781497,2.4933167141365287,2.449308442525484,2.470951795578003,85050000
2012-12-10,2.480331027020893,2.4904312257867245,2.4601306294892304,2.4853811264038086,26845000
2012-12-11,2.5005308621152342,2.5164025492266138,2.476723159442106,2.493316411972046,43625000
2012-12-12,2.5099102059710803,2.516403092096435,2.485380932587631,2.4940383434295654,49274000
2012-12-13,2.537539395664772,2.5382643543724055,2.43531278507384,2.4432878494262695,66194000
2012-12-14,2.4041379002235974,2.4121129665222694,2.2112848355806007,2.257685661315918,98714000
2012-12-17,2.2758105039714582,2.320036273600364,2.248985127826014,2.3193111419677734,70583000
2012-12-18,2.336711046112244,2.3562863118256425,2.2975603418293127,2.339611053466797,41414000
2012-12-19,2.341061633822101,2.3562868052639603,2.315686175229499,2.3193111419677734,25023000
2012-12-20,2.323660695981085,2.3374359466430126,2.277985019499651,2.3127856254577637,23788000
2012-12-21,2.257685257674959,2.2888607312675733,2.2482601024360642,2.2736353874206543,35064000
2012-12-24,2.268560568857034,2.271460577037764,2.2460852893861465,2.2584104537963867,7995000
2012-12-26,2.263483977969339,2.2888594212869924,2.230858432683223,2.2388336658477783,16339000
2012-12-27,2.2533350596519583,2.283060441562241,2.2250595951873535,2.274360418319702,27545000
2012-12-28,2.2518853057476065,2.281610864954594,2.2446351988676896,2.2584104537963867,19617000
2012-12-31,2.2714599253171106,2.3040854833439983,2.2453595134668274,2.2946603298187256,26644000
2013-01-02,2.3512108719295672,2.3968865420901144,2.3374356231739455,2.3591859340667725,36716000
2013-01-03,2.3446856176137985,2.3910864169758463,2.3446856176137985,2.3715109825134277,23295000
2013-01-04,2.37078601701422,2.3758610720188837,2.3338105421847697,2.356285810470581,27113000
2013-01-07,2.3468614127528302,2.35556160861599,2.3272861449168736,2.3432364463806152,16822000
2013-01-08,2.3526615276869034,2.370786878883742,2.3265612847048183,2.3272862434387207,20969000
2013-01-09,2.356285548876137,2.3896360547951585,2.346135439993673,2.378760814666748,29456000
2013-01-10,2.42588719606424,2.435312349000397,2.3939867715105416,2.430237293243408,44591000
2013-01-11,2.4316870917960234,2.4918629679455844,2.4280619536291805,2.489687919616699,47871000
2013-01-14,2.4534371478544714,2.5099878799739646,2.438936942402695,2.5063629150390625,49258000
2013-01-15,2.4867881243456367,2.496938235506495,2.4519875209791153,2.4556126594543457,33736000
2013-01-16,2.451262262085363,2.5092630877335584,2.4483622553741724,2.5056381225585938,27669000
2013-01-17,2.5215881316302,2.5353633789542376,2.50781305716225,2.5237631797790527,21065000
2013-01-18,2.504188093570638,2.5194132588160913,2.487512838506337,2.4969379901885986,18830000
2013-01-22,2.497662948669973,2.509263148652456,2.488962928325185,2.4969379901885986,13809000
2013-01-23,2.5266638733630957,2.537539117064356,2.477363229533739,2.495488405227661,22791000
2013-01-24,2.4440127178610074,2.487513347046388,2.4353125228814774,2.459962844848633,44567000
2013-01-25,2.4527124794746062,2.4860629928790354,2.4519875209220237,2.476637840270996,35089000
2013-01-28,2.4940388135468026,2.503463968366223,2.4730134548837763,2.4998388290405273,38462000
2013-01-29,2.486787654964773,2.5165130242840887,2.4780874625512737,2.5063629150390625,23732000
2013-01-30,2.500562897511632,2.5614639027945216,2.500562897511632,2.541163682937622,25185000
2013-01-31,2.5752397779731804,2.616565359072745,2.555664511813183,2.593364953994751,67764000
2013-02-01,2.6042399558856246,2.6317904559625447,2.5969898515795067,2.6288902759552,27973000
2013-02-04,2.591915077652274,2.6252655956576163,2.547689315577302,2.5505893230438232,43401000
2013-02-05,2.5433387206288915,2.5788642805015463,2.5418888036072156,2.5672640800476074,29392000
2013-02-06,2.5542148836262104,2.5948155134275996,2.5440647693899057,2.583940267562866,20811000
2013-02-07,2.5839395210776868,2.5839395210776868,2.504188374915241,2.5346388816833496,42435000
2013-02-08,2.5578397479973045,2.5759649253468475,2.5411644880362805,2.560739755630493,32966000
2013-02-11,2.5650898470194456,2.5875651221899916,2.53753934243347,2.566539764404297,29999000
2013-02-12,2.5520388192258534,2.562914060764303,2.5215883157742947,2.5476887226104736,31224000
2013-02-13,2.5636390638774276,2.573064215756129,2.529563594557247,2.549863815307617,26590000
2013-02-14,2.5440647693899057,2.586115316735813,2.536814663098806,2.583940267562866,32372000
2013-02-15,2.5795893158858596,2.5940895226997256,2.5360885225881606,2.5476887226104736,25317000
2013-02-19,2.537538248271432,2.5774138977153984,2.523038043538367,2.576688766479492,24396000
2013-02-20,2.5723399138938605,2.590465090925441,2.5136139392852783,2.5136139392852783,33262000
2013-02-21,2.4991126204080722,2.514337783106482,2.3896359566545398,2.4411118030548096,61853000
2013-02-22,2.4628628409233726,2.499113362533959,2.4440125351146427,2.4715628623962402,18964000
2013-02-25,2.4744635533059554,2.4809885275437695,2.3881870693465213,2.3889122009277344,30632000
2013-02-26,2.4019622802734375,2.4215375483570223,2.36788680080526,2.4019622802734375,34556000
2013-02-27,2.450537337908966,2.491862909475914,2.4382120067157853,2.4425621032714844,35971000
2013-02-28,2.442563159489769,2.4875138885761876,2.4164627417252738,2.4809887409210205,34786000
2013-03-01,2.4592381509872823,2.4715633132978203,2.4113874191603974,2.4432878494262695,31500000
2013-03-04,2.433137033619584,2.4432871440206116,2.393261550513802,2.431687116622925,17005000
2013-03-05,2.4432872820392197,2.491138175610189,2.4418373649606564,2.4889631271362305,30510000
2013-03-06,2.4875134043380416,2.520863922052846,2.480263299306829,2.5165138244628906,24610000
2013-03-07,2.515063925904823,2.5469643537085527,2.4940385693008498,2.5353641510009766,30738000
2013-03-08,2.5411644728201472,2.567264714218713,2.5360892434222686,2.557114601135254,19688000
2013-03-11,2.543339514250859,2.585390232410852,2.5353644495747885,2.556389808654785,28173000
2013-03-12,2.5534901326247272,2.5766903709302857,2.5375398283440074,2.5701653957366943,22477000
2013-03-13,2.5737893568287493,2.618015112517447,2.556389141686103,2.6093149185180664,27495000
2013-03-14,2.6136649760775787,2.681090959986976,2.6122148861475254,2.657890558242798,43449000
2013-03-15,2.6607918242302087,2.666591840605746,2.5962658209854834,2.6100409030914307,34447000
2013-03-18,2.579590216802103,2.6027904520932603,2.541164638039698,2.556389808654785,28689000
2013-03-19,2.565814601695263,2.5969900701206496,2.5404391480604023,2.5592894554138184,33400000
2013-03-20,2.5868397968079457,2.6158402146679065,2.5629144347878654,2.6049649715423584,29636000
2013-03-21,2.580912929104563,2.6064232868742065,2.5605047819089246,2.591845989227295,27816000
2013-03-22,2.6071519100918112,2.6268314168820863,2.5787263033893573,2.6093385219573975,17306000
2013-03-25,2.614440791254273,2.615898590552871,2.5692512720740055,2.588930606842041,12888000
2013-03-26,2.5998634666282308,2.622458399761066,2.5918460050061483,2.608609914779663,9556000
2013-03-27,2.5852860687798214,2.604236589857354,2.569251146156594,2.5976767539978027,14861000
2013-03-28,2.609337985031998,2.6188132432414464,2.586014419556858,2.61808443069458,14740000
2013-04-01,2.6107962864624503,2.6239157837066958,2.5648777854449696,2.575810670852661,18501000
2013-04-02,2.592574786888178,2.5954903854206677,2.534265596639893,2.542283058166504,23020000
2013-04-03,2.5422827035444193,2.556859999073109,2.485431320492558,2.500737428665161,18297000
2013-04-04,2.4956354983950826,2.527705515162601,2.475227179524787,2.5218746662139893,15348000
2013-04-05,2.4788713785073493,2.508754780920361,2.4293084715814324,2.502195119857788,14449000
2013-04-08,2.4963639272251377,2.526976313936035,2.475955785267907,2.526247501373291,12357000
2013-04-09,2.5298923271073526,2.5605047209470695,2.4941778965901977,2.53499436378479,16008000
2013-04-10,2.5371820130617424,2.5874737614400822,2.5357243870008745,2.5787274837493896,14817000
2013-04-11,2.5685223629538707,2.618085281523787,2.5517584525026598,2.5969481468200684,18282000
2013-04-12,2.58747170383278,2.5896583149604084,2.5189584677505032,2.544468641281128,16125000
2013-04-15,2.5277047560911545,2.531349165920926,2.4577337208447774,2.462106943130493,24634000
2013-04-16,2.483972793209296,2.5218738199825634,2.4679377033186785,2.520416021347046,22491000
2013-04-17,2.459920438837356,2.4613782375875912,2.3527771832835187,2.3615236282348633,64010000
2013-04-18,2.4125449796551264,2.425664651584962,2.2777048917684564,2.2864513397216797,41056000
2013-04-19,2.2777054636600806,2.3236239793936475,2.2470930619126577,2.2784342765808105,37180000
2013-04-22,2.285722476560192,2.320708096486028,2.228142096569303,2.301757574081421,36395000
2013-04-23,2.3221650467798107,2.3629815015489934,2.3119608027562366,2.359337091445923,25542000
2013-04-24,2.3593377156604274,2.393594345572448,2.3352851586966534,2.3775594234466553,32062000
2013-04-25,2.3914070475600915,2.419104007644512,2.370998907518968,2.3782875537872314,25126000
2013-04-26,2.3753724790158333,2.3753724790158333,2.329453983402097,2.3403868675231934,30945000
2013-04-29,2.357879666322485,2.3899498547217966,2.3469467818307246,2.370999336242676,20430000
2013-04-30,2.3666255094002335,2.3666255094002335,2.2995698991977007,2.329453468322754,52511000
2013-05-01,2.336742523334511,2.337471335902402,2.2777043609590333,2.282806396484375,37068000
2013-05-02,2.2995703427899223,2.349133247562378,2.2820776244246663,2.3389291763305664,32536000
2013-05-03,2.3440314991284326,2.360795406966712,2.32143656860397,2.3236231803894043,46901000
2013-05-06,2.3360134679591167,2.397967052550396,2.3294538074918396,2.3906784057617188,32848000
2013-05-07,2.3994246649109483,2.401611276155091,2.3666256700238426,2.371727705001831,16093000
2013-05-08,2.3782878158709315,2.4431568269394504,2.374643405447674,2.4416990280151367,25437000
2013-05-09,2.4402414920034956,2.4839733760297085,2.434410469868298,2.4686672687530518,29769000
2013-05-10,2.4752266884557255,2.48834635664986,2.4657514304627535,2.482515335083008,15644000
2013-05-13,2.4657522396530287,2.487618360485763,2.4482595167619414,2.450446128845215,14952000
2013-05-14,2.447530381790542,2.4650231023788223,2.4293086747537367,2.4562766551971436,15938000
2013-05-15,2.453360454805203,2.491990294681716,2.4446141841647795,2.4912614822387695,16947000
2013-05-16,2.4905328337076056,2.516043008639876,2.470853506252702,2.493448257446289,24749000
2013-05-17,2.5138561472691645,2.5349932713778314,2.5043810645049516,2.5094830989837646,27443000
2013-05-20,2.4956348904034007,2.5182296417935377,2.4956348904034007,2.5102121829986572,13881000
2013-05-21,2.5226032044779485,2.5605042398462503,2.5102125214787097,2.557588815689087,20743000
2013-05-22,2.5495705367190014,2.568521049606608,2.4949057828393815,2.518958330154419,33873000
2013-05-23,2.4956345730022544,2.5036520307774546,2.4664799915196953,2.4759552478790283,28513000
2013-05-24,2.467938301539063,2.48543119430542,2.4548188057393565,2.48543119430542,15118000
2013-05-28,2.5167720167990333,2.5226028643271214,2.4788709865413523,2.5102121829986572,20919000
2013-05-29,2.5051098769233486,2.529162424480621,2.4890747872934953,2.5094830989837646,22858000
2013-05-30,2.6384928149042755,2.7864525495808334,2.6312041674400395,2.7565691471099854,82607000
2013-05-31,2.7208544727244233,2.789367717846133,2.7048193802645337,2.750009059906006,33432000
2013-06-03,2.746365014418801,2.7500094251881073,2.666918701663668,2.718668222427368,27210000
2013-06-04,2.7259571008152004,2.783537475151182,2.725228288109707,2.7551116943359375,33120000
2013-06-05,2.7507393111150553,2.7529259236747974,2.68368365601667,2.696803331375122,15019000
2013-06-06,2.7106507111146034,2.7128371490050425,2.6559857670270954,2.6785805225372314,29731000
2013-06-07,2.6793092917451684,2.7208545624717897,2.6348484231841804,2.7179391384124756,30733000
2013-06-10,2.733245447098589,2.733974259723529,2.6814959276764285,2.6844115257263184,26360000
2013-06-11,2.655256982549391,2.67930971269912,2.6428662980192805,2.645052909851074,21699000
2013-06-12,2.6720214447621777,2.6734792442106614,2.6035081724106486,2.6224586963653564,21307000
2013-06-13,2.6202579894981066,2.7243646393541385,2.6114603699969985,2.720698833465576,29106000
2013-06-14,2.722898338083005,2.771285858118382,2.716299992224931,2.755889892578125,21762000
2013-06-17,2.771286477910652,2.810876387118044,2.7661544882494744,2.7925477027893066,24727000
2013-06-18,2.7888811905258697,2.8446003208559447,2.7844824682113454,2.8409345149993896,27383000
2013-06-19,2.8365356932892274,2.8497323849693212,2.7910807132720947,2.7910807132720947,24035000
2013-06-20,2.7646876424397653,2.7815499661186647,2.706769233925079,2.7170333862304688,31638000
2013-06-21,2.715567395419971,2.7478256897189577,2.6847752839373626,2.7404942512512207,80030000
2013-06-24,2.711168056090418,2.7119011473792836,2.646651303198389,2.6899068355560303,36858000
2013-06-25,2.722164906260463,2.7558895478112713,2.6987042404524497,2.7199654579162598,26019000
2013-06-26,2.741227144007211,2.765420905134266,2.7119012193361605,2.7309629917144775,20661000
2013-06-27,2.7478253503114796,2.7742185604943375,2.7338957413000413,2.7360951900482178,26359000
2013-06-28,2.7126348549919324,2.7580898434100143,2.6950394376284192,2.7404942512512207,22998000
2013-07-01,2.774951996319714,2.776418179044662,2.7375615401092217,2.7573564052581787,27147000
2013-07-02,2.7822831771260885,2.8577969991335097,2.772752291113916,2.8211398124694824,40377000
2013-07-03,2.8145426322612708,2.8497336509125883,2.795480852341223,2.8292055130004883,15203000
2013-07-05,2.831404030067892,2.8724601175749425,2.7976793805158415,2.8453338146209717,14447000
2013-07-08,2.8541311592160414,2.861462771257139,2.7265641860973764,2.732429265975952,22643000
2013-07-09,2.7654206684430376,2.7837491731490505,2.7404936433459013,2.7551565170288086,13855000
2013-07-10,2.755157118220238,2.8116093515333573,2.7448931393615914,2.810142993927002,17363000
2013-07-11,2.751492210123571,2.8299386045988513,2.7478264025411034,2.8292055130004883,16769000
2013-07-12,2.836536671679966,2.857797899079024,2.835803580154405,2.8555984497070312,18342000
2013-07-15,2.8577972994466667,2.8651287375499,2.783016560875576,2.786682367324829,21551000
2013-07-16,2.7976790728735925,2.8695272618090777,2.7976790728735925,2.8497323989868164,31254000
2013-07-17,2.859996908578803,2.9135164272101846,2.8489996634102335,2.853398561477661,23992000
2013-07-18,2.8409351369572073,2.8504660245165274,2.745626261364004,2.7566235065460205,37050000
2013-07-19,2.767620021389049,2.7969457677420335,2.7500244337410695,2.774951457977295,17757000
2013-07-22,2.802812369252497,2.802812369252497,2.7522253768821248,2.7705540657043457,9869000
2013-07-23,2.791814321223505,2.7976794017138364,2.7500249672476293,2.7573564052581787,16501000
2013-07-24,2.7324293842061835,2.7852158045784035,2.7023705426361673,2.7045698165893555,20506000
2013-07-25,2.675977676534183,2.711168511443752,2.661314799522649,2.705303430557251,25512000
2013-07-26,2.6781763279062116,2.7016368192601012,2.664979637649121,2.696504831314087,12256000
2013-07-29,2.6847741971224175,2.705302321399325,2.6671787868816472,2.68257474899292,13094000
2013-07-30,2.694305117211537,2.712633793606973,2.66424628369366,2.701636552810669,11651000
2013-07-31,2.71336745849797,2.7170332644703152,2.6803759039278647,2.689173698425293,13124000
2013-08-01,2.7148330411867003,2.750757125406837,2.700170171071771,2.7419593334198,19499000
2013-08-02,2.7338956466540365,2.748558521270752,2.707502437384897,2.748558521270752,15183000
2013-08-05,2.728763953268584,2.7419606475739906,2.70970235281958,2.7141010761260986,11773000
2013-08-06,2.7075028714934666,2.708969054313067,2.69064054550109,2.7023708820343018,10730000
2013-08-07,2.710434635473172,2.735361484218433,2.6891734175221056,2.7338953018188477,18035000
2013-08-08,2.7566231453041854,2.7566231453041854,2.733162475187143,2.7360951900482178,19396000
2013-08-09,2.725831418295538,2.7302303164062103,2.693573123476081,2.70017147064209,13858000
2013-08-12,2.7009040071708394,2.771285838096043,2.6935725700910313,2.7639544010162354,9880000
2013-08-13,2.7742185734861278,2.794746703633489,2.736095202861475,2.7874152660369873,13754000
2013-08-14,2.778616975121379,2.7815495146775766,2.7236311155629545,2.7287631034851074,15271000
2013-08-15,2.649584204645384,2.708235706973563,2.620991544821818,2.6407864093780518,25111000
2013-08-16,2.637120197432131,2.664979761629701,2.63125511801961,2.6576483249664307,13543000
2013-08-19,2.6627803131511962,2.669378658586711,2.645184900118395,2.6576483249664307,23389000
2013-08-20,2.6642465918306755,2.71996554378737,2.6598476950033936,2.697237968444824,17417000
2013-08-21,2.686240554140486,2.7119004909926074,2.6671787868816472,2.68257474899292,14425000
2013-08-22,2.6554488450052185,2.722165040206665,2.6451848687573762,2.6840415000915527,9940000
2013-08-23,2.697238629771552,2.716300404166643,2.6745112236517836,2.693572998046875,18312000
2013-08-26,2.708968277008365,2.76542049445148,2.7016368406281823,2.7478249073028564,13890000
2013-08-27,2.7742190046966715,2.7742190046966715,2.6649805150907393,2.679643392562866,29863000
2013-08-28,2.854130842428681,2.8922543817937494,2.7786170296984185,2.806476593017578,67806000
2013-08-29,2.815275444280908,2.8592642569254556,2.7954805747282814,2.8555984497070312,35955000
2013-08-30,2.8563308452305387,2.858530294066592,2.807210229080972,2.8233394622802734,25073000
2013-09-03,2.846067010361231,2.8687945912119814,2.788881687337726,2.8116092681884766,17351000
2013-09-04,2.828471866950812,2.868794868477005,2.7976797535163502,2.857797622680664,12588000
2013-09-05,2.8702605120978673,2.8739263182729826,2.8387353131319637,2.843867301940918,14372000
2013-09-06,2.872459648919713,2.872459648919713,2.802810912313102,2.8270046710968018,17155000
2013-09-09,2.8497331820986833,2.8592640704907666,2.8321375882700393,2.8424017429351807,16364000
2013-09-10,2.8592634250553743,2.9083840388830775,2.855597618903474,2.907650947570801,24344000
2013-09-11,2.8761261423853792,2.893721559854656,2.8358031431728077,2.8775923252105713,23927000
2013-09-12,2.8834566631954446,2.892254281732473,2.8306702527923693,2.861462354660034,20006000
2013-09-13,2.870993230883796,2.8797910247262917,2.8372685875478783,2.858529806137085,14480000
2013-09-16,2.886390322580606,2.9091177311131626,2.8621965563253413,2.8797919750213623,21556000
2013-09-17,2.93141369387388,2.976398815738767,2.912977234814008,2.958699941635132,37247000
2013-09-18,2.9660747870212507,2.9999980732177103,2.9380513021512393,2.999260663986206,23648000
2013-09-19,3.005159854888916,3.008847252162784,2.960912142551176,3.005159854888916,25017000
2013-09-20,3.035396439842465,3.1401159322637997,3.0110601776738224,3.069319725036621,87192000
2013-09-23,3.140115596521352,3.1482278002600723,3.0597323748632665,3.0877556800842285,29711000
2013-09-24,3.086280661852484,3.140852802146321,3.0707940161589065,3.1275787353515625,29753000
2013-09-25,3.1356900542460133,3.1415900292075913,3.054569442493323,3.1128289699554443,20584000
2013-09-26,3.1320027749470443,3.1460142473956108,3.1002917305884843,3.117253541946411,16874000
2013-09-27,3.1054548179788055,3.154127335735196,3.0855433654102415,3.1489651203155518,21998000
2013-09-30,3.104716772144459,3.192474767930299,3.0951297523813173,3.176988124847412,35229000
2013-10-01,3.1814142178477183,3.2175497329994043,3.169614614783152,3.2020630836486816,27411000
2013-10-02,3.176250799385463,3.204274098803298,3.1666637793702996,3.201324462890625,17366000
2013-10-03,3.1998510883446976,3.2146003295097145,3.1585530020928614,3.193213701248169,22817000
2013-10-04,3.2020612217628672,3.2249226536920292,3.1924742036941303,3.207960844039917,17246000
2013-10-07,3.207962813221787,3.207962813221787,3.1622402729464714,3.1710898876190186,14587000
2013-10-08,3.1792011616902434,3.2057500008671775,3.123891607545984,3.1415908336639404,21682000
2013-10-09,3.1688772279690407,3.1755146146303743,3.084806594005684,3.1120924949645996,27594000
2013-10-10,3.1939504650324912,3.220499304753548,3.1401157280781877,3.2086997032165527,32464000
2013-10-11,3.1895250927166807,3.207961725089222,3.15486440671405,3.1924750804901123,18979000
2013-10-14,3.180677714023672,3.267698360842042,3.171828097118461,3.26179838180542,20183000
2013-10-15,3.264746773599649,3.2772834317053205,3.213861677122044,3.225661277770996,18761000
2013-10-16,3.2507356566297254,3.289083751739568,3.235249007062203,3.2817089557647705,16999000
2013-10-17,3.2514728636574883,3.328169049106714,3.2448358290126915,3.3259568214416504,23286000
2013-10-18,3.4129771307696,3.4129771307696,3.322269465662935,3.3967530727386475,27417000
2013-10-21,3.403389627095554,3.481560972592012,3.3960151841767545,3.469761371612549,43360000
2013-10-22,3.470500205005969,3.470500205005969,3.4262524743855653,3.4564883708953857,47814000
2013-10-23,3.4299390200153392,3.4343638271417176,3.297195861172842,3.3473432064056396,56673000
2013-10-24,3.339231081984576,3.3702047326167097,3.31563222729092,3.35471773147583,30021000
2013-10-25,3.331856334223974,3.384953664536088,3.331856334223974,3.365042209625244,21912000
2013-10-28,3.3443925115737025,3.3738909850876184,3.334805490099203,3.356192111968994,19048000
2013-10-29,3.3827411899567585,3.4129770778568886,3.3613549159907166,3.3775789737701416,22162000
2013-10-30,3.3967527509099265,3.3967527509099265,3.2743340389214346,3.3075199127197266,20740000
2013-10-31,3.3185813922048935,3.3635665109838855,3.3185813922048935,3.350292444229126,17394000
2013-11-01,3.376841513345526,3.3842163087286385,3.2868709085793837,3.2979331016540527,22074000
2013-11-04,3.325218341087034,3.3407053379899523,3.2890828354957926,3.321531295776367,13911000
2013-11-05,3.321531627896637,3.3333308773696384,3.288345755235671,3.320793867111206,12484000
2013-11-06,3.3318558063523134,3.354716894428268,3.3163691607251877,3.34586763381958,10405000
2013-11-07,3.345130690757702,3.3554554753490633,3.213862347906195,3.2197623252868652,32309000
2013-11-08,3.224923805160194,3.2735963217109934,3.1784635158846384,3.270646333694458,36069000
2013-11-11,3.277283798674272,3.287608582266789,3.2367234800914004,3.260322332382202,9140000
2013-11-12,3.286133145403148,3.3318560278943417,3.267696862230439,3.3281686305999756,13438000
2013-11-13,3.2706472324434275,3.346606016159057,3.2706472324434275,3.3466060161590576,9863000
2013-11-14,3.311207265027188,3.3252190953345635,3.1401160160707007,3.1674022674560547,59660000
2013-11-15,3.1696141871308567,3.30456990918503,3.162977153061638,3.289820671081543,48369000
2013-11-18,3.289820775346806,3.2979329796381776,3.234511218618181,3.2418856620788574,13463000
2013-11-19,3.233036260317331,3.2632725002698826,3.1659274489972598,3.1674022674560547,12296000
2013-11-20,3.189525434562693,3.1902631953222578,3.130528485967014,3.1489651203155518,11085000
2013-11-21,3.1659272921437194,3.18731356533511,3.1504402924952326,3.174776554107666,15434000
2013-11-22,3.1755148228399372,3.209438112684441,3.1674026171218013,3.193213701248169,11219000
2013-11-25,3.2396738794234294,3.24483609604968,3.2005883742605485,3.223449468612671,16001000
2013-11-26,3.2293482460817167,3.3082566363659454,3.2116490232835893,3.3001444339752197,18712000
2013-11-27,3.2817091833799696,3.3045706305079308,3.2249247976938933,3.294246196746826,19086000
2013-11-29,3.3178443366444594,3.3252187798884667,3.293508076134957,3.2986702919006348,11401000
2013-12-02,3.3547166076528407,3.4078139250136705,3.314156298527703,3.3185811042785645,24454000
2013-12-03,3.3134209495864497,3.3163709391376437,3.2898220881260785,3.302359104156494,16189000
2013-12-04,3.280234137229662,3.311207436364707,3.2758093299747086,3.2817089557647705,26443000
2013-12-05,3.357667923433038,3.516222529211961,3.3230072243831517,3.50958514213562,45947000
2013-12-06,3.5626810479882747,3.5626810479882747,3.4623863893583033,3.4631237983703613,27552000
2013-12-09,3.4727116554986552,3.505897530583192,3.432888746057047,3.4933605194091797,20719000
2013-12-10,3.4933606186033397,3.4963106070955754,3.4277262757602953,3.4365758895874023,15997000
2013-12-11,3.4483758125476003,3.4653372809186864,3.396753294855851,3.4004406929016113,13005000
2013-12-12,3.4255126533872526,3.4284626406783634,3.3724153436934547,3.3738901615142822,13678000
2013-12-13,3.394540967057285,3.4033902297970355,3.36356731669448,3.3665173053741455,15876000
2013-12-16,3.6659274859140725,3.7278740870531504,3.566369845541166,3.694688558578491,121534000
2013-12-17,3.713124040253757,4.022120976187984,3.7094369945453805,3.9498496055603027,87230000
2013-12-18,3.960222148227393,3.960222148227393,3.8535298498462356,3.9379947185516357,42787000
2013-12-19,3.923176006563696,3.9276215628098208,3.801664960199683,3.8112969398498535,30366000
2013-12-20,3.8105574236843953,3.854271781187582,3.8031480428810718,3.826857566833496,28889000
2013-12-23,3.8735342529001486,3.8735342529001486,3.8379698040429897,3.857233762741089,12988000
2013-12-24,3.8757580469977846,3.911322153500558,3.870571622159853,3.89872670173645,7448000
2013-12-26,3.9142846117355896,3.9231757235865263,3.8868704090782966,3.9061343669891357,7010000
2013-12-27,3.918730403470537,3.931326204900411,3.897984710102361,3.9105801582336426,8043000
2013-12-30,3.911321707998256,3.9157672649670876,3.866866491608596,3.904653549194336,10962000
2013-12-31,3.9172479101551327,3.9491073111832917,3.892797532480617,3.9179887771606445,8655000
2014-01-02,3.9157664500171507,3.917989404688252,3.844638259916367,3.9009480476379395,14537000
2014-01-03,3.8861308556882084,3.9239179171793963,3.8498258822055806,3.9157676696777344,11661000
2014-01-06,3.912061806161836,3.9565170097968103,3.8846476049359198,3.8890931606292725,12634000
2014-01-07,3.913544382117914,3.931326608716378,3.8890939971943412,3.9261398315429688,13359000
2014-01-08,3.9350316161019947,3.9950464644601653,3.916508519118593,3.984673261642456,22968000
2014-01-09,4.000972574811774,4.0135680226651385,3.9090983376817126,3.9439215660095215,12339000
2014-01-10,3.9965271548745736,4.002454445436834,3.917248716195524,3.949108123779297,16691000
2014-01-13,3.9728199892054867,3.9846745773418637,3.8816865621989174,3.900209665298462,13944000
2014-01-14,3.95059109879408,4.137303459882521,3.9076179637478607,4.095070838928223,34855000
2014-01-15,4.12544701920157,4.2365852131886,4.113592438671644,4.2210259437561035,27187000
2014-01-16,4.205467909498627,4.220286316162594,4.08617943554981,4.1069254875183105,24084000
2014-01-17,4.094328781663821,4.1802757333761935,4.092105826839246,4.159529685974121,31181000
2014-01-21,4.194353461488521,4.209913087387174,4.140266264374999,4.1573076248168945,16597000
2014-01-22,4.163976333170964,4.236586634853591,4.138044208748132,4.234364032745361,25526000
2014-01-23,4.203246027363936,4.234364936612673,4.12989484265436,4.152863502502441,15551000
2014-01-24,4.1269293378263985,4.148415898726985,4.012086448506249,4.037277698516846,17426000
2014-01-27,4.046909125376795,4.093587283209889,3.9817082311212277,4.034313678741455,21031000
2014-01-28,4.030609864125666,4.060246672786261,3.9239172116280776,4.054319381713867,25223000
2014-01-29,3.996527801201317,4.144711855715443,3.9542951866803966,4.006159782409668,23974000
2014-01-30,4.061728799734174,4.095070301023949,4.00764160103695,4.078770160675049,11989000
2014-01-31,3.988376985185617,4.0965513648683025,3.988376985185617,4.048391819000244,15784000
2014-02-03,4.060247473447695,4.087661685849079,3.9239179854059874,3.94614577293396,11421000
2014-02-04,3.964668039267561,4.012827945359132,3.9342903610555404,4.00171422958374,13487000
2014-02-05,3.980228080442221,4.055060982859403,3.9409589308960684,3.9994916915893555,9017000
2014-02-06,4.000232504040297,4.139525445081794,3.97281829488066,4.089883804321289,18053000
2014-02-07,4.109887695573403,4.211393909054372,4.084696447305562,4.191389083862305,17039000
2014-02-10,4.163233751302116,4.184720309361214,4.11729681362814,4.172124862670898,12347000
2014-02-11,4.16397548886222,4.309196062781814,4.163234621643031,4.302527904510498,17344000
2014-02-12,4.312159647742059,4.430706875457765,4.312159647742059,4.366987705230713,25864000
2014-02-13,4.255108896366618,4.409220584486913,4.251404206948658,4.377360820770264,22614000
2014-02-14,4.2602968459045085,4.32549777783628,4.255851287670665,4.30327033996582,28180000
2014-02-18,4.335129473069661,4.335129473069661,4.277337573177449,4.324756622314453,15872000
2014-02-19,4.311419510238165,4.328460872817103,4.259555261734215,4.2751145362854,14598000
2014-02-20,4.300304240427271,4.3736553825105355,4.275112992635831,4.371432781219482,22282000
2014-02-21,4.403292272135266,4.408478695214196,4.326977660174263,4.3380913734436035,17998000
2014-02-24,4.335128661619585,4.4447851480610465,4.335128661619585,4.413666248321533,20672000
2014-02-25,4.445524790399765,4.445524790399765,4.326236708614295,4.371432781219482,26929000
2014-02-26,4.4455239743167345,4.704105268531163,4.443301373433694,4.586298942565918,49125000
2014-02-27,4.5336929696813915,4.610007910480563,4.503315308055911,4.5477705001831055,16460000
2014-02-28,4.530730831817974,4.591486530934982,4.504057847953414,4.571481704711914,15225000
2014-03-03,4.530730905448941,4.628532790004664,4.508503477417011,4.5744452476501465,15340000
2014-03-04,4.6307563314715985,4.749303580501697,4.614456190719561,4.693734645843506,36761000
2014-03-05,4.679657188440301,4.758935644943485,4.663357047404683,4.67372989654541,24656000
2014-03-06,4.689287858917806,4.735224799880489,4.671505634907179,4.715219974517822,12162000
2014-03-07,4.738190034386897,4.738190034386897,4.627051807780667,4.649279594421387,15133000
2014-03-10,4.662613734882614,4.698918687835885,4.628531382737332,4.652981758117676,13519000
2014-03-11,4.666319675238944,4.71596131001727,4.579632207823915,4.595191478729248,16191000
2014-03-12,4.576669278734296,4.690770974268199,4.47886772447704,4.68113899230957,23598000
2014-03-13,4.6974384051326075,4.778939446046018,4.5966730514395495,4.644092082977295,35377000
2014-03-14,4.650760240759734,4.686324337763742,4.609268853138158,4.644092082977295,13939000
2014-03-17,4.6700241731020355,4.741152719995306,4.650019346572371,4.698179244995117,13968000
2014-03-18,4.706364184679364,4.762915124475368,4.672136077647412,4.748777389526367,13109000
2014-03-19,4.762916239236823,4.8276519371898905,4.746546394584747,4.792679786682129,17558000
2014-03-20,4.785982920661603,4.86560038914282,4.784494494982426,4.859647750854492,19966000
2014-03-21,4.8842019504122645,4.898339685949848,4.735383887011566,4.754730224609375,23267000
2014-03-24,4.764403135761876,4.788958074092043,4.63939633826711,4.699667453765869,24811000
2014-03-25,4.739103450485193,4.835091083547589,4.708595879676442,4.762170314788818,16145000
2014-03-26,4.791190118351097,4.827650327632304,4.622281705844714,4.673624038696289,28414000
2014-03-27,4.670648405441867,4.695947381526035,4.601448150185066,4.671392440795898,25247000
2014-03-28,4.687018656440803,4.812769867284522,4.678089876604275,4.77035665512085,14330000
2014-03-31,4.799376460674008,4.861136016768228,4.780030119353611,4.792679786682129,14819000
2014-04-01,4.803096902658791,4.855927322565963,4.778541958736806,4.840301513671875,21962000
2014-04-02,4.817234180896838,4.859647390826721,4.750266029388482,4.809793472290039,20979000
2014-04-03,4.817233896092597,4.879737476817767,4.7227346670738,4.756962776184082,21592000
2014-04-04,4.803838806295801,4.817232502893887,4.467510804767686,4.598470211029053,38830000
2014-04-07,4.5389452893910525,4.608889591119559,4.37747788319007,4.491323471069336,43274000
2014-04-08,4.510670409380405,4.537457818784088,4.468257543372194,4.477186679840088,22055000
2014-04-09,4.541921990640402,4.655023548141031,4.541921990640402,4.648326873779297,19256000
2014-04-10,4.654276304745296,4.654276304745296,4.43625808538316,4.454116344451904,20396000
2014-04-11,4.410217030971833,4.461559016216408,4.349945912256184,4.355154514312744,21903000
2014-04-14,4.349203286677283,4.4325413082034055,4.323904301451244,4.376734733581543,19419000
2014-04-15,4.39459025668712,4.416912730637829,4.261398383712,4.3856611251831055,25014000
2014-04-16,4.42435494257608,4.42435494257608,4.323902719242884,4.413193702697754,17916000
2014-04-17,4.41542721052343,4.588055885004595,4.384175587018837,4.530761241912842,19092000
2014-04-21,4.536713067227284,4.626747743648603,4.525551470999183,4.605169296264648,12560000
2014-04-22,4.584334433620767,4.7465462225714985,4.584334433620767,4.720502853393555,22830000
2014-04-23,4.760681895572327,4.807559659407567,4.7458001277341975,4.8068156242370605,26984000
2014-04-24,4.868574866225402,4.872295041856581,4.727941937896814,4.864854335784912,27519000
2014-04-25,4.8254186639153795,4.838812008660364,4.62749073097651,4.638652324676514,19266000
2014-04-28,4.681065298506705,4.681809333811223,4.488346317070042,4.522574424743652,30708000
2014-04-29,4.537455021108655,4.579868215775529,4.465278293106561,4.532990455627441,21656000
2014-04-30,4.546386199280456,4.737617146733532,4.492067708743938,4.7249674797058105,25375000
2014-05-01,4.681808508227364,4.8291381168239464,4.656509538287952,4.724221706390381,18863000
2014-05-02,4.81574592290203,4.83583629661154,4.701155963451439,4.782261848449707,13407000
2014-05-05,4.752498642325255,4.795655889015074,4.689251020502313,4.780774116516113,13529000
2014-05-06,5.054597200636197,5.065758437303142,4.929590072652873,5.010695934295654,127802000
2014-05-07,5.041204836292846,5.105196487472541,4.937032438643712,4.9712605476379395,560280000
2014-05-08,4.97126048160133,5.129007324050729,4.963819418749103,5.056086540222168,53700000
2014-05-09,5.05385414271756,5.101475952101708,4.96158737489871,5.015905857086182,38700000
2014-05-12,5.054597858927681,5.147609004487378,5.015905188313148,5.143888473510742,27394000
2014-05-13,5.154305964006166,5.159514565740348,5.101475556579994,5.116357326507568,23021000
2014-05-14,5.099988369987303,5.178861799755149,5.026323542856423,5.0977559089660645,30243000
2014-05-15,5.109661328809103,5.130495738496421,4.993583295163587,5.054598808288574,32093000
2014-05-16,5.0665052726823205,5.129008871219538,5.009210277789078,5.095524787902832,52044000
2014-05-19,5.141656218631135,5.164723085837548,5.070223866031639,5.083617210388184,37789000
2014-05-20,5.086594349441804,5.08808242015639,4.979445452184383,5.024090766906738,29085000
2014-05-21,5.024089809921361,5.092546017084696,5.0129285720691135,5.090313911437988,16896000
2014-05-22,5.091802191033753,5.150585233190709,5.05087741402147,5.1104044914245605,15679000
2014-05-23,5.143144890156153,5.254013955487846,5.114125384645587,5.249549388885498,32017000
2014-05-27,5.285265941327299,5.303867888295188,5.232435532011194,5.277824878692627,31637000
2014-05-28,5.249551041995664,5.264432817086706,5.196720971048645,5.216067314147949,34927000
2014-05-29,5.244338651032998,5.271870074732719,5.194484758222584,5.2674055099487305,27566000
2014-05-30,5.346281680133589,5.357442920500331,5.16472391868578,5.258479118347168,38938000
2014-06-02,5.298660519393251,5.357443579610498,5.253271162149542,5.3306565284729,26599000
2014-06-03,5.307590124300792,5.363397047556675,5.271129899146937,5.316519260406494,22308000
2014-06-04,5.302379538157113,5.347024847183312,5.293450405389998,5.328422546386719,19379000
2014-06-05,5.320981266123965,5.357441473720292,5.300146861783206,5.347768306732178,27288000
2014-06-06,5.378277555668033,5.383486158034288,5.300892200730039,5.329911708831787,15866000
2014-06-09,5.34851297509394,5.3946463520794525,5.318005047367905,5.341815948486328,17420000
2014-06-10,5.338839698692113,5.376043942648096,5.320237399309448,5.347024440765381,16409000
2014-06-11,5.332887968783088,5.386462419175948,5.3090774173279796,5.338840961456299,24943000
2014-06-12,5.308332858713324,5.360419236689995,5.297915654079874,5.339584827423096,13604000
2014-06-13,5.370835862349976,5.390926234092957,5.276336640668289,5.3142852783203125,13508000
2014-06-16,5.31800539251901,5.352977533840752,5.253269711569854,5.274104118347168,15668000
2014-06-17,5.274104671489954,5.351060847309625,5.274104671489954,5.340600490570068,13817000
2014-06-18,5.348072671189937,5.370487214690496,5.271116487482944,5.321175575256348,13833000
2014-06-19,5.31444909222365,5.328644905209142,5.255424564884104,5.299506187438965,12734000
2014-06-20,5.316692888011885,5.375717439376974,5.295025435680985,5.347325801849365,21834000
2014-06-23,5.350313692763058,5.3764640516469555,5.2890478705558905,5.322669506072998,13349000
2014-06-24,5.3630155011088565,5.40186713841653,5.2770938575556325,5.2800822257995605,15304000
2014-06-25,5.273358649087856,5.357039026107846,5.234507007299955,5.351809024810791,12827000
2014-06-26,5.358533104099474,5.36974019861839,5.258415633027319,5.301750183105469,8126000
2014-06-27,5.2853114371509875,5.317438884844627,5.248701437760911,5.3002543449401855,16935000
2014-06-30,5.298759603148336,5.384681224822998,5.298759603148336,5.384681224822998,17773000
2014-07-01,5.415315701209017,5.538594794234849,5.405602792174646,5.531123161315918,21429000
2014-07-02,5.497502499612069,5.57371160131072,5.497502499612069,5.552791595458984,16081000
2014-07-03,5.5789403831703455,5.631240742633516,5.559514565906915,5.617044925689697,7994000
2014-07-07,5.635722796179628,5.644688255176998,5.561007906487895,5.568479537963867,19066000
2014-07-08,5.553538051683869,5.566239329667778,5.386924403585792,5.483306407928467,19169000
2014-07-09,5.5034787130363485,5.546065807342529,5.460891262463119,5.546065807342529,9798000
2014-07-10,5.384682942277935,5.49451367644914,5.383188758059869,5.465374946594238,15479000
2014-07-11,5.474340489659422,5.490030491962883,5.42951175896364,5.469110488891602,12517000
2014-07-14,5.571468613868502,5.596124430846628,5.484799886583992,5.531869888305664,12242000
2014-07-15,5.529628700200247,5.557273241841386,5.431005430720684,5.485547065734863,14556000
2014-07-16,5.462385031175194,5.557272833680352,5.435487939777645,5.502730846405029,15180000
2014-07-17,5.473592170841078,5.50422507651099,5.354048559510809,5.3719801902771,17816000
2014-07-18,5.434741765878425,5.62302250626708,5.425028856403332,5.6035966873168945,33949000
2014-07-21,5.56773205923558,5.640952403784729,5.565490427441733,5.634974956512451,15368000
2014-07-22,5.6469305921062105,5.711185134499911,5.626010591388969,5.632734775543213,23997000
2014-07-23,5.655897826835241,5.656644919010058,5.498249977400585,5.5012383460998535,24450000
2014-07-24,5.506467124559217,5.520662941529133,5.399625485680986,5.4175567626953125,20676000
2014-07-25,5.400373269449889,5.401867453659051,5.208356704155832,5.22404670715332,36838000
2014-07-28,5.231517084443407,5.286058717632609,5.16576835907935,5.26812744140625,31813000
2014-07-29,5.259907128819017,5.31743746880722,5.218067140658091,5.221055507659912,19111000
2014-07-30,5.30100162595476,5.3077261662733015,5.209102900093699,5.26812744140625,17545000
2014-07-31,5.230771048760443,5.252438501776624,5.140366488595341,5.183701038360596,18476000
2014-08-01,5.224046331510938,5.283070878733746,5.133641424282505,5.262897968292236,19141000
2014-08-04,5.253932331692266,5.349566886563075,5.224793603104978,5.330141067504883,15452000
2014-08-05,5.291289360527441,5.336118447206849,5.218069350240928,5.238989353179932,15388000
2014-08-06,5.21508133130358,5.302497527755158,5.212092606364887,5.2516913414001465,10354000
2014-08-07,5.296519471229336,5.296519471229336,5.188930380736049,5.202378749847412,11222000
2014-08-08,5.209850875176164,5.267381242288414,5.179217961363316,5.26215124130249,12822000
2014-08-11,5.268127101025215,5.338358729974856,5.268127101025215,5.291288375854492,14173000
2014-08-12,5.29652016113989,5.333877261478805,5.264392705706656,5.315945625305176,9421000
2014-08-13,5.351809132726532,5.389166234706329,5.310715857401493,5.377212047576904,10836000
2014-08-14,5.430258980216096,5.5460664482017155,5.430258980216096,5.516927719116211,18997000
2014-08-15,5.569227634832687,5.595377637183398,5.485547271043348,5.587906360626221,21143000
2014-08-18,5.6267584127907435,5.6334825978166645,5.5550322286902,5.631241321563721,12531000
2014-08-19,5.646930665062061,5.724633933035184,5.635723572571183,5.649919033050537,18734000
2014-08-20,5.653654309852311,5.715667571167718,5.6514130340748086,5.706701755523682,11375000
2014-08-21,5.6880234668073255,5.726128008071709,5.659631833854764,5.698483467102051,15550000
2014-08-22,5.716416219866426,5.716416219866426,5.641701662930519,5.6940016746521,15837000
2014-08-25,5.753026313364698,5.768716673380904,5.63497720477566,5.66112756729126,17100000
2014-08-26,5.667852328468519,5.689519427808262,5.623770681305636,5.675323963165283,13544000
2014-08-27,5.678310637985499,5.7164151797833025,5.641700636441463,5.69026517868042,13434000
2014-08-28,5.643944011183085,5.714923120952465,5.599862360779105,5.705210208892822,18587000
2014-08-29,6.1131492116878325,6.335798276904277,5.715667457425878,6.133321762084961,62934000
2014-09-02,6.199069510333786,6.361200177101317,6.156482074126559,6.352234363555908,41604000
2014-09-03,6.370914848481617,6.4396522925180575,6.313384139456477,6.379879951477051,32681000
2014-09-04,6.3903418300875465,6.518850926093481,6.385858565237283,6.4321818351745605,28061000
2014-09-05,6.452352883351034,6.5793677656049825,6.444134516422666,6.565919399261475,26594000
2014-09-08,6.580116900523509,6.699660182104604,6.539023630279697,6.589082717895508,28949000
2014-09-09,6.603276944824914,6.657818571716691,6.57189623531768,6.605517864227295,21896000
2014-09-10,6.595806791872817,6.657072615772729,6.553966786529867,6.649600982666016,18855000
2014-09-11,6.642877699219256,6.6578209674602515,6.561438597388025,6.654831886291504,17888000
2014-09-12,6.650347825006817,6.654830376941901,6.530057108072644,6.563678741455078,18244000
2014-09-15,6.585345565692056,6.592817197409079,6.445629045226614,6.478503227233887,15998000
2014-09-16,6.453102645119046,6.595060128368952,6.400802632216591,6.568910121917725,21146000
2014-09-17,6.596656085177065,6.631150725734265,6.55166394635638,6.579409122467041,15653000
2014-09-18,6.612402192048544,6.713635558526729,6.601154516975648,6.71288537979126,18165000
2014-09-19,6.758624812153204,6.8148660241256085,6.66639076921377,6.681387901306152,41834000
2014-09-22,6.646894844511145,6.686637857490203,6.4804224377504855,6.537413120269775,23869000
2014-09-23,6.524666246676391,6.595154433793174,6.477423585625706,6.565908908843994,20829000
2014-09-24,6.575659366536383,6.677642210798431,6.550163297902311,6.675393104553223,14503000
2014-09-25,6.661893531631646,6.661893531631646,6.431681642622406,6.483423233032227,17940000
2014-09-26,6.490173943144067,6.573410191098342,6.483425193471027,6.561412334442139,9834000
2014-09-29,6.479675177356694,6.547164098613997,6.4541798235256405,6.532166957855225,9826000
2014-09-30,6.569656628783666,6.592902863819191,6.4639243761605405,6.523914337158203,14885000
2014-10-01,6.53291523230881,6.53291523230881,6.361943854014684,6.414434909820557,22257000
2014-10-02,6.379942046030609,6.403937756896534,6.061994228665839,6.239715099334717,34278000
2014-10-03,6.270459931339933,6.332699026474409,6.227716903256923,6.259211540222168,20650000
2014-10-06,6.304202515998777,6.337197504493106,6.189471665200693,6.214967727661133,19536000
2014-10-07,6.180474151413232,6.19997093334544,6.071742565919389,6.076241493225098,15266000
2014-10-08,6.073992264886687,6.280957934662025,5.94651300610702,6.246463298797607,27681000
2014-10-09,6.2179669834126585,6.2464623301007745,6.042495976766494,6.043996334075928,18880000
2014-10-10,5.830282825384553,5.832532289119355,5.155394718052997,5.351112365722656,105981000
2014-10-13,5.309118899780933,5.408852271879453,5.159143931028913,5.177140712738037,65240000
2014-10-14,5.403601624676731,5.467341057609188,5.178639235710791,5.400602340698242,69034000
2014-10-15,5.268626087056378,5.50783623369812,5.2386310910681075,5.440347671508789,31955000
2014-10-16,5.29937059701546,5.705803376955331,5.2866229211223486,5.6690592765808105,33985000
2014-10-17,5.805535409291445,5.976506765492351,5.76129274936161,5.7852888107299805,41607000
2014-10-20,5.749294985161189,5.853527985368754,5.684055900569602,5.848278522491455,14370000
2014-10-21,5.923267342330949,6.18347426056985,5.921017521069848,6.1774749755859375,24112000
2014-10-22,6.184972852204428,6.223216231460201,6.053744504750129,6.063493251800537,17307000
2014-10-23,6.1594777912047745,6.216468495159794,6.082991020251541,6.102487087249756,18205000
2014-10-24,6.126482685716672,6.179723918796415,6.0567439576280435,6.137731075286865,11269000
2014-10-27,6.112234148077978,6.1459785968839675,6.008001517586507,6.116733074188232,14977000
2014-10-28,6.160978868683486,6.3169531620956745,6.1174863669299695,6.313953876495361,18230000
2014-10-29,6.341697259673127,6.3844402854869955,6.2659599561906605,6.364943504333496,14214000
2014-10-30,6.2869556553853325,6.341696529032142,6.0874889397053265,6.178224086761475,19976000
2014-10-31,6.38218917469203,6.5929042612939766,6.336446873370733,6.46767520904541,25461000
2014-11-03,6.481925197709356,6.589907332007763,6.455679664223137,6.47442626953125,15941000
2014-11-04,6.441430760481508,6.490922532815793,6.363443638604816,6.400937557220459,18288000
2014-11-05,6.433182249533871,6.508169370222341,6.359694056002987,6.502170085906982,14789000
2014-11-06,6.481921735579037,6.590653275537168,6.474422811406264,6.5711565017700195,17114000
2014-11-07,6.5869053869375485,6.593654133517776,6.354443713246524,6.37693977355957,19751000
2014-11-10,6.367942027640412,6.454927711242216,6.261460280353384,6.4421796798706055,14364000
2014-11-11,6.436928688717185,6.47067313122051,6.402434782903906,6.460925102233887,7927000
2014-11-12,6.442180516251761,6.545663707718812,6.4196844501168995,6.5276665687561035,10396000
2014-11-13,6.529166182645322,6.626650088986911,6.488672977724515,6.557661533355713,12281000
2014-11-14,6.565910617304372,6.677642210798431,6.4721761645947025,6.675393104553223,12955000
2014-11-17,6.657395226296543,6.677641471083365,6.568159711099466,6.6378984451293945,11200000
2014-11-18,6.625150150936828,6.881607580748169,6.624399972209698,6.854611873626709,20025000
2014-11-19,6.862111097405391,6.898854838748062,6.681390960319317,6.692639350891113,18763000
2014-11-20,6.661895238263935,6.817869513000327,6.6004055999965985,6.743631839752197,15121000
2014-11-21,6.876359527310146,6.878609348698795,6.707637225903899,6.764627933502197,17461000
2014-11-24,6.790122703108547,6.850112684322897,6.777374671194675,6.834365367889404,11876000
2014-11-25,6.88685654806109,6.940847246082253,6.829116386753636,6.8351149559021,25923000
2014-11-26,6.867359615111511,7.038330989363989,6.867359615111511,7.032332420349121,16143000
2014-11-28,7.058578464975424,7.081074530703951,6.949096705923013,7.003837585449219,8700000
2014-12-01,6.977590860144733,7.000837100638724,6.750378275283165,6.820116996765137,17168000
2014-12-02,6.8006219367683345,6.929600487289186,6.727883912701484,6.913853168487549,19794000
2014-12-03,6.976091787928671,7.162060296798898,6.976091787928671,7.1335649490356445,31727000
2014-12-04,7.614983909893437,7.78220650618117,7.462009700310902,7.7289652824401855,61855000
2014-12-05,7.786708075259476,7.8736937761815655,7.628484707451598,7.797956466674805,29596000
2014-12-08,7.798705894855028,7.811453928706954,7.473259875478711,7.551997184753418,34818000
2014-12-09,7.49050701974533,7.7259680368908645,7.292539922679257,7.696722507476807,22903000
2014-12-10,7.648729404262219,7.761211150216297,7.436514658818319,7.442513942718506,22194000
2014-12-11,7.5047525351971425,7.708718143086705,7.4875048649340386,7.53999662399292,15685000
2014-12-12,7.422266601786035,7.587239391578907,7.41101892836767,7.4387640953063965,13177000
2014-12-15,7.49650746910686,7.562496756388815,7.29179157242174,7.364529609680176,16749000
2014-12-16,7.330030926619643,7.474757457577286,7.1995527818481095,7.29853630065918,22113000
2014-12-17,7.324877847120027,7.51452833446112,7.187155683014553,7.4498066902160645,27875000
2014-12-18,7.59355040555777,7.6763341444022615,7.5258179293586736,7.649993896484375,33281000
2014-12-19,7.656766593545748,7.702673982864873,7.4844253032237535,7.537106513977051,65173000
2014-12-22,7.601077795203236,7.646232309170921,7.525819314966348,7.631933212280273,15924000
2014-12-23,7.701918375988166,7.713959523632207,7.56871143073939,7.584515571594238,13011000
2014-12-24,7.595053330360204,7.618383462750713,7.546888011508463,7.580001354217529,6358000
2014-12-26,7.598817585601991,7.625910716524925,7.5416212151150805,7.572477340698242,5761000
2014-12-29,7.572478879949603,7.630427430517005,7.464859220401297,7.622901439666748,13677000
2014-12-30,7.606345473984847,7.671820018440462,7.570974176609032,7.589788436889648,11730000
2014-12-31,7.6086004352753065,7.753849294916542,7.558177888208286,7.570219039916992,15121000
2015-01-02,7.595810100761336,7.692140070010361,7.460345117071207,7.5325927734375,13500000
2015-01-05,7.531086441229086,7.587529935620408,7.405405411895857,7.4121785163879395,15596000
2015-01-06,7.446796833823832,7.456580046423499,7.163072902665117,7.2435994148254395,22194000
2015-01-07,7.30380415223695,7.479908396399384,7.264669875756409,7.439269065856934,30907000
2015-01-08,7.565705480555206,7.849428721552169,7.552911440151748,7.811046600341797,33265000
2015-01-09,7.862223464693963,7.962317147576716,7.719986093144181,7.894584655761719,23432000
2015-01-12,7.907379752314955,7.950277050696034,7.730523225008602,7.763636589050293,18692000
2015-01-13,7.8102932981497935,8.08122245941436,7.656014102714962,7.7199835777282715,24337000
2015-01-14,7.609353105647567,7.788467475107513,7.526569382563356,7.780941486358643,20984000
2015-01-15,7.793737093016859,7.942748255203651,7.604838756603694,7.625158786773682,18372000
2015-01-16,7.577745134185483,7.820076096847322,7.549146949906253,7.813302993774414,15375000
2015-01-20,7.803521672095631,7.920171660009751,7.719985039289792,7.892326354980469,12840000
2015-01-21,7.851684572564402,8.043592991928852,7.835128257493365,7.930706024169922,16451000
2015-01-22,7.9758612226350865,8.014243340499814,7.6402103985749195,7.917160511016846,20639000
2015-01-23,7.9043656514558664,8.090253132870956,7.8456642282114455,8.051118850708008,15088000
2015-01-26,8.033055978327383,8.057138997612867,7.873508756717357,8.032303810119629,9611000
2015-01-27,7.907377532268595,7.9758621825440565,7.73804632770467,7.886305332183838,15242000
2015-01-28,8.061654466444105,8.153469231522951,7.891571141718443,7.902107238769531,23302000
2015-01-29,7.874263648597304,8.022521925399747,7.696654296706942,8.017253875732422,15842000
2015-01-30,7.923934655215262,8.03230648377854,7.722995148325229,7.742562294006348,16938000
2015-02-02,7.770406912780651,7.788469002232352,7.462601376863844,7.707942485809326,21581000
2015-02-03,7.713962557100327,7.805777330853388,7.628168000677916,7.766643047332764,15390000
2015-02-04,7.746323138614826,7.923179569097248,7.7101989665512685,7.887055397033691,16658000
2015-02-05,7.8825409496873915,7.993922866700338,7.808035376333629,7.992417812347412,16585000
2015-02-06,7.997687062375672,8.060904378716286,7.8464179525652336,7.882542133331299,10682000
2015-02-09,7.823090772586403,7.853194025948216,7.662790571632705,7.694398880004883,20346000
2015-02-10,7.754603238021187,8.087244705558723,7.743314251994234,8.055636405944824,20398000
2015-02-11,8.036816804951526,8.150456615117914,8.002198416069941,8.123363494873047,17169000
2015-02-12,8.188089707863455,8.281409542622335,8.162501629224877,8.25582218170166,21072000
2015-02-13,8.27839722114118,8.293449196956846,8.13465415360303,8.28968620300293,14614000
2015-02-17,8.293450476205713,8.379997197342332,8.209913863609447,8.343873023986816,15312000
2015-02-18,8.302480817598155,8.322800844578689,8.224965139653168,8.278398513793945,16681000
2015-02-19,8.278400747529304,8.361184496626112,8.252060496349321,8.3461332321167,13196000
2015-02-20,8.386017514169374,8.440955943132286,8.31301699831387,8.433430671691895,19283000
2015-02-23,8.504175530041572,8.521484735577541,8.425906944309155,8.492886543273926,23854000
2015-02-24,8.54180324640989,8.549328518529595,8.399565196437965,8.517720222473145,23213000
2015-02-25,8.526000161749336,8.571907557135667,8.452246744034486,8.48009204864502,38216000
2015-02-26,9.27481884116562,9.77528573471566,9.260519746051735,9.727120399475098,89263000
2015-02-27,9.685722189148601,9.685722189148601,9.493061684845017,9.604443550109863,33825000
2015-03-02,9.573590542872672,9.849035546911836,9.573590542872672,9.709808349609375,27893000
2015-03-03,9.651107708321009,9.703788196110144,9.600684443067252,9.649601936340332,18682000
2015-03-04,9.609717899100437,9.77453322460807,9.359860885788196,9.738409042358398,36143000
2015-03-05,9.735396331220835,9.89945944442003,9.691746887433114,9.826458930969238,21688000
2015-03-06,9.78356431854528,9.820440669438657,9.595418850880947,9.62476921081543,22329000
2015-03-09,9.61724437880399,9.67745087380135,9.55252200193691,9.566821098327637,17835000
2015-03-10,9.461458141152539,9.55252075800804,9.37039624201498,9.416303634643555,17688000
2015-03-11,9.429851552633847,9.517904076410314,9.371150109355561,9.381686210632324,17742000
2015-03-12,9.24772604890031,9.498335948055988,9.14763237938651,9.491562843322754,22305000
2015-03-13,9.460707638577006,9.538976229206455,9.327500600800121,9.40727424621582,18414000
2015-03-16,9.548003329587619,9.817427403364732,9.535209292615,9.773777961730957,23077000
2015-03-17,9.694004767011052,9.75345907862747,9.595416889387666,9.715829849243164,19006000
2015-03-18,9.7113026955777,9.909061290832202,9.6380866584189,9.845657348632812,21250000
2015-03-19,9.850186884716884,10.035113675844793,9.813956059414336,9.966426849365234,24461000
2015-03-20,10.071343913967944,10.1279540353251,9.978502969420568,10.060776710510254,55522000
2015-03-23,10.189846092687722,10.28646112551025,10.106062867633856,10.147577285766602,23849000
2015-03-24,10.187584242563869,10.21777635850881,10.029830562722994,10.047945976257324,25819000
2015-03-25,10.010204502365085,10.063795627987448,9.389755619133844,9.392020225524902,48853000
2015-03-26,9.077269101105596,9.445613234742222,8.82818394352011,9.413156509399414,45058000
2015-03-27,9.434288632293702,9.736964852781185,9.423721429373328,9.677335739135742,24297000
2015-03-30,9.799616649770748,9.880380913557447,9.684131771539157,9.853962898254395,19523000
2015-03-31,9.760365594886006,9.774706904225106,9.56562669521602,9.58449649810791,16402000
2015-04-01,9.560341643550421,9.58298554755543,9.330126340016532,9.482596397399902,21830000
2015-04-02,9.518827698231222,9.579211925171514,9.407116950375359,9.436553955078125,14508000
2015-04-06,9.312012107582941,9.565626455953502,9.24634427377054,9.49769401550293,14227000
2015-04-07,9.549018541404116,9.598835557994583,9.465235311698635,9.484105110168457,16132000
2015-04-08,9.470519200185407,9.62147975203402,9.45768739131502,9.57015323638916,13607000
2015-04-09,9.498446389185917,9.65695514332718,9.484105083248357,9.602609634399414,13961000
2015-04-10,9.628274182563947,9.659221405903757,9.51580904177166,9.572419166564941,11669000
2015-04-13,9.604875092977336,9.621480286709602,9.442592220783093,9.461462020874023,10483000
2015-04-14,9.439573756088972,9.460708885174927,9.219171236963108,9.358055114746094,16047000
2015-04-15,9.417683683256673,9.533168529502182,9.408625977684796,9.502976417541504,16893000
2015-04-16,9.440327445958635,9.522601183766888,9.419947428767793,9.459952354431152,15456000
2015-04-17,9.336165706167083,9.380699128412694,9.128594292057205,9.197281837463379,26817000
2015-04-20,9.246344364860912,9.345978419880145,9.223700457766585,9.286349296569824,13295000
2015-04-21,9.38371753275508,9.438818155463457,9.279554277870526,9.291631698608398,20616000
2015-04-22,9.352770597762134,9.661485548015449,9.265213253837985,9.653937339782715,22580000
2015-04-23,9.451652062184955,9.469766757637492,9.250119326804597,9.364849090576172,28053000
2015-04-24,9.33918339516721,9.33918339516721,8.745907680794991,9.019901275634766,55059000
2015-04-27,9.057640740775136,9.20407278369584,8.96102571041131,9.068963050842285,27320000
2015-04-28,9.086323270254297,9.133121287648418,8.647027865204041,8.865165710449219,31023000
2015-04-29,8.757229602505257,8.870449829447159,8.661369675991605,8.833464622497559,20903000
2015-04-30,8.80780224713862,8.977633331313061,8.77534624780298,8.8221435546875,21339000
2015-05-01,8.900643576126111,9.316540793163698,8.897624580670762,9.268987655639648,25334000
2015-05-04,9.271251828013892,9.348241967214411,9.12255587116744,9.1451997756958,14207000
2015-05-05,9.065191734404792,9.1082156620829,8.80327478365698,8.815351486206055,22090000
2015-05-06,8.894607236611815,8.93461145325122,8.709679693820291,8.814598083496094,14475000
2015-05-07,9.057640688567176,9.332389364652148,9.057640688567176,9.244832038879395,23542000
2015-05-08,9.299177665750731,9.42975890744694,9.263701957748072,9.308990478515625,14846000
2015-05-11,9.327108199616154,9.348996996897888,9.253892159458312,9.269742965698242,12418000
2015-05-12,9.21011358267481,9.32786305187999,9.155768061415328,9.28031063079834,10264000
2015-05-13,9.331635084615247,9.422966521831363,9.232001051229181,9.29389476776123,11857000
2015-05-14,9.370129771842063,9.712810898017043,9.332390174899064,9.581475257873535,23279000
2015-05-15,9.64563341971827,9.774704451546693,9.55354687554956,9.651671409606934,22627000
2015-05-18,9.657712701764442,9.842639508531617,9.607140563822481,9.826033592224121,17984000
2015-05-19,9.877360238122698,9.952085777205145,9.755836668553222,9.772441864013672,16053000
2015-05-20,9.807914775144289,9.893207487887604,9.669785339936677,9.74526596069336,18721000
2015-05-21,9.775459965183456,9.814709780432466,9.649407923077224,9.781497955322266,21309000
2015-05-22,9.798856896818945,10.101533043304663,9.798856896818945,10.011711120605469,22856000
2015-05-26,10.141538857881871,10.154370666006841,9.860752175771067,9.910569190979004,26781000
2015-05-27,9.970201223592554,10.931066819759794,9.934725503560676,10.679717063903809,114248000
2015-05-28,10.945404689580737,10.980125289833056,10.265326791446967,10.746891021728516,249123000
2015-05-29,10.87822859348147,11.264688076397748,10.877474204553597,11.176376342773438,118244000
2015-06-01,11.189209456086651,11.359794952432786,10.955975119265885,11.066930770874023,83579000
2015-06-02,11.051076907299018,11.070701813833507,10.804256438085366,10.881246566772461,41264000
2015-06-03,11.020130455881603,11.020130455881603,10.779347975468141,10.7982177734375,30450000
2015-06-04,10.755195866273084,10.826902407661125,10.603480905849779,10.65782642364502,28017000
2015-06-05,10.640465060340118,10.872189856397727,10.515167402584849,10.854828834533691,38593000
2015-06-08,10.836713728589592,10.851809423737063,10.380812361716337,10.46384048461914,54422000
2015-06-09,10.487996433015116,10.622351094580274,10.303824025219447,10.583101272583008,44071000
2015-06-10,10.561966357450823,10.867661601150473,10.555173257784036,10.783123970031738,42617000
2015-06-11,10.731795261794986,10.813313880861283,10.644237933234779,10.717453956604004,31517000
2015-06-12,10.664620669318946,10.678961979137549,10.558193508983122,10.602726936340332,19145000
2015-06-15,10.50384839618905,10.870683034541525,10.492526081730395,10.802750587463379,34565000
2015-06-16,10.771045073913815,10.830674180880903,10.671410326365791,10.717453956604004,20998000
2015-06-17,10.710642425638456,10.786336302474117,10.556227869762514,10.649331092834473,25429000
2015-06-18,10.652359775060853,10.880954470588385,10.652359775060853,10.82418441772461,25298000
2015-06-19,10.824941182556017,10.893065536280451,10.718213365260594,10.815857887268066,26881000
2015-06-22,10.911985629697877,10.986165006948283,10.748487092411226,10.845375061035156,22846000
2015-06-23,10.896849442854679,10.896849442854679,10.662199711733372,10.721240043640137,21497000
2015-06-24,10.7530334483454,10.765144268853902,10.584236315844691,10.594833374023438,22402000
2015-06-25,10.606944860738432,10.676582985374242,10.508543806289792,10.53882122039795,17538000
2015-06-26,10.510054271243396,10.52443609257284,10.199710693535742,10.229988098144531,71798000
2015-06-29,10.05589285950222,10.234529769992498,9.918887652620528,9.992310523986816,40473000
2015-06-30,10.127803076583136,10.171705067068814,10.000637669773406,10.061949729919434,28695000
2015-07-01,10.173976897003968,10.423009202296269,10.167164605739371,10.25648307800293,43059000
2015-07-02,10.264049176456359,10.426789757743894,10.245125349420466,10.418463706970215,32797000
2015-07-06,10.306437681156291,10.416192993541431,10.133099318777427,10.15807819366455,30188000
2015-07-07,10.139156610739331,10.177002827809115,9.549503337726845,10.055136680603027,59268000
2015-07-08,9.847737743532578,9.941597503463754,9.602490202872406,9.69256591796875,51371000
2015-07-09,9.853790283522192,9.943108733784593,9.364809810897931,9.43747615814209,73469000
2015-07-10,9.583562343306873,9.902231890187887,9.575235571932375,9.828052520751953,50948000
2015-07-13,9.944618634764112,9.944618634764112,9.723593598738796,9.778093338012695,25304000
2015-07-14,9.79096955712002,10.027890367540781,9.727386474943474,10.014265060424805,26289000
2015-07-15,9.966574082741246,10.104336527117445,9.902234507362758,9.970358848571777,23100000
2015-07-16,10.114934260176257,10.201225194403342,9.907533698741537,10.195926666259766,33977000
2015-07-17,10.215609301744383,10.218636826540658,9.988528339002716,10.117207527160645,29000000
2015-07-20,10.184572978553533,10.265565389492382,10.124018161319567,10.191385269165039,23563000
2015-07-21,10.22620640427079,10.323093695001543,10.153540033884621,10.181547164916992,31532000
2015-07-22,9.616111741676809,9.84016435667347,9.490460135001147,9.80912971496582,61346000
2015-07-23,9.929484088528975,10.218633548047967,9.87801257415375,9.98928165435791,30608000
2015-07-24,10.10585289123213,10.131589016758431,9.714516810407362,9.725113868713379,36311000
2015-07-27,9.639576788824174,9.650931085268352,9.393572807495296,9.43520450592041,34893000
2015-07-28,9.505598609159952,9.806102330943888,9.34967032222273,9.720568656921387,27869000
2015-07-29,9.716785690430378,9.773555736353583,9.495760554805457,9.732681274414062,33407000
2015-07-30,9.517714835251246,9.74857985590844,9.466999821801998,9.6622896194458,39169000
2015-07-31,9.714512082768591,9.714512082768591,9.45866832371406,9.47229290008545,30593000
2015-08-03,9.56918614272011,9.650177847643743,9.40417376423857,9.522255897521973,27273000
2015-08-04,9.50333192157954,9.50333192157954,8.989372441265417,9.3458890914917,47467000
2015-08-05,9.310311798250924,9.513927597610042,9.158924761261138,9.44277572631836,34158000
2015-08-06,9.464726246604267,9.491976129498722,9.12864724505395,9.330748558044434,46052000
2015-08-07,9.160435013886373,9.38448759842016,9.145295955052168,9.276246070861816,30527000
2015-08-10,9.347400783722597,9.643362544812915,9.31031108881361,9.634279251098633,28907000
2015-08-11,9.510142579472104,9.55480180834108,9.304255781498943,9.401900291442871,26744000
2015-08-12,9.203586081380378,9.588866412621579,9.130163189345707,9.51695728302002,27205000
2015-08-13,9.508626207599875,9.599458402456447,9.38675937270584,9.400383949279785,14571000
2015-08-14,9.386002890843988,9.423849822232508,9.17179008211697,9.231588363647461,26496000
2015-08-17,9.183147315478688,9.501060485839844,9.143786609743673,9.501060485839844,21293000
2015-08-18,9.519983854944408,9.519983854944408,9.21796698459047,9.252785682678223,19502000
2015-08-19,9.202827257075416,9.293659484280717,9.030246097572382,9.192987442016602,30891000
2015-08-20,9.089283851802534,9.131672064726509,8.70703125,8.70703125,41756000
2015-08-21,8.534453370126514,8.741853967466767,8.426969026587576,8.436052322387695,56472000
2015-08-24,7.651865066149442,8.705519974932738,7.569358898234696,8.32175350189209,69040000
2015-08-25,8.638910661159132,8.70476401240348,8.190047300671521,8.213512420654297,43921000
2015-08-26,8.523098501914106,8.836469633046857,8.415613452771252,8.795595169067383,59354000
2015-08-27,9.121078325045124,9.613086402889188,9.11199503013729,9.557073593139648,91882000
2015-08-28,9.501814857197074,9.667583683312921,9.438231809212377,9.660014152526855,36322000
2015-08-31,9.585835238489276,9.691806517020282,9.461698094438058,9.535120964050293,30087000
2015-09-01,9.198281852331736,9.463208882600659,8.939409868043327,9.035540580749512,49749000
2015-09-02,9.245972331239694,9.391303599792751,9.095341812503113,9.389033317565918,36700000
2015-09-03,9.491975750555733,9.605515841944344,9.326206899505433,9.368595123291016,29954000
2015-09-04,9.177088930923018,9.371621399897402,9.132429709130372,9.170276641845703,24923000
2015-09-08,9.491974561272665,9.78945005431087,9.448072580976845,9.776582717895508,35477000
2015-09-09,9.853792080974705,9.97565896134771,9.560101280190937,9.625954627990723,31502000
2015-09-10,9.72965392315296,9.776584155864034,9.446559486712966,9.743278503417969,36224000
2015-09-11,9.70088992287878,9.932512110109887,9.608543944758061,9.921915054321289,39606000
2015-09-14,10.029402739943512,10.122505984536735,9.88558520695601,9.930244445800781,34643000
2015-09-15,10.001395087702273,10.214850717065119,9.915861387550178,10.17170524597168,30804000
2015-09-16,10.166386755003272,10.166386755003272,9.89075768967411,9.984152793884277,27317000
2015-09-17,9.985671520858714,10.103364199482193,9.886202383573943,9.917333602905273,19918000
2015-09-18,9.760158126218695,9.83229268523768,9.612851992264186,9.688023567199707,44021000
2015-09-21,9.747250078105052,9.823940163797694,9.583998518430514,9.66296672821045,16515000
2015-09-22,9.490605425123418,9.555146736370009,9.39265475803323,9.468585968017578,22483000
2015-09-23,9.477696836998717,9.703970488735477,9.401006018102853,9.532366752624512,21879000
2015-09-24,9.423028945922852,9.517942614957745,9.069949981251634,9.423028945922852,44995000
2015-09-25,9.564258441940282,9.789773221568003,9.506551504830421,9.62348461151123,35087000
2015-09-28,9.564257162664632,9.732064982737208,9.173213441515077,9.176250457763672,39887000
2015-09-29,9.256735076225299,9.300015806525867,8.964400966840842,9.086649894714355,47991000
2015-09-30,9.247627543375087,9.508829828526515,9.18764247588295,9.492125511169434,43955000
2015-10-01,9.347852547901669,9.483768777010821,9.073741965829358,9.274199485778809,45674000
2015-10-02,9.110950418557817,9.366838251731345,8.97579376871811,9.3645601272583,35207000
2015-10-05,9.41239947203973,9.481497051942767,9.184606501909066,9.20434856414795,39085000
2015-10-06,9.16941677999858,9.18839921769235,8.468574231444846,8.892269134521484,115846000
2015-10-07,9.009204631941772,9.076783692313443,8.794320106759479,9.008445739746094,37284000
2015-10-08,8.923401064171316,8.956810417831985,8.64017863977426,8.86037826538086,41409000
2015-10-09,8.850509023263275,8.965923633466474,8.773059297544199,8.877084732055664,34479000
2015-10-12,8.92871513402569,8.958328575603181,8.789761871013999,8.935548782348633,24184000
2015-10-13,8.833800565139633,8.858857755757647,8.596137062275856,8.612082481384277,32475000
2015-10-14,8.580190480223516,8.941621379293643,8.533113121160307,8.918842315673828,33530000
2015-10-15,8.959845722679598,9.262810120090075,8.936307041038836,9.253698348999023,49316000
2015-10-16,9.255977083703867,9.262051840018572,9.104115417171714,9.192955017089844,19866000
2015-10-19,9.187640001819503,9.207382054943858,8.912010874178273,9.032740592956543,18593000
2015-10-20,8.995534326644988,9.117023657684351,8.92947452099567,9.10335636138916,21920000
2015-10-21,9.245345977423385,9.315202410201685,9.12006002320869,9.149673461914062,28197000
2015-10-22,9.234714157828193,9.53843813724351,9.203582940538475,9.51717758178711,34344000
2015-10-23,9.678912983126583,9.858869594735639,9.419988879062085,9.839127540588379,35498000
2015-10-26,9.72371371464282,9.72371371464282,9.31976152123625,9.385821342468262,58129000
2015-10-27,9.346334253588154,9.502752152690265,9.18308270690135,9.224844932556152,32280000
2015-10-28,9.475421752510066,9.70777023569466,9.392656874288814,9.650062561035156,30966000
2015-10-29,9.187640220852922,9.427581880197284,9.014517262804295,9.118542671203613,61582000
2015-10-30,9.17625249621915,9.416953828663603,9.124619587855145,9.349374771118164,25516000
2015-11-02,9.38961633926381,9.507309045444917,9.298499335368735,9.400246620178223,26068000
2015-11-03,9.224085105791445,9.48756540872301,9.224085105791445,9.274199485778809,26222000
2015-11-04,9.301535314956489,9.480732286552438,9.116263587457787,9.423784255981445,43098000
2015-11-05,9.484531052620923,9.491364701965747,9.157268983075362,9.1921968460083,28308000
2015-11-06,9.358483141970243,9.855071434980301,9.356964634060958,9.845959663391113,45287000
2015-11-09,9.74724993883751,9.790530675210068,9.54527389323242,9.60525894165039,28250000
2015-11-10,9.347854301643482,9.421507377584323,9.094245338410971,9.101078987121582,44759000
2015-11-11,9.127655072226844,9.316723464562331,9.098042351862812,9.10791301727295,25953000
2015-11-12,9.127651356662003,9.218768329173828,9.029700737935123,9.100316047668457,26588000
2015-11-13,9.035775293265285,9.103354315881205,8.747997450718959,8.92491626739502,39824000
2015-11-16,8.919604492362136,9.246107662401952,8.889991771163949,9.223328590393066,27796000
2015-11-17,9.222568575225749,9.391135293893186,9.187640714598707,9.26812744140625,19868000
2015-11-18,9.257494972721373,9.574885556276927,9.233196675121519,9.56121826171875,20270000
2015-11-19,9.574889198091592,9.577167322762254,9.3402626327574,9.50731086730957,32780000
2015-11-20,9.583241732265696,9.618169596655955,9.39493293865344,9.597668647766113,28057000
2015-11-23,9.624241220218092,9.624241220218092,9.431376240233089,9.446562767028809,16003000
2015-11-24,9.370633755099872,9.763956345576553,9.370633755099872,9.744973182678223,35659000
2015-11-25,9.795087518728057,9.807995924599204,9.693340228222665,9.748769760131836,21396000
2015-11-27,9.766991543150041,9.905185901953736,9.708525005404955,9.874053955078125,13262000
2015-11-30,9.827735057720432,9.924167178802628,9.652334740824973,9.905184745788574,32615000
2015-12-01,9.95985586675434,10.157276380499097,9.940113815379863,10.09045696258545,43255000
2015-12-02,10.10412595134065,10.250672480706687,9.987951755915072,10.038825035095215,54364000
2015-12-03,10.999351352554966,11.151213023360041,10.849008189837907,10.993276596069336,120661000
2015-12-04,10.99479357544997,11.22942005956494,10.876341995584923,11.204362869262695,60329000
2015-12-07,11.138302904431066,11.368373861500569,11.051742163665745,11.300795555114746,44769000
2015-12-08,11.149694387682558,11.282573619666508,11.068448050768128,11.2210693359375,34560000
2015-12-09,11.17247191815933,11.237772825137439,10.96594036632806,11.059334754943848,30803000
2015-12-10,11.09426368547982,11.347113717869965,11.024407252693361,11.186899185180664,33078000
2015-12-11,10.981127233358297,11.216513353905068,10.956829656952703,10.965941429138184,27777000
2015-12-14,10.944682937668468,11.037319191172438,10.724483289281014,10.820916175842285,36993000
2015-12-15,10.833820903638074,10.951514323904622,10.729795503475698,10.878620147705078,35398000
2015-12-16,10.904517000007894,10.989059992231416,10.693540134336066,10.958593368530273,29644000
2015-12-17,11.038569748456753,11.081983827177986,10.694304944053126,10.699636459350586,24378000
2015-12-18,10.680593856703656,10.808550938732962,10.552636774674347,10.678309440612793,51964000
2015-12-21,10.899184232749692,11.120062144632463,10.804739453411392,11.104828834533691,26627000
2015-12-22,11.213747114094845,11.213747114094845,10.873290681454275,11.05151653289795,21684000
2015-12-23,11.12158634042397,11.170331920257196,10.997437612027852,11.158906936645508,16170000
2015-12-24,11.151287719592275,11.218312967263628,11.098733823959465,11.14443302154541,7436000
2015-12-28,11.112448562742493,11.150531122156993,10.962403467504112,11.146722793579102,13873000
2015-12-29,11.196231235950387,11.331804992798366,11.044663658939024,11.267826080322266,22533000
2015-12-30,11.235074040131087,11.340181147873723,11.205369368001724,11.224411010742188,17396000
2015-12-31,11.164240949411335,11.234312599913235,11.053040365610975,11.055325508117676,19673000
2016-01-04,10.82073641366827,10.842062471485576,10.65393555314202,10.83673095703125,30970000
2016-01-05,10.902231448859538,10.914417662064144,10.450573793265379,10.4741849899292,38173000
2016-01-06,10.24950233762411,10.362988076924097,10.075084784508542,10.15201187133789,50824000
2016-01-07,10.001205372526238,10.188571110295,9.763571575512325,9.829072952270508,50056000
2016-01-08,9.903711964008073,10.16495688988486,9.753666881726792,9.76432991027832,64641000
2016-01-11,9.86334346714627,9.899140878151803,9.552591025554328,9.752142906188965,38941000
2016-01-12,9.890763732048143,10.028621872533996,9.662269123070653,9.895333290100098,41112000
2016-01-13,9.730056085750258,9.899904046148716,9.374366347827388,9.391884803771973,48470000
2016-01-14,9.458911012560314,9.64856187819202,9.161868608253501,9.535076141357422,63942000
2016-01-15,9.155772817936413,9.428442718743902,9.08646313484669,9.137493133544922,75916000
2016-01-19,9.349992566589027,9.505368420770894,9.06437451462311,9.145109176635742,54773000
2016-01-20,8.974500733954763,9.564777798354156,8.924231964381265,9.431489944458008,103988000
2016-01-21,9.505370163349413,9.596768595934744,9.394931540719108,9.484806060791016,48475000
2016-01-22,9.633325476005817,9.633325476005817,9.46195508065483,9.483281135559082,58428000
2016-01-25,9.477188786836098,9.51907967184744,9.444437744488402,9.481759071350098,61359000
2016-01-26,9.520602516077872,9.635611411904836,9.444437405403518,9.474142074584961,119134000
2016-01-27,9.41778192289399,9.55183248929634,9.146635143787883,9.318767547607422,58156000
2016-01-28,9.36370285155318,9.638657902076087,9.292108024350904,9.624948501586914,49969000
2016-01-29,9.858777067532083,10.231984608901104,9.75747754567957,10.184000968933105,259449000
2016-02-01,10.155816668523022,10.563299059596307,10.126873956001553,10.486371994018555,45619000
2016-02-02,10.283011790005045,10.47951656742326,10.030906007171453,10.148200035095215,59005000
2016-02-03,10.453620937028878,10.481039735268014,9.923513759851128,10.005009651184082,56234000
2016-02-04,10.00805665550518,10.455144024935203,9.93950820782105,10.367554664611816,60833000
2016-02-05,10.434581513719166,10.434581513719166,9.671410031257212,9.776517868041992,70953000
2016-02-08,9.672172422363614,9.672172422363614,9.080371344139701,9.28144645690918,91242000
2016-02-09,9.126828019122629,9.57543850851509,9.046093370151866,9.117688179016113,63400000
2016-02-10,9.329428832260122,9.419303346364108,9.036956046501283,9.07884693145752,45473000
2016-02-11,8.873199762881729,8.960027887291236,8.701829382217747,8.858728408813477,66673000
2016-02-12,8.96916939801322,9.31724246378043,8.814554758057222,9.266212463378906,39965000
2016-02-16,9.388836108412162,9.656936426472175,9.364463682390458,9.615045547485352,38521000
2016-02-17,9.67293004829138,9.963879578901391,9.6523659519825,9.953216552734375,32742000
2016-02-18,10.035475582310097,10.052994035691059,9.602859562423667,9.678262710571289,39202000
2016-02-19,9.676741190259236,9.809267826232565,9.520603353373069,9.800127983093262,31118000
2016-02-22,9.901426839551524,10.086507379872954,9.86258305352474,9.950172424316406,24204000
2016-02-23,9.913611440785136,9.939507778164787,9.753665311890927,9.761281967163086,22352000
2016-02-24,9.63561363557085,9.996634948862747,9.551832575585886,9.927325248718262,25680000
2016-02-25,9.960834591420905,10.091076065231237,9.801650406460661,10.089552879333496,25652000
2016-02-26,10.22131879819295,10.27996545331647,10.07279763313949,10.138298988342285,27142000
2016-02-29,10.155817750595771,10.504652797626356,10.1223054765939,10.203802108764648,35911000
2016-03-01,10.310433112209815,10.559492584282701,10.253309633310977,10.543498039245605,44906000
2016-03-02,10.499322032079895,10.529026706052777,10.286060704702164,10.432296752929688,43834000
2016-03-03,10.491702062230623,10.575483816309193,10.228933996341146,10.459712982177734,59437000
2016-03-04,11.12006518427663,11.26173166564408,10.79407937742463,11.124634742736816,72399000
2016-03-07,11.02561927164077,11.137581795859788,10.706488924081079,10.930413246154785,41363000
2016-03-08,10.837492641582854,10.87785961390675,10.618137871868718,10.634894371032715,33216000
2016-03-09,10.720197304138777,10.85577101437136,10.698871249434289,10.812356948852539,31152000
2016-03-10,10.926602802323396,11.104828604419131,10.815402255817792,10.99972152709961,54546000
2016-03-11,11.119303841840248,11.42624802280813,11.101024154261593,11.334850311279297,55822000
2016-03-14,11.204606734710849,11.363028969555273,11.196228122408723,11.283056259155273,28444000
2016-03-15,11.310477395553612,11.423201162320366,11.126158067768365,11.308192253112793,30891000
2016-03-16,11.26845389192161,11.4067685103436,11.221839609243068,11.357861518859863,34906000
2016-03-17,11.261578639779655,11.593992329083399,11.261578639779655,11.581001281738281,44708000
2016-03-18,11.610803162349157,11.691805169414403,11.529036676022637,11.65283203125,70568000
2016-03-21,11.660474295844425,11.691805557514307,11.525980599112124,11.683399200439453,28207000
2016-03-22,11.645952608972745,11.89125129655116,11.580998118757035,11.82629680633545,33945000
2016-03-23,11.830880725586752,11.869088644242257,11.641366446525796,11.69103717803955,27577000
2016-03-24,11.597049247671315,11.713967949633043,11.548142973704937,11.69180679321289,25651000
2016-03-28,11.713199564683505,11.73001154623479,11.620734759305554,11.699444770812988,17224000
2016-03-29,11.712438248464712,11.839290801544356,11.629144254866468,11.778157234191895,26765000
2016-03-30,11.844638868090122,12.01886944595207,11.809487398080321,11.9921236038208,26794000
2016-03-31,11.999002587891646,12.025749162327575,11.802610831119575,11.806431770324707,24968000
2016-04-01,11.771279489090897,12.067777209150478,11.55119836158893,12.05860710144043,25671000
2016-04-04,12.073888871564058,12.09910648142705,11.89507289378026,11.921818733215332,17760000
2016-04-05,11.802611052273834,12.00129552204581,11.802611052273834,11.846933364868164,56915000
2016-04-06,11.821713382473922,12.056313759966958,11.746060548984207,12.038737297058105,28149000
2016-04-07,12.034151295324229,12.070067238895115,11.820947613740444,11.842344284057617,22975000
2016-04-08,11.942453545991725,11.989831585308545,11.817129227227277,11.93251895904541,18526000
2016-04-11,12.030332582936303,12.058606655547864,11.890489720875841,11.891253471374512,18568000
2016-04-12,11.921819247615241,11.949329567408096,11.691804289779519,11.877497673034668,16537000
2016-04-13,11.956971955548521,12.19997796885058,11.891252976917576,12.186986923217773,21730000
2016-04-14,12.019634846804973,12.158713965321006,11.921057098599976,12.136552810668945,27549000
2016-04-15,12.083821896823874,12.09986939938088,11.807956436882048,11.882081031799316,27685000
2016-04-18,11.87138630623121,11.951624572181935,11.753703856262646,11.913415908813477,15297000
2016-04-19,11.955442790417603,11.97989592129705,11.522922481120146,11.544319152832031,24560000
2016-04-20,11.574120101715698,11.775860958634663,11.493118113067004,11.709378242492676,19435000
2016-04-21,11.684160999590011,11.713199545508598,11.496939409341785,11.565714836120605,16117000
2016-04-22,11.493118294280514,11.687217278462779,11.365502027288478,11.48776912689209,25699000
2016-04-25,11.48165916961946,11.52827419043308,11.368562139023425,11.393779754638672,10870000
2016-04-26,11.576415229679577,11.776627899037454,11.465610193771754,11.520630836486816,26309000
2016-04-27,11.249348994546484,11.71931420871366,11.195092836020363,11.57947063446045,38930000
2016-04-28,11.492353936559725,11.769748350896158,11.258518069659644,11.308953285217285,25520000
2016-04-29,11.180574490220783,11.293672234191218,10.946738582486205,11.137781143188477,35067000
2016-05-02,11.169109938385335,11.220308901924277,11.042257426223141,11.162996292114258,19525000
2016-05-03,11.088112513079771,11.156123485267457,10.876436988956604,10.942919731140137,23986000
2016-05-04,10.890189441138503,11.036145932477194,10.795431919943853,10.856565475463867,20888000
2016-05-05,10.99029800598215,11.072828252615606,10.858096278236394,10.895541191101074,16841000
2016-05-06,10.832876045467945,10.889424912010792,10.635720584889688,10.84281063079834,30027000
2016-05-09,10.851216706528778,10.997937682432807,10.794668566416934,10.881783485412598,17300000
2016-05-10,10.88942560133711,11.091166492152212,10.813008288065536,11.050665855407715,18461000
2016-05-11,11.010928255511033,11.173695999925751,10.966605954328946,10.99258804321289,16716000
2016-05-12,11.009398069767434,11.059833283579694,10.661700740341415,10.777854919433594,26452000
2016-05-13,10.770213746357689,10.937566900492143,10.669343312152295,10.702202796936035,21716000
2016-05-16,10.764865799949584,10.975013047563548,10.751111004186436,10.900888442993164,20373000
2016-05-17,10.890190661437602,10.92687036159807,10.689213510348745,10.78779125213623,21248000
2016-05-18,10.738883422894403,11.084288072912049,10.723599670140626,10.994879722595215,22620000
2016-05-19,10.929924628426093,11.054483700104667,10.78396815974456,10.907763481140137,17478000
2016-05-20,11.013983076152952,11.284499345383797,10.981888073790518,11.212667465209961,25889000
2016-05-23,11.324242092648934,11.488538856111395,11.300552703740331,11.317364692687988,17609000
2016-05-24,11.355568545603015,11.590933391089164,11.336464582723252,11.571064949035645,19907000
2016-05-25,11.603162237389686,11.768222724577003,11.499999068512805,11.735363960266113,21737000
2016-05-26,11.750645292525569,11.787325719395048,11.601632333714955,11.69333267211914,18431000
2016-05-27,11.691805358551438,11.762872780217526,11.650540239474775,11.714730262756348,18693000
2016-05-31,11.768224078232077,11.840820471581443,11.714732382485018,11.795734405517578,32058000
2016-06-01,11.723136864181926,11.869093387230162,11.717787695131037,11.827064514160156,30777000
2016-06-02,11.860684872148177,11.884374251828778,11.72160578189943,11.837759971618652,46746000
2016-06-03,12.667649831601171,12.685226295183119,12.318424929223571,12.422351837158203,82985000
2016-06-06,12.48654182093692,12.527806209278298,12.304668639430599,12.443748474121094,34010000
2016-06-07,12.481955271429417,12.681403440844942,12.44145463722755,12.596580505371094,32340000
2016-06-08,12.539265601542235,12.579766226003914,12.481952269585486,12.5094633102417,25620000
2016-06-09,12.390256694557651,12.612629054674866,12.388727736095055,12.543089866638184,29143000
2016-06-10,12.392549413985922,12.454448189659406,12.226725176716164,12.289387702941895,26657000
2016-06-13,12.237425013662952,12.398665309831587,12.199216347051312,12.227490425109863,21568000
2016-06-14,12.17093948203099,12.267224512773225,12.083823829556986,12.149542808532715,25669000
2016-06-15,12.17483827980247,12.274493157140629,12.125777000966206,12.1426420211792,30884000
2016-06-16,12.039154711800922,12.17637263665366,11.92800084543056,12.160274505615234,22804000
2016-06-17,12.18633941753744,12.246132793182767,11.876640451200258,11.958664894104004,43333000
2016-06-20,12.14264447666464,12.234634118934078,12.011558742959329,12.029956817626953,20265000
2016-06-21,12.082085445616846,12.142645720009785,11.928769359468998,11.944101333618164,16126000
2016-06-22,11.937965678552656,12.048353381649097,11.86667333092155,11.89273738861084,16039000
2016-06-23,12.062152293978478,12.160274865076806,11.95636446816047,12.15950870513916,24435000
2016-06-24,11.652035331600022,11.87204466234729,11.376066333468176,11.400596618652344,64177000
2016-06-27,11.230411195168386,11.287905354191846,10.906147910590052,11.01040267944336,37864000
2016-06-28,11.245743379056258,11.493349008078416,11.236544342680853,11.481083869934082,37233000
2016-06-29,11.652799067870692,11.93183409333488,11.558509484660517,11.882006645202637,47860000
2016-06-30,11.882007872293066,12.053722033030878,11.81838149622462,11.912671089172363,42626000
2016-07-01,11.841373586295758,11.948695164324082,11.776214918394937,11.822209358215332,19779000
2016-07-05,11.619832919598615,11.629798114231228,11.462683898408896,11.556973457336426,26321000
2016-07-06,11.44965473719707,11.596071709551584,11.281006697464571,11.54701042175293,20603000
2016-07-07,11.509444634069268,11.728686946341707,11.509444634069268,11.574604034423828,19248000
2016-07-08,11.701859032771472,11.901169533830975,11.647431706649236,11.89273738861084,26741000
2016-07-11,12.04298658738027,12.148008240413528,11.98012711995652,12.062917709350586,25201000
2016-07-12,12.156442505316074,12.335055743288418,12.131145335751993,12.157209396362305,20306000
2016-07-13,12.181736410479335,12.294424037819565,12.061383530074298,12.066749572753906,15734000
2016-07-14,12.230797851473765,12.346552312679808,12.177903583731876,12.325854301452637,23550000
2016-07-15,12.350387174788228,12.385649539996935,12.239232573142239,12.354219436645508,19259000
2016-07-18,12.450808516664624,12.548931079339832,12.414778532766155,12.44390869140625,14626000
2016-07-19,12.377984842882109,12.418614718340873,12.249199776291924,12.305926322937012,14797000
2016-07-20,12.387949126239477,12.554297943959664,12.33582100879865,12.46997356414795,18064000
2016-07-21,12.496038433422331,12.532066959877442,12.251498885816133,12.296727180480957,19530000
2016-07-22,12.233866836069142,12.288294898341128,12.011558358270605,12.239999771118164,19664000
2016-07-25,12.237700071177239,12.318957624073711,12.209336799535347,12.248432159423828,9627000
2016-07-26,12.373385011216422,12.533600166181142,12.29366051370231,12.529000282287598,28631000
2016-07-27,12.72064477705966,12.847897501472499,12.47303915366031,12.699180603027344,30493000
2016-07-28,12.648585074390427,12.799601900373696,12.565794487783943,12.589558601379395,19512000
2016-07-29,12.56656203254709,12.621756250413316,12.349620347006661,12.417078971862793,26030000
2016-08-01,12.478409074411603,12.562733476960764,12.410950429654863,12.534369468688965,17876000
2016-08-02,12.502934562763036,12.571160803620556,12.439308205188226,12.486836433410645,22689000
2016-08-03,12.409414115662198,12.583428930435812,12.363419660990196,12.580361366271973,15019000
2016-08-04,12.592625532216676,12.801902685177131,12.587259488862232,12.801135063171387,19978000
2016-08-05,12.874729291093804,13.047210326441009,12.819535067355224,13.04107666015625,25594000
2016-08-08,13.031880198332546,13.126169064527087,12.867831286004552,12.905393600463867,19084000
2016-08-09,12.950618083298046,13.198223698959497,12.932221473677139,13.121566772460938,32743000
2016-08-10,13.125396415469497,13.198988687820373,13.019607889499328,13.173690795898438,19523000
2016-08-11,13.190558668484972,13.274115416979212,13.100868254882617,13.19209098815918,15745000
2016-08-12,13.195158818255488,13.232721125113684,13.13766611806198,13.221222877502441,16530000
2016-08-15,13.290214188583949,13.477259547472196,13.22352172610588,13.456562995910645,25807000
2016-08-16,13.400602475723495,13.414400663994801,13.19285764323943,13.215855598449707,19069000
2016-08-17,13.204356081356886,13.28331294192083,13.166793781623776,13.264148712158203,16613000
2016-08-18,13.248053642965873,13.352308422115312,13.234255452835958,13.333144187927246,21120000
2016-08-19,13.352310171941065,13.419770273630524,13.294817461842422,13.409804344177246,15349000
2016-08-22,13.415167383851275,13.515589891683138,13.343108875749039,13.486459732055664,15393000
2016-08-23,13.54701764893067,13.604510336201882,13.501021744549352,13.594544410705566,19741000
2016-08-24,13.612176106535742,13.621374409985407,13.366870468901508,13.438162803649902,21802000
2016-08-25,13.455027971182759,13.579214579766763,13.39140161621553,13.494890213012695,18735000
2016-08-26,13.55544831461913,13.694965407806201,13.425129524023125,13.580744743347168,22586000
2016-08-29,13.591484670002753,13.697273252594613,13.560822181536174,13.599150657653809,16726000
2016-08-30,13.65740710592424,13.753995890981631,13.48722603007804,13.56848430633545,27838000
2016-08-31,13.576149713618658,13.669673865142697,13.441998614526506,13.524023056030273,32753000
2016-09-01,13.559282197254602,13.61984244850186,13.401367017857279,13.575380325317383,39128000
2016-09-02,13.568484622338584,13.59454721897415,12.939886958508449,13.270284652709961,80668000
2016-09-06,13.309377035462294,13.33850719115669,13.00427875367105,13.116199493408203,36132000
2016-09-07,13.140733649600019,13.18519578714461,12.856331833166205,12.947554588317871,31437000
2016-09-08,12.908459577702104,12.942188163275942,12.768174804731673,12.907691955566406,18680000
2016-09-09,12.750541185134436,12.805735402518021,12.316656355710432,12.325088500976562,45022000
2016-09-12,12.198602942334421,12.629421653955228,12.16947278386973,12.608723640441895,35673000
2016-09-13,12.608725187701081,12.829500613948731,12.594926997711353,12.666985511779785,36003000
2016-09-14,12.666218511485955,13.026511057924727,12.652418860274425,13.001980781555176,40324000
2016-09-15,13.019666352398218,13.301849078921514,12.93278076965239,13.280320167541504,36322000
2016-09-16,13.257254289598821,13.301080582954205,13.059648801066793,13.166524887084961,83067000
2016-09-19,13.190361503154753,13.346446120139122,13.025049371277348,13.127311706542969,28306000
2016-09-20,13.241107176502787,13.241107176502787,12.930473446971638,12.935087203979492,18722000
2016-09-21,12.94738844131709,13.072718069614233,12.887414007387234,13.05810832977295,17977000
2016-09-22,13.145766460268545,13.167295374905713,12.922786739758086,12.981992721557617,20619000
2016-09-23,12.97122448719446,12.996597214965504,12.725947452673227,12.81360149383545,26875000
2016-09-26,12.694421864560647,12.858195546601946,12.514500035581799,12.816676139831543,32033000
2016-09-27,12.832055648361022,13.138844108442505,12.765162034249053,13.137307167053223,25353000
2016-09-28,13.208045069296842,13.279552443205231,13.054267331732248,13.125004768371582,20843000
2016-09-29,13.071182280746983,13.377970746863019,13.03196827634203,13.260330200195312,38570000
2016-09-30,13.30184973605051,13.428717798561962,13.258791911163375,13.264944076538086,34220000
2016-10-03,13.302619838835737,13.370281926422114,13.04965364792905,13.07656478881836,22807000
2016-10-04,13.11808104496003,13.140378420531567,12.92355096191041,12.998133659362793,19596000
2016-10-05,13.186517655206629,13.387198527460068,13.123469318262867,13.33875846862793,26149000
2016-10-06,13.324915723013229,13.428716454713017,13.168061186230414,13.39334774017334,21014000
2016-10-07,13.446400971100854,13.451783198443312,13.254946198593146,13.39488410949707,21842000
2016-10-10,13.434864295407959,13.52482520372302,13.360281595899128,13.437939643859863,16336000
2016-10-11,13.477923360097932,13.49407004088189,13.035040877813897,13.161140441894531,26181000
2016-10-12,13.128846831803923,13.152682617254781,12.948156531316055,13.107317924499512,21740000
2016-10-13,12.976603751588275,13.063487835795854,12.825131490475256,12.989673614501953,22373000
2016-10-14,13.069644021398581,13.274170156650708,13.020435497565755,13.078103065490723,19570000
2016-10-17,13.048110908386898,13.144222512956311,12.973528209382042,12.985062599182129,12741000
2016-10-18,13.121161722849727,13.29185609220316,13.112704144768234,13.238032341003418,14167000
2016-10-19,13.161143538369657,13.246490718749648,13.079640178179645,13.2149658203125,20440000
2016-10-20,13.198816438726432,13.423333035552263,13.149606457757532,13.333372116088867,18961000
2016-10-21,13.247258116070032,13.33260528953445,13.125003818964718,13.295698165893555,15842000
2016-10-24,13.391037720814326,13.609403588140337,13.344904561950711,13.574803352355957,19772000
2016-10-25,13.534827736124331,13.570964931105765,13.341066024418557,13.35183048248291,21622000
2016-10-26,13.236492261031565,13.438711482462066,13.15575885319514,13.301847457885742,21075000
2016-10-27,13.402572909775477,13.474848741948104,13.208042792726227,13.243412971496582,19840000
2016-10-28,13.262635313928218,13.291853329029477,12.99736629964745,13.021202087402344,20651000
2016-10-31,13.071176823361684,13.198813302154976,12.970451473645708,13.092705726623535,20317000
2016-11-01,13.126542761440207,13.190361026471033,12.750553807174928,12.978914260864258,28452000
2016-11-02,13.294929861661918,13.390273021169955,13.056573429438918,13.26801872253418,43501000
2016-11-03,13.25956128858172,13.481771039726612,13.236493969131631,13.301080703735352,20654000
2016-11-04,13.101939687837739,13.419491167287346,13.088868352058242,13.238032341003418,21753000
2016-11-07,13.408725379515085,13.677069771923788,13.387196467790881,13.606330871582031,26126000
2016-11-08,13.61478965275399,13.687833963759706,13.464085807044382,13.609407424926758,18923000
2016-11-09,13.184205944415776,13.570959269071675,13.160370159139772,13.334139823913574,32506000
2016-11-10,13.357206839181453,13.417181269563976,12.556020603372295,12.912787437438965,51217000
2016-11-11,12.86742316782563,13.071179317300327,12.74286201336866,12.882031440734863,29793000
2016-11-14,12.799759427624949,12.899716324439305,12.534491908934791,12.592927932739258,28187000
2016-11-15,12.673660444396171,12.878954983823347,12.579855717994198,12.798221588134766,25380000
2016-11-16,12.786692992246342,12.930476228697808,12.744405099067112,12.904335021972656,13333000
2016-11-17,12.867422706359989,12.995827675436443,12.765158933475545,12.843586921691895,18100000
2016-11-18,12.821290178336206,13.006594259386858,12.821290178336206,12.929704666137695,19524000
2016-11-21,13.0042865973327,13.283393941494149,13.0042865973327,13.269554138183594,21384000
2016-11-22,13.35720915981104,13.64170021856898,13.325684264848695,13.610943794250488,31024000
2016-11-23,13.560195086669394,13.66783962455443,13.474079456361366,13.615555763244629,22123000
2016-11-25,13.592491090355061,13.610944652800763,13.499454807434223,13.590184211730957,8198000
2016-11-28,13.537129227084607,13.614787281717135,13.420257176591242,13.428714752197266,26570000
2016-11-29,13.367973407640216,13.607868234033745,13.33491157190304,13.490227699279785,18514000
2016-11-30,13.46485216547248,13.52482659938702,13.105011428172702,13.108855247497559,31249000
2016-12-01,13.071949344321393,13.108856466077036,12.395324156140246,12.51680850982666,46389000
2016-12-02,12.576782981185533,12.680583711431185,12.349959489140662,12.626761436462402,26945000
2016-12-05,12.764391185315167,12.810524349699353,12.486820795364883,12.773618698120117,21372000
2016-12-06,12.825901672560509,12.915094112951635,12.567553330100358,12.668278694152832,39184000
2016-12-07,12.668282690637778,12.95969295501709,12.584473916935632,12.95969295501709,32659000
2016-12-08,13.036577692809622,13.177285512841925,12.87972319396596,13.125768661499023,38361000
2016-12-09,13.913114775946282,13.986160530997628,13.601714128568696,13.770101547241211,75744000
2016-12-12,13.690134612743751,13.899272932162877,13.575569472604467,13.698592185974121,37194000
2016-12-13,13.743194818540497,13.989240360259524,13.686295723771316,13.797017097473145,69076000
2016-12-14,13.822537413275606,13.858882671541595,13.627668008707767,13.73515510559082,46795000
2016-12-15,13.78850947515544,14.011991028413487,13.653957414849748,13.919968605041504,38103000
2016-12-16,13.977192764871651,14.003483410499253,13.724326164123665,13.797015190124512,41541000
2016-12-19,13.847278254625943,14.028228678726952,13.77381637065412,13.954765319824219,22219000
2016-12-20,13.99652439397431,14.172833220949922,13.930021230104519,14.079266548156738,27352000
2016-12-21,14.207627209834264,14.227733463486464,14.056836207165073,14.096274375915527,21013000
2016-12-22,14.13958358836844,14.151182446748448,13.871252318358524,13.965593338012695,17557000
2016-12-23,13.923057699711537,14.072302982057774,13.89289979276473,14.069210052490234,8977000
2016-12-27,14.08235987712198,14.205313078644616,14.07771974406387,14.09782600402832,8283000
2016-12-28,14.123343849820829,14.15118169843323,13.90682249694655,13.933887481689453,14039000
2016-12-29,13.895998339376366,13.971007442699294,13.81325764647465,13.909144401550293,13671000
2016-12-30,13.947809427395342,13.988793340988552,13.611427765555293,13.669425010681152,25421000
2017-01-03,13.786961957369815,13.988790021623844,13.651635575831135,13.790827751159668,32098000
2017-01-04,13.784640249263362,13.841863135108843,13.662459941052209,13.692619323730469,23965000
2017-01-05,13.635398467503137,13.687209845976202,13.445943572124367,13.476874351501465,24861000
2017-01-06,13.471462741781409,13.679478191111352,13.401866637352104,13.655506134033203,23142000
2017-01-09,13.660142970983037,13.787734815023668,13.659368632280719,13.684887886047363,20265000
2017-01-10,13.725097424241754,13.97641529103414,13.679473392893701,13.963269233703613,30181000
2017-01-11,13.923060842349125,13.955540297465982,13.74597767899415,13.874343872070312,18787000
2017-01-12,13.771498366196688,13.849600394513487,13.563484403633607,13.83104133605957,23137000
2017-01-13,13.834131634190575,13.979509668640087,13.794694933045037,13.953991889953613,20902000
2017-01-17,13.8789845015635,13.8905833592075,13.730513518982361,13.850372314453125,26316000
2017-01-18,13.947038318085955,14.31125791596365,13.919200459940885,14.307392120361328,35642000
2017-01-19,14.313576875103584,14.451221901835346,14.281098884805013,14.34914779663086,45718000
2017-01-20,14.584224113298957,14.81156998060493,14.545558796629527,14.775999069213867,57623000
2017-01-23,14.77058544774474,14.810796490421865,14.570303098180515,14.76981258392334,33394000
2017-01-24,14.902812420766715,15.437928991398248,14.868788724896369,15.291776657104492,62008000
2017-01-25,15.459587130209291,15.666055353032325,15.313434737683254,15.657547950744629,60888000
2017-01-26,15.809112880334114,15.87329597797318,15.553154828555785,15.788233757019043,38820000
2017-01-27,15.881803192860575,15.913508312327458,15.739518062145523,15.907320976257324,25780000
2017-01-30,15.809884183445295,15.842362160982098,15.512942253128564,15.714770317077637,33234000
2017-01-31,15.656777600902833,15.656777600902833,15.377620306392386,15.427111625671387,26749000
2017-02-01,15.639762931721352,15.812205966874105,15.482011684460389,15.751115798950195,31184000
2017-02-02,15.618113166448644,15.854739333541115,15.543104063815413,15.77895736694336,22712000
2017-02-03,15.848551966234691,15.976143830026745,15.70007950300324,15.942118644714355,24367000
2017-02-06,15.941340241430163,15.980778410138191,15.79828229994029,15.973045349121094,18716000
2017-02-07,16.023313146414853,16.038004933231758,15.847002855026547,15.922784805297852,22840000
2017-02-08,15.927427658751212,16.14240182579616,15.864791757000994,15.99856948852539,21069000
2017-02-09,16.032597629293488,16.060435485215322,15.746481579762207,15.878713607788086,27519000
2017-02-10,15.929744873422877,15.968408712038954,15.763487712498117,15.892626762390137,23842000
2017-02-13,15.990064563263841,16.01558382386724,15.86556561588592,15.984651565551758,12463000
2017-02-14,16.00630012422281,16.00707446296654,15.836950028573119,15.877935409545898,17357000
2017-02-15,15.915832855166967,16.002440835195262,15.836956466271307,15.92897891998291,17088000
2017-02-16,15.965321272266932,16.10142056787996,15.866340100451222,16.09832763671875,17188000
2017-02-17,16.161731036548186,16.27076530456543,15.99315380742366,16.27076530456543,30945000
2017-02-21,16.316394331076808,16.5189953285297,16.309434129952923,16.451719284057617,30333000
2017-02-22,16.471052393635045,16.620297759593214,16.35505935775086,16.560754776000977,23949000
2017-02-23,16.631889714501053,16.699940074576315,16.211221733708953,16.283910751342773,29364000
2017-02-24,16.11378237167487,16.28931975011503,15.667595246618603,16.267667770385742,27651000
2017-02-27,16.29086682346868,16.505840911362643,16.2537487194568,16.492694854736328,26991000
2017-02-28,16.559204869915234,16.57467099882364,16.262262864516284,16.31097984313965,27548000
2017-03-01,16.47646240324527,16.655865660501178,16.28236735624525,16.636533737182617,51155000
2017-03-02,17.330173918047535,17.3974499578061,16.704583297225497,16.802791595458984,71171000
2017-03-03,16.857690361549253,17.01234866667319,16.834492648232295,16.882436752319336,30747000
2017-03-06,16.73164088618894,16.8986723532059,16.63884710166569,16.85304832458496,22771000
2017-03-07,16.80665520980605,17.11829044634612,16.787323288232983,16.95435333251953,29129000
2017-03-08,16.952036206750872,17.10824027046931,16.900224823540277,16.983739852905273,24532000
2017-03-09,16.918011505847357,17.233512573092888,16.866974460047988,17.167783737182617,25675000
2017-03-10,17.223455481697414,17.5080256760493,17.223455481697414,17.503385543823242,39430000
2017-03-13,17.46549770794566,17.611648624929746,17.426832390671084,17.51112174987793,26669000
2017-03-14,17.38042947195154,17.497969635912472,17.283768424602446,17.348724365234375,22165000
2017-03-15,17.34718117062801,17.526584372087,17.262891828276064,17.47090721130371,20727000
2017-03-16,17.51518759094711,17.541598949737267,17.211459928100382,17.2728271484375,27835000
2017-03-17,17.362935291044575,17.37769519024739,17.155530704625573,17.18116569519043,51635000
2017-03-20,17.181166078384166,17.29457817129493,17.150093541445273,17.185827255249023,17215000
2017-03-21,17.263502514580217,17.32098491465174,16.741495293454896,16.78033447265625,30557000
2017-03-22,16.780339093075277,16.962886545148933,16.731401180423557,16.88909149169922,19131000
2017-03-23,16.876659735172506,16.969875851683746,16.812185563256378,16.84558868408203,19223000
2017-03-24,16.934917658141355,17.198250372938933,16.91394384961579,17.009489059448242,23794000
2017-03-27,16.84325830947436,17.103484106932893,16.776453548596137,17.01570701599121,15358000
2017-03-28,16.97376182265962,17.22777374251068,16.961332511314495,17.163299560546875,17929000
2017-03-29,17.151649968340074,17.194373971319536,17.064649224306443,17.191267013549805,15927000
2017-03-30,17.237092097351937,17.435174292624314,17.00094560792248,17.092607498168945,34168000
2017-03-31,17.0887270288019,17.166406886024568,16.936474271586274,17.008716583251953,25897000
2017-04-03,17.011824568267727,17.08872806123418,16.830054965578142,16.996288299560547,19210000
2017-04-04,16.947349362700244,17.121352302143816,16.92482281156989,17.008716583251953,12634000
2017-04-05,17.05377050122321,17.128341916684295,16.84092838228931,16.866561889648438,15690000
2017-04-06,16.83315633890542,16.970649159950973,16.74693200229008,16.895299911499023,14615000
2017-04-07,16.895301529741616,17.077071089542503,16.85956930544226,16.953561782836914,16412000
2017-04-10,16.861908204696956,17.01571374853086,16.798986744750916,16.93570327758789,17994000
2017-04-11,16.822290780657696,16.965221226755787,16.625761232070257,16.899192810058594,22219000
2017-04-12,16.75314888167404,16.78965895932748,16.191526041185735,16.25056266784668,61026000
2017-04-13,16.25134083621688,16.62109542181068,16.235028199276865,16.415245056152344,42579000
2017-04-17,16.49758393771738,16.651389415196242,16.482824040534624,16.613325119018555,14507000
2017-04-18,16.55040943026393,16.600901566946863,16.472729561894862,16.553516387939453,8486000
2017-04-19,16.606341786439806,16.687904994627605,16.565948366915304,16.594690322875977,12081000
2017-04-20,16.7011077674309,17.021148109674844,16.640518389513872,16.950458526611328,16916000
2017-04-21,16.889092597360936,16.959780698041087,16.791215284029736,16.90773582458496,14683000
2017-04-24,17.143103257768097,17.23709575590211,17.064647028103533,17.185827255249023,17531000
2017-04-25,17.246417537976747,17.40022304805118,17.240979991887553,17.33807945251465,14848000
2017-04-26,17.360610182888337,17.394788202686804,17.15708887581373,17.220008850097656,14726000
2017-04-27,17.31399826172544,17.40721439359054,17.24952407918961,17.32953453063965,11850000
2017-04-28,17.309335872313046,17.33341515927616,17.071635143457943,17.152421951293945,16490000
2017-05-01,17.251850573741084,17.265056251022376,17.082508838650185,17.19203758239746,15339000
2017-05-02,17.358275569916177,17.516740763348672,17.20602280945545,17.51285743713379,27277000
2017-05-03,17.439836239120176,17.570337316443084,17.365263348295738,17.470130920410156,18002000
2017-05-04,17.49809603213745,17.544704832425523,17.233986905271436,17.353612899780273,16245000
2017-05-05,17.474795341517886,17.593644982327007,17.404107244841374,17.590538024902344,23128000
2017-05-08,17.59597303412004,17.641026132712877,17.389344838156607,17.484113693237305,17448000
2017-05-09,17.52605954837436,17.81968843654418,17.455371469019717,17.74666976928711,19261000
2017-05-10,17.826691180557397,18.131971740028998,17.764547558989694,17.969621658325195,24433000
2017-05-11,17.91912608018136,18.010010157317055,17.729586826896636,17.950973510742188,14823000
2017-05-12,17.981266888781597,18.33626160050237,17.931551123891968,18.32927131652832,25852000
2017-05-15,18.302081847325447,18.63532634324891,18.25469667546969,18.567745208740234,29172000
2017-05-16,18.63843703869232,18.74330464395315,18.541337568816033,18.695920944213867,18128000
2017-05-17,18.48774194911368,18.563091246733656,17.950975990531457,17.95796775817871,31447000
2017-05-18,17.989034982649034,18.535898023856575,17.68608366179433,18.461326599121094,30699000
2017-05-19,18.387527327733142,18.409277508582857,18.02554090506004,18.184783935546875,35812000
2017-05-22,18.295865353284416,18.563860768545723,18.194106213990064,18.51725196838379,20419000
2017-05-23,18.51491886352263,18.559973438240355,18.319943632026906,18.374319076538086,13696000
2017-05-24,18.523463236843185,18.643865573051553,18.407720594316835,18.612016677856445,16392000
2017-05-25,18.72931758745638,18.76427344653462,18.544439570602126,18.709897994995117,19010000
2017-05-26,18.713004574123147,18.76738002456465,18.51259177631878,18.737085342407227,13120000
2017-05-30,18.681933478879554,18.751068832114303,18.5654144358801,18.629112243652344,29364000
2017-05-31,18.838849647321783,18.867590115825386,18.453558760995566,18.602703094482422,44830000
2017-06-01,18.76738673818839,18.788360557038725,18.162263320919802,18.22285270690918,63774000
2017-06-02,19.30647829176293,19.87198599746647,18.96546565674179,19.771778106689453,108613000
2017-06-05,19.730609785995743,19.946558888136025,19.435428082346352,19.591564178466797,39532000
2017-06-06,19.479704323340663,19.834700505591254,19.468052862667797,19.71973419189453,29653000
2017-06-07,19.70575206612845,19.874315987236898,19.650600238763236,19.75235939025879,29290000
2017-06-08,19.808288538634336,19.89373653193903,19.60010758268953,19.804405212402344,28273000
2017-06-09,19.84791103054795,19.88597386088237,18.755735969505302,18.902549743652344,58191000
2017-06-12,18.674168052153536,18.884679601227305,18.312957958018526,18.850500106811523,54872000
2017-06-13,19.028385767136555,19.257540534715755,18.77281964025262,18.87147331237793,30853000
2017-06-14,18.920412027099665,19.0276102067031,18.458995515056355,18.685043334960938,34509000
2017-06-15,18.358960181996192,18.68270243313425,18.35349948008251,18.56568717956543,27527000
2017-06-16,18.63901631204025,18.67802238745785,18.342577578514696,18.429948806762695,35819000
2017-06-19,19.097719381308668,19.097719381308668,18.749792309784105,18.81220054626465,28519000
2017-06-20,18.878509301150412,19.007225632240477,18.710786894025734,18.721708297729492,24429000
2017-06-21,19.00176322118783,19.183527204163507,18.872265738674553,19.121898651123047,34998000
2017-06-22,19.152321542750382,19.222530976968084,18.96275636794846,19.03764533996582,18666000
2017-06-23,18.998641214019383,19.25841582924647,18.940132854796758,19.1328182220459,34985000
2017-06-26,19.189774001715353,19.33877381483084,18.816104212053524,18.93701934814453,32103000
2017-06-27,18.828582540042778,18.87772885858546,18.35037978425119,18.35818099975586,33582000
2017-06-28,18.456470159691435,18.85744333592502,18.2934288037706,18.80439567565918,24533000
2017-06-29,18.62107884457583,18.642140493089524,17.986853165026858,18.257549285888672,34513000
2017-06-30,18.431510708688602,18.464274921172525,18.165494169155785,18.180316925048828,26534000
2017-07-03,18.29421173466454,18.351159268118238,17.870616003891772,17.923662185668945,21123000
2017-07-05,18.020398140497402,18.12415149392892,17.872957676638475,18.067983627319336,29699000
2017-07-06,17.752039128828503,18.389383372774645,17.74735810219458,18.335556030273438,26334000
2017-07-07,18.35584209135459,18.737311593759777,18.353501577705558,18.692846298217773,24731000
2017-07-10,18.762278250545325,18.873832827851086,18.629660535892253,18.860570907592773,22499000
2017-07-11,18.87851127177907,18.925317079976757,18.674902955863015,18.791919708251953,20502000
2017-07-12,18.95651808723897,19.282602329287066,18.805179276714114,19.22331428527832,27710000
2017-07-13,19.277917116415868,19.492445275852038,19.233451837029893,19.292739868164062,20400000
2017-07-14,19.39571724117755,19.53379561946899,19.334868360475944,19.52521324157715,14417000
2017-07-17,19.564220122878773,19.686696076511208,19.41365949702188,19.4261417388916,18746000
2017-07-18,19.288842336642855,19.575140822848812,19.1952307337389,19.571239471435547,13003000
2017-07-19,19.658611947929582,19.856758042542083,19.545496565185616,19.845836639404297,25526000
2017-07-20,19.85363201215262,19.892636586758922,19.68590966307307,19.770160675048828,12135000
2017-07-21,19.62194211951838,19.77718224291751,19.538470776007046,19.74519920349121,15504000
2017-07-24,19.759245630089737,19.789669327101848,19.634429165691152,19.738962173461914,13638000
2017-07-25,19.721020336378352,19.846616473468856,19.516632375528925,19.838035583496094,16123000
2017-07-26,19.868463657178612,20.141500285892963,19.863002954362923,20.049448013305664,19971000
2017-07-27,20.143051394336116,20.164895684590565,19.42067659182724,19.576696395874023,32010000
2017-07-28,19.418340605001447,19.589962875833052,19.30756572970653,19.531455993652344,31919000
2017-07-31,19.579044857085947,19.693721103776735,19.148427523380132,19.242040634155273,18902000
2017-08-01,19.364514751136436,19.502593146322717,19.265440947070893,19.376996994018555,17582000
2017-08-02,19.861433614048668,20.070502557970066,19.585278402426862,19.76470184326172,36970000
2017-08-03,19.72179998732057,19.736621253995434,19.286501721129166,19.52521324157715,23447000
2017-08-04,19.560313521468725,19.578256460353877,19.355927095224335,19.437837600708008,13454000
2017-08-07,19.45500032600017,19.72803684553058,19.41677542157602,19.69293212890625,18730000
2017-08-08,19.657053091037085,19.837257748903006,19.535356806123282,19.608686447143555,20439000
2017-08-09,19.465920777465477,19.530669506922838,19.309121304652127,19.437837600708008,21256000
2017-08-10,19.242030746051444,19.26855457113515,18.75836598346394,18.777868270874023,29033000
2017-08-11,18.726383563928547,19.13125805959324,18.62107090248721,19.047786712646484,16976000
2017-08-14,19.25764064822848,19.600105530938638,19.190551384594524,19.57358169555664,16736000
2017-08-15,19.745981950208524,19.819311579296745,19.60166320512089,19.790447235107422,20942000
2017-08-16,19.839595740214566,19.87236143915191,19.643790149307765,19.769386291503906,15394000
2017-08-17,19.736620290492933,19.83413323953278,19.241255818748495,19.264657974243164,22793000
2017-08-18,19.294296349890086,19.618039960203408,19.200684779436678,19.45343780517578,20126000
2017-08-21,19.65002912643228,19.65002912643228,19.204590633144477,19.472946166992188,20693000
2017-08-22,19.64534752452452,19.985471816523397,19.58059878906208,19.907461166381836,26917000
2017-08-23,19.808392740138295,20.197664903858616,19.767047638031052,20.042423248291016,27928000
2017-08-24,20.17893827029521,20.232765603806556,19.588399927526932,19.89653968811035,52119000
2017-08-25,19.678114836981695,19.845837240494564,19.017366951273797,19.158565521240234,69099000
2017-08-28,19.271677916459677,19.318483711499386,18.917510545892963,18.97601890563965,34174000
2017-08-29,18.823123524171386,19.079778031926416,18.72483087828089,18.85744857788086,33536000
2017-08-30,18.84417887071588,19.217068816304813,18.791131217628866,19.19210433959961,21924000
2017-08-31,19.23891551478971,19.699956433373462,19.15544415572502,19.664072036743164,29491000
2017-09-01,19.684354147272387,19.91916579705339,19.682013634094563,19.715559005737305,23242000
2017-09-05,19.5119461859358,19.715554417800483,19.270114540826654,19.428476333618164,24306000
2017-09-06,19.55017723399298,19.6047842486829,19.323166797556688,19.4542236328125,13996000
2017-09-07,19.486204906655626,19.50258700832201,19.20068763992895,19.23345184326172,16088000
2017-09-08,19.18431038727332,19.221755628573728,18.96432145454568,19.04311180114746,18094000
2017-09-11,19.27480139355812,19.365292811134076,19.19133002807489,19.3262882232666,16878000
2017-09-12,19.47606522106213,19.48230708515757,19.151541853560023,19.27947998046875,18396000
2017-09-13,19.176508174733133,19.339549549172034,19.12424018355541,19.209272384643555,29664000
2017-09-14,19.082893991977564,19.30834358495804,18.975239315327617,19.264657974243164,28645000
2017-09-15,19.317711533346014,19.595427711344847,19.121124737200454,19.545501708984375,50066000
2017-09-18,19.664554931527576,19.803982075399627,19.47343199630217,19.56821060180664,25743000
2017-09-19,19.673955709075518,19.727218719892072,19.45150035622249,19.56351089477539,22088000
2017-09-20,19.561949648003583,19.572915696329776,18.631396782852203,19.026960372924805,57010000
2017-09-21,18.991711847689476,19.010511000811235,18.656463022706824,18.828786849975586,28620000
2017-09-22,18.668997861449274,18.857772285962437,18.651765924096004,18.73949432373047,23100000
2017-09-25,18.57891157492707,18.627475916896177,18.13556810645028,18.44731903076172,38692000
2017-09-26,18.6329617697265,18.795103888282224,18.43165562441437,18.585180282592773,39010000
2017-09-27,18.759850771083876,19.008153982509633,18.68778712808289,18.844446182250977,26489000
2017-09-28,18.76063302997027,19.062200728441518,18.75985016798792,19.0293025970459,21932000
2017-09-29,19.02930681011985,19.13426711142645,18.9172947733652,18.997974395751953,17319000
2017-10-02,19.214941631436172,19.214941631436172,18.779431346648664,18.83582878112793,19431000
2017-10-03,18.805289005835995,18.873435380977604,18.633748027444213,18.759859085083008,25611000
2017-10-04,18.703460244469486,18.981528749071682,18.6039814543268,18.95568084716797,23271000
2017-10-05,19.055160115192155,19.24863319738489,18.984663656869337,19.08649253845215,22811000
2017-10-06,18.82251851829622,19.249412972536355,18.82251851829622,19.248628616333008,17489000
2017-10-09,19.268995093881585,19.366906652799674,19.221213607716454,19.30189323425293,16551000
2017-10-10,19.38883403543488,19.4381812340019,19.03713626738555,19.268207550048828,15348000
2017-10-11,19.207119679689207,19.673962641527655,19.201636654849068,19.613649368286133,26603000
2017-10-12,19.615208426684543,19.682571920688815,19.447583300815896,19.48361587524414,20067000
2017-10-13,19.59406062691847,19.648107998493582,19.38413852019999,19.42251968383789,15257000
2017-10-16,19.471084838435306,19.540798420834836,19.239230628607164,19.321475982666016,14899000
2017-10-17,19.25646445530346,19.264297560366774,18.982311754135537,19.004243850708008,26965000
2017-10-18,19.059853151802518,19.16011477713384,18.783350446553317,19.112333297729492,19905000
2017-10-19,18.86324727415687,19.141315704675637,18.670557125619037,19.13504981994629,25844000
2017-10-20,19.344183285182712,19.34731772086919,19.093530023032425,19.131128311157227,23548000
2017-10-23,19.2047631858398,19.241578622623297,19.0112901622205,19.13348388671875,23418000
2017-10-24,19.19614611667576,19.436616253120075,19.120949523150102,19.400585174560547,22887000
2017-10-25,19.259594831142444,19.498499274684505,19.130352349856373,19.25489616394043,20955000
2017-10-26,19.368473830906186,19.413905239881565,19.093538284301758,19.093538284301758,24446000
2017-10-27,19.15698085462746,19.816512247405665,19.017553721997185,19.809463500976562,44753000
2017-10-30,19.840796195343678,20.537925944936323,19.838446114986148,20.461946487426758,50202000
2017-10-31,20.561424469437142,20.8904073207086,20.46742872878318,20.6718692779541,32845000
2017-11-01,20.69772078615517,20.807381257718955,20.12200032242154,20.30999183654785,27333000
2017-11-02,20.535574714414956,20.72904921489481,19.49379595296241,20.32643699645996,67196000
2017-11-03,20.681269847217163,21.77552886536477,20.139231930150576,21.433231353759766,120503000
2017-11-06,21.7990264089622,22.07317903489542,21.15124388751609,21.737930297851562,78088000
2017-11-07,21.347852201405374,21.501378346272514,20.956205976475175,21.252290725708008,36789000
2017-11-08,21.0964171854437,21.448115049156577,20.93270934103002,21.33688735961914,30254000
2017-11-09,21.04237124424419,21.18023119871765,20.561429369148946,20.807382583618164,30980000
2017-11-10,20.819129472230447,20.885708610390797,20.647588540886026,20.75411605834961,20338000
2017-11-13,20.561429657907972,20.834015133571267,20.48701740270462,20.75803565979004,28064000
2017-11-14,20.62408936348936,20.802680537277567,20.464297339258426,20.620956420898438,19718000
2017-11-15,20.545762339255447,20.913910777999302,20.211296399016074,20.804248809814453,29032000
2017-11-16,20.89824431615708,21.513128814347347,20.8441969419655,21.314172744750977,31000000
2017-11-17,21.28753784774734,21.314170100423414,21.025918469837993,21.294588088989258,24069000
2017-11-20,21.354110168517536,21.677609914017754,21.257765866371088,21.53113555908203,28639000
2017-11-21,21.626707486471084,21.79198106484932,21.533494586660947,21.665088653564453,20903000
2017-11-22,21.69876532393334,21.75281268957643,21.475527114371154,21.569522857666016,18642000
2017-11-24,21.671351487814512,22.166392278994845,21.658818223299008,22.11861228942871,11572000
2017-11-27,21.95255501985743,22.377100908227767,21.91417385443511,22.294071197509766,26230000
2017-11-28,22.31286919688404,22.316002139652994,21.684668604348733,21.728532791137695,26796000
2017-11-29,21.775521831516066,21.786487874139638,20.74705942257328,21.266382217407227,47231000
2017-11-30,21.28831554084919,21.802938206201876,21.155940159768505,21.770824432373047,31452000
2017-12-01,21.556987248450692,21.580486555220556,20.682833653970384,21.271085739135742,47729000
2017-12-04,21.455162442427994,21.502942429624454,20.376568187822155,20.64837074279785,48439000
2017-12-05,20.5739644889809,20.844982766675095,20.400856294519556,20.49485206604004,38117000
2017-12-06,20.273960720733818,20.711821270366116,19.911296782176745,20.670307159423828,48751000
2017-12-07,21.531929267614814,21.59537547445204,20.496416116821365,20.670307159423828,79282000
2017-12-08,20.817564593550706,20.9092102706001,20.31077484599385,20.35855484008789,41848000
2017-12-11,20.31390522446903,20.643670956154697,20.270823903191925,20.36168670654297,34941000
2017-12-12,20.31547789447542,20.43453721252246,20.03035913181195,20.26378059387207,28541000
2017-12-13,20.3977238145348,20.623312177296793,20.379707522163883,20.524616241455078,26943000
2017-12-14,20.548892845306035,20.60059013328698,20.107116564018614,20.313905715942383,37595000
2017-12-15,20.49484579215302,20.83557755833719,20.22930912615439,20.814428329467773,45091000
2017-12-18,20.822316245179465,21.013916653629416,20.704831827414285,20.846757888793945,29786000
2017-12-19,20.760816359532367,20.917724453452088,20.600754553240243,20.792356491088867,19094000
2017-12-20,20.9847472025443,21.001305321005884,20.71981580324262,20.945322036743164,19845000
2017-12-21,20.96976011197076,20.993415205724975,20.584980211964176,20.62125015258789,17758000
2017-12-22,20.64411844963071,20.766334194488127,20.398112359720642,20.685909271240234,14617000
2017-12-26,20.28220334350023,20.685908561753166,19.979425933726613,20.350801467895508,22256000
2017-12-27,20.409154959333982,20.62756422938991,20.382346145215276,20.431232452392578,35615000
2017-12-28,20.513231579255876,20.56369398242933,20.386284511416733,20.53373146057129,13641000
2017-12-29,20.48247980105027,20.654369902233004,20.235684146084708,20.25618553161621,17980000
2018-01-02,20.48247325189797,21.091972691791007,20.309007102010657,21.05333709716797,33135000
2018-01-03,21.07541884908238,21.346657622137236,20.97607015706938,21.283578872680664,31161000
2018-01-04,21.414469875940476,21.427874280757976,21.16530856458185,21.290678024291992,19067000
2018-01-05,21.444432646940495,21.62499583216405,21.24573373641992,21.41683578491211,28633000
2018-01-08,21.361638660986877,21.49016182299037,21.214981279212047,21.46808433532715,20971000
2018-01-09,21.530374682837355,21.59266538083423,21.146382811035863,21.170825958251953,26027000
2018-01-10,20.97212853973998,20.984744892190584,20.558174119859096,20.723756790161133,31607000
2018-01-11,20.78210399739671,20.804181486006986,20.622830257017974,20.77658462524414,17726000
2018-01-12,20.76790913184032,20.920085874405796,20.65909780550297,20.8388729095459,19881000
2018-01-16,20.909045090135983,21.05255023936209,20.63149893379169,20.756868362426758,33528000
2018-01-17,20.93269810158024,21.01548865795529,20.536878030662535,20.958717346191406,37365000
2018-01-18,20.93112809396018,21.29383207402223,20.853856879953685,21.273330688476562,30319000
2018-01-19,21.22207823474119,21.24494377439016,20.97922436680807,21.00445556640625,29963000
2018-01-22,20.946110305726364,21.034420265428444,20.549502035243492,20.6669864654541,27230000
2018-01-23,20.637811483465995,20.84833718854977,20.351592173620485,20.729276657104492,35398000
2018-01-24,20.57709762921711,20.758448857830917,20.185220703279366,20.25303077697754,45405000
2018-01-25,20.322418354531266,20.33030338726403,19.475585690726493,19.498451232910156,59520000
2018-01-26,19.666390808249403,19.787028907082252,19.33680468284528,19.7744140625,49014000
2018-01-29,19.576505214909222,19.671912130125975,19.198822325217876,19.354942321777344,50401000
2018-01-30,19.022204964077133,19.320252566596096,18.687887416255897,19.00091552734375,46002000
2018-01-31,19.712130923648765,19.959714638357976,19.306849559983863,19.556798934936523,80482000
2018-02-01,19.059258827292453,19.388844957472134,18.773826157706086,18.828231811523438,66851000
2018-02-02,18.66896749339613,18.762796840103086,18.457653698293598,18.56725311279297,58352000
2018-02-05,18.50416785243947,19.239035308271045,17.945920281374594,17.98534393310547,70776000
2018-02-06,17.78980352177264,18.955185167284316,17.73303218962774,18.9536075592041,77744000
2018-02-07,18.825871833013245,19.168074415136097,18.687099475228035,18.71706199645996,40475000
2018-02-08,18.71784460497188,18.806942586783247,18.09651837602774,18.10124969482422,43200000
2018-02-09,18.355137822001875,18.696552198435718,17.839469272734018,18.568817138671875,43282000
2018-02-12,18.754904385132434,19.355730796602977,18.72651947747077,19.27057456970215,35063000
2018-02-13,19.003280628888092,19.399100815203706,18.928375080412938,19.385696411132812,23719000
2018-02-14,19.317886487421905,19.605683391356422,19.19803640580641,19.527624130249023,25491000
2018-02-15,19.655361640420026,19.85721429120497,19.27294728326269,19.856426239013672,25540000
2018-02-16,19.812263388748427,19.898995716769,19.557582767835942,19.624603271484375,32639000
2018-02-20,19.613567025822103,20.16471764608975,19.5165839953749,19.682165145874023,41693000
2018-02-21,19.90845795545558,19.985729147636558,19.58990904480107,19.603313446044922,28156000
2018-02-22,19.642741101787486,19.95655722952116,19.57571908702489,19.66087532043457,19342000
2018-02-23,19.880865896854477,20.108737765136638,19.734995055625586,20.004657745361328,18280000
2018-02-26,19.86666999948805,20.062215171465365,19.790976404068818,19.944730758666992,28878000
2018-02-27,19.876924445169113,20.159202009208638,19.844596261058758,19.854846954345703,21176000
2018-02-28,20.033834797169273,20.066161478576838,19.395160635732797,19.433008193969727,28834000
2018-03-01,19.385690117481197,19.64273636354745,19.026929547820014,19.18462562561035,26044000
2018-03-02,18.957544719308498,19.805166715628935,18.941776161917,19.780723571777344,27402000
2018-03-05,19.704246107525176,19.817788776961958,19.193307102892163,19.474008560180664,25900000
2018-03-06,19.657725748807465,19.814633845720937,19.500817651893993,19.787826538085938,30030000
2018-03-07,19.608831981737193,19.66481524383187,19.265053394794005,19.479520797729492,31549000
2018-03-08,19.574929674624116,19.5780833861733,19.390423261796187,19.471637725830078,33554000
2018-03-09,19.60016121078697,20.049597448529592,19.525255672468493,20.010173797607422,30782000
2018-03-12,20.55187205553415,20.8396690416312,20.470657555269145,20.724550247192383,53881000
2018-03-13,21.00761592438146,21.592672539708097,20.518755825814168,20.59681510925293,66855000
2018-03-14,20.65830755902283,20.68511485786632,20.118194252315767,20.547130584716797,39619000
2018-03-15,20.794713191864396,21.202360072188675,20.776578976245723,21.112472534179688,57990000
2018-03-16,20.737157082967567,20.784467270770776,20.05984898615225,20.096118927001953,113955000
2018-03-19,19.956556188300446,20.223853173609747,19.14205188987314,19.313941955566406,71267000
2018-03-20,19.325769084517272,19.558372238378272,19.02456781435936,19.109724044799805,61918000
2018-03-21,19.247336844785128,20.048175366549962,19.205734784201766,19.680957794189453,54912000
2018-03-22,19.363338597270108,19.738558214990235,19.320936943220406,19.48654556274414,43078000
2018-03-23,19.471347116981708,19.618554293545948,19.233736370686543,19.399343490600586,59070000
2018-03-26,19.814558178536643,19.907362042979123,19.241730800121676,19.819358825683594,48713000
2018-03-27,19.84735543769269,20.340978127095873,19.328929919121045,19.550540924072266,63917000
2018-03-28,19.527350023138222,19.75536098516906,18.84891585891861,18.935319900512695,41744000
2018-03-29,19.04812579005012,19.268136177828833,18.781712695344858,18.852916717529297,46874000
2018-04-02,18.716915235631834,18.89052296461744,18.03608209127236,18.215290069580078,53088000
2018-04-03,18.469693363199063,18.959316645847082,18.17767942743831,18.943315505981445,45569000
2018-04-04,18.40489211898942,19.03452318623636,18.360891266320305,18.960119247436523,37720000
2018-04-05,19.261732938705123,19.335335746155405,18.800910452037822,18.905715942382812,35798000
2018-04-06,18.699306661899186,18.924117679815623,18.221683389488906,18.310487747192383,30248000
2018-04-09,18.399291456919087,19.173729335729085,18.341689787104404,18.78011131286621,37494000
2018-04-10,19.165721924616737,19.325730235992243,19.01371570735759,19.180923461914062,33244000
2018-04-11,19.050527776726963,19.258538087710374,18.967323652333597,19.22653579711914,19922000
2018-04-12,19.315333664468834,19.41213857716477,18.968916462660893,19.15532684326172,41036000
2018-04-13,20.000964719534636,20.160973047671916,19.59294485614183,19.756153106689453,48312000
2018-04-16,19.928166257339317,19.992169298601386,19.65535335118298,19.9505672454834,25172000
2018-04-17,20.072168504152156,20.228975382275607,19.97216368160741,20.14017105102539,25084000
2018-04-18,20.08097241032147,20.134574553501746,19.797758626907754,19.96816635131836,20511000
2018-04-19,19.48414035125715,19.703351064344254,19.253729146477728,19.429737091064453,50141000
2018-04-20,19.298529985842894,19.328931536653506,18.801705806875308,18.97051429748535,41530000
2018-04-23,19.04011682779826,19.066518856192868,18.57049429556851,18.676898956298828,31337000
2018-04-24,18.860112621096416,18.89051417841256,18.13607854413191,18.272085189819336,44889000
2018-04-25,18.320890426635742,18.488899388414477,18.06967887231938,18.320890426635742,34023000
2018-04-26,18.48089672097769,18.551299610967167,18.264885877161866,18.434494018554688,32751000
2018-04-27,18.686509728861875,18.736911962146387,18.456898029057037,18.623306274414062,27211000
2018-04-30,18.607300603143152,18.730507558265625,18.26648514880417,18.354488372802734,39682000
2018-05-01,18.468894492274536,18.468894492274536,18.10967755637683,18.431293487548828,44947000
2018-05-02,18.664904147936713,18.676104641709124,18.144879260849798,18.300086975097656,52950000
2018-05-03,18.120075440388945,18.231280763431332,17.815260300987653,18.020870208740234,58011000
2018-05-04,17.89286474314223,18.568097273459667,17.759258431208252,18.44249153137207,51303000
2018-05-07,18.50489823271807,18.952921094755613,18.480898043434188,18.878517150878906,36953000
2018-05-08,18.860114048987263,19.117726943443024,18.786511236830133,19.10892677307129,40149000
2018-05-09,18.8649166373843,19.131329729616876,18.72491044444814,19.044925689697266,35031000
2018-05-10,19.17932989103723,19.499345107189,19.089725935705317,19.48174476623535,25747000
2018-05-11,19.447339996502908,19.560945643739277,19.328933702297398,19.47134017944336,24052000
2018-05-14,19.703353279069248,19.874560596188548,19.504942802843324,19.58174705505371,27580000
2018-05-15,19.3857381451949,19.556145860600353,19.080922990384863,19.327335357666016,24984000
2018-05-16,19.372138039899536,19.377738286498932,19.12012541697406,19.241731643676758,29330000
2018-05-17,19.050524318523944,19.333738129841684,19.040923022708196,19.15692901611328,22825000
2018-05-18,19.189731753046715,19.2505348760722,18.871315719508598,18.880117416381836,25262000
2018-05-21,19.157729788271272,19.24093390265447,18.93451948427838,19.124929428100586,25720000
2018-05-22,19.220135828989747,19.31053940003262,19.007324870560026,19.080129623413086,19218000
2018-05-23,18.899316007521016,19.251333508317487,18.883316391175704,19.2457332611084,23454000
2018-05-24,19.26972885826588,19.54974265579572,19.200925188984385,19.483339309692383,22799000
2018-05-25,19.52414257679304,20.05536940958551,19.52414257679304,20.003366470336914,32214000
2018-05-29,19.892162075974785,20.089771423200883,19.87856125966094,19.976165771484375,28281000
2018-05-30,20.09537510451586,20.163377671756212,19.94736835008754,19.95296859741211,26844000
2018-05-31,19.941769169884022,20.424191590910752,19.920967378163652,20.166580200195312,34698000
2018-06-01,20.35058593289725,20.616998983523732,20.204178389753633,20.508193969726562,26360000
2018-06-04,20.640998932732213,20.749805471234378,20.499392038778687,20.67060089111328,25886000
2018-06-05,20.757805646260252,20.90901384347049,20.6442015059659,20.741806030273438,42374000
2018-06-06,20.860209945313724,21.10342240956914,20.77780696708343,21.08262062072754,37465000
2018-06-07,21.041015239391843,21.319429865193438,21.034615394277694,21.17542266845703,46077000
2018-06-08,20.540193755063886,20.795406299937316,20.30018275144673,20.638599395751953,73694000
2018-06-11,20.629805987829332,20.945022173213765,20.506600513617496,20.86741828918457,31859000
2018-06-12,20.82740777805765,20.939412705300978,20.672999677541334,20.9154109954834,27594000
2018-06-13,20.941814998128,21.286631507382566,20.857809768843442,21.087421417236328,34868000
2018-06-14,21.2010283668191,21.526643831375356,21.12902475217631,21.477842330932617,37042000
2018-06-15,21.604244260174138,21.74585114300886,21.307429678259837,21.61944580078125,60969000
2018-06-18,21.521044470412185,21.521044470412185,21.139426517852197,21.161027908325195,30191000
2018-06-19,20.755643923429364,21.17156795892345,20.60565240062048,21.156972885131836,36221000
2018-06-20,21.201563001775384,21.405877001791687,21.13994451838024,21.178861618041992,24951000
2018-06-21,21.208049608369443,21.288314771008338,20.95346782411865,21.051570892333984,18186000
2018-06-22,21.17561496711606,21.201559180075375,20.995624573436572,21.056432723999023,52412000
2018-06-25,20.7896939342809,20.7896939342809,20.304043598072436,20.46538734436035,29705000
2018-06-26,20.512409181599637,20.642943675844496,20.313772087076977,20.3940372467041,24233000
2018-06-27,20.43863158805044,20.687538040313676,20.013789407151688,20.034870147705078,24720000
2018-06-28,19.96757819824744,20.051898075575345,19.64245970414521,19.85569190979004,33238000
2018-06-29,20.021895291119638,20.021895291119638,19.66677948845896,19.672454833984375,42794000
2018-07-02,19.465706971979316,19.63839982377024,19.249232006159893,19.624616622924805,33369000
2018-07-03,19.730832234070963,19.733264746143288,19.377337043598562,19.400850296020508,11591000
2018-07-05,19.603539888185356,19.91325291909593,19.51354468378511,19.89622688293457,25299000
2018-07-06,19.85569198338846,20.155676579798204,19.816774878875027,20.081085205078125,23112000
2018-07-09,20.18810210739072,20.20675033364555,19.906765802051208,20.06081199645996,17955000
2018-07-10,20.134594297258925,20.41512031995694,20.030005553388147,20.314584732055664,16413000
2018-07-11,19.85974468679688,20.069732491369777,19.670024207997105,19.73731803894043,35761000
2018-07-12,16.789368653984894,17.048813931078804,16.00941063249461,17.024490356445312,435083000
2018-07-13,17.228801048730844,17.350415805674075,16.369388347061093,16.414791107177734,161678000
2018-07-16,16.3450682527385,16.732615532450495,16.258315869176137,16.478845596313477,102277000
2018-07-17,16.394520834926194,16.9523283349032,16.378305123011476,16.889087677001953,110827000
2018-07-18,16.80072239721699,17.01638713483444,16.752887107575297,16.927202224731445,80834000
2018-07-19,16.887476318886776,17.14611134439466,16.867207441056657,17.056116104125977,63247000
2018-07-20,17.034213945902096,17.124209127581427,16.925570542766458,17.0528621673584,62893000
2018-07-23,17.059351266471836,17.726612569025555,17.058540944719628,17.570945739746094,82211000
2018-07-24,17.658512278865516,17.86850009323296,17.512573918032725,17.6212158203125,81158000
2018-07-25,17.6512155106934,18.53819486055691,17.6512155106934,18.32090950012207,92271000
2018-07-26,18.363879377685347,18.62900001755317,17.964171066599402,18.09470558166504,85069000
2018-07-27,18.161995221149752,18.590081748511942,17.842553675513773,17.922008514404297,79443000
2018-07-30,17.926871527011844,18.487111584785282,17.9220065037517,18.25766372680664,75275000
2018-07-31,18.378470904099093,18.553597849856995,17.961736598990598,17.980384826660156,63860000
2018-08-01,18.101190118374618,18.156321389247523,17.528788936926865,17.577434539794922,42669000
2018-08-02,17.37231102777066,17.69580731755256,17.289613344368092,17.540950775146484,40312000
2018-08-03,17.492308960066406,17.674730405521476,17.382855164943617,17.659326553344727,24832000
2018-08-06,17.56365348042271,17.69986180365395,17.501224665608387,17.589597702026367,22638000
2018-08-07,17.77364173965283,17.98606207033218,17.60500199022071,17.862014770507812,29798000
2018-08-08,17.88066462031619,17.936606221464984,17.7517522843116,17.793100357055664,15801000
2018-08-09,17.84904546407426,17.857153324392755,17.507712740671632,17.559602737426758,27563000
2018-08-10,17.253939865168782,17.389337862424473,17.063409045511886,17.2069149017334,37017000
2018-08-13,17.159886885546946,17.348795464213293,17.0625941504493,17.113672256469727,29842000
2018-08-14,17.154220571429573,17.154220571429573,16.769915998492678,16.80721092224121,36327000
2018-08-15,16.63127106561131,16.829908200597416,16.439929921305346,16.74883270263672,41132000
2018-08-16,16.845314873943405,16.93368791570047,16.7577521542309,16.919904708862305,29239000
2018-08-17,16.861525615285863,17.122591506843378,16.662076655662414,16.9669246673584,39093000
2018-08-20,16.983954367733663,17.026114306941025,16.69045698365841,16.760183334350586,54489000
2018-08-21,16.82504555180825,17.142864983455475,16.79180379186912,17.06746482849121,29952000
2018-08-22,17.062599481509466,17.164755725468147,16.817747696962115,16.8266658782959,26890000
2018-08-23,16.842070529907886,16.95152430634294,16.643431851248124,16.66856575012207,35578000
2018-08-24,16.730181215773616,16.966925087711193,16.594783242977087,16.94503402709961,20541000
2018-08-27,17.046382720822592,17.38041939112041,16.91503942845209,17.26691246032715,28213000
2018-08-28,17.401500504207988,17.509333646758368,17.234482923865404,17.385286331176758,24340000
2018-08-29,17.416095329305755,17.496360510509398,17.305829675781084,17.430688858032227,18125000
2018-08-30,17.42906532632454,17.588786900820974,17.399878271117633,17.565275192260742,26529000
2018-08-31,17.515000718228737,17.781741908948874,17.5004056497725,17.758230209350586,27623000
2018-09-04,17.722555180903964,17.860385632248054,17.604183273572065,17.790660858154297,36663000
2018-09-05,17.832825036287883,17.982816533540863,17.802826118271007,17.952007293701172,37194000
2018-09-06,17.958491366279866,18.06551260118391,17.343930360540227,17.5101375579834,62509000
2018-09-07,18.177404266749416,19.086274712049292,18.1611885484152,18.856826782226562,104703000
2018-09-10,19.025465980638625,19.535438399812595,18.813855965788143,19.50787353515625,60880000
2018-09-11,19.2719392191865,19.434091752405923,18.680079457424593,18.854393005371094,60755000
2018-09-12,18.493599168326345,18.716559836262135,18.066326059274466,18.63872718811035,53077000
2018-09-13,18.94681701341012,19.395172383290156,18.738449881639994,19.087080001831055,43757000
2018-09-14,19.0660039358636,19.22248111757669,18.94682011905107,19.16167449951172,28095000
2018-09-17,19.45841434942176,19.482737924068235,18.997087577946324,19.039247512817383,36739000
2018-09-18,19.196082810422926,19.718869247968097,19.185463301928337,19.582454681396484,50511000
2018-09-19,19.642901925045294,19.80790626857409,19.58572079827391,19.7507266998291,31160000
2018-09-20,19.84874932613905,20.097890223091692,19.74500969158234,20.007219314575195,39986000
2018-09-21,20.121571990887535,20.320885579210117,20.0276339310508,20.266155242919922,135321000
2018-09-24,20.26207709658714,20.42953221482231,20.201630346783276,20.376436233520508,45326000
2018-09-25,20.338041447056803,20.368264037806583,20.078281099589717,20.229398727416992,47037000
2018-09-26,20.06521333327414,20.262076190796225,19.99659785418149,20.048059463500977,33428000
2018-09-27,20.069300864433828,20.24819190963458,20.00558537053922,20.13138198852539,29572000
2018-09-28,20.057055328888246,20.173865289511816,19.919006343772917,20.154260635375977,26739000
2018-10-01,20.24818884527511,20.596169338274535,20.231034976058496,20.381336212158203,27709000
2018-10-02,20.351108166985032,20.561039702296277,20.251452151836727,20.266155242919922,24888000
2018-10-03,20.32415995168268,20.530006415741287,20.179576648487295,20.373987197875977,19607000
2018-10-04,20.148538709156153,20.39931245864432,20.110963778638457,20.271883010864258,25660000
2018-10-05,20.289860400373566,20.425457061342907,19.800563531662874,19.950048446655273,33860000
2018-10-08,19.87488729273793,20.04724396206227,19.635549510908078,19.71641731262207,33397000
2018-10-09,19.652710882021132,20.072574225777977,19.63474059878765,19.98843765258789,24675000
2018-10-10,19.843845004305717,20.018652433912365,18.921616546220935,18.937137603759766,56327000
2018-10-11,18.94857106721351,19.245088353375394,18.558114158256668,18.697795867919922,37424000
2018-10-12,19.176477874344968,19.250811316634387,18.71495460301194,19.028627395629883,32589000
2018-10-15,18.871795497833894,19.22304328375692,18.790926118616287,18.989421844482422,30099000
2018-10-16,19.27776699146139,19.503218078756408,19.129098558873416,19.46727752685547,30355000
2018-10-17,19.583275709012362,19.583275709012362,19.107865666326134,19.373342514038086,20262000
2018-10-18,19.23120798821621,19.3447507321207,18.50420786485957,18.625919342041016,37442000
2018-10-19,18.787659316840298,18.876695874160557,18.536885555837273,18.647159576416016,32231000
2018-10-22,18.83339865018991,18.986150678192423,18.627552197244317,18.674928665161133,25619000
2018-10-23,18.200338555007047,18.750082008252267,17.874413412798205,18.71005630493164,35990000
2018-10-24,18.493593386264696,18.49441135043348,17.794366454246703,17.865432739257812,37810000
2018-10-25,17.961000333436075,18.24771617175563,17.901369982777172,18.153778076171875,35193000
2018-10-26,17.608936454278478,17.753519776317773,17.088600710953813,17.411258697509766,53324000
2018-10-29,17.659574784327575,17.863788383570263,17.00935907072933,17.276470184326172,28636000
2018-10-30,17.46271910308351,18.098231927747545,17.23563360771108,18.05330467224121,29697000
2018-10-31,18.37922461403907,18.433953399491795,18.110479121069964,18.25588035583496,28146000
2018-11-01,18.392295698510623,19.133182359871885,18.27466783320808,18.777851104736328,36830000
2018-11-02,18.40618189306172,18.458459904221886,17.787005142356183,18.033695220947266,40241000
2018-11-05,17.89075329748469,18.06065923708746,17.45700330786879,17.97815704345703,27609000
2018-11-06,17.995312784449514,18.719045914896807,17.94793474229457,18.644712448120117,29464000
2018-11-07,18.950207074026704,19.21976899691377,18.72312162256506,19.147069931030273,29004000
2018-11-08,19.009023207570845,19.81852547563094,19.009023207570845,19.62493133544922,29796000
2018-11-09,19.196080011115757,19.524455856474003,18.995133575030472,19.522005081176758,33611000
2018-11-12,18.869346031261212,18.940412311007815,17.9936772817832,18.267324447631836,50306000
2018-11-13,18.419249749934167,18.77294816743965,18.160307365482808,18.365337371826172,26697000
2018-11-14,18.522996621404626,18.830949928559193,18.429874929094144,18.477252960205078,25411000
2018-11-15,18.47888247487286,19.54814503870188,18.449476285927748,19.305540084838867,36694000
2018-11-16,19.09969501505799,19.53916289511873,18.922438332374405,19.409282684326172,36005000
2018-11-19,19.321061172851525,19.69272994234957,18.668394541584643,18.716588973999023,35326000
2018-11-20,18.292635011194953,18.71249964224272,18.18154308478866,18.600589752197266,32123000
2018-11-21,18.805628971874956,19.058037094584584,18.584261415991932,18.78765869140625,19926000
2018-11-23,18.589977050508548,19.00738950142552,18.589977050508548,18.77948760986328,8066000
2018-11-26,19.132370390285693,19.45339398198268,18.914270036073255,19.221406936645508,28714000
2018-11-27,19.080090980646847,19.471364437457318,18.98533647578951,19.263883590698242,30406000
2018-11-28,19.31860979460198,19.441137665488498,18.919985621795018,19.214052200317383,31080000
2018-11-29,19.136453759149468,19.492603056568598,19.013107910345596,19.259798049926758,17920000
2018-11-30,19.228756054401043,19.464008684231054,19.064568122186877,19.392942428588867,40083000
2018-12-03,20.029272954500314,20.17957419676981,19.724585324917516,19.773597717285156,35241000
2018-12-04,19.644535769166357,19.696815347642573,18.91671928013701,18.954294204711914,36455000
2018-12-06,18.480516691852692,18.563018859403257,17.77557054655222,18.56220245361328,57859000
2018-12-07,19.118485574859694,19.464013842889667,18.338389367651114,18.670032501220703,78396000
2018-12-10,18.62020032038115,19.6306490427907,18.50257243754749,19.543245315551758,43344000
2018-12-11,19.887144093718526,20.449139875242988,19.883875353873112,20.163240432739258,57730000
2018-12-12,20.620678486728536,21.25374053273875,20.584737928902953,20.82815933227539,68703000
2018-12-13,21.1124240743413,21.36074700723332,20.795484097677367,21.099353790283203,54355000
2018-12-14,20.859199409042,21.368100744632308,20.799569058013784,20.815906524658203,42727000
2018-12-17,20.74728829910839,21.346042506251468,20.672954861110778,20.758724212646484,56238000
2018-12-18,21.055889317301677,21.09798838072493,20.538325424822517,20.60931396484375,51849000
2018-12-19,20.554009269950587,21.126055251919144,20.019110725858585,20.132198333740234,59728000
2018-12-20,20.174299940245252,20.512739372176533,19.683148842496728,19.96710777282715,75365000
2018-12-21,19.96710103056635,20.780181661101594,19.96710103056635,20.21639060974121,102138000
2018-12-24,19.97619119104498,20.116519865403568,19.275372828231884,19.2993106842041,28494000
2018-12-26,19.62784607656716,20.51274224047943,19.274548562878394,20.48302459716797,36741000
2018-12-27,20.223829404177266,20.738091827176106,19.98774773012004,20.706724166870117,37507000
2018-12-28,20.884195280106702,21.30187962655326,20.73231020634835,20.932897567749023,28702000
2018-12-31,21.282895123799364,21.338200631505153,20.71497571735807,20.98985481262207,26590000
2019-01-02,20.54162922801738,21.024523910815898,20.34682007764626,20.926294326782227,30346000
2019-01-03,20.187504138483988,20.350945625135928,19.01287266170418,19.064876556396484,68580000
2019-01-04,19.33975613677225,19.518055658755884,19.12348416656792,19.252256393432617,54248000
2019-01-07,19.28692819236262,19.830908224673703,19.0483699313896,19.64435386657715,53433000
2019-01-08,19.820172885612866,19.96793132674628,19.263811531686134,19.48668670654297,36795000
2019-01-09,19.68067244870047,20.362504522012927,19.63362175000405,20.329486846923828,52971000
2019-01-10,20.27087728205529,20.683608436858897,20.17099767772168,20.596935272216797,29594000
2019-01-11,20.589503815487497,20.87758931025895,20.58042242156785,20.683605194091797,20158000
2019-01-14,20.48054340892826,20.76697889427544,20.29811570777062,20.708370208740234,25498000
2019-01-15,20.864381061314514,21.645269144003286,20.80247234316951,21.172279357910156,39247000
2019-01-16,21.230891566913826,21.24327457307287,20.748821845642286,20.776887893676758,24484000
2019-01-17,20.641505851937428,21.243267802815428,20.530893287354626,21.07652473449707,35154000
2019-01-18,21.39019952865947,21.622154492587796,21.214376642613193,21.52970314025879,34634000
2019-01-22,21.296924299524733,21.41744170610948,21.04103145633486,21.320863723754883,37156000
2019-01-23,21.424048247491044,21.53713586106993,20.93785038876325,21.257305145263672,31771000
2019-01-24,21.551998104883236,22.019209830641852,21.462023316622773,21.755062103271484,35999000
2019-01-25,21.88878395310157,22.147978434907834,21.537136522392057,22.1174373626709,30333000
2019-01-28,21.590789414902744,22.192551434229877,21.350579612427897,22.091018676757812,31320000
2019-01-29,22.06873630058504,22.089372544324124,21.778172572649716,21.983713150024414,27870000
2019-01-30,22.287478885492035,22.59702720334609,22.070381928846018,22.355167388916016,28727000
2019-01-31,22.333707307828686,22.370028164666735,21.98618807745116,22.14302635192871,21063000
2019-02-01,22.217313756786577,22.254458040789263,21.86566640178709,22.024154663085938,22878000
2019-02-04,22.081113291756985,22.464128322269264,21.87062112883398,22.46247673034668,20761000
2019-02-05,22.449273128877394,22.669671737749013,22.28005341188691,22.28748321533203,22619000
2019-02-06,22.557406282945106,23.11294264578345,22.514482208816275,22.800092697143555,27064000
2019-02-07,22.523566428867614,22.664721683010935,21.982062982024473,22.21236801147461,28646000
2019-02-08,22.06708137022654,22.64160394461442,22.044793537604253,22.622617721557617,23903000
2019-02-11,22.650690165408626,22.782764032016107,22.558237199227644,22.75965118408203,18012000
2019-02-12,23.001511635618133,23.145141929672285,22.870262774844427,23.06259536743164,19809000
2019-02-13,23.112945657649497,23.291245196666914,22.945377532173776,23.221906661987305,19190000
2019-02-14,23.16246746640525,23.34737175616034,23.02626703049408,23.236759185791016,16015000
2019-02-15,23.45055251798891,23.45055251798891,23.013057049539345,23.272253036499023,17352000
2019-02-19,23.207870417447253,23.346549042004256,23.12532387952308,23.249969482421875,15152000
2019-02-20,23.381222685288922,23.660228429814605,23.30115273317815,23.395254135131836,16150000
2019-02-21,23.380392439973928,23.389472260280275,23.024618409284628,23.190536499023438,13254000
2019-02-22,23.108817325360086,23.112943944023144,22.67214675703485,22.824031829833984,27225000
2019-02-25,23.177330765410577,23.18145895878406,22.98747480578636,22.99738121032715,19245000
2019-02-26,22.94207424740307,22.94867904194689,22.65481370530324,22.700214385986328,27211000
2019-02-27,22.55327810415665,22.708464767321715,22.252809606042856,22.410472869873047,29146000
2019-02-28,22.28500516262334,22.758820024445303,22.174394148163895,22.729928970336914,31460000
2019-03-01,22.925561662358007,22.96105593142665,22.38075675081517,22.514480590820312,19035000
2019-03-04,22.700209503743125,22.830633306543465,22.358468533212356,22.691129684448242,17382000
2019-03-05,22.74148901217823,23.149268593333126,22.661419056776037,22.866134643554688,21699000
2019-03-06,22.837242605577597,22.859530442609017,22.32710682735281,22.398921966552734,19973000
2019-03-07,22.3023411749083,22.314724180609705,21.798810218977504,21.916851043701172,25411000
2019-03-08,21.59079105289468,21.854938725002977,21.395981908548166,21.80788803100586,22167000
2019-03-11,21.865672712719,22.332884395758924,21.796334176790825,22.209890365600586,27161000
2019-03-12,22.267672255301992,22.289960091467844,21.814493600670566,22.256940841674805,23324000
2019-03-13,22.32958322677152,22.54172703223491,22.20658919418335,22.387365341186523,32089000
2019-03-14,22.459997831890224,22.47403085124198,22.113303689146317,22.138893127441406,43094000
2019-03-15,23.646189769123858,24.726719786142667,23.401853351863107,23.96234130859375,144066000
2019-03-18,23.957390625757153,24.514576995007545,23.955739033751232,24.255382537841797,56746000
2019-03-19,24.281798520342434,24.844763135454823,24.277670327289375,24.706911087036133,51556000
2019-03-20,24.8185072586985,24.90179115993741,24.176390905874666,24.238021850585938,41263000
2019-03-21,24.30881869935053,24.932613366007267,24.23552967249095,24.71857452392578,27379000
2019-03-22,24.6452790290465,24.688586533731975,24.268837483899055,24.372941970825195,23307000
2019-03-25,24.335471071928485,24.500372587037358,24.068963765309157,24.33213996887207,23878000
2019-03-26,24.516190917893802,24.940937422727057,24.50453126598299,24.73772430419922,28009000
2019-03-27,24.782696281208864,24.875141111085906,24.357117430133396,24.649442672729492,21862000
2019-03-28,24.744386268975394,25.259911227240508,24.624457068031578,24.907621383666992,33030000
2019-03-29,25.08668365463432,25.207445245664793,24.84182937030836,25.044208526611328,24493000
2019-04-01,25.24409113625056,25.54724210004599,24.964257888853965,25.4672908782959,27040000
2019-04-02,25.498106786249377,25.597215428465244,25.202450382176643,25.23909568786621,22857000
2019-04-03,25.503105805271822,25.60138048650778,25.136657491330734,25.33487319946289,22266000
2019-04-04,25.380671373459506,25.484775848667702,25.124157476348078,25.151641845703125,15228000
2019-04-05,25.318212448709204,25.35485775137559,25.134989112394294,25.34153175354004,18875000
2019-04-08,25.329869971599667,25.426479873641114,25.151644098020398,25.358186721801758,13899000
2019-04-09,25.199947085841455,25.327370871347867,25.00922759676857,25.272403717041016,11621000
2019-04-10,25.284898700773194,25.6321911222636,25.234927402516586,25.610536575317383,14992000
2019-04-11,25.66383337377774,25.83373066753753,25.503927795874763,25.768770217895508,16669000
2019-04-12,25.930350474849266,26.437547004011737,25.865388411840605,26.403400421142578,30087000
2019-04-15,26.403393874684213,26.444204241402847,26.081919507602993,26.35092544555664,16216000
2019-04-16,26.650752492443516,26.651584870968417,26.325946954764625,26.525827407836914,21116000
2019-04-17,26.670736116353165,26.72903755374642,26.470857274210545,26.69489097595215,18138000
2019-04-18,26.737366800574932,26.854795709796907,26.49750994558911,26.53582000732422,26548000
2019-04-22,26.427547432740017,26.475018415277606,26.1677024193036,26.234329223632812,13504000
2019-04-23,26.380912706453202,26.49167940766207,26.16687388737554,26.287633895874023,19777000
2019-04-24,26.19935031792514,26.401729454861368,26.083586185624515,26.178529739379883,23335000
2019-04-25,26.063599324150644,26.063599324150644,25.532249617979172,25.9694881439209,26732000
2019-04-26,25.747129147488824,25.89703831319967,25.410662329115482,25.852066040039062,16404000
2019-04-29,25.9211882080084,26.20684971157111,25.85456139132636,26.04444694519043,13404000
2019-04-30,26.094414063025038,26.519158958417695,26.028619635410024,26.517494201660156,18953000
2019-05-01,26.692390966305364,26.91725704902825,26.541647866049136,26.55913734436035,18158000
2019-05-02,26.649082196305528,26.833141076084427,26.170202511553388,26.302623748779297,20428000
2019-05-03,26.230168632443714,26.371750805801327,25.875380026345784,26.2934627532959,19214000
2019-05-06,25.55057865917042,25.97865635093159,25.430649425625624,25.948673248291016,14371000
2019-05-07,25.705480000487515,25.786265184884517,25.29572425258742,25.592214584350586,21734000
2019-05-08,25.42648576955811,25.623035132760386,25.244094784739936,25.267414093017578,15099000
2019-05-09,24.98507637392489,25.472284600732404,24.722732627216335,25.32320785522461,22282000
2019-05-10,25.25408338748299,25.434809581467782,24.706910534986132,25.31488037109375,21025000
2019-05-13,24.47038400855805,24.625292169789223,24.002330011277905,24.433738708496094,37864000
2019-05-14,24.62612202277792,25.36817775624893,24.608632547191338,25.151641845703125,34277000
2019-05-15,25.007568790017885,25.63219583653082,24.869317698729347,25.349031448364258,18166000
2019-05-16,24.964260151399458,25.243259457115098,24.543677069473734,24.759382247924805,34233000
2019-05-17,24.383770886489945,24.44956532060893,24.019821346937167,24.143081665039062,39094000
2019-05-20,23.152839203642923,23.315243551249598,22.373305642270186,22.7022762298584,65162000
2019-05-21,23.07704944450106,23.301083138356887,22.873837918768253,22.930471420288086,25060000
2019-05-22,22.52654291677413,22.907981864295913,22.400783898111253,22.421606063842773,31809000
2019-05-23,22.035172919674665,22.110960657970523,21.501324472360672,21.661230087280273,46607000
2019-05-24,21.87859694033852,22.131778147759302,21.29894234421547,21.31559944152832,27963000
2019-05-28,21.368068348040662,21.464678243817158,20.828391726459646,21.194005966186523,61965000
2019-05-29,21.049090706496866,21.351409217030536,20.952482408428775,21.16402244567871,28132000
2019-05-30,21.208999532161837,21.43219926984444,21.1640272686518,21.372236251831055,17310000
2019-05-31,21.074083321739217,21.29894783944592,20.904184380031495,20.95748519897461,22192000
2019-06-03,21.033274824179518,21.514654937246252,20.920843349542135,21.085744857788086,28911000
2019-06-04,21.400553178377468,22.15343795292822,21.300613747783373,22.12845230102539,36805000
2019-06-05,22.40412118199206,22.61233018869427,21.853617152842613,22.13011932373047,23651000
2019-06-06,22.238383270139728,22.902986578429445,22.093470005701874,22.718929290771484,32687000
2019-06-07,22.884667739526865,23.142014071711912,22.75974107091564,22.892162322998047,25963000
2019-06-10,23.047070331433485,23.716669581837703,23.04623795294477,23.336896896362305,23280000
2019-06-11,24.193055961437846,24.297992853720388,23.270273717527104,23.609237670898438,37105000
2019-06-12,23.458489241068182,23.582581933121677,23.103700643005336,23.296918869018555,27057000
2019-06-13,23.44599090801208,23.560088674191263,23.103694432458475,23.4534854888916,37735000
2019-06-14,21.49632484914274,22.327494278074745,21.44302245733362,22.147602081298828,100797000
2019-06-17,22.056830645114456,22.378306701286874,21.765339280982154,22.150941848754883,35785000
2019-06-18,22.332496018540002,23.57092264593656,22.19174622464086,23.15700340270996,54920000
2019-06-19,23.21780242476458,23.24195410981835,22.795554594530213,23.110366821289062,28920000
2019-06-20,23.52845185240396,23.773306183179944,23.082884672635576,23.240291595458984,57291000
2019-06-21,23.257943472139203,23.627064712890032,23.03512647416404,23.037649154663086,45399000
2019-06-24,23.166291690266608,23.496733926361575,23.1225689758952,23.4757137298584,20506000
2019-06-25,23.47235320419272,23.78513831626822,23.20833456832914,23.249534606933594,24436000
2019-06-26,23.42358453839457,23.881831916217912,23.383224859702967,23.664058685302734,24774000
2019-06-27,23.78934039395713,24.253473477277918,23.73048319921798,24.023088455200195,21813000
2019-06-28,24.203866958618164,24.32494600059201,23.948258320681827,24.203866958618164,49265000
2019-07-01,25.365887544377774,25.708102951841813,24.9160484335588,25.254058837890625,44832000
2019-07-02,25.13045552809349,25.28096158427916,24.711725795168043,24.83196449279785,19011000
2019-07-03,23.854086287344032,24.28122275699837,23.796909807021596,23.954143524169922,49411000
2019-07-05,23.849878227743698,24.000385846878167,23.708620970334227,23.766637802124023,24565000
2019-07-08,23.542984677322966,23.6430419259847,23.071283470080115,23.119211196899414,34291000
2019-07-09,22.992246250033357,23.204974149521465,22.90480080205199,23.167137145996094,26131000
2019-07-10,23.363048567582155,23.442085615462478,23.03849197474526,23.080533981323242,30134000
2019-07-11,23.142754417687627,23.32857639969814,22.950206356064523,23.211702346801758,20712000
2019-07-12,23.23860651729412,24.041590346043268,23.23860651729412,23.996185302734375,21971000
2019-07-15,24.476297667056972,24.761334947384864,24.15426213622318,24.244230270385742,30334000
2019-07-16,24.130715782985614,24.19798138323791,23.743938982469523,23.890241622924805,14617000
2019-07-17,24.010477247422152,24.15593952013104,23.811203139268905,23.970117568969727,15453000
2019-07-18,24.062610838479397,24.409029576442663,23.86249474714072,24.365306854248047,19357000
2019-07-19,24.537675009471375,24.64950369347734,24.344284997737148,24.383804321289062,22047000
2019-07-22,24.636048518443637,25.22378335433433,24.572147562489764,24.900907516479492,33905000
2019-07-23,25.18258323398033,25.423057389095113,25.158198391913718,25.290206909179688,19692000
2019-07-24,25.32552171784248,25.6349437797735,25.26666291815071,25.54161262512207,19006000
2019-07-25,25.403716493435436,25.403716493435436,25.174173431899632,25.257413864135742,15741000
2019-07-26,25.3583151883454,25.47855226930554,25.269187425359267,25.301979064941406,14996000
2019-07-29,25.32804354339837,25.439031860117687,24.969013033727666,25.370925903320312,12068000
2019-07-30,25.14810626496966,25.302817284231615,24.98078184485878,25.187623977661133,11164000
2019-07-31,25.227149005111293,25.29441461116007,24.103811940731987,24.382965087890625,20819000
2019-08-01,24.310650419280524,25.041323214354488,23.738051694168895,23.991979598999023,21911000
2019-08-02,23.717036596333887,23.865861939483743,23.199089953866153,23.41938591003418,20080000
2019-08-05,22.86612821557823,22.890513065269605,22.204403100776627,22.505416870117188,27765000
2019-08-06,22.713092253434272,22.88546045004029,22.244754140066455,22.402828216552734,22199000
2019-08-07,22.200192053647925,22.930864911519375,22.11358697015303,22.70636558532715,22244000
2019-08-08,22.73411235942897,22.917411636037546,22.07154549439733,22.784561157226562,29163000
2019-08-09,22.666843992305516,23.589224378744237,22.666843992305516,23.183948516845703,30735000
2019-08-12,22.986354827979845,23.392471043090946,22.915726199914985,23.176380157470703,20040000
2019-08-13,23.147790795356887,24.00542655517101,22.87284114836683,23.854080200195312,22340000
2019-08-14,23.441243244075363,23.55559460542125,22.734113272646447,22.833330154418945,27108000
2019-08-15,22.870326680673408,22.935909959739362,22.269139673035646,22.587810516357422,20010000
2019-08-16,22.88293894370726,23.185634954737367,22.868644822854087,23.01999282836914,17458000
2019-08-19,23.500942506908046,23.548868626383573,23.17386325999349,23.44040298461914,17489000
2019-08-20,23.388270907271053,23.960029296802347,23.291576709591254,23.574092864990234,17920000
2019-08-21,23.93312318379834,24.23749989447837,23.883514745131453,24.17359733581543,19381000
2019-08-22,24.248431733409184,24.334194852329055,23.925555890658462,24.183687210083008,12294000
2019-08-23,23.878466293978004,24.00374871465112,22.790443823454314,22.88125228881836,25742000
2019-08-26,23.28652638153931,23.370608762724313,23.122566620284466,23.309228897094727,14249000
2019-08-27,23.47151510685222,23.561481630337184,23.115005637634347,23.170499801635742,14298000
2019-08-28,23.066240049943975,23.241130949780086,22.74168345442686,23.211702346801758,17202000
2019-08-29,23.668261847509005,24.004589804233106,23.631265210960986,23.826335906982422,16429000
2019-08-30,23.99366590832239,24.039070957849987,23.534578069850394,23.764963150024414,16720000
2019-09-03,23.542985776907518,23.614454785364302,22.78036154832738,23.04269790649414,22210000
2019-09-04,23.44124562406424,23.908741839120534,23.391637178141245,23.796913146972656,19865000
2019-09-05,24.245912767074547,24.693229156488325,24.245912767074547,24.46957015991211,20938000
2019-09-06,24.53935199364479,24.661271381597995,24.324943418053145,24.544397354125977,13748000
2019-09-09,24.80421073565931,24.989190712952368,24.417433982117952,24.603254318237305,21686000
2019-09-10,24.497314122636176,24.75796812076149,24.284586242803456,24.75712776184082,20850000
2019-09-11,24.915199433234587,25.12204157315858,24.76637412799864,25.05729866027832,19260000
2019-09-12,25.3448607208275,25.42053472005622,24.927813366158098,25.273391723632812,33109000
2019-09-13,25.027034778338177,25.055623023890025,23.87006562620008,24.41071319580078,62557000
2019-09-16,24.11474165940534,24.406506590035328,24.02225085491514,24.271133422851562,22176000
2019-09-17,24.217323035568906,24.324948326367654,23.85829248115137,24.285429000854492,21912000
2019-09-18,24.25683737155523,24.44770306913849,23.86921865335821,24.193775177001953,16510000
2019-09-19,24.257685487594163,24.54776814707879,24.150900543616235,24.437620162963867,19421000
2019-09-20,24.41045921477939,24.47240388725025,23.914052124954605,24.12110137939453,35524000
2019-09-23,24.06679625779406,24.367185801032008,23.93611892441206,24.222930908203125,14850000
2019-09-24,24.380763986902203,24.514835308966767,23.738405732391342,23.955636978149414,20292000
2019-09-25,23.059554270576264,23.522867980240925,22.91105732420639,23.40067481994629,55588000
2019-09-26,23.357404615676263,23.64591443918596,23.138477163405604,23.497417449951172,27477000
2019-09-27,23.473654794709013,23.868234305940245,23.162233586336182,23.26236343383789,28660000
2019-09-30,23.402378406901512,23.481294640122275,23.123202460215094,23.426137924194336,19826000
2019-10-01,23.612818741108306,23.729920137424106,23.197873685225183,23.322612762451172,19429000
2019-10-02,23.20465956710335,23.233509247220614,22.768500958591684,22.9169979095459,19543000
2019-10-03,22.91106590225379,23.292917648023057,22.67516688284395,23.286977767944336,17096000
2019-10-04,23.631491235834346,23.903877613810028,23.352315267757845,23.880966186523438,25884000
2019-10-07,23.76046385285045,23.846168038704583,23.39473568883543,23.42698097229004,18658000
2019-10-08,23.255571534680918,23.326850067946623,22.818564854163053,22.93906021118164,22757000
2019-10-09,23.22332548352866,23.327697386854375,23.082464604743116,23.17835235595703,16329000
2019-10-10,23.297999634258694,23.65609173393237,23.22078122035844,23.288665771484375,17340000
2019-10-11,23.716342387852137,24.10583174124423,23.68240091612366,23.836837768554688,23697000
2019-10-14,23.795256733859794,23.984484753254595,23.749435507876303,23.90047836303711,13312000
2019-10-15,23.983639951259157,24.660789426690215,23.94630287354377,24.635332107543945,21230000
2019-10-16,24.52331777403006,24.616659641109496,24.314572328986184,24.47919273376465,20046000
2019-10-17,24.620059432995344,24.753282676807284,24.465622564887813,24.559812545776367,13125000
2019-10-18,24.565746959988346,24.603082412523634,24.099039236838426,24.33069610595703,16981000
2019-10-21,24.475799933370155,24.769401488286015,24.35869854805741,24.571687698364258,13031000
2019-10-22,24.57338330956587,24.68115082890923,24.373973341018342,24.392641067504883,13046000
2019-10-23,24.010792905827866,24.060009740988907,23.65439853839401,23.786773681640625,20957000
2019-10-24,24.004852193105766,24.05661492017542,23.64930754825075,23.955636978149414,16896000
2019-10-25,24.03624722431188,24.7244266464562,24.032853239292614,24.5929012298584,20869000
2019-10-28,24.706607228887226,24.818616827987135,24.46561810544158,24.739702224731445,12999000
2019-10-29,24.801646062779636,24.922141429669367,24.444402038654356,24.45203971862793,13272000
2019-10-30,24.60902450828501,24.690486627512485,24.312878662148023,24.628541946411133,17281000
2019-10-31,24.591205246084527,24.954389184418616,24.4214946531065,24.85001564025879,27881000
2019-11-01,24.861894245481466,25.167375564575195,24.785523915708033,25.167375564575195,21234000
2019-11-04,25.41600202047266,25.920045218890397,25.380362749538676,25.881011962890625,34075000
2019-11-05,25.881011877503077,26.880612499128418,25.836038743162685,26.648107528686523,38711000
2019-11-06,26.480094858735104,26.668474798776284,26.195828765283036,26.573436737060547,18076000
2019-11-07,26.778790695931484,27.111425561162573,26.360451625200316,26.452943801879883,23981000
2019-11-08,26.29426638035652,26.6107794471963,25.892050716281624,26.594655990600586,17830000
2019-11-11,26.40711746999046,26.580222031114598,26.376568368589687,26.53864288330078,9154000
2019-11-12,26.644712624649202,26.8483662873598,26.581919857066346,26.7745418548584,16875000
2019-11-13,26.515736815598743,26.789820980962944,26.475007369666532,26.616716384887695,12625000
2019-11-14,26.368936183618388,26.461428356036887,25.97520474042369,26.217891693115234,17268000
2019-11-15,26.497916488923185,26.564952963282256,26.312082428481503,26.55222511291504,18120000
2019-11-18,26.45972851005934,26.59464953621168,26.138125351526664,26.396087646484375,15850000
2019-11-19,26.86958102690436,27.63498045420413,26.86958102690436,26.95867919921875,31743000
2019-11-20,26.805940733809354,26.88485695792806,26.220435405132424,26.44700050354004,19927000
2019-11-21,26.402025382840506,26.788967175384226,26.288317987106282,26.750782012939453,19317000
2019-11-22,26.86873128808262,27.10972201736657,26.620104497462982,26.722780227661133,13216000
2019-11-25,26.86618851095158,27.169125568624334,26.837338826954955,27.121604919433594,19636000
2019-11-26,27.06899660465367,27.16912808094333,26.818671960168885,26.83734130859375,30793000
2019-11-27,26.979045690717772,27.148756269974967,26.854306626526242,27.021472930908203,20182000
2019-11-29,26.88654804746774,26.966312348138572,26.72956533913088,26.83224105834961,9229000
2019-12-02,26.960377808294492,26.978197444360774,26.352810761707588,26.36638832092285,23158000
2019-12-03,25.950593815754875,26.220434235924404,25.72233092570258,26.009992599487305,18736000
2019-12-04,26.284080088646686,26.42154540050259,26.06175704842987,26.28153419494629,14439000
2019-12-05,26.35535225260397,26.514032767351043,26.225523034810053,26.406265258789062,15494000
2019-12-06,26.699020803182332,26.843275680892145,26.480091784084472,26.818666458129883,16937000
2019-12-09,26.814423078020205,26.912007017242125,26.639619107878996,26.676956176757812,24694000
2019-12-10,26.73806081008012,26.80679347216445,26.58107804479071,26.73466682434082,14563000
2019-12-11,26.74483942119882,27.26839835902665,26.74483942119882,27.130084991455078,20829000
2019-12-12,27.13093237234375,28.015977346890967,27.10547667962701,27.815717697143555,38935000
2019-12-13,26.989226475613332,27.13432944348874,26.357899975895993,26.765207290649414,70952000
2019-12-16,26.981592120614426,27.798751076562443,26.944255047927484,27.41944694519043,37921000
2019-12-17,27.47120559245284,27.573879694741375,27.302341508021232,27.47629737854004,20248000
2019-12-18,27.52721303499422,28.10423258051982,27.455086401051275,27.785175323486328,35155000
2019-12-19,27.935372964243566,27.9396134226727,27.468663577745186,27.501758575439453,31787000
2019-12-20,27.640617382183137,27.640617382183137,27.16403883375343,27.343183517456055,50540000
2019-12-23,27.475188616274693,27.628619767099597,27.224041728794198,27.388614654541016,20254000
2019-12-24,27.428900885116906,27.487187979611974,27.344041925177308,27.471757888793945,7024000
2019-12-26,27.537756610349483,27.57804356450426,27.156323743701375,27.255754470825195,15848000
2019-12-27,27.368901525603842,27.37318657218775,27.019182214362665,27.1314697265625,14487000
2019-12-30,27.130609092873613,27.200037954672858,26.807461695208296,26.86832046508789,13104000
2019-12-31,26.839179731950967,27.11689684312473,26.811751184222057,27.087753295898438,12487000
2020-01-02,27.370615101911174,27.643190497629938,27.199185444100166,27.633760452270508,20329000
2020-01-03,27.215468685062397,27.42890028626316,26.921466441872663,26.93089485168457,22870000
2020-01-06,26.64460621248402,26.907753197439913,26.540033745311213,26.890609741210938,20789000
2020-01-07,27.021749430820996,27.13575192374902,26.76460417114199,26.798032760620117,18565000
2020-01-08,26.82717784624049,26.870893164156747,26.43545825415646,26.4637451171875,31979000
2020-01-09,26.770604731927094,26.828033503150998,25.976023804253632,26.251169204711914,42397000
2020-01-10,26.181741279206676,26.19031300631956,25.61173368787309,25.647735595703125,40705000
2020-01-13,25.71630957930501,26.040312058465698,25.686307714863197,25.815738677978516,22054000
2020-01-14,25.886024142231456,26.498888736403998,25.85088055141145,26.41574478149414,28911000
2020-01-15,26.34117226039785,26.39002930619102,25.77459303723992,25.98373794555664,22733000
2020-01-16,26.14317327279347,26.38831849266276,26.0754577627981,26.318889617919922,21508000
2020-01-17,26.456885613934087,26.48088579491856,26.06345267431886,26.468029022216797,26896000
2020-01-21,26.383171079169962,26.5297438431096,26.257168497108104,26.406312942504883,21967000
2020-01-22,26.640317606231346,27.250610506382746,26.614602425323906,26.82632064819336,29264000
2020-01-23,27.015747448222527,27.411752035266893,26.64202967582507,27.398895263671875,30266000
2020-01-24,28.328908477487026,28.421482474457036,27.49489890164805,27.771760940551758,55782000
2020-01-27,27.12118335979081,27.418615606374495,26.455174998486946,26.488603591918945,38843000
2020-01-28,26.874322344887634,27.362899362145306,26.809178524601304,27.284040451049805,23166000
2020-01-29,27.49919008060598,27.894336457257335,27.18375767122246,27.215471267700195,23668000
2020-01-30,26.942035047575054,27.04489413697372,26.450886369837164,27.017465591430664,21128000
2020-01-31,26.928322625058303,26.964322899006152,26.024882507729455,26.156885147094727,22123000
2020-02-03,26.19716712133869,26.280311067662755,26.026594183006367,26.16288185119629,21288000
2020-02-04,26.725181504336454,26.963469999549215,26.54175011000992,26.708894729614258,22559000
2020-02-05,27.21460981356025,27.41261294324182,27.07403709019565,27.20432472229004,24825000
2020-02-06,27.329469357109687,27.418613355536966,26.934321409563967,27.402326583862305,22683000
2020-02-07,27.28490085978598,27.302042680999186,26.989181964121276,27.02004051208496,15883000
2020-02-10,26.774891745428064,26.966036526075854,26.59746205565624,26.931751251220703,19218000
2020-02-11,27.141758404848368,27.496617835625795,27.086899668313972,27.442617416381836,15527000
2020-02-12,27.603761096017106,27.865193089970134,27.56861750006184,27.83176612854004,15310000
2020-02-13,27.55575633837254,27.896905515587562,27.510329291397937,27.769187927246094,13857000
2020-02-14,27.843762700104733,27.917476612183407,27.18032441227815,27.237754821777344,19137000
2020-02-18,27.000323435989504,27.00118011826618,26.404602275730205,26.63603401184082,26693000
2020-02-19,26.828894152042935,27.15718496119464,26.71746495686481,27.05946922302246,20525000
2020-02-20,26.911183496369343,27.059471297119554,26.239175004870052,26.506607055664062,25521000
2020-02-21,26.44317604044851,26.52460500432831,25.9108836649415,26.10031509399414,24522000
2020-02-24,25.21744697065702,25.611736654177005,24.862585928511034,24.994586944580078,36849000
2020-02-25,25.209733011359102,25.34859239683107,24.092006103429423,24.23000717163086,31892000
2020-02-26,24.37314911578282,24.7031532713794,24.343148886627663,24.50429344177246,23074000
2020-02-27,24.02599896562556,24.455432143971425,23.446563032675357,23.481706619262695,34837000
2020-02-28,22.571411997553497,23.4971372497386,22.520839953236173,23.367706298828125,44586000
2020-03-02,23.72256673032987,24.463147190505524,23.241703195268833,24.426288604736328,31976000
2020-03-03,24.398859461165376,24.727148552198067,23.277702890671076,23.50741958618164,29930000
2020-03-04,23.789423697064414,24.49057551890487,23.55199195400537,24.467432022094727,23477000
2020-03-05,23.765431350267725,24.265151862157754,23.35314149183204,23.48942756652832,24374000
2020-03-06,22.88427453105175,23.222850414295955,22.500269962921905,23.095991134643555,30169000
2020-03-09,21.52140035764149,22.30912461082532,20.93596429300681,21.233396530151367,43934000
2020-03-10,21.99369139275677,22.601412617357646,20.863106262078865,22.534555435180664,55071000
2020-03-11,21.761407360824894,21.985124086791156,20.785109851014713,21.083398818969727,36030000
2020-03-12,19.45651815186198,20.8082483337408,18.541936257169255,18.752796173095703,64281000
2020-03-13,19.329665454937796,20.097674768090375,17.242495897668945,20.07624626159668,84714000
2020-03-16,17.844212361450406,18.75450747488616,15.448469590255272,16.078475952148438,76935000
2020-03-17,16.44190930155904,17.14391786631394,15.555614333173573,17.10106086730957,70662000
2020-03-18,15.913906385952014,16.069907589098776,13.34330427156117,14.389031410217285,98993000
2020-03-19,14.36930912120176,17.78334846669005,14.143020840076982,16.667335510253906,74438000
2020-03-20,17.60880358203913,18.191113851913475,16.380545646597486,16.756258010864258,74044000
2020-03-23,16.813791266878216,17.08315365433427,15.494874103057693,16.865222930908203,46921000
2020-03-24,17.926109199191703,19.06545201332687,17.546910198971727,18.546775817871094,62970000
2020-03-25,18.497087817698336,21.270038108146263,18.238187011481305,18.964330673217773,64442000
2020-03-26,19.70355856243029,21.33978192774023,19.70355856243029,21.197690963745117,60213000
2020-03-27,20.311142652717677,21.10353910481555,20.049626451036808,20.10977554321289,39448000
2020-03-30,20.241407417320065,21.03990600281427,19.913640048886165,20.930940628051758,52343000
2020-03-31,20.74700569039747,22.029310744101664,20.577892886768314,20.668550491333008,50191000
2020-04-01,19.87440532104741,20.434051458072602,19.15000431473549,19.494335174560547,41858000
2020-04-02,19.38711834985071,20.74264781301406,19.304305267561478,20.665063858032227,45049000
2020-04-03,20.62845151859845,21.143639436599205,20.097572893418914,20.420982360839844,28960000
2020-04-06,21.320601770210153,22.090332690961816,21.231686647390134,22.005775451660156,38868000
2020-04-07,22.82518983918875,23.144239706044544,22.013616124120578,22.078123092651367,45892000
2020-04-08,22.383228467214675,22.856573353379858,22.11037944474278,22.760684967041016,27565000
2020-04-09,23.169525180875077,23.31858939607178,21.907270363003242,22.16791534423828,34828000
2020-04-13,22.098180972801018,22.797302940653758,22.03716062167719,22.657827377319336,25729000
2020-04-14,23.198286912575472,23.395296120627574,22.867032977518107,23.329917907714844,23094000
2020-04-15,22.75196928625767,22.86703668884603,22.330054368313952,22.441635131835938,25926000
2020-04-16,22.818215906552332,22.818215906552332,22.15134685219633,22.515727996826172,26896000
2020-04-17,22.945490880862174,23.312485813705944,22.57239225157047,23.1773681640625,34089000
2020-04-20,22.664795355840756,23.123320788959795,22.482605589330188,22.51485824584961,23801000
2020-04-21,22.190573362573403,22.210623610614842,21.514117332644233,21.588212966918945,29138000
2020-04-22,22.208885510219222,22.858319855287405,21.857581259266787,22.662181854248047,35438000
2020-04-23,22.68659107747817,23.11809470042926,22.53578270361955,22.571523666381836,21659000
2020-04-24,22.648227935298245,23.106753257668995,22.567157366198526,23.084089279174805,23373000
2020-04-27,23.043989615881443,23.642863363381515,23.043989615881443,23.401395797729492,16588000
2020-04-28,23.906132438383278,24.09529717586114,23.023949480984047,23.077123641967773,18988000
2020-04-29,23.630667647195704,24.14585561040685,23.469399352722373,24.061298370361328,28871000
2020-04-30,23.84423917251889,23.889568807272784,23.43191291374387,23.6777400970459,23379000
2020-05-01,23.187827672899342,23.349095931332855,22.507883265106074,22.638641357421875,26836000
2020-05-04,22.595925437422427,22.876620607422748,22.25682533416972,22.861801147460938,17046000
2020-05-05,23.235773508999923,23.44411388988228,22.988203870100755,23.089323043823242,26462000
2020-05-06,23.39093866693529,23.57835920687668,22.9803566320785,23.029172897338867,22727000
2020-05-07,23.536521541713306,23.577493295139675,23.187832666223866,23.340383529663086,18238000
2020-05-08,23.72829625902949,24.020324289210386,23.53913321824833,23.974994659423828,16757000
2020-05-11,23.83029297612267,24.12406355149603,23.68907326975633,24.007253646850586,20851000
2020-05-12,24.110107791673354,24.209482798310436,23.381347212700213,23.401395797729492,18764000
2020-05-13,23.542621979307405,23.56528762758361,22.60900743302891,22.939390182495117,21927000
2020-05-14,22.748482269064286,23.2706434551956,22.20714207436733,23.24013328552246,19912000
2020-05-15,22.614233447914515,23.018713457983875,22.383227427118705,22.70053482055664,21650000
2020-05-18,23.416225077026397,24.123193217039898,23.36217800634573,23.844242095947266,26531000
2020-05-19,23.84423403258353,24.062164730074876,23.676862086383966,23.706501007080078,18702000
2020-05-20,24.14411242997493,24.522440226216972,24.06652847091592,24.293176651000977,18605000
2020-05-21,24.3140969490691,24.364657372852,23.941871205614802,23.954946517944336,14847000
2020-05-22,23.86254306984528,24.168517660485676,23.580976613918107,24.116214752197266,17452000
2020-05-26,24.844099474028422,25.02628921760354,24.529407494151656,24.584325790405273,23573000
2020-05-27,24.671501528530218,25.088185632931573,24.408241173115876,25.06987953186035,22812000
2020-05-28,24.84410415441481,25.218945290141733,24.620071382151558,24.681962966918945,18543000
2020-05-29,24.661040736237922,25.454308413181792,24.574739360909852,25.39067268371582,27300000
2020-06-01,25.316574324650823,25.375852168895168,25.050698594890232,25.279090881347656,18444000
2020-06-02,25.369746540979932,26.005232475205982,25.287804726104024,25.982566833496094,31847000
2020-06-03,26.24321651493048,27.097504525643078,26.19614439790625,26.982437133789062,31926000
2020-06-04,26.65292881633729,27.284926600164816,26.334748488904197,26.92664909362793,34997000
2020-06-05,27.868977469693363,28.602097665340654,27.46711453363554,27.640586853027344,50958000
2020-06-08,27.67720711233419,27.794018680567476,27.316314151792238,27.678951263427734,23916000
2020-06-09,27.197752592276,27.79749765175776,27.16026748688381,27.487163543701172,22335000
2020-06-10,27.60310746091684,27.826267321248316,27.433120092396386,27.462759017944336,25914000
2020-06-11,26.81594405720615,26.897014661057,25.576354755063917,25.60686492919922,45115000
2020-06-12,26.397509909575408,26.496015345795772,25.517942574050227,26.173477172851562,39439000
2020-06-15,25.715818699706215,26.740092169283916,25.490041850376425,26.508214950561523,29824000
2020-06-16,27.02341142728445,27.42004530269386,26.500377325188193,27.0861759185791,30387000
2020-06-17,27.3215361838321,27.608333407988315,27.179446931743925,27.323280334472656,20279000
2020-06-18,27.208211044654444,27.81841764963499,27.155908143926727,27.782676696777344,33625000
2020-06-19,27.978198272886434,28.015187671573212,26.665069580078125,26.665069580078125,58465000
2020-06-22,26.905501691852702,27.669952653320745,26.732004271378447,27.613588333129883,27195000
2020-06-23,27.747457121584542,27.957063732880705,27.415431043936152,27.416311264038086,22419000
2020-06-24,27.231362090059303,27.387246705990748,26.818312120813957,27.03496551513672,19096000
2020-06-25,26.95482096203943,27.256020824726004,26.685324137781485,27.200536727905273,15029000
2020-06-26,27.61622586167524,27.810860288263225,26.69853277977591,27.073711395263672,31425000
2020-06-29,27.13184048422839,27.337926188800598,26.813026147866942,27.282442092895508,14516000
2020-06-30,27.29741251646317,27.924473470481335,27.015585915271906,27.79589080810547,25125000
2020-07-01,27.75185434151599,27.9050965990163,27.47267176248925,27.542247772216797,15661000
2020-07-02,27.984361044168455,28.12791584807132,27.712223574665146,27.78356170654297,16638000
2020-07-06,28.182519845753596,28.269708656464147,27.948251991050608,28.07595443725586,17561000
2020-07-07,27.94825137833682,28.020469728905,27.526394213013297,27.576595306396484,16150000
2020-07-08,27.842567765952154,28.168427202591456,27.664665909649525,28.144649505615234,18023000
2020-07-09,28.183400008328707,28.56386332667113,27.764185174299897,28.314626693725586,25225000
2020-07-10,28.35073688286644,28.44585103604195,27.7809204251392,28.133201599121094,13280000
2020-07-13,28.33047929363579,28.493410706675142,27.35289921444566,27.417190551757812,21549000
2020-07-14,27.212866229161204,27.849614685428936,26.878197852275697,27.74921417236328,18363000
2020-07-15,27.825833631428747,27.986122690645214,27.316787656990847,27.634721755981445,15253000
2020-07-16,27.35553708810138,27.64352688905565,27.240164451821226,27.419828414916992,12929000
2020-07-17,27.667311434359284,27.760665152754193,27.301818541129283,27.540489196777344,13354000
2020-07-20,27.46474283779951,27.975550887289042,27.324710608136463,27.92975425720215,14323000
2020-07-21,28.1147102713759,28.1147102713759,27.536968404851876,27.684045791625977,14312000
2020-07-22,27.743045730459155,27.80205405873381,27.334400290609263,27.6364803314209,14404000
2020-07-23,27.59861389525269,27.838164755832693,27.159142231052442,27.27275276184082,19417000
2020-07-24,27.001497953815623,27.381961293799943,26.78924734513903,26.931041717529297,15631000
2020-07-27,27.15209759603713,27.56250521001876,27.08076114050394,27.537845611572266,20646000
2020-07-28,27.4057408992815,27.487646715592025,26.96362687905516,27.068431854248047,13974000
2020-07-29,27.17235456949288,27.410143315894693,27.076356835157096,27.200536727905273,16562000
2020-07-30,26.949538599906653,27.55986539722853,26.949538599906653,27.486766815185547,21259000
2020-07-31,27.715745628955116,28.041606746414406,27.425113466814256,27.896289825439453,24719000
2020-08-03,28.00638260140775,28.489888841478507,27.942973158637994,28.290851593017578,20796000
2020-08-04,28.22655591189936,28.93904697414273,28.21687013218724,28.921432495117188,25258000
2020-08-05,28.909105748640787,29.202380304130873,28.693334237123953,29.022714614868164,22299000
2020-08-06,28.866826695659963,29.140726282896743,28.6589805604656,28.98924446105957,14193000
2020-08-07,28.92143182727073,29.039445138436545,28.312863853598113,28.704776763916016,14192000
2020-08-10,28.55417684386081,28.99892980438607,28.540083246019687,28.830717086791992,11989000
2020-08-11,28.849214293583525,29.355619649521756,28.42559665354712,28.537445068359375,19316000
2020-08-12,28.69773469300483,29.581082579657387,28.65458039167082,29.38380241394043,18471000
2020-08-13,29.257855996473726,29.363539491788757,28.8738684866339,29.01214027404785,15095000
2020-08-14,28.888846014313827,29.050016995707576,28.710944132468978,28.871234893798828,10140000
2020-08-17,29.020069642833953,29.220870663553733,28.97515490700095,29.091407775878906,10594000
2020-08-18,29.22703392239024,29.343286784742673,28.899410692297923,28.943445205688477,8857000
2020-08-19,29.016546235150464,29.33536057382905,28.90822206213987,28.993650436401367,11273000
2020-08-20,28.8597814548364,29.06234290985966,28.716224972771418,28.960180282592773,8910000
2020-08-21,28.913504907390774,29.10373656261039,28.62287106549369,29.064983367919922,11508000
2020-08-24,29.240243266347893,29.608376762040727,29.163620459927994,29.415504455566406,11996000
2020-08-25,29.503572661508983,29.687639404247026,29.327431257277897,29.603971481323242,11140000
2020-08-26,29.480678488383287,30.076916688130837,29.372354311755647,29.914865493774414,14844000
2020-08-27,29.98707855851845,30.05841668339924,29.60397125916218,29.86818504333496,12552000
2020-08-28,29.855856625630004,30.368423461914062,29.741364204505356,30.368423461914062,14589000
2020-08-31,30.253938621666705,30.875713286748326,30.253938621666705,30.573633193969727,22229000
2020-09-01,30.824629646821663,31.88763966283157,30.597408601801316,31.664819717407227,29205000
2020-09-02,32.221422801183614,33.37514580476326,32.019741582497176,33.02726745605469,37053000
2020-09-03,32.2346389644494,32.48916027455857,30.83872098996384,31.008697509765625,41795000
2020-09-04,31.790769363190382,32.80886153121782,31.132882086586555,31.965147018432617,58514000
2020-09-08,31.058901737198003,31.947534309462736,30.824635528505432,30.872194290161133,26685000
2020-09-09,31.367143598205985,31.868264212523503,30.92150707443187,31.70797348022461,26273000
2020-09-10,31.892922174642198,32.394922983149776,31.211255726286623,31.448165893554688,22851000
2020-09-11,31.749363842166577,32.081388129015906,31.236793706212914,31.678909301757812,17362000
2020-09-14,32.09372400765716,32.22406710222168,31.64808749507856,31.89908790588379,16447000
2020-09-15,32.260187769461666,32.684685717641436,32.17651981617628,32.31391143798828,16618000
2020-09-16,32.42575391248886,32.76218274452953,32.26458293655054,32.32535171508789,18498000
2020-09-17,31.264983596863882,32.59660860077746,31.264983596863882,32.22671127319336,22862000
2020-09-18,32.33239681056542,32.3958062425684,31.269386767055995,31.681554794311523,35295000
2020-09-21,31.10654616114064,31.27984884116852,30.526203566219614,31.264741897583008,24198000
2020-09-22,31.671774602118333,32.15435590557049,31.36782540735284,32.13569259643555,19500000
2020-09-23,32.01038812282176,32.101924805555754,31.110101116400322,31.246965408325195,15542000
2020-09-24,31.123433756755606,31.778429621458816,31.024784327815986,31.329618453979492,13611000
2020-09-25,31.28784843012569,31.791757869012706,30.952793658801536,31.70999526977539,18183000
2020-09-28,32.14370111015808,32.743595330602524,31.908187359114915,32.64316940307617,22192000
2020-09-29,32.66004439365983,32.954216109742916,32.34898585819436,32.372982025146484,13722000
2020-09-30,32.256561447851766,32.971991758347265,32.14636146186589,32.378318786621094,22403000
2020-10-01,32.79247158074234,32.94622269935787,32.42275830016946,32.75870132446289,16016000
2020-10-02,31.994393251118975,32.43165047420195,31.652232481670254,31.712663650512695,17100000
2020-10-05,32.06904739607518,32.603177577452406,31.98550829522835,32.536521911621094,18923000
2020-10-06,32.53739997293613,33.0608642702853,32.1739078674143,32.34809875488281,16672000
2020-10-07,32.736476796967594,32.87067633785048,32.53295687379812,32.59339141845703,12747000
2020-10-08,32.87334757105215,33.26439230892053,32.73293028924267,33.179073333740234,17045000
2020-10-09,33.410136891071296,33.77185253536114,33.2386141145859,33.47856903076172,17253000
2020-10-12,33.93094148602439,34.22510988841383,33.753194189537446,33.98781967163086,18839000
2020-10-13,34.16379109664495,34.46506885390696,33.64832426652829,33.90427780151367,16731000
2020-10-14,34.08647367599653,34.10424874705671,33.58078426166588,33.79852294921875,17298000
2020-10-15,33.33192431956858,33.81539381938569,33.329256195532025,33.765625,14361000
2020-10-16,34.06336334128612,34.06336334128612,33.60744280199172,33.65188217163086,10295000
2020-10-19,33.88206528008373,34.09269461624206,33.34082572625399,33.39592742919922,14803000
2020-10-20,33.506132874408436,33.873178111131224,33.377266144689045,33.504356384277344,13297000
2020-10-21,33.395922020460866,33.49279495499345,32.91067249317791,33.06531524658203,11896000
2020-10-22,32.979104883461645,33.26616389969708,32.62627507032797,33.18262481689453,13547000
2020-10-23,33.17285120203517,33.23328575677075,32.95066793157905,33.12485885620117,8868000
2020-10-26,32.84756792213174,32.87956168345855,31.781979374645342,32.26456069946289,15509000
2020-10-27,32.45475465143855,32.45475465143855,31.925069161062627,31.958839416503906,9620000
2020-10-28,31.46115278356995,31.537582527555585,30.708395746859768,30.857702255249023,22331000
2020-10-29,30.86214115113079,31.944616526614773,30.6941679700711,31.550907135009766,15697000
2020-10-30,31.0514510736457,31.371395594165474,30.609752562901853,31.072782516479492,18530000
2020-11-02,31.55357853551039,31.584684055557084,30.959013894835845,31.216747283935547,11757000
2020-11-03,31.63445344354097,31.926845337118067,30.808819695188976,31.4398193359375,15457000
2020-11-04,32.03705488053453,32.79247674888223,31.740218315450953,32.405879974365234,21277000
2020-11-05,33.09285746057244,34.00736299427657,33.06175194548886,33.84917068481445,21783000
2020-11-06,33.77630062379432,34.09802155498348,33.52034371451553,33.82695770263672,13545000
2020-11-09,34.58060568653178,35.0063089338912,33.32838036341408,33.375484466552734,24088000
2020-11-10,32.91155680838241,33.16751027348264,32.02637692144901,32.27255630493164,26784000
2020-11-11,32.95955277979095,33.51767906405787,32.75425633908691,33.40925216674805,15133000
2020-11-12,33.525676528524485,33.64743387875092,32.73026004044812,32.90089797973633,12160000
2020-11-13,33.32749468444639,33.53457103691689,33.02354877370576,33.194183349609375,10997000
2020-11-16,33.31060348829514,33.89361420265467,33.238618360346194,33.84384536743164,12100000
2020-11-17,33.652773220891866,33.988712914551336,33.50790791551222,33.82518768310547,11950000
2020-11-18,33.76207853533602,34.21088967630735,33.73808575344821,33.82695770263672,13517000
2020-11-19,33.56921405716737,34.201993397865444,33.26971289981714,34.15666580200195,14555000
2020-11-20,34.15489788394522,34.55838139331406,34.01181249400536,34.06780242919922,16140000
2020-11-23,34.249109007660884,34.585052071065526,34.03847968064628,34.39397430419922,12212000
2020-11-24,34.53794340675594,34.91032141613918,34.32109300330558,34.8587760925293,13455000
2020-11-25,34.91299530386821,35.1493973039079,34.57172275933937,34.73435974121094,11787000
2020-11-27,34.940541226192686,35.47555961964636,34.927210771895716,35.10051345825195,6846000
2020-11-30,35.017849159328435,35.74127690545282,34.904089438536424,35.68973159790039,15454000
2020-12-01,35.85682162320169,36.14299239687009,35.559985131561945,35.95547103881836,18181000
2020-12-02,35.97058142384398,36.03012773292857,35.64797224143275,35.880821228027344,10031000
2020-12-03,35.9492608910716,36.13945043170267,35.38047214954757,35.53155517578125,16120000
2020-12-04,35.76262200938406,36.65135512364039,35.7617303742177,36.587364196777344,20083000
2020-12-07,37.00773352547848,37.57919028488121,36.734893172348634,37.405887603759766,19707000
2020-12-08,37.262795748846536,37.92223271173222,37.16325809407134,37.62984085083008,18121000
2020-12-09,37.279684070854984,37.86891587416391,36.76422066381421,36.990848541259766,20908000
2020-12-10,36.56603433102607,36.90464209180605,36.26119682671283,36.441612243652344,26244000
2020-12-11,35.90481395446964,36.171433171952636,35.39645654435147,36.06656265258789,26664000
2020-12-14,36.129663591305224,36.82020953209673,36.08255949332423,36.598026275634766,26116000
2020-12-15,36.90730549287393,37.27257414767945,36.703785545809865,37.15437316894531,21207000
2020-12-16,37.14904760933631,37.96223931254032,37.056619273858196,37.76227569580078,23160000
2020-12-17,37.90446569329066,38.21640914752718,37.731163020882036,37.86891555786133,17152000
2020-12-18,38.075060013362084,39.047550731368446,37.82409554913706,38.94985580444336,45243000
2020-12-21,38.375325769461575,38.720405364782785,37.97647002255196,38.440757751464844,19096000
2020-12-22,38.44075089876423,38.85932472124754,38.36187489292482,38.818992614746094,17929000
2020-12-23,38.989298297821634,39.07892750096725,38.10016251578119,38.13422393798828,10533000
2020-12-24,38.4058086969868,38.72041361114706,38.32334940629089,38.67201232910156,4123000
2020-12-28,38.93013787231916,39.19275819020139,38.64421957052815,38.70964813232422,10625000
2020-12-29,39.0636856287026,39.0636856287026,38.253425999187776,38.45509338378906,9593000
2020-12-30,38.690825777681766,39.25818673366443,38.55010445051918,38.97406005859375,10553000
2020-12-31,39.10671287673001,39.303001984418216,38.81451703890098,39.24474334716797,10211000
2021-01-04,39.37739177272791,39.63821702428198,37.75597667727587,38.11270523071289,24171000
2021-01-05,38.09747230012487,38.48646725316386,37.85995185187214,38.370845794677734,15069000
2021-01-06,37.940622260651196,38.95165362220428,37.69324100994579,38.13422393798828,17226000
2021-01-07,38.725784847006146,39.848854401134986,38.59492429813602,39.74129867553711,21267000
2021-01-08,40.06486928503478,40.33286452335653,39.31645477493354,39.942970275878906,15271000
2021-01-11,39.49212700941072,40.22440656597501,39.47509629810411,39.9537239074707,11660000
2021-01-12,40.13387904137569,40.760397875780896,39.939381560516594,40.27907943725586,13846000
2021-01-13,40.36064006773093,40.646561772912,40.16435097401692,40.442203521728516,13118000
2021-01-14,40.64835984270664,41.09561344353431,40.45296312856541,40.519290924072266,19692000
2021-01-15,40.17062509940383,40.333752007453995,39.49660427279,39.96178436279297,18165000
2021-01-19,40.17958433792133,41.18434482728628,40.17958433792133,41.16462326049805,18819000
2021-01-20,41.187031410542446,41.74901399309903,40.78190161189709,41.3985595703125,14710000
2021-01-21,41.419178553765875,42.07885955850343,41.26591242310024,41.841339111328125,15749000
2021-01-22,41.56348684779781,41.90677139013087,41.443379484294695,41.68000411987305,16248000
2021-01-25,42.086928348509545,42.12636464743535,40.878708741138944,41.65938949584961,14692000
2021-01-26,41.46758403836115,41.8601657018001,41.398568798056715,41.576934814453125,10742000
2021-01-27,40.830314003048414,40.95758789120993,39.572797111281076,39.85871887207031,21857000
2021-01-28,40.8294207503029,41.09382932908494,40.06755874298447,40.48971939086914,16946000
2021-01-29,40.324794403612174,41.05976479416981,40.12133194568591,40.378570556640625,22069000
2021-02-01,40.8580975020572,42.06542147766694,40.65553425905216,41.83417510986328,17027000
2021-02-02,42.104862626727375,42.75109628819465,41.94711056369847,42.7430305480957,16141000
2021-02-03,42.747502576215005,42.89001551848523,41.64146045526724,41.69524002075195,17857000
2021-02-04,41.230061918819565,42.23034008526181,41.00419386867079,42.18283462524414,15243000
2021-02-05,42.514461271087455,42.74660682282378,41.710475742161826,41.76873779296875,12488000
2021-02-08,42.01433268380453,42.4329066276102,41.730202553105954,42.36837387084961,17610000
2021-02-09,42.30562252174045,42.59154421018993,42.00267012523866,42.541351318359375,12758000
2021-02-10,42.7726140375363,42.797710493078625,41.7221427397659,42.130859375,14587000
2021-02-11,42.45711494244625,42.96442579243872,42.053776591930934,42.878379821777344,17123000
2021-02-12,42.87746120893504,43.65186769483997,42.56464806326562,43.58912658691406,13551000
2021-02-16,43.99785583791485,44.34741451794361,43.651880411306315,43.840999603271484,15163000
2021-02-17,43.40180977870805,43.57121081188071,42.57989764306887,43.244956970214844,14084000
2021-02-18,43.0432832541581,43.50757095527334,42.58616889735095,43.31486511230469,16715000
2021-02-19,43.672495060057386,44.379681589659185,43.62947208439608,43.9153938293457,17992000
2021-02-22,43.381196246497495,43.61513003202396,42.603202889499045,42.69641876220703,16967000
2021-02-23,42.22854195771731,42.54045935261895,40.87691358968208,42.296661376953125,21303000
2021-02-24,41.91842405612314,43.149049279792635,41.468476185163986,43.10154724121094,15125000
2021-02-25,42.552114266087955,42.96710495130145,40.800734109906415,40.97551345825195,23148000
2021-02-26,41.90497520681741,42.64263640117881,41.29638634362078,42.11471176147461,22640000
2021-03-01,42.995787078527506,43.918980888801556,42.472344859028546,43.8813362121582,24677000
2021-03-02,43.952139702152614,43.99605848819514,42.98681880339032,43.068382263183594,18546000
2021-03-03,42.843413810473926,43.147262086322144,41.406635130737804,41.50433349609375,23991000
2021-03-04,41.37975131325002,41.8574831711689,39.565629862646006,39.75923156738281,34575000
2021-03-05,40.71468687099222,40.871539689027486,38.810037205521866,40.34630584716797,42414000
2021-03-08,40.04962264730123,40.150907671067294,37.57850809065689,37.756874084472656,45243000
2021-03-09,39.051138526192894,40.05589564432765,38.59491999228478,39.76011657714844,37884000
2021-03-10,40.09623916689071,40.69497076476002,38.99826254719031,39.22144317626953,19914000
2021-03-11,40.245919639399595,41.00150401762331,39.624779067083615,40.664493560791016,26170000
2021-03-12,39.917878099238905,40.64657453453583,39.84258873344902,40.43863296508789,18906000
2021-03-15,40.798038651124756,42.23660869199232,40.61967266510975,42.195377349853516,31241000
2021-03-16,42.24020148653763,43.38120109622647,41.89422945241943,42.85955047607422,31190000
2021-03-17,42.15326310862079,43.674296299751646,42.12727084069101,43.34445571899414,23754000
2021-03-18,42.535090210810935,43.32294105842963,41.56618246901108,41.60203552246094,28728000
2021-03-19,41.28587216977832,43.05907111928242,41.019393366615404,42.85853576660156,108602000
2021-03-22,42.71851368344702,43.47458375247148,42.60650253710399,42.93259811401367,31805000
2021-03-23,42.79711343927872,42.940740402265135,41.79172814423552,41.91909408569336,24712000
2021-03-24,42.40597671042917,42.45475632471878,41.269610868271656,41.30574417114258,20882000
2021-03-25,41.097077687357604,41.915480134577926,40.58670769261965,41.705909729003906,17537000
2021-03-26,41.248830299273315,43.629958130550754,41.248830299273315,43.54323959350586,28925000
2021-03-29,43.395102101074556,43.46375399464289,42.29938369678035,42.692325592041016,28410000
2021-03-30,41.902831031001085,41.913671710602664,40.79536911858169,41.205474853515625,27935000
2021-03-31,41.462014502791746,42.19098643510336,40.86582883099362,41.882957458496094,28684000
2021-04-01,42.64264049856919,43.050034310417466,42.38338769820873,42.993125915527344,23528000
2021-04-05,43.38607104842529,44.229766130738696,43.07171888161178,44.12498092651367,22966000
2021-04-06,43.64080804214009,44.10149562959895,43.15482438398541,43.70855712890625,18063000
2021-04-07,43.35987393695015,43.71216502597253,43.17830805241165,43.58118438720703,12074000
2021-04-08,44.07981279956729,44.07981279956729,43.3698103059752,43.85398483276367,18121000
2021-04-09,43.35896758997457,43.838624570059096,43.04642109212528,43.81875228881836,16614000
2021-04-12,43.53330703037179,43.848561971762926,43.23250403048329,43.69048309326172,23247000
2021-04-13,43.81062917414429,44.101494351305874,43.38516864311549,43.80701446533203,15281000
2021-04-14,43.582099854015055,44.189122931504265,42.92448807420626,43.11508560180664,18220000
2021-04-15,43.5071112872635,43.56763094554208,43.06810169300237,43.35896682739258,18370000
2021-04-16,43.40232666121625,43.51975816274022,43.068102252421575,43.24966812133789,16263000
2021-04-19,43.04552069407538,43.069910500651,41.55686379832064,41.733009338378906,26319000
2021-04-20,41.55324494667788,41.735713624104754,41.059132600592264,41.30483627319336,19128000
2021-04-21,41.12056061774492,41.5830572127821,40.883891980599806,41.53337478637695,25947000
2021-04-22,41.109723773827106,41.65532425369684,40.558706399686656,41.11063003540039,27057000
2021-04-23,41.4159488250362,42.26144955682116,41.32652182388575,42.1060791015625,22890000
2021-04-26,42.18646726019666,42.801622373709286,41.874823587408834,42.62276840209961,18271000
2021-04-27,42.789884671945764,42.84046991891453,42.00942460679244,42.12594985961914,13267000
2021-04-28,42.03742746754372,42.09162742554467,41.19554143925992,41.48008346557617,15940000
2021-04-29,42.427663022727515,42.427663022727515,41.464730719404706,42.12053680419922,14650000
2021-04-30,41.526147571826286,41.61828645099546,40.99590191612961,41.209083557128906,19367000
2021-05-03,41.52976354837245,41.537895781422385,40.4936653698885,40.66168212890625,15098000
2021-05-04,40.397919405398966,40.44127868466822,39.50273619273402,40.15583038330078,23497000
2021-05-05,40.686077868954236,40.77911958785215,39.95981421791164,40.091697692871094,16388000
2021-05-06,40.088991088026056,40.566842572026715,39.73127958693267,40.520774841308594,13495000
2021-05-07,41.06365358466491,41.406010241248104,40.57676716806372,40.88208770751953,11712000
2021-05-10,40.50269629018681,40.51624541607369,39.36361865802243,39.393428802490234,25239000
2021-05-11,38.39076479535541,39.90471471108505,38.21461920902217,39.75205612182617,17887000
2021-05-12,38.778273421130436,38.920091280062444,37.86141248631674,38.154083251953125,29940000
2021-05-13,38.83246863501363,39.27780136963969,38.448561818100345,38.8966064453125,21841000
2021-05-14,39.41962827368895,40.208220561293146,39.027592615006796,39.892059326171875,16964000
2021-05-17,39.93903659289768,39.93903659289768,39.098956174248265,39.74030685424805,15725000
2021-05-18,40.09981767404688,40.14679165402716,39.13869462019712,39.18024826049805,17824000
2021-05-19,38.48107674081969,39.971542412511845,38.45397849270695,39.901084899902344,21369000
2021-05-20,40.265118692849654,41.48910560172402,40.22717976781564,41.10068130493164,21886000
2021-05-21,41.370789960473445,41.370789960473445,40.58942349128799,40.76105499267578,13216000
2021-05-24,41.27412994483614,41.77275644893383,41.22354469725901,41.47917938232422,14420000
2021-05-25,41.72397343193806,41.81972702492849,41.23618764804047,41.51079177856445,9600000
2021-05-26,41.62190746383045,41.74204743820429,41.14857353869312,41.596614837646484,9873000
2021-05-27,41.552345029763984,42.31474182875492,41.52072925290187,42.246089935302734,19098000
2021-05-28,42.45565686156057,42.87298856183774,42.246089918708506,42.66613006591797,19946000
2021-06-01,42.94706435566964,43.17831269515176,42.202737531872906,42.30300521850586,16277000
2021-06-02,42.62097104500493,43.15121684234842,42.4077893470575,42.7926025390625,13286000
2021-06-03,42.34726518425266,42.4339837379313,41.84682959203935,41.985939025878906,20389000
2021-06-04,42.50083460103365,43.21445200358285,42.41231039911815,42.907325744628906,23865000
2021-06-07,42.72664932907955,42.86034185210904,41.77546413964989,41.893795013427734,24142000
2021-06-08,42.279512483597024,42.671548127259136,41.869410188974896,41.8712158203125,16615000
2021-06-09,42.201832334387895,42.201832334387895,41.70771990130167,41.907352447509766,12126000
2021-06-10,42.049163019022465,42.41410037470153,41.57131168990571,42.335514068603516,15413000
2021-06-11,42.31474756467739,42.64806921330984,42.19821885938329,42.51889419555664,14508000
2021-06-14,42.49991946942589,42.98861151604304,42.09975159907157,42.9822883605957,14675000
2021-06-15,43.04823146960304,43.04913773118489,42.32467980354716,42.52250671386719,11131000
2021-06-16,42.48004344733598,42.556824121599234,41.68603093198233,42.071746826171875,20437000
2021-06-17,41.99316707043708,42.92899766286532,41.90825758992105,42.56135177612305,20881000
2021-06-18,42.209054597164915,42.43397974778699,41.59841351585019,41.86850357055664,28537000
2021-06-21,41.98413236281425,42.367401429854546,41.7355988931169,42.29730224609375,18591000
2021-06-22,42.47663128711429,42.65870849771627,41.997769160896226,42.282718658447266,13722000
2021-06-23,42.2290149964957,42.594985772141385,42.15436294543071,42.48392105102539,17674000
2021-06-24,42.77797097904733,43.120277844860624,42.6605336118317,42.79344940185547,12502000
2021-06-25,42.9108898900066,43.011032549319545,41.87760698484092,42.0778923034668,19100000
2021-06-28,42.42383946892119,43.36062628424834,42.379230903699415,43.04290008544922,13987000
2021-06-29,43.003755469217225,43.453484137657,42.85536469960694,43.43891906738281,14184000
2021-06-30,43.528123507463306,43.57000241333351,43.01830799534348,43.410682678222656,15381000
2021-07-01,43.50173212486471,43.50173212486471,42.69058210490232,42.755218505859375,11153000
2021-07-02,43.404317560135524,43.56910009181146,41.487052366454094,42.62139129638672,37054000
2021-07-06,42.824405037288365,43.40249655068287,42.6332254948588,43.08659362792969,13870000
2021-07-07,43.243179280621554,43.27595241960111,42.45751993640776,42.74610900878906,12581000
2021-07-08,42.280004275655244,42.88631962634734,42.01963192988813,42.83351516723633,16011000
2021-07-09,42.74884671978664,43.77849016089227,42.60864837680998,43.71476364135742,16782000
2021-07-12,43.81853965036918,44.974726084545786,43.08477142376932,44.221839904785156,33142000
2021-07-13,44.18360891631836,44.38389076908023,43.880451279811375,44.063438415527344,11806000
2021-07-14,44.53591590281793,44.79082539679682,43.766644953910465,43.843116760253906,14020000
2021-07-15,43.996984304564364,44.10349963250774,43.07203632719861,43.45621871948242,12624000
2021-07-16,43.6127992939544,43.72386750215659,42.53855072366569,42.61228942871094,13980000
2021-07-19,42.19441957850451,42.42110538479572,41.65820349631585,42.393795013427734,14938000
2021-07-20,42.5959033018999,42.99282749061228,42.17530479787393,42.659629821777344,20727000
2021-07-21,42.754308857548565,43.63282840425772,42.65143307224616,43.60915756225586,13660000
2021-07-22,43.388838533899026,43.60641855044212,43.1985688865396,43.3642578125,12583000
2021-07-23,43.701105873340445,44.02429483693325,43.40978364299997,43.985145568847656,13489000
2021-07-26,43.89500781118781,44.02792358965257,43.66923192245291,43.90229034423828,11160000
2021-07-27,43.767558876947625,43.86314864370153,42.587701592035515,43.27595138549805,14715000
2021-07-28,43.39794474646519,43.61461837278815,43.18127459297688,43.484432220458984,8359000
2021-07-29,43.55909645432127,44.22913841237976,43.46532641985664,44.07255172729492,9162000
2021-07-30,43.87680627558119,44.2755536703506,43.65922624285932,44.189979553222656,11548000
2021-08-02,44.52227683671481,45.02753964927535,44.017927379846775,44.12443923950195,15619000
2021-08-03,44.1981775753163,44.40483556946192,43.694734572319774,44.3165283203125,11135000
2021-08-04,44.47492979037956,44.60693570801028,44.06343708631635,44.408470153808594,12123000
2021-08-05,44.64790350762906,44.64790350762906,44.14355065270766,44.396636962890625,8372000
2021-08-06,44.15993392332998,44.43760092668273,44.06525403849112,44.19270706176758,9964000
2021-08-09,44.28921833036986,44.32017171169059,43.789418287787726,44.12443923950195,5952000
2021-08-10,44.23549544165324,44.28556676787783,43.50081732660187,43.904117584228516,9319000
2021-08-11,44.13626840372001,44.24187383837832,43.679257230077525,44.02156066894531,9816000
2021-08-12,43.905939081465085,44.15356260169198,43.400676386237514,44.0861930847168,8702000
2021-08-13,43.9359850600821,44.51498648358218,43.8904631425348,44.25917053222656,8582000
2021-08-16,44.13809580215782,44.50952941467467,44.098946531313324,44.439430236816406,9188000
2021-08-17,44.207287486260725,44.264644839494615,43.19949489683224,43.579124450683594,16499000
2021-08-18,43.39339690239885,43.4325426959306,42.63777751305901,42.69422149658203,15616000
2021-08-19,42.45569898563544,43.31874354704481,42.11976821553613,43.10935592651367,14044000
2021-08-20,43.04471851916436,43.35515867553988,42.828044896580145,43.2586555480957,10007000
2021-08-23,43.36425964065584,44.26189705952326,43.306905779251615,43.92141342163086,15707000
2021-08-24,43.916863294461976,43.975127037552184,43.71293498439462,43.828556060791016,9429000
2021-08-25,43.84130704817078,44.26918461423003,43.84130704817078,44.00881576538086,10017000
2021-08-26,43.9714928354713,44.436699936358075,43.75300288694201,44.22093963623047,10836000
2021-08-27,44.4275808389477,45.1950354955493,44.302860948806455,45.14951705932617,16459000
2021-08-30,45.519143374168515,46.233793786229555,45.35982706692593,45.4180908203125,19614000
2021-08-31,45.63657370422344,45.63657370422344,44.85455394579345,45.26513671875,17378000
2021-09-01,45.17956107985003,45.449945546413026,44.87185406217215,44.89643478393555,12586000
2021-09-02,45.13586567620538,45.15316386552122,44.62332043096193,44.7817268371582,16991000
2021-09-03,45.146790468283456,46.065365632515004,45.06758900291079,45.30792999267578,25191000
2021-09-07,45.300648865578765,45.300648865578765,44.69979632644166,45.208702087402344,12398000
2021-09-08,45.48454211908216,45.50911936811737,44.436690741818104,45.00749969482422,13987000
2021-09-09,44.86821940101937,45.40079254401984,44.86821940101937,44.926483154296875,13174000
2021-09-10,45.250576451454904,46.064456077469316,45.2014150048273,45.35071563720703,16110000
2021-09-13,45.7012223594726,45.74401116154986,44.90554720330611,45.42446517944336,14927000
2021-09-14,45.70121606636709,46.01256611460918,45.369834707647264,45.68938064575195,14134000
2021-09-15,45.71214032880312,46.49324681209514,45.46633656931226,46.40584945678711,23346000
2021-09-16,45.99254573069654,46.352147402365766,45.5382641515967,46.18827819824219,17569000
2021-09-17,45.880557948797914,46.21284917393552,45.61017347176921,46.065364837646484,34470000
2021-09-20,45.42811216723084,45.79226327613956,44.466747961001936,45.047569274902344,30105000
2021-09-21,45.2557300372453,45.27957435423861,44.66056315133152,45.026466369628906,16935000
2021-09-22,45.32542961115003,46.1278525048669,45.13926831141011,45.90684127807617,20610000
2021-09-23,46.082920533375415,46.521273318173115,45.90684477929985,46.247074127197266,18370000
2021-09-24,46.06090942933481,46.35711631866565,45.92885262347986,46.30392837524414,10605000
2021-09-27,45.832557746890345,46.38645883777512,45.61246309230976,46.29750442504883,9831000
2021-09-28,45.57763047856545,45.98571964038488,44.98521308089105,45.029232025146484,20124000
2021-09-29,45.26857557523532,45.32726632736861,44.72017719138131,44.88800048828125,15783000
2021-09-30,45.350188764981866,45.350188764981866,44.42946786021136,44.470733642578125,15735000
2021-10-01,44.73851713927323,44.81279975160665,43.789365585364834,44.692665100097656,16052000
2021-10-04,44.47073466043526,44.62021292892518,43.35651303331133,43.647220611572266,20093000
2021-10-05,43.646308418948806,44.916427796459175,43.590367319692824,44.51567459106445,16557000
2021-10-06,44.30566447541678,44.87607402303051,43.99111607750144,44.82379913330078,12042000
2021-10-07,45.176867969531024,45.84356785498598,45.176867969531024,45.295166015625,13261000
2021-10-08,45.56110683907971,45.66931931207371,45.05305779669867,45.19703674316406,10279000
2021-10-11,45.04939198602419,45.81513175973453,45.01362551224094,45.1502685546875,11186000
2021-10-12,45.47125563846395,45.550121026603364,44.203885632639306,44.502845764160156,20991000
2021-10-13,44.12592133766065,44.51199918173294,43.97735962435156,44.47806930541992,16424000
2021-10-14,45.1062424177828,45.774775217793156,45.01086866788519,45.63262939453125,19233000
2021-10-15,46.256239058430346,46.3901289642891,45.95177971641918,46.150779724121094,25103000
2021-10-18,45.888507006351816,46.217727248516795,45.729856216284716,46.16086959838867,16042000
2021-10-19,46.248902964314254,46.84957618543611,46.015053030926566,46.80555725097656,16383000
2021-10-20,46.861497102222884,47.0843414381519,46.62673410485196,46.71385192871094,13458000
2021-10-21,46.71661259896462,47.20906993969707,46.641413424444416,47.1503791809082,11787000
2021-10-22,47.20447102292044,47.81339666501251,47.046736808629774,47.26591491699219,15367000
2021-10-25,47.4566672193272,48.09952280118299,47.244828493581124,47.876678466796875,12416000
2021-10-26,48.16645644283159,49.06150330495143,48.05366122067148,48.95879364013672,24043000
2021-10-27,48.77081063907624,49.16055825333821,47.85742548549421,47.9720573425293,23500000
2021-10-28,48.066512108802634,48.59931863004185,48.001398502684474,48.56447219848633,11872000
2021-10-29,48.00781084485437,48.80106467810604,48.00781084485437,48.75704574584961,15564000
2021-11-01,48.63508498038783,48.84050436151901,48.13895799414764,48.425079345703125,16896000
2021-11-02,48.37006125195855,49.596165343257816,48.2994483302728,49.25226974487305,16262000
2021-11-03,49.43382608672471,49.868512560995946,48.949621379731695,49.73828887939453,14038000
2021-11-04,49.86943583248369,50.35272405377889,49.60532223037479,50.31145477294922,15956000
2021-11-05,50.43800461542074,51.3247955744479,50.42057965391523,51.25601577758789,18674000
2021-11-08,51.535730291573934,51.711806054763585,51.18083261018185,51.25878143310547,17231000
2021-11-09,51.28077941279978,51.529301146817076,50.90937338730538,51.1533088684082,15838000
2021-11-10,50.83235467530464,51.43761078471452,50.25919534827684,50.32522201538086,18450000
2021-11-11,50.68469436880698,51.09095030635563,50.328876716865636,50.9332160949707,14157000
2021-11-12,51.209253881944115,51.890625588528636,50.85893899576549,51.65035629272461,13592000
2021-11-15,52.060284430728125,52.060284430728125,51.33948000762207,51.88420867919922,13972000
2021-11-16,51.73013680600228,52.22901336683566,51.606332467560044,52.15931701660156,13194000
2021-11-17,52.101545618582996,52.396839446574766,51.731056130870535,52.239105224609375,12532000
2021-11-18,52.373000469005575,52.88930207230185,52.23911055144537,52.713226318359375,12712000
2021-11-19,52.84802588464084,52.933314097317805,51.89887442544066,52.15473556518555,19612000
2021-11-22,52.4261886672952,52.45920199674586,50.665445112586355,50.738807678222656,25898000
2021-11-23,50.659937985191355,50.97540293759607,50.30320375077994,50.90754318237305,17109000
2021-11-24,50.73421471123015,51.27069082710998,50.19865164793614,51.23859405517578,12084000
2021-11-26,50.60032985108624,51.10746243141667,49.8254209414,50.12529754638672,14219000
2021-11-29,51.00657767209929,52.04743663886296,50.775480912251986,51.75305938720703,18703000
2021-11-30,51.65494113701632,51.81267536116539,50.62142147045233,50.77548599243164,22574000
2021-12-01,51.674204420076585,52.13273182843078,50.7433943408434,50.874534606933594,21980000
2021-12-02,50.07761159528656,51.273451875330935,49.8877840723924,50.66269302368164,22619000
2021-12-03,51.80808202850958,52.18040807070113,50.474685957218306,51.18265151977539,20305000
2021-12-06,51.78149627459489,52.12264215071941,50.983659626608485,51.81175994873047,22482000
2021-12-07,52.45552922582594,54.38776203986505,52.45552922582594,54.14291000366211,29562000
2021-12-08,54.19242842079226,54.19242842079226,53.412013328353446,53.97416687011719,17998000
2021-12-09,53.41385319405963,54.128238232086346,53.41385319405963,53.5028076171875,29080000
2021-12-10,57.22238001061313,59.12710237895576,56.728089665573115,57.92851257324219,57087000
2021-12-13,58.14127107753383,58.1797872081411,56.97019179962032,57.00962448120117,26898000
2021-12-14,56.65931375356342,56.73084321588949,55.540505785486154,56.39061737060547,35956000
2021-12-15,56.45113105486695,58.77036159529985,55.97151257549122,58.67865753173828,29092000
2021-12-16,58.44939673765063,58.75202645914234,56.07789469485557,56.91975021362305,42748000
2021-12-17,56.6308862755026,58.690593470329915,56.40804192040372,58.229312896728516,50661000
2021-12-20,57.43513393535192,59.24998517881248,57.32416830725199,59.152774810791016,32770000
2021-12-21,59.81451334504004,59.94095449147367,58.4485940805708,59.642852783203125,36534000
2021-12-22,59.373364846479966,60.650690212735356,58.99865696777849,60.469791412353516,28383000
2021-12-23,60.5556164127126,61.90308026774686,60.5556164127126,61.35579299926758,23596000
2021-12-27,61.3558044691634,62.417158216012574,61.32442126155184,62.23073196411133,19442000
2021-12-28,62.53250547484559,62.55189025066685,61.56159788906064,61.743412017822266,17247000
2021-12-29,61.81725232158817,62.48174953378848,61.75449296063681,62.07659149169922,14797000
2021-12-30,62.1218150334071,62.36177648343003,61.26719485346688,61.38163757324219,11473000
2021-12-31,61.55606052896524,61.956606495984204,61.21458426603913,61.412086486816406,12046000
2022-01-03,61.49608693138135,61.99261333874112,61.025395162807136,61.219207763671875,22591000
2022-01-04,61.17859444195979,62.03783374256682,60.65714177826167,61.920623779296875,21103000
2022-01-05,61.947385785717486,61.947385785717486,59.252450970014465,59.34382629394531,34961000
2022-01-06,59.081709253090374,59.86526827532795,58.55287732636383,58.7928352355957,28581000
2022-01-07,58.68393863040085,59.05864649258125,57.078980265672016,57.142662048339844,27832000
2022-01-10,56.19297071432691,57.40937783088385,55.70474259349355,57.328163146972656,29793000
2022-01-11,56.80949007399366,57.959448350695396,56.71996660849292,57.41031265258789,19037000
2022-01-12,57.91422136857109,58.23539751666539,57.19711128043026,57.40569305419922,18806000
2022-01-13,57.91052971349302,57.94836629456033,54.835356042200885,55.11592483520508,30048000
2022-01-14,54.98578712743994,55.41032994716124,54.63692450652057,55.04024124145508,25661000
2022-01-18,54.29729964130719,54.548333611274366,53.159336246938494,53.325462341308594,35825000
2022-01-19,53.67524173517045,53.96596059001103,51.990910163861386,52.04997634887695,22692000
2022-01-20,52.42192365089015,52.61942943622728,50.4625609220493,50.55023956298828,25225000
2022-01-21,50.45056182203516,51.25904022205138,49.038490104127376,49.21292495727539,38010000
2022-01-24,48.99696705398333,50.1616946330249,47.382777275323946,49.98357009887695,54256000
2022-01-25,48.73023371684212,50.336117991171236,48.38137105952817,49.29690933227539,38158000
2022-01-26,50.94524905007845,52.99136440128258,50.7671245328025,51.41778564453125,49715000
2022-01-27,52.58066164509182,52.63050017371142,49.932801456617526,50.050933837890625,34183000
2022-01-28,50.147836609854565,51.7297239307006,49.13539210960343,51.692806243896484,30254000
2022-01-31,51.62820778406072,54.11732834683798,51.31441445271732,54.072105407714844,40288000
2022-02-01,54.071185634979415,54.8122891284318,53.14364884956034,54.70338439941406,25719000
2022-02-02,55.28296703945002,55.81825936673621,54.78735611690357,55.69181823730469,24443000
2022-02-03,54.975639271093634,55.28481697702074,53.5404967606984,53.60786819458008,30602000
2022-02-04,53.19531849476585,55.05500365717707,53.17316647658802,54.46710205078125,20548000
2022-02-07,54.46711723590215,55.521095204550925,53.91336591637044,54.233619689941406,18671000
2022-02-08,54.30282828833304,55.54600301856965,54.17454232250852,55.395565032958984,14570000
2022-02-09,56.05361960281061,56.45693642039272,55.51924603152079,56.4218635559082,22004000
2022-02-10,54.94149393587798,56.726425182002345,54.3203677033809,54.57786560058594,24920000
2022-02-11,54.57786485702675,55.35311873922309,52.5215960086839,52.922142028808594,27281000
2022-02-14,53.06796151519259,53.78876123714107,52.61296139960137,53.39836883544922,19291000
2022-02-15,54.36282247300187,55.93271149107166,54.290835442629,55.630916595458984,34284000
2022-02-16,54.82704875150948,55.45002330507007,54.195772470903115,55.11777114868164,22931000
2022-02-17,54.42465909717534,54.59816801273049,53.426980192234765,53.4371337890625,21424000
2022-02-18,53.61617441051862,54.243757453882864,52.90921447146057,53.52849578857422,19708000
2022-02-22,53.52850302884701,54.47172783052613,52.58896788377834,53.29500198364258,20204000
2022-02-23,53.55064597311675,53.99734082315221,52.121041490856264,52.162574768066406,22416000
2022-02-24,50.906492801225575,54.05457663739196,50.670224474893544,53.52943420410156,35316000
2022-02-25,53.51373768798957,54.395125540181134,52.975674497895675,54.26868438720703,22380000
2022-02-28,53.62172510591266,54.664627140942,53.19533733230155,54.216087341308594,25005000
2022-03-01,53.971500925359265,54.232688459301855,52.17272656254081,52.617576599121094,24898000
2022-03-02,53.02366514139557,54.501263495189406,52.936912441122196,54.06287384033203,21771000
2022-03-03,54.79198745403717,54.79383228254034,53.00613361165733,53.40022277832031,26454000
2022-03-04,54.70984964720419,55.920722613627454,53.89952628859099,55.005184173583984,44757000
2022-03-07,55.10577062969262,55.262665519433355,52.60650023882799,52.671104431152344,26494000
2022-03-08,52.806777277214294,55.010713380253065,52.01675772155713,53.155643463134766,26993000
2022-03-09,54.34067272562361,55.52662619362577,54.17546906074545,55.10023498535156,22560000
2022-03-10,54.04257441220071,54.454196485248346,53.19441099899886,54.24284744262695,19323000
2022-03-11,54.636927805555125,54.861197652734724,53.26362221711308,53.33099365234375,19813000
2022-03-14,53.24885756261563,53.52758155082543,52.12197022558281,52.40346145629883,25234000
2022-03-15,53.27746859391423,55.07623954727962,53.07165757846393,54.70707321166992,28260000
2022-03-16,55.06608758345186,56.08683737775026,53.90412745462727,56.032386779785156,29454000
2022-03-17,55.810893201126156,56.02131983480206,55.15654238155409,55.6216926574707,18174000
2022-03-18,55.74166691536455,56.59444584260616,55.00517554356524,56.336029052734375,41538000
2022-03-21,56.27005172309431,56.27005172309431,54.71463474112866,55.86958312988281,25789000
2022-03-22,55.90954601073152,57.00409678917103,55.687474185723595,56.80339813232422,19262000
2022-03-23,56.49306077183405,56.80619010467713,55.671682440258365,55.69212341308594,13839000
2022-03-24,56.36576121510807,58.27890784741821,55.93556152625527,58.20550537109375,26016000
2022-03-25,58.26589203429365,58.5753031566316,57.61454926074461,58.432212829589844,14538000
2022-03-28,58.15440647804063,58.84384538747961,57.21595064625465,58.80481719970703,14427000
2022-03-29,59.46637652600966,59.95975997411377,58.53721439279076,59.60296630859375,23001000
2022-03-30,59.36137672951107,59.86498238943347,58.28912434985873,58.63848876953125,18626000
2022-03-31,58.58181147482253,59.37345867749388,58.35602505970449,58.507476806640625,21731000
2022-04-01,58.69424332732385,58.961843901036744,57.48633322753453,58.25661087036133,16267000
2022-04-04,58.20456446747843,59.161603738564395,58.02802496333235,58.987850189208984,16484000
2022-04-05,58.49539882722937,58.74720165886627,56.95763321718961,57.06169891357422,19778000
2022-04-06,55.942987261820264,56.826620544355876,55.170852429614264,55.93555450439453,23742000
2022-04-07,55.73393031795474,56.4596042537034,55.12161214206608,56.033119201660156,16583000
2022-04-08,55.506289193341324,55.618719858430765,54.44611622637273,54.54182052612305,20464000
2022-04-11,54.1311256013016,54.75366605738742,53.83844081300934,53.948081970214844,23512000
2022-04-12,54.73787250435698,55.61871998022577,54.09303372493756,54.362491607666016,17350000
2022-04-13,54.68118755560286,55.44403238168082,54.45354383610125,55.05657196044922,20266000
2022-04-14,55.28422006028103,55.47655730860783,53.22798303047149,53.319969177246094,27385000
2022-04-18,53.227049712247975,54.933922129444895,53.227049712247975,54.495357513427734,21375000
2022-04-19,53.83193342083613,55.6289310716985,53.83193342083613,55.52858352661133,16581000
2022-04-20,56.13997591669608,56.99759290092764,55.297227993953655,55.537879943847656,13920000
2022-04-21,56.26448497972988,57.224310348700186,54.88189268048415,55.07422637939453,20352000
2022-04-22,54.83078739845918,55.63265334480954,54.47305799695912,54.53717041015625,21064000
2022-04-25,54.02984262255635,54.70534454119938,53.06630273584441,54.62357711791992,26959000
2022-04-26,54.244476013019884,54.398717238068436,52.006124491182305,52.039573669433594,35809000
2022-04-27,51.64190156716153,52.96967506743206,51.5684990903671,51.99033737182617,19313000
2022-04-28,52.584994050887495,54.357832420026774,51.84445114022532,53.792903900146484,22334000
2022-04-29,53.2056743239206,53.73157821879046,51.41982417399355,51.511810302734375,26108000
2022-05-02,51.76734299425158,53.67212477811009,51.69672646920053,53.55226135253906,26725000
2022-05-03,53.52066787362593,54.51858564637396,53.126699796248694,54.00011444091797,17064000
2022-05-04,54.05772396932467,56.12789777565745,53.33204645113801,56.08980178833008,23896000
2022-05-05,55.21359902594378,55.551812551223065,53.36085030590228,53.890472412109375,32806000
2022-05-06,53.421245418894735,54.818706723382704,52.909278319909156,53.900691986083984,20745000
2022-05-09,53.22984161703293,53.70557362016889,52.05817017093306,52.30439758300781,30074000
2022-05-10,53.936925051906705,54.927413507701495,53.129483751278244,54.02054977416992,29271000
2022-05-11,53.38779980983341,54.32718423250015,52.57756887130092,52.6937141418457,26660000
2022-05-12,52.34898575482373,53.29766004517208,51.871396556918576,53.10811233520508,25518000
2022-05-13,53.61730760032105,54.968308135325,53.287451893122864,54.657039642333984,19449000
2022-05-16,54.29837245121343,54.74065521004123,53.67304607010831,54.13948440551758,14189000
2022-05-17,55.32695603721371,56.585973813092,55.1559919673452,56.50699234008789,24676000
2022-05-18,55.749722373580525,55.81662073606317,52.60729638414548,53.01519775390625,35024000
2022-05-19,51.84724531789023,52.10276631735232,50.07812127442346,50.75176239013672,34884000
2022-05-20,51.466292793559724,51.56757254911353,47.61398646459276,50.471160888671875,40281000
2022-05-23,48.68809683189036,49.76313525689162,47.783090283861526,48.907379150390625,58586000
2022-05-24,48.935252405605596,49.140597857337596,47.96241884656213,48.7066764831543,25060000
2022-05-25,48.67880014850888,49.93781432461662,48.67880014850888,49.39704132080078,17842000
2022-05-26,49.38867358471653,51.5285348563898,49.03373374875986,51.16523361206055,39743000
2022-05-27,52.22726927749905,54.398722659232604,52.034003401151935,54.196163177490234,37301000
2022-05-31,54.30952461642583,54.544601092888925,53.51973471692135,53.903480529785156,30009000
2022-06-01,54.59570562287882,54.90790626895633,52.81635936733234,53.2985954284668,18345000
2022-06-02,53.68234033307844,53.68419763642161,52.78848474340207,53.58849334716797,29488000
2022-06-03,52.85724561544832,52.92507263432333,52.124135353744926,52.34156036376953,20562000
2022-06-06,53.10347663198088,53.21497509970848,51.80450902676076,52.147369384765625,14557000
2022-06-07,52.08324934659835,53.384074064987686,51.80356924973423,53.240055084228516,15895000
2022-06-08,53.1313436411352,53.544820470102046,52.23191616557088,52.531105041503906,24004000
2022-06-09,52.1408598291053,53.30045157013164,51.65490562734102,51.681854248046875,18787000
2022-06-10,51.112276057126834,51.200547589385444,50.148736138086605,50.292755126953125,24018000
2022-06-13,48.94639622464694,49.524332964574604,47.946617732860986,48.09528350830078,31619000
2022-06-14,48.77821519944029,48.77821519944029,47.8137432480001,48.33221435546875,24380000
2022-06-15,49.166610687856796,49.6014571374827,47.90016023432464,48.93989562988281,19141000
2022-06-16,47.56845276258758,47.7988859809821,45.740791816403885,46.19607925415039,37244000
2022-06-17,45.99353016196455,46.4915604626465,45.33103633260015,46.33267593383789,43504000
2022-06-21,47.22549782877338,47.86537544737668,47.11401136560047,47.19645309448242,21901000
2022-06-22,46.497552652048206,47.19645250716349,46.29987191280332,46.47787857055664,24721000
2022-06-23,47.0072115676194,47.0072115676194,46.00102066859611,46.52285385131836,16707000
2022-06-24,47.311687979361416,47.94875653905146,46.97910129470595,47.69486618041992,21201000
2022-06-27,48.13613001561281,48.15861314841678,47.107452532303675,47.378204345703125,13207000
2022-06-28,48.02464912128325,48.16892573493908,46.66619384904883,46.69804763793945,15667000
2022-06-29,46.419803466134326,46.4619606903336,45.59442462825732,45.9448127746582,14444000
2022-06-30,45.721831530099905,46.25678073370978,45.03604412008481,45.51384735107422,18890000
2022-07-01,44.91425537192335,45.3695683327778,43.979262892910306,44.76716613769531,21315000
2022-07-05,44.220038150542074,44.68191272268875,43.46211240259058,44.62289047241211,20711000
2022-07-06,45.01918596933287,45.630022496267266,44.54794073123598,45.214054107666016,22975000
2022-07-07,45.72932092432666,46.97347688694691,45.72932092432666,46.70647048950195,21319000
2022-07-08,46.18651479968157,46.80859463123813,45.906392320149706,46.72052764892578,12713000
2022-07-11,45.85861605076129,46.05816593736702,45.06134213333453,45.23747253417969,21449000
2022-07-12,45.70215980285087,46.149978397113344,44.976087839884386,45.09788131713867,21159000
2022-07-13,44.499220006734234,45.49791641238179,44.24720234874412,45.1316032409668,17665000
2022-07-14,45.199060702189065,45.59535499741838,44.3540078891077,45.40423583984375,19957000
2022-07-15,45.98414914031314,46.35046230210936,45.5438214067126,46.3242301940918,18714000
2022-07-18,46.858246302100284,47.06904310537206,45.736820031625086,46.005699157714844,18042000
2022-07-19,46.54346656406072,47.906603663680485,46.458212196786334,47.68644332885742,27257000
2022-07-20,47.737029010940574,48.49308207294333,47.262038373639875,47.94594955444336,27412000
2022-07-21,48.01903664453303,48.51182518153766,47.40726365821487,48.49964904785156,13912000
2022-07-22,48.60549058362542,48.69730294774826,47.46907223578013,48.01620101928711,17867000
2022-07-25,47.82322253427906,48.09116532496121,47.455033051072476,48.07149124145508,15061000
2022-07-26,48.213894473333546,48.41812968392077,47.678941676218244,47.88224411010742,17958000
2022-07-27,48.54835822119383,49.671660914321656,48.42937736064612,49.44681167602539,25699000
2022-07-28,49.521760115055564,50.26469355380512,48.77132872385991,49.9920654296875,14867000
2022-07-29,49.83935781818969,50.38742311527009,49.679152521476055,50.167259216308594,18482000
2022-08-01,49.78783371522241,50.57105172767054,49.695081392281864,50.25064468383789,11485000
2022-08-02,49.955522008577454,50.51576696571155,49.39434070093258,49.7672119140625,13072000
2022-08-03,50.14945688119426,51.340212469830995,50.039843109088444,51.22216796875,19228000
2022-08-04,51.37862629407462,51.822699503263514,51.06009196927906,51.78990936279297,16293000
2022-08-05,51.049785457974835,51.71495888101055,50.898010896507195,51.66249465942383,14357000
2022-08-08,51.46669291559639,51.80771037404259,50.47267813038433,51.10881042480469,13722000
2022-08-09,50.50547327759276,50.529832690998774,49.44306905479083,49.91618347167969,20072000
2022-08-10,51.15845664219161,51.62314380791007,50.51951536318559,51.56599426269531,19519000
2022-08-11,51.89764797588302,52.25553045226484,50.98888759187309,51.09943771362305,14268000
2022-08-12,51.32240904000724,52.31548740332261,51.1200465356761,52.29862594604492,18399000
2022-08-15,51.923882792668635,52.44477964020726,51.57443102698222,52.36701965332031,14329000
2022-08-16,52.23211272193625,52.27146089264878,51.15378342996714,51.68217468261719,14782000
2022-08-17,51.0001369259501,51.031990718038976,49.75129530136222,50.4586296081543,19022000
2022-08-18,50.910190019175566,52.51691393460955,50.74342670312074,52.319236755371094,23459000
2022-08-19,51.60815142030864,52.05035187810124,51.328028945263846,51.3804931640625,16923000
2022-08-22,50.83149464425205,50.88020989014635,49.37748161172626,49.536746978759766,18555000
2022-08-23,50.01454935595724,50.36775009666665,49.55173841259926,49.63324737548828,9003000
2022-08-24,49.61263437387895,49.7756487173662,49.03927333307156,49.73255157470703,11883000
2022-08-25,49.97708137438709,51.57256217676347,49.86559488794209,51.539772033691406,17345000
2022-08-26,51.418914927980296,51.620341113806035,48.7169964154178,48.79756546020508,25682000
2022-08-29,48.7169862273832,48.97368564051802,47.96749484634867,48.171730041503906,16580000
2022-08-30,48.42093985064901,48.521186544069444,46.9734848133729,47.441917419433594,18282000
2022-08-31,47.79511182212216,47.79511182212216,46.51910193416502,46.7598762512207,32445000
2022-09-01,46.04411215432353,46.214620872807586,45.04822473063772,46.094703674316406,31930000
2022-09-02,48.52961881374562,48.699191193796004,46.68399671749794,46.86387252807617,40426000
2022-09-06,46.70553901836065,47.218005085587855,45.9410552817726,46.67462158203125,24738000
2022-09-07,47.11588362889688,47.726720081391825,46.75706483469765,47.32386779785156,20440000
2022-09-08,47.086843760171305,48.03682502346961,46.721466901034596,47.960941314697266,22535000
2022-09-09,48.28978015292389,49.2763005540394,48.28978015292389,48.94184112548828,23019000
2022-09-12,49.34937335284273,49.77189975524725,49.14420179105363,49.56578826904297,18157000
2022-09-13,48.139885740498805,48.554917813685115,47.0006579020989,47.18522262573242,35136000
2022-09-14,47.51123906353951,48.06117696796164,47.10276512453636,47.85038375854492,20605000
2022-09-15,47.67988268447492,47.92627511878626,46.58843385495175,46.85637664794922,36574000
2022-09-16,46.62964299830998,47.18895150350426,45.89326778455436,47.07746505737305,59012000
2022-09-19,46.32048556995566,47.16085296493275,46.32048556995566,47.0156364440918,17948000
2022-09-20,46.46851042846686,46.733644154618396,45.88016065288053,46.19307327270508,17132000
2022-09-21,46.3848550254852,47.22471192902137,45.51382143549017,45.54877853393555,20669000
2022-09-22,45.57617697555535,45.64986438028728,44.68530428887542,45.12082290649414,23540000
2022-09-23,44.86952255747734,45.15671854663174,43.64611060126872,44.277183532714844,29649000
2022-09-26,44.305526967055734,44.713649317542966,43.580927531500144,43.670677185058594,19361000
2022-09-27,44.35936821674011,44.391485495871756,43.1274514495448,43.90589904785156,17850000
2022-09-28,43.583758893716066,44.283798243074706,43.11234258120169,44.02022171020508,27605000
2022-09-29,43.54219106833803,43.586593791460196,42.02874690075654,42.52472686767578,39997000
2022-09-30,42.423633721266675,43.25121228836197,41.91159518264722,41.94655227661133,27202000
2022-10-03,42.44064065862145,43.54691016537267,42.22618789422923,43.15296173095703,21479000
2022-10-04,44.260177104999435,45.361722129413835,44.01077082037069,45.33338165283203,27277000
2022-10-05,44.64278998163705,46.11088355716466,44.539814301416506,45.800071716308594,18493000
2022-10-06,45.70466744917186,46.26299729119123,45.22569384022526,45.299381256103516,17250000
2022-10-07,44.62672668966055,44.717420533982974,43.36458090034254,43.50251007080078,28425000
2022-10-10,43.45716047952757,43.46660610264484,40.796824693979715,41.350433349609375,33454000
2022-10-11,41.114257678333615,41.444908581382286,40.20543439022982,40.694801330566406,28046000
2022-10-12,40.835561793566036,41.16338007991394,40.435000310899454,40.676849365234375,15046000
2022-10-13,39.43454412170587,41.92388234526293,39.212534112391324,41.375946044921875,27980000
2022-10-14,41.877584055889294,41.94182582183223,40.28383975849743,40.34902572631836,22816000
2022-10-17,41.52521013320999,41.68486675920751,40.943260974645916,41.130313873291016,24120000
2022-10-18,42.3433419154209,42.37546280632879,40.63812011009313,41.079307556152344,20341000
2022-10-19,40.92814867245088,41.407122179277756,40.706138666096344,41.12370300292969,12702000
2022-10-20,41.10763845102995,41.774612576233686,40.447277342888306,40.651336669921875,23402000
2022-10-21,40.82045063738211,42.5747997234738,40.544592269618676,42.4869384765625,26980000
2022-10-24,42.770359495517404,43.34286316477868,42.61731585128652,43.12841033935547,25287000
2022-10-25,43.26726971162779,43.85960864262815,43.15768102704485,43.46377182006836,18246000
2022-10-26,43.26726786632103,44.56814737449766,43.01691743007109,43.568634033203125,29291000
2022-10-27,44.028713194101876,44.47462153454465,42.97629570434319,43.022586822509766,18512000
2022-10-28,43.169966891800925,44.811890891011025,43.046207959616375,44.67585372924805,23094000
2022-10-31,44.10429982623705,44.66735055537262,43.930469351254466,44.41322326660156,19259000
2022-11-01,44.949825456420704,45.047128717892406,43.756642410711734,44.203495025634766,16324000
2022-11-02,44.428341965222145,45.38912167026109,43.05282688878301,43.082115173339844,21070000
2022-11-03,42.60124989454641,42.78263398891938,41.6962070152819,41.956947326660156,23887000
2022-11-04,43.16052408193927,44.297022600886905,42.82231235179617,43.95786666870117,28891000
2022-11-07,44.096736826360534,45.13309579567469,43.6054851170735,44.89502716064453,17687000
2022-11-08,45.46470339701211,46.17796884379209,44.73254309558216,45.54594802856445,20743000
2022-11-09,45.204897194793276,45.25213612658468,44.310247758020594,44.35181427001953,23695000
2022-11-10,46.38579801566072,47.91341236633974,46.02586244111274,47.85673141479492,33970000
2022-11-11,47.689516411805755,49.03102212729331,47.42499568079047,48.94504928588867,26728000
2022-11-14,48.689973430109326,49.599737264582785,48.46418302304374,48.48496627807617,21608000
2022-11-15,50.06642523389557,50.31299887786827,48.73909357708657,49.543052673339844,23315000
2022-11-16,48.815631762619866,48.98757026113983,48.20723039480101,48.344215393066406,25405000
2022-11-17,47.70841260290022,48.439625045786705,47.53269371072873,48.38010787963867,20375000
2022-11-18,48.829792045835724,48.91103666373987,48.27523914668418,48.668243408203125,14536000
2022-11-21,48.458515141540715,49.205789758080805,48.285632476439815,48.88364028930664,18622000
2022-11-22,49.40607329482281,50.0966633709546,49.031963878022644,50.07493591308594,18920000
2022-11-23,50.103277353493034,51.15475083077853,49.95684675387188,50.41408920288086,13964000
2022-11-25,50.135397757782854,50.50289416016531,50.02108804759036,50.061710357666016,7455000
2022-11-28,49.620518630777305,49.95306151011088,48.77027198782644,49.33427047729492,23505000
2022-11-29,49.40890865582958,49.67815400254331,48.63707391729005,49.25680923461914,12694000
2022-11-30,49.51376727020659,52.11647440311151,48.92048409175276,52.05695724487305,47349000
2022-12-01,52.05696202148585,52.18827818321071,51.20009865926749,52.03050994873047,23006000
2022-12-02,50.736244749744245,51.270010835408925,50.64460669432445,51.09051513671875,19320000
2022-12-05,50.80426355016849,50.96581220234215,49.64414551266481,50.13067626953125,18548000
2022-12-06,50.13162176915732,50.407480145790764,49.29082060207354,49.675323486328125,19655000
2022-12-07,49.087695965741865,49.5978461048813,48.75232048644394,48.9837760925293,16524000
2022-12-08,49.20200492171715,50.29882510130622,49.16137901565369,50.17223358154297,27514000
2022-12-09,52.048456289798565,52.209057117137824,51.109400577083235,51.460838317871094,37028000
2022-12-12,51.46366661551451,52.60866998123056,51.2265422022519,52.585994720458984,23416000
2022-12-13,54.39892680415301,54.967646382301325,53.37957056844193,53.947349548339844,40414000
2022-12-14,53.71211334172987,55.32758542648854,53.63464552589291,54.2685546875,35218000
2022-12-15,53.26147526246966,53.517494549102786,52.68708692388423,52.71542739868164,36876000
2022-12-16,52.66347270165972,52.885482719872215,52.041848975254425,52.51798629760742,49549000
2022-12-19,52.776144307481864,53.010483248995065,51.98548158639943,52.35795211791992,25092000
2022-12-20,51.9330871092694,52.29793735750041,51.528231319487666,51.82353973388672,29831000
2022-12-21,52.17123762958124,53.52774853168065,52.10265151041987,53.46297073364258,25619000
2022-12-22,52.71231439792483,52.863778734066834,52.126465273764126,52.68754577636719,27553000
2022-12-23,52.3931892707315,52.73803125133864,52.150274375713316,52.624671936035156,13761000
2022-12-27,52.54084599365938,53.1657558506763,52.10169716626355,52.73041534423828,16677000
2022-12-28,52.549420482161786,53.13336543493935,51.673975459207625,51.906410217285156,15410000
2022-12-29,52.569431570656384,53.593477545159764,52.44082804821641,53.13718032836914,18176000
2022-12-30,52.56656438167888,53.31245380636477,52.20362196225097,53.262916564941406,14376000
2023-01-03,53.822104519452765,54.066923620673634,52.46845340935373,52.72470474243164,20173000
2023-01-04,53.63062357122344,54.12312158046387,52.96761235752058,53.368656158447266,17074000
2023-01-05,52.93712880049114,53.33055596852193,52.49988413858309,52.87139892578125,16277000
2023-01-06,53.64301249599063,56.298869533977815,53.564898305542194,56.05405044555664,35261000
2023-01-09,56.422704771458434,57.315294511056784,53.399141471179924,54.954742431640625,37739000
2023-01-10,54.4889237464362,54.787088395725064,52.39224313094047,54.768035888671875,44635000
2023-01-11,54.5841762829892,55.09286689692141,54.00023136378198,55.073814392089844,22502000
2023-01-12,54.8309048122345,55.737786687424844,54.656579645275464,55.43581008911133,19514000
2023-01-13,54.97950969422136,55.43485476567643,54.93378440764765,55.15574264526367,19647000
2023-01-17,54.76517222930043,55.76159313933619,54.73087554091407,55.1786003112793,15835000
2023-01-18,55.556790124871334,55.97117397209699,54.652771751157445,54.707069396972656,15703000
2023-01-19,54.21457071088132,54.304117128503506,53.3753265097845,53.65253448486328,22692000
2023-01-20,53.63443799533939,54.42795691186121,53.2610154049146,54.372703552246094,22950000
2023-01-23,54.48892195701298,55.70730121698381,54.27744385972991,55.40627670288086,23429000
2023-01-24,55.10240109458569,55.88829611140334,54.83471755090914,55.73016357421875,13825000
2023-01-25,55.02904969906337,55.91497132434577,54.87377702981519,55.79208755493164,13766000
2023-01-26,56.242660576394776,57.20955249562308,55.847329272959485,57.020938873291016,24525000
2023-01-27,56.519878497781676,57.08477101813838,56.22171382732096,56.29792022705078,19344000
2023-01-30,55.53678201484731,56.166452244876616,55.22814087195293,55.389129638671875,16984000
2023-01-31,55.44819581613929,55.93973814574939,55.32150009569324,55.7282600402832,23719000
2023-02-01,55.5910894594351,57.94688150172361,55.50821486097049,57.41818618774414,26553000
2023-02-02,57.883045168451034,58.40792843086666,57.1323917146727,57.70586013793945,24188000
2023-02-03,56.965686352132906,57.92210176961338,56.798981472911514,56.92948913574219,19093000
2023-02-06,56.521782161003735,57.462953537834395,56.41890297718975,57.28005599975586,18709000
2023-02-07,57.21908432391485,58.776589466297025,57.12953790770742,58.53272247314453,24025000
2023-02-08,57.79254508896061,58.12595847496268,57.215268360784314,57.3191032409668,15290000
2023-02-09,58.35649057128723,58.57844882146663,56.72563524879193,57.10000991821289,18837000
2023-02-10,56.80470677081888,57.009516693798226,56.16836825246826,56.51321029663086,21035000
2023-02-13,56.679912203325294,57.297198180605,56.53416397394422,57.26290512084961,19847000
2023-02-14,56.60084040762937,57.687759866133575,56.51986998452054,57.376258850097656,17571000
2023-02-15,57.04760756557375,57.94495759538727,56.8418419793838,57.888755798339844,12683000
2023-02-16,57.22766144854646,58.00784402204167,57.113350035131965,57.20765686035156,17449000
2023-02-17,57.15621063785552,57.23718106412459,56.43699396983885,56.73611068725586,14215000
2023-02-21,56.20360443437407,56.497957102644456,55.235760418648574,55.397701263427734,22737000
2023-02-22,55.4653312183375,55.54534955466086,54.49843935386998,54.88615036010742,23475000
2023-02-23,55.798748718067564,55.816849143259915,54.64895563750915,55.61299133300781,18939000
2023-02-24,55.015710383645846,55.27386585440159,54.64229142593326,55.03667068481445,15353000
2023-02-27,55.81018110957682,56.184552121334015,55.65680898593114,55.77016830444336,18321000
2023-02-28,55.7806540271899,57.02094572731963,55.458672830835845,56.61227798461914,27822000
2023-03-01,56.584650800820015,56.985694617027654,56.23218488040136,56.54368591308594,15484000
2023-03-02,56.14549754388279,57.24575707001764,55.834948595832046,57.027610778808594,27525000
2023-03-03,58.84232176516578,60.5598673044198,58.65656436348336,60.27694320678711,46088000
2023-03-06,60.490328459828326,61.352433552984415,60.17882740313286,60.29218673706055,24983000
2023-03-07,60.47793258950206,60.56461912240883,59.395777231423274,59.552001953125,19334000
2023-03-08,59.802544738746214,60.27408247214376,59.41102535361521,60.229312896728516,20912000
2023-03-09,60.02163658544126,61.19905812127984,59.24050206068503,59.30146789550781,21775000
2023-03-10,59.84160085971752,60.029262416211495,58.377450438843624,58.56892395019531,26098000
2023-03-13,57.831601670924066,59.479605179810875,57.81159708597333,58.72514343261719,22364000
2023-03-14,59.38435427134696,60.33505367520496,58.91852900614875,60.24836349487305,25893000
2023-03-15,59.79206388878891,60.02069033394356,58.69942825495505,59.63679122924805,22963000
2023-03-16,59.237645070743326,60.68750686768809,58.85279029415126,60.633209228515625,31716000
2023-03-17,60.63321349067858,60.92566200576967,59.735859725468295,60.106422424316406,79303000
2023-03-20,60.27502812283921,61.41815297225717,60.16643284288827,61.320037841796875,25857000
2023-03-21,61.701901501284645,62.03771098380189,60.861415202142474,61.093605041503906,25000000
2023-03-22,61.10799345951453,62.22096668320951,60.510252608943,60.534236907958984,25799000
2023-03-23,61.29989132901594,62.19027144718914,60.592769863849405,61.3315544128418,27162000
2023-03-24,61.2164242074983,61.338274566398745,60.30685439368634,61.0379638671875,17228000
2023-03-27,61.309490666765925,61.31908365559355,60.06123090344546,60.142784118652344,14707000
2023-03-28,59.98831473312818,60.11400448732265,59.37714139501441,59.93746566772461,12439000
2023-03-29,60.71270095557376,60.83071557254817,59.93170141944035,60.01421356201172,26395000
2023-03-30,60.70790101419487,61.02644238222911,60.37880772544132,60.80576705932617,21523000
2023-03-31,60.49778392296695,61.618432356921026,60.05355279928216,61.55318832397461,22097000
2023-04-03,61.309485226188386,61.77961849805499,61.063863009437156,61.642417907714844,15682000
2023-04-04,61.70766716132819,61.81224940537175,60.637867738995354,60.86909866333008,13429000
2023-04-05,60.555341319123926,60.60907083104072,60.03339644334699,60.35097885131836,16908000
2023-04-06,59.88564543380305,60.292456199023505,59.3876848130099,59.73980712890625,14493000
2023-04-10,59.299419099440065,60.241607222969066,59.14590566265197,60.195552825927734,15400000
2023-04-11,60.52081008551147,60.53040673403785,59.56518958703927,59.637149810791016,16518000
2023-04-12,60.19075957915525,60.20802769092176,59.12767635082694,59.169891357421875,14112000
2023-04-13,59.39728288391592,60.11016158793,59.20922591148675,59.8933219909668,17265000
2023-04-14,59.53256610880422,60.25695933270529,59.026930349317084,59.44237518310547,17465000
2023-04-17,59.353149128910744,60.28670320477517,59.276390579833134,60.19267654418945,13201000
2023-04-18,60.60140956691424,60.973680504634515,60.17061444036524,60.66857147216797,16806000
2023-04-19,60.137987828958224,61.09744772795322,60.019014274435776,60.87773132324219,19060000
2023-04-20,60.2406490184109,61.667369090994875,60.17156925203826,60.7357292175293,20239000
2023-04-21,60.503541128795845,60.8105679964673,59.67744611658101,60.72421646118164,14807000
2023-04-24,60.79520975017685,61.29508822229254,60.617712028131976,60.881561279296875,12338000
2023-04-25,60.828796711246206,61.02068942382426,59.653459794285375,59.68032455444336,23670000
2023-04-26,59.48363432569198,59.786821795788995,58.86382334601409,59.12095642089844,17179000
2023-04-27,59.12096126402745,59.49515005324066,57.87750347156966,59.333961486816406,18250000
2023-04-28,59.39728590209609,60.137029402610544,58.964569279042045,60.110164642333984,16183000
2023-05-01,60.110161911524614,61.30852414801889,60.08137562678672,61.208740234375,17030000
2023-05-02,60.03916210139939,60.110163392103146,58.049241036455136,58.75156784057617,28357000
2023-05-03,59.18908271210108,59.67361100932544,58.75732866472511,58.834083557128906,19816000
2023-05-04,58.52705392905198,58.9069999617994,57.691365907597955,58.54240417480469,17684000
2023-05-05,59.097927035252475,60.58700684572289,58.850386965345244,60.457481384277344,24876000
2023-05-08,60.42486497973499,60.516014839614336,59.54215998629295,60.35578155517578,13934000
2023-05-09,59.74845239540348,59.87702261413835,59.08930310131849,59.343563079833984,16990000
2023-05-10,59.684166267713366,60.254083510385314,59.320529398529764,60.088096618652344,19174000
2023-05-11,60.117841153876824,60.300137222814314,59.293663962006576,60.22241973876953,14430000
2023-05-12,60.29053796365399,60.705023848687475,59.89044339045449,60.55630874633789,11942000
2023-05-15,60.62539470769538,61.40735323105763,60.29917818591527,61.38624572753906,14614000
2023-05-16,61.449563889330925,62.068419598080666,61.28358067157052,61.5435905456543,14967000
2023-05-17,62.11063346288176,63.41069744965017,61.844862676699165,63.081607818603516,24133000
2023-05-18,62.940551946749984,65.1818482968945,62.940551946749984,65.0417709350586,26389000
2023-05-19,65.2432752015765,65.7182105018822,65.0907243522004,65.45915222167969,22968000
2023-05-22,65.3776012604634,65.69230693908762,64.67911745291029,65.08688354492188,17796000
2023-05-23,66.26413825638753,67.06528635643157,65.43708433034818,65.8669204711914,36088000
2023-05-24,65.3814324878462,65.65679993767169,64.86524845116445,65.19818115234375,23021000
2023-05-25,67.10557496529503,70.26986982507478,66.27660327900594,69.92542266845703,49263000
2023-05-26,71.71290120133158,78.19405692563356,71.67357031771542,77.97817993164062,82500000
2023-05-30,80.12641238490289,88.44109183747791,76.64260949451239,77.0772476196289,116912000
2023-05-31,76.2674611171267,78.83593699909034,75.80980128864901,77.52051544189453,89998000
2023-06-01,76.8162792403946,77.31232571571609,75.33295643924774,75.79254150390625,80792000
2023-06-02,75.85874151102905,79.0374282825826,75.52868560234567,77.90814208984375,62815000
2023-06-05,77.63950813614113,77.63950813614113,76.2271827772691,76.97748565673828,26222000
2023-06-06,76.9486817257137,76.9486817257137,74.49054883691612,75.79733276367188,37823000
2023-06-07,75.78006083597727,77.27969267371759,75.55842291450165,76.04966735839844,28957000
2023-06-08,76.26842049935105,77.23747699925312,75.68027260575724,77.15975952148438,21909000
2023-06-09,77.31327029659289,78.45982443299012,77.12905273176492,77.2000503540039,19241000
2023-06-12,77.82370561288201,82.32165671269972,77.82370561288201,82.068359375,51065000
2023-06-13,82.62197128426727,82.82633378814134,80.69057799240659,81.66155242919922,38990000
2023-06-14,82.12017643118072,85.25185375712653,81.28736879670714,85.02542114257812,43524000
2023-06-15,84.85558518229752,85.19714824155614,83.57086418878593,84.76155853271484,33814000
2023-06-16,85.32285260793084,85.38713771052787,83.03645652837436,83.29167175292969,68299000
2023-06-20,82.76877175362085,84.15135537064562,82.61045998189144,83.28400421142578,27535000
2023-06-21,82.9531531983991,83.53189465587087,81.46771213012683,81.76287078857422,23229000
2023-06-22,81.51498224417186,81.88344487874487,80.57162694122435,81.2583999633789,23464000
2023-06-23,80.44623242122904,80.6401078284122,78.98394307659711,79.30224609375,37413000
2023-06-26,79.57712612620224,80.73460865349105,79.11606414166644,79.25206756591797,21372000
2023-06-27,79.93210117762992,81.9885711053486,79.19131250169987,81.83423614501953,24923000
2023-06-28,80.90151074293361,82.81135829249358,80.74042747056241,81.78987884521484,19445000
2023-06-29,82.41780622318393,83.22707865713156,81.6422899628354,83.20104217529297,23386000
2023-06-30,83.77496210585662,84.35853110637026,83.3708078802143,83.6698226928711,23145000
2023-07-03,83.78460204158915,84.56686657684263,83.42770796764503,84.53889465332031,9038000
2023-07-05,83.66692651450472,84.5832738184372,83.12194864291307,83.13255310058594,14440000
2023-07-06,81.50629514995448,82.3647632320369,81.44166756155762,81.79566955566406,23939000
2023-07-07,82.0300456033868,82.75926576832852,81.47349190391648,81.67508697509766,19409000
2023-07-10,81.82268227737804,84.80224093877021,81.82268227737804,84.66334533691406,30622000
2023-07-11,84.98936091880383,85.17166782012299,83.39974452865117,85.08003234863281,25498000
2023-07-12,85.75039792684909,86.57896586832106,85.07519353930483,85.84203338623047,28197000
2023-07-13,86.70918844015786,86.70918844015786,84.71542519682997,85.881591796875,25912000
2023-07-14,85.4764617412478,87.13456178504482,85.4764617412478,85.70989227294922,18510000
2023-07-17,85.94428189056975,88.08563176490604,85.82563853819485,87.80976867675781,26819000
2023-07-18,87.3882436486204,87.76635400786301,86.64359142925407,87.14228057861328,24513000
2023-07-19,86.54810278766634,87.3872826258329,85.4253475293678,86.9435806274414,24118000
2023-07-20,86.0918476247759,87.48661694789075,85.46101862067772,85.68672943115234,28268000
2023-07-21,87.24452063749433,87.88692557621172,86.21629300618551,86.4979476928711,74287000
2023-07-24,86.88858664329543,87.33614473517824,86.25485816141554,86.96478271484375,19992000
2023-07-25,86.87123199855418,89.04730940687602,86.87123199855418,88.54669952392578,20042000
2023-07-26,87.67954924551204,87.83580493926277,85.62018706948832,86.14491271972656,19877000
2023-07-27,87.63131242381795,87.76153162664231,85.46102671919293,86.18734741210938,21922000
2023-07-28,86.74584380745101,87.1548255989945,86.2278664366983,86.79117584228516,18791000
2023-07-31,86.5702897200348,86.90788826383684,85.9433167906331,86.68121337890625,14952000
2023-08-01,86.71305094318878,88.80037771592944,86.58958002207763,88.7405776977539,19683000
2023-08-02,87.99785315106743,88.06537285554077,85.87482758774196,86.06871032714844,26877000
2023-08-03,85.52083150259769,86.36096794802991,84.98645812550865,85.36264038085938,18281000
2023-08-04,85.36266065735673,86.19604900996539,84.24278999915931,85.04145812988281,21156000
2023-08-07,85.62308340953754,86.55775492955762,85.39062426117488,86.5278549194336,11146000
2023-08-08,85.85554443514549,85.90473263472917,84.24566853135661,85.18709564208984,14081000
2023-08-09,85.14466761158982,85.2227917886732,81.8651226891779,82.05899810791016,24672000
2023-08-10,82.28950617181485,83.09782183555896,80.74137330296271,81.30371856689453,20186000
2023-08-11,80.44623124493896,80.67676231028778,79.43053606814082,80.03628540039062,20331000
2023-08-14,80.16841595417633,82.39175316432113,79.80670170540502,82.38404083251953,17688000
2023-08-15,81.91237166328742,82.4342051827844,80.68254892398046,81.26707458496094,14035000
2023-08-16,81.77540095671647,82.42262609290225,80.24848420005317,80.34783935546875,16003000
2023-08-17,80.68738019620982,80.96807088623846,79.7710327568601,79.77971649169922,19228000
2023-08-18,79.09485562776862,79.88291176501689,78.32319555605449,79.65816497802734,17759000
2023-08-21,80.45105402737697,83.66115101298344,80.23017073082355,83.44894409179688,30012000
2023-08-22,84.2466416989415,84.37588950974434,82.07345636517482,82.54706573486328,17079000
2023-08-23,82.06285337666712,84.70770532602194,81.9885780149526,84.55240631103516,19692000
2023-08-24,87.03809578481447,87.76248833405599,82.22585088193533,82.41876220703125,30934000
2023-08-25,82.66572015636822,83.86371498559133,80.79926907146975,82.16413879394531,24181000
2023-08-28,82.60493392606195,83.35151422622556,81.70981027095696,83.05731964111328,14306000
2023-08-29,82.79881685326549,86.12080144812421,82.60783357367661,85.8401107788086,27822000
2023-08-30,86.07739190719734,86.6870047265372,84.7964455278454,86.06678009033203,23234000
2023-08-31,86.61949504934205,89.09458019472373,86.21051322507842,89.01934814453125,55203000
2023-09-01,86.99178864905019,86.99178864905019,83.40262554373182,84.16077423095703,65017000
2023-09-05,83.87045478344035,85.17166818138489,83.6283478617135,84.12703704833984,24808000
2023-09-06,84.15886064894332,84.62860648324524,83.60327095643343,84.13667297363281,20142000
2023-09-07,82.9049151371615,83.11615799699884,81.07416330949472,82.66667175292969,27789000
2023-09-08,82.47087191291094,83.03321733309917,82.00016197230372,82.71683502197266,16810000
2023-09-11,83.79907332089138,83.82126099590785,81.5689875293015,82.87019348144531,15710000
2023-09-12,82.01173265149994,82.78628495250416,81.1841286214106,81.45999908447266,16680000
2023-09-13,81.71753284280413,82.86730334105883,81.43298602266105,82.27119445800781,17413000
2023-09-14,82.85959379031029,84.56109802877066,82.47087155441339,84.07592010498047,19648000
2023-09-15,83.74024354485884,83.74024354485884,81.30373492476805,82.15062713623047,50190000
2023-09-18,81.2728774151217,82.59916337200933,81.02401482077205,81.98858642578125,16541000
2023-09-19,81.60178085303495,82.08792275452184,80.87931629211045,81.91140747070312,13126000
2023-09-20,82.43414429452083,82.43414429452083,80.52941127710048,80.55074310302734,13681000
2023-09-21,77.11174408499419,79.76809277214049,77.10980550080329,78.39675903320312,53654000
2023-09-22,78.67607054818298,80.55170994648277,78.59266703290785,80.40623474121094,27764000
2023-09-25,80.30151775894362,81.32565278337803,79.81757452227966,80.87274169921875,15648000
2023-09-26,80.41497255817158,80.52165389109894,78.67316931377135,79.15614318847656,17641000
2023-09-27,79.45388022005945,79.88253674531565,78.01078172001039,79.21627044677734,15352000
2023-09-28,79.5421211398948,81.35472693711893,79.00969121689623,80.68942260742188,16180000
2023-09-29,81.12099727639362,81.85709695070842,79.80785802485246,80.55171203613281,16481000
2023-10-02,80.40430128643644,81.32563937915087,79.86507887985867,80.97553253173828,14676000
2023-10-03,80.20451079202188,81.05310752155914,78.45009950275144,79.02423858642578,18761000
2023-10-04,79.55765054910268,80.55172264277007,79.16681119688047,79.89514923095703,16417000
2023-10-05,79.53630197275558,80.36259014416652,79.08726818429805,79.89998626708984,11474000
2023-10-06,79.46745978805077,82.27897696749184,78.722629007895,81.97542572021484,21103000
2023-10-09,81.50989378289427,83.0761661805682,81.25482938397222,83.00536346435547,15760000
2023-10-10,83.12855048750029,84.62208195021613,82.9898676957099,83.2507553100586,14718000
2023-10-11,83.37681838208934,84.89265075761188,83.07035187408765,84.81700897216797,14334000
2023-10-12,84.99838231280357,89.02315811217748,84.99838231280357,87.82736206054688,43871000
2023-10-13,88.15709643745353,89.79707239316834,85.54729545470222,85.65300750732422,28312000
2023-10-16,86.4084850317008,88.81559250660113,86.4084850317008,87.53348541259766,21150000
2023-10-17,85.84405807201773,86.60342825421414,83.98684233531716,85.77132415771484,33008000
2023-10-18,85.33974622753385,86.86043246676908,84.87907347265825,86.02638244628906,20404000
2023-10-19,86.02540667206313,86.26494760753663,83.95482855870154,84.164306640625,26620000
2023-10-20,84.84997147922172,84.84997147922172,82.61355567977881,82.78715515136719,26953000
2023-10-23,83.20709903192318,84.72390815292943,81.73878411804715,83.62024688720703,16456000
2023-10-24,83.792871042568,85.63553979288008,83.70752154014527,85.45223999023438,14972000
2023-10-25,85.06043369407585,85.2214249835438,82.05494725912965,82.39923095703125,21432000
2023-10-26,82.23242180622097,82.86377875058699,79.36464892396212,80.1802749633789,27917000
2023-10-27,80.49547165085991,81.48566654545995,80.35387359595268,81.30624389648438,18236000
2023-10-30,81.57196292480839,82.37982714499095,80.21905321172572,81.58650970458984,20889000
2023-10-31,81.84254695062387,81.9986917660321,80.7476168561297,81.59815216064453,14747000
2023-11-01,81.65925518380503,82.80656415939347,81.03565995132179,82.72024536132812,18684000
2023-11-02,83.59889424997456,85.39307603750379,83.40493225092189,84.5008316040039,18759000
2023-11-03,85.10213272214968,86.07195759647618,84.4775682259804,85.60449981689453,18041000
2023-11-06,85.49588993443413,85.9158228520267,84.49212491932175,85.42509460449219,12870000
2023-11-07,85.56959831779379,87.45590757469023,84.97218134597324,87.07282257080078,19365000
2023-11-08,87.28424098312871,88.5362852839472,87.18725997298282,88.36365509033203,15280000
2023-11-09,88.4965212202946,90.17432153578014,88.11441293649797,88.38790130615234,24486000
2023-11-10,89.392634689362,93.00134602541368,89.05028221353011,92.86266326904297,36272000
2023-11-13,92.13821426737553,92.36612371651513,91.21009110452,91.83563232421875,16893000
2023-11-14,93.33011879406779,94.72957671798628,92.64251338174896,94.36006927490234,23886000
2023-11-15,94.99531147205069,95.21255869300722,93.77333747453794,94.59671783447266,16099000
2023-11-16,93.4911191966479,93.94693807062924,92.18379568276255,93.0595474243164,26198000
2023-11-17,92.92959128472097,95.42010240736552,92.23034687790538,94.82269287109375,19789000
2023-11-20,94.36396069614531,96.96987663022354,94.36396069614531,96.5664291381836,18674000
2023-11-21,94.55792375815318,96.10964205281066,94.23109473403323,95.15921783447266,43344000
2023-11-22,95.40070684398573,95.81773183847004,94.16999439464009,94.26697540283203,33743000
2023-11-24,94.55405001827916,95.0292621446797,93.7578246088286,94.9332504272461,23158000
2023-11-27,94.66945905327705,95.14079403135355,92.06838934451072,92.15664672851562,96962000
2023-11-28,91.15772416675401,92.21676833256427,90.59716253745347,91.77938079833984,39025000
2023-11-29,91.97237945152712,93.04791645158026,91.10244338860534,91.2440414428711,34843000
2023-11-30,91.26051738955093,91.39823086156636,89.06580326880469,89.77959442138672,49571000
2023-12-01,89.46246452707176,90.57194142368301,88.06009863391868,90.19371032714844,29612000
2023-12-04,89.28597295859174,90.28779941561756,88.87864082947715,89.60892486572266,25009000
2023-12-05,88.40924185372029,88.9591264776992,87.8515880940769,88.55664825439453,37066000
2023-12-06,89.25880454433769,89.31796096079141,87.58488143605254,87.63725280761719,24813000
2023-12-07,87.82151757100434,89.623453743816,87.63724848748471,89.44306182861328,43517000
2023-12-08,89.98423099604975,92.20416163226342,88.30546875570451,91.58056640625,69668000
2023-12-11,92.81320095310238,100.81425566178345,92.72398168737632,99.81825256347656,101184000
2023-12-12,99.69702313553404,104.68192201699611,99.36630956381055,103.99237060546875,90242000
2023-12-13,103.57729080654339,106.65938795961507,103.04776137916507,105.68083953857422,71654000
2023-12-14,105.92235363698845,108.76200272008568,105.73808451135767,107.31017303466797,66964000
2023-12-15,106.21716335855426,111.51822205696652,106.15896883443844,109.56499481201172,118544000
2023-12-18,108.6979779547967,111.70637228766722,108.48849245889245,111.2389144897461,54741000
2023-12-19,111.26326235374731,112.08750751283088,110.33866900553762,111.0274887084961,36020000
2023-12-20,110.3571763043442,111.20091130126299,108.07345967770354,108.18257904052734,34523000
2023-12-21,110.35231281158805,110.62218998424619,108.6327015829798,109.83009338378906,24106000
2023-12-22,109.89732855379606,110.28899129954002,108.4894878906627,109.31275939941406,19089000
2023-12-26,109.5329551786378,110.62999890072882,109.4140908737874,110.27828216552734,16793000
2023-12-27,110.67870866281864,111.02653040110363,109.40824094619023,109.72098541259766,20055000
2023-12-28,110.25877430810769,110.3123602398022,109.02727906140372,109.3546371459961,21247000
2023-12-29,109.26209183680342,109.54658267687493,108.60055195791533,108.75448608398438,20558000
2024-01-02,106.40353564564049,107.3661275288827,104.9391879395532,105.74687194824219,28831000
2024-01-03,104.26790908555446,104.7355688496305,102.81720121754746,103.13579559326172,34735000
2024-01-04,103.07538084763432,104.1997042905909,102.04361560371443,102.20339965820312,25658000
2024-01-05,102.45574961776046,102.83181750372839,101.47269405562675,102.2297134399414,22475000
2024-01-08,102.9331439886952,105.02785684665007,102.49471156733736,104.72095489501953,33110000
2024-01-09,103.82167991868435,106.05572053370118,103.73302415068878,105.46530151367188,23225000
2024-01-10,105.2568141036838,105.51109643383244,103.52745788292108,105.27824401855469,17643000
2024-01-11,105.64359570676389,107.29792856503063,104.68782006162705,107.16932678222656,25757000
2024-01-12,108.350160131306,108.69992933783034,107.1722507256937,107.91952514648438,26882000
2024-01-16,108.3735587871456,109.72781359231017,107.03781265130898,108.62882232666016,26145000
2024-01-17,107.78410262528232,108.44856378762118,106.21745913815245,107.52883911132812,18314000
2024-01-18,109.59724064264701,111.7065670791001,109.30301230946947,111.44935607910156,32228000
2024-01-19,112.75490691817377,118.57040460153956,112.62727144391988,118.00532531738281,53077000
2024-01-22,118.49734125296345,119.9665652935157,117.71498950477257,118.91141510009766,31222000
2024-01-23,118.96011189881656,119.54273349569829,117.2570618669471,119.47745513916016,16952000
2024-01-24,121.0353453192274,125.15169511774744,119.93537302064838,122.16259002685547,34805000
2024-01-25,124.80583917692766,124.80583917692766,119.72006592160892,119.83698272705078,36356000
2024-01-26,118.83346375529933,118.98058164408975,116.93653348722898,117.38957214355469,25818000
2024-01-29,118.36678314805845,119.22025574527902,117.40029617718768,118.64543151855469,21526000
2024-01-30,118.5480035107327,119.64212595002952,117.33209552280317,117.70914459228516,20683000
2024-01-31,115.88624400648848,116.64326331235263,114.41117765815234,114.96554565429688,27400000
2024-02-01,115.68164964562123,117.21517073139772,114.8788418018393,116.91509246826172,19411000
2024-02-02,117.76661507661954,120.29391028206285,117.41587213302806,119.2855224609375,26689000
2024-02-05,119.54079543643695,121.5663349812845,119.07216191431593,121.11328887939453,22045000
2024-02-06,123.10764675355756,123.93968194037737,118.07741481716022,119.1208724975586,25354000
2024-02-07,120.22668921841269,122.71208357827621,119.51545837856503,122.473388671875,25768000
2024-02-08,123.44183033178432,126.26433532679563,123.2479501745487,124.1978759765625,29326000
2024-02-09,121.9833224710313,125.26860336774223,121.68713920547644,125.04354095458984,26293000
2024-02-12,125.68365542440796,125.68949791904458,122.66239440974617,123.24696350097656,24778000
2024-02-13,120.3358123731996,122.35744947195104,119.55346065472398,121.94630432128906,31907000
2024-02-14,123.66007867380064,124.02640907887499,120.9398767638485,122.97612762451172,27306000
2024-02-15,124.70352588575774,124.7083946314712,121.283785795427,123.25379180908203,21873000
2024-02-16,122.6662937259166,124.28750427947597,121.04410942321685,121.34516143798828,21268000
2024-02-20,120.40790536315168,120.58912677330956,118.13782102273349,119.50084686279297,26329000
2024-02-21,118.66782553872149,119.64697854157338,117.17132188643181,119.5885238647461,20579000
2024-02-22,124.8749882862246,127.7267201104394,124.36446133143605,127.13435363769531,40819000
2024-02-23,127.472444410428,128.5685142821542,125.56771676048257,126.30329132080078,23115000
2024-02-26,127.63123884406505,128.48763257310475,126.79919627511576,127.54647064208984,16282000
2024-02-27,127.54648553078428,127.82026515018171,125.89897623445269,126.28966522216797,12126000
2024-02-28,125.97495509060779,126.51276189349714,124.99774217114943,125.62615966796875,10967000
2024-02-29,126.97944257175719,127.47535590339861,125.41766791073864,126.70469665527344,27536000
2024-03-01,129.18329069361698,137.15585844448555,128.60553779820953,136.31895446777344,44488000
2024-03-04,136.70672609318711,140.11866919447996,134.9569060927014,136.62001037597656,34854000
2024-03-05,135.91266301705733,135.91266301705733,129.81071982824417,130.822021484375,36040000
2024-03-06,135.57947586024076,135.89611532323545,131.24195080274646,131.5283966064453,43196000
2024-03-07,134.6451206875726,137.79400230557633,133.75851840850194,137.08277893066406,62832000
2024-03-08,135.8395851622989,137.66636813955844,126.81089464052793,127.50652313232422,74025000
2024-03-11,124.50672097593153,126.56148039560827,122.03495904768528,125.98665618896484,31105000
2024-03-12,127.33895617909376,127.41593439184183,122.68967579877288,125.8658447265625,42789000
2024-03-13,124.98898430192996,124.98898430192996,122.01547401791834,122.55230712890625,37838000
2024-03-14,123.00730127344794,124.03907404932852,121.56244326728905,122.98099517822266,38029000
2024-03-15,122.12264560847673,123.47787399637734,119.8437975686053,120.37283325195312,88823000
2024-03-18,122.17330620907126,123.04041864851733,120.00259642990383,120.54235076904297,25737000
2024-03-19,118.56552517604656,120.83755683095345,117.3057763153942,120.61737060546875,24491000
2024-03-20,121.22987622368494,126.02126104130306,120.01367953774488,124.8481216430664,40946000
2024-03-21,129.96727814551568,137.33389577479304,128.76185334030336,131.89283752441406,72468000
2024-03-22,132.08852300554412,134.65396979991644,131.71183148129816,132.42803955078125,38624000
2024-03-25,131.60226072946674,132.91432860536116,130.86255322085793,132.24313354492188,21237000
2024-03-26,133.52585781789924,135.01797811174566,130.18157227451763,130.2774658203125,23522000
2024-03-27,132.08853726192024,132.08853726192024,126.80695753560768,129.0289764404297,25583000
2024-03-28,128.94776083158834,130.14048061681382,128.32450506228315,129.6825714111328,19856000
2024-04-01,129.7089855954184,133.35855386411527,129.682574933658,132.11398315429688,17252000
2024-04-02,128.74128073257918,131.34196131794823,127.52998868669528,130.98875427246094,24694000
2024-04-03,129.9359965511507,134.71271351113936,129.668874121973,133.3810577392578,28650000
2024-04-04,135.5443649608041,137.3701194813528,128.66402196431747,128.90863037109375,27014000
2024-04-05,129.74028255603298,133.1872987330396,128.58572331166914,131.05430603027344,19438000
2024-04-08,130.48880416733226,131.354712540107,128.73739963949205,130.728515625,17139000
2024-04-09,132.8096196217869,133.01606764477003,128.0417123845999,130.53085327148438,17986000
2024-04-10,129.44676135435017,130.69425815585743,128.71098040137522,129.38511657714844,17467000
2024-04-11,130.39388727276585,136.18522672187913,129.5103618987482,135.2645263671875,31713000
2024-04-12,132.28519849041163,133.70392415363622,130.77938782194025,131.50831604003906,27823000
2024-04-15,134.04541477283706,134.04541477283706,127.78344516409346,128.24232482910156,24370000
2024-04-16,128.70117985905543,130.75002879886983,128.27263745330438,130.03968811035156,18923000
2024-04-17,131.4143885082251,131.79499162138106,125.37842593716422,125.49681854248047,24718000
2024-04-18,126.02223624801461,126.47720423683187,122.83840836289194,123.18379974365234,24888000
2024-04-19,123.18380222315295,123.28262197699547,117.17327992976246,117.87286376953125,44797000
2024-04-22,119.80918654774412,120.66042643308569,117.46486355780483,119.8052749633789,25162000
2024-04-23,120.16827271740904,123.07715519737079,120.15359681158036,122.22493743896484,22025000
2024-04-24,123.66422010940437,125.78937498777448,121.81106964800318,122.97148895263672,20108000
2024-04-25,124.50078109546978,127.98203892512282,122.98909557117906,126.65039825439453,30410000
2024-04-26,128.1747952005887,132.65894887980795,127.50261481464197,131.50831604003906,24100000
2024-04-29,131.5092816544147,132.380086786995,129.71092356562286,130.9750518798828,13372000
2024-04-30,130.02208436700482,131.92710067243522,127.10341527387862,127.2227783203125,22113000
2024-05-01,125.0761073237566,126.44982749348259,121.45786164438228,121.60560607910156,30958000
2024-05-02,122.91865412645328,123.71803568781345,119.69276142850553,121.18585205078125,29480000
2024-05-03,123.18477585095569,125.61911731867954,122.02434921233521,125.05455780029297,24898000
2024-05-06,125.8480810252115,128.25013731200056,124.75713711294637,128.20513916015625,16287000
2024-05-07,128.80489302886568,129.05439834132213,126.87933368982358,127.50064849853516,12413000
2024-05-08,126.56040053459539,130.9056188271153,126.07019834106312,129.6786651611328,13918000
2024-05-09,128.94089223945286,129.31073098403164,127.39202453730604,127.75111389160156,12170000
2024-05-10,128.69435101131378,131.50146520528386,128.69435101131378,130.40562438964844,16300000
2024-05-13,131.89285854955745,132.90945254164217,130.14243932251196,130.86648559570312,18507000
2024-05-14,130.36060238005965,135.21853604561534,129.7207149939449,135.02676391601562,19420000
2024-05-15,135.02383340395178,140.7917035112007,134.04344403634926,140.5196990966797,32757000
2024-05-16,139.52462197906328,141.4227704132394,137.4757730494092,138.1675262451172,28395000
2024-05-17,138.19592117184592,138.89158601984175,135.1979902663581,136.51986694335938,18174000
2024-05-20,136.5893447936618,138.63817914297874,136.31145804899705,138.35345458984375,27170000
2024-05-21,136.85155484163892,137.89945645074363,136.34080936802522,136.90243530273438,15333000
2024-05-22,136.5902886308394,137.46990234962382,135.43671473520124,136.22142028808594,21002000
2024-05-23,139.76236483896125,139.81812730172692,134.8281259047908,136.3241424560547,31039000
2024-05-24,136.96014045159765,138.30939803648116,136.1998897739975,137.74777221679688,16730000
2024-05-28,137.9591258462041,138.66164338046747,136.25077877627277,138.19883728027344,22919000
2024-05-29,136.89263175143824,136.89263175143824,135.31735325166264,136.06781005859375,26861000
2024-05-30,134.9259680975272,135.29582179767638,132.64034896931346,133.46615600585938,21717000
2024-05-31,133.20003824775029,133.31647507107772,127.90670888363367,129.9897918701172,73091000
2024-06-03,132.35270355459198,132.38205536517728,127.4439043635516,129.33912658691406,26278000
2024-06-04,129.19236372457044,130.32637983267387,127.88225166750802,130.21189880371094,23048000
2024-06-05,131.69717869738804,138.38476450895385,131.16294877473075,138.26148986816406,32947000
2024-06-06,139.12050508889337,139.2007373435736,135.83004207535498,137.1049346923828,20172000
2024-06-07,137.7419109599114,139.42677356410266,136.68911257387154,137.63037109375,17859000
2024-06-10,137.93955742304283,141.77991208506106,137.87400106150923,140.94041442871094,31042000
2024-06-11,140.7183336675718,143.34151402492787,138.56870886311197,142.95208740234375,34844000
2024-06-12,146.76505110614517,147.3325444286545,144.45594703821996,146.3257293701172,56697000
2024-06-13,167.3121510576385,169.84140856521483,161.68811346644594,164.2780303955078,89061000
2024-06-14,165.04804463112202,170.95582085022156,164.58231229662417,169.7621307373047,69705000
2024-06-17,176.11804818449212,180.32531565484183,174.0222450832244,178.94277954101562,87528000
2024-06-18,179.99169391117567,181.16875257927896,174.6514097877966,176.36463928222656,86797000
2024-06-20,176.45658663348803,176.58281735302646,168.50779866041535,169.71517944335938,68157000
2024-06-21,165.90907751155822,167.70352449794564,161.58049091158742,162.28594970703125,99289000
2024-06-24,161.17383558386638,163.03385874780497,156.12969227732336,156.28182983398438,58575000
2024-06-25,157.0592085022487,157.63930217441938,153.51289692825517,155.16090393066406,53329000
2024-06-26,156.81283739250247,158.83088404124967,154.4541961345082,156.26121520996094,46479000
2024-06-27,156.26124559870198,157.59810328893917,154.20001952186024,155.7371063232422,31649000
2024-06-28,156.64206577218593,160.89704996713795,155.67231237059372,157.58924865722656,69377000
2024-07-01,157.8513312116491,161.83147026633227,156.40846565386477,161.0511474609375,47623000
2024-07-02,161.05111566178226,162.85714601114805,159.20581531775673,162.68832397460938,32539000
2024-07-03,163.91724029120903,169.72991943359375,163.3734660924825,169.72991943359375,39954000
2024-07-05,172.31533837468655,173.2880424566084,166.46928889196676,167.18678283691406,45240000
2024-07-08,167.3526473587592,172.44684470988977,167.3526473587592,171.36322021484375,36398000
2024-07-09,172.41345619357708,173.82883868577827,167.40759445481356,170.13136291503906,37802000
2024-07-10,171.37696084479157,173.38813318233147,169.4492110545592,171.2483673095703,41074000
2024-07-11,173.2085184061522,173.22912692122205,163.77002818382326,167.44589233398438,51026000
2024-07-12,167.94451430616778,169.40505298158084,166.00891639814714,166.92764282226562,30453000
2024-07-15,166.86186024597612,170.30706149811613,166.13551499196672,168.25564575195312,22999200
2024-07-16,169.2175522642496,169.6199874068122,163.32831009759892,166.25331115722656,22244900
2024-07-17,159.31379867298975,159.8340138174164,152.73748186578524,153.10064697265625,43343400
2024-07-18,155.95695385905861,158.52858491936303,151.05906186180724,157.55686950683594,37973500
2024-07-19,158.85247993501903,160.9235305850633,154.21960848067468,154.44537353515625,26309500
2024-07-22,157.27220327175053,159.98126417461359,154.98521249993337,158.08688354492188,28813300
2024-07-23,157.43908563372005,162.27808794619298,156.9483153979826,160.74688720703125,21570200
2024-07-24,157.38999841186433,158.43042876866735,148.3107503302029,148.5463104248047,37162600
2024-07-25,148.46779576921818,150.71553167629477,142.83376344882177,146.5047149658203,30872100
2024-07-26,150.6664387358079,150.74496375846167,147.15252260191423,148.83096313476562,20839900
2024-07-29,149.21376657294806,152.13875259044912,146.39673561473697,147.44699096679688,16625800
2024-07-30,150.45052692793914,150.63702201963292,140.7038369334214,140.87069702148438,31102300
2024-07-31,148.673933769475,158.35192324525528,148.2126085579133,157.7139129638672,45827500
2024-08-01,154.59261540847046,155.97659098854038,143.47176070595933,144.3060760498047,40320000
2024-08-02,139.31003521984692,142.66691689149184,137.02305904712512,141.1651611328125,33745800
2024-08-05,127.21743637508072,142.73558581593448,126.12792606446645,139.45724487304688,41309300
2024-08-06,139.11372959248519,146.16119810579747,137.6610538594336,141.2633056640625,24751300
2024-08-07,145.51334998434035,147.32920553654296,133.3226212129231,133.75450134277344,29749800
2024-08-08,138.59351102483143,143.56992838440584,135.8451947202241,143.04971313476562,27583200
2024-08-09,141.53811152824582,146.78935824517873,141.44977649371688,145.52316284179688,18438700
2024-08-12,145.34650066583262,148.34020180786044,143.6680600330506,145.87652587890625,17778500
2024-08-13,148.7524717806677,153.4933143844726,147.0445858498987,153.27737426757812,22053600
2024-08-14,155.10302391070806,157.2918548896827,151.86393747605845,154.77911376953125,20184200
2024-08-15,158.22429203072417,163.59331862463185,157.38016678075562,163.06329345703125,27945000
2024-08-16,161.43391764736833,163.02400797628033,159.6769523048483,162.6608428955078,19296900
2024-08-19,161.81672480442163,164.7319005196954,157.4586837360481,164.61412048339844,20441700
2024-08-20,163.96632763349973,165.26195317986267,161.11985147302707,162.88662719726562,19417500
2024-08-21,162.071952056372,163.39703763628322,159.87331106431824,162.7197723388672,16097700
2024-08-22,167.68635495000967,169.23719054789794,158.5089613818946,159.34326171875,30044500
2024-08-23,161.98359682629626,165.17360284689565,160.4425863213689,163.28904724121094,18848000
2024-08-26,161.9149301717122,162.64126056847562,155.7312219231044,156.67349243164062,18521200
2024-08-27,154.69075086727696,159.0389670272626,152.95342041460282,158.41078186035156,16683100
2024-08-28,157.12499131539744,159.28437723139257,153.36568973144605,155.2600555419922,18063600
2024-08-29,155.56434242637079,160.1873892946142,152.54119621579977,154.0331268310547,23519300
2024-08-30,158.14576166857734,160.22663720119044,155.7802610280248,159.81439208984375,25158500
2024-09-03,157.41946211145924,157.77281727242678,148.5855980643896,149.9695587158203,37179100
2024-09-04,147.52553242948224,154.87726080461263,146.39675192724852,151.27500915527344,20324100
2024-09-05,147.79055735610302,153.47367014896548,147.339042145085,149.9990234375,31548500
2024-09-06,140.60566650167868,140.85105160901145,134.07842863747427,134.47103881835938,76634600
2024-09-09,136.54209449556944,138.97631065179488,132.40980255372713,138.2205352783203,39516700
2024-09-10,138.61316228767248,147.0936723231529,138.43647719468294,145.47413635253906,36067500
2024-09-11,145.65077994671657,155.93731918677807,142.36261360255423,155.34840393066406,39700800
2024-09-12,155.18153554909492,163.24979843587147,153.93497510920878,161.52227783203125,43530700
2024-09-13,163.66205254996433,164.97731309838505,161.0118814743084,164.59451293945312,29850000
2024-09-16,162.14066428746307,162.44493942115773,157.44890228059847,160.9922637939453,26126900
2024-09-17,162.43512719159145,162.95534240863688,157.73354025935018,159.4708709716797,19844300
2024-09-18,160.7468638503903,164.37856007173528,158.38134806333855,158.6856231689453,26557600
2024-09-19,165.12599903759138,167.41066950466902,163.1367771954097,164.86996459960938,32453100
2024-09-20,164.633650375129,169.39994306521575,163.93447290111544,168.49395751953125,91758500
2024-09-23,169.38020800797895,170.6801098402361,165.7858084416163,170.30589294433594,29431100
2024-09-24,170.17786183304887,173.30943384024027,169.0650684904488,172.17694091796875,34223400
2024-09-25,171.98985960483046,174.44193925069848,171.11341600091745,172.84661865234375,16613800
2024-09-26,175.7812307380168,177.50457613740912,172.33453993923217,175.37747192382812,24340000
2024-09-27,175.45625160353208,175.75168524259593,169.1438801219307,170.05972290039062,20580900
2024-09-30,169.25221047051573,170.28622072570673,167.04633795424647,169.87261962890625,16902000
2024-10-01,169.5377877061752,169.62641328530555,163.2746579992011,164.91921997070312,23770400
2024-10-02,164.99799203443345,170.2074116356848,164.47606584659763,168.0606231689453,14317800
2024-10-03,167.03645208101938,172.27542846389568,166.61300877804263,169.27188110351562,13072300
2024-10-04,173.6147214394114,174.2055736320958,169.971080325536,173.9495391845703,17921400
2024-10-07,172.157280353437,175.59411367936042,171.21189574037092,172.41331481933594,15588300
2024-10-08,172.74814438098463,178.83402349454272,172.22621810916044,177.97726440429688,20774200
2024-10-09,176.5099619603093,183.58059460501644,173.7329067813826,183.1177520751953,25504100
2024-10-10,180.76413228793322,183.47224609488148,179.74982177325916,182.8616943359375,16318000
2024-10-11,178.38101778945196,179.80892952783424,174.69797711010617,178.71583557128906,23070000
2024-10-14,180.50809899361414,182.13296127755726,177.38638413402418,179.53317260742188,17195800
2024-10-15,178.036326092086,178.93246921255107,170.72934416461692,173.29959106445312,27657500
2024-10-16,175.79104693948779,176.5197811526262,172.6594898337926,174.12680053710938,15285100
2024-10-17,178.60749382690068,182.68443563280545,177.93785832537537,178.7650604248047,25232400
2024-10-18,179.54306634159428,179.92712559716634,175.95849325441466,177.1500701904297,17835200
2024-10-21,176.64781040236917,178.95216550431036,175.53501698694242,177.24851989746094,13695100
2024-10-22,175.93879243041238,177.93787183567295,174.7078314652825,176.6478271484375,12062600
2024-10-23,174.88507626465145,176.2539042069865,169.94154802765917,170.86721801757812,19513700
2024-10-24,171.60577762415627,171.6451767844877,166.91828431197067,168.7401123046875,20485200
2024-10-25,171.5368674269129,174.10711441242884,170.0892561921753,170.364990234375,19977700
2024-10-28,170.36498673038895,171.32021358064068,168.7401243703902,169.39991760253906,13195800
2024-10-29,169.81350382713381,177.48484479198652,168.60224262771004,176.5099334716797,23702300
2024-10-30,174.76689899284244,176.46070232601738,172.94507092271598,173.9495391845703,17911500
2024-10-31,171.79291489269812,171.79291489269812,164.8306072605073,167.1842041015625,26086600
2024-11-01,165.69718646200965,168.72043377359887,164.94876761248818,166.34713745117188,17847000
2024-11-04,166.7016344694345,169.82334926054384,165.85473283649424,165.98275756835938,13621300
2024-11-05,167.45993101958865,171.7436661193877,167.45993101958865,171.25128173828125,13441800
2024-11-06,176.89399936048798,177.46516698695774,173.279900178261,176.81521606445312,24300800
2024-11-07,179.21805900112656,182.054182605619,179.02109324235573,181.0103302001953,18970600
2024-11-08,180.20283237188613,182.23145351836527,179.06049705739446,180.84292602539062,13503200
2024-11-11,180.60656876962472,180.83307638359707,174.12680411904432,176.18496704101562,17036700
2024-11-12,176.17510724409112,176.82505816595025,170.56192888798333,173.5359344482422,15862000
2024-11-13,172.04893533702756,172.91552152043272,169.97107291002868,170.93614196777344,17472500
2024-11-14,172.10803086665146,172.8958488363226,167.28265519390186,167.78489685058594,20638900
2024-11-15,165.9040002046054,166.56379349452277,160.94075705977673,162.32928466796875,20836200
2024-11-18,163.1367794270212,163.8162722049967,159.7491728406013,163.14662170410156,17856900
2024-11-19,164.12154167929168,164.25940868492216,161.80732941366207,162.8314971923828,18003400
2024-11-20,163.01861793263907,163.01861793263907,158.4099072350252,160.7635040283203,17196700
2024-11-21,163.7178065989003,163.80643218110413,158.15386910699294,161.4429931640625,24835300
2024-11-22,161.7974871585909,162.3981966174276,159.92641776606803,161.72854614257812,17332500
2024-11-25,162.88075351086923,164.68288221805048,160.40898923234425,162.30960083007812,26850600
2024-11-26,162.0929374235286,163.83596724002217,160.21202556082613,162.23080444335938,16308800
2024-11-27,160.71426987332757,160.71426987332757,155.14047469534876,157.238037109375,19722700
2024-11-29,157.1395638586093,160.21203769111145,156.6570217394774,159.611328125,11024000
2024-12-02,160.4680570015112,165.8153588676171,160.27110626636727,163.9738311767578,21472400
2024-12-03,161.97475258030275,165.70703439138606,161.53160966781047,165.58885192871094,17024400
2024-12-04,170.7982970555927,172.71859314262653,165.99262067255106,167.962158203125,32748200
2024-12-05,168.14923864488134,169.77410082621398,166.62284430783703,167.87350463867188,18490000
2024-12-06,167.50914122570757,177.92797956379218,166.7508652128216,176.79550170898438,27830800
2024-12-09,176.22435033383596,178.03632107868708,173.3389853459741,176.21450805664062,20886300
2024-12-10,175.10172768901427,175.78122052551834,167.1447944469346,169.193115234375,27762600
2024-12-11,177.26822263943993,182.05419951024584,173.74274860464735,180.40963745117188,41295200
2024-12-12,178.17420193764522,179.22791170815157,173.30945695629623,177.9083251953125,46967200
2024-12-13,210.64203373791463,225.21661452849804,207.894535483237,221.3760223388672,121336600
2024-12-16,228.2595391214257,248.04355448373406,227.29446996577457,246.1921844482422,111623200
2024-12-17,236.98458494331078,238.77687121492107,230.23892827023693,236.57098388671875,70382100
2024-12-18,235.76349667225452,236.19679733865723,215.88101264654355,220.2139892578125,53960100
2024-12-19,224.43863322495875,224.57650023895613,214.26597096827922,214.9947052001953,40845200
2024-12-20,217.00361968267626,226.7823651360186,215.5757081496128,217.42706298828125,131910400
2024-12-23,223.8353587038701,230.46085311505627,222.29500575780116,229.42408752441406,40643800
2024-12-24,237.0962047293234,237.20482012063866,231.84320642200666,236.6617431640625,22827200
2024-12-26,236.9777299168223,244.16605318563487,234.6079586443094,242.27023315429688,28459000
2024-12-27,242.54673285636525,242.684969278143,233.37372550655314,238.70571899414062,29282200
2024-12-30,231.7444801131707,235.76323487956245,228.7032639548135,232.6134033203125,27316800
2024-12-31,232.9096200594737,234.4697252763065,228.3971618285117,228.9204864501953,17927700
2025-01-02,233.1860857110161,236.48402211110263,227.34063695159,229.0587158203125,31525800
2025-01-03,230.64846371789554,233.51195387979487,226.11626790299493,229.62156677246094,24973200
2025-01-06,233.521815917858,238.7057040090578,230.3621157136926,233.43295288085938,34028400
2025-01-07,236.48401507699703,236.48401507699703,224.7338758868827,225.76077270507812,25928600
2025-01-08,226.8074362369814,229.54255846488422,223.21327454591108,226.42234802246094,18756500
2025-01-10,224.43765872698944,224.96098333568497,218.46384217618865,221.4853057861328,23864000
2025-01-13,217.2197409475618,226.37299592213435,216.7457745877336,222.45298767089844,23772100
2025-01-14,223.7168535302087,227.36037339327964,220.29054938691223,221.87039184570312,18143100
2025-01-15,225.67192219689144,227.43937448395022,222.73932156047226,225.12884521484375,21745600
2025-01-16,232.2579366694541,235.5953780262294,226.32362446679943,226.52110290527344,23471900
2025-01-17,234.09451447399962,235.10167409555768,229.7301762027668,234.44998168945312,31196600
2025-01-21,238.45883041390172,239.69308937049544,234.41045500961937,237.2838134765625,30903200
2025-01-22,243.6427364022853,243.8797195638094,237.65905094021053,237.87628173828125,29610500
2025-01-23,235.40777984052917,237.37271074016743,233.1466086686184,237.2542266845703,17653900
2025-01-24,241.61856079101562,246.44698183527788,238.86370108190582,241.61856079101562,25387800
2025-01-27,210.71270982183037,215.67936728902913,193.7589284474536,199.5846405029297,90569400
2025-01-28,205.39058801824783,207.30616059994975,196.38543822107724,204.748779296875,50316000
2025-01-29,206.2101452538799,208.78727901374896,200.21659053518994,203.7515106201172,32533700
2025-01-30,215.81760300695902,219.16491287543388,211.00891960693875,212.94424438476562,42449500
2025-01-31,216.89388574438448,223.94397308853087,213.57619669616034,218.48361206054688,41104700
2025-02-03,212.74677084861287,218.15775831250167,210.82131467468724,214.98817443847656,24507300
2025-02-04,216.58779658712947,220.22144820749048,212.58879402162503,219.62899780273438,23768500
2025-02-05,230.99404837723807,234.9337935580768,224.6351434444559,229.07847595214844,29196000
2025-02-06,231.54700671245578,231.8432319092111,225.68180506993,228.44654846191406,21169500
2025-02-07,232.04070955711714,232.68251825902365,221.28784493817844,222.03826904296875,22117500
2025-02-10,224.56603020047766,232.8503917341361,224.25993635469155,232.0802001953125,23901600
2025-02-11,229.55243997207816,234.89431696673597,227.07405312611502,232.0802001953125,18476200
2025-02-12,227.4591431897995,233.50207096368783,227.10367596388608,233.37371826171875,16397300
2025-02-13,233.08734789676876,233.96613972727113,227.82446556204755,232.83062744140625,20962000
2025-02-14,231.57660405645012,232.77137337014702,226.01749682765652,230.10536193847656,16988800
2025-02-18,227.20239714227807,229.27594317114722,221.47543251021685,225.65216064453125,26080500
2025-02-19,224.9807470202307,226.1853850656415,221.5741799683335,225.8496551513672,16375500
2025-02-20,225.77068697430818,226.09653321130273,219.94498957343023,223.88475036621094,16104000
2025-02-21,222.8084303613062,224.88199152385658,212.91462098944365,215.90646362304688,24883600
2025-02-24,215.84721716051544,216.71612523998567,204.9264810135034,205.3115692138672,33050400
2025-02-25,204.39328351085658,206.01263066161042,198.38984612920785,199.98944091796875,33100800
2025-02-26,204.30444954725547,210.85094974862866,203.40590528171649,210.25851440429688,21368300
2025-02-27,214.54384746080927,216.48904096120802,194.91418638266006,195.3091583251953,27572900
2025-02-28,193.29484200035554,198.6564713180188,190.7177084196682,196.9186248779297,39747200
2025-03-03,201.4310860068993,201.49032803329786,182.20626497532143,185.010498046875,37435600
2025-03-04,186.83721957555287,191.5076521124751,178.20727393088936,185.11912536621094,37910500
2025-03-05,189.44396857115592,191.6360140217183,184.74391516302907,189.16749572753906,25644500
2025-03-06,178.76018987021354,184.47728589995404,175.3733904628195,177.19021606445312,56864100
2025-03-07,185.36594846360015,193.0183542234015,179.27364787960005,192.50491333007812,74528900
2025-03-10,187.21241451218023,189.56243344511265,178.15787706676485,182.12725830078125,44217100
2025-03-11,185.68192400090976,193.1565885506026,183.01592761691498,187.69622802734375,42153200
2025-03-12,193.74904921886423,197.4616950054078,190.02651971730342,191.7841033935547,30409700
2025-03-13,190.7177087368526,193.84780305063532,187.0840572045127,188.95025634765625,27236100
2025-03-14,193.72928328905667,195.01291562039185,190.7670617859621,193.0775909423828,25900900
2025-03-17,185.6819313782947,194.24275019738803,185.13885439208354,192.0507049560547,26830600
2025-03-18,188.04182810817122,190.4609727159258,184.54639821018816,186.2941131591797,24951000
2025-03-19,186.95569566517293,195.77325074066653,184.54641942834576,193.1072540283203,37962700
2025-03-20,189.6804981056063,191.97820717387532,187.12527660649002,188.70989990234375,31430000
2025-03-21,186.40226235311556,190.22518791917113,185.5703190109,189.81912231445312,43086500
2025-03-24,192.43377888060837,194.80082266264003,188.8386396835771,189.41307067871094,33180300
2025-03-25,189.0565262612658,189.75971345480707,185.87735123617549,186.4517822265625,23417300
2025-03-26,184.86716098022535,186.25370813523995,175.8743712702192,177.5481414794922,30578500
2025-03-27,175.95359686803442,176.66668254810136,168.8227551795949,170.3380584716797,32151700
2025-03-28,170.2786286444527,171.63548025841092,164.87107965947507,167.49562072753906,30391500
2025-03-31,162.91010457469025,166.3269648388469,159.077265046445,165.8218536376953,35656400
2025-04-01,164.77202396545763,167.0895599286941,161.85036151357497,166.90138244628906,20472400
2025-04-02,164.48480421529254,171.76419843344087,163.91037329902494,170.43707275390625,19523700
2025-04-03,158.99802536207517,161.8602666444248,152.22372639178627,152.53074645996094,44354900
2025-04-04,146.74683525709935,151.33236925300955,137.83327965451377,144.8848876953125,72302200
2025-04-07,143.102193451176,158.88907865220165,136.7735693661445,152.6595001220703,68503500
2025-04-08,166.0100003941072,168.14925716086321,151.61956265789877,154.5313262939453,58888200
2025-04-09,158.95842361004088,185.53072763819642,155.9971366332264,183.3716583251953,72708300
2025-04-10,173.61626589799,175.25041178546903,164.80174034695347,170.64508056640625,51212200
2025-04-11,171.95240957514568,180.90559063490795,171.6453894814829,180.1925048828125,33964100
2025-04-14,183.30233777870546,184.21349951120717,174.13128404989467,176.64688110351562,25748300
2025-04-15,178.003692820172,180.50939101329985,176.3695470810812,177.23118591308594,17242400
2025-04-16,168.79303240159078,174.38877387550843,165.31675098410085,172.93289184570312,34638600
2025-04-17,174.55714453800246,174.55714453800246,168.2879414483614,169.34767150878906,22501800
2025-04-21,165.38609344269528,166.3863871153068,160.05776263844598,164.61358642578125,23469800
2025-04-22,165.82182880098026,168.88216085851,163.63306429792473,167.95118713378906,18504900
2025-04-23,176.07243906904878,178.7167921635705,174.13127314251213,175.21080017089844,24380500
2025-04-24,177.96408570653676,186.75879842604172,176.5874372166349,186.3428192138672,27576900
2025-04-25,185.12464649091922,191.51269173277512,185.0949358475055,190.46287536621094,21242300
2025-04-28,188.69998416646294,191.24530692138265,185.87735198227506,190.62135314941406,16385800
2025-04-29,189.87855212126914,191.39385543396716,188.27411687540774,189.33383178710938,14630000
2025-04-30,184.11444984811442,191.34433736770387,182.25251726763258,190.62135314941406,22768900
2025-05-01,196.23689477904858,199.46557753361037,194.35515003546442,195.43467712402344,24939700
2025-05-02,201.94156406982066,203.70446621937182,199.14865761859994,201.68406677246094,17766800
2025-05-05,198.32661210869134,201.2779851760631,198.07901334201384,198.79209899902344,14025400
2025-05-06,194.553215786758,199.97067819064242,194.05801823694938,198.16815185546875,16348800
2025-05-07,197.3758339980784,204.2491784507252,196.5240936025469,202.8428192138672,20253700
2025-05-08,206.00217017474864,209.13182215626153,201.73356993187278,205.77438354492188,18460900
2025-05-09,207.3194229857341,207.9433767794588,204.5364149728208,206.2002716064453,13289200
2025-05-12,217.3818295426096,219.66963984357437,213.80650256785768,219.45175170898438,25437700
2025-05-13,219.8677071775199,233.02015259609766,219.8677071775199,230.1876220703125,28790500
2025-05-14,228.01867195289987,231.25726833618455,226.15673934068562,229.89051818847656,19751400
2025-05-15,227.94935703509134,232.2080593087327,225.87943474691102,230.40553283691406,18803700
2025-05-16,230.08858740689848,230.4055059674828,224.21553684749128,226.41421508789062,23094600
2025-05-19,219.7191577202822,229.02886556201938,219.47155894670163,228.41482543945312,15355500
2025-05-20,224.3146042675417,229.54388948095405,224.16603592683987,229.45474243164062,11787200
2025-05-21,226.19634217594742,234.22844725063823,225.6417233234588,227.52346801757812,17642900
2025-05-22,226.1467978441254,231.4454173070347,225.24553473861175,228.31576538085938,14340200
2025-05-23,224.76026081666186,228.4346180833418,224.00755088757305,226.52316284179688,15385600
2025-05-27,230.63329954122548,234.20862641703116,228.91002175817974,233.3865966796875,17941700
2025-05-28,234.87219514973296,238.67532387132286,232.17831923171224,237.1302947998047,20443000
2025-05-29,243.5480636690118,243.70653051259833,235.1197916615412,239.64590454101562,20743700
2025-05-30,238.90312266533013,240.83439021265383,232.64381797507698,239.74496459960938,27088600
2025-06-02,240.91360320609414,247.59876999598578,240.85418191925186,246.3211669921875,19197000
2025-06-03,247.67801633287195,255.40310138207488,247.00453978500002,254.38299560546875,30380200
2025-06-04,255.58134448643418,262.8805511776283,255.1158576034069,258.57232666015625,31536000
2025-06-05,260.4243925452424,262.3457613753824,256.5717412625575,257.4333801269531,41970900
2025-06-06,248.72784365167306,252.86770334164407,243.76596926519332,244.5582733154297,41146700
2025-06-09,242.69632428504522,245.78635218669257,238.79416514080953,241.9337158203125,25334100
2025-06-10,241.87428412761793,243.91449554477873,239.08136278878112,242.2803497314453,25491300
2025-06-11,243.9937438627423,252.32297049991425,241.4583347579636,250.4808349609375,24599000
2025-06-12,247.78694576683625,255.41299991979733,247.10357074841298,253.6104736328125,20410900
2025-06-13,248.25244512831424,251.56036121180188,245.9646348124157,246.31126403808594,19028400
2025-06-16,247.94542789985974,252.73893672260704,247.17292090413724,249.67861938476562,20363000
2025-06-17,248.5396337251148,251.520732484848,245.5387379452702,246.9748077392578,22014300
2025-06-18,248.4802230819787,253.1845997510796,247.01444258282,248.84666442871094,30435500
2025-06-20,251.36821046956638,251.67595317122704,242.39395704231367,248.171630859375,42134900
2025-06-23,247.29801057111504,252.3609199694122,244.6672923461521,251.9241180419922,19747000
2025-06-24,256.8877483845425,263.9361104778464,256.8877483845425,261.85137939453125,32764900
2025-06-25,264.0651926516576,267.9070385395564,261.5138788201313,262.7250061035156,18894200
2025-06-26,263.15186122537943,269.6939538781157,262.20878946450375,268.2048645019531,23569600
2025-06-27,268.33391044359024,269.8726544070076,264.9388034166696,267.3908386230469,27477600
2025-06-30,272.73166739926404,275.6899719512188,270.15057333780976,273.64495849609375,24708400
2025-07-01,272.4040700215716,272.50334870317,260.7494738372011,262.8143310546875,28847600
2025-07-02,262.06975270813655,270.0214984413873,260.81893842665613,267.936767578125,17582100
2025-07-03,268.76079206904774,273.7938911974382,268.1552132949487,273.17840576171875,10592700
2025-07-07,273.1287709767681,275.5410884312071,270.6767359905836,272.1856689453125,16760600
2025-07-08,274.33985886288525,274.33985886288525,269.1776711174366,269.82293701171875,14869400
2025-07-09,270.97453129094976,277.4173448401232,270.7362867008635,275.87860107421875,20133000
2025-07-10,277.75487211273963,279.13474577768363,270.71644698686737,273.39678955078125,17891600
2025-07-11,272.14600220895284,274.45904115606095,269.9123680357169,272.3842468261719,14274700
2025-07-14,272.13602824085694,276.33524052626194,267.6191060163645,273.5953369140625,11934200
2025-07-15,277.7746989887814,281.2988646698137,275.82896423589466,278.896484375,17918400
2025-07-16,278.0725051194062,279.4623459548126,273.664828920469,278.7674255371094,15031000
2025-07-17,279.09505100210833,286.1831001282647,277.8739869021022,284.3664245605469,17231100
2025-07-18,285.0215888760733,285.4385471869295,278.9560466735635,281.2790222167969,15012400
2025-07-21,281.89453048535637,288.4266860141065,281.5669441610343,286.1136169433594,17726800
2025-07-22,285.55766440317495,285.9051246067818,274.41927604521186,276.5635681152344,16564800
2025-07-23,274.76675375060375,281.93423805668573,271.0142499629409,281.6264953613281,20556200
2025-07-24,287.68211602861425,289.08186351873803,281.4378601375051,286.6099548339844,16413800
2025-07-25,285.97463720980545,290.4617486254771,285.1804380904839,288.06927490234375,12476200
2025-07-28,290.3326589009196,293.3009304609522,288.47626599123106,292.1592712402344,13683400
2025-07-29,295.3360270757047,299.9919151026636,292.72515247644566,295.2566223144531,19210800
2025-07-30,294.98860925642424,301.05418260589016,293.6484227137905,300.4188232421875,16738900
2025-07-31,300.59747415612446,304.7173120254918,288.11892914092226,291.5636901855469,25488500
2025-08-01,284.4557658058652,290.511401514147,279.561602753281,286.5404968261719,21428100
2025-08-04,290.0746056810316,296.308924960564,289.2804065493592,295.554443359375,17164600
2025-08-05,295.64379471514013,299.0091511605925,289.3300704645004,290.7992858886719,18477500
2025-08-06,290.7695100005182,300.60743068669365,289.77678375927667,299.4757385253906,17392100
2025-08-07,303.94301102095204,308.0826625414559,297.6987543901755,301.550537109375,16319400
2025-08-08,301.8384179801744,305.6306396993214,300.349328537163,302.7517395019531,12458700
2025-08-11,302.83111270408006,306.0674097840865,299.09848282375026,301.6894836425781,12396400
2025-08-12,304.3996803423036,311.16014424654566,302.45394521234647,310.5545654296875,17609600
2025-08-13,314.44602212561466,315.0416639014681,302.53330779094256,306.84173583984375,17371200
2025-08-14,304.77691084609864,311.8848347846385,304.7669738885127,308.9662170410156,15717600
2025-08-15,308.7676129160397,309.23419541790025,297.57960012306575,304.1117248535156,22806900
2025-08-18,300.49824040001744,303.94300161229654,296.8251412495918,303.5359802246094,14724700
2025-08-19,300.2202761697002,300.6967653651437,290.263233415247,292.764892578125,20149600
2025-08-20,293.31086698084704,293.3406475542526,279.81972190735485,289.0520935058594,23600500
2025-08-21,287.9501453031351,290.2632142034538,284.0884563245245,287.4934997558594,14946300
2025-08-22,289.62787721594987,297.90721032762787,286.9078170439723,291.86151123046875,16301300
2025-08-25,290.6801592013728,296.22949508123116,289.58815431097145,292.08984375,15124700
2025-08-26,292.2089947866335,298.0660739440658,291.85159756207963,295.8423767089844,25689100
2025-08-27,295.36585381804196,298.9892987415418,291.6431302057609,298.0660705566406,13830300
2025-08-28,300.7265426280411,308.7378503898073,300.13090084469644,306.4049377441406,18907100
2025-08-29,304.7768891479581,304.7768891479581,291.523987936555,295.22686767578125,21610700
2025-09-02,287.23542079872874,296.5372612785509,285.08122171732384,296.0706787109375,19693000
2025-09-03,300.0911815358649,302.2354735493665,294.2440102594431,300.1904602050781,18529400
2025-09-04,302.8410912920338,306.53403444518864,300.05153273311777,303.87353515625,31220800
2025-09-05,353.1921367444998,353.74806100941083,329.00934033406895,332.4541015625,78401600
2025-09-08,340.2569033164437,351.5938497927474,338.7678140240304,343.13580322265625,43535600
2025-09-09,347.0074495775188,348.4270711438003,333.3872441761201,334.2211608886719,26972300
2025-09-10,348.9630804844687,370.257068223823,348.00013492054774,366.8818054199219,51086800
2025-09-11,368.4801051781369,371.507938278094,356.15046268837443,357.0141296386719,29430900
2025-09-12,360.27027656626876,361.7395222800408,354.5621007944463,357.25238037109375,31949800
2025-09-15,357.2524052685907,362.8414591306769,353.74808267540436,361.44171142578125,21792200
2025-09-16,362.7719353127759,363.0300538245744,354.39332359211727,357.3814392089844,21306500
2025-09-17,356.2397993943744,357.3119303496726,339.0159939361556,343.65203857421875,45197100
2025-09-18,347.4541836475093,348.14910413304455,341.28936218613165,342.8380126953125,24663900
2025-09-19,342.14307016475516,343.75128172100693,333.9828597941897,342.43096923828125,41240100
2025-09-22,340.52164568402986,344.73803699049046,336.0566779638623,336.9019470214844,28660000
2025-09-23,338.343860008435,343.2961177922363,335.14180359674134,337.0511169433594,21944100
2025-09-24,337.86657173075366,338.1847653485593,331.94971816245834,337.4190673828125,19677300
2025-09-25,331.1342448867515,336.1759971799475,325.4759526945067,334.2269287109375,21678200
2025-09-26,335.54951230808484,337.19031087162165,328.73768094385105,332.6656799316406,15464700
2025-09-29,334.12752848470217,339.14937354465025,325.72460677517563,326.0726623535156,21336000
2025-09-30,328.2802628399181,329.205072741046,322.8009599171497,328.0714416503906,20109500
2025-10-01,326.3212251621756,336.06662830461244,322.6915725573032,331.53204345703125,21122700
2025-10-02,345.6727893830656,345.6727893830656,333.381685003865,336.29534912109375,19917600
2025-10-03,339.5968450377662,342.4806774766384,333.8689353926916,336.4842834472656,14749100
2025-10-06,334.04798807504466,342.2122266379612,332.695551344048,333.620361328125,18465700
2025-10-07,335.15175721852984,336.2257251109378,324.75998210406857,334.53521728515625,18086700
2025-10-08,331.9596240038184,344.6087364893132,330.76629948070445,343.57452392578125,21478300
2025-10-09,343.8231411338525,345.3744448525997,338.5029505233073,343.0971984863281,17643700
2025-10-10,343.4651773234566,348.6461338163463,322.24407712615806,322.82086181640625,28941000
2025-10-13,350.8040366415935,357.37721554392255,341.60558597971203,354.712158203125,45984300
2025-10-14,348.17875107559985,348.7157501848421,337.75714457061156,342.2121887207031,22078000
2025-10-15,352.49455527791184,357.39707331833375,345.56339757170997,349.3720397949219,23918500
2025-10-16,354.81155615604735,361.21566872908346,347.54229691278044,352.17633056640625,20317200
2025-10-17,347.6616476056118,349.01408425686975,338.88086957101905,347.3832092285156,20937900
2025-10-20,351.8282861957606,354.6027462260017,345.90150933954277,347.293701171875,15640200
2025-10-21,348.0494880650942,349.14336395422873,339.40791406219176,340.7503967285156,16092600
2025-10-22,345.3645237166866,346.0705888161216,333.6402499212292,338.4035339355469,19268800
2025-10-23,338.50297147066453,344.6385998982523,338.50297147066453,342.3713073730469,12859200
2025-10-24,350.54549662310535,356.30320751585856,348.9245756412487,352.1564636230469,16143700
2025-10-27,359.5251809323712,360.7284292217221,353.10116003937577,360.0323181152344,20065800
2025-10-28,360.59915286022726,371.9754013976442,360.5096580622546,370.8914794921875,21056000
2025-10-29,371.1102485015621,384.32619303766535,371.1102485015621,383.8289794921875,24975200
2025-10-30,384.2466327695093,384.2466327695093,367.9976972843224,374.3719787597656,24295300
2025-10-31,376.1619021273364,376.70885520294166,363.06531512241327,367.570068359375,21598400
2025-11-03,369.92685814641334,372.76098127429407,359.96271015047455,360.5295104980469,17198900
2025-11-04,356.52198503236366,366.8938825186382,349.04390433189366,349.9786682128906,24047500
2025-11-05,348.9345498385447,362.8366216786407,348.1389899268927,356.9794616699219,17087600
2025-11-06,358.1031370779865,361.4742595953492,350.7443824294534,353.60833740234375,19896900
2025-11-07,352.21611794953895,352.52438790608517,335.3903989735874,347.4826354980469,21903200
2025-11-10,355.90544081429823,357.99374372217875,352.6337672702023,356.3927307128906,16409000
2025-11-11,356.9695095961331,359.87325018105065,347.721349386598,349.9985656738281,16446800
2025-11-12,356.0446785991217,356.8700397188604,349.7201066184198,353.2403869628906,12190500
2025-11-13,349.62068847417436,351.57971119839766,332.29778429627873,338.0853576660156,22616600
2025-11-14,329.62273945414825,342.8187756417505,327.22616659303407,340.5514831542969,18500800
2025-11-17,337.926232589791,350.2372452415581,335.63903199589225,340.7404479980469,14799600
2025-11-18,341.2873822174715,346.03078841146703,333.64023562911325,338.6024169921875,21726800
2025-11-19,338.8112377860541,357.6854744587365,335.91745137694255,352.4448547363281,21851900
2025-11-20,363.96031113463056,373.98412274412425,343.25633205389846,344.88720703125,28867000
2025-11-21,343.2364575279554,346.6572891403912,329.95089584413364,338.3041076660156,30280300
2025-11-24,345.79215560293983,379.87116230102026,345.72253842068704,375.8536682128906,47262400
2025-11-25,382.78479805141666,385.9669767585517,369.6782567823203,382.8842468261719,33507600
2025-11-26,383.40133753669346,397.64154019645565,381.1241214391412,395.3543701171875,28693000
2025-11-28,397.124488027619,400.7541410520128,394.94669014348113,400.71435546875,13365500
2025-12-01,392.64955094985896,393.2163816866779,382.9538866150901,383.92840576171875,23252000
2025-12-02,386.1459711874556,391.30705008267427,377.6734635186456,379.44354248046875,22207000
2025-12-03,377.8823056251257,380.16947586227485,368.584405983006,378.4888916015625,21336400
2025-12-04,378.5584996226792,381.7506324510507,374.4316332437718,378.90655517578125,15845900
2025-12-05,384.0179208913015,391.33688967246087,383.0035858418701,388.0652160644531,24779900
2025-12-08,400.23702982872936,405.02022174829125,395.1853231699673,398.8647155761719,30410600
2025-12-09,396.5277986633077,404.6622049048363,393.30586463113883,404.0257873535156,24546000
2025-12-10,399.9586096797876,412.2994238379316,397.33330745135356,410.6685791015625,31531000
2025-12-11,402.5739204070468,407.01901087793635,391.9932315581386,404.1053466796875,45681600
2025-12-12,377.8425065927604,379.87114634278277,353.1707730499734,357.92413330078125,95588500
2025-12-15,359.87319393519056,359.9825663360603,335.6290593357416,337.9162292480469,65894900
2025-12-16,334.14737546643596,345.5634092347465,333.1927339698805,339.39794921875,58061100
2025-12-17,344.67834370968916,344.67834370968916,319.6287543506516,324.2030944824219,73300900
2025-12-18,334.1275151468503,334.15734674680243,321.8264564239797,328.0416259765625,54501900
2025-12-19,331.48232843001927,341.53600226929694,330.72655411698554,338.46319580078125,159095200
2025-12-22,344.7600156991574,344.9692364534412,335.9823521806034,340.19683837890625,28739600
2025-12-23,339.5591570141213,348.8250120003124,337.29749931207215,348.0379333496094,28232600
2025-12-24,349.4029075800455,351.5649262658627,345.8659488754865,348.93463134765625,11424400
2025-12-26,349.7715357876288,351.95350047354117,346.4736865949722,350.8376159667969,15028100
2025-12-29,347.4401421635981,349.0442186073641,343.4249341345299,348.1076965332031,21946900
2025-12-30,348.68553371240546,351.38557889791855,348.01797938252247,348.56597900390625,16633600
2025-12-31,348.4464243926096,348.59586777827525,344.1522454795749,344.8297424316406,15346100
2026-01-02,351.48521194505133,359.3362953283135,344.2917098528593,346.3441467285156,25398600
2026-01-05,353.43803761093864,353.7269817780168,335.2649910643092,342.15960693359375,31136000
2026-01-06,342.3389417342706,347.7689211606285,336.7594885063058,342.50830078125,27135500
2026-01-07,340.4459068416692,348.41654528894907,334.6472600739357,342.2392883300781,20249300
2026-01-08,341.5219196453333,342.4186103632603,329.286991203525,331.2597351074219,24385200
2026-01-09,336.6798049951556,346.1150501348226,332.276013565845,343.70391845703125,22482500
2026-01-12,339.698674448018,352.6011277594498,339.698674448018,350.9173278808594,20949600
2026-01-13,351.58487107154133,358.17059657442337,349.62210011368643,353.3085021972656,18308000
2026-01-14,347.68924007343315,349.4029286863791,333.19265245524537,338.642578125,30094700
2026-01-15,347.8386654077994,348.3966076801905,340.4160264171507,341.76104736328125,22218800
2026-01-16,344.99912218243014,353.2089007262952,342.78726872505104,350.4191589355469,31291200
2026-01-20,342.837095865828,344.1323124647733,330.58222088214137,331.3793029785156,32293900
2026-01-21,334.2786261557405,334.56753991024675,323.01013837395254,327.5932312011719,32006600
2026-01-22,334.11920736137336,335.75317243641445,323.69760607803045,324.2953796386719,24275400
2026-01-23,318.1280883542196,320.8082179097134,312.9571343349264,318.8753356933594,30259500
2026-01-26,318.6262615696849,327.4736751610913,316.4343542276309,323.6577453613281,25006400
2026-01-27,328.54972543001713,333.5313744429392,325.81976109514653,331.568603515625,25537600
2026-01-28,337.6063633193964,338.7421634956658,325.5009621688594,332.0169372558594,23001700
2026-01-29,331.3394445196304,334.7170172246241,319.1045154719265,329.51617431640625,20447500
2026-01-30,331.2199065816393,336.95877640015914,327.12497497825694,330.0840759277344,28313000
2026-02-02,324.9130958822625,334.82658953615237,324.55443174960084,329.8947448730469,17278200
2026-02-03,335.5041038756759,337.65617999980896,307.51720204481353,319.1543273925781,36914800
2026-02-04,318.337333580294,318.337333580294,294.2161680294898,306.91937255859375,43330300
2026-02-05,313.18632179759084,325.33158511694234,305.574377544834,309.3703918457031,42775800
2026-02-06,318.92519452201884,333.7705033667693,315.1391228076482,331.6981506347656,33003400
2026-02-09,329.55599651471385,351.04683756640543,329.4364418037815,342.67767333984375,30091000
2026-02-10,346.1947185530291,346.73274516127924,338.5927172761311,339.1905212402344,19542700
2026-02-11,345.52716468586686,345.9257209328718,332.51509984715887,341.50201416015625,17004700
2026-02-12,342.56806806976016,345.01906131494906,328.3504525077073,329.9545593261719,22007300
2026-02-13,328.6394094515535,333.0930051290948,323.49834374015467,323.9765930175781,18397200
2026-02-17,318.5067020490309,334.51772917618604,315.14907549970434,331.31951904296875,23469700
2026-02-18,328.31057326826937,336.6399059158725,326.0289999980731,332.28594970703125,13565300
2026-02-19,331.7878068985811,337.1978705859784,328.47001153275517,332.7641906738281,15180900
2026-02-20,331.14016350541874,338.8617195900129,328.37036782936144,331.4291076660156,17658900
2026-02-23,331.03058762736407,337.2576490951474,324.1260291692235,329.1275939941406,16472400
2026-02-24,321.3562249469424,327.1050369959775,313.2959204448514,324.2953796386719,23614400
2026-02-25,329.5261174222931,334.67715600899425,328.07148438768274,331.0903625488281,20182300
2026-02-26,325.30168863609674,325.381381643834,306.7998364445101,320.5193176269531,33025300
2026-02-27,309.55970225528097,318.8255578686076,308.8622591852136,318.377197265625,28004200
2026-03-02,308.22457009461783,318.8653953895662,306.07252449915245,317.6498718261719,20567200
2026-03-03,311.85125792147716,314.72069289120583,306.2718044142909,312.68817138671875,20826200
2026-03-04,314.52140767339245,321.45588549608385,310.5958655330629,316.3646240234375,34895800
2026-03-05,328.9681545763323,334.88635581406487,321.84440283626805,331.54864501953125,57076600
2026-03-06,327.0751520776263,342.24926618150187,326.1983769711768,329.26708984375,39152200
2026-03-09,326.0489173166492,347.21095190712794,322.4222623582388,344.48101806640625,40605800
2026-03-10,347.4500841131892,351.8439019523984,339.5491660999693,341.3226318359375,29531700
2026-03-11,341.33262117838166,344.5408043378694,336.9786648345567,340.3163757324219,20104100
2026-03-12,336.5004313521793,338.58275707480584,330.9807859154956,334.7369384765625,21982700
2026-03-13,336.44065906121017,337.07832476483355,320.25029887308415,320.9776306152344,34725000
2026-03-16,324.8234470564934,327.99179909070955,318.8853296584693,323.7275085449219,31363100
2026-03-17,324.5644172389447,326.2382440667771,316.0856406013058,320.1307373046875,38026500
2026-03-18,319.2539305976079,324.2455523139513,314.3918366120746,314.77044677734375,25460600
2026-03-19,311.32319151685414,322.0835418062096,307.377733798167,318.6661376953125,23524800
2026-03-20,318.9451071216726,320.3300202096048,308.78256088212635,309.3703918457031,43325900
2026-03-23,317.4975134386726,325.9641247660054,314.4323571755344,322.0003967285156,27369200
2026-03-24,319.4943376753773,323.8873787245429,314.3424878240393,317.78704833984375,19799000
2026-03-25,322.08023899676266,323.7875283200097,316.21951965730335,318.30621337890625,19900000
2026-03-26,313.52376738951216,316.41920911815595,308.6814558467776,308.9310607910156,20343700
2026-03-27,306.5747878358005,307.01409499464205,298.3977270632729,300.2048645019531,23593900
2026-03-30,300.39455309431185,304.2883841263782,289.50178968312434,292.94635009765625,28054500
2026-03-31,298.9169311322916,309.8196587444799,295.8717323324701,309.02093505859375,29289500
2026-04-01,312.8748233993929,315.29101284198265,309.98940587806464,312.99462890625,19171000
2026-04-02,304.0088468607454,314.19274140072105,301.27318625357447,314.0529479980469,14021100
2026-04-06,314.56214534661507,315.9000242460939,309.78969983648585,313.9331359863281,12111300
2026-04-07,326.2137111638498,333.621968992959,321.29147840912157,333.4422607421875,33310900
2026-04-08,351.19418361323665,353.58042168937504,341.9887513414019,350.0759582519531,31573100
2026-04-09,351.74329055349165,358.13320177979557,350.9445668848811,354.34918212890625,20514900
2026-04-10,360.36964078021094,375.95495904827993,360.2498352807269,370.9628601074219,29958100
2026-04-13,369.07588036868225,380.25816425440775,368.89617211078104,379.1499328613281,24115800
2026-04-14,377.3028298417277,381.6759133656677,375.72533999135464,380.17828369140625,24423000
2026-04-15,389.2639212714563,396.4525256379757,384.9607343182478,396.0931091308594,29559300
2026-04-16,394.3758444183283,399.0484420471456,391.73003788508925,397.8403625488281,18872900
2026-04-17,400.2665109575457,406.0873157340535,399.1782369795804,405.8976135253906,20581700
2026-04-20,405.0589200627321,405.7777835286593,395.2743878615366,398.9985046386719,16922000
2026-04-21,398.778866907118,402.96224842135666,393.9465185989584,401.5345153808594,16275500
2026-04-22,406.3368957065317,422.5312658634436,404.2202201647497,421.98211669921875,23702500
2026-04-23,421.722569007754,428.63161720765004,417.1397951490632,419.27642822265625,19501600
2026-04-24,424.3084732370687,424.328430664838,408.2139198726521,422.09197998046875,22491100
2026-04-27,419.81558056108463,422.0819826033756,413.9748184690356,417.5391845703125,17451600
2026-04-28,399.6774336324243,405.16874261392576,394.0263738242293,399.19818115234375,25519200
2026-04-29,402.8623953449198,404.9990283742698,396.15301296947183,404.809326171875,15962500
2026-04-30,414.8634001949257,417.71889677620834,403.59126215971867,416.7703857421875,21821600
2026-05-01,414.43406738629307,422.5013163603417,412.626930002147,420.6142883300781,11882600
2026-05-04,417.5591412312245,423.160261834928,408.88287049778353,415.84185791015625,15140400
2026-05-05,420.9937175205983,432.70519332765383,418.6873701051219,426.6846923828125,21175200
2026-05-06,434.87173441749127,436.98837956106627,417.119831234386,424.7677307128906,20707000
2026-05-07,421.1534583953846,425.816061920845,405.65796319255526,411.9080810546875,22791700
2026-05-08,419.13663168773485,434.3126252640125,413.34580887195676,429.3205261230469,22561400
2026-05-11,426.9442731163034,432.96474333546047,424.37832689893474,427.75299072265625,16825500
2026-05-12,422.7608994088061,428.6615642339731,407.7646445984097,418.6374206542969,19004300
2026-05-13,415.1529462908859,417.96849751881496,404.1603342331478,416.13140869140625,16981200
2026-05-14,416.0715035872308,441.6609780428996,414.9332903643237,439.0950622558594,19733800
2026-05-15,432.12608162585786,432.12608162585786,419.13662996428303,424.51812744140625,18957100
2026-05-18,420.74410259925855,421.3431605888268,413.7152184916585,420.0451965332031,17863300
2026-05-19,409.17241590505034,417.28957387627776,405.218651499627,410.4204406738281,20652100
2026-05-20,412.15769361465635,423.4997588934565,410.76990587471755,417.0998840332031,16312600
2026-05-21,412.896509263339,421.58277398795553,409.85134096401595,413.9149169921875,16865300
2026-05-22,416.83027769894267,419.32632722976456,409.56178268396343,413.485595703125,14086400
2026-05-26,417.8387067463364,434.6221419680613,416.34107697305205,421.3431701660156,22562900
2026-05-27,424.3983088494184,432.11607435121795,415.8318499600915,421.193359375,17601000
2026-05-28,420.474538506201,429.00102184903426,413.3558002995021,425.9059143066406,17855600
2026-05-29,432.26588669428304,448.19066503671235,430.78821434578,446.06402587890625,41798400
2026-06-01,449.37877140364344,465.3135431382977,441.5212123254821,459.2431640625,30586000
2026-06-02,488.0176440050159,488.047595381557,469.71659120447544,480.8090515136719,38306700
2026-06-03,493.9981640267467,494.21781760890264,471.8931647559405,478.4727478027344,50126400
2026-06-04,408.3437089388015,425.80609216039676,402.3731779666581,418.248046875,80979400
2026-06-05,406.96588319695917,409.8513310665424,384.9806900000674,385.1204833984375,51146100
2026-06-08,401.98377332105593,402.2034268949122,390.73159319104514,395.9732971191406,37099000
2026-06-09,400.9753625803298,407.22548029921717,369.7447923517003,391.5403137207031,37026900
2026-06-10,380.8971642108943,385.2003512300928,370.5835007988036,371.51202392578125,38193500
2026-06-11,372.23087161615763,388.8845063199887,369.964439203457,384.9607238769531,35187600
2026-06-12,383.11366472907446,384.3716834858954,376.40428214162193,381.4662780761719,27600900
2026-06-15,394.88503130709665,395.5739434179131,387.9859467199298,393.3175048828125,32394200
2026-06-16,389.59338292095293,391.1709032730324,375.8651106253426,376.1147155761719,31573700
2026-06-17,388.09576277066986,400.016897953316,382.04534105115863,392.2791442871094,40005500
2026-06-18,408.93278956863384,412.0478851010793,404.7394444719192,410.70001220703125,45076100
2026-06-22,413.6600036621094,414.6400146484375,391.9100036621094,392.1300048828125,26403700
2026-06-23,377.8699951171875,391.0199890136719,376.6600036621094,380.1499938964844,33122200
2026-06-24,386.6199951171875,388.739990234375,376.9599914550781,382.07000732421875,29938700
2026-06-25,386.5799865722656,388.79998779296875,372.70001220703125,378.9100036621094,23353700
2026-06-26,370.45001220703125,373.69000244140625,363.8299865722656,365.0199890136719,34839300
2026-06-29,373.6199951171875,376.2099914550781,360.4599914550781,372.45001220703125,24285200
2026-06-30,374.7900085449219,379.6199951171875,370.6400146484375,377.75,28517400
2026-07-01,371.8699951171875,373.75,368.0299987792969,369.3399963378906,23712600
2026-07-02,365.7300109863281,374.0,356.42999267578125,360.45001220703125,26749500
2026-07-06,373.6099853515625,383.1600036621094,371.17999267578125,373.8999938964844,24544000
2026-07-07,366.55999755859375,372.9599914550781,362.010009765625,370.7799987792969,24116700
2026-07-08,377.5199890136719,395.0899963378906,376.8900146484375,388.69000244140625,31624100
2026-07-09,402.19000244140625,407.5199890136719,387.92999267578125,401.1099853515625,28074000
2026-07-10,398.5,402.44000244140625,395.70001220703125,399.9700012207031,14595900
2026-07-13,393.4800109863281,395.75,383.4200134277344,384.04998779296875,21294500
2026-07-14,395.7200012207031,397.3299865722656,384.6400146484375,389.1099853515625,20118700
2026-07-15,396.0899963378906,399.0,386.739990234375,394.2799987792969,16324100
2026-07-16,384.5400085449219,386.739990234375,371.8999938964844,374.45001220703125,23407200
2026-07-17,366.04998779296875,377.3500061035156,357.79998779296875,370.8299865722656,23272200
2026-07-20,378.760009765625,383.5899963378906,375.9599914550781,378.1600036621094,14420500
2026-07-21,390.2099914550781,390.5799865722656,379.2200012207031,386.5,17291100
2026-07-22,380.20001220703125,398.5899963378906,380.0,396.80999755859375,16966200
2026-07-23,392.19000244140625,397.6099853515625,386.82000732421875,392.4700012207031,16348700
2026-07-24,387.67999267578125,389.2699890136719,378.75,381.9200134277344,15149400
2026-07-27,389.82000732421875,389.8999938964844,373.5,383.2200012207031,18502100
2026-07-28,374.3599853515625,385.79998779296875,371.5199890136719,380.9100036621094,20328400
2026-07-29,380.6400146484375,386.1199951171875,369.510009765625,370.32000732421875,21374400
2026-07-30,380.3500061035156,388.67999267578125,377.5400085449219,387.8399963378906,23639800
2026-07-31,394.8299865722656,399.9200134277344,379.7099914550781,389.2799987792969,20391000
2026-08-03,384.4100036621094,392.6099853515625,374.6099853515625,392.2300109863281,17315100
2026-08-04,402.9700012207031,422.07000732421875,400.67999267578125,418.1600036621094,29564200
2026-08-05,421.70001220703125,427.0,416.8900146484375,418.2799987792969,16880400
2026-08-06,420.54998779296875,428.0299987792969,410.760009765625,420.57000732421875,13907500
2026-08-07,428.3999938964844,430.8399963378906,421.6099853515625,427.760009765625,14698300
2026-08-10,426.989990234375,432.7300109863281,420.1600036621094,422.3999938964844,13854100
2026-08-11,426.07000732421875,426.760009765625,413.2300109863281,416.0799865722656,12882700
2026-08-12,426.260009765625,426.5,414.6099853515625,416.04998779296875,15859200
2026-08-13,415.80999755859375,424.9200134277344,411.4100036621094,417.82000732421875,13180500
2026-08-14,411.9599914550781,412.5,388.5,392.989990234375,29513600
2026-08-17,397.260009765625,399.3599853515625,391.30999755859375,392.42999267578125,20042600
2026-08-18,384.32000732421875,385.7799987792969,377.010009765625,380.0,22878200
2026-08-19,372.3999938964844,373.9100036621094,357.6099853515625,362.4800109863281,35091400
2026-08-20,364.3900146484375,367.1199951171875,362.25,364.0299987792969,19729800
2026-08-21,370.69000244140625,375.1300048828125,365.04998779296875,368.45001220703125,19037100
2026-08-24,364.9700012207031,366.1700134277344,358.7099914550781,358.760009765625,18717200
2026-08-25,361.1000061035156,362.989990234375,355.30999755859375,356.739990234375,18014900
2026-08-26,357.1199951171875,359.4700012207031,350.05999755859375,355.5899963378906,19196300
2026-08-27,361.7900085449219,371.7200012207031,360.6099853515625,371.5400085449219,21330000
2026-08-28,373.6000061035156,376.5899963378906,365.3500061035156,368.7900085449219,16596100
2026-08-31,369.5199890136719,372.75,366.29998779296875,370.3399963378906,21948000
2026-09-01,364.25,371.3999938964844,362.0,369.67999267578125,19221500
