open_time,open,high,low,close,volume
1993-03-25,5.129419016398177,5.151528243031779,5.018870859039134,5.0630903244018555,20047500
1993-03-26,5.063088231237185,5.151526113305421,5.040978507696351,5.085197448730469,5826000
1993-03-29,5.040978168402791,5.085197106460661,4.996759230344922,5.018868446350098,2249400
1993-03-30,4.996759230344922,5.018868446350098,4.952539786239535,5.018868446350098,2520900
1993-03-31,4.996759612236593,5.151526160291372,4.996759612236593,5.1294169425964355,2130900
1993-04-01,5.107309283716817,5.129419016398177,5.0630903244018555,5.0630903244018555,1686300
1993-04-02,5.0630910284805735,5.0630910284805735,5.040981292724609,5.040981292724609,1596000
1993-04-05,5.018869809904282,5.018869809904282,4.974650859832764,4.974650859832764,1044300
1993-04-06,4.996762327260512,5.040981292724609,4.996762327260512,5.040981292724609,458100
1993-04-07,5.040980238066587,5.2399663000955305,5.040980238066587,5.1515278816223145,632100
1993-04-08,5.12941907436187,5.173638034176516,5.107309341430664,5.107309341430664,1555500
1993-04-12,5.107309283716817,5.129419016398177,5.040980591720494,5.0630903244018555,980100
1993-04-13,5.040978507696351,5.085197448730469,5.040978507696351,5.085197448730469,4521000
1993-04-14,5.085199551035456,5.107309283716817,5.0630903244018555,5.0630903244018555,385200
1993-04-15,5.0851974951114505,5.151526160291372,5.063088277416514,5.1294169425964355,479100
1993-04-16,5.129418656539803,5.173637612752549,5.129418656539803,5.1515278816223145,317400
1993-04-19,5.107307218853943,5.151526160291372,5.0851974951114505,5.1294169425964355,189900
1993-04-20,5.129417718780743,5.129417718780743,4.996760368347169,4.996760368347168,1680000
1993-04-21,4.996759230344922,5.018868446350098,4.996759230344922,5.018868446350098,440400
1993-04-22,4.996760368347169,5.018869589387676,4.974650641259029,4.996760368347168,390900
1993-04-23,5.018868446350098,5.018868446350098,4.952539786239535,5.018868446350098,700800
1993-04-26,4.996760186016521,4.996760186016521,4.864102840423584,4.864102840423584,1038300
1993-04-27,4.86410360207938,4.8862128257751465,4.86410360207938,4.8862128257751465,604200
1993-04-28,4.886212060657331,4.886212060657331,4.864102840423584,4.864102840423584,815700
1993-04-29,4.886212060657331,4.908321786938692,4.864102840423584,4.864102840423584,477600
1993-04-30,4.886213475046489,5.0630903244018555,4.886213475046489,5.0630903244018555,1086600
1993-05-03,5.040978553674021,5.1294169425964355,5.040978553674021,5.1294169425964355,654600
1993-05-04,5.262073993682861,5.306292932773465,5.239964271113796,5.262073993682861,1054200
1993-05-05,5.43895265065449,5.615828990936279,5.416842918351359,5.615828990936279,1123500
1993-05-06,5.6600490556366685,5.6600490556366685,5.483172190554151,5.505281925201416,699600
1993-05-07,5.461060812603454,5.527389484391967,5.461060812603454,5.483170032501221,197400
1993-05-10,5.483170032501221,5.505279758446593,5.3947321408149405,5.483170032501221,288900
1993-05-11,5.461062961954689,5.505281925201416,5.461062961954689,5.505281925201416,396000
1993-05-12,5.483172190554151,5.505281925201416,5.461062961954689,5.505281925201416,428400
1993-05-13,5.483171017862045,5.483171017862045,5.328404426574707,5.328404426574707,135300
1993-05-14,5.3062946966560744,5.3505136504456425,5.3062946966560744,5.328404426574707,402600
1993-05-17,5.328405834743617,5.328405834743617,5.239967397744643,5.284186363220215,121800
1993-05-18,5.284186363220215,5.284186363220215,5.262077133506343,5.284186363220215,91200
1993-05-19,5.239963080376075,5.416839302592374,5.239963080376075,5.394730091094971,201600
1993-05-20,5.416841656829225,5.416841656829225,5.306294033154386,5.350512981414795,138900
1993-05-21,5.372623380364275,5.372623380364275,5.328404426574707,5.328404426574707,244500
1993-05-24,5.328404426574707,5.3505136504456425,5.3062946966560744,5.328404426574707,162600
1993-05-25,5.262074687489859,5.30629363241075,5.239964962005616,5.239964962005615,30300
1993-05-26,5.262074272956278,5.262074272956278,5.0851974951114505,5.1294169425964355,139500
1993-05-27,5.173638034176516,5.217856993991163,5.107309341430664,5.107309341430664,398400
1993-05-28,5.129419016398177,5.129419016398177,5.040980591720494,5.0630903244018555,262800
1993-06-01,5.0630910284805735,5.1073099939446704,5.018871556968646,5.040981292724609,204000
1993-06-02,5.040979316475815,5.085198264604463,4.996760368347169,4.996760368347168,305700
1993-06-03,4.9967622526817665,4.9967622526817665,4.952542781829833,4.952542781829834,487800
1993-06-04,4.952541766868701,4.996761228658412,4.908322811126709,4.908322811126709,240300
1993-06-07,4.864101755200965,4.9083206918504505,4.775663375854492,4.775663375854492,318600
1993-06-08,4.731446910105024,4.731446910105024,4.665118217468261,4.665118217468262,428700
1993-06-09,4.665116124867186,4.709335064774102,4.620896678912733,4.687225341796875,1035300
1993-06-10,4.665118217468261,4.687227444315339,4.620898751678576,4.665118217468262,211200
1993-06-11,4.598788261413574,4.643007209007292,4.576678534592903,4.598788261413574,1272600
1993-06-14,4.5987885477782005,4.643007498125414,4.5987885477782005,4.6208977699279785,33300
1993-06-15,4.643008881720943,4.687227845245207,4.510351485100346,4.5766801834106445,552600
1993-06-16,4.576678973324932,4.598788702265098,4.554569244384765,4.554569244384766,379500
1993-06-17,4.576678973324932,4.598788702265098,4.554569244384765,4.554569244384766,489900
1993-06-18,4.598788261413574,4.643007209007292,4.576678534592903,4.598788261413574,551700
1993-06-21,4.6208967257048155,4.731444835662842,4.554568062149016,4.731444835662842,480300
1993-06-22,4.8419928550720215,4.908321524319583,4.819883129973639,4.8419928550720215,938700
1993-06-23,4.8198833878608625,4.908321786938692,4.8198833878608625,4.864102840423584,346200
1993-06-24,4.881855343526055,4.926235675811768,4.859664923435933,4.926235675811768,459300
1993-06-25,4.9706175674309625,5.1037591139504945,4.9706175674309625,5.081569194793701,234900
1993-06-28,5.103756427764893,5.148137258509551,5.103756427764893,5.103756427764893,41400
1993-06-29,5.148137092590333,5.148137092590333,5.103756263276023,5.148137092590332,312000
1993-06-30,5.148136672112647,5.281278133392333,5.148136672112647,5.281278133392334,32700
1993-07-01,5.28127733386327,5.325657644939669,5.236896514892578,5.236896514892578,377700
1993-07-02,5.236896514892578,5.236896514892578,5.192516203816178,5.236896514892578,45000
1993-07-06,5.192519038696258,5.192519038696258,5.170328617095947,5.170328617095947,157800
1993-07-07,5.148140792156674,5.148140792156674,5.05937957763672,5.059379577636719,438000
1993-07-08,5.081569194793701,5.081569194793701,5.059378767742215,5.081569194793701,189900
1993-07-09,5.081566356513278,5.148137092590333,5.081566356513278,5.148137092590332,200400
1993-07-12,5.148135892739778,5.236896514892578,5.148135892739778,5.236896514892578,108000
1993-07-13,5.214708191725607,5.259088516235352,5.214708191725607,5.259088516235352,166500
1993-07-14,5.2368985626834235,5.2368985626834235,5.192518234252929,5.19251823425293,1323300
1993-07-15,5.192516203816178,5.236896514892578,5.192516203816178,5.236896514892578,41100
1993-07-16,5.214708652415421,5.2368985626834235,5.192518234252929,5.19251823425293,75300
1993-07-19,5.2368985626834235,5.2368985626834235,5.192518234252929,5.19251823425293,64200
1993-07-20,5.192518234252929,5.214708652415421,5.170327816090437,5.19251823425293,89700
1993-07-21,5.125946843137221,5.148137258509551,5.103756427764893,5.103756427764893,61800
1993-07-22,5.103755440617725,5.125945851698076,5.037184715270996,5.037184715270996,27600
1993-07-23,5.0149970054626465,5.05937733913937,5.0149970054626465,5.0149970054626465,48600
1993-07-26,5.0149992243241295,5.05937957763672,4.970618363116764,5.059379577636719,60600
1993-07-27,5.01499685475011,5.103757519436088,4.992806434631348,4.992806434631348,52800
1993-07-28,4.948426251000287,5.0149970054626465,4.948426251000287,5.0149970054626465,75300
1993-07-29,5.059375126351348,5.059375126351348,4.99280440100462,5.037184715270996,48900
1993-07-30,5.01499685475011,5.01499685475011,4.992806434631348,4.992806434631348,3300
1993-08-02,4.992807720143717,5.037188063913439,4.970617294311523,4.970617294311523,113400
1993-08-03,4.992808793720447,5.081570008240401,4.992808793720447,5.059379577636719,67500
1993-08-04,5.059378611577022,5.125949382781982,5.037188185210476,5.125949382781982,123300
1993-08-05,5.148137905822435,5.192518234252929,5.148137905822435,5.19251823425293,21600
1993-08-06,5.236897362214479,5.436609556212841,5.236897362214479,5.414419651031494,221100
1993-08-09,5.503183465960361,5.791656970977783,5.480993547963021,5.791656970977783,508200
1993-08-10,5.791652640631033,5.858223360638286,5.72508192062378,5.725081920623779,232800
1993-08-11,5.747276306152344,5.747276306152344,5.70289545684662,5.747276306152344,213600
1993-08-12,5.769466222910567,5.791656647563429,5.725085881499481,5.747276306152344,153600
1993-08-13,5.725085881499481,5.747276306152344,5.725085881499481,5.747276306152344,279000
1993-08-16,5.7472755327002005,5.836036203577211,5.7472755327002005,5.769465446472168,370500
1993-08-17,5.791656970977783,5.81384739686979,5.769466545085776,5.791656970977783,689700
1993-08-18,5.747275824325113,5.946988105773925,5.747275824325113,5.946988105773926,408300
1993-08-19,5.991366160864782,6.279839515686035,5.991366160864782,6.279839515686035,197100
1993-08-20,6.257650862137477,6.390792369842529,6.235460441555119,6.390792369842529,353700
1993-08-23,6.390791528135258,6.390791528135258,6.2132697105407715,6.2132697105407715,379200
1993-08-24,6.168891458178732,6.168891458178732,5.969179139303578,6.035749912261963,1358400
1993-08-25,6.05794127191554,6.124512055123404,6.035750841547997,6.102321624755859,549600
1993-08-26,6.080131702283085,6.124512055123404,6.080131702283085,6.102321624755859,600300
1993-08-27,6.102318908832855,6.102318908832855,6.057938575744628,6.057938575744629,103200
1993-08-30,6.057937789175047,6.146698951721191,6.057937789175047,6.146698951721191,188700
1993-08-31,6.146697709970963,6.191078028331126,6.146697709970963,6.168887615203857,68400
1993-09-01,6.168891098238996,6.191081523895264,6.124510754821121,6.191081523895264,149400
1993-09-02,6.232176109552071,6.2545138287538,6.187501182414531,6.209838390350342,280800
1993-09-03,6.165170837149752,6.209845817721415,6.165170837149752,6.187508583068848,120900
1993-09-07,6.1875085830688485,6.1875085830688485,6.165170837149752,6.187508583068848,172500
1993-09-08,6.142833709716798,6.209846442954677,6.142833709716798,6.142833709716797,20400
1993-09-09,6.098155975341797,6.120493713439158,6.075818237244436,6.098155975341797,540600
1993-09-10,6.075819286352028,6.075819286352028,6.0534820556640625,6.0534820556640625,19800
1993-09-13,6.075818152783905,6.075818152783905,5.986468224169221,6.0311431884765625,53700
1993-09-14,6.008807935066262,6.031145682088775,5.986470699310303,5.986470699310303,54300
1993-09-15,5.986468224169221,6.053480926263405,5.986468224169221,6.0311431884765625,247200
1993-09-16,6.053481229612981,6.053481229612981,6.008805751800536,6.008805751800537,218700
1993-09-17,5.986470699310303,6.031145682088775,5.986470699310303,5.986470699310303,216000
1993-09-20,6.031145682088775,6.031145682088775,5.986470699310303,5.986470699310303,792900
1993-09-21,5.964130892232913,5.964130892232913,5.807767739617415,5.852443218231201,1635300
1993-09-22,5.897116959056693,5.941791917112305,5.852442001001081,5.874779224395752,1178100
1993-09-23,5.852441154400594,5.964128789016287,5.852441154400594,5.94179105758667,1326000
1993-09-24,5.914907851039862,5.937312975957307,5.802883252070037,5.870098114013672,283800
1993-09-27,5.870096802397382,5.93731164932251,5.870096802397382,5.93731164932251,161400
1993-09-28,5.9373092283596876,5.9373092283596876,5.9149041175842285,5.9149041175842285,1001400
1993-09-29,5.9149041175842285,5.9373092283596876,5.9149041175842285,5.9149041175842285,89700
1993-09-30,5.892501409500034,5.93731164932251,5.892501409500034,5.93731164932251,20700
1993-10-01,5.93731164932251,5.93731164932251,5.892501409500034,5.93731164932251,600900
1993-10-04,5.959719282098296,6.049339294433594,5.959719282098296,6.049339294433594,161700
1993-10-05,6.049337303835248,6.049337303835248,5.982122444903745,6.004527568817139,104100
1993-10-06,6.004525151974112,6.004525151974112,5.982120037078857,5.982120037078857,537900
1993-10-07,5.982118937102231,5.982118937102231,5.892499006808769,5.9149041175842285,170100
1993-10-08,5.914905646041803,5.959715366363526,5.914905646041803,5.959715366363525,277200
1993-10-11,5.93731164932251,5.959716256425162,5.93731164932251,5.93731164932251,25500
1993-10-12,5.959715366363526,5.982120482928642,5.937310762606919,5.959715366363525,72000
1993-10-13,5.959713826326771,5.959713826326771,5.9149041175842285,5.9149041175842285,224700
1993-10-14,5.959716256425162,5.959716256425162,5.93731164932251,5.93731164932251,107400
1993-10-15,5.959715366363526,6.004525599493758,5.937310762606919,5.959715366363525,798600
1993-10-18,6.004526731405641,6.071741580963135,6.004526731405641,6.071741580963135,172200
1993-10-19,6.094142162384861,6.2733819846488315,6.094142162384861,6.183762073516846,274800
1993-10-20,6.206171460377993,6.228576069008979,6.138956608867793,6.161361217498779,283500
1993-10-21,6.161361128655419,6.161361128655419,6.071741669806495,6.116551399230957,36000
1993-10-22,6.07174442571963,6.09414904419682,6.049339294433594,6.049339294433594,21000
1993-10-25,6.071742427748641,6.071742427748641,6.004527568817139,6.004527568817139,69900
1993-10-26,6.004527837900942,6.004527837900942,5.8476929890962275,5.870098114013672,223800
1993-10-27,5.892500400543213,5.892500400543213,5.8476906812019696,5.892500400543213,94800
1993-10-28,5.870098114013672,5.914907851039862,5.870098114013672,5.870098114013672,105600
1993-10-29,5.825284481048583,5.825284481048583,5.825284481048583,5.825284481048584,445200
1993-11-01,5.825285466579552,5.847690582275391,5.7804757479963635,5.847690582275391,474000
1993-11-02,5.870098934193555,5.870098934193555,5.735669191523541,5.758073806762695,351600
1993-11-03,5.758072685678176,5.758072685678176,5.646048092867038,5.668453216552734,524700
1993-11-04,5.646047935056623,5.646047935056623,5.511618222317179,5.556427955627441,137100
1993-11-05,5.511618910615567,5.511618910615567,5.24275945156115,5.399594306945801,255900
1993-11-08,5.421998999029587,5.444404125213623,5.421998999029587,5.444404125213623,37800
1993-11-09,5.466809171709405,5.4892137847581255,5.399594306945801,5.399594306945801,189000
1993-11-10,5.421998999029587,5.466809251397659,5.399594385654281,5.444404125213623,118800
1993-11-11,5.444404414721898,5.646049022674561,5.444404414721898,5.6460490226745605,146400
1993-11-12,5.646048092867038,5.668453216552734,5.646048092867038,5.668453216552734,155400
1993-11-15,5.646046542479049,5.646046542479049,5.578831702687632,5.601236820220947,174300
1993-11-16,5.511617633636401,5.534022754302831,5.421997663779283,5.489212512969971,1303200
1993-11-17,5.399593889507337,5.4444036249492935,5.3771887653820185,5.421998500823975,614700
1993-11-18,5.421998417307895,5.421998417307895,5.377188682556152,5.377188682556152,554700
1993-11-19,5.377188682556152,5.377188682556152,5.332378947804409,5.377188682556152,150300
1993-11-22,5.377191471148141,5.377191471148141,5.309976577758789,5.309976577758789,73800
1993-11-23,5.3099708918572786,5.332376003265381,5.265161181849466,5.332376003265381,317100
1993-11-24,5.287566079269919,5.287566079269919,5.220351254055435,5.242756366729736,193200
1993-11-26,5.265165291668161,5.265165291668161,5.220355033874512,5.220355033874512,16800
1993-11-29,5.242756366729736,5.30997119194422,5.242756366729736,5.242756366729736,71700
1993-11-30,5.197950417786478,5.220355033874512,5.197950417786478,5.220355033874512,243000
1993-12-01,5.220354598089358,5.265164852142334,5.220354598089358,5.265164852142334,222600
1993-12-02,5.265166819768868,5.377191471148141,5.265166819768868,5.309976577758789,234300
1993-12-03,5.3099708918572786,5.332376003265381,5.287565780449177,5.332376003265381,176400
1993-12-06,5.332381713158219,5.332381713158219,5.287571442359358,5.309976577758789,44100
1993-12-07,5.3099708918572786,5.354780601865092,5.287565780449177,5.332376003265381,126000
1993-12-08,5.332379029940062,5.421998500823975,5.332379029940062,5.421998500823975,119100
1993-12-09,5.421997910414655,5.421997910414655,5.332378449289537,5.354783058166504,384000
1993-12-10,5.354782460251982,5.354782460251982,5.265163009133763,5.287567615509033,75900
1993-12-13,5.2427578899499245,5.287567615509034,5.2427578899499245,5.287567615509033,130200
1993-12-14,5.287566079269919,5.30997119194422,5.242756366729736,5.242756366729736,63000
1993-12-15,5.242758183881884,5.242758183881884,5.175543335370579,5.197948455810547,319200
1993-12-16,5.197946818477566,5.197946818477566,5.085921764373779,5.085921764373779,326400
1993-12-17,5.130734443664551,5.153139054948115,5.063519584196494,5.130734443664551,564600
1993-12-20,5.130733852733685,5.130733852733685,5.06351900100708,5.06351900100708,176100
1993-12-21,5.108328731221943,5.108328731221943,5.041113879495338,5.06351900100708,173400
1993-12-22,5.041114436952691,5.15313903128208,5.041114436952691,5.1083292961120605,33600
1993-12-23,5.108326542342693,5.175541365268256,5.085921430431372,5.153136253356934,123000
1993-12-27,5.148643211929612,5.306024970535372,5.148643211929612,5.283542156219482,70500
1993-12-28,5.2835404866135125,5.4184393882751465,5.261057164803749,5.4184393882751465,44100
1993-12-29,5.418441276421799,5.418441276421799,5.306025142798171,5.395957946777344,544800
1993-12-30,5.395956652408142,5.530855568718345,5.373473328156932,5.485889434814453,102600
1993-12-31,5.530855293733528,5.6207880716685334,5.530855293733528,5.598304748535156,64200
1994-01-03,5.575821399688721,5.575821399688721,5.485889136766943,5.575821399688721,217200
1994-01-04,5.530855543819475,5.530855543819475,5.463406085968018,5.463406085968018,86700
1994-01-05,5.463409493609173,5.530858993530273,5.440926155435857,5.530858993530273,390000
1994-01-06,5.553338842762768,5.575821652212188,5.418439927672163,5.440922737121582,219900
1994-01-07,5.485887739521352,5.508370542226218,5.350988864898682,5.350988864898682,149400
1994-01-10,5.373473052411142,5.373473052411142,5.216091334524475,5.306023597717285,87300
1994-01-11,5.350992185166398,5.350992185166398,5.283542706002951,5.3285088539123535,246000
1994-01-12,5.306025522658309,5.3285088539123535,5.283542706002951,5.3285088539123535,115200
1994-01-13,5.328508299449895,5.328508299449895,5.283542156219482,5.283542156219482,36600
1994-01-14,5.306025142798171,5.395957946777344,5.283542327752365,5.395957946777344,50700
1994-01-17,5.350991628364418,5.373474442680307,5.283542156219482,5.283542156219482,335700
1994-01-18,5.238574981689454,5.283541635083265,5.238574981689454,5.238574981689453,75600
1994-01-19,5.26105882730496,5.283542156219482,5.26105882730496,5.283542156219482,356400
1994-01-20,5.261056776170607,5.261056776170607,5.193607330322266,5.193607330322266,230700
1994-01-21,5.193607780410361,5.193607780410361,5.171124458312988,5.171124458312988,141600
1994-01-24,5.193607780410361,5.193607780410361,5.12615832871672,5.171124458312988,144300
1994-01-25,5.193607330322266,5.216090650471191,5.171124010173341,5.193607330322266,64500
1994-01-26,5.1936081455619965,5.216091469240125,5.103675365447998,5.103675365447998,111300
1994-01-27,5.081192556368384,5.126158689126126,4.991259776254386,5.103675365447998,9475200
1994-01-28,5.103676814743172,5.148643474868646,5.081193999279095,5.126160144805908,1242900
1994-01-31,5.126160144805909,5.171126290332723,5.081193999279095,5.126160144805908,600600
1994-02-01,5.148642012804254,5.171124821883868,5.103675365447998,5.103675365447998,810600
1994-02-02,5.103676814743172,5.148643474868646,5.081193999279095,5.126160144805908,656100
1994-02-03,5.126158689126126,5.126158689126126,5.081192556368384,5.103675365447998,178200
1994-02-04,5.103675647125242,5.126158972044249,4.991260051727295,4.991260051727295,148800
1994-02-07,4.968776726808288,5.0137433766463015,4.9238105915688175,4.991260051727295,160500
1994-02-08,4.991261874159721,5.036228025817439,4.9013290562455545,4.923812389373779,918900
1994-02-09,4.968779113323916,5.0137457847595215,4.968779113323916,5.0137457847595215,360900
1994-02-10,5.036225346587841,5.058708667755127,5.013742540019011,5.058708667755127,333300
1994-02-11,5.058708220584558,5.081191539764404,5.036224901404712,5.081191539764404,316200
1994-02-14,5.081193999279095,5.171126290332723,5.081193999279095,5.126160144805908,573300
1994-02-15,5.17112583027906,5.17112583027906,5.058710219163846,5.1486430168151855,665100
1994-02-16,5.126160144805909,5.148643474868646,5.103676814743172,5.126160144805908,179400
1994-02-17,5.148642012804254,5.148642012804254,5.103675365447998,5.103675365447998,241500
1994-02-18,5.103674344345839,5.103674344345839,5.058708220584558,5.081191539764404,257100
1994-02-22,5.036226186966765,5.081192836804778,4.991260051727295,4.991260051727295,192000
1994-02-23,5.036226186966765,5.036226186966765,4.946293916487824,4.991260051727295,469200
1994-02-24,4.968776726808288,5.0137433766463015,4.968776726808288,4.991260051727295,114600
1994-02-25,4.991257973461256,5.013741289018632,4.901325225830078,4.901325225830078,1286100
1994-02-28,4.901326772682934,4.968776226043701,4.901326772682934,4.968776226043701,390900
1994-03-01,4.991258356306288,4.991258356306288,4.833876164529607,4.856359481811523,508800
1994-03-02,4.833876481774148,4.833876481774148,4.766427040100098,4.766427040100098,165000
1994-03-03,4.788909469536417,4.811392784118652,4.743943354970252,4.811392784118652,555000
1994-03-04,4.788910388946533,4.811393707845281,4.7664270700477855,4.788910388946533,399600
1994-03-07,4.811393707845281,4.833876512145625,4.743944265747443,4.788910388946533,926700
1994-03-08,4.766428298476134,4.788911623169399,4.6764960289001465,4.6764960289001465,669000
1994-03-09,4.631527560569017,4.698976993560791,4.631527560569017,4.698976993560791,418200
1994-03-10,4.698977598426047,4.788910358857581,4.698977598426047,4.766427040100098,123900
1994-03-11,4.74394362528753,4.766426426552565,4.676494192295756,4.698976993560791,70800
1994-03-14,4.721461798809402,4.743945121765137,4.676495667496431,4.743945121765137,82500
1994-03-15,4.721462439478051,4.833878040313721,4.676496302063497,4.833878040313721,165900
1994-03-16,4.788910358857581,4.788910358857581,4.743944235941015,4.766427040100098,173400
1994-03-17,4.811392784118652,4.811392784118652,4.766426154954182,4.811392784118652,100800
1994-03-18,4.766426727282225,4.856359481811523,4.766426727282225,4.856359481811523,158700
1994-03-21,4.856358898684817,4.878842213267053,4.811392784118652,4.811392784118652,94500
1994-03-22,4.856359481811523,4.856359481811523,4.811393361846058,4.856359481811523,139200
1994-03-23,4.878842213267053,4.878842213267053,4.811392784118652,4.811392784118652,233400
1994-03-24,4.856358898684817,4.856358898684817,4.811392784118652,4.811392784118652,139500
1994-03-25,4.784312313352774,4.806879997253419,4.76174514598148,4.806879997253418,118200
1994-03-28,4.852014848525357,4.852014848525357,4.806879997253419,4.806879997253418,91200
1994-03-29,4.784312377866937,4.874582598157416,4.784312377866937,4.8294477462768555,429600
1994-03-30,4.8294477462768555,4.874582598157416,4.8294477462768555,4.8294477462768555,401700
1994-03-31,4.829449106544485,4.829449106544485,4.423233775616336,4.648908615112305,484500
1994-04-04,4.603770180078147,4.648905009667251,4.558635350489043,4.581202507019043,302100
1994-04-05,4.626340138020296,4.874582598157416,4.626340138020296,4.8294477462768555,584100
1994-04-06,4.8294477462768555,4.8294477462768555,4.761745210191336,4.8294477462768555,224100
1994-04-07,4.8520166038408385,5.055124282836913,4.8520166038408385,5.055124282836914,86100
1994-04-08,5.055121087424438,5.122823604294092,5.055121087424438,5.100256443023682,80400
1994-04-11,5.055124545669729,5.145394802093506,5.032557368960959,5.145394802093506,242400
1994-04-12,5.145391282093714,5.145391282093714,5.100256443023682,5.100256443023682,97200
1994-04-13,5.122823715209961,5.190526233545464,5.122823715209961,5.122823715209961,75900
1994-04-14,5.100259666966845,5.100259666966845,5.055124282836913,5.055124282836914,87000
1994-04-15,5.009987831115723,5.009987831115723,4.91971760792817,5.009987831115723,292500
1994-04-18,5.032555273359176,5.077690124511718,5.009987589518229,5.077690124511719,221400
1994-04-19,5.100257808352665,5.100257808352665,5.077690124511718,5.077690124511719,4500
1994-04-20,5.077690124511718,5.100257808352665,5.055122440670772,5.077690124511719,64500
1994-04-21,5.100259666966845,5.100259666966845,5.009989415236521,5.055124282836914,328200
1994-04-22,5.009987831115723,5.032555516044955,4.964852977786634,5.009987831115723,73800
1994-04-25,5.009989675722624,5.190529672040611,5.009989675722624,5.145394802093506,162600
1994-04-26,5.100255395334673,5.190525054931641,5.100255395334673,5.190525054931641,23400
1994-04-28,5.145391282093714,5.145391282093714,5.055121087424438,5.100256443023682,21600
1994-04-29,5.077692238908065,5.1679624953318415,5.077692238908065,5.145394802093506,200700
1994-05-02,5.167962551116943,5.213097421551253,5.122827164153063,5.167962551116943,50700
1994-05-03,5.1453948576350035,5.167962551116943,5.1453948576350035,5.167962551116943,25800
1994-05-04,5.1453902251331565,5.190525054931641,5.122822551969362,5.190525054931641,189900
1994-05-05,5.145394802093506,5.190529672040611,5.12282710885517,5.145394802093506,45300
1994-05-06,5.100256186251704,5.100256186251704,5.032553672790527,5.032553672790527,203700
1994-05-09,5.009989415236521,5.100259666966845,5.009989415236521,5.055124282836914,80700
1994-05-10,5.055124282836913,5.100259666966845,5.009989415236521,5.055124282836914,190200
1994-05-11,5.009988724721114,5.009988724721114,4.987421035766602,4.987421035766602,168300
1994-05-12,4.987421723171555,5.055124282836913,4.987421723171555,5.055124282836914,11100
1994-05-13,5.055123586100671,5.055123586100671,4.987421035766602,4.987421035766602,151200
1994-05-16,4.964852977786634,5.009987831115723,4.964852977786634,5.009987831115723,90000
1994-05-17,5.009989415236521,5.055124282836913,4.964854547636128,5.055124282836914,102300
1994-05-18,5.100259987200693,5.190529728069313,5.100259987200693,5.167962551116943,292200
1994-05-19,5.145391393498203,5.145391393498203,5.122823715209961,5.122823715209961,113700
1994-05-20,5.12282710885517,5.145394802093506,5.1002599321464,5.145394802093506,55500
1994-05-23,5.100257808352665,5.100257808352665,5.055122440670772,5.077690124511719,137700
1994-05-24,5.100259666966845,5.122826842502272,5.055124282836913,5.055124282836914,193800
1994-05-25,5.100259666966845,5.100259666966845,5.009989415236521,5.055124282836914,96000
1994-05-26,5.009988724721114,5.009988724721114,4.964853863341557,4.987421035766602,202200
1994-05-27,5.0099864463986705,5.0099864463986705,4.897149085998535,4.897149085998535,73500
1994-05-31,4.9422854744547395,4.9422854744547395,4.897150619467234,4.919717788696289,63300
1994-06-01,4.874582598157416,4.897150282362375,4.8294477462768555,4.8294477462768555,258900
1994-06-02,4.852014913952456,4.874582598157416,4.8294477462768555,4.8294477462768555,236700
1994-06-03,4.85201358795166,4.874581265989127,4.8068787484059445,4.85201358795166,201900
1994-06-06,4.874582933708783,4.964853160213189,4.874582933708783,4.919717788696289,97500
1994-06-07,4.874581265989127,4.874581265989127,4.85201358795166,4.85201358795166,81300
1994-06-08,4.852014913952456,4.852014913952456,4.8294477462768555,4.8294477462768555,301500
1994-06-09,4.8294477462768555,4.8294477462768555,4.8294477462768555,4.8294477462768555,125100
1994-06-10,4.829449106544485,4.829449106544485,4.603773750519012,4.648908615112305,264300
1994-06-13,4.626342721220093,4.626342721220093,4.490937573443208,4.6037750244140625,336600
1994-06-14,4.558637969861625,4.603772825385011,4.513502597808838,4.513502597808838,166500
1994-06-15,4.558638572692871,4.581205745174131,4.558638572692871,4.558638572692871,358800
1994-06-16,4.581205745174131,4.581205745174131,4.558638572692871,4.558638572692871,23400
1994-06-17,4.581207327608033,4.6037750244140625,4.5586401473316505,4.6037750244140625,109200
1994-06-20,4.558638572692871,4.558638572692871,4.490936022190152,4.558638572692871,262500
1994-06-21,4.513503875409945,4.558639260238841,4.468369007110596,4.468369007110596,334200
1994-06-22,4.468366444125801,4.490934123595782,4.400663922245107,4.423231601715088,639300
1994-06-23,4.378097848774473,4.423233224271257,4.310395302058737,4.332962989807129,238500
1994-06-24,4.330242495959006,4.398256778717041,4.330242495959006,4.398256778717041,28500
1994-06-27,4.375583544284052,4.534283113367474,4.375583544284052,4.443597793579102,33600
1994-06-28,4.398257675018943,4.534286268255693,4.398257675018943,4.488943576812744,25500
1994-06-29,4.443598761276917,4.443598761276917,4.307570233063416,4.352912902832031,309000
1994-06-30,4.398256642955866,4.5116141233254465,4.375585562008175,4.466270923614502,35100
1994-07-01,4.466268864072424,4.466268864072424,4.443597793579102,4.443597793579102,62700
1994-07-05,4.443597793579102,4.443597793579102,4.443597793579102,4.443597793579102,10800
1994-07-06,4.443597793579102,4.466268864072424,4.4209262041782385,4.443597793579102,33000
1994-07-07,4.443599273025303,4.443599273025303,4.216884860257285,4.262227535247803,427500
1994-07-08,4.307570729146035,4.307570729146035,4.262227535247803,4.262227535247803,34200
1994-07-11,4.262227797708555,4.262227797708555,4.126199245452881,4.126199245452881,141000
1994-07-12,4.171543355834553,4.262228731262615,4.171543355834553,4.216886043548584,219900
1994-07-13,4.216884860257285,4.262227535247803,4.171542185266768,4.262227535247803,72600
1994-07-14,4.262227162965694,4.28489875793457,4.216884491935609,4.28489875793457,44400
1994-07-15,4.28489875793457,4.28489875793457,4.28489875793457,4.28489875793457,12300
1994-07-18,4.307571414311525,4.398256778717041,4.307571414311525,4.398256778717041,155400
1994-07-19,4.37558658875142,4.488943576812744,4.37558658875142,4.488943576812744,40500
1994-07-20,4.466270520582349,4.579627990722656,4.466270520582349,4.579627990722656,179100
1994-07-21,4.488943207648493,4.488943207648493,4.194214440237638,4.216886043548584,1147200
1994-07-22,4.216884491935609,4.28489875793457,4.194212896966732,4.28489875793457,752100
1994-07-25,4.284899478329144,4.352913755762939,4.284899478329144,4.330242156982422,176400
1994-07-26,4.307571077109661,4.352913755762939,4.307571077109661,4.330242156982422,203400
1994-07-27,4.330242156982422,4.330242156982422,4.330242156982422,4.330242156982422,37200
1994-07-28,4.352913755762939,4.375585354543457,4.330242156982422,4.330242156982422,393000
1994-07-29,4.3302426335217525,4.3302426335217525,4.239557266235352,4.239557266235352,275100
1994-08-01,4.262229625509062,4.307572841644287,4.262229625509062,4.307572841644287,572400
1994-08-02,4.352913755762939,4.352913755762939,4.330242156982422,4.330242156982422,48000
1994-08-03,4.307572841644287,4.33024393080393,4.307572841644287,4.307572841644287,139500
1994-08-04,4.284899132196919,4.284899132196919,4.262227535247803,4.262227535247803,77400
1994-08-05,4.284899132196919,4.307570729146035,4.262227535247803,4.262227535247803,126300
1994-08-08,4.2622283486030454,4.2622283486030454,4.239557266235352,4.239557266235352,169800
1994-08-09,4.284899132196919,4.284899132196919,4.239556457206401,4.262227535247803,200100
1994-08-10,4.239557266235352,4.2622283486030454,4.239557266235352,4.239557266235352,17700
1994-08-11,4.239557067614207,4.2848997491331255,4.171542785881936,4.1942138671875,23700
1994-08-12,4.1942138671875,4.216885467400854,4.1942138671875,4.1942138671875,56100
1994-08-15,4.239556086904486,4.307570352903447,4.239556086904486,4.28489875793457,34200
1994-08-16,4.262227535247803,4.284899132196919,4.262227535247803,4.262227535247803,182700
1994-08-17,4.28489875793457,4.330241428964655,4.262227162965694,4.28489875793457,182700
1994-08-18,4.262227535247803,4.352913404136553,4.262227535247803,4.262227535247803,92400
1994-08-19,4.284899132196919,4.284899132196919,4.262227535247803,4.262227535247803,402300
1994-08-22,4.216885467400854,4.216885467400854,4.1942138671875,4.1942138671875,418200
1994-08-23,4.21688425345499,4.21688425345499,4.126198397615777,4.14886999130249,82200
1994-08-24,4.171542296519652,4.171542296519652,4.058184827658601,4.103528022766113,108900
1994-08-25,4.103528504149664,4.1942138671875,4.0808569039363105,4.1942138671875,357600
1994-08-26,4.171542785881936,4.239557067614207,4.171542785881936,4.1942138671875,384300
1994-08-29,4.148873890529554,4.194216601609682,4.148873890529554,4.171545505523682,683700
1994-08-30,4.216886043548584,4.23955764685953,4.171543355834553,4.216886043548584,390300
1994-08-31,4.1942138671875,4.216885467400854,4.1942138671875,4.1942138671875,93000
1994-09-01,4.194216601609682,4.194216601609682,4.126202275535427,4.171545505523682,331800
1994-09-02,4.216884972719436,4.216884972719436,4.103528022766113,4.103528022766113,190200
1994-09-06,4.148870698965896,4.148870698965896,4.080856425212358,4.103528022766113,994200
1994-09-07,4.148871185668582,4.216885467400854,4.126199585455228,4.1942138671875,638700
1994-09-08,4.194213930442934,4.443599979827596,4.171542848795453,4.398256778717041,677700
1994-09-09,4.352914096514283,4.420928379272318,4.352914096514283,4.398256778717041,35400
1994-09-12,4.352912902832031,4.375584497170166,4.352912902832031,4.352912902832031,45900
1994-09-13,4.3529137244591345,4.420928001403809,4.3529137244591345,4.420928001403809,188400
1994-09-14,4.420928110444188,4.579628266865286,4.420928110444188,4.534285068511963,127800
1994-09-15,4.488942389066406,4.534285068511963,4.488942389066406,4.534285068511963,13800
1994-09-16,4.534285068511963,4.534285068511963,4.4662707898897445,4.534285068511963,67500
1994-09-19,4.488942389066406,4.534285068511963,4.488942389066406,4.534285068511963,150600
1994-09-20,4.534283113367474,4.534283113367474,4.443597793579102,4.443597793579102,64200
1994-09-21,4.420927843870867,4.579627990722656,4.420927843870867,4.579627990722656,34500
1994-09-22,4.534285068511963,4.579628266865286,4.534285068511963,4.534285068511963,416700
1994-09-23,4.511614799499512,4.534285883845011,4.511614799499512,4.511614799499512,65100
1994-09-26,4.486106694429021,4.486106694429021,4.3722462877561625,4.395018577575684,722100
1994-09-27,4.395022823702504,4.395022823702504,4.326706409454346,4.326706409454346,89700
1994-09-28,4.3494762721820734,4.3494762721820734,4.303932189941406,4.303932189941406,91800
1994-09-29,4.326704174552903,4.4405646324157715,4.326704174552903,4.4405646324157715,1137300
1994-09-30,4.4405655190348625,4.4405655190348625,4.326705038438206,4.372249126434326,69900
1994-10-03,4.37224748124113,4.554424285888672,4.37224748124113,4.554424285888672,261300
1994-10-04,4.55442364292693,4.55442364292693,4.4633355140686035,4.4633355140686035,120300
1994-10-05,4.486108779907227,4.486108779907227,4.372248320303528,4.486108779907227,35100
1994-10-06,4.486107918994279,4.554424285888672,4.486107918994279,4.554424285888672,288300
1994-10-07,4.531652511065552,4.599968877959944,4.531652511065552,4.554424285888672,21900
1994-10-10,4.599969863891602,4.622741643595497,4.5544252620585555,4.599969863891602,225600
1994-10-11,4.622741539916712,4.691057919921454,4.486108779907227,4.486108779907227,69900
1994-10-12,4.508881485688573,4.508881485688573,4.326704629701336,4.417792797088623,77100
1994-10-13,4.463337259602711,4.486109040116721,4.303932189941406,4.303932189941406,227100
1994-10-14,4.326705505258562,4.395021905229946,4.326705505258562,4.349477291107178,28800
1994-10-17,4.34947682182991,4.372249126434326,4.281160429229374,4.372249126434326,72000
1994-10-18,4.417793691078562,4.417793691078562,4.326705505258562,4.349477291107178,159000
1994-10-19,4.3494757184987085,4.3494757184987085,4.258387565612793,4.258387565612793,36600
1994-10-20,4.190071092086492,4.190071092086492,4.076210121830225,4.167298793792725,183300
1994-10-21,4.167302127307306,4.190074443817139,4.167302127307306,4.190074443817139,27000
1994-10-24,4.2356185556238195,4.2811626674305,4.167302127307306,4.190074443817139,73800
1994-10-25,4.144525527954102,4.190070113909194,4.0534373984688115,4.144525527954102,521100
1994-10-26,4.190071979055756,4.190071979055756,4.0534392027953805,4.098983287811279,144900
1994-10-27,4.098983287811279,4.098983287811279,4.0534392027953805,4.098983287811279,98400
1994-10-28,4.076213382480961,4.2811626674305,4.076213382480961,4.190074443817139,1325400
1994-10-31,4.167297820931648,4.190070113909194,4.144525527954102,4.144525527954102,181800
1994-11-01,4.1900738874820656,4.1900738874820656,4.0078964220179,4.03066873550415,1046100
1994-11-02,4.076209170233911,4.190070113909194,4.0534373984688115,4.144525527954102,63000
1994-11-03,4.167299675941467,4.167299675941467,4.098983287811279,4.098983287811279,46500
1994-11-04,4.098983287811279,4.121755590925568,4.0534392027953805,4.098983287811279,158100
1994-11-07,4.053438719622616,4.098982799209629,4.053438719622616,4.0762104988098145,5100
1994-11-08,4.144527979384527,4.372249480216734,4.144527979384527,4.235616683959961,255000
1994-11-09,4.235615795647471,4.349476261577865,4.235615795647471,4.2811598777771,722100
1994-11-10,4.2811598777771,4.303932179448236,4.2583880973186075,4.2811598777771,224100
1994-11-11,4.281160891135794,4.349477291107178,4.258389105287178,4.349477291107178,91800
1994-11-14,4.349478200061814,4.372250511882159,4.303934097634,4.326706409454346,253200
1994-11-15,4.2811598777771,4.326704481119373,4.2811598777771,4.2811598777771,24300
1994-11-16,4.2811598777771,4.326704481119373,4.2811598777771,4.2811598777771,42300
1994-11-17,4.2811607756413,4.3039330820883475,4.212844377512914,4.235616683959961,19500
1994-11-18,4.2811626674305,4.303934983940333,4.190074443817139,4.190074443817139,27300
1994-11-21,4.2356185556238195,4.2356185556238195,4.144529810797474,4.190074443817139,82800
1994-11-22,4.1900738874820656,4.1900738874820656,3.9851246297445666,4.03066873550415,327300
1994-11-23,4.0534409657514,4.076212757557106,3.8712635040283203,3.8712635040283203,323400
1994-11-25,3.9395768642425533,3.9395768642425533,3.9395768642425533,3.9395768642425537,36600
1994-11-28,3.9395768642425533,3.9395768642425533,3.894032794766411,3.9395768642425537,55500
1994-11-29,3.9623513957172354,3.9623513957172354,3.7801744937896733,3.780174493789673,681600
1994-11-30,3.8029450767814628,3.9851224422454834,3.780173297007932,3.9851224422454834,254700
1994-12-01,3.9168040177907137,4.00789213180542,3.871259439571004,4.00789213180542,63000
1994-12-02,3.9623500392359743,4.121755099609443,3.9623500392359743,4.0762104988098145,52500
1994-12-05,4.053441587184112,4.190074443817139,4.053441587184112,4.190074443817139,36900
1994-12-06,4.1445282840528,4.1445282840528,4.053440093994141,4.053440093994141,351900
1994-12-07,4.030667785873079,4.053440093994141,4.030667785873079,4.053440093994141,30300
1994-12-08,4.0306664192228014,4.098982799209629,4.0306664192228014,4.0762104988098145,12300
1994-12-09,4.030667785873079,4.053440093994141,4.007895477752018,4.053440093994141,228000
1994-12-12,3.9851210407486204,4.167297820931648,3.962348747771075,4.144525527954102,50700
1994-12-13,4.098982799209629,4.098982799209629,4.053438719622616,4.0762104988098145,9600
1994-12-14,4.0306665230051735,4.0306665230051735,3.9623501412593236,3.9851224422454834,471900
1994-12-15,3.9623483523987884,3.9623483523987884,3.894032001495361,3.8940320014953613,106200
1994-12-16,3.9395768642425533,4.007893229063017,3.9395768642425533,3.9395768642425537,44100
1994-12-19,3.9623507172465704,3.9623507172465704,3.802945629596784,3.8484902381896973,202200
1994-12-20,3.87126049942209,3.9623491595868745,3.87126049942209,3.9395768642425537,564000
1994-12-21,3.9168082104987336,4.098985154749983,3.9168082104987336,4.03066873550415,446100
1994-12-22,4.007895362113131,4.007895362113131,3.9168071746826176,3.916807174682617,39900
1994-12-23,3.868282942158355,3.93695068359375,3.8453935203821263,3.93695068359375,361500
1994-12-27,3.914058857681918,4.028504848480225,3.914058857681918,4.028504848480225,94800
1994-12-28,4.051395140813114,4.097173442349467,4.028505728098397,4.074284553527832,187800
1994-12-29,4.074284326413012,4.142952036836304,4.05139491497423,4.09717321395874,127200
1994-12-30,4.097174399576315,4.303177590458251,4.097174399576315,4.2802886962890625,192900
1995-01-03,4.326065840259675,4.3489552521407475,4.234508716628449,4.2573981285095215,76800
1995-01-04,4.257398575210513,4.3718445988378205,4.257398575210513,4.3031768798828125,187800
1995-01-05,4.303177590458251,4.303177590458251,4.257399278226667,4.2802886962890625,610200
1995-01-06,4.257398433372623,4.257398433372623,4.188730716705322,4.188730716705322,124200
1995-01-09,4.165841303185188,4.188730716705322,4.120063000038022,4.188730716705322,263700
1995-01-10,4.165841303185188,4.188730716705322,4.165841303185188,4.188730716705322,37500
1995-01-11,4.188730716705322,4.188730716705322,4.188730716705322,4.188730716705322,21600
1995-01-12,4.188728817208272,4.188728817208272,4.142950534820557,4.142950534820557,262500
1995-01-13,4.12006139755249,4.188729087511699,4.12006139755249,4.12006139755249,219300
1995-01-16,4.097171992935122,4.12006139755249,4.097171992935122,4.12006139755249,166200
1995-01-17,4.120062855064185,4.120062855064185,4.028505728098397,4.074284553527832,115200
1995-01-18,4.074284326413012,4.09717321395874,4.074284326413012,4.09717321395874,167100
1995-01-19,4.097172274233113,4.097172274233113,4.005615697263469,4.051393985748291,135300
1995-01-20,4.074284553527832,4.097173442349467,4.074284553527832,4.074284553527832,41100
1995-01-23,4.074284326413012,4.09717321395874,4.028505503535448,4.09717321395874,41700
1995-01-24,4.051394993259061,4.280287540390594,4.051394993259061,4.2573981285095215,260100
1995-01-25,4.48628888109254,4.48628888109254,4.326064109802246,4.326064109802246,240000
1995-01-26,4.3489551068125785,4.463401114607393,4.3489551068125785,4.440511703491211,540600
1995-01-27,4.417622089385986,4.509178670999764,4.394732682036062,4.417622089385986,236400
1995-01-30,4.394733605018029,4.4634013175964355,4.394733605018029,4.4634013175964355,107100
1995-01-31,4.463400819977923,4.577846820218148,4.440511410372673,4.50917911529541,258000
1995-02-01,4.532069206237793,4.532069206237793,4.486290904038138,4.532069206237793,56700
1995-02-02,4.50917979319142,4.532069206237793,4.50917979319142,4.532069206237793,16200
1995-02-03,4.486290904038138,4.646515223683474,4.486290904038138,4.532069206237793,269100
1995-02-06,4.577847231273342,4.577847231273342,4.532068931845318,4.554958343505859,122700
1995-02-07,4.532068596333202,4.715182304382324,4.532068596333202,4.715182304382324,859500
1995-02-08,4.692295356616073,4.715184252144086,4.669405937194824,4.669405937194824,25800
1995-02-09,4.646513863325959,4.738070964813232,4.646513863325959,4.738070964813232,37500
1995-02-10,4.692293643951416,4.692293643951416,4.669404232884691,4.692293643951416,115500
1995-02-13,4.692291577630488,4.692291577630488,4.577845096588135,4.577845096588135,82200
1995-02-14,4.623626334530193,4.623626334530193,4.532069206237793,4.532069206237793,13200
1995-02-15,4.55495851842173,4.64651512079366,4.55495851842173,4.623626232147217,246600
1995-02-16,4.577845096588135,4.64651277565642,4.577845096588135,4.577845096588135,27600
1995-02-17,4.623623898562202,4.623623898562202,4.554956219493916,4.577845096588135,193800
1995-02-21,4.600734497575169,4.64651277565642,4.577845096588135,4.577845096588135,15600
1995-02-22,4.577845096588135,4.577845096588135,4.577845096588135,4.577845096588135,300
1995-02-23,4.623626054594425,4.623626054594425,4.554958343505859,4.554958343505859,101100
1995-02-24,4.577847231273342,4.577847231273342,4.486290632417294,4.554958343505859,225900
1995-02-27,4.55495793450591,4.55495793450591,4.50917911529541,4.50917911529541,52500
1995-02-28,4.532069206237793,4.532069206237793,4.532069206237793,4.532069206237793,43500
1995-03-01,4.486290525723575,4.486290525723575,4.3489551068125785,4.440511703491211,633000
1995-03-02,4.463400654494762,4.463400654494762,4.39473295211792,4.39473295211792,53700
1995-03-03,4.39473295211792,4.39473295211792,4.39473295211792,4.39473295211792,135300
1995-03-06,4.39473295211792,4.39473295211792,4.39473295211792,4.39473295211792,116700
1995-03-07,4.394733704361589,4.394733704361589,4.3031765775563615,4.371844291687012,7800
1995-03-08,4.348953512527389,4.348953512527389,4.303174707077102,4.326064109802246,496500
1995-03-09,4.371845479933004,4.371845479933004,4.34895658493042,4.34895658493042,51300
1995-03-10,4.34895658493042,4.371845479933004,4.326067166034612,4.34895658493042,252900
1995-03-13,4.326065990230939,4.394733704361589,4.326065990230939,4.371844291687012,54600
1995-03-14,4.37184532075223,4.37184532075223,4.257399278226667,4.2802886962890625,87300
1995-03-15,4.303177590458251,4.303177590458251,4.211620965995084,4.2802886962890625,77700
1995-03-16,4.3031765775563615,4.371844291687012,4.3031765775563615,4.371844291687012,279900
1995-03-17,4.371843274686137,4.4862897875428,4.371843274686137,4.417622089385986,503100
1995-03-20,4.394732682036062,4.417622089385986,4.394732682036062,4.417622089385986,199800
1995-03-21,4.39473295211792,4.417622360874532,4.371843543361308,4.39473295211792,134700
1995-03-22,4.348955402905517,4.394733704361589,4.326065990230939,4.371844291687012,423300
1995-03-23,4.348954658497689,4.440511245738151,4.348954658497689,4.39473295211792,93900
1995-03-24,4.394733405151895,4.486290525723575,4.394733405151895,4.440511703491211,287100
1995-03-27,4.437753496371222,4.55272102355957,4.414759780421401,4.55272102355957,78300
1995-03-28,4.506733566039251,4.5527204660268925,4.483739852905273,4.483739852905273,176700
1995-03-29,4.529726842800146,4.713675498962402,4.529726842800146,4.713675498962402,233700
1995-03-30,4.690681686796973,4.736668586730957,4.644694786862989,4.736668586730957,217200
1995-03-31,4.667687992062604,4.667687992062604,4.598707378749953,4.644694805145264,23400
1995-04-03,4.598707533566265,4.782656192779541,4.598707533566265,4.782656192779541,117300
1995-04-04,4.75966317313058,4.874630707199685,4.736669455804596,4.828643798828125,386100
1995-04-05,4.851636251841784,4.966603755950928,4.851636251841784,4.966603755950928,29700
1995-04-06,4.897624424525669,4.897624424525669,4.828643798828125,4.828643798828125,319200
1995-04-07,4.782656192779541,4.8056493804709515,4.736668764836056,4.782656192779541,106500
1995-04-10,4.782656192779541,4.828643094442694,4.759662478807798,4.782656192779541,437100
1995-04-11,4.7826560933347775,4.805649280548096,4.7826560933347775,4.805649280548096,27000
1995-04-12,4.828643094442694,4.828643094442694,4.759662478807798,4.782656192779541,150000
1995-04-13,4.759662478807798,4.851636808414437,4.759662478807798,4.782656192779541,205800
1995-04-17,4.805649280548096,4.8286429940417355,4.7826560933347775,4.805649280548096,17100
1995-04-18,4.78265851065045,4.874632358551025,4.78265851065045,4.874632358551025,129000
1995-04-19,4.8056517094853,4.897626083666462,4.8056517094853,4.874632358551025,916200
1995-04-20,4.874632358551025,4.874632358551025,4.874632358551025,4.874632358551025,516600
1995-04-21,4.874631249597936,4.920618689366909,4.874631249597936,4.897624969482422,428400
1995-04-24,4.920616530989757,4.943609714508057,4.897622821191222,4.943609714508057,115200
1995-04-25,4.989597467284865,5.058578075006405,4.966603755950928,4.966603755950928,522000
1995-04-26,4.966603424306592,4.966603424306592,4.874629111392687,4.943609714508057,382800
1995-04-27,4.920616530989757,4.943609714508057,4.920616530989757,4.943609714508057,1800
1995-04-28,4.897626083666462,4.897626083666462,4.8056517094853,4.874632358551025,126600
1995-05-01,4.828643094442694,4.851636808414437,4.736668764836056,4.782656192779541,682500
1995-05-02,4.759662478807798,4.782656192779541,4.759662478807798,4.782656192779541,158100
1995-05-03,4.828641273945405,4.851634979248047,4.782654389620256,4.851634979248047,264900
1995-05-04,4.8976236082423314,4.8976236082423314,4.7826560933347775,4.805649280548096,70200
1995-05-05,4.8056493804709515,4.8056493804709515,4.782656192779541,4.782656192779541,400500
1995-05-08,4.782656192779541,4.782656192779541,4.736668764836056,4.782656192779541,1033500
1995-05-09,4.759661674499512,4.782655384585678,4.736667964413346,4.759661674499512,71400
1995-05-10,4.782656192779541,4.851636808414437,4.736668764836056,4.782656192779541,362400
1995-05-11,4.782655384585678,4.782655384585678,4.736667964413346,4.759661674499512,150000
1995-05-12,4.759661674499512,4.759661674499512,4.736667964413346,4.759661674499512,128700
1995-05-15,4.736668605375256,4.75966231857291,4.644694805145264,4.644694805145264,1006500
1995-05-16,4.644695361078475,4.644695361078475,4.55272102355957,4.55272102355957,435300
1995-05-17,4.575712115265557,4.598705291748047,4.575712115265557,4.598705291748047,65400
1995-05-18,4.598707929178834,4.598707929178834,4.55272102355957,4.55272102355957,279900
1995-05-19,4.598707598729036,4.598707598729036,4.529726982116699,4.529726982116699,194400
1995-05-22,4.506733566039251,4.529726752892915,4.483739852905273,4.483739852905273,290100
1995-05-23,4.50673379409948,4.552720696414259,4.483740079801921,4.529726982116699,440700
1995-05-24,4.5297271577866995,4.621701492263506,4.5297271577866995,4.575714588165283,575700
1995-05-25,4.552720872975991,4.575714588165282,4.552720872975991,4.575714588165283,205800
1995-05-26,4.5297273076097495,4.57571473950939,4.5297273076097495,4.55272102355957,184200
1995-05-30,4.552718412502991,4.644692697273178,4.552718412502991,4.598705291748047,324900
1995-05-31,4.552720381928256,4.667687892913818,4.552720381928256,4.667687892913818,318000
1995-06-01,4.6446944752669745,4.6446944752669745,4.5987070521378115,4.621700763702393,392700
1995-06-02,4.598707378749953,4.644694805145264,4.598707378749953,4.644694805145264,200100
1995-06-05,4.6217010919476085,4.667687992062604,4.6217010919476085,4.644694805145264,141900
1995-06-06,4.644694706484887,4.713675318332285,4.644694706484887,4.667687892913818,194400
1995-06-07,4.667688149201161,4.782656192779541,4.667688149201161,4.782656192779541,269700
1995-06-08,4.782655324759019,4.966603424306592,4.782655324759019,4.943609714508057,792300
1995-06-09,4.943610044616991,4.966603755950928,4.920616859563324,4.966603755950928,527700
1995-06-12,4.966605033818082,5.012591942037743,4.966605033818082,4.989598751068115,387300
1995-06-13,5.012591046504933,5.150552272796631,5.012591046504933,5.150552272796631,947100
1995-06-14,5.104565372792836,5.150552272796631,5.104565372792836,5.150552272796631,520800
1995-06-15,5.127558466120244,5.219532255010126,5.127558466120244,5.1735453605651855,549000
1995-06-16,5.150552272796631,5.150552272796631,5.12755908593489,5.150552272796631,275100
1995-06-19,5.150553640960439,5.196541079460388,5.081573009490967,5.081573009490967,253500
1995-06-20,5.081571659650782,5.173545985938685,5.058578472789041,5.150552272796631,499500
1995-06-21,5.150553062535819,5.33450174331665,5.150553062535819,5.33450174331665,1280100
1995-06-22,5.702396784225171,5.771377392608057,5.610422990568174,5.633416175842285,1519800
1995-06-23,5.656409887396673,5.656409887396673,5.610422990568174,5.633416175842285,258000
1995-06-26,5.587432983827247,5.610426710627896,5.449471675584599,5.495458602905273,88500
1995-06-27,5.5184494824202694,5.564436386013654,5.403481960296632,5.403481960296631,1291500
1995-06-28,5.4293601564075855,5.4293601564075855,5.3600491779377055,5.383152484893799,223800
1995-06-29,5.406253788668911,5.406253788668911,5.2214247755795595,5.290735721588135,1238700
1995-06-30,5.3369430377748746,5.406253986317405,5.31383921199384,5.360046863555908,76200
1995-07-03,5.383152026289089,5.383152026289089,5.26763391494751,5.26763391494751,23700
1995-07-05,5.313838958740234,5.40625372865938,5.2907356628608575,5.313838958740234,592200
1995-07-06,5.3369430377748746,5.360046863555908,5.267632089232343,5.360046863555908,125700
1995-07-07,5.383153932287521,5.498672613331236,5.3369467771506,5.475568771362305,79500
1995-07-10,5.498666286468506,5.683495223149685,5.498666286468506,5.498666286468506,165300
1995-07-11,5.452460765838624,5.498668414491854,5.406253645985932,5.452460765838623,91200
1995-07-12,5.498669446941267,5.591083703998674,5.475565618276596,5.544876575469971,607800
1995-07-13,5.591081356303595,5.6834961033566875,5.591081356303595,5.6603922843933105,352800
1995-07-14,5.637288994230349,5.6834961033566875,5.637288994230349,5.6603922843933105,115800
1995-07-17,5.660396483619067,5.660396483619067,5.521774524601451,5.567982196807861,387900
1995-07-18,5.544878605954433,5.544878605954433,5.521774768829346,5.521774768829346,190500
1995-07-19,5.544873388438717,5.544873388438717,5.429355369113021,5.498666286468506,70800
1995-07-20,5.498669446941267,5.567980404134641,5.475565618276596,5.544876575469971,366600
1995-07-21,5.521774768829346,5.521774768829346,5.521774768829346,5.521774768829346,76200
1995-07-24,5.544873388438717,5.544873388438717,5.498666286468506,5.498666286468506,374400
1995-07-25,5.521775926499225,5.5448797684681566,5.475568771362304,5.475568771362305,1025400
1995-07-26,5.49867146050509,5.56798244307952,5.452463786254915,5.521774768829346,937800
1995-07-27,5.52177171001793,5.544875534344546,5.429357470312547,5.452460765838623,118800
1995-07-28,5.45245865569796,5.521769573053445,5.45245865569796,5.498666286468506,24300
1995-07-31,5.5448797684681566,5.5448797684681566,5.475568771362304,5.475568771362305,22500
1995-08-01,5.45246346336368,5.475567299120573,5.3600491779377055,5.383152484893799,228000
1995-08-02,5.429356203120057,5.452459493253907,5.360045275117675,5.406252384185791,108300
1995-08-03,5.406252384185791,5.429356203120057,5.360045275117675,5.406252384185791,186600
1995-08-04,5.429357051849365,5.429357051849365,5.383149406757551,5.429357051849365,77700
1995-08-07,5.429357470312547,5.452460765838624,5.406253645985932,5.452460765838623,256800
1995-08-08,5.452459493253907,5.452459493253907,5.406252384185791,5.406252384185791,32700
1995-08-09,5.360045275117675,5.406252384185791,5.360045275117675,5.406252384185791,196200
1995-08-10,5.406252384185791,5.452459493253907,5.406252384185791,5.406252384185791,1044900
1995-08-11,5.429357051849365,5.452460345594774,5.429357051849365,5.429357051849365,178800
1995-08-14,5.383150832418551,5.544876575469971,5.383150832418551,5.544876575469971,640200
1995-08-15,5.544876575469971,5.637291361328016,5.5217727468053,5.544876575469971,204000
1995-08-16,5.544873562170409,5.6141844816975395,5.544873562170409,5.591080665588379,51300
1995-08-17,5.614187532663345,5.637291361328016,5.544876575469971,5.544876575469971,66600
1995-08-18,5.544876575469971,5.544876575469971,5.475565618276596,5.544876575469971,98400
1995-08-21,5.591080490408928,5.591080490408928,5.498666286468506,5.498666286468506,264000
1995-08-22,5.521769746061249,5.591080665588379,5.49866645875244,5.591080665588379,156000
1995-08-23,5.591085504110259,5.637293176316669,5.567982196807861,5.567982196807861,214800
1995-08-24,5.567982196807861,5.614189340213464,5.567982196807861,5.567982196807861,579600
1995-08-25,5.567982196807861,5.591085504110259,5.567982196807861,5.567982196807861,27600
1995-08-28,5.614187532663345,5.637291361328016,5.544876575469971,5.544876575469971,341100
1995-08-29,5.5448797684681566,5.5679836104370874,5.475568771362304,5.475568771362305,154200
1995-08-30,5.498668119981543,5.637290000915527,5.498668119981543,5.637290000915527,431700
1995-08-31,5.6372931467537075,5.683500289916992,5.6372931467537075,5.683500289916992,223800
1995-09-01,5.6834987436982205,5.729705874290668,5.6834987436982205,5.706602573394775,276900
1995-09-05,5.683498859283899,5.799016952514649,5.66039502911748,5.799016952514648,311100
1995-09-06,5.868326078185141,5.891429901123048,5.752808021096623,5.891429901123047,468600
1995-09-07,5.868328213248041,6.053157806396485,5.82212107936128,6.053157806396484,517800
1995-09-08,6.05315762503551,6.1455718900401735,6.030053794384003,6.099364757537842,273000
1995-09-11,6.145570445903849,6.330399990081787,6.122467149482026,6.330399990081787,664800
1995-09-12,6.330399990081787,6.35350328650361,6.284192339637023,6.330399990081787,209100
1995-09-13,6.376610402238614,6.3997142393832345,6.353506565093994,6.353506565093994,122100
1995-09-14,6.330399990081787,6.35350328650361,6.237985217992819,6.330399990081787,130800
1995-09-15,6.307297229766846,6.330401058890017,6.284193400643674,6.307297229766846,101400
1995-09-18,6.284193992614746,6.307297823914299,6.284193992614746,6.284193992614746,23400
1995-09-19,6.284193331617361,6.284193331617361,6.2148823738098145,6.2148823738098145,214200
1995-09-20,6.237988668043545,6.237988668043545,6.191781520843506,6.191781520843506,324000
1995-09-21,6.214883027516787,6.284193992614746,6.16867589371838,6.284193992614746,507900
1995-09-22,6.2610890432152,6.35350328650361,6.2610890432152,6.330399990081787,523800
1995-09-25,6.284193992614746,6.3304016552138505,6.284193992614746,6.284193992614746,138000
1995-09-26,6.330399990081787,6.330399990081787,6.307296164859405,6.330399990081787,5100
1995-09-27,6.3099874324834175,6.449178335633574,6.3099874324834175,6.356384754180908,357600
1995-09-28,6.356383326747957,6.402780107055111,6.356383326747957,6.379581451416016,134700
1995-09-29,6.379581451416015,6.402780107055111,6.356383326747957,6.379581451416016,108300
1995-10-02,6.402781544907241,6.402781544907241,6.356384754180908,6.356384754180908,31200
1995-10-03,6.402779723694176,6.425978377944273,6.309985637664795,6.309985637664795,497100
1995-10-04,6.309985637664795,6.3331842919148915,6.263588860135608,6.309985637664795,70800
1995-10-05,6.309986063270856,6.379581499744326,6.286787938427062,6.333184719085693,334800
1995-10-06,6.379583968162556,6.379583968162556,6.286790370941162,6.286790370941162,313800
1995-10-09,6.309985637664795,6.309985637664795,6.286787514385704,6.309985637664795,446700
1995-10-10,6.286787514385704,6.3331842919148915,6.286787514385704,6.309985637664795,280500
1995-10-11,6.3331842919148915,6.3331842919148915,6.263588860135608,6.309985637664795,265200
1995-10-12,6.263589536726801,6.263589536726801,6.170795440673827,6.170795440673828,40800
1995-10-13,6.101199342326941,6.309985637664795,6.0780012190478505,6.309985637664795,1024500
1995-10-16,6.356385401244823,6.541973114013672,6.356385401244823,6.541973114013672,153900
1995-10-17,6.541969263505782,6.657961449343598,6.541969263505782,6.5883660316467285,502800
1995-10-18,6.611567020416261,6.634765678180013,6.588368362652507,6.61156702041626,41100
1995-10-19,6.611568572673392,6.611568572673392,6.518774450803361,6.541973114013672,74700
1995-10-20,6.541969344576074,6.541969344576074,6.495572575860163,6.518770694732666,75900
1995-10-23,6.51877361291108,6.51877361291108,6.449178163196829,6.472376823425293,32700
1995-10-24,6.472375922165353,6.5187727051905195,6.449177265167235,6.449177265167236,138300
1995-10-25,6.449177265167235,6.472375922165353,6.425979139140187,6.449177265167236,253200
1995-10-26,6.425978377944273,6.449176501223364,6.309985637664795,6.309985637664795,266100
1995-10-27,6.309986370999923,6.309986370999923,6.078001925422169,6.124398708343506,1019100
1995-10-30,6.124397615905375,6.286787123620463,6.124397615905375,6.217191696166992,879000
1995-10-31,6.21719208260642,6.309985637664795,6.21719208260642,6.309985637664795,159000
1995-11-01,6.286789302605829,6.379582884058496,6.217193851030751,6.356384754180908,187200
1995-11-02,6.40278074439003,6.565170288085938,6.356383959464524,6.5651702880859375,150000
1995-11-03,6.611560781796774,6.727552899224066,6.588362145923081,6.681156158447266,262200
1995-11-06,6.681157969614369,6.773952007293701,6.681157969614369,6.773952007293701,76200
1995-11-07,6.7043621600313585,6.866751196643267,6.7043621600313585,6.843553066253662,254700
1995-11-08,6.88994565452497,6.88994565452497,6.634762659125438,6.7507548332214355,190800
1995-11-09,6.727552899224066,6.797148275874558,6.681156158447266,6.681156158447266,74100
1995-11-10,6.7275561860138975,6.7507548332214355,6.681159422569667,6.7507548332214355,90600
1995-11-13,6.75075534468772,6.75075534468772,6.681159928763105,6.7043585777282715,66300
1995-11-14,6.750755910253034,6.913145404672111,6.611565066742663,6.634763717651367,83100
1995-11-15,6.681162515885249,6.681162515885249,6.495574845212134,6.5651702880859375,2504400
1995-11-16,6.541973114013672,6.565171777223982,6.495576318564263,6.541973114013672,2752200
1995-11-17,6.541971578096089,6.611567020416261,6.518772920332337,6.61156702041626,1811100
1995-11-20,6.681156158447266,6.681156158447266,6.634759417670466,6.681156158447266,565500
1995-11-21,6.681159928763105,6.727556695722553,6.657961279797937,6.7043585777282715,592500
1995-11-22,6.681164200385894,6.727560997009277,6.681164200385894,6.727560997009277,92100
1995-11-24,6.727552899224066,6.727552899224066,6.681156158447266,6.681156158447266,46800
1995-11-27,6.727552899224066,6.727552899224066,6.657957522573573,6.681156158447266,380400
1995-11-28,6.704359139406553,6.704359139406553,6.634763717651367,6.634763717651367,260400
1995-11-29,6.681164200385894,6.727560997009277,6.681164200385894,6.727560997009277,96300
1995-11-30,6.681164200385894,6.727560997009277,6.681164200385894,6.727560997009277,1476600
1995-12-01,6.727556785413242,6.727556785413242,6.611564600982788,6.657961368560791,415200
1995-12-04,6.657959327451854,6.773952007293701,6.657959327451854,6.773952007293701,721500
1995-12-05,6.77395761314251,6.843553066253662,6.727560290420962,6.843553066253662,292800
1995-12-06,6.820352589850097,7.145131107614522,6.797153934662986,7.1219329833984375,1380000
1995-12-07,7.330718614251202,7.423512164539674,7.191527757847514,7.284321308135986,582600
1995-12-08,7.237923751878707,7.237923751878707,7.145129680633544,7.145129680633545,252000
1995-12-11,7.1451305368076845,7.261123272505842,7.1451305368076845,7.191527843475342,62400
1995-12-12,7.237925102943471,7.237925102943471,7.145131014376933,7.214726448059082,289200
1995-12-13,7.2611227506350025,7.284320871330552,7.214725447302008,7.237924098968506,216600
1995-12-14,7.237923751878707,7.237923751878707,7.145129680633544,7.145129680633545,326400
1995-12-15,7.145131158548633,7.145131158548633,7.075535723462214,7.098734378814697,551100
1995-12-18,7.121932700842362,7.121932700842362,6.84355097352567,7.005939960479736,88500
1995-12-19,7.052337169647218,7.098733946555942,7.005939861767493,7.052337169647217,419400
1995-12-20,7.052337169647218,7.052337169647218,6.982741738798629,7.052337169647217,752400
1995-12-21,7.0987333371801284,7.237924186928758,7.0291379123058135,7.168328762054443,513600
1995-12-22,7.1451305368076845,7.330718701536342,7.1451305368076845,7.191527843475342,460200
1995-12-26,7.237927379232111,7.2611260414123535,7.191530585842814,7.2611260414123535,75900
1995-12-27,7.26391672666311,7.3104801177978525,7.26391672666311,7.310480117797852,52200
1995-12-28,7.310477962520438,7.310477962520438,7.263914585113525,7.263914585113525,59400
1995-12-29,7.263918534764703,7.40360927581787,7.263918534764703,7.403609275817871,140100
1996-01-02,7.357042696120508,7.380324120990554,7.333760738372804,7.333760738372803,249300
1996-01-03,7.333763373408128,7.333763373408128,7.240636041834138,7.287199974060059,245100
1996-01-04,7.263919256574431,7.357046604156493,7.263919256574431,7.357046604156494,233700
1996-01-05,7.217351207706613,7.357041872804949,7.217351207706613,7.263914585113525,669900
1996-01-08,7.263918969883089,7.263918969883089,7.1707916259765625,7.1707916259765625,69300
1996-01-09,7.170786024496242,7.217349926514938,7.100940704345702,7.100940704345703,458100
1996-01-10,7.170791663660338,7.170791663660338,7.077664852142334,7.077664852142334,247200
1996-01-11,7.124228000640869,7.124228000640869,7.031100659607831,7.124228000640869,369000
1996-01-12,7.100946251266149,7.194073595172674,7.100946251266149,7.1707916259765625,319200
1996-01-15,7.19407280782705,7.217354774475098,7.19407280782705,7.217354774475098,262200
1996-01-16,7.194071769714355,7.263917126701873,7.077663019027753,7.1940717697143555,370200
1996-01-17,7.217353335528367,7.3803254709388435,7.1707894115158695,7.310480117797852,520200
1996-01-18,7.380328041393554,7.403610011508555,7.287201226689431,7.357046604156494,583200
1996-01-19,7.333762420126815,7.496735095977782,7.333762420126815,7.496735095977783,1007400
1996-01-22,7.659709975348475,8.0555008248271,7.659709975348475,8.008936882019043,2121000
1996-01-23,8.03221867272146,8.102064052484254,7.9856552638389156,8.078782081604004,1548000
1996-01-24,8.102058410644531,8.19518569643872,8.078776455976586,8.102058410644531,1064100
1996-01-25,8.055495751606932,8.148622512817383,8.00893183812407,8.148622512817383,240900
1996-01-26,8.148621787102833,8.171903741770777,8.102058410644531,8.102058410644531,201300
1996-01-29,8.0787793964698,8.14862475301818,8.055497966205529,8.125343322753906,778500
1996-01-30,8.171905517578125,8.195187477305389,8.125342131001302,8.171905517578125,726000
1996-01-31,8.171901487764385,8.24174679962562,8.171901487764385,8.218464851379395,639000
1996-02-01,8.24175142956319,8.288314819335938,8.218469468237945,8.288314819335938,465300
1996-02-02,8.28831594620186,8.334879875183105,8.26503451458905,8.334879875183105,732000
1996-02-05,8.334877639877547,8.358159065246582,8.288313723384137,8.358159065246582,178800
1996-02-06,8.311597910692484,8.334879875183105,8.241752550098429,8.334879875183105,241500
1996-02-07,8.381440481598784,8.42800386220401,8.078777175470726,8.148622512817383,460800
1996-02-08,8.195193453765317,8.47457504272461,8.171911477059345,8.47457504272461,731700
1996-02-09,8.707388746287002,8.986769676208496,8.660825346779728,8.986769676208496,1912500
1996-02-12,8.98676906840813,9.382560868279633,8.98676906840813,9.079896926879883,2234700
1996-02-13,9.10317412161414,9.10317412161414,9.033328801324286,9.056609153747559,693000
1996-02-14,9.056615897422468,9.056615897422468,8.823798877893529,8.870362281799316,370800
1996-02-15,8.847078818442348,8.847078818442348,8.660824701414217,8.753952026367188,710400
1996-02-16,8.730670555163172,8.730670555163172,8.544416427612305,8.544416427612305,330600
1996-02-20,8.544418254625837,8.590981663250533,8.474572875249816,8.521136283874512,707100
1996-02-21,8.474570584386084,8.753952026367188,8.474570584386084,8.753952026367188,489300
1996-02-22,8.730667873588924,8.963486394054867,8.730667873588924,8.893640518188477,705900
1996-02-23,8.847076600944218,8.940203902555059,8.847076600944218,8.893640518188477,347700
1996-02-26,8.870362281799316,8.89364425019116,8.823798877893529,8.870362281799316,132900
1996-02-27,8.823800007260399,8.89364538849761,8.660827273414249,8.800518035888672,255300
1996-02-28,8.800518035888672,8.847081445754156,8.73067265465146,8.800518035888672,58500
1996-02-29,8.753954728505864,8.753954728505864,8.637545403162393,8.707390785217285,70500
1996-03-01,8.730667873588924,8.916921943932929,8.730667873588924,8.893640518188477,350700
1996-03-04,8.847079477686675,8.986769676208496,8.823798044371964,8.986769676208496,815700
1996-03-05,8.986766754043963,8.986766754043963,8.800513216577636,8.893640518188477,2340900
1996-03-06,8.847078323364258,8.893642249673956,8.800514929932342,8.847078323364258,337500
1996-03-07,8.800515422404768,8.823797386862465,8.753952026367188,8.753952026367188,465300
1996-03-08,8.707388589390122,8.707388589390122,8.474571063171,8.544416427612305,332100
1996-03-11,8.451289343833924,8.474571310285866,8.311598610877992,8.381443977355957,357000
1996-03-12,8.381442131759176,8.381442131759176,8.218469468237945,8.288314819335938,99900
1996-03-13,8.218468381521694,8.428004407109025,8.218468381521694,8.358159065246582,430500
1996-03-14,8.404720675738595,8.404720675738595,8.14862080392392,8.195184707641602,435000
1996-03-15,8.10205617590315,8.218464851379395,8.055492812288142,8.218464851379395,530400
1996-03-18,8.171902755782762,8.265030030340599,8.125339384942604,8.195184707641602,138300
1996-03-19,8.148622512817383,8.148622512817383,8.055495751606932,8.148622512817383,911700
1996-03-20,8.195188679302285,8.195188679302285,8.0787793964698,8.125343322753906,286800
1996-03-21,8.102058410644531,8.125340365312475,8.102058410644531,8.102058410644531,446100
1996-03-22,8.125341614290214,8.358159065246582,8.125341614290214,8.358159065246582,237900
1996-03-25,8.311598610877992,8.381443977355957,8.28831664442605,8.381443977355957,282600
1996-03-26,8.381445525122471,8.544418254625837,8.381445525122471,8.521136283874512,193200
1996-03-27,8.523931537052462,8.640698081274362,8.383812111596733,8.40716552734375,262800
1996-03-28,8.360463948334992,8.383816842747311,8.313757090483369,8.33711051940918,747300
1996-03-29,8.360463948334992,8.360463948334992,8.290404196071048,8.33711051940918,124200
1996-04-01,8.360463948334992,8.383816842747311,8.313757090483369,8.33711051940918,314400
1996-04-02,8.290404196071048,8.407170271673122,8.290404196071048,8.33711051940918,128100
1996-04-03,8.313752461221126,8.477225303649902,8.313752461221126,8.477225303649902,1040400
1996-04-04,8.47722824220735,8.640701141302584,8.453874818189922,8.617347717285156,478800
1996-04-08,8.570639293504934,8.570639293504934,8.477226154948742,8.523932456970215,334800
1996-04-09,8.547292570389716,8.640705782117111,8.477232795222589,8.593998908996582,211200
1996-04-10,8.593994407453492,8.61734783178121,8.547288093311444,8.57064151763916,379800
1996-04-11,8.570638368546497,8.570638368546497,8.40716552734375,8.40716552734375,352800
1996-04-12,8.383816990894315,8.407170420232795,8.337110666730856,8.360464096069336,62100
1996-04-15,8.31375912724529,8.337112561892386,8.22034645768415,8.290406227111816,56400
1996-04-16,8.290406084697587,8.290406084697587,8.196992882227493,8.26705265045166,1774200
1996-04-17,8.267048949175555,8.267048949175555,8.196989212318135,8.220342636108398,108300
1996-04-18,8.220344246869368,8.220344246869368,8.126931067917548,8.173637390136719,820200
1996-04-19,8.173640390879882,8.220347264759766,8.126934051513672,8.126934051513672,136500
1996-04-22,8.196984206180394,8.267043900250313,8.196984206180394,8.243690490722656,396600
1996-04-23,8.33711051940918,8.383816842747311,8.313757090483369,8.33711051940918,636900
1996-04-24,8.360457003847884,8.360457003847884,8.17363079665274,8.243690490722656,901800
1996-04-25,8.290404342567395,8.430523849571276,8.173637730388496,8.360464096069336,396900
1996-04-26,8.383816641893207,8.383816641893207,8.173637390136719,8.173637390136719,307500
1996-04-29,8.220342636108398,8.24369552538529,8.150282899250978,8.220342636108398,381600
1996-04-30,8.17363578852787,8.220342636108398,8.17363578852787,8.220342636108398,207900
1996-05-01,8.196986389160156,8.40716552734375,8.173632973413138,8.40716552734375,71400
1996-05-02,8.33710359432023,8.383809878862493,8.15027792163813,8.243690490722656,987300
1996-05-03,8.196990818503044,8.220344246869368,8.150284496283872,8.173637390136719,200700
1996-05-06,8.15028408227466,8.15028408227466,7.98681116104126,7.98681116104126,48600
1996-05-07,7.893398049214449,7.9401049039436495,7.799985408782958,7.799985408782959,178500
1996-05-08,7.75328327997738,7.870049953460693,7.566457350723372,7.870049953460693,951300
1996-05-09,7.870044509279149,8.080223734739008,7.870044509279149,8.033516883850098,240900
1996-05-10,8.1035796797574,8.290406084697587,8.1035796797574,8.26705265045166,124800
1996-05-13,8.220343439194334,8.313756074454588,8.173636587050783,8.196990013122559,307200
1996-05-14,8.196993827819824,8.220347264759766,7.986814498901367,8.126934051513672,390000
1996-05-15,8.126931042122768,8.220344220778097,8.103577613830566,8.103577613830566,396300
1996-05-16,8.150284691543163,8.360463948334992,8.150284691543163,8.33711051940918,800400
1996-05-17,8.290402187660176,8.407168234974817,8.290402187660176,8.383814811706543,206400
1996-05-20,8.407173017789999,8.500586229492221,8.407173017789999,8.453879356384277,669900
1996-05-21,8.453879358662324,8.640705782117111,8.453879358662324,8.593998908996582,273300
1996-05-22,8.593996241099667,8.780822606556583,8.593996241099667,8.757469177246094,333900
1996-05-23,8.734113028294928,8.990999601693602,8.710760140769594,8.967645645141602,820200
1996-05-24,8.967643284159234,9.131116660877643,8.967643284159234,9.0844087600708,421500
1996-05-28,9.084415596403192,9.084415596403192,8.967650032621558,9.061063766479492,601500
1996-05-29,9.107762977076266,9.201176643371582,9.107762977076266,9.201176643371582,435900
1996-05-30,9.177822692284545,9.201176643371582,9.154468741197508,9.201176643371582,472200
1996-05-31,9.154474258422852,9.154474258422852,9.107768466152928,9.154474258422852,1194600
1996-06-03,9.154472438626094,9.154472438626094,8.944293742624732,8.99100112915039,685800
1996-06-04,8.991004491688825,8.991004491688825,8.45387869974943,8.640705108642578,804900
1996-06-05,8.640698081274362,8.640698081274362,8.313752398868868,8.40716552734375,375600
1996-06-06,8.453878666100625,8.570645304822484,8.26705279246472,8.290406227111816,891600
1996-06-07,8.24369552538529,8.337108686032975,8.150282899250978,8.220342636108398,414600
1996-06-10,8.360462840738593,8.40716915788906,8.290403097756185,8.313755989074707,674700
1996-06-11,8.267050767145237,8.383816842747311,8.267050767145237,8.33711051940918,833700
1996-06-12,8.300528599104785,8.417767524719238,8.300528599104785,8.417767524719238,666600
1996-06-13,8.394324323956067,8.41777179897797,8.37087631225586,8.37087631225586,223500
1996-06-14,8.370872061809063,8.441215524513341,8.370872061809063,8.417767524719238,315600
1996-06-17,8.39432196575093,8.605352401733398,8.39432196575093,8.605352401733398,322800
1996-06-18,8.605352906271015,8.699143858865705,8.605352906271015,8.65224838256836,232800
1996-06-19,8.628800842145226,8.746040344238281,8.628800842145226,8.746040344238281,341100
1996-06-20,8.746039435740444,8.910173862936063,8.72259143042186,8.86327838897705,844500
1996-06-21,8.863274350263843,9.14464813916111,8.863274350263843,9.121199607849121,405300
1996-06-24,9.121203794760277,9.285339295864105,9.003965377807617,9.003965377807617,278100
1996-06-25,9.003967765748031,9.003967765748031,8.910176255962057,8.933624267578125,128400
1996-06-26,8.91017576037678,8.980519254634173,8.792936782173886,8.886728286743164,573300
1996-06-27,8.886728781024287,8.933624267578125,8.746041784684474,8.933624267578125,504600
1996-06-28,8.933624253706745,8.933624253706745,8.792937257585379,8.816385269165039,246900
1996-07-01,8.816385269165039,8.816385269165039,8.792937257585379,8.816385269165039,409800
1996-07-02,8.816385311715734,8.816385311715734,8.769489288330078,8.769489288330078,105900
1996-07-03,8.792936325073242,8.792936325073242,8.746040843565599,8.792936325073242,135000
1996-07-05,8.792936325073242,8.792936325073242,8.769488315980299,8.792936325073242,39900
1996-07-08,8.722593826606705,8.722593826606705,8.347428321838379,8.347428321838379,279600
1996-07-09,8.370869104225852,8.370869104225852,8.159838790673941,8.277077674865723,384600
1996-07-10,8.3239822641046,8.347429743178756,8.277086232599501,8.30053424835205,258600
1996-07-11,8.253638753525346,8.30053424835205,8.183295242946091,8.30053424835205,185100
1996-07-12,8.253638753525346,8.30053424835205,8.253638753525346,8.30053424835205,388200
1996-07-15,8.253637847198572,8.253637847198572,7.948815822601318,7.948815822601318,72900
1996-07-16,7.972261888179963,7.972261888179963,7.667439938049775,7.8315749168396,604500
1996-07-17,8.066050450082443,8.089498450570982,7.878468056208262,7.972259521484375,215400
1996-07-18,7.972265297650096,7.972265297650096,7.690891234635133,7.9253692626953125,918600
1996-07-19,7.97226567454389,8.230191732275076,7.925369637372068,8.1598482131958,111600
1996-07-22,8.136396356832838,8.136396356832838,8.04260540008545,8.04260540008545,72000
1996-07-23,7.9957122469484405,8.159847285022732,7.855025224792875,8.136399269104004,854700
1996-07-24,8.089499009807357,8.183290481567383,8.01915554015686,8.183290481567383,429300
1996-07-25,8.183290481567383,8.253633951217882,8.159842479457856,8.183290481567383,1245600
1996-07-26,8.206737497495066,8.277080963292676,8.159842032522677,8.253633499145508,410400
1996-07-29,8.253635422365615,8.253635422365615,8.183291940176925,8.23018741607666,96000
1996-07-30,8.253633499145508,8.253633499145508,8.159842032522677,8.253633499145508,192900
1996-07-31,8.253633499145508,8.253633499145508,8.206737497495066,8.253633499145508,783000
1996-08-01,8.253638753525346,8.30053424835205,8.230190737772796,8.30053424835205,1023300
1996-08-02,8.300534223088349,8.347429717772322,8.277086207407166,8.323982238769531,801600
1996-08-05,8.323976964943117,8.323976964943117,8.230185498320287,8.253633499145508,746100
1996-08-06,8.253637348155026,8.347428321838379,8.183293849553358,8.347428321838379,983400
1996-08-07,8.347426444940162,8.65224838256836,8.300530968642816,8.65224838256836,915000
1996-08-08,8.628803720486578,8.652251736062473,8.55846021043729,8.581908226013184,319800
1996-08-09,8.581908219985925,8.816386765545005,8.581908219985925,8.69914722442627,965700
1996-08-12,8.699145789929895,8.769489288330078,8.699145789929895,8.769489288330078,437700
1996-08-13,8.769491181343875,8.769491181343875,8.605356674098319,8.675700187683105,387000
1996-08-14,8.699144328729775,8.746040344238281,8.628800842145226,8.746040344238281,729000
1996-08-15,8.769489288330078,8.83983278673026,8.746041813315552,8.769489288330078,678900
1996-08-16,8.816385269165039,8.816385269165039,8.792937257585379,8.816385269165039,66300
1996-08-19,8.816383830822831,8.816383830822831,8.722592336484029,8.746040344238281,249600
1996-08-20,8.816382915018039,8.86327838897705,8.816382915018039,8.86327838897705,1150200
1996-08-21,8.863280755646063,8.863280755646063,8.792937257585379,8.816385269165039,859800
1996-08-22,8.816385269165039,8.816385269165039,8.792937257585379,8.816385269165039,349800
1996-08-23,8.792936325073242,8.816384334166186,8.769488315980299,8.792936325073242,584100
1996-08-26,8.769489246005719,8.816385269165039,8.769489246005719,8.816385269165039,640500
1996-08-27,8.816383830822831,8.816383830822831,8.746040344238281,8.746040344238281,266700
1996-08-28,8.746043701267892,8.792939198098278,8.675700187683105,8.675700187683105,155700
1996-08-29,8.652250766040806,8.83983325958252,8.652250766040806,8.83983325958252,193200
1996-08-30,8.839831301898872,8.839831301898872,8.722592336484029,8.746040344238281,69600
1996-09-03,8.722595239985694,8.722595239985694,8.675699745545234,8.69914722442627,93900
1996-09-04,8.675698273043674,8.816385269165039,8.652250261464014,8.816385269165039,231600
1996-09-05,8.769489246005719,8.816385269165039,8.769489246005719,8.816385269165039,320100
1996-09-06,8.792937770366674,8.863281272529607,8.792937770366674,8.83983325958252,226500
1996-09-09,8.83983325958252,8.863281272529607,8.83983325958252,8.83983325958252,395700
1996-09-10,8.816385783313763,8.863281272529607,8.792937770366674,8.83983325958252,264900
1996-09-11,8.839831806580886,8.839831806580886,8.746040843565599,8.792936325073242,845400
1996-09-12,8.792937257585379,8.816385269165039,8.792937257585379,8.816385269165039,159900
1996-09-13,8.792937257585379,8.816385269165039,8.792937257585379,8.816385269165039,884700
1996-09-16,8.816385269165039,8.8398327440664,8.769489246005719,8.816385269165039,465000
1996-09-17,8.816382915018039,8.86327838897705,8.792934909699456,8.86327838897705,257700
1996-09-18,8.816382915018039,8.86327838897705,8.792934909699456,8.86327838897705,762300
1996-09-19,8.86327838897705,8.86327838897705,8.816382915018039,8.86327838897705,972300
1996-09-20,8.863280276431277,8.886728286743164,8.816384792485772,8.886728286743164,337200
1996-09-23,8.863280790495235,8.9336242888325,8.83983277882338,8.910176277160645,327300
1996-09-24,8.957072300504354,9.003967787169763,8.863280790495235,8.910176277160645,754800
1996-09-25,8.910176746371526,8.980520248413086,8.886729270143226,8.980520248413086,1917600
1996-09-26,8.967343289540606,9.39099730321969,8.967343289540606,9.367460250854492,1431600
1996-09-27,9.367454383105223,9.79110813140869,9.367454383105223,9.791108131408691,769200
1996-09-30,9.69696792211992,9.979403860096081,9.69696792211992,9.955866813659668,1383600
1996-10-01,9.955866338889054,9.979403384203044,9.838185421949298,9.908794403076172,883500
1996-10-02,10.167691712810443,10.214763641357422,10.073545700901722,10.214763641357422,409200
1996-10-03,10.21476191607415,10.56780670758379,10.21476191607415,10.520734786987305,1573800
1996-10-04,10.544270059634194,10.709022831550294,10.544270059634194,10.591341972351074,356100
1996-10-07,10.638420312125662,10.779638290405275,10.591348370970906,10.779638290405273,448500
1996-10-08,10.779631778032636,10.779631778032636,10.520733025868733,10.591341972351074,425100
1996-10-09,10.591344236367563,10.638416159146585,10.497198235995018,10.5678071975708,1458000
1996-10-10,10.591341170254132,10.685487143372129,10.544269261102073,10.66195011138916,626100
1996-10-11,10.685490236740108,10.685490236740108,10.544272313588541,10.5678071975708,25500
1996-10-14,10.54427313981486,10.567808025641265,10.497199058532715,10.497199058532715,1011000
1996-10-15,10.497199530206107,10.520736571904775,10.355981589643626,10.450127601623535,558900
1996-10-16,10.520740215092488,10.520740215092488,10.261841286013057,10.308913230895996,182400
1996-10-17,10.33244248231359,10.33244248231359,10.238296508789062,10.238296508789062,118500
1996-10-18,10.26183795928955,10.26183795928955,10.073545931168029,10.26183795928955,239700
1996-10-21,10.285372601017272,10.285372601017272,10.073545690551368,10.120619773864746,227400
1996-10-22,10.167689509288175,10.167689509288175,9.932325607931368,9.979399681091309,147000
1996-10-23,9.979404119241222,9.979404119241222,9.744040113210756,9.86172103881836,479100
1996-10-24,9.69696386138886,10.120617590942533,9.69696386138886,9.979399681091309,504000
1996-10-25,9.955866338889054,9.979403384203044,9.838185421949298,9.908794403076172,373800
1996-10-28,9.885251010992974,10.073540788169222,9.8617139807908,10.050005912780762,518700
1996-10-29,10.073544146338604,10.144153105669982,10.002935187007225,10.097081184387207,308100
1996-10-30,10.144152884159233,10.261835917018058,10.050009043649435,10.191226959228516,315900
1996-10-31,10.144158191582441,10.403059275477386,10.144158191582441,10.308913230895996,491100
1996-11-01,10.450124079386393,10.614879006116535,10.450124079386393,10.591341972351074,454800
1996-11-04,10.544270144416862,10.826705932617188,10.544270144416862,10.826705932617188,564000
1996-11-05,10.826707645318281,11.014997482299805,10.826707645318281,11.014997482299805,255900
1996-11-06,11.015001552844971,11.015001552844971,10.873783584218753,10.920855522155762,539400
1996-11-07,10.920855746369222,10.96792984008789,10.850246760606456,10.96792984008789,294600
1996-11-08,10.96792211001666,10.991456985473633,10.944385079745967,10.991456985473633,372600
1996-11-11,10.944392568531862,10.967929614907964,10.897320630594855,10.920855522155762,289500
1996-11-12,10.897316603538153,11.014997482299805,10.897316603538153,11.014997482299805,185700
1996-11-13,11.014994015744326,11.014994015744326,10.96792211001666,10.991456985473633,94200
1996-11-14,10.967925561758022,11.062069402841585,10.873779565860064,11.014997482299805,258300
1996-11-15,11.03853702545166,11.109145999698013,11.014999982431245,11.03853702545166,330300
1996-11-18,11.014997747879995,11.226824627646918,11.014997747879995,11.15621566772461,97200
1996-11-19,11.109149175745625,11.250367164611816,11.109149175745625,11.250367164611816,303900
1996-11-20,11.297433587569225,11.297433587569225,11.132678629479024,11.15621566772461,202500
1996-11-21,11.15621188774105,11.15621188774105,10.991456985473633,10.991456985473633,1067700
1996-11-22,11.014996387112525,11.0385334224504,10.92085040057521,10.944387435913086,110100
1996-11-25,10.96792984008789,10.991464732131986,10.920855746369222,10.96792984008789,189300
1996-11-26,10.944393316669936,10.944393316669936,10.709029301265469,10.779638290405273,422700
1996-11-27,10.803170693828768,10.850242614746092,10.732561735045573,10.850242614746094,132900
1996-11-29,10.826710814810701,10.897319793701172,10.8031737702422,10.897319793701172,31500
1996-12-02,10.850244990918123,11.03853702545166,10.803173059692183,11.03853702545166,147000
1996-12-03,11.015003131562995,11.297439109295379,11.015003131562995,11.250367164611816,525600
1996-12-04,11.250355453083255,11.297427348765357,11.179746532153471,11.20328140258789,851100
1996-12-05,11.156215398739546,11.156215398739546,11.014997482299805,11.014997482299805,404700
1996-12-06,10.967923210955046,11.06206703186035,10.920849145688457,11.062067031860352,260700
1996-12-09,11.109143746047888,11.15621566772461,10.826707906358658,11.15621566772461,226500
1996-12-10,11.156214219030982,11.156214219030982,11.038533352713436,11.109142303466797,147300
1996-12-11,11.03853702545166,11.03853702545166,10.967928051205305,11.03853702545166,266100
1996-12-12,11.085600585976007,11.297427348765357,11.038528690293903,11.20328140258789,154500
1996-12-13,11.226830114862283,11.297439109295379,11.038540181312529,11.250367164611816,436500
1996-12-16,11.203286134595166,11.203286134595166,11.062068233088443,11.109142303466797,327300
1996-12-17,10.967929614907964,11.08561053715808,10.873783584218753,10.920855522155762,527400
1996-12-18,10.967925290444068,10.967925290444068,10.873779296875,10.873779296875,43800
1996-12-19,10.779633655962899,10.967925649261028,10.732561735045573,10.850242614746094,1151700
1996-12-20,10.85024584083792,10.85024584083792,10.732564926147461,10.732564926147461,211200
1996-12-23,10.685492398713514,10.779636263319489,10.5913463792926,10.614883422851562,241500
1996-12-24,10.49720118843565,10.638419151306152,10.49720118843565,10.638419151306152,114000
1996-12-26,10.661952344046162,10.661952344046162,10.497197395292769,10.544271469116211,594600
1996-12-27,10.578273486314243,10.719946782283795,10.578273486314243,10.672720909118652,262200
1996-12-30,10.62549739689022,10.932456931165818,10.578273684602811,10.908843994140625,330600
1996-12-31,10.90883792892501,11.38108127452498,10.90883792892501,11.357470512390137,855900
1997-01-02,11.357479984162975,11.357479984162975,11.192193702566746,11.310254096984863,352200
1997-01-03,11.26303103694957,11.333867710137932,11.14497063555687,11.286643981933594,478800
1997-01-06,11.333867710137932,11.333867710137932,11.121357690572847,11.286643981933594,214200
1997-01-07,11.286642039430827,11.286642039430827,11.121355776516895,11.263029098510742,133200
1997-01-08,11.310254096984863,11.333867040573919,11.215806646155801,11.310254096984863,1333800
1997-01-09,11.333864000108507,11.5699868873651,11.23941441285327,11.475537300109863,293700
1997-01-10,11.38108127452498,11.38108127452498,11.23940805466881,11.357470512390137,105300
1997-01-13,11.310251452773713,11.310251452773713,11.144967371582645,11.168578147888184,93300
1997-01-14,11.168576899153951,11.168576899153951,11.050516545537105,11.144966125488281,178800
1997-01-15,11.09774247875667,11.286641676516767,11.09774247875667,11.192192077636719,131100
1997-01-16,11.192190714389929,11.23941442719631,11.050517414207777,11.09774112701416,156600
1997-01-17,11.074129480965608,11.144966125488281,10.95606696558593,11.144966125488281,147900
1997-01-20,11.192184368637347,11.357470512390137,11.097734834812643,11.357470512390137,111300
1997-01-21,11.333863674066006,11.333863674066006,11.050517082214355,11.050517082214355,136200
1997-01-22,11.050519831040326,11.050519831040326,10.71994944557139,10.83800983428955,2332200
1997-01-23,10.885226900890647,10.93245275690914,10.861616134643556,10.861616134643555,752400
1997-01-24,10.861620118355244,10.88523089326205,10.601884300276808,10.696333885192871,2492400
1997-01-27,10.649112161688159,10.932458807571095,10.649112161688159,10.885232925415039,279300
1997-01-28,11.003295469041829,11.144968791983297,10.814396263944303,10.885232925415039,726000
1997-01-29,10.861618225724591,10.861618225724591,10.696332021363244,10.719944953918457,72600
1997-01-30,10.885233523578671,10.908846465954275,10.767173135227596,10.814396858215332,185400
1997-01-31,10.790784109368822,11.192191085956797,10.790784109368822,11.168578147888184,224100
1997-02-03,11.522764103995625,11.522764103995625,11.192193702566746,11.310254096984863,780900
1997-02-04,11.286639548706262,11.428312839435785,11.286639548706262,11.333863258361816,558000
1997-02-05,11.381087214619502,11.381087214619502,11.0505169163422,11.215803146362305,468900
1997-02-06,11.263021417859594,11.310245105732934,11.192184805168653,11.239408493041992,200400
1997-02-07,11.239416157590655,11.333865759507663,11.215805378433904,11.263029098510742,487200
1997-02-10,11.26303103694957,11.310254765153909,11.215807308745232,11.286643981933594,457800
1997-02-11,11.26303103694957,11.286643981933594,11.26303103694957,11.286643981933594,100800
1997-02-12,11.310245105732934,11.310245105732934,11.239408493041992,11.239408493041992,165900
1997-02-13,11.263030371570332,11.310254096984863,11.239417427981277,11.310254096984863,416700
1997-02-14,11.310254765153909,11.310254765153909,11.26303103694957,11.286643981933594,394500
1997-02-18,11.33386338867834,11.6172099733953,11.33386338867834,11.522760391235352,473400
1997-02-19,11.522763084016285,11.829722676448043,11.522763084016285,11.711662292480469,2066100
1997-02-20,11.688046991472413,12.08945394533937,11.688046991472413,11.971393585205078,977100
1997-02-21,11.853339904205702,12.278360034295579,11.806114004130714,12.207523345947266,543300
1997-02-24,12.254744875019993,12.325581550598145,12.23113192923935,12.325581550598145,610500
1997-02-25,12.301961600652112,12.420024100572247,12.254737897741588,12.278350830078125,684600
1997-02-26,12.231130632772071,12.27835651932754,12.160293964702419,12.254743576049805,300300
1997-02-27,12.231125831604004,12.27835169962158,12.20751505935792,12.231125831604004,327900
1997-02-28,12.254737897741588,12.278350830078125,12.183901262494526,12.278350830078125,212100
1997-03-03,12.278350830078125,12.278350830078125,12.23112496540505,12.278350830078125,311400
1997-03-04,12.278360034295579,12.278360034295579,12.207523345947266,12.207523345947266,177000
1997-03-05,12.183906907980154,12.254743576049805,12.136683183188236,12.254743576049805,346200
1997-03-06,12.254738765612792,12.254738765612792,12.20751505935792,12.231125831604004,143100
1997-03-07,12.231125831604004,12.254738765612792,12.160289191340347,12.231125831604004,504000
1997-03-10,12.254743576049805,12.27835651932754,12.231130632772071,12.254743576049805,128100
1997-03-11,12.254743058099887,12.538089718402775,12.254743058099887,12.514476776123047,319800
1997-03-12,12.538094512875587,12.538094512875587,12.349197387695312,12.349197387695312,240900
1997-03-13,12.349188339885236,12.349188339885236,12.183902125349134,12.231125831604004,297900
1997-03-14,12.254747084258083,12.254747084258083,12.207523345947266,12.207523345947266,339900
1997-03-17,12.278360034295579,12.278360034295579,12.207523345947266,12.207523345947266,535200
1997-03-18,12.23113413422059,12.254747084258083,12.160297445872278,12.207523345947266,326100
1997-03-19,12.207510129750279,12.254733816935392,12.065836906433105,12.065836906433105,201900
1997-03-20,12.042230233638245,12.042230233638245,11.924169873503951,11.971393585205078,216600
1997-03-21,11.947782875715355,12.183905801763677,11.829722493572872,12.018619537353516,353400
1997-03-24,11.971397080591965,12.089457475197317,11.92417335510254,11.924173355102539,354900
1997-03-25,11.971400330864833,12.278360034295579,11.971400330864833,12.207523345947266,167100
1997-03-26,12.170581062967196,12.170581062967196,12.052188758424188,12.075867652893066,188700
1997-03-27,12.07586666462415,12.170580066947094,12.028511047363281,12.028511047363281,342600
1997-03-31,11.981157100673373,12.123226165771484,11.88644583580923,12.123226165771484,224400
1997-04-01,12.052182140849848,12.123216617451712,12.004826545715334,12.004826545715332,274500
1997-04-02,12.052186889819906,12.170579176007047,11.957475662231444,11.957475662231445,452100
1997-04-03,12.028505622411164,12.028505622411164,11.83907890319824,11.839078903198242,296100
1997-04-04,11.83908459204684,11.93379799716444,11.768050080158956,11.791728973388672,692700
1997-04-07,11.744371664823365,11.768048386844955,11.55494488184494,11.57862377166748,1615800
1997-04-08,11.5312712138184,11.5312712138184,11.436557797244848,11.48391342163086,155100
1997-04-09,11.507591247558594,11.507591247558594,11.270808812045424,11.507591247558594,759300
1997-04-10,11.50759313078364,11.531272028550422,11.412879707518194,11.460237503051758,82800
1997-04-11,11.41288483532954,11.41288483532954,11.29449462890625,11.29449462890625,161100
1997-04-14,11.247131585421352,11.247131585421352,10.915635756895282,11.034028053283691,183600
1997-04-15,11.081383065585198,11.625980228686664,11.081383065585198,11.602303504943848,781800
1997-04-16,11.602302661490024,11.602302661490024,11.412875878511596,11.57862377166748,78000
1997-04-17,11.578625761432413,11.649660275306232,11.436556733684776,11.507591247558594,139800
1997-04-18,11.483914233016858,11.531272028550422,11.436558605284976,11.460237503051758,84600
1997-04-21,11.436558605284976,11.554948758515522,11.436558605284976,11.460237503051758,456600
1997-04-22,11.507592498371068,11.507592498371068,11.3181678300519,11.34184455871582,187200
1997-04-23,11.389202351646784,11.460236873241666,11.341844558715819,11.34184455871582,738900
1997-04-24,11.294483187999841,11.341838789039102,11.081379731622487,11.176093101501465,612600
1997-04-25,11.152415382866742,11.176094269761805,11.034025283992802,11.12873649597168,280500
1997-04-28,11.081379731622487,11.176093101501465,11.057700847202627,11.176093101501465,342000
1997-04-29,11.270808975504405,11.412878005312448,11.270808975504405,11.365522384643555,514500
1997-04-30,11.365522384643555,11.38920127887868,11.31816676397466,11.365522384643555,276000
1997-05-01,11.3655234551813,11.3655234551813,11.294488933586418,11.34184455871582,731400
1997-05-02,11.36552022723124,11.531268119812012,11.36552022723124,11.531268119812012,434100
1997-05-05,11.578627610674863,11.625983238220215,11.507593085456,11.625983238220215,441900
1997-05-06,11.602302661490024,11.602302661490024,11.507589270000809,11.57862377166748,272400
1997-05-07,11.554952732090129,11.554952732090129,11.389206894130195,11.436562538146973,145200
1997-05-08,11.389199116971621,11.602302621232207,11.34184133749086,11.531268119812012,203400
1997-05-09,11.554946623788265,11.768050160914287,11.412877599037584,11.720694541931152,568800
1997-05-12,11.744373354730506,11.886442378506272,11.673338842842622,11.791728973388672,522000
1997-05-13,11.791728170906625,11.791728170906625,11.554945758127404,11.649659156799316,1713000
1997-05-14,11.697015648538946,11.720694541931152,11.649660029555813,11.720694541931152,172200
1997-05-15,11.697016571208565,11.697016571208565,11.649660948489982,11.67333984375,296700
1997-05-16,11.697013885178283,11.697013885178283,11.55494488184494,11.57862377166748,286800
1997-05-19,11.578626430511386,11.72069546646858,11.531270807792804,11.67333984375,251700
1997-05-20,11.62598105638319,11.815407866618388,11.554946544495305,11.791728973388672,317100
1997-05-21,11.744378089904785,11.791733727656105,11.673343549376737,11.744378089904785,456300
1997-05-22,11.768054113258922,11.768054113258922,11.673342843483523,11.697019577026367,145500
1997-05-23,11.720695294813547,11.815408706665039,11.67333967278851,11.815408706665039,264600
1997-05-27,11.768054824879375,11.791733727656105,11.697020284351325,11.744378089904785,286200
1997-05-28,11.744380130418557,11.768056869506836,11.720701223527763,11.768056869506836,230700
1997-05-29,11.744374189726773,11.839085433776846,11.649660777875283,11.815408706665039,129300
1997-05-30,11.768050696003174,12.146902168498318,11.697016180397922,12.075867652893066,2440500
1997-06-02,12.12321842490714,12.288966284289637,12.12321842490714,12.265287399291992,737400
1997-06-03,12.217931692310842,12.336321780682681,12.217931692310842,12.288966178894043,658800
1997-06-04,12.265286190757118,12.383678436279299,12.265286190757118,12.383678436279297,311400
1997-06-05,12.383682400785927,12.45471690372007,12.265290117361694,12.40735912322998,443700
1997-06-06,12.431034241515425,12.431034241515425,12.288965278755247,12.336320877075195,256500
1997-06-09,12.336331230369819,12.360010133302534,12.241619954243266,12.312654495239258,1935000
1997-06-10,12.31265000888175,12.336326735385228,12.146902084350586,12.146902084350586,554700
1997-06-11,12.19425087135878,12.383677584037851,12.19425087135878,12.35999870300293,2237400
1997-06-12,12.454720137451517,12.762534951552881,12.454720137451517,12.738858222961426,812700
1997-06-13,12.786211656487508,13.094028585632971,12.786211656487508,13.07034969329834,237000
1997-06-16,13.25977532794107,13.33080984249754,13.094029572510198,13.117706298828125,289500
1997-06-17,13.070347544970161,13.283451037551195,13.022991935885761,13.236095428466797,209100
1997-06-18,13.259780119030767,13.259780119030767,12.975641958138665,13.02299976348877,161100
1997-06-19,13.02300027102749,13.330815178788828,13.02300027102749,13.307138442993164,210000
1997-06-20,13.30712992599381,13.30712992599381,13.141382042497172,13.236095428466797,165600
1997-06-23,13.188745058626713,13.236102862108964,12.738861100159637,12.786216735839844,135300
1997-06-24,12.880920359183422,13.188735008239746,12.880920359183422,13.188735008239746,522300
1997-06-25,13.307132547638199,13.733339616767523,13.307132547638199,13.614947319030762,455100
1997-06-26,13.621116956145148,14.155511285389588,13.621116956145148,14.108010292053223,632100
1997-06-27,14.060517107800086,14.262398072444553,14.013013913624787,14.17927074432373,422400
1997-06-30,14.226772312905762,14.226772312905762,14.013014454242116,14.036766052246094,482400
1997-07-01,13.989262916435777,14.060515525221602,13.918010307649954,13.965511322021484,243300
1997-07-02,14.108010758994093,14.5830272314479,14.084259174311745,14.404895782470703,761400
1997-07-03,14.464280421426533,14.749290873080259,14.464280421426533,14.701789855957031,949200
1997-07-07,14.713658420115067,14.773036297557372,14.535526962244425,14.618654251098633,335700
1997-07-08,14.630535677717225,14.6780366897583,14.559283072427135,14.6780366897583,220200
1997-07-09,14.678034324272005,14.725535328657903,14.511777547236466,14.535529136657715,224700
1997-07-10,14.464277888349795,14.55928208041569,14.464277888349795,14.488029479980469,136800
1997-07-11,14.51177905315672,14.630534838129918,14.51177905315672,14.58303165435791,271200
1997-07-14,14.606781918466377,14.915543887090232,14.606781918466377,14.891792297363281,394500
1997-07-15,14.915547158386103,14.939296578865179,14.820542953098489,14.844294548034668,87300
1997-07-16,14.891795563449923,14.915547158386103,14.820542953098489,14.844294548034668,76800
1997-07-17,14.796791251985264,14.856169151671084,14.796791251985264,14.80866813659668,228000
1997-07-18,14.761159567248203,14.773036447531,14.499900817871094,14.499900817871094,216000
1997-07-21,14.464275454460989,14.499901748683799,14.321770277569746,14.369271278381348,271500
1997-07-22,14.369274358561036,14.440526962280275,14.298021754841795,14.440526962280273,169200
1997-07-23,14.630538425513743,14.83241939544678,14.630538425513743,14.832419395446777,420000
1997-07-24,14.83242369047653,15.224313206653282,14.83242369047653,15.176812171936035,959100
1997-07-25,15.105552875501498,15.366811712994622,15.105552875501498,15.307435989379883,348300
1997-07-28,15.319300762984716,15.319300762984716,15.188670341737625,15.200547218322754,115800
1997-07-29,15.200553017630835,15.473686492004669,15.200553017630835,15.390559196472168,530400
1997-07-30,15.343060320281463,15.48556551776254,15.248056130475163,15.461813926696777,66900
1997-07-31,15.485568189208724,15.628073411273661,15.485568189208724,15.580570220947266,224100
1997-08-01,15.580573314473602,16.008089065551758,15.556823889052074,16.008089065551758,158700
1997-08-04,16.008085237607048,16.423726176584005,16.008085237607048,16.138715744018555,243600
1997-08-05,16.008090571572453,16.019967459858133,15.794332675923304,15.806209564208984,293400
1997-08-06,15.770582367252661,16.079342305192,15.675578138563367,16.031841278076172,117000
1997-08-07,16.198093012562982,16.578105458238657,16.198093012562982,16.245594024658203,581700
1997-08-08,16.150593215668167,16.174344813929196,16.043714285179647,16.103092193603516,344700
1997-08-11,16.055589804675947,16.138717129826546,15.877458269026647,15.960585594177246,477900
1997-08-12,15.770573474265865,15.770573474265865,15.592442004957352,15.604316711425781,144300
1997-08-13,15.651820468668204,15.699323651821961,15.390561659149718,15.43806266784668,310500
1997-08-14,15.426187847813937,15.48556573909866,15.390561547934459,15.402436256408691,222600
1997-08-15,15.354943514266884,15.41432143751724,15.236189842224121,15.236189842224121,264300
1997-08-18,15.188676136514443,15.461811785344725,15.04617095876933,15.390559196472168,267300
1997-08-19,15.414320366362087,15.913088798522947,15.390568763820875,15.91308879852295,364500
1997-08-20,15.913081946251458,15.960582956421854,15.723073556656146,15.901205062866211,194700
1997-08-21,15.901202594287815,15.948705771540455,15.734947997273151,15.8537015914917,78300
1997-08-22,15.67557647164944,16.150593215668167,15.67557647164944,16.103092193603516,224700
1997-08-25,16.055584844588406,16.530601401419542,15.960580663439558,16.079334259033203,198900
1997-08-26,16.079334259033203,16.198090029083403,16.055584844588406,16.079334259033203,217800
1997-08-27,16.07934169073145,16.150594315911142,15.960588040251148,16.008089065551758,327600
1997-08-28,16.055585498473388,16.055585498473388,15.675570932857951,15.687445640563965,295800
1997-08-29,15.63995725011988,15.86558992526418,15.63995725011988,15.794337272644043,106800
1997-09-02,15.841835312293169,15.984340570951106,15.841835312293169,15.948714256286621,370800
1997-09-03,15.936825385097379,16.411844006416295,15.889324392747906,16.340591430664062,148500
1997-09-04,16.35247295748803,16.72061069431184,16.340598248060473,16.56623077392578,268500
1997-09-05,16.51873039160185,16.530605101482177,16.198093654719653,16.459352493286133,102300
1997-09-08,16.506853093563905,16.815615112827473,16.506853093563905,16.637483596801758,684600
1997-09-09,16.637485711559304,16.77999094249343,16.637485711559304,16.708738327026367,237300
1997-09-10,16.863121083450114,16.898747397129558,16.43560531929681,16.483108520507812,242700
1997-09-11,16.483105345622793,16.483105345622793,16.2099696018711,16.3762264251709,200100
1997-09-12,16.399973540431382,16.459351434929026,16.281219925892998,16.293094635009766,124500
1997-09-15,16.293102134257317,16.554363250732422,16.293102134257317,16.554363250732422,130200
1997-09-16,16.60185538540212,16.60185538540212,16.494976488071206,16.506851196289062,492600
1997-09-17,16.506851861639117,16.815613857859432,16.506851861639117,16.720609664916992,216300
1997-09-18,16.7206132168187,17.053126875523546,16.7206132168187,16.910621643066406,78300
1997-09-19,17.480643576236453,17.741902459250998,17.42126566781875,17.587522506713867,519900
1997-09-22,17.599394514810243,18.47817742188025,17.48064089067643,18.323795318603516,543300
1997-09-23,18.323785963327325,18.668174124280934,18.323785963327325,18.335662841796875,256500
1997-09-24,18.24066905251996,18.24066905251996,17.813153371601523,17.848779678344727,276300
1997-09-25,17.884407247815812,18.050664082508384,17.884407247815812,17.955659866333008,631500
1997-09-26,17.997549702182923,17.997549702182923,17.866614420961184,17.914228439331055,159300
1997-09-29,17.938038119503137,18.140392303466797,17.938038119503137,18.140392303466797,395700
1997-09-30,18.140394038967134,18.188005895236216,17.90233039855957,17.90233039855957,157800
1997-10-01,17.902323844973452,17.914228439331055,17.640455462060245,17.914228439331055,262800
1997-10-02,17.961849411656715,18.1880084855581,17.783302200805256,18.164203643798828,148200
1997-10-03,18.164196289173997,19.21167210887249,18.164196289173997,18.99741554260254,232500
1997-10-06,19.045021057128906,19.092635064607855,18.85457156580244,19.045021057128906,458400
1997-10-07,19.045023960823432,19.152152224689683,18.890283861748884,19.128347396850586,125400
1997-10-08,19.04502858879806,19.128352045072962,18.90219086893325,19.11644744873047,225600
1997-10-09,19.128344480452174,19.247375140089993,19.045021057128906,19.045021057128906,236100
1997-10-10,19.021231856586514,19.021231856586514,18.616523358244706,18.830780029296875,110700
1997-10-13,18.85458469390869,18.85458469390869,18.283233642578125,18.283233642578125,109500
1997-10-14,18.283227948432923,18.80696697554928,18.283227948432923,18.66412925720215,204000
1997-10-15,18.64032804965973,18.64032804965973,18.283233642578125,18.283233642578125,139500
1997-10-16,18.283231295072117,18.568906784057617,18.283231295072117,18.568906784057617,188100
1997-10-17,18.545101874714202,18.545101874714202,18.092783752095418,18.116588592529297,89700
1997-10-20,18.164202900061355,18.318943083286285,18.164202900061355,18.283233642578125,153300
1997-10-21,18.330847796841812,18.84268463070971,18.283235929785185,18.830780029296875,73500
1997-10-22,18.783168162240248,18.830780029296875,18.628427959657536,18.830780029296875,85500
1997-10-23,18.473684310913086,18.557007796963646,18.473684310913086,18.473684310913086,53700
1997-10-24,18.49748047377712,18.592706324991298,18.354642786720927,18.426061630249023,97200
1997-10-27,18.28323553818265,18.28323553818265,17.235759228651442,17.521434783935547,264900
1997-10-28,17.330975618970463,17.973745346069336,17.330975618970463,17.973745346069336,412500
1997-10-29,17.926139088779706,18.14039573127508,17.616656545331516,18.045169830322266,302700
1997-10-30,18.092786560448136,18.092786560448136,17.61665916442871,17.61665916442871,226800
1997-10-31,17.71188601949784,17.819014362357706,17.47382230885423,17.699983596801758,324900
1997-11-03,17.664267984633184,17.830910562349555,17.473816210770252,17.640460968017578,105900
1997-11-04,17.64046147635071,17.664268493652344,17.450011876530677,17.664268493652344,173100
1997-11-05,17.854711744520397,17.902323582662373,17.676164627075195,17.676164627075195,225000
1997-11-06,17.676176571877885,17.735693044421716,17.521436358701983,17.699983596801758,409500
1997-11-07,17.569047166221697,17.569047166221697,16.950084171429022,17.235759735107422,971100
1997-11-10,17.188134605398805,17.271458044099923,16.9500732421875,16.9500732421875,1017600
1997-11-11,17.045297121530762,17.47381019592285,16.950073446908213,17.47381019592285,693300
1997-11-12,17.426207065582275,17.426207065582275,17.140531539916992,17.140531539916992,419700
1997-11-13,17.140530196559066,17.41430328037559,17.09291833919011,17.12862777709961,412200
1997-11-14,17.17624276145675,17.521434783935547,17.164340339830417,17.521434783935547,162900
1997-11-17,17.997556290628808,18.09278218269805,17.842816123105983,17.90233039855957,334500
1997-11-18,17.90233039855957,18.045168146897893,17.854718542290485,17.90233039855957,470700
1997-11-19,17.71188532204992,17.997560891760404,17.71188532204992,17.78330421447754,97800
1997-11-20,17.830918781049924,18.62843132019043,17.830918781049924,18.62843132019043,552000
1997-11-21,18.61652734223175,18.81888163470702,18.473689530962627,18.723655700683594,459900
1997-11-24,18.66413441474236,18.902195891418387,18.66413441474236,18.676036834716797,289200
1997-11-25,18.676031673887536,18.81886939223467,18.61651523139936,18.66412925720215,777900
1997-11-26,18.664140146751045,19.04503949822449,18.652235543589327,18.94981575012207,140700
1997-11-28,18.94980327700339,19.045026962427777,18.902189254760742,18.902189254760742,24300
1997-12-01,18.949805803186432,18.997417652245726,18.830772911242093,18.85457992553711,398100
1997-12-02,19.045021057128906,19.235472727985144,18.985506817074885,19.045021057128906,202800
1997-12-03,19.056934098217894,19.056934098217894,18.85457992553711,18.85457992553711,309900
1997-12-04,18.878383373508086,19.10454233822935,18.85457636371046,19.092639923095703,429900
1997-12-05,19.09264352989505,19.09264352989505,18.771258644800664,18.85457992553711,192000
1997-12-08,18.997413721624408,18.997413721624408,18.878383033838613,18.925994873046875,129600
1997-12-09,18.925999844168114,18.925999844168114,18.140392303466797,18.140392303466797,912600
1997-12-10,18.32941984788179,18.32941984788179,17.995290526917152,18.019155502319336,606900
1997-12-11,17.995294496096907,17.995294496096907,17.565698623657227,17.565698623657227,362700
1997-12-12,17.565698623657227,17.804361540543095,17.565698623657227,17.565698623657227,308400
1997-12-15,17.565688258002965,17.756618915849458,17.565688258002965,17.62535285949707,440100
1997-12-16,17.661158132283955,17.70889245076078,17.398628120809455,17.410560607910156,832200
1997-12-17,17.458295792440442,17.756625465053293,17.434428632018054,17.685026168823242,221100
1997-12-18,17.73276027832739,17.947558190925047,17.73276027832739,17.899826049804688,305400
1997-12-19,17.8520926278022,17.947556903193384,17.720826517842813,17.864025115966797,393600
1997-12-22,17.8162865524968,17.97141758283449,17.768552246980263,17.91175079345703,306600
1997-12-23,17.756622487578266,17.947553183830298,17.756622487578266,17.852088928222656,222900
1997-12-24,17.852088928222656,17.947553183830298,17.816289286110607,17.852088928222656,92700
1997-12-26,17.804358305069403,17.875957604131393,17.768558655538406,17.864025115966797,87300
1997-12-29,17.91175337756488,18.04301945911833,17.91175337756488,17.983352661132812,336000
1997-12-30,17.983355854178942,18.019155502319336,17.756625477635485,18.019155502319336,867600
1997-12-31,17.7566240238872,18.424884796142578,17.7566240238872,18.424884796142578,441300
1998-01-02,18.37715202670461,18.37715202670461,17.983355896239246,18.126554489135742,106500
1998-01-05,18.11461953511314,18.210085979058817,17.852089545558556,18.043020248413086,1051500
1998-01-06,17.99528617338106,18.18621685559294,17.947551864050652,18.162349700927734,1424400
1998-01-07,18.21008670897395,18.568083156823786,18.043020971631723,18.22201919555664,618600
1998-01-08,18.138484593088528,18.138484593088528,17.947551727294922,17.947551727294922,286800
1998-01-09,18.090752377867513,18.233950951267616,17.911754161117383,18.043020248413086,546000
1998-01-12,18.043018132990056,18.043018132990056,17.517956030404083,17.720821380615234,540000
1998-01-13,17.673092045657892,17.995288848876953,17.673092045657892,17.995288848876953,216900
1998-01-14,17.947550840003714,18.32941436767578,17.887886234299913,18.32941436767578,199500
1998-01-15,18.24587549244473,18.377139321826977,18.186208724975586,18.186208724975586,236100
1998-01-16,18.186211534248763,18.532275342970205,18.186211534248763,18.47260856628418,138000
1998-01-20,18.472608275409296,18.759005302935023,18.23394335745922,18.711273193359375,141000
1998-01-21,18.424875756676638,18.615806375775197,18.257810099317982,18.28167724609375,568200
1998-01-22,18.329422489289314,18.329422489289314,17.57762977000206,17.756628036499023,1454100
1998-01-23,17.61342942330145,17.85209450697655,17.61342942330145,17.756628036499023,448500
1998-01-26,17.708895176547944,17.72082766548532,17.446362939626972,17.470230102539062,366600
1998-01-27,17.422500610351562,17.51796490643789,17.37476627727072,17.422500610351562,490800
1998-01-28,17.422493600754333,17.732755715763563,17.422493600754333,17.61342430114746,1991100
1998-01-29,17.61342698685189,17.79242522858819,17.61342698685189,17.673093795776367,335700
1998-01-30,17.673090433427703,17.947552895181452,17.57762399431869,17.7685546875,323700
1998-02-02,17.899819603364808,17.99528603626161,17.732753892054543,17.947551727294922,282900
1998-02-03,17.85208404260523,18.37714385986328,17.792417260402026,18.37714385986328,259800
1998-02-04,18.23394510970272,18.842538851679457,18.23394510970272,18.723207473754883,300600
1998-02-05,18.770938378671584,18.90220441545759,18.747073415645755,18.7948055267334,188100
1998-02-06,18.794806130969796,18.96187180270155,18.69933972068936,18.75900650024414,177600
1998-02-09,18.806741465710108,18.8306086181597,18.13848304748535,18.13848304748535,352200
1998-02-10,18.186211247883573,18.782872450240806,18.186211247883573,18.711273193359375,188100
1998-02-11,18.663541793823242,18.75900821281914,18.663541793823242,18.663541793823242,361200
1998-02-12,18.80674829226713,19.236344082078084,18.80674829226713,19.081212997436523,643200
1998-02-13,19.475001869503423,19.856865379603846,19.427269750129504,19.60626792907715,815100
1998-02-17,19.65398959508856,19.665922072326424,19.093128204345703,19.093128204345703,312600
1998-02-18,18.997671808218218,19.224402078941687,18.75900687032671,19.188602447509766,806100
1998-02-19,19.16474296759463,19.36760835523729,18.902212960379465,19.296009063720703,298500
1998-02-20,19.319872227327554,19.319872227327554,18.794810136440226,18.854476928710938,153300
1998-02-23,18.902208588115073,19.319871753697953,18.902208588115073,19.105073928833008,224700
1998-02-24,19.00960983780195,19.15280840531835,18.961877710308727,18.97381019592285,210600
1998-02-25,18.985729354099316,19.128927821094496,18.973796876861453,19.093128204345703,199800
1998-02-26,18.902205796108095,19.140870739050804,18.902205796108095,19.057336807250977,473100
1998-02-27,19.05733793903445,19.05733793903445,18.723208747100205,18.878339767456055,316200
1998-03-02,18.890271335562954,18.902203816697885,18.687406046053592,18.711273193359375,679800
1998-03-03,18.68741411418584,18.68741411418584,18.40101696301058,18.580015182495117,121300
1998-03-04,18.5800138900639,18.75901209709727,18.472614965843878,18.544214248657227,343100
1998-03-05,18.043020971631723,18.436817064266542,18.043020971631723,18.22201919555664,284900
1998-03-06,18.18621124151542,18.97380306693538,18.15041161308724,18.830604553222656,286600
1998-03-09,18.68740623875668,19.403398814954254,18.47260846589741,19.04540252685547,253100
1998-03-10,18.902205396054395,19.188602447509766,18.902205396054395,19.188602447509766,225200
1998-03-11,19.331798169904918,19.725594058551128,19.22439929118322,19.582395553588867,516200
1998-03-12,19.72560567666135,20.19100109190018,19.618206734683156,19.797204971313477,152000
1998-03-13,19.797202505799984,20.190998577343922,19.797202505799984,19.940401077270508,329000
1998-03-16,20.01199260601498,20.190990750970393,19.725595574086324,19.83299446105957,284900
1998-03-17,19.79720007544533,20.405793929482527,19.76140043697255,20.08359718322754,350300
1998-03-18,20.08359475262397,20.44159109402547,19.904596581923222,20.22679328918457,87800
1998-03-19,20.334196766635827,20.441595693220172,20.08359927127236,20.40579605102539,147800
1998-03-20,20.405800061348156,21.193392344417735,20.37000041211772,20.942794799804688,244500
1998-03-23,20.942799781989372,20.942799781989372,20.04780833831461,20.119407653808594,436200
1998-03-24,20.190989669219018,20.906982210680685,20.190989669219018,20.692184448242188,272800
1998-03-25,21.336580276489258,21.479778801834822,20.978583963125345,21.336580276489258,362300
1998-03-26,22.41057886021738,23.448768615722656,22.41057886021738,23.448768615722656,544500
1998-03-27,23.422928675607718,24.391411178274502,22.31096728365697,22.6337947845459,580600
1998-03-30,22.74141002655029,22.813149490356444,21.521839141845703,21.521839141845703,167000
1998-03-31,21.091403828331487,22.310974797996913,20.58922754670455,21.62944984436035,236700
1998-04-01,21.665334236722032,22.024031823422728,21.199027374011127,21.342506408691406,378400
1998-04-02,21.34249976092907,22.346852690855144,21.27076026593435,22.024024963378906,236700
1998-04-03,22.16749787103562,23.02837157476516,22.095758395724825,22.59793472290039,126300
1998-04-06,22.74140739440918,22.956625760917785,22.418579844646274,22.74140739440918,156000
1998-04-07,22.741413573971442,22.741413573971442,21.952279349007135,22.131628036499023,80600
1998-04-08,22.05989309385711,22.23924181819741,21.916414114384867,21.95228385925293,108600
1998-04-09,21.665318069458007,21.665318069458007,20.91205369949341,21.521839141845703,170100
1998-04-13,21.450115684701615,21.521855202041756,21.234897132681198,21.342506408691406,78000
1998-04-14,21.485970503426227,21.772928373254956,21.414231035969042,21.737058639526367,177600
1998-04-15,21.665327488405307,22.095764458373623,21.521848498415867,22.024024963378906,1805200
1998-04-16,21.952281266551903,21.988151007183525,21.12727723202463,21.16314697265625,608000
1998-04-17,21.234882367326087,21.772928373254956,21.09140343241172,21.737058639526367,275500
1998-04-20,21.73706878459335,21.772938535062977,21.414241030366714,21.593589782714844,369400
1998-04-21,21.808802304025424,21.808802304025424,21.12727723202463,21.16314697265625,653800
1998-04-22,21.091400276457023,21.342488374986274,20.69683326448249,21.055530548095703,1324500
1998-04-23,21.091408162683873,21.163147646230417,20.409883068991707,20.517492294311523,271700
1998-04-24,20.589228087256544,20.66096755794385,19.65661496832158,20.481618881225586,362200
1998-04-27,20.338143833235733,20.338143833235733,19.80009770008135,19.979446411132812,430700
1998-04-28,20.087049272325306,20.69683469666375,20.051179541481865,20.660964965820312,587700
1998-04-29,21.234894736228135,21.234894736228135,20.660978662276023,21.019676208496094,191000
1998-04-30,21.1631428998689,21.772928373254956,21.01966396495454,21.737058639526367,588500
1998-05-01,21.80879810698355,22.20336517799805,21.62944943834059,21.737058639526367,396700
1998-05-04,21.73705796836441,22.024015829332917,21.593579037880158,21.916406631469727,128300
1998-05-05,21.808808285532603,22.02402678835036,21.521850281775595,21.593589782714844,300300
1998-05-06,21.557713334783546,22.167498903321516,21.557713334783546,21.84467124938965,312700
1998-05-07,21.701186407332454,21.844665325728037,21.270749652145692,21.378358840942383,124300
1998-05-08,21.27076689135127,21.450115684701615,20.947939063320643,21.342506408691406,158000
1998-05-11,21.48596856078586,21.48596856078586,20.94792260350408,21.234880447387695,158400
1998-05-12,21.378362931787766,21.4142326682505,21.091405040085917,21.306623458862305,219000
1998-05-13,21.16314571170457,21.952279958581688,21.127275973210153,21.485973358154297,255500
1998-05-14,21.45009883030041,21.52183829127131,21.234880447387695,21.234880447387695,72600
1998-05-15,21.306624388734434,21.593582292959812,21.306624388734434,21.55771255493164,152300
1998-05-18,21.41422917648659,21.593577829555993,20.26639779684242,20.696834564208984,231400
1998-05-19,21.091407068262214,21.521843947206342,20.87618862879015,21.270755767822266,309000
1998-05-20,21.414229099814957,21.414229099814957,20.374006915736842,21.234880447387695,256100
1998-05-21,20.947922146874326,20.947922146874326,20.589224849838807,20.840312957763672,171800
1998-05-22,20.374013508835883,20.98379912441724,20.26640428255682,20.94792938232422,831200
1998-05-26,20.80444993873091,20.947928903825606,20.589231491088867,20.589231491088867,235600
1998-05-27,20.409883068991707,20.732710744951156,20.374013327218435,20.517492294311523,174000
1998-05-28,20.481619545509076,20.912056383593328,20.481619545509076,20.804447174072266,109800
1998-05-29,20.76857109069824,20.876180267333982,20.37400410970052,20.445743560791016,257900
1998-06-01,20.338143585445163,20.62510151963134,20.338143585445163,20.517492294311523,112600
1998-06-02,20.517492008541517,21.019668386372953,20.481622267267845,20.589231491088867,230600
1998-06-03,20.589225504133438,20.947922812567818,20.589225504133438,20.660964965820312,158100
1998-06-04,20.696832399911834,20.98379021481529,20.6609626730489,20.768571853637695,164200
1998-06-05,20.768587926142043,21.234894736228135,20.732718171520037,21.019676208496094,491600
1998-06-08,21.091400146484375,21.34248824346633,21.091400146484375,21.091400146484375,871800
1998-06-09,21.091396953393012,21.199006121522565,20.55335111274523,20.91204833984375,308100
1998-06-10,20.374007199537306,20.768574240373418,20.1229190826416,20.1229190826416,230000
1998-06-11,20.194661848341706,20.23053158519489,19.692485532397153,19.764225006103516,138900
1998-06-12,19.800101034981864,20.12292876924787,19.51314304896763,20.087059020996094,434000
1998-06-15,20.015311517258098,20.37400885627706,19.9794417833562,20.194660186767578,113400
1998-06-16,20.33813725807018,21.019662139733907,20.33813725807018,20.696834564208984,399100
1998-06-17,20.69683791461744,21.988148425754748,20.69683791461744,21.808799743652344,700300
1998-06-18,21.808806478394747,22.131634205870984,21.521848498415867,22.024024963378906,279100
1998-06-19,21.952279958581688,22.024019435570516,21.485973358154297,21.485973358154297,528900
1998-06-22,21.8446671662276,22.131625027196108,21.808797433606536,21.916406631469727,299700
1998-06-23,22.05988856150227,22.310976723990912,22.02401882400389,22.131628036499023,341700
1998-06-24,22.239229838053383,23.387061055501302,22.203360112508136,23.13597297668457,773500
1998-06-25,23.028378321574287,23.207727062396515,22.31098335828537,22.382722854614258,134600
1998-06-26,22.21877316685466,22.290678581634126,22.003056922516265,22.146867752075195,263000
1998-06-29,22.2187745125063,22.43449076990927,22.07496367423765,22.290679931640625,225700
1998-06-30,22.290681264339348,22.506397534639408,22.039012282322613,22.434492111206055,258600
1998-07-01,22.57829093933106,22.686149017066715,22.434480169016847,22.578290939331055,559400
1998-07-02,22.434498509274253,22.75807300700417,22.434498509274253,22.72212028503418,153000
1998-07-06,22.72210937315882,23.83664321899414,22.72210937315882,23.83664321899414,145500
1998-07-07,23.87259950029089,24.73546454247008,23.2254507186565,23.656883239746094,446400
1998-07-08,23.58497428894043,23.836643221901685,23.369258060687926,23.58497428894043,415500
1998-07-09,23.58497428894043,23.656879698357933,23.405210765396678,23.58497428894043,422500
1998-07-10,23.58497428894043,23.656879698357933,23.153541832435423,23.58497428894043,311500
1998-07-13,23.728785107775433,24.16021756428044,23.369258060687926,23.58497428894043,397700
1998-07-14,23.584970292590917,24.232118867692495,23.584970292590917,24.160213470458984,294800
1998-07-15,24.19616209930058,24.51973633242644,24.16020940673104,24.232114791870117,172200
1998-07-16,23.87259950029089,24.124268470926488,23.584977819564493,23.656883239746094,134600
1998-07-17,23.692831586855053,24.088311325027142,23.656878883384866,23.800689697265625,100400
1998-07-20,23.94449806213379,24.124261561098756,23.800687262961812,23.94449806213379,119900
1998-07-21,23.87259592369851,23.908548628402873,23.62092699076795,23.83664321899414,116100
1998-07-22,23.76474087326615,23.836646291944714,23.18949752383762,23.29735565185547,90700
1998-07-23,23.261379657107575,23.297332330457046,22.758042230214983,22.793994903564453,55900
1998-07-24,22.93783156801901,23.00973699613192,22.074966430664062,22.074966430664062,219500
1998-07-27,21.9311397123021,22.003045088408008,21.57161283177256,21.715423583984375,1275300
1998-07-28,21.64353019752953,21.859246445345438,21.24805040986703,21.319955825805664,378200
1998-07-29,21.319950925782074,21.78733602196279,21.212092826663444,21.35590362548828,400100
1998-07-30,21.355908232273848,21.715435306891255,21.28400281735037,21.643529891967773,231900
1998-07-31,21.60757444339473,21.75138525499802,21.06828389988238,21.104236602783203,375600
1998-08-03,21.140191987503407,21.895198844199957,21.068286572579925,21.643529891967773,222200
1998-08-04,21.643522583219376,21.85923875514515,20.744705200195312,20.744705200195312,715500
1998-08-05,20.744709819766644,20.81661522642095,19.738034126606394,20.277324676513672,212500
1998-08-06,20.133513316326173,20.277324125728505,19.989702506923845,20.169466018676758,308500
1998-08-07,20.205419812883648,20.600899560110907,20.16946710859026,20.385183334350586,341700
1998-08-10,20.205416847282734,20.421133041381836,20.1335114492497,20.421133041381836,153300
1998-08-11,19.989702506923845,20.277324125728505,19.989702506923845,20.169466018676758,125200
1998-08-12,20.24137635231018,20.313281774520874,19.917801952362062,20.13351821899414,71700
1998-08-13,20.06161117553711,20.277327424736434,19.953753050937447,20.06161117553711,104000
1998-08-14,20.133515241159163,20.241373358522516,19.66613006591797,19.66613006591797,530000
1998-08-17,19.702084093538236,20.16946930013677,19.41446242793914,20.06161117553711,327000
1998-08-18,20.133514404296875,20.421136038643972,20.0616089957101,20.385183334350586,536000
1998-08-19,20.457089293701824,20.708758230531195,20.133514946349774,20.24137306213379,372200
1998-08-20,20.385182232780252,20.385182232780252,19.953749804573263,20.169466018676758,212600
1998-08-21,20.133517776404958,20.133517776404958,19.37851085978977,19.522321701049805,315300
1998-08-24,19.52231458830258,19.55826728551861,19.270645707790393,19.378503799438477,116200
1998-08-25,19.306616295708547,19.70209633156105,19.270663565176502,19.414474487304688,297900
1998-08-26,19.30659804081781,19.30659804081781,18.55159141352326,18.947071075439453,513000
1998-08-27,18.8751677104405,18.8751677104405,16.897769188394353,17.616823196411133,718200
1998-08-28,17.760636720562925,18.156116485595703,17.077535308233582,18.156116485595703,410000
1998-08-31,18.263967218070192,18.29991990944435,16.682048797607422,16.682048797607422,427300
1998-09-01,16.32252774919782,17.00562913077218,16.32252774919782,16.861818313598633,838300
1998-09-02,16.718011608471976,17.976356568249436,16.718011608471976,17.724687576293945,344300
1998-09-03,17.72467286189397,18.08419969479243,17.257287979125977,17.257287979125977,318200
1998-09-04,17.185392944267512,17.257298354076163,15.459663108859896,16.0349063873291,612100
1998-09-08,16.68205506697945,16.93372400117957,16.070859083922013,16.538244247436523,960900
1998-09-09,16.502291542550793,16.71800777186518,16.322528018122135,16.538244247436523,496100
1998-09-10,16.46634204094482,16.50229475282461,15.387760684551054,15.49561882019043,223700
1998-09-11,15.35181057609325,16.466344833374023,15.27990514013965,16.466344833374023,628800
1998-09-14,17.00562433762984,17.544914750028248,16.861813560990264,17.401103973388672,341600
1998-09-15,17.473014554110442,18.156115946143565,17.437061849266595,17.796588897705078,435900
1998-09-16,18.156111589062355,18.587543943653934,17.940395411766563,18.19206428527832,596000
1998-09-17,18.120169885696903,18.120169885696903,17.616831833316432,17.832548141479492,135700
1998-09-18,17.976358288624247,17.976358288624247,17.508972973120017,17.544925689697266,151300
1998-09-21,17.257298599054785,17.47301483154297,17.113487777395992,17.47301483154297,253300
1998-09-22,17.40110505540425,17.580868537381566,17.29324696621786,17.36515235900879,204100
1998-09-23,17.47301507326636,18.192069191507773,17.401109661442216,18.156116485595703,145500
1998-09-24,18.048257024079852,18.767311088784226,17.976351617609414,18.515642166137695,337600
1998-09-25,18.40778129622781,18.40778129622781,18.084207015630057,18.228017807006836,124800
1998-09-28,18.171769318757235,18.279934612321266,17.414612263809016,17.522777557373047,206000
1998-09-29,17.162228017613508,17.883330035160295,17.162228017613508,17.414613723754883,348900
1998-09-30,17.198286473751068,17.450672229131065,17.126176257928215,17.30645179748535,456800
1998-10-01,17.018009250999516,17.018009250999516,16.40507247712877,16.873788833618164,258200
1998-10-02,16.80167437317551,16.80167437317551,16.296903040075815,16.7656192779541,162700
1998-10-05,16.693520482381185,16.693520482381185,16.152693684895834,16.224803924560547,2074000
1998-10-06,16.36901899178823,16.585349639256798,14.71048402786255,15.575806617736816,1457300
1998-10-07,15.575806235820403,15.756081770957215,15.395530700683594,15.395530700683594,538800
1998-10-08,15.431587209865562,15.467642320168986,14.061493018335442,14.674429893493652,695200
1998-10-09,14.854708662978164,16.008472442626953,14.638377954294015,16.008472442626953,981000
1998-10-12,16.15269059278771,17.30645420655826,16.00847014106639,17.27039909362793,1085700
1998-10-13,17.270395920124457,17.270395920124457,16.7656244318536,16.945899963378906,285000
1998-10-14,16.837735563335997,18.24388478597005,16.801680455063327,17.847278594970703,281700
1998-10-15,17.77517569065094,19.758207461413214,17.77517569065094,19.61398696899414,303100
1998-10-16,19.902421855240416,20.335083199919556,19.686091182900846,20.046642303466797,414500
1998-10-19,19.974528347236525,20.659575348315034,19.830307925956838,19.90241813659668,157900
1998-10-20,20.082700729370117,20.40719679142457,19.974535375351962,20.082700729370117,225800
1998-10-21,19.93847540749444,19.974530516730415,19.469758987426758,19.469758987426758,220400
1998-10-22,19.541870523155282,19.75820119315331,19.505815411488943,19.650035858154297,445300
1998-10-23,19.577919495501643,19.613974595861684,19.181313391541206,19.5418643951416,341400
1998-10-26,19.289481897022867,19.866363598616076,19.289481897022867,19.722143173217773,117500
1998-10-27,19.613982870148103,19.758203332428604,19.1813214833066,19.361597061157227,424200
1998-10-28,19.433692935694044,19.541858202497536,19.037086957414573,19.289472579956055,301300
1998-10-29,19.14525768533349,19.217367883771658,18.424155700951815,18.4602108001709,153100
1998-10-30,18.49626648470045,19.758194997301842,18.49626648470045,19.5418643951416,263900
1998-11-02,19.397640361860105,19.397640361860105,18.460207928015564,18.532318115234375,918400
1998-11-03,18.856822645941445,19.181318637936613,18.568381764167963,18.60443687438965,1305200
1998-11-04,18.604444055443267,19.21738116579702,18.063617193366426,18.099672317504883,1503000
1998-11-05,17.739113092422485,17.811223308245342,17.090121150016785,17.30645179748535,1322900
1998-11-06,17.162228017613508,17.522779026386903,17.018007614104153,17.414613723754883,619000
1998-11-09,17.34250690539678,17.739113092422485,17.30645179748535,17.30645179748535,419600
1998-11-10,17.342503280475224,17.486723681976056,16.72956657409668,16.72956657409668,583400
1998-11-11,16.873791154023188,17.162232028450934,16.729570716809313,16.981956481933594,584500
1998-11-12,17.162236274043217,17.306456746934337,16.98196068292932,17.090126037597656,188400
1998-11-13,16.801675600279506,17.5948877530824,16.801675600279506,17.522777557373047,381000
1998-11-16,17.486723925509562,17.847274934282957,17.306448421122866,17.414613723754883,235700
1998-11-17,17.378558950385585,17.811220169067383,17.30644874727195,17.811220169067383,429500
1998-11-18,17.77516264523676,17.991493225097656,17.342501485514976,17.991493225097656,342900
1998-11-19,17.88332643026508,18.56837320884378,17.594885681389833,18.532318115234375,748500
1998-11-20,18.892882792154946,19.037103271484376,18.604441833496093,18.928937911987305,385600
1998-11-23,18.928939630003537,19.974538200041827,18.928939630003537,19.61398696899414,441000
1998-11-24,19.613980717532083,19.974531833663185,18.892878485269872,18.964988708496094,214600
1998-11-25,18.892879183564474,19.03709963534741,18.532328054107136,18.640493392944336,275200
1998-11-27,18.604442217196638,18.604442217196638,18.424166614316825,18.49627685546875,37200
1998-11-30,18.352045502513647,18.532320998609066,18.315990403294563,18.4602108001709,149100
1998-12-01,18.4602108001709,18.784706693142653,18.4602108001709,18.4602108001709,140900
1998-12-02,18.56837320884378,18.748648676890806,18.49626302162497,18.532318115234375,283800
1998-12-03,18.532327245126265,18.604437467869946,18.424161911010742,18.424161911010742,105200
1998-12-04,18.424161593119305,18.460216703869047,17.81122471037365,18.171775817871094,595600
1998-12-07,18.099665596371604,18.243886039370583,18.027555374872115,18.171775817871094,143400
1998-12-08,18.135719461152046,18.135719461152046,17.739113270152696,17.847278594970703,221400
1998-12-09,17.88332853591982,17.99149382948385,17.27039187239031,17.522777557373047,1024900
1998-12-10,17.48672115268992,17.48672115268992,16.657453964005654,16.909839630126953,402500
1998-12-11,16.961922983022838,16.961922983022838,16.166267747145433,16.455596923828125,512700
1998-12-14,16.600264127765385,16.672596433332988,15.98543953044074,16.202436447143555,392900
1998-12-15,16.20243336008042,16.20243336008042,16.021602630615234,16.021602630615234,334300
1998-12-16,15.949273109436035,16.166270022489588,15.840774652909259,15.949273109436035,337500
1998-12-17,15.985442508924876,16.600267220806604,15.985442508924876,16.383270263671875,612700
1998-12-18,16.74492554847597,16.74492554847597,15.840771901150053,16.021602630615234,384700
1998-12-21,15.913106957260442,16.347100783367544,15.47911313115334,15.949273109436035,679600
1998-12-22,15.334450180020754,16.744930267333984,15.334450180020754,16.744930267333984,1968800
1998-12-23,18.80640086115929,18.80640086115929,17.576751574083488,18.408573150634766,2189700
1998-12-24,18.517073134505704,19.674390205412312,18.517073134505704,19.023399353027344,730200
1998-12-28,18.878739237093605,18.95107157133534,18.553243733005782,18.697908401489258,620800
1998-12-29,18.73406730521562,19.09572883620434,18.73406730521562,19.05956268310547,394100
1998-12-30,18.91490364074707,19.891390061971105,18.87873747699803,18.91490364074707,311500
1998-12-31,18.951066905054553,19.927553176879883,18.951066905054553,19.927553176879883,246200
1999-01-04,19.92754590201112,19.92754590201112,19.385053726820253,19.457386016845703,487400
1999-01-05,19.38506771995908,19.38506771995908,18.770242810930522,18.987239837646484,809300
1999-01-06,18.914891694721423,19.385051526521384,18.914891694721423,19.240386962890625,1089700
1999-01-07,18.5170652404312,18.87872667090837,18.5170652404312,18.66172981262207,219300
1999-01-08,18.806407231620028,19.529730586682337,18.806407231620028,19.204235076904297,653500
1999-01-11,19.05956268310547,19.204227295500957,18.987230376907725,19.05956268310547,387300
1999-01-12,19.20422836519637,19.89138531235029,19.168062210083008,19.168062210083008,2253200
1999-01-13,18.73406776843832,18.95106469239706,18.444738536493325,18.58940315246582,1785100
1999-01-14,18.734062098717505,18.951058957003806,18.589397526526636,18.66172981262207,1712300
1999-01-15,18.7702377140522,18.914902359247208,17.938416004180908,18.517074584960938,1128700
1999-01-19,18.51706518308081,18.51706518308081,17.866074610238126,17.902240753173828,427300
1999-01-20,17.974577391443173,18.046909694829264,17.432085116047503,17.504417419433594,1174600
1999-01-21,17.28742011186946,17.468250866177716,17.14275550842285,17.14275550842285,898700
1999-01-22,17.03425471124978,17.251251586552325,16.708759398295964,16.781091690063477,1609000
1999-01-25,16.708759398295964,16.853423981830993,16.45559637710966,16.781091690063477,1786400
1999-01-26,16.744928973361784,16.744928973361784,16.347101287169604,16.41943359375,1091200
1999-01-27,16.419437700523854,16.419437700523854,15.334452830445185,15.587615966796875,2107700
1999-01-28,15.732271783303895,16.3832623398544,15.696105641273311,16.1662654876709,3773300
1999-01-29,16.13010414157595,16.70876258611679,16.057771836008346,16.202436447143555,5053400
1999-02-01,16.05777823897864,16.238609075003172,15.876947402954103,15.876947402954102,1001400
1999-02-02,15.876941569354555,16.13010464677023,15.69611079977193,15.76844310760498,1222500
1999-02-03,15.732276953688453,15.768443107604979,15.69611079977193,15.76844310760498,369500
1999-02-04,15.768437079496163,15.985433920039688,15.406775678590288,15.551440238952637,468900
1999-02-05,15.334443398409112,15.623772519133812,15.334443398409112,15.551440238952637,534100
1999-02-08,15.623782071200283,15.913111368815104,15.442951260191021,15.515283584594727,869700
1999-02-09,15.551443398716938,15.551443398716938,14.936618892256035,15.008951187133789,800300
1999-02-10,14.972785083147196,15.11744967332253,14.719622050340359,15.045117378234863,1235700
1999-02-11,15.045117627393019,16.13010207167617,14.972785331107476,16.057769775390625,1381400
1999-02-12,15.876935603442018,15.985434024422258,15.479108059847798,15.623772621154785,321900
1999-02-16,15.479108308490954,16.49176025390625,15.479108308490954,16.49176025390625,670900
1999-02-17,16.27476981896783,16.310935974121094,16.130105198354784,16.310935974121094,451500
1999-02-18,16.238606541557647,16.347105026245117,16.20244037999516,16.347105026245117,349600
1999-02-19,16.27476920252261,16.744929201706597,16.27476920252261,16.636430740356445,438700
1999-02-22,16.708759576846393,17.106587185818924,16.31093196787386,16.925756454467773,354700
1999-02-23,16.99809227819028,17.142756893323817,16.38326766387276,16.636430740356445,400800
1999-02-24,16.78109896499499,17.0704282574949,16.310938864682626,16.347105026245117,456900
1999-02-25,16.491765669413976,16.8172610444682,16.202436447143555,16.202436447143555,254000
1999-02-26,16.13010464677023,16.31093541635286,15.334449260606677,15.76844310760498,588300
1999-03-01,15.768440202734935,15.98543708625881,15.623775613719019,15.732274055480957,284100
1999-03-02,15.84077623155382,16.672597814489293,15.84077623155382,16.600265502929688,301200
1999-03-03,16.600268334801022,16.92576379234614,16.45560368700319,16.564102172851562,480700
1999-03-04,16.52793132372139,17.612915874512726,16.52793132372139,17.504417419433594,1248300
1999-03-05,18.517078125,18.517078125,17.86608709716797,18.083084106445312,864100
1999-03-08,18.083074141521845,18.66173251405054,17.721412658691406,17.721412658691406,918200
1999-03-09,17.721414329591862,17.721414329591862,17.215088205889238,17.504417419433594,536100
1999-03-10,17.685252875089645,19.023400843143463,17.685252875089645,18.517074584960938,707100
1999-03-11,18.66172981262207,18.87872667090837,18.5170652404312,18.66172981262207,616100
1999-03-12,18.66173414475847,18.77023259908846,18.263906478881836,18.263906478881836,590800
1999-03-15,18.37240993976593,18.661739230155945,18.227745294570923,18.517074584960938,361400
1999-03-16,18.517074464812993,18.55324062587708,18.1915790152362,18.37240982055664,293300
1999-03-17,18.26390223909718,18.66172981262207,18.083071523858596,18.66172981262207,173200
1999-03-18,18.73406897488116,19.674389039257434,18.73406897488116,18.842567443847656,990300
1999-03-19,18.77023759226161,18.77023759226161,18.300077498428465,18.37240982055664,764200
1999-03-22,18.083080532043937,18.55324062587708,17.938415887787585,18.37240982055664,600400
1999-03-23,18.44473816099621,18.44473816099621,18.155408934941367,18.227741241455078,703400
1999-03-24,18.22774407024649,18.300076387985566,18.010747117029272,18.191577911376953,118300
1999-03-25,18.191577059478156,18.66173710276487,18.191577059478156,18.30007553100586,309800
1999-03-26,18.155415657239082,18.51707732371795,18.04691715729542,18.336246490478516,244400
1999-03-29,18.315927746226485,18.823696040181282,18.279658582372573,18.678619384765625,349700
1999-03-30,18.714897017881096,18.751166198148308,17.80816751120081,18.06205177307129,383400
1999-03-31,17.336659953207196,18.134581541011713,17.336659953207196,18.098312377929688,1057500
1999-04-01,18.09831706908068,18.09831706908068,17.119049412036233,17.91697120666504,354700
1999-04-05,17.735620498657227,17.898831730239962,17.481736360639637,17.735620498657227,434000
1999-04-06,17.699357866742123,18.09831880226295,17.26412775526486,17.336666107177734,610000
1999-04-07,17.409196389273138,18.06204125387088,17.3366580709845,18.025772094726562,219900
1999-04-08,17.808165491363148,17.808165491363148,17.082781968293368,17.626819610595703,308000
1999-04-09,17.409199468616738,17.59054529641483,16.828892819662848,17.010238647460938,481900
1999-04-12,16.86515900595435,17.22785059748025,16.75635152849658,16.828889846801758,212800
1999-04-13,17.119050905939847,17.119050905939847,16.683820798161715,16.90143585205078,920400
1999-04-14,16.828885576366325,17.046500476060718,16.284848327130344,16.39365577697754,197800
1999-04-15,16.46619585582188,16.611272471291677,15.813351086207797,16.248580932617188,391900
1999-04-16,16.212321319580077,16.502474721272787,16.1397829691569,16.321128845214844,139600
1999-04-19,16.39366119512722,17.55427437708313,16.284853709318853,17.300390243530273,835100
1999-04-20,17.227851053078968,17.626811814308166,17.227851053078968,17.409196853637695,540700
1999-04-21,17.481735173861185,17.699350134531656,17.119043572743735,17.409196853637695,366000
1999-04-22,17.51800779862837,17.51800779862837,16.68381695107464,16.75635528564453,735600
1999-04-23,17.191579354327658,17.191579354327658,16.68381118774414,16.68381118774414,266700
1999-04-26,16.647541625159125,16.683810779026576,16.17604262488229,16.248580932617188,521700
1999-04-27,16.466201947364972,16.82889362021442,16.176048609085413,16.75635528564453,1292000
1999-04-28,16.82889762044955,17.69935784219694,16.647551740918843,17.264127731323242,634000
1999-04-29,17.33666097550165,18.279659271240234,17.33666097550165,18.279659271240234,1034100
1999-04-30,18.207114534929765,18.315921992309825,17.554269790649414,17.554269790649414,306600
1999-05-03,17.66308256470331,18.424734995624807,17.626813401326093,18.315927505493164,364000
1999-05-04,18.714882819378964,18.714882819378964,17.663077389607665,17.6993465423584,579400
1999-05-05,17.73563007007946,18.13459107370088,17.62682252363725,17.953245162963867,237200
1999-05-06,17.771887691113985,17.880695166773865,17.62681105690081,17.6630802154541,394900
1999-05-07,17.808157418606548,18.461002293423082,17.51800414091031,18.388463973999023,612000
1999-05-10,18.27965660617776,18.85996316510404,18.134579966446193,18.533540725708008,503700
1999-05-11,18.134586542033038,18.75116248446216,18.02577902278084,18.64235496520996,726100
1999-05-12,18.787424599946434,19.585346108052267,18.71488628102772,19.440269470214844,1490700
1999-05-13,19.58534855996409,20.455808495962494,19.58534855996409,20.23819351196289,1232100
1999-05-14,20.093119289177977,20.093119289177977,19.113851742593493,19.476543426513672,526300
1999-05-17,19.476542408546706,19.585349908035795,19.150119910079443,19.367734909057617,312900
1999-05-18,19.404000907737483,19.404000907737483,18.85996349910933,18.96877098083496,230500
1999-05-19,18.82369400517115,18.82369400517115,18.207118286311978,18.533540725708008,709100
1999-05-20,18.315925766110652,18.787424845238256,17.989503326714622,18.533540725708008,435700
1999-05-21,18.56981272977941,18.64235106075511,18.062044412949504,18.49727439880371,448200
1999-05-24,18.49728000640869,18.49728000640869,17.37293553543091,18.13458824157715,598300
1999-05-25,18.170849665518727,18.279657148545787,17.735619733410495,17.989503860473633,380100
1999-05-26,18.134582610357377,18.678620088668097,17.989505949474516,18.279659271240234,463900
1999-05-27,17.989503696986606,18.17084950038365,17.554273768833706,17.771888732910156,380900
1999-05-28,17.6993465423584,18.27965298637015,17.481731625853993,17.6993465423584,297800
1999-06-01,17.771889401875857,17.771889401875857,17.1553136471169,17.372928619384766,276200
1999-06-02,17.37292723409061,17.37292723409061,16.79262068764917,16.828889846801758,864200
1999-06-03,16.97396763115172,17.300390085596945,16.97396763115172,17.082775115966797,244600
1999-06-04,17.119055750002065,17.191594121824107,16.828902262713893,17.155324935913086,319200
1999-06-07,17.227848909669003,17.264118065268306,16.93769566487458,17.119041442871094,600200
1999-06-08,17.119044433849663,17.55427437708313,17.119044433849663,17.300390243530273,732600
1999-06-09,17.33665807493802,17.33665807493802,16.611274891886218,16.828889846801758,1109600
1999-06-10,16.90142762393695,16.90142762393695,16.067236990137484,16.176044464111328,490100
1999-06-11,16.284851324636517,16.8288886740119,16.212313011386463,16.57500457763672,1237600
1999-06-14,16.611278533935547,16.64754770104021,16.39366353130757,16.611278533935547,244200
1999-06-15,16.611274891886218,17.26411975663284,16.611274891886218,16.828889846801758,1184800
1999-06-16,16.973970413208008,17.191585418505547,16.828893743009647,16.973970413208008,507500
1999-06-17,17.046506881713867,17.119045208870098,16.937699390979525,17.046506881713867,551500
1999-06-18,17.119050905939847,17.264127608532558,16.75635914945807,16.90143585205078,944400
1999-06-21,17.046508748307186,17.119047083406368,16.90143207810883,16.973970413208008,1099300
1999-06-22,17.01023046053373,17.01023046053373,16.17604005415361,16.50246238708496,583400
1999-06-23,16.393659412059016,16.502466886032856,16.103506148128766,16.176044464111328,402600
1999-06-24,16.139781891353547,16.212320236932666,15.922166854616195,15.994705200195312,490800
1999-06-25,16.03096869406259,16.284852813651817,15.99469953412127,16.067237854003906,568300
1999-06-28,16.131330862437206,16.204158541274396,15.803606307669861,15.949261665344238,390300
1999-06-29,15.98566888926322,16.677531551896482,15.33022005097908,16.604703903198242,1711100
1999-06-30,16.60470645195615,17.369396880664656,16.45905113220215,16.45905113220215,957000
1999-07-01,16.49546685690408,16.896019032237295,16.49546685690408,16.568294525146484,448600
1999-07-02,16.5682984248036,17.04167837979799,16.31340152596047,16.349815368652344,958100
1999-07-06,16.31339710682362,17.15091526186144,16.094914109857232,16.167741775512695,1508100
1999-07-07,16.45904650511565,16.531874144518817,15.730770111083984,15.730770111083984,843000
1999-07-08,15.730780298361369,15.876435671494344,15.293814178962442,15.694366455078125,737300
1999-07-09,15.694360751240806,15.694360751240806,15.148153300501567,15.257394790649414,961500
1999-07-12,15.257395733024271,15.512292559112982,14.85684357774201,15.366637229919434,1814500
1999-07-13,15.330221811930338,15.840015411376951,15.038911183675129,15.840015411376953,584300
1999-07-14,15.840024054050446,15.840024054050446,15.038919389247894,15.148160934448242,1070800
1999-07-15,15.148156811817584,15.439467519737153,14.929673780877907,15.111742973327637,1342200
1999-07-16,15.075329134837691,15.148156811817584,14.784018426918124,15.111742973327637,903400
1999-07-19,15.111739470452285,15.767188411339372,15.111739470452285,15.257394790649414,601000
1999-07-20,15.293815612792967,15.36664330618722,15.075332532610211,15.293815612792969,685600
1999-07-21,15.148147771387924,15.220975404904213,14.492699069741331,14.74759578704834,1077900
1999-07-22,14.71118672688802,14.71118672688802,14.201393127441404,14.31063461303711,1143500
1999-07-23,14.45629117054305,14.966084813836758,14.45629117054305,14.784015655517578,484400
1999-07-26,14.711181309323749,15.148147090788811,14.638353679079572,14.67476749420166,408000
1999-07-27,13.98291015625,14.310634613037108,13.691599527994791,13.764427185058594,2812700
1999-07-28,14.055735479230467,14.055735479230467,13.327459029529408,13.400286674499512,2497200
1999-07-29,13.400292484209066,13.400292484209066,12.81767107185215,13.0725679397583,1503300
1999-07-30,13.473122248085595,13.58236377982683,13.181811496775637,13.545949935913086,1372600
1999-08-02,13.618772182165015,13.910082817077637,13.473116864708706,13.910082817077637,1371100
1999-08-03,13.98291015625,14.237806955973307,13.728013356526692,13.764427185058594,1740100
1999-08-04,13.837248259084426,13.837248259084426,13.363868713378906,13.363868713378906,1011200
1999-08-05,13.36387285201446,13.400286674499513,12.89049315970877,13.400286674499512,845800
1999-08-06,13.3638776929191,13.728016049674387,12.963325500488281,12.963325500488281,1136800
1999-08-09,13.400290833360234,13.58236000229176,12.890497160351964,13.218221664428711,588100
1999-08-10,13.25462567364728,13.327453287238749,12.23503908336672,12.781246185302734,866500
1999-08-11,12.817673057638189,13.618777623740575,12.781259213724443,13.545949935913086,1134800
1999-08-12,13.400292011017495,13.910085728827944,13.400292011017495,13.69160270690918,1149300
1999-08-13,13.837255158349482,14.055738134533946,13.618772182165015,13.910082817077637,701500
1999-08-16,13.91008889047723,13.946502735740259,13.691605818899053,13.837261199951172,1145600
1999-08-17,13.910084411540995,14.128567412769387,13.837256744464865,13.87367057800293,386600
1999-08-18,13.728019664162083,13.91008889047723,13.582364283109966,13.837261199951172,255400
1999-08-19,13.837255482964554,13.91008314340121,13.400289520344622,13.72801399230957,860400
1999-08-20,13.764426863767245,13.800840691449169,13.473116242311853,13.61877155303955,496200
1999-08-23,13.764433509425112,14.128571962055407,13.545950437846935,13.837261199951172,776400
1999-08-24,13.728012713925768,13.910081848062715,13.545943579788823,13.582357406616211,766900
1999-08-25,13.50953233471915,13.65518766986437,13.07256632928349,13.218221664428711,1097900
1999-08-26,13.108982392625466,13.327465432502557,13.108982392625466,13.14539623260498,770900
1999-08-27,13.327465153541885,13.327465153541885,12.96332676136861,12.999740600585938,590600
1999-08-30,12.963322634015764,12.999736461639404,12.672012013026647,12.744839668273926,925500
1999-08-31,12.817671884253143,12.817671884253143,12.417119637870233,12.489947319030762,453000
1999-09-01,12.526355044619814,12.59918269022807,12.052975348166159,12.125802993774414,1047100
1999-09-02,12.16222289969914,12.198636740716202,11.83449833054557,12.05298137664795,1048300
1999-09-03,12.016566891268075,12.307877603783664,12.016566891268075,12.089394569396973,1075800
1999-09-07,12.963326706943741,12.963326706943741,12.016566891268075,12.089394569396973,909300
1999-09-08,12.235048914802144,12.67201494747365,12.235048914802144,12.307876586914062,872300
1999-09-09,12.380703665993432,12.380703665993432,11.870909985628996,12.016565322875977,734800
1999-09-10,12.125803920957775,12.125803920957775,11.506768885953926,11.798079490661621,633200
1999-09-13,11.79807949066162,11.907320967427005,11.616010362719312,11.798079490661621,714100
1999-09-14,11.76167242781921,11.798086274344966,11.470361655613162,11.57960319519043,698500
1999-09-15,11.725256998327716,11.834498523156855,11.47036010705972,11.506773948669434,931700
1999-09-16,11.543187243597849,11.543187243597849,11.215462684631348,11.215462684631348,756500
1999-09-17,11.506773948669434,11.688843156718,11.361118582230581,11.506773948669434,1478800
1999-09-20,11.543182711542388,11.907320967427005,11.543182711542388,11.798079490661621,929600
1999-09-21,11.870909400868191,11.870909400868191,11.579598740724187,11.616012573242188,509300
1999-09-22,11.652425458354333,11.652425458354333,11.288287162780762,11.288287162780762,497600
1999-09-23,11.361112837823445,11.506768130616054,10.851319313049316,10.851319313049316,484200
1999-09-24,10.814910340886627,10.814910340886627,9.977392031659717,10.523599624633789,1527300
1999-09-27,10.778495868323988,10.851323543109961,10.159460632643219,10.45077133178711,923500
1999-09-28,10.441977841513499,10.478616360255652,9.745845985412599,10.258785247802734,1760700
1999-09-29,10.148873750218806,10.222150817007389,9.59929574930443,9.709211349487305,1235200
1999-09-30,9.782483041066525,10.038952633903476,9.63592898801684,9.929037094116211,1004900
1999-10-01,9.929036023066596,9.929036023066596,9.45273540203388,9.526012420654297,970100
1999-10-04,9.599291543996832,9.74584561337083,9.526014509309835,9.635930061340332,928600
1999-10-05,9.635931541179788,9.672570064150053,9.526015972268992,9.562654495239258,778500
1999-10-06,9.562650329005109,10.112227934120346,9.562650329005109,10.03895092010498,1288500
1999-10-07,10.185508180958356,10.222146699594896,9.232906696408294,9.452737808227539,2476300
1999-10-08,9.379459504158266,9.599290586286976,9.08635139465332,9.08635139465332,1090600
1999-10-11,9.196267540775128,9.819122314453125,9.159629024676423,9.819122314453125,1404100
1999-10-12,9.745847110090585,9.745847110090585,9.489377449298727,9.562654495239258,897100
1999-10-13,9.526011925617247,9.709204462648348,9.416096403398587,9.599288940429688,899400
1999-10-14,9.672565955242128,9.709204462648348,9.452734910804807,9.599288940429688,564300
1999-10-15,9.37946454893868,9.892404016458764,9.37946454893868,9.709211349487305,922800
1999-10-18,9.709211349487305,9.745849882881597,9.56265721591014,9.709211349487305,538300
1999-10-19,9.709205880309597,9.855759931333138,9.672567367553711,9.672567367553711,644000
1999-10-20,9.672565740047736,9.745842753229915,9.489373207092285,9.489373207092285,508500
1999-10-21,9.416099809110165,9.45273832976818,9.342822767794132,9.379461288452148,720000
1999-10-22,9.452736421704733,9.965675607378632,9.37945939517989,9.929037094116211,1473000
1999-10-25,9.929038579123361,10.258785247802734,9.819123022896903,10.258785247802734,925300
1999-10-26,10.368702464256423,10.368702464256423,9.855763119734904,10.295425415039062,1058200
1999-10-27,10.368700804029194,10.515254878997803,10.112231172834125,10.258785247802734,594400
1999-10-28,10.295416675157995,11.431209973840906,10.295416675157995,10.9182710647583,3077700
1999-10-29,11.211386346357044,11.651048556018106,11.138109311413535,11.39457893371582,923200
1999-11-01,11.541125454358607,11.541125454358607,10.9182710647583,10.9182710647583,1053800
1999-11-02,10.771725374109606,11.284664677638634,10.771725374109606,11.211387634277344,747900
1999-11-03,11.21138639707823,11.248024914715742,10.845001220703127,10.845001220703125,1449000
1999-11-04,11.284663746996623,12.163988194814541,11.284663746996623,12.017434120178223,1699500
1999-11-05,12.017432099296933,12.56700978676478,11.870878049305507,12.310540199279785,1539200
1999-11-08,12.45709670799366,13.336421181499095,12.420458188264266,12.640289306640625,1917800
1999-11-09,12.786842464678216,12.860119498859753,12.017433605772077,12.090710639953613,705400
1999-11-10,11.944153615299811,11.944153615299811,11.284660470896755,11.687684059143066,1770300
1999-11-11,11.83423734451673,11.944152861648465,11.504490793121526,11.797598838806152,742200
1999-11-12,11.870881080627441,12.310543342872903,11.834242558773653,11.870881080627441,758700
1999-11-15,11.870883076335677,11.94416013236244,11.138112516068041,11.467859268188477,858200
1999-11-16,11.687685713171959,11.76096273958683,11.50449314713478,11.724324226379395,627300
1999-11-17,11.577774270788415,11.577774270788415,11.064834904361081,11.284666061401367,672500
1999-11-18,11.687687605330087,11.687687605330087,10.991555741689737,11.32130241394043,1514700
1999-11-19,11.35793743133545,11.35793743133545,10.954913845062256,10.991552352905273,855500
1999-11-22,11.064835962496305,11.174751551527725,11.028197432819166,11.138113021850586,748500
1999-11-23,11.211380725720256,11.211380725720256,10.918272732890967,10.954911231994629,567300
1999-11-24,10.95491099357605,10.991549491882324,10.515249013900757,10.551887512207031,720600
1999-11-26,10.478610515594482,10.698441505432129,10.478610515594482,10.551887512207031,221300
1999-11-29,10.551890018212534,10.551890018212534,10.002312413097298,10.03895092010498,1664400
1999-11-30,10.03895622141221,10.112233274123248,9.892402115990134,9.965679168701172,1475200
1999-12-01,9.929035155556418,10.075589179992676,9.892396649447354,10.075589179992676,939800
1999-12-02,10.112226952751763,10.22214246310776,9.929034435491767,10.185503959655762,700000
1999-12-03,10.258781406241404,10.844997486598055,10.185504396196823,10.405335426330566,728100
1999-12-06,10.332060419994852,10.332060419994852,9.892398274463156,10.112229347229004,625300
1999-12-07,9.92903659107921,10.148867659516387,9.892398079673013,10.002313613891602,514400
1999-12-08,9.929037862749242,10.11223044324277,9.819122314453125,9.819122314453125,368700
1999-12-09,9.965672026899526,10.038949027097315,9.672564026108363,9.745841026306152,644600
1999-12-10,9.819121109065513,9.929036643868486,9.745844085863531,9.855759620666504,432000
1999-12-13,9.819123528869858,10.258785776431194,9.672569446349412,9.782485008239746,858500
1999-12-14,9.78248841627589,9.892404016458764,9.672572816093014,9.709211349487305,588700
1999-12-15,9.672564026108363,9.92903352680063,9.672564026108363,9.745841026306152,527800
1999-12-16,9.892398444089023,9.929036956844907,9.52601331653017,9.672567367553711,569300
1999-12-17,9.672564026108363,9.782479526405048,9.452733025514991,9.745841026306152,1116600
1999-12-20,9.745847110090585,9.892401201971646,9.526015972268992,9.562654495239258,1623300
1999-12-21,9.526012420654297,9.709204967205341,9.489373911344089,9.526012420654297,1116900
1999-12-22,9.489377449298727,10.148870862763504,9.489377449298727,9.562654495239258,1011500
1999-12-23,9.635931541179788,9.892401201971646,9.526015972268992,9.562654495239258,1232700
1999-12-27,9.56265389174223,9.56265389174223,9.379461288452148,9.379461288452148,1158500
1999-12-28,9.45273666381836,10.038952891031903,9.45273666381836,9.892398834228516,1100300
1999-12-29,9.957300798216863,10.067937473752606,9.772906338990625,9.883543014526367,1216100
1999-12-30,9.846667945154847,9.846667945154847,9.51475778970019,9.551636695861816,1064800
1999-12-31,9.551642535777574,9.994189680292365,9.551642535777574,9.846673965454102,416100
2000-01-03,10.06794270701792,10.104821618032638,9.514759041797156,9.625395774841309,1368700
2000-01-04,9.551636695861816,9.588515602023445,9.109089821922273,9.551636695861816,1283100
2000-01-05,9.551636734946829,9.551636734946829,8.961574233946253,8.998453140258789,1865000
2000-01-06,8.998452806287238,9.551636380444242,8.998452806287238,9.47787857055664,1076200
2000-01-07,9.588516958828631,11.211189059553476,9.588516958828631,10.694884300231934,5434300
2000-01-10,10.989913621475068,11.248065954865421,10.879276907164916,11.026792526245117,1611500
2000-01-11,11.13743094059459,11.13743094059459,10.473610553406834,10.510489463806152,939000
2000-01-12,10.510488170688436,11.02679285275734,10.510488170688436,10.879277229309082,1011200
2000-01-13,10.989918400969687,11.653738975524902,10.879281638543818,11.653738975524902,1079400
2000-01-14,11.8012504229792,12.317555128984539,11.8012504229792,12.133160591125488,1698000
2000-01-18,12.096272943850837,12.096272943850837,11.248058682544222,11.321816444396973,493600
2000-01-19,11.321828688247294,11.801254658759394,11.284949767438672,11.653738975524902,734100
2000-01-20,11.579981133907657,11.764375737950772,11.543102213099033,11.653738975524902,656400
2000-01-21,11.801250136901285,11.985644670290368,11.653734510190018,11.838129043579102,909300
2000-01-24,11.94876576361255,12.096281390323817,11.801250136901285,11.838129043579102,599200
2000-01-25,11.875013534253396,11.911892458272817,11.321829673962089,11.543103218078613,853500
2000-01-26,11.543095875101121,11.543095875101121,10.731760062793695,11.174306869506836,1765100
2000-01-27,11.1743084762056,11.211187382067665,10.76864051172289,10.879277229309082,687900
2000-01-28,10.916160398059422,10.916160398059422,10.47361335489485,10.621129035949707,442000
2000-01-31,10.621129767212345,10.658008690015166,10.32609838478978,10.436735153198242,679200
2000-02-01,10.436734434631136,10.73176579674085,10.326097673839993,10.621129035949707,1109300
2000-02-02,10.621124596904508,10.694882406605233,9.99418321444834,10.252335548400879,1280200
2000-02-03,10.399855129859027,10.547370805459863,9.920429184156305,10.031065940856934,960600
2000-02-04,10.14170143339369,10.21545926200019,9.883549033270942,9.957306861877441,891000
2000-02-07,10.067937473752606,10.067937473752606,9.662269663454882,9.883543014526367,429500
2000-02-08,9.846671485175651,9.883550404595786,9.588519049234717,9.699155807495117,598500
2000-02-09,9.66227081149232,9.772907500173531,9.330360745448692,9.404118537902832,417400
2000-02-10,9.44100000790739,9.477878914188278,8.850937507413178,9.109089851379395,755800
2000-02-11,9.14596943875237,9.330363983888507,8.777180348480098,8.814059257507324,3768400
2000-02-14,8.88781707556178,8.961574893616234,8.74030143945287,8.814059257507324,521800
2000-02-15,8.850937831548997,8.96157455444336,8.777180016286088,8.96157455444336,1230900
2000-02-16,9.14597002226731,10.805521034372264,9.14597002226731,10.694884300231934,5838300
2000-02-17,11.432463714950963,11.432463714950963,10.98991673243673,11.211190223693848,2032000
2000-02-18,11.211191360264609,11.211191360264609,10.621128657092788,10.768644332885742,822300
2000-02-22,10.76864786729163,10.916163591501105,10.25234283255847,10.28922176361084,788300
2000-02-23,10.326097292058607,10.326097292058607,9.883550265256096,10.031065940856934,649100
2000-02-24,10.141702028956725,10.252338778363526,9.920428530143125,10.104823112487793,1224200
2000-02-25,10.104816365597854,10.178574149288348,9.883543014526367,9.883543014526367,543900
2000-02-28,10.031065940856934,10.104823778657352,9.883550265256096,10.031065940856934,719800
2000-02-29,10.326097395036603,10.547370910644531,10.178581717964652,10.547370910644531,1161900
2000-03-01,10.399848529773445,10.399848529773445,9.809786201843037,9.994180679321289,1165300
2000-03-02,9.994185841444766,9.994185841444766,9.588517781459924,9.73603343963623,1217600
2000-03-03,9.662275610548077,9.73603343963623,9.588517781459924,9.73603343963623,752200
2000-03-06,9.441002591197709,9.772912838544503,9.072213427479047,9.256608009338379,1352400
2000-03-07,9.145967783826462,9.145967783826462,8.334631932035405,8.666542053222656,2141900
2000-03-08,8.814062171063181,8.814062171063181,8.297757274013454,8.703425407409668,983100
2000-03-09,8.7034218897585,9.035332046571325,8.666542983445964,8.998453140258789,1049000
2000-03-10,8.961573919974082,9.035331730015022,8.40839034466704,8.924695014953613,1884800
2000-03-13,8.85093816653455,9.072211620697916,8.703422530425643,8.814059257507324,496600
2000-03-14,8.88781707556178,9.14596943875237,8.777180348480098,8.814059257507324,649800
2000-03-15,8.81405860113229,9.256605476502948,8.777179694851402,9.109089851379395,2957300
2000-03-16,9.256603981586212,10.58424439328782,9.256603981586212,10.399849891662598,3525700
2000-03-17,10.252335230509441,10.879276593526205,10.03106180826823,10.067940711975098,1485400
2000-03-20,9.920431550943627,10.031068334039652,9.477884418559524,9.772915840148926,720600
2000-03-21,9.699155984465609,10.768644667163338,9.699155984465609,10.731765747070312,1084300
2000-03-22,11.21119012966962,11.21119012966962,10.03106485286229,10.473611831665039,1932700
2000-03-23,10.584245669004511,11.21118705009537,10.252335526074056,11.026792526245117,842600
2000-03-24,11.026795647646251,11.801252867046156,10.842401071598655,11.211190223693848,1623100
2000-03-27,11.21119195061761,11.21119195061761,10.621129216374579,10.916160583496094,516200
2000-03-28,10.842401071598655,11.358705884531924,10.805522156389136,11.211190223693848,917000
2000-03-29,11.202287617482638,11.424849623127988,11.128100282267521,11.276474952697754,882100
2000-03-30,11.276471994883979,12.426375389099121,11.202284679128162,12.426375389099121,1697500
2000-03-31,12.463466331607005,13.687556774889837,12.463466331607005,13.576275825500488,3413100
2000-04-03,13.502083767784965,13.53917740450965,13.205334673987494,13.35370922088623,1337900
2000-04-04,13.353718536289511,13.576280511894335,12.389283308668603,12.945688247680664,1659100
2000-04-05,13.094062898083882,13.094062898083882,12.611845284273427,12.945688247680664,1196800
2000-04-06,12.982778237905983,13.056965542122589,12.055436935198413,12.500560760498047,1847300
2000-04-07,12.611845016479492,12.723126001919018,12.574751354666319,12.611845016479492,1056700
2000-04-10,12.686032207025958,12.834406852722168,12.537657561329748,12.834406852722168,654200
2000-04-11,12.686037284987313,12.760224637531099,12.463475227355957,12.463475227355957,627600
2000-04-12,12.537659918743632,13.316626955115277,12.537659918743632,12.79731559753418,1151500
2000-04-13,12.945685814727437,13.205341404134577,12.871498503468253,13.056966781616211,901900
2000-04-14,12.760216325256167,12.834403629472773,12.389279804173139,12.500560760498047,1188200
2000-04-17,12.166721297755387,12.46347059770064,12.01834664778276,12.2409086227417,315100
2000-04-18,12.166723577825872,12.686034950050148,12.166723577825872,12.352191925048828,536400
2000-04-19,12.389286233157646,12.463473575871166,12.092536862303572,12.16672420501709,469900
2000-04-20,12.166725962995045,12.315100669860838,11.869976549263459,12.31510066986084,804200
2000-04-24,12.315098139651745,13.761751234369871,12.240910801461071,13.6875638961792,1016400
2000-04-25,14.243966584158416,15.134214495668317,14.02140460628094,14.98583984375,1479300
2000-04-26,15.134207904338837,16.172830015420914,14.2439603805542,14.2439603805542,2315200
2000-04-27,14.09558898652606,14.911649401535465,13.91012071038756,14.503619194030762,965300
2000-04-28,14.503629059455413,14.54072273991438,13.724661769817143,14.206879615783691,704900
2000-05-01,14.466519806055988,15.57932902190645,14.429426165527639,15.319673538208008,1482400
2000-05-02,15.171308255195619,15.28258924484253,13.910123705863953,14.837465286254883,1642000
2000-05-03,14.837468656382166,15.430967402637453,14.65200029817739,14.800374984741211,763000
2000-05-04,14.689090493864613,15.097120785360852,14.577809505274729,15.060027122497559,521600
2000-05-05,15.02293416174593,15.097121490939738,14.689091180373799,14.726184844970703,670900
2000-05-08,14.985836711990865,15.097117677673966,14.16977629698146,14.503619194030762,800900
2000-05-09,14.874557662468689,15.838992822628754,14.726183022444063,15.430962562561035,1767600
2000-05-10,15.579348515420063,16.02447275871778,15.02294321129792,15.245505332946777,2194700
2000-05-11,15.134213282511784,15.542243542579504,15.134213282511784,15.430962562561035,789900
2000-05-12,15.430966823221109,15.57934150421362,15.282592142228598,15.468060493469238,1475500
2000-05-15,15.505141725026473,15.838984489440918,15.356767163064497,15.838984489440918,795600
2000-05-16,15.838984489440918,15.913171770421906,15.616422646497956,15.838984489440918,539700
2000-05-17,15.838998487210386,15.838998487210386,15.356780734672366,15.65353012084961,935900
2000-05-18,15.727709498340728,16.469582587885103,15.727709498340728,16.395395278930664,1680900
2000-05-19,16.395401684991246,16.395401684991246,15.764809312491582,16.135746002197266,931900
2000-05-22,16.098646226040152,16.321208155432412,15.80189698685047,15.950271606445312,1061800
2000-05-23,16.0986523332267,16.247027009108972,15.950277657344424,16.135746002197266,1378400
2000-05-24,16.061560596738545,16.617965698242188,16.024466923304967,16.617965698242188,2451600
2000-05-25,16.580870152626126,16.580870152626126,15.39387273677817,15.987371444702148,1583700
2000-05-26,15.838993245491263,15.838993245491263,15.134213686558397,15.542243957519531,830700
2000-05-30,15.542241602135984,16.914706851011953,15.468054291385931,16.58086395263672,1425100
2000-05-31,16.580870152626126,16.580870152626126,15.91318410621165,15.987371444702148,917700
2000-06-01,16.13575006952349,16.877623635938363,16.13575006952349,16.803436279296875,1131400
2000-06-02,17.21145911872754,18.658111932586106,17.21145911872754,18.064613342285156,1883500
2000-06-05,17.50820794874622,17.916238218738187,17.211458661479334,17.248552322387695,934700
2000-06-06,17.100179708153632,18.101708671537903,17.063086042843103,17.730772018432617,1200700
2000-06-07,17.730768586784663,18.10170516809815,17.730768586784663,17.916236877441406,597500
2000-06-08,17.916241248277043,17.916241248277043,17.174367904663086,17.174367904663086,472600
2000-06-09,17.32275063231751,17.32275063231751,16.84053273462987,16.877626419067383,400000
2000-06-12,17.025993006870085,17.10018034023335,16.580869006690474,16.840524673461914,1192400
2000-06-13,16.84053273462987,16.988907472379914,16.321221152504723,16.877626419067383,587200
2000-06-14,16.877613396480164,17.322737266277446,16.877613396480164,17.211456298828125,868200
2000-06-15,17.471119582520885,17.50821325467061,16.395403090178835,16.729246139526367,1168800
2000-06-16,16.65505734165158,16.8405256862134,16.543776334914487,16.766338348388672,1021000
2000-06-19,16.395395870866448,17.285643610461005,16.358302215050006,17.211456298828125,806500
2000-06-20,17.211462375337042,17.211462375337042,16.469588997089758,16.766338348388672,684400
2000-06-21,16.65505979257986,16.729247141321864,16.024467328272827,16.172842025756836,612100
2000-06-22,16.172831169577208,16.172831169577208,15.393864530675552,15.764801025390625,548300
2000-06-23,15.727709677053051,16.247020845634992,15.727709677053051,15.950271606445312,510100
2000-06-26,16.024463463282643,16.13574445955544,15.505152147342928,15.616433143615723,531600
2000-06-27,15.876087233494143,16.024461880536144,15.690618924691643,15.801899909973145,802500
2000-06-28,15.991257432388933,16.55039230764729,15.80487914063615,16.326738357543945,647600
2000-06-29,16.326744318008423,17.034982085227966,16.326744318008423,16.699501037597656,627700
2000-06-30,16.699501037597656,17.146809101104736,16.662225365638733,16.699501037597656,729300
2000-07-03,16.62494969367981,16.774052381515503,16.51312267780304,16.699501037597656,161300
2000-07-05,16.811328663036665,16.811328663036665,16.326744910000134,16.43857192993164,620100
2000-07-06,16.62494674648784,16.848600738593056,16.177638762277404,16.811325073242188,410900
2000-07-07,16.736776020393865,17.40773808802658,16.736776020393865,17.37046241760254,720900
2000-07-10,17.333182763245148,17.631388058096675,17.295907101388707,17.594112396240234,1438300
2000-07-11,17.594113070355135,17.966869703201645,17.445010417216533,17.929594039916992,1313100
2000-07-12,17.929591331481934,18.675104484558105,17.929591331481934,18.637828826904297,1650800
2000-07-13,18.637839091350752,19.010595873177767,18.339633665889142,18.56328773498535,1475700
2000-07-14,18.563283342418107,19.30879672966381,18.451456334331247,18.8242130279541,926200
2000-07-17,18.86148208071036,18.86148208071036,18.376898548992507,18.712379455566406,636100
2000-07-18,18.60056165111628,18.60056165111628,17.966875182040177,18.15325355529785,437900
2000-07-19,18.041417535146074,18.265071471532185,17.556834006309508,17.892314910888672,926900
2000-07-20,18.004142460678565,18.45145034790039,17.817764174336137,18.45145034790039,362600
2000-07-21,18.376909344071844,18.637839091350752,18.265082309523738,18.56328773498535,702900
2000-07-24,18.48872540791829,18.786930656433103,17.780487942695615,17.892314910888672,501100
2000-07-25,17.892319673526742,18.71238432523005,17.7804926755672,18.600557327270508,596900
2000-07-26,19.0851386608818,20.12885718139877,19.01058733798773,19.86792755126953,2372200
2000-07-27,20.017030498238196,22.216294556703843,20.017030498238196,21.880813598632812,4757000
2000-07-28,21.4707802785954,21.545331599007188,20.837094055095186,21.172574996948242,1413800
2000-07-31,21.28440336144489,21.47078167459239,20.948922397779384,21.43350601196289,1205600
2000-08-01,21.433503871416523,21.433503871416523,20.427061080932617,20.427061080932617,1609900
2000-08-02,20.017040011526525,20.501623847932194,19.271526417056265,19.457904815673828,1763200
2000-08-03,18.936027797300422,19.979745864868164,18.936027797300422,19.979745864868164,2126100
2000-08-04,20.20340347290039,20.613435646704644,19.979749559916254,20.20340347290039,1216300
2000-08-07,20.57617796743846,20.613453652162082,20.203421120202258,20.538902282714844,1225800
2000-08-08,20.576165111644848,20.837094741683824,20.315235481605875,20.687992095947266,1280900
2000-08-09,20.68798991766843,20.68798991766843,19.606995849898368,19.681547164916992,855700
2000-08-10,19.83065394575268,20.2406862641799,19.83065394575268,20.05430793762207,564100
2000-08-11,19.979757595411588,20.576168269901487,19.94248192825597,20.352514266967773,394500
2000-08-14,20.874373332645288,21.023475999307042,20.6879949993181,20.9862003326416,1282600
2000-08-15,21.023475999307042,21.06075166597248,20.874373332645288,20.9862003326416,1094700
2000-08-16,20.874373683725814,21.09802768748002,20.874373683725814,20.948925018310547,793600
2000-08-17,20.874372095494838,21.43350706233845,20.687993773213634,21.321680068969727,554200
2000-08-18,21.396231239224658,21.396231239224658,20.874371940706983,21.13530158996582,649000
2000-08-21,21.17257973807199,21.396233749389648,20.874374389648438,20.874374389648438,536500
2000-08-22,21.023486184121907,21.172588923016388,20.42707522854398,20.538902282714844,642700
2000-08-23,20.277962581767024,20.42706524780943,20.05430858270342,20.389789581298828,869600
2000-08-24,20.31523895263672,20.650719962863747,20.277963284833717,20.31523895263672,501800
2000-08-25,20.31524229842942,20.57617201602393,19.97976123295077,20.166139602661133,575000
2000-08-28,20.017036323260545,20.203414687536714,19.68155526756344,19.830657958984375,564400
2000-08-29,19.71882490548139,20.017030197057668,19.606997921140287,19.86792755126953,475000
2000-08-30,20.054311038829663,20.24068939420912,19.94248402560199,20.128862380981445,1109800
2000-08-31,20.01703333600136,21.172579022064753,20.01703333600136,20.948925018310547,618700
2000-09-01,21.098020135069923,21.35894971271213,20.613436633734395,20.725263595581055,343300
2000-09-05,20.5761716288905,21.060755381020165,20.5761716288905,20.79982566833496,212500
2000-09-06,20.576172646511804,20.576172646511804,19.830659144826594,19.905210494995117,1048600
2000-09-07,19.942480941687375,20.352513260114595,19.942480941687375,20.05430793762207,3163000
2000-09-08,20.203416397831734,20.986205594057687,20.166140721820973,20.83710289001465,1230000
2000-09-11,20.837098721095494,21.0980284009661,20.687996046883722,20.874374389648438,734500
2000-09-12,20.87436662545895,21.172571862965505,20.72526400670567,21.098020553588867,753200
2000-09-13,21.172582736190076,21.880820538985166,21.023480040864793,21.35896110534668,1123600
2000-09-14,21.28440975768404,21.508063800671962,20.91165301937083,21.35896110534668,1004700
2000-09-15,21.321678333513866,21.9180889162695,21.28440267209164,21.508056640625,913200
2000-09-18,21.50805560473738,22.067190499141297,21.50805560473738,21.619882583618164,1636600
2000-09-19,21.619882261430895,22.067190170288086,21.508055284216596,22.067190170288086,862000
2000-09-20,22.06719683294427,22.141748173596106,21.657164459359155,21.768991470336914,788900
2000-09-21,21.80626490536858,22.84998356750588,21.73171357235877,22.812707901000977,1514400
2000-09-22,22.66359686082409,23.334558609993227,22.365391638971143,23.110904693603516,766300
2000-09-25,23.11091043478669,23.11091043478669,22.06719189902213,22.29084587097168,1058800
2000-09-26,22.25357972362315,23.26002302770661,22.216304045694134,23.073644638061523,908300
2000-09-27,23.188829799839507,24.04906058273678,23.076625784678992,23.600244522094727,1236300
2000-09-28,23.338440085357092,23.899460279716635,23.338440085357092,23.787256240844727,904600
2000-09-29,23.787255499772964,23.862058190023824,23.07662994238981,23.48804473876953,1130100
2000-10-02,23.413252200835792,23.7124630915813,23.22624539411985,23.338449478149414,944900
2000-10-03,23.33844757080078,23.33844757080078,22.440814971923828,22.440814971923828,822300
2000-10-04,22.328599649598086,22.740014383510278,22.104191612918708,22.40340232849121,680900
2000-10-05,21.99199235761488,22.366005833084518,21.767584272333096,22.141597747802734,1636800
2000-10-06,21.69277519092225,21.991985883210834,21.28136048902545,21.318761825561523,1103800
2000-10-09,21.318764156765408,21.505770859894927,20.944750750506365,21.206560134887695,657400
2000-10-10,21.24397167060423,21.39357710490426,19.67311461045392,20.6081485748291,1679800
2000-10-11,20.34633310270815,21.243965445474686,20.04712232178597,21.16916275024414,2070900
2000-10-12,21.169161251359366,21.169161251359366,20.084522247314453,20.084522247314453,2050800
2000-10-13,20.08451667438854,20.75774069699374,19.972312670621005,20.57073402404785,1132000
2000-10-16,20.458540329171253,20.83255386352539,20.42113897573584,20.83255386352539,914000
2000-10-17,20.98215573285077,21.169162468437676,20.30893148473791,20.757747650146484,833800
2000-10-18,20.53332921495884,21.730171719291597,20.08451327583406,21.58056640625,1214400
2000-10-19,22.29120875587148,22.8896304674385,22.06680061403385,22.62782096862793,1625300
2000-10-20,22.70262145996094,23.22624040631918,22.665220106649635,22.702621459960938,974200
2000-10-23,22.70261069706508,23.076624052865164,22.44080134800502,23.039222717285156,955500
2000-10-24,23.03923271141861,23.37584487765687,22.5904164897676,22.92702865600586,1110500
2000-10-25,23.263632097551902,23.637645475326046,23.114026746442242,23.18882942199707,1914900
2000-10-26,23.562851636678126,23.74985839569938,22.478212434354845,22.92702865600586,796200
2000-10-27,22.927024561888093,23.48804473876953,22.927024561888093,23.48804473876953,907900
2000-10-30,23.48804716843825,24.535284940279446,23.48804716843825,24.310876846313477,1330100
2000-10-31,24.310874331528975,24.310874331528975,23.375840703393244,23.48804473876953,767400
2000-11-01,24.161267620428017,24.161267620428017,23.188832700720386,23.824655532836914,2896100
2000-11-02,23.862049816196446,25.43290576020938,23.6376418241946,24.19866180419922,1852800
2000-11-03,24.08646867675781,24.08646867675781,23.22623765258789,23.375843048095703,787300
2000-11-06,23.03923271141861,23.37584487765687,22.5904164897676,22.92702865600586,1062200
2000-11-07,22.927034503374347,23.67506173023811,22.62782361262884,23.338449478149414,1076500
2000-11-08,23.338441401577455,23.637652188777164,23.11403331117767,23.450645446777344,536800
2000-11-09,23.60024981107113,23.60024981107113,23.15143364984632,23.22623634338379,481400
2000-11-10,23.26364208233319,24.273478635746372,23.114036667012723,24.011669158935547,800200
2000-11-13,23.89945953514925,23.936860880274683,23.07662994238981,23.48804473876953,561800
2000-11-14,23.488050660803474,24.123873688245606,23.450649306248053,23.899465560913086,977100
2000-11-15,23.974262237548828,24.123867618126354,23.712452821538154,23.974262237548828,652600
2000-11-16,23.89945821896827,24.198668963493695,23.263635386851742,23.824655532836914,1346200
2000-11-17,23.89945778846741,24.423076581954955,23.89945778846741,23.936859130859375,633500
2000-11-20,23.899477355396407,23.899477355396407,23.188851268146745,23.413259506225586,946900
2000-11-21,23.413252200835792,23.45065356217898,23.188844032776665,23.338449478149414,929200
2000-11-22,23.188824482771782,23.30102847220455,22.47819921636426,22.96441650390625,539800
2000-11-24,22.96442691600265,23.301039036921257,22.590413448315314,23.22623634338379,258600
2000-11-27,23.001825762730018,23.039227105433643,22.59041099299013,22.88962173461914,697800
2000-11-28,23.039224070887414,23.600244137548632,22.92702005755517,23.18882942199707,467900
2000-11-29,23.263635386851742,23.93685956203395,23.263635386851742,23.824655532836914,540300
2000-11-30,23.824660102023355,24.75969385798973,23.37584389915949,23.637653350830078,1470500
2000-12-01,23.63765011927125,23.862058190023824,23.301038013142385,23.48804473876953,894000
2000-12-04,23.488036315147806,23.787246968843956,23.450634983435787,23.712444305419922,1131400
2000-12-05,23.862065350137105,24.572691120752474,23.862065350137105,24.535289764404297,1694900
2000-12-06,24.535281989853857,24.759690056834227,24.123867200389842,24.572683334350586,1003100
2000-12-07,24.497875880046063,24.984093263924837,23.936855821724397,24.834487915039062,992000
2000-12-08,25.133694225951622,26.143530154672895,25.133694225951622,26.068727493286133,1450300
2000-12-11,25.95652648084223,26.180934490763054,25.507710461000574,25.769519805908203,1003800
2000-12-12,25.732120831807457,25.732120831807457,24.834488709767662,25.133699417114258,930700
2000-12-13,23.936859130859375,24.161267185211184,23.749852418899536,23.936859130859375,3687100
2000-12-14,24.08647670501318,24.08647670501318,23.188844032776665,23.338449478149414,2209100
2000-12-15,23.30103304194308,23.338434379089055,21.730176881812085,22.777414321899414,3236700
2000-12-18,23.338442548920835,23.712456051307388,23.22623849820487,23.637653350830078,2101700
2000-12-19,23.63765009376298,23.63765009376298,22.066793600190124,22.515609741210938,1825600
2000-12-20,22.291203137990593,22.366005833084518,21.954591010067915,22.141597747802734,1385900
2000-12-21,22.14159713556737,24.236072540283203,22.10419578905459,24.236072540283203,2981500
2000-12-22,24.19866180419922,24.236063136199526,23.78724715219583,24.19866180419922,918700
2000-12-26,24.198677125524302,25.245915084588724,24.16127576984343,25.096309661865234,1441800
2000-12-27,24.986751897593745,25.77462245292328,24.986751897593745,25.587034225463867,1002800
2000-12-28,25.43696335284379,25.88717509360209,25.43696335284379,25.699586868286133,1214400
2000-12-29,25.924691392676646,26.37490311006032,25.211856173485828,25.47447967529297,1104700
2001-01-02,25.92468929868756,25.92468929868756,24.499018975460167,24.761642456054688,1676500
2001-01-03,24.536533555530365,24.724121732560413,23.561075034974113,23.636110305786133,2158100
2001-01-04,23.7861961966393,24.1613727928008,21.31003066197338,22.360525131225586,4562300
2001-01-05,22.210447710467722,23.26094185893579,21.91030652519113,22.773212432861328,2589100
2001-01-08,22.773210138423938,23.260939515358885,22.698174849664717,22.923280715942383,1717300
2001-01-09,23.148383297332344,23.41100677072185,21.760230652273517,21.910301208496094,2219900
2001-01-10,22.47306401950797,22.47306401950797,21.57264075328394,21.835264205932617,1467900
2001-01-11,21.610164642333984,21.64768228928248,21.234988172849018,21.610164642333984,2176200
2001-01-12,21.910313796312206,21.985349117532454,20.559678014347757,20.897336959838867,2987400
2001-01-16,20.747252759245253,22.022852386395957,20.709735123152587,21.835264205932617,2162600
2001-01-17,21.76022485481887,21.835260112938933,20.859801757378087,21.08490753173828,2158700
2001-01-18,20.709736758715486,21.910301208496094,19.80931342138003,21.910301208496094,2922200
2001-01-19,22.02286144383972,22.02286144383972,21.310026064907937,21.347543716430664,976000
2001-01-22,21.497607779742086,22.510584062557157,21.422572499533562,22.435548782348633,958200
2001-01-23,21.797756325114857,23.373497746207498,21.422579796283276,23.11087417602539,1612300
2001-01-24,23.148393630981445,23.523570189020045,22.77321707294285,23.148393630981445,1119100
2001-01-25,23.110865903704354,23.48604229824501,22.885760066979962,23.373489379882812,856500
2001-01-26,23.373480463415625,23.448515713699464,22.885751336570678,23.073339462280273,784100
2001-01-29,22.990819259072868,23.441031133427675,22.918786000346984,23.164901733398438,525200
2001-01-30,23.3930063717173,23.3930063717173,22.210449285121253,22.624643325805664,1671100
2001-01-31,22.684667029046388,22.750698443663044,21.850275058661527,22.2104434967041,865500
2001-02-01,22.210446656871213,22.492580090414215,21.67019163304321,21.862281799316406,1908400
2001-02-02,21.31003084426436,22.834749093682596,21.31003084426436,22.780723571777344,2652100
2001-02-05,22.81073395643336,23.39300868756164,22.462569023211447,23.278953552246094,666400
2001-02-06,23.278947863987877,23.296957890892436,22.348510716887798,22.73869514465332,446900
2001-02-07,23.050847951233866,23.41101652020168,22.870761376854045,23.230932235717773,442400
2001-02-08,23.23092648313961,23.705150070437405,22.060375489009036,22.528594970703125,1678200
2001-02-09,22.378517141483258,22.93077789350285,21.904295997665358,22.636638641357422,1033300
2001-02-12,22.73868611045732,23.104858550131482,22.510578276089173,22.870746612548828,637000
2001-02-13,23.020835028507555,23.284960817784683,22.690680081807365,23.03884506225586,883900
2001-02-14,23.290954943636994,24.10133749778514,23.05084337528957,23.531068801879883,1803300
2001-02-15,23.471050696390034,23.651137323286957,22.75071334838867,22.750713348388672,1238100
2001-02-16,22.720677549929576,22.954789502547925,22.45055242518344,22.6606502532959,1092900
2001-02-20,22.510583433386397,22.810724545831548,21.910301208496094,21.910301208496094,3395000
2001-02-21,21.460084452113406,21.862272348290407,21.01587470345318,21.219970703125,833000
2001-02-22,21.85027847985252,21.880292139406254,21.15995286063944,21.79024887084961,1093900
2001-02-23,22.660641012479065,22.660641012479065,21.610147720509836,21.97031593322754,1056800
2001-02-26,22.09038658739155,22.66065518920486,21.880288713515895,22.2104434967041,1073400
2001-02-27,22.36051914437122,22.72068766429547,22.21044854608685,22.56461524963379,969500
2001-02-28,22.63062737640153,22.810711482760382,21.70019091863609,21.97031593322754,864300
2001-03-01,22.090394636095354,22.21045158915103,21.868290761374702,22.19244384765625,707800
2001-03-02,21.880286882911516,22.816725659433512,21.880286882911516,22.57061004638672,1235400
2001-03-05,22.57061022621981,22.69066712644442,22.03035761005144,22.186429977416992,651000
2001-03-06,22.210450802481123,22.210450802481123,21.610168348360013,22.00035285949707,1154000
2001-03-07,22.000350148422594,22.330504999525484,21.916308691689455,22.270475387573242,540200
2001-03-08,22.420536707519087,22.798715091736177,22.384521245142437,22.636638641357422,474000
2001-03-09,23.11086559663535,23.11086559663535,22.30048551115287,22.786712646484375,1118700
2001-03-12,22.810728627483336,23.29095403534602,22.38452872112367,22.53459930419922,1136300
2001-03-13,22.510592243631585,22.660662858589127,22.09039406377129,22.600635528564453,830300
2001-03-14,22.21044762595612,22.36051821802339,21.94032010225593,22.13841438293457,994900
2001-03-15,22.738689132188725,23.110863434640986,22.36651253984172,22.81072235107422,1316200
2001-03-16,22.810723682986136,22.810723682986136,22.516584396362305,22.516584396362305,859200
2001-03-19,22.060365717461767,22.060365717461767,20.373572303546947,21.159942626953125,2789500
2001-03-20,21.670187517518585,21.670187517518585,20.739750521982657,20.775768280029297,1473500
2001-03-21,19.809315860303766,20.709739308499394,19.809315860303766,20.46962547302246,1912600
2001-03-22,20.409605615603425,20.46963295145559,19.20904057939146,19.86935043334961,1673500
2001-03-23,20.259524500266053,20.499638299190128,19.599214988067192,19.989397048950195,1449500
2001-03-26,20.40959625871488,20.793776527789838,20.2895393521552,20.4996395111084,1354300
2001-03-27,20.487641645428695,20.487641645428695,20.04943571063202,20.349576950073242,1377400
2001-03-28,20.198922839724656,20.759334658001205,20.09648080800323,20.548425674438477,1102800
2001-03-29,20.427907695985464,20.795487568421763,20.36764700473419,20.783437728881836,1694900
2001-03-30,20.64484398950274,22.368261073661788,20.64484398950274,22.15132713317871,995600
2001-04-02,21.910292476623766,22.09107000457819,21.51258099563965,21.615020751953125,1247100
2001-04-03,21.464369613992496,21.464369613992496,20.548427653936102,20.608688354492188,952800
2001-04-04,20.75932668285912,20.891895562961157,19.975956341728686,20.18686294555664,1158400
2001-04-05,20.247131947428215,20.608689270706698,20.247131947428215,20.42791175842285,1486900
2001-04-06,20.421883002100632,20.421883002100632,19.162463133136004,19.264904022216797,2036800
2001-04-09,19.264899283683505,19.28297748884711,19.035914431719657,19.162458419799805,1470700
2001-04-10,19.222724875546316,19.945836102124304,19.132336115893498,19.819292068481445,2704300
2001-04-11,20.42188436666788,20.42188436666788,19.373373425029907,19.379398345947266,1242600
2001-04-12,19.530041925699003,19.638508865633355,19.1383566476567,19.301055908203125,902900
2001-04-16,19.37337231460578,19.445682855023247,19.053997504588587,19.114255905151367,792100
2001-04-17,19.264909708976607,20.24111147834171,19.16246878965654,19.975971221923828,1047500
2001-04-18,20.548431995310835,21.602970341378043,20.548431995310835,21.452322006225586,4182700
2001-04-19,21.422184463854812,22.205555042106454,21.21730271581574,22.000673294067383,2606000
2001-04-20,21.988621897186757,22.20555346911684,20.361620166095417,21.241405487060547,1573200
2001-04-23,21.090761898082768,21.63309669494629,21.03652841839642,21.63309669494629,1185200
2001-04-24,21.392060023077228,21.422189225339405,20.144692199994658,20.42791175842285,2476900
2001-04-25,19.88556893265339,20.638810180102382,19.855439742497403,20.307384490966797,2392300
2001-04-26,20.337521037014515,21.120891757957377,20.337521037014515,20.970243453979492,1393400
2001-04-27,21.33179456396635,21.41615722188539,21.030498043564055,21.217300415039062,928900
2001-04-30,21.241415315165046,21.753618736613635,21.241415315165046,21.512582778930664,1849500
2001-05-01,21.512580075863593,22.235692455475395,20.970245216477018,21.79579734802246,2135000
2001-05-02,22.446598090050728,22.446598090050728,21.560785295607587,21.56681251525879,2536500
2001-05-03,21.633101429829647,21.633101429829647,20.9702473887261,21.084741592407227,1473400
2001-05-04,20.964212897052494,21.181146764251977,20.488163832776962,21.024471282958984,1494800
2001-05-07,21.482455403010025,21.482455403010025,20.48817538400747,20.67498016357422,1931000
2001-05-08,21.09075722119487,21.512572825360788,21.030498834332644,21.241405487060547,1944700
2001-05-09,21.181151296891525,21.84400287854949,20.89793176536157,21.247434616088867,1279400
2001-05-10,21.277566076971993,21.325772336186677,20.7292063734804,20.940113067626953,842600
2001-05-11,21.09075722119487,21.69335028465758,20.970238148760306,21.241405487060547,838200
2001-05-14,21.18114922716456,21.81387154759502,21.18114922716456,21.663223266601562,850700
2001-05-15,21.705398406226518,22.205549361042305,21.633087895627423,22.054901123046875,878300
2001-05-16,22.054908113220716,22.26581709248649,21.994649718407874,22.14529800415039,1311900
2001-05-17,22.446588369649465,22.988922967863164,21.843995393283038,22.13323974609375,1445900
2001-05-18,22.56711260396912,22.838279965310704,22.20555535594357,22.476722717285156,1123600
2001-05-21,22.627377532930762,23.501138261364723,22.536989918844405,22.808155059814453,1732300
2001-05-22,22.506853598794624,22.71776258394856,22.17542782065042,22.314023971557617,1146500
2001-05-23,22.464660344633213,22.53697314052004,21.96450948265026,22.5068416595459,1797200
2001-05-24,22.506849485916714,23.380609867689007,22.506849485916714,22.88045883178711,897100
2001-05-25,22.886485088497693,23.127523241940096,22.4224881372827,22.500825881958008,573800
2001-05-29,22.976884232303522,23.742178034443214,22.886494313650452,23.109453201293945,1236500
2001-05-30,23.79641297060782,23.79641297060782,23.35651779174805,23.356517791748047,1155300
2001-05-31,23.356507860322772,23.47100202204517,23.272145192975916,23.350482940673828,568500
2001-06-01,23.621645393313162,23.621645393313162,22.729808054319427,22.958791732788086,494300
2001-06-04,22.958796500894543,23.374587216690156,22.808148223857938,23.350482940673828,542800
2001-06-05,23.38063029068527,23.796421329329938,23.290242633506217,23.639745712280273,1318700
2001-06-06,23.651782989501953,23.802431288798143,23.477030410627822,23.651782989501953,1044700
2001-06-07,23.681907432100733,24.037437438964844,23.681907432100733,24.037437438964844,937900
2001-06-08,24.07358864181745,24.085640776577293,23.862679731584734,23.898836135864258,373300
2001-06-11,23.410740148562898,23.772297374399763,23.0491852214362,23.5794677734375,846600
2001-06-12,23.64574794431301,23.64574794431301,23.3143199888039,23.531253814697266,541500
2001-06-13,23.531259223841854,23.790374431143047,23.495105110355283,23.5794677734375,749300
2001-06-14,23.57946626146188,23.621647590298217,23.320351070775814,23.585491180419922,860100
2001-06-15,23.549335338255847,23.555360256771028,23.139571917928276,23.22995948791504,770400
2001-06-18,22.958796665419246,23.103420023843295,22.32607435707342,22.681604385375977,931700
2001-06-19,22.41646620501854,22.71776278761634,21.693353947041718,21.904260635375977,1462100
2001-06-20,21.96452287308225,22.47672617997217,21.96452287308225,22.20555877685547,2196600
2001-06-21,22.20556147490072,22.289926465118153,21.934396337547266,22.235692977905273,1476800
2001-06-22,22.386331508521437,22.633394553625674,22.18747470946416,22.59121322631836,469700
2001-06-25,22.657501256190795,22.71776194971405,22.054908113220716,22.14529800415039,471400
2001-06-26,21.813872896310826,22.735839697407176,21.723483002641956,22.633399963378906,695200
2001-06-27,22.74834776001355,23.565111663979962,22.578945901973356,23.232357025146484,1047800
2001-06-28,23.746609336932945,24.200366203243764,23.534857055825267,24.006763458251953,1645300
2001-06-29,23.82527362835575,23.934175517834692,23.53486935905456,23.64982032775879,1289200
2001-07-02,23.64982232505525,23.78897423826836,23.171864248413602,23.419918060302734,464900
2001-07-03,23.474367592893046,23.504617605604448,23.202112862634362,23.395715713500977,136900
2001-07-05,23.093198252418834,23.171850088494995,22.748343219989117,22.80884552001953,845900
2001-07-06,22.748350012434003,23.032705137665847,22.627349992097212,22.869352340698242,577100
2001-07-09,22.869357165213184,22.92380810902268,22.397450524149512,22.403499603271484,469500
2001-07-10,21.961844822268045,22.070746719053638,21.477837674292157,21.87714385986328,1641800
2001-07-11,21.87714609048291,21.961847061523887,21.538339898390646,21.580690383911133,1033300
2001-07-12,21.58068695243814,22.016294514731065,21.58068695243814,21.598838806152344,1013200
2001-07-13,21.719837923626933,21.7803379391758,21.417333230027268,21.683536529541016,1084900
2001-07-16,21.78033368259853,21.901335997976187,21.629081365358264,21.762184143066406,362800
2001-07-17,21.77429033685037,21.780339415644256,20.84257526350069,21.477834701538086,778900
2001-07-18,21.6895810998294,21.750083410730756,21.01802275827818,21.084571838378906,1282900
2001-07-19,20.872822791406442,20.99382512424648,20.267813435133792,20.461416244506836,3072500
2001-07-20,20.540066926134955,20.661069252018223,20.328312278857382,20.425113677978516,1710300
2001-07-23,20.388823801130773,20.600576236085235,20.207321384322885,20.32832145690918,1867400
2001-07-24,20.570316288642367,20.76997046630784,19.96530698603524,20.207311630249023,3187100
2001-07-25,20.20126800487551,20.20731939266546,19.801961804082875,20.0318660736084,1528600
2001-07-26,20.35856108616783,20.46141154530817,19.965304171735568,20.158906936645508,1187700
2001-07-27,19.662802933957764,20.570316915525044,19.662802933957764,20.062108993530273,1234100
2001-07-30,20.11656161228938,20.388816291184078,20.06815975474028,20.358566284179688,1016800
2001-07-31,20.449317411314773,21.41733384330929,20.449317411314773,21.120878219604492,2104900
2001-08-01,21.17532178516374,21.538326378310064,20.903067186340532,20.933317184448242,1171800
2001-08-02,20.661070987460008,20.75182100854952,20.358566301306436,20.491666793823242,806700
2001-08-03,20.42511165108078,21.17532415076735,20.42511165108078,21.084571838378906,1068200
2001-08-06,20.8728182580206,21.169273793694877,20.60056364524362,21.090621948242188,497600
2001-08-07,21.235832626328275,22.07679777392817,21.235832626328275,21.78034210205078,1368900
2001-08-08,21.750089405819203,21.780339415644256,21.296332334659947,21.477834701538086,1100200
2001-08-09,21.477834701538086,21.568587038941065,21.235830007082026,21.477834701538086,547200
2001-08-10,21.568578499732467,21.598828497581255,21.326573901088363,21.483875274658203,314100
2001-08-13,21.483880121188257,21.992088046645545,21.477831043424654,21.8710880279541,1253500
2001-08-14,21.871091455351092,22.24014526287792,21.871091455351092,22.13729476928711,1096500
2001-08-15,22.07074409968554,22.246197391231448,21.91949173964828,22.100994110107422,886100
2001-08-16,22.02234356613003,22.20384592852491,21.756137947218303,22.149394989013672,764000
2001-08-17,22.113085422355137,22.113085422355137,21.62907853217164,21.71377944946289,716500
2001-08-20,21.538338719541773,21.538338719541773,21.235833949278952,21.356836318969727,1142500
2001-08-21,21.356829644877248,21.362881030831236,20.933322637271235,21.17532730102539,1431800
2001-08-22,21.175328550540684,21.175328550540684,20.52191730460444,20.751821517944336,1056000
2001-08-23,20.897024017364263,21.114827757994753,20.836521696118254,21.01802635192871,867700
2001-08-24,20.927270702519714,20.993822091363732,20.57031514156951,20.763917922973633,1258900
2001-08-27,20.691331740068833,20.763932256229413,20.08632205356348,20.419076919555664,1236100
2001-08-28,20.419059540383664,20.419059540383664,19.935052664715492,20.255706787109375,1287800
2001-08-29,20.207304400048688,20.25570392681763,19.95925076705078,20.128652572631836,784800
2001-08-30,20.05606037818179,20.05606037818179,19.29979755547708,19.904808044433594,1490100
2001-08-31,20.11655522352494,20.540062110868732,20.062104305038925,20.068153381347656,920000
2001-09-04,20.267803904871005,20.388806180813734,19.995549360981478,20.15285301208496,776000
2001-09-05,20.27991825421819,20.691324889465246,20.092364482643553,20.54612159729004,886500
2001-09-06,20.546104253836088,20.570305166758065,20.086298447948973,20.43720245361328,1269500
2001-09-07,20.43720911515143,20.43720911515143,19.898751320719832,20.001604080200195,1308200
2001-09-10,19.850352504904688,20.031854801692216,19.511546525088225,19.965303421020508,1145900
2001-09-17,16.18400080388288,17.908277755837,16.18400080388288,17.248817443847656,9099200
2001-09-18,17.25486666604088,17.605772037332258,15.724192619323729,15.72419261932373,7285300
2001-09-19,15.137332404045539,15.161532175090922,13.854712227658865,14.520222663879395,13821300
2001-09-20,13.76396422688107,14.393174574012583,12.463194212056514,12.674947738647461,9609300
2001-09-21,11.495179571756502,12.699148241059536,10.950671296518722,12.402693748474121,6100000
2001-09-24,13.461456807344064,14.883228880710211,13.098450999724077,14.375020980834961,3694400
2001-09-25,14.157218465801488,15.48823948860525,14.157218465801488,15.12523365020752,4197900
2001-09-26,15.520863754811437,15.642596483926793,15.070454514571567,15.332179069519043,2642400
2001-09-27,15.246958550904722,16.768611147239675,15.094793291271225,16.76252555847168,3945400
2001-09-28,17.10338252872736,18.259838750756053,17.042516167372316,17.572052001953125,5739700
2001-10-01,17.419889450502023,17.91899160334689,17.164251620882766,17.651180267333984,3623500
2001-10-02,17.657267993035457,17.803346595016357,17.407716902868565,17.590314865112305,5083800
2001-10-03,19.72062262986688,21.321399818436326,19.318905193826314,20.88316535949707,9972200
2001-10-04,20.78578347064915,21.12054670753801,19.99452195563739,20.761436462402344,2994300
2001-10-05,20.633619702046364,20.968382964085148,19.51976837058829,20.27450942993164,2481500
2001-10-08,20.280597151521302,20.536236140450168,19.385865333988114,20.21364402770996,1862400
2001-10-09,20.21364251736621,22.09440614834812,20.000611977392026,21.972673416137695,3418600
2001-10-10,21.917895513513738,23.311730646306994,21.248368916885333,21.91180992126465,4273200
2001-10-11,22.307443618774414,23.67693191488817,22.003112886304688,22.307443618774414,3193800
2001-10-12,22.31352123204497,22.67263146080862,21.7900721878954,22.54481315612793,1289300
2001-10-15,22.42308073853342,22.916097191204408,22.277001015641062,22.56916046142578,1416700
2001-10-16,22.970890050686883,23.731717058803888,22.733510073792175,23.49433708190918,2451700
2001-10-17,23.749958004304165,23.859517195450614,22.77001319563757,23.244768142700195,2708800
2001-10-18,23.12912460254084,23.433455189416378,22.12483273710832,22.435251235961914,3402500
2001-10-19,22.42917515621887,22.824806056610523,21.97876695027632,22.216144561767578,1902600
2001-10-22,22.33787226114657,22.824800882263084,22.155274318460226,22.58742332458496,1593500
2001-10-23,22.398735141091006,22.757845397205106,21.997018780171725,22.36221694946289,1800900
2001-10-24,22.06397202200549,22.861319157152572,21.759641373426103,22.68480682373047,1053600
2001-10-25,21.24227360242986,22.003099987590563,21.065761323826692,21.54660415649414,3625200
2001-10-26,21.461393259056063,22.72740969129622,21.461393259056063,22.36829948425293,7089800
2001-10-29,23.068257945545575,23.068257945545575,22.0700517337718,22.276996612548828,1759300
2001-10-30,22.185701086195255,22.63610907155547,21.729205188626867,22.40481948852539,2774700
2001-10-31,22.733498622583234,22.733498622583234,21.455310821533203,21.455310821533203,2746700
2001-11-01,21.729212395995155,22.8187168568157,21.60747965189438,22.806543350219727,2798800
2001-11-02,22.550900445562423,23.555192507946643,22.42916772256758,23.329988479614258,2566400
2001-11-05,24.316018963795024,24.364710659556334,23.78648429240107,24.352537155151367,3259200
2001-11-06,24.802936729865014,24.802936729865014,23.85951260696558,24.322093963623047,3355900
2001-11-07,24.328188445408465,24.437747645078424,23.98125175373966,24.291667938232422,1562100
2001-11-08,24.22470671905688,24.34643938033001,23.311715242294504,23.342147827148438,1990900
2001-11-09,22.337866385384714,22.67262957922989,22.155268490729,22.40481948852539,2632300
2001-11-12,22.216129366406722,22.75783735480269,21.449217429074203,22.4595947265625,2132400
2001-11-13,22.581327200638075,23.06825796657472,22.143092761896252,22.39872932434082,1465800
2001-11-14,22.50219858806782,22.642190343644724,22.03352932538469,22.155261993408203,1068700
2001-11-15,22.1856945799497,22.66653734162093,22.03352932538469,22.155261993408203,1353400
2001-11-16,22.155256158103867,22.672616958618164,22.094388679194775,22.672616958618164,1764600
2001-11-19,22.67263896077319,23.713449480652418,22.66655336790511,23.372600555419922,1933000
2001-11-20,23.67692967760376,23.67692967760376,23.129133482177018,23.27521324157715,2309900
2001-11-21,23.22042593993732,23.756046129532304,22.824795227254942,23.676921844482422,1146300
2001-11-23,23.524760122857447,23.5308457142265,23.159561950532243,23.269121170043945,252200
2001-11-26,22.976957367085053,23.244767425031235,22.76392690302081,23.220422744750977,841800
2001-11-27,22.916117120132256,23.58564415448308,22.916117120132256,23.488258361816406,631700
2001-11-28,23.488241653312855,23.488241653312855,22.855233290343605,22.885665893554688,388400
2001-11-29,22.89175485834095,23.676928595274084,22.89175485834095,23.6038875579834,987200
2001-11-30,23.372595061158105,23.494325464777535,22.98304987525662,23.18999481201172,889700
2001-12-03,22.946521272031703,23.427364042488435,22.836962100994537,23.403017044067383,664900
2001-12-04,23.311724435254963,24.017771362839298,23.0073938229883,23.944732666015625,1476500
2001-12-05,24.16384473434412,24.401222178093473,23.6464814362049,23.737781524658203,2095200
2001-12-06,23.7377918676486,24.20646137032522,23.129130537708892,23.725618362426758,2122700
2001-12-07,23.725608024740584,23.975158968407552,23.250853137241883,23.737781524658203,1235000
2001-12-10,23.524762100738325,23.707360041323838,22.946533354001883,23.250864028930664,1174800
2001-12-11,23.281288957470466,23.281288957470466,22.82479309555928,23.00739097595215,1506800
2001-12-12,22.88565804749378,23.12912343343099,22.733492761747524,22.824792861938477,1603400
2001-12-13,22.885659128487493,22.885659128487493,22.429163249686347,22.593502044677734,1415600
2001-12-14,22.733492761747524,22.83087845175081,22.42916219025501,22.824792861938477,2055100
2001-12-17,22.97697528337966,23.238699955800044,22.703077100397888,23.068275451660156,2433800
2001-12-18,23.12913338144035,23.536935408147112,23.0074006361136,23.311731338500977,1264800
2001-12-19,23.281299515804886,23.561283214173617,23.00740141007066,23.524765014648438,770100
2001-12-20,23.28128437381969,23.48214362800702,23.28128437381969,23.403017044067383,1350500
2001-12-21,23.49432786197781,23.737793337775457,23.311729916058997,23.622148513793945,1108400
2001-12-24,23.409111064347037,23.823000899151438,23.409111064347037,23.63431739807129,258200
2001-12-26,23.63431720803585,24.316017150878906,23.597796697543792,24.316017150878906,700000
2001-12-27,24.425990060054517,24.49930403581727,24.322128788608055,24.41377067565918,1309400
2001-12-28,24.523739849158297,24.645931347776635,24.316015000689816,24.603164672851562,1264000
2001-12-31,24.639820202762042,24.804776028164035,24.43820390187934,24.529848098754883,649100
2002-01-02,24.438212150897705,24.499306749031142,24.01054297213509,24.11440658569336,1206600
2002-01-03,24.328239103331054,24.42599185506812,23.698955909686767,23.833364486694336,1665300
2002-01-04,23.857810780477436,23.94334417389284,23.454580261083258,23.521785736083984,1377100
2002-01-07,23.73561754334684,23.73561754334684,23.216306359651277,23.277400970458984,972700
2002-01-08,22.29986293081199,23.149090214731785,22.29986293081199,23.045228958129883,2703000
2002-01-09,23.19796235069385,23.552315042671125,23.063551503422264,23.491220474243164,1734200
2002-01-10,23.39958415572646,23.39958415572646,22.849725863239133,23.204078674316406,988900
2002-01-11,23.21018862324471,23.301830503101595,23.051338969184908,23.216297149658203,1069800
2002-01-14,23.155210198643456,23.155210198643456,22.147132873535156,22.147132873535156,2315000
2002-01-15,22.299869775720232,22.751977750066093,22.2265557879324,22.703100204467773,1478900
2002-01-16,22.72143760935915,22.72143760935915,22.20823481926357,22.391523361206055,1249000
2002-01-17,22.385403112395824,22.45260857217607,21.566722869873043,21.566722869873047,2704100
2002-01-18,21.566714730613793,21.957725624739357,21.4689620070824,21.914958953857422,2344400
2002-01-22,21.99440053485123,21.99440053485123,21.444539589235735,21.731689453125,1435200
2002-01-23,21.731681410639226,21.780558956876632,21.389545578806434,21.50562858581543,1629500
2002-01-24,22.605349702427812,22.75808855176854,22.177680458151794,22.57480239868164,6324800
2002-01-25,22.593132178487416,23.36904587681568,22.538146094964624,23.15521240234375,5998500
2002-01-28,23.032999825972418,23.656174093630725,22.971902938589476,23.30792999267578,3490100
2002-01-29,23.37513753137829,23.491220474243164,22.69697943163772,23.491220474243164,42939200
2002-01-30,23.39958392345426,23.613419643917705,22.996353580722484,23.3568172454834,8708000
2002-01-31,23.424013510354666,23.735599517822266,23.22850810751064,23.735599517822266,2265900
2002-02-01,23.73561210745748,24.377117027072124,23.73561210745748,23.863914489746094,3889200
2002-02-04,23.863911027045447,23.91889708844499,23.40569462558565,23.601200103759766,1917300
2002-02-05,23.60120939754923,24.010548425352276,23.399592982821122,23.52789306640625,1719300
2002-02-06,23.436241967739754,23.674514124091207,23.36903652249003,23.39958381652832,2065500
2002-02-07,23.21628501742365,23.827239886303218,23.063546300203758,23.80280113220215,2657100
2002-02-08,23.80282056039282,24.09607885714354,23.62564294445704,23.67452049255371,2015800
2002-02-11,23.674528282957894,24.224389226935326,23.595103406469924,24.102197647094727,1183000
2002-02-12,24.19382915585803,24.682595264549732,24.010543030403404,24.535964965820312,2560500
2002-02-13,25.0491754358465,27.004233496961454,25.024736656562624,26.882041931152344,5979700
2002-02-14,26.973685477430987,27.3463663639441,26.423824611083433,26.875932693481445,4759900
2002-02-15,26.503234976262217,26.546001650179072,25.80063562372714,26.39326286315918,2992200
2002-02-19,26.27107031882891,26.3260563731857,25.574581850715514,25.64789581298828,1635300
2002-02-20,25.81286213818718,26.118339796627268,25.53793177946919,25.965600967407227,1366700
2002-02-21,25.843412034190454,26.118342420528506,25.47072888055552,25.550153732299805,954900
2002-02-22,25.293549593545016,25.63568305969238,24.988071952708044,25.635683059692383,1166300
2002-02-25,25.544045493316194,26.118342716364072,25.421853950158606,25.97782325744629,1164100
2002-02-26,25.965605789049356,26.655986077893708,25.965605789049356,26.49102783203125,1095700
2002-02-27,26.576552633511817,27.20583577765978,26.52767509618303,27.03476905822754,1388500
2002-02-28,27.06532075223151,27.27915651688225,26.637651553539662,26.820940017700195,1257300
2002-03-01,26.759834116184845,26.765944972600302,26.08778440823347,26.27107048034668,2486100
2002-03-04,26.240525881895984,26.4482507397621,26.148881671133925,26.368825912475586,2180900
2002-03-05,26.332173887418293,27.181403756947798,26.301626586928084,26.820940017700195,1450600
2002-03-06,26.85148462743674,27.17529017528216,26.717073722017403,27.120304107666016,1339000
2002-03-07,27.12642036948452,27.205842892500403,25.59903188765791,26.338287353515625,2338000
2002-03-08,26.27107900583455,26.42381783726382,25.592918221391052,25.770095825195312,2259900
2002-03-11,25.843402862548828,25.904499777057648,25.544036138587057,25.843402862548828,1156800
2002-03-12,25.62958001035535,26.11834387403996,25.354649608717153,25.721221923828125,1494400
2002-03-13,25.69066719703285,25.812858710304074,25.421847732323577,25.7028865814209,1116300
2002-03-14,25.78231013640571,26.69263208739546,25.690665923343502,26.57655143737793,1931400
2002-03-15,26.80871506802214,26.80871506802214,26.27718236123599,26.57655143737793,1526200
2002-03-18,26.484904797675867,26.588768385003963,25.35463870338309,25.751760482788086,1729900
2002-03-19,25.745668891188874,25.78232706660751,25.049179872509487,25.171371459960938,2269100
2002-03-20,25.140793146299103,25.146901669364855,24.560385569524975,24.590932846069336,2794500
2002-03-21,24.896425097995667,25.70899665546929,24.743686293713484,25.605133056640625,2627400
2002-03-22,25.60512623693594,25.89227585830156,25.262990567449428,25.837289810180664,1604700
2002-03-25,25.684560172996424,25.782312923211247,24.627607832983188,24.719249725341797,1457500
2002-03-26,24.866427749465206,25.203703126726555,24.559813344812657,24.706989288330078,1551400
2002-03-27,24.70085104204432,25.228228093090294,24.590469689998333,25.09331703186035,1992300
2002-03-28,25.32634757249155,25.69428623572688,25.08105746961676,25.571640014648438,1098500
2002-04-01,25.694275119970616,25.700406375695113,25.16689823498249,25.626819610595703,1017100
2002-04-02,25.57163066877779,25.970227817501588,25.54096970953461,25.915037155151367,1266000
2002-04-03,26.000899472789897,26.000899472789897,25.65135927865571,25.9395751953125,1120800
2002-04-04,25.78625836050653,26.430147827722383,25.78625836050653,26.368825912475586,1252200
2002-04-05,26.39949557288066,26.644787993292482,26.3749658629831,26.44855499267578,1034800
2002-04-08,26.454678219790893,26.890069911534336,26.27684138594148,26.804218292236328,858000
2002-04-09,26.890087633011657,27.39906876754448,26.767443718491542,27.104719161987305,1375800
2002-04-10,27.104706052719543,27.552362674199195,26.982059858234887,27.484907150268555,1518300
2002-04-11,27.52782927720295,27.52782927720295,27.037246904310926,27.245744705200195,948300
2002-04-12,27.227352142333984,27.583023531759824,26.85941356029718,27.227352142333984,1115900
2002-04-15,27.22735270456852,27.28867463320014,26.307509739404473,26.454683303833008,1694000
2002-04-16,26.4914720822503,26.859408252293324,26.307503997228785,26.368825912475586,1628600
2002-04-17,26.368828123283276,26.890071464426352,26.33203356748161,26.614120483398438,1581700
2002-04-18,26.620257026610947,26.896210401725586,26.062219018837695,26.60799217224121,1788800
2002-04-19,26.706115906180276,26.969804498393724,26.614132982399425,26.865556716918945,687900
2002-04-22,26.86554423497588,27.043378740708512,26.742898054301378,26.871675491333008,1108400
2002-04-23,27.22734334098186,27.472633310433814,26.424013252198804,26.46080780029297,1598400
2002-04-24,26.92074138143531,26.92074138143531,26.368834605149654,26.44855499267578,1750400
2002-04-25,26.44855262435778,26.460817478208313,25.755603587133646,25.908910751342773,1453300
2002-04-26,25.951827518822835,26.368823047176466,25.92116656453113,26.000886917114258,1020000
2002-04-29,26.000893199323624,26.240051975576527,25.51030845500016,25.540971755981445,1158600
2002-04-30,25.915038585452812,26.73063371416683,25.786261145955244,26.687707901000977,1746500
2002-05-01,25.142378894891102,25.816929588065605,23.60930701105628,24.339048385620117,10647100
2002-05-02,23.321086212691622,23.486658238857466,21.591781502890747,22.315391540527344,13889400
2002-05-03,22.382845562931827,23.22296815234986,22.321523634088503,22.68332862854004,7588200
2002-05-06,22.781447737315126,22.904091609101457,22.01491184224102,22.082365036010742,3206700
2002-05-07,22.22954486383404,22.26020583716907,21.309701628089183,21.861608505249023,4040800
2002-05-08,22.229540515953385,22.321525757249386,21.628576666856606,21.76961898803711,2759000
2002-05-09,21.892265046189646,22.198879396026246,21.463004488562035,21.561120986938477,2637900
2002-05-10,21.463002177835158,21.800277458487678,20.849773544182725,20.97241973876953,5846000
2002-05-13,21.125733833839394,21.499803797478698,20.267212529116986,21.432348251342773,3140800
2002-05-14,21.554992696519626,21.67763658191214,21.076672654216594,21.15639305114746,3123900
2002-05-15,21.22384328127214,21.456870815920073,20.911095369640147,20.935625076293945,3162900
2002-05-16,20.941761226598555,20.972422194014342,20.113901070681095,20.475706100463867,4016800
2002-05-17,20.475717289638045,20.5125118742129,19.856356987968372,20.457321166992188,4221100
2002-05-20,20.45729841717069,21.070526775770386,19.960582604563943,20.113889694213867,2526100
2002-05-21,20.113891674467595,20.69645914034837,20.058701023188767,20.66579818725586,7643000
2002-05-22,20.604488251253752,20.610621849700394,20.015789121625335,20.052583694458008,2848700
2002-05-23,20.052578316966052,21.217711406158713,19.978991530316836,21.08893394470215,4407500
2002-05-24,21.7082896073277,21.806406072724208,21.371012064451204,21.616304397583008,4537300
2002-05-28,21.800279280274765,21.800279280274765,21.03374342415201,21.29743194580078,1517300
2002-05-29,21.371014605027018,22.021037727603993,21.309692684094678,21.55498504638672,2799800
2002-05-30,21.64696929566713,21.64696929566713,20.9172280976217,20.929492950439453,2347100
2002-05-31,21.27903137715398,21.462999476236895,21.095063278071066,21.223840713500977,2015400
2002-06-03,21.30969583776395,21.52432493207192,20.733261742135625,20.806848526000977,1601800
2002-06-04,20.23654589879533,20.297867829442634,19.623317235195472,20.20588493347168,4093800
2002-06-05,20.45116910325643,20.90495921286503,20.29786198152503,20.720991134643555,2271200
2002-06-06,21.003084868018437,21.15639205683609,20.144563674926758,20.144563674926758,1501500
2002-06-07,20.14456518217049,20.175228493653936,19.57426337959653,19.745967864990234,4195600
2002-06-10,19.837947630581198,20.11390101512481,19.555862988284108,19.991254806518555,2157700
2002-06-11,20.267203966837105,20.322394632242624,19.506800673033023,19.549726486206055,2462300
2002-06-12,19.56199715514433,19.95446435579824,19.347366855818777,19.782758712768555,1963000
2002-06-13,19.788890209201593,20.02191776760383,19.617185754044204,19.715303421020508,2176400
2002-06-14,19.715303139487315,20.05257844805634,19.396422773239518,19.917667388916016,1704300
2002-06-17,19.91766877446621,20.665808570059824,19.91766877446621,20.586088180541992,1482400
2002-06-18,20.586082982945218,20.849771456150812,20.451171948482443,20.763919830322266,1498000
2002-06-19,20.604480255662658,20.66580451992017,20.23041277045855,20.29173469543457,1911400
2002-06-20,20.236550950346984,20.481843412730772,20.11390471915509,20.353063583374023,1070600
2002-06-21,20.254937356533528,20.567685213112963,20.254937356533528,20.420509338378906,1753600
2002-06-24,20.267197621479205,20.426638311301694,20.052568622811208,20.175214767456055,1630600
2002-06-25,19.99125739793347,20.346931215068505,19.88700962763799,19.929935455322266,980500
2002-06-26,19.07923084966695,19.603215234476405,19.01758528210366,19.35663414001465,1806500
2002-06-27,19.140876404607113,19.30115441969501,17.772350365337115,18.493600845336914,4017800
2002-06-28,18.740178866083387,19.479923248291016,18.660040459643348,19.479923248291016,2090500
2002-07-01,19.29498624192644,19.29498624192644,18.6477108001709,18.6477108001709,2162300
2002-07-02,18.647710936239918,18.74017868919525,17.80316946078767,17.96961212158203,1924800
2002-07-03,18.037425260284962,18.49360060067326,17.895641271203083,18.271677017211914,2987100
2002-07-05,18.401128031312872,19.017581223813867,18.401128031312872,18.875797271728516,601700
2002-07-08,18.647705145347587,19.07922275952323,18.308656431203083,18.5244140625,1204700
2002-07-09,18.52442453619721,19.110055747152376,18.290172757290083,18.339488983154297,2314800
2002-07-10,18.431951718042274,18.50592662450026,17.075755289836717,17.137399673461914,1949000
2002-07-11,16.7675303620452,18.185372492867476,16.7675303620452,18.049753189086914,2840100
2002-07-12,18.049742637681494,18.376461945750265,17.88946473102161,18.185361862182617,1305500
2002-07-15,17.969611508360853,18.07440860501165,16.90931237079311,18.00043487548828,1846000
2002-07-16,17.84630981057067,17.975764339851125,17.476437879241498,17.655208587646484,2145600
2002-07-17,17.88330834739083,18.185370289063375,17.08191844273703,17.273019790649414,2549800
2002-07-18,17.118901755241197,17.12506642693497,15.565439762137103,15.657907485961914,5336800
2002-07-19,15.103107296495876,16.021622660371467,15.103107296495876,15.904496192932129,3670800
2002-07-22,15.719556346084133,15.904491832780426,15.072280966855951,15.257216453552246,2642200
2002-07-23,15.133930732713276,15.719561942047353,14.363363970848209,14.375693321228027,1588000
2002-07-24,14.38185655590256,15.127765718087813,13.568138325003337,14.948993682861328,3371400
2002-07-25,14.94899216785288,15.719558774443234,14.51747439784575,15.164751052856445,2060800
2002-07-26,15.318857095447399,16.5147762298584,15.288033740354647,16.5147762298584,2372900
2002-07-29,16.75520405373897,17.90797128450448,16.75520405373897,17.90180778503418,2729300
2002-07-30,17.44562523636251,19.07306249758364,17.1127411169751,18.678531646728516,3927800
2002-07-31,19.30115155035397,19.726504635784643,18.709356975660256,19.523075103759766,3417400
2002-08-01,19.399785692597746,19.757328573663067,19.307317929110255,19.59088706970215,1790800
2002-08-02,19.66485586704181,19.683349885407047,18.801821665112882,19.171693801879883,1987500
2002-08-05,19.171694451906315,19.171694451906315,17.81549696304176,17.9079647064209,1659100
2002-08-06,19.110042426384155,19.17168795969193,18.46276726612938,18.672361373901367,1746100
2002-08-07,18.894288837999124,19.005250593276376,17.87714137427611,18.166873931884766,1412600
2002-08-08,17.84631962309399,19.726501308769656,17.84631962309399,19.61553955078125,2747600
2002-08-09,19.57239163312131,20.090212482202627,19.079229479611158,19.566226959228516,1216400
2002-08-12,19.171699346637467,20.090214693520114,19.171699346637467,19.9052791595459,890400
2002-08-13,19.973085008644823,20.065551579491746,19.32580843059565,19.578554153442383,1445500
2002-08-14,19.578549104335654,20.127193121042357,19.276487249461166,20.084041595458984,1128500
2002-08-15,20.2936384973242,20.608030950580396,20.02856578109541,20.4354248046875,1097700
2002-08-16,20.312135017075867,20.743652761526867,19.8497950805032,20.25048828125,903500
2002-08-19,20.250488629377266,20.62036199594343,20.108704661914135,20.52789306640625,1006900
2002-08-20,20.527893400061345,20.620362331101493,20.03473125487329,20.312135696411133,803900
2002-08-21,20.435423810753367,20.706662362761524,19.874451512303548,20.151853561401367,1853100
2002-08-22,20.188845017377066,21.014892510624655,20.077883238315252,20.95941162109375,949500
2002-08-23,20.96557783583999,20.96557783583999,20.361453822436715,20.429264068603516,854400
2002-08-26,20.466252833506896,20.89160482219608,20.05322784311331,20.860782623291016,843000
2002-08-27,20.95324373237158,21.10735702082168,19.91143639743633,20.133359909057617,1368200
2002-08-28,20.11487501457304,20.336798613878948,19.572395366445615,19.9422664642334,951500
2002-08-29,19.510735016182426,19.911429185870155,19.17168637470604,19.54772186279297,1952700
2002-08-30,19.560054988349396,19.88061085644152,19.424435740675445,19.609371185302734,1321300
2002-09-03,19.566226093188554,19.566226093188554,18.801824201186104,18.8203182220459,1142200
2002-09-04,18.709355550062504,18.96210127738671,18.15454788461403,18.888126373291016,1187400
2002-09-05,18.86964070373957,19.134715878498678,18.505933069878232,18.968273162841797,707800
2002-09-06,19.381288096902157,19.5107426989096,19.11004837144084,19.165529251098633,835900
2002-09-09,19.171696686617135,19.818973317301936,19.079228932459674,19.535404205322266,775400
2002-09-10,19.689516862576554,19.732667225563365,19.122379833369365,19.331974029541016,1205800
2002-09-11,19.720331733924112,19.726496405145618,19.36278903361248,19.368953704833984,572100
2002-09-12,19.368965352790205,20.589543945481573,19.26416823058417,20.25665855407715,1716800
2002-09-13,20.18884203625624,20.805295228202993,19.75732433157705,20.663511276245117,2162600
2002-09-16,20.651180675705568,20.651180675705568,20.034727521206893,20.571041107177734,943200
2002-09-17,20.799131325821257,21.076533375527774,20.05322119089315,20.127197265625,1050400
2002-09-18,19.57855835154114,20.43542929945842,19.356634771391132,20.108707427978516,2110000
2002-09-19,19.695682124417516,19.911439824752733,19.467593900902923,19.479923248291016,1351100
2002-09-20,19.7265006115314,20.11486675076392,19.56622265296778,19.732664108276367,2655500
2002-09-23,19.664865854995426,19.781992345882596,18.925122381530496,19.103893280029297,2147000
2002-09-24,18.807987873033852,19.257998441198453,18.253180210494783,18.45660972595215,2024200
2002-09-25,18.599193870924655,18.847182886036002,18.16521220760112,18.431800842285156,1715200
2002-09-26,18.537204052636827,19.467164134031705,18.320213130476944,19.343170166015625,1800900
2002-09-27,19.34317167470058,19.39276950227651,18.444209719568175,18.568204879760742,1194600
2002-09-30,18.196217225392182,18.692195409668198,17.51424633513371,18.357410430908203,1787500
2002-10-01,18.382210499590254,19.045581827678355,17.997827665794055,18.9711856842041,2272300
2002-10-02,18.89678704279231,18.902986918067814,17.477048714850604,17.576244354248047,2785800
2002-10-03,17.582451322701896,18.53721003270094,17.582451322701896,17.830440521240234,1942000
2002-10-04,17.985430020771783,18.28921687096512,17.520449930831994,17.87383460998535,1892800
2002-10-07,17.824235530782506,18.134222235665682,16.677284486213676,17.005870819091797,2100000
2002-10-08,17.160868809126235,18.537209725051124,17.111270970241712,18.400815963745117,2327400
2002-10-09,18.19621801831623,18.19621801831623,17.20426042403308,17.45224952697754,1793100
2002-10-10,17.359259183289574,18.983590384314173,17.297261592562403,18.90919303894043,2933300
2002-10-11,19.398968459527442,20.583117571497045,19.38036883162805,20.093338012695312,2321000
2002-10-14,19.746156603683193,19.746156603683193,18.56820716678884,18.902992248535156,1980500
2002-10-15,19.83914804100094,21.0790947935635,19.83914804100094,20.61411476135254,3354800
2002-10-16,20.58311874192851,20.70711390329773,20.118138660552162,20.428125381469727,2430000
2002-10-17,21.32707767759341,21.606063707946383,20.92409417706813,21.51306915283203,3334200
2002-10-18,21.048094916453696,21.82306157490184,20.9550979714357,21.5440731048584,2596200
2002-10-21,21.55026989301741,22.567028045654293,21.339478885947738,22.567028045654297,1908200
2002-10-22,22.474042159721144,22.505040365559836,21.885066788739945,21.984262466430664,1907200
2002-10-23,21.66807288889821,21.692872394888155,20.843507052315456,21.24028968811035,1861300
2002-10-24,21.69906987901193,21.730068077265475,20.638915889668542,20.694713592529297,2273500
2002-10-25,21.048095542838706,21.258886574810102,20.583115533932155,21.14729118347168,1692300
2002-10-28,21.38908041558762,22.00905376096697,20.91790171370399,21.072895050048828,1331400
2002-10-29,20.700912207357554,20.955101216086298,19.987944190196895,20.70711326599121,1494600
2002-10-30,20.45912051765701,20.46531921054253,19.826747417855426,20.049938201904297,3228400
2002-10-31,20.05614280072041,20.05614280072041,18.909192713295543,19.064186096191406,4377000
2002-11-01,19.095179475278314,19.157177049273805,18.785192787806228,19.144777297973633,2419200
2002-11-04,19.870151850382328,20.025145238240242,19.591164461741506,19.715158462524414,1666700
2002-11-05,19.758553382400603,19.90114580245351,19.15717840921069,19.411367416381836,885600
2002-11-06,19.622158712612116,19.746153870916757,18.72319795367261,19.739953994750977,3073500
2002-11-07,19.71515349180854,19.73375311936408,19.00838419977366,19.305971145629883,1561700
2002-11-08,19.305965813176126,19.405161434396284,18.475201598578472,19.051776885986328,1311500
2002-11-11,19.051783347678185,19.312172237322088,18.971187321540885,19.15717887878418,1022600
2002-11-12,19.206771004309935,19.281168314624246,18.96498181517241,19.1137752532959,1725500
2002-11-13,19.101376685216405,19.30596782309584,18.66119621803845,19.039379119873047,903800
2002-11-14,19.219171264648438,19.442362019026653,18.878186441019643,19.374164581298828,1765900
2002-11-15,19.374170157814003,19.504364013671875,19.008385730634036,19.504364013671875,1012700
2002-11-18,19.684149746717168,19.851542800018027,19.485758505399886,19.72134780883789,1427700
2002-11-19,19.72135021259647,20.018938293349322,19.715150337736493,19.981739044189453,1228800
2002-11-20,19.839150168678977,20.459123611450195,19.59116102807159,20.459123611450195,1870600
2002-11-21,20.490114417526062,20.61410953434369,20.235925492304485,20.304122924804688,2646300
2002-11-22,20.30412926418064,21.32708634105211,20.21113230627928,21.085294723510742,1812300
2002-11-25,20.93030263732395,21.072898612074045,20.161536883512362,20.24213409423828,1402300
2002-11-26,20.30412880347253,20.490120350044158,20.03754005288256,20.279329299926758,1071400
2002-11-27,20.291733765574588,20.775312372000805,20.223536297486504,20.713315963745117,630900
2002-11-29,20.862104276201563,21.358082485640974,20.862104276201563,21.141090393066406,564200
2002-12-02,21.153492522166733,21.234089729327824,20.29793090157394,20.70711326599121,1368800
2002-12-03,20.70711704947399,21.035702266767327,20.62031876781997,20.88690757751465,1009400
2002-12-04,20.886894390956996,20.986089999496336,20.496313012651385,20.626506805419922,917900
2002-12-05,20.899308393640176,21.110099501198885,20.08714453379073,20.378530502319336,813600
2002-12-06,19.944543838500977,20.322728004094543,19.845348185641264,19.944543838500977,1241100
2002-12-09,19.94454167705721,19.963142485897592,19.367967450734582,19.39276695251465,1234800
2002-12-10,19.5291609213119,19.89494529983531,19.49816272618497,19.870145797729492,1137100
2002-12-11,19.777157203799185,20.211138005524884,19.653163195808606,20.037546157836914,1085900
2002-12-12,19.987938227628213,20.335121727195787,19.901139987726104,19.938339233398438,1013900
2002-12-13,19.93834693606927,19.963146442764813,19.392770796328517,19.423768997192383,749300
2002-12-16,19.498164736812942,19.888748657718732,19.436167157660623,19.739953994750977,704600
2002-12-17,19.560162575812708,19.76475377434795,19.374171007146323,19.44856834411621,862200
2002-12-18,19.417567720141122,19.417567720141122,19.082782681434626,19.200576782226562,849200
2002-12-19,18.971193626168287,19.163385123524055,18.394617951595112,18.4752140045166,2530900
2002-12-20,18.475211738606596,18.624006434607146,18.245822182075063,18.599206924438477,1990200
2002-12-23,18.59299927287977,18.59299927287977,17.904828526008394,18.171417236328125,2290300
2002-12-24,18.171422481268777,18.346028208058474,17.990581897633206,18.221309661865234,894700
2002-12-26,18.271198411448047,18.79501444739412,18.14648104394927,18.40215301513672,1237500
2002-12-27,18.33355336401687,18.49568697397302,17.903275752571858,18.05293846130371,723200
2002-12-30,18.052945064155494,18.42709840461936,17.840924203543594,18.246257781982422,944400
2002-12-31,18.28990081125079,18.427090229261825,18.021756830653096,18.2961368560791,881400
2003-01-02,18.302373202117472,19.088097022356617,18.27119297746277,19.025737762451172,1332200
2003-01-03,18.957139706256118,19.26893477112679,18.888545600779143,19.137981414794922,770900
2003-01-06,19.237759692039017,20.07960677799482,19.21905155611857,19.936180114746094,1751600
2003-01-07,20.01724694131569,20.204325927472834,19.6742727647078,19.817699432373047,2156100
2003-01-08,19.80522957253651,19.830172567937776,19.175403179049002,19.43731117248535,1420000
2003-01-09,19.437311350385023,19.880059930096422,19.437311350385023,19.873825073242188,1415100
2003-01-10,19.873823540460307,20.03595716246247,19.64309460430997,19.705453872680664,1660100
2003-01-13,19.998538269350146,19.998538269350146,19.26893766057049,19.331296920776367,1344200
2003-01-14,18.770074363247197,19.056925423484817,18.614176737621232,19.031982421875,4004500
2003-01-15,19.03196944929466,19.03196944929466,18.639107034433785,18.87607192993164,1474200
2003-01-16,18.988328389177557,19.081866712446526,18.07788577549562,18.109066009521484,2314700
2003-01-17,18.05918040267521,18.20884317012677,17.847160725828576,18.090360641479492,1441200
2003-01-21,18.208835933111935,18.27119400712759,17.75361414273112,17.840917587280273,1155500
2003-01-22,17.728674810551773,17.928223543162286,17.441822615370956,17.510417938232422,1560600
2003-01-23,17.678779864665145,17.78479023099097,17.522882337092092,17.591476440429688,1250800
2003-01-24,17.398164618720482,17.485468046867187,17.055190518455813,17.279682159423828,2406000
2003-01-27,17.460529092116403,18.582991200847935,17.460529092116403,18.25248908996582,4733700
2003-01-28,18.271191862637075,18.726413599588497,18.271191862637075,18.70146942138672,2353200
2003-01-29,18.458270206791003,18.776301352362182,18.233777353586895,18.770065307617188,1919500
2003-01-30,18.757594784440965,18.763830829706688,18.05293832107064,18.121532440185547,1356500
2003-01-31,17.990583972038056,18.582994161253314,17.89704564630979,18.36473846435547,925100
2003-02-03,18.439562879399563,18.801245164607593,18.3647327179932,18.551809310913086,1311900
2003-02-04,18.55804598067096,18.55804598067096,16.992834310616015,17.616424560546875,3285100
2003-02-05,17.928214631639086,17.928214631639086,17.242265312199983,17.304624557495117,1637000
2003-02-06,17.616436693448044,17.772334363301567,17.073912279019662,17.273462295532227,2922000
2003-02-07,17.522885657237964,17.63513208866304,17.123787102237266,17.254741668701172,1270000
2003-02-10,17.254745467157907,17.853391647338867,17.254745467157907,17.853391647338867,2123700
2003-02-11,17.897037577111124,18.077878100063355,17.27968228896065,17.398164749145508,1289400
2003-02-12,17.348278111762504,17.510411696566358,17.179908482611904,17.2672119140625,1789700
2003-02-13,17.273446702711404,17.491702291962135,16.955415600569793,17.024009704589844,1609800
2003-02-14,17.08636877305476,17.404399871826172,16.743394688377773,17.404399871826172,934800
2003-02-18,17.460524130493177,17.93445278533502,17.41063696626792,17.610185623168945,925600
2003-02-19,17.60395154852354,17.722434022840964,17.279684350077932,17.62265968322754,946000
2003-02-20,17.560296526033593,17.66007084350167,17.211086414895313,17.32956886291504,1177000
2003-02-21,17.26721948806498,17.77856345475292,17.0551986448913,17.666316986083984,917400
2003-02-24,17.585251138328037,17.666317373363636,17.248511724939256,17.285926818847656,639500
2003-02-25,17.292164944484494,17.379468426636656,16.99907782639993,17.323345184326172,1084000
2003-02-26,17.329575753258446,17.423114064400703,16.69974938044114,16.730928421020508,1607900
2003-02-27,16.868113729246957,17.273448293829404,16.71221618576259,17.192380905151367,1563600
2003-02-28,17.29839029175608,17.460523870424186,17.148728801309467,17.279682159423828,882500
2003-03-03,17.460532572760847,17.585251138328037,17.248511724939256,17.285926818847656,1855700
2003-03-04,17.323333864454963,17.323333864454963,16.955415600569793,17.024009704589844,1311300
2003-03-05,16.96165657043457,17.25474358212028,16.91176939420287,16.96165657043457,1207600
2003-03-06,16.868117509778166,16.95542096249074,16.73092806895002,16.80575942993164,1088300
2003-03-07,16.805761602693508,16.880591783945544,16.225822345670952,16.811996459960938,1217300
2003-03-10,16.81823209077688,16.81823209077688,16.150990575657396,16.16969871520996,1724700
2003-03-11,16.18216863809254,16.25699880745899,15.234311103820799,15.2343111038208,3298700
2003-03-12,15.184418878017459,15.284193196927662,14.710490268492139,14.810264587402344,2810600
2003-03-13,15.153247514740103,15.745658920171687,15.028530137925936,15.652120590209961,2145300
2003-03-14,15.714477187142762,16.8681183751454,15.620937683765948,16.58750343322754,2181400
2003-03-17,16.525138341662597,17.30462599928819,16.306881559646676,17.167436599731445,1370800
2003-03-18,17.448052442502746,17.454288486849492,17.08013415187166,17.2672119140625,1266100
2003-03-19,17.24227015780472,17.728670980515833,17.24227015780472,17.709962844848633,1170600
2003-03-20,17.709965200049975,18.0092882741073,17.39817003388922,17.753616333007812,1275900
2003-03-21,17.99681045885323,19.007025743125176,17.772317644835592,18.919723510742188,4242300
2003-03-24,18.720180296796446,18.720180296796446,18.140241152109862,18.190128326416016,1988400
2003-03-25,18.34603032344808,18.70771272182723,18.22131176287416,18.36473846435547,1549100
2003-03-26,18.39591401661878,18.614170861476435,18.289903617082437,18.383441925048828,1356100
2003-03-27,18.383443070335055,18.628054696788116,18.251730129885797,18.439891815185547,1496600
2003-03-28,18.314441939599078,18.66567746827157,18.201544506307364,18.50260353088379,932200
2003-03-31,18.37716577863123,18.439886721841056,17.94439378271868,18.157644271850586,1079300
2003-04-01,18.377168207714767,18.502610110715253,18.239183071456353,18.40852928161621,1063500
2003-04-02,18.97301542838651,19.50614172100666,18.97301542838651,19.18626594543457,1879500
2003-04-03,19.380703267101858,19.386975482990355,19.07964408227105,19.16118049621582,1189600
2003-04-04,19.405782580104717,19.91381985401414,19.286612929478263,19.888731002807617,1464000
2003-04-07,20.384231866705022,20.566122509894747,19.305436026274517,19.386972427368164,2127800
2003-04-08,19.53122957736408,19.60022274424066,19.28034696549833,19.374427795410156,1661400
2003-04-09,19.474780647145096,19.650399071861923,19.16117708634532,19.18626594543457,1404600
2003-04-10,19.1925427661542,19.28035140143416,18.82249037989875,18.847578048706055,1179300
2003-04-11,18.922834906498544,19.192534103184286,18.59668698509707,18.678224563598633,1502200
2003-04-14,18.809940597740336,19.192537307739258,18.571602428491843,19.192537307739258,2011300
2003-04-15,19.192538398153186,19.838560975776325,19.192538398153186,19.568862915039062,1447900
2003-04-16,19.694297832527567,19.75701876628417,19.236437049818296,19.248981475830078,1292800
2003-04-17,19.21136081056367,19.794663843740086,19.205089789742996,19.775848388671875,1247600
2003-04-21,19.77584180500998,19.9828201159759,19.69430420584912,19.869922637939453,998400
2003-04-22,20.17098272613109,21.437941511381414,20.17098272613109,21.287410736083984,3843400
2003-04-23,21.28741113854989,21.95225162039116,21.28741113854989,21.682552337646484,4419400
2003-04-24,21.68254530177828,21.68881871149324,21.03652287221417,21.080427169799805,1609500
2003-04-25,21.168248968836025,21.387770593692558,20.472048397710637,20.509681701660156,1466200
2003-04-28,20.704107709852337,21.36894817398809,20.534763878783465,21.01144027709961,1648500
2003-04-29,21.01144409227039,21.105526142263226,20.390507826050722,20.81700897216797,2519700
2003-04-30,21.481847669506084,21.481847669506084,20.697838630473015,20.748016357421875,3087700
2003-05-01,20.798186508871524,21.262320797063673,20.697833472587426,21.03025245666504,2409400
2003-05-02,21.036528377085258,21.764088575099517,20.817004439106963,21.701366424560547,1879700
2003-05-05,21.19959790479756,21.626098892083377,21.061613980161578,21.174509048461914,1642100
2003-05-06,21.312511764479257,21.312511764479257,20.760568463430996,21.149438858032227,2359600
2003-05-07,21.143152578619233,21.17451245778555,20.559849734225175,20.6037540435791,1672300
2003-05-08,19.88247097994814,20.384236318497678,19.88247097994814,20.233705520629883,2482100
2003-05-09,20.44695075811121,20.980078235327124,20.24624467501506,20.804458618164062,2114900
2003-05-12,20.603746232011396,21.544556605940766,20.246238481326596,21.500652313232422,2228700
2003-05-13,21.343853370212297,21.44420639415945,21.086698596809914,21.10551643371582,1213200
2003-05-14,21.32504708662773,21.739003787310974,21.099252087599442,21.538297653198242,1500200
2003-05-15,21.638655882312882,21.776642279660233,21.488125049515187,21.607295989990234,1822800
2003-05-16,21.607287944397232,21.95225141671014,21.450486148563588,21.670007705688477,1294800
2003-05-19,21.670013763466063,21.676287176912215,21.193337223624937,21.22469711303711,1298200
2003-05-20,21.274861174838733,21.281134584957897,20.79818488779423,21.061613082885742,1118600
2003-05-21,21.02399484074408,21.030265862744663,20.710391103368913,20.94245719909668,1103900
2003-05-22,20.88599742025742,21.00516830890528,20.71038018554105,20.9675350189209,1018400
2003-05-23,20.854642665010676,21.092982108254752,20.754289593003584,21.03653335571289,1148100
2003-05-27,21.06788248727579,21.60728087118667,20.929896186478658,21.60100746154785,1315800
2003-05-28,21.575911571146502,21.920874779769882,21.575911571146502,21.889514923095703,1013600
2003-05-29,22.002428563145823,22.35993645686784,21.720184859521744,21.82680892944336,2163400
2003-05-30,22.171778902840046,22.999692414827447,22.171778902840046,22.893068313598633,5176700
2003-06-02,23.194122515003098,23.802514278961738,22.91187878983643,23.206666946411133,2941200
2003-06-03,23.143950617379204,23.263119144536,22.234499542449104,22.359941482543945,2225300
2003-06-04,22.334843767579834,22.610814012372195,21.952247078537095,22.10904884338379,2074800
2003-06-05,22.10905269474875,22.811524053702016,21.952250902587412,22.761348724365234,1578800
2003-06-06,23.068679667294184,23.19412158373225,22.278399661163814,22.334848403930664,1818900
2003-06-09,22.23449498203485,22.23449498203485,21.63237666420451,21.676280975341797,1658100
2003-06-10,21.63864522043656,22.008697509765625,21.550836608155972,22.008697509765625,1385000
2003-06-11,22.10905005726842,22.573184359443882,22.01496803615286,22.447742462158203,975700
2003-06-12,22.579463020581954,22.805258033604733,22.203139593947984,22.535558700561523,1178900
2003-06-13,22.422659120171065,22.516741164430876,22.046335728343372,22.435203552246094,807900
2003-06-16,22.454016851371247,23.187850505469537,22.454016851371247,23.056135177612305,1136400
2003-06-17,23.219204952608237,23.269380271750233,22.76134409963948,22.798974990844727,1168000
2003-06-18,22.723712718171488,22.980867530890315,22.44146904747883,22.71116828918457,1017000
2003-06-19,22.679816409816688,22.70490527663674,21.67628566307499,21.89580726623535,1988900
2003-06-20,21.92090305198507,22.058887077835408,21.732741276656956,21.757827758789062,1571600
2003-06-23,21.726449542029496,21.889524697721306,21.513199071774274,21.61355209350586,811200
2003-06-24,21.619832425919586,22.8052536223873,21.601014583403625,22.516738891601562,2103200
2003-06-25,22.579453998309035,22.918146382508876,22.12786415270924,22.2031307220459,1914200
2003-06-26,22.133764965215406,22.833722050366884,21.717574591005896,22.669769287109375,2931800
2003-06-27,22.764364690539473,22.764364690539473,21.881537548978624,21.969820022583008,1454800
2003-06-30,21.969812665430865,22.228355139628594,21.503173796980334,21.622987747192383,2041100
2003-07-01,21.62929909671395,21.805866443304772,21.402285655037826,21.749113082885742,1778700
2003-07-02,21.75541677032491,22.007654448709303,21.56623971429501,21.736499786376953,1450000
2003-07-03,21.742809719724693,21.837399472571363,21.389677368683444,21.629302978515625,756000
2003-07-07,21.723884553344593,22.196828328502242,21.660823940013714,21.93828582763672,1848300
2003-07-08,21.850003824865386,22.196828786026515,21.667131650711095,22.05809783935547,1751000
2003-07-09,21.995049385601497,22.38601574764933,21.881542634439615,21.906766891479492,1564200
2003-07-10,21.906762933106968,21.913067793468926,21.049157592853934,21.377065658569336,1834900
2003-07-11,21.477955003717433,21.59146170657542,21.08698640253257,21.282470703125,2421600
2003-07-14,21.66082703955157,21.96981807529661,21.4905693729864,21.736499786376953,1309500
2003-07-15,21.818470339499118,21.9445891518261,21.629293323766774,21.824777603149414,1013800
2003-07-16,21.913066013795827,21.96351451466276,21.12482622912691,21.18157958984375,1025800
2003-07-17,21.181575157031418,21.250940628448404,20.79691383773097,20.904115676879883,1729100
2003-07-18,21.093290173802178,21.12481927370448,20.796911342585044,21.030229568481445,1334300
2003-07-21,20.878897016279893,20.95456736646715,20.70233206400394,20.841060638427734,1009300
2003-07-22,20.99870246363547,21.099597036218366,20.532065967508213,20.645572662353516,1524900
2003-07-23,20.469002269258546,20.50683863033965,19.825799766733738,19.98975372314453,2832400
2003-07-24,19.989758660783068,20.30505453112502,19.80058041692292,19.86363983154297,2029300
2003-07-25,19.970832225817166,20.336575236218696,19.649230426587888,20.2293758392334,1526900
2003-07-28,20.273526654779058,20.746470488975927,20.241995141419213,20.55729103088379,1609000
2003-07-29,20.809525797207918,20.9797858423925,20.21046320982138,20.74646759033203,3631300
2003-07-30,20.752772066579762,21.250940070479572,20.752772066579762,21.168962478637695,2394000
2003-07-31,21.175269939313587,21.20049177852396,20.557287971090137,20.803220748901367,2506800
2003-08-01,20.803219335619218,20.803219335619218,20.2546028749068,20.279827117919922,1529600
2003-08-04,20.216771077855682,20.487925705453083,20.084346193391685,20.45639419555664,1706500
2003-08-05,20.462700352246003,20.61404100728549,20.197850597652394,20.273523330688477,1415100
2003-08-06,20.2483007599594,20.72754941455169,20.147406179754885,20.544679641723633,1272200
2003-08-07,20.431169169599617,20.437474027285926,19.98975456055889,20.103260040283203,1498100
2003-08-08,20.210461279358526,20.68340500230225,20.16001399702152,20.60773468017578,1029600
2003-08-11,20.68340756350935,20.99239855918843,20.563596004846605,20.670795440673828,1431500
2003-08-12,20.68339664717536,20.916714782700097,20.658172414817226,20.910409927368164,883800
2003-08-13,20.96716646383737,21.030224648890805,20.52575195191663,20.651870727539062,693200
2003-08-14,20.714929964150418,20.89780207781036,20.450082686862793,20.815824508666992,1130100
2003-08-15,20.822136912851878,20.904114502239704,20.58881867207329,20.891502380371094,822300
2003-08-18,20.878894268759325,21.049154338413384,20.733858447687368,20.834753036499023,1042900
2003-08-19,20.90411462275146,20.90411462275146,20.582511527038566,20.69601821899414,787900
2003-08-20,20.702323836169974,21.206796646118164,20.626651110540667,21.206796646118164,1515300
2003-08-21,21.522092453025294,21.686045214189917,21.074370579024926,21.206796646118164,1752100
2003-08-22,21.288776292505077,21.332919927812743,20.75907912949581,20.91672706604004,865900
2003-08-25,20.96717949241787,20.97979161836859,20.26722213801382,20.841060638427734,916400
2003-08-26,20.77799709011932,20.872584402237447,20.399640625097476,20.727548599243164,906600
2003-08-27,20.765387472578446,20.765387472578446,20.51314979880009,20.55729103088379,511100
2003-08-28,20.58881856568271,20.620347667433172,20.14740392462744,20.185237884521484,1837100
2003-08-29,20.178934886791755,20.336582815594817,20.071734247095343,20.3050537109375,1192500
2003-09-02,20.24199373595456,20.557289603527163,20.090653066608986,20.368112564086914,1794100
2003-09-03,20.49423139221927,20.557289603527163,20.24199373595456,20.368112564086914,2054900
2003-09-04,20.273524606280187,20.475313762706786,20.273524606280187,20.3050537109375,1825700
2003-09-05,20.298745148923725,20.50053429244921,20.210462699320864,20.487924575805664,1211400
2003-09-08,20.51314728075259,20.904115867668207,20.51314728075259,20.847362518310547,1511300
2003-09-09,20.847365759992297,21.093296176944527,20.588823218386516,20.664493560791016,1096900
2003-09-10,20.620346642882556,20.83474789185565,20.582510279352192,20.759075164794922,1250000
2003-09-11,20.75907756992907,20.78430181520511,20.336582286379308,20.355499267578125,1418500
2003-09-12,20.052812654486274,20.160013275962953,19.42222104644887,20.08434295654297,3256300
2003-09-15,19.907783241353627,20.204162161701333,19.10693135430961,20.178937911987305,2945600
2003-09-16,20.494221970046155,21.118508559252824,20.494221970046155,21.011306762695312,2463300
2003-09-17,21.055453965508697,21.118514571293353,20.935642422792075,21.093290328979492,1207300
2003-09-18,20.62035961759683,21.383375387525096,20.61405235028171,21.326622009277344,1578200
2003-09-19,21.75541554423108,21.75541554423108,21.04284618764349,21.137435913085938,2389500
2003-09-22,21.0932957125371,21.25094365896037,20.904118657932525,20.992401123046875,788600
2003-09-23,21.03022884247338,21.263549465831186,20.897805184145575,21.25724220275879,849600
2003-09-24,21.34552777220217,21.370752017159084,20.74646759033203,20.74646759033203,1396500
2003-09-25,20.841054013044864,21.055455275014697,20.69601821899414,20.69601821899414,699200
2003-09-26,20.740418314970686,20.968753577298827,20.600879561431626,20.676990509033203,1029300
2003-09-29,20.86727123625587,21.29857063293457,20.810187421415357,21.29857063293457,1134200
2003-09-30,21.08925748213389,21.228796200623872,20.93703320564274,20.981433868408203,1038600
2003-10-01,20.98778018898049,21.54593276977539,20.930696374813703,21.54593276977539,1325000
2003-10-02,21.526903394712264,21.882091843490077,21.419079755695265,21.818666458129883,1233100
2003-10-03,22.16750987350949,22.29436305778384,22.07236938042292,22.199222564697266,2061500
2003-10-06,22.199225262721633,22.230937957763672,21.96454841598231,22.230937957763672,911500
2003-10-07,22.104089013369908,22.123118569677377,21.717190188136804,22.091405868530273,1689000
2003-10-08,22.199223679107888,22.230936371887655,22.06602891771885,22.167510986328125,1499700
2003-10-09,22.29437118443777,22.29437118443777,21.596679626370776,21.875757217407227,1360200
2003-10-10,21.8503797754811,21.8503797754811,21.412736377604748,21.577646255493164,1570100
2003-10-13,21.691812736185817,21.93917512036003,21.628384932856978,21.86940574645996,767000
2003-10-14,22.072365154401464,22.180191187223198,21.88842819339678,22.173847198486328,690800
2003-10-15,22.230932575794718,22.332414627075195,22.07236671944879,22.332414627075195,1486500
2003-10-16,22.357793346630157,22.45293386059554,22.072374224257782,22.14848518371582,1706900
2003-10-17,21.564960050143725,21.596672742783383,21.254169855419025,21.539588928222656,2970400
2003-10-20,21.558609374843222,21.68546009183055,21.34930133667392,21.660091400146484,1641400
2003-10-21,21.710839078219013,22.16750956749316,21.622042576309756,21.837692260742188,1984200
2003-10-22,21.83769186534016,21.83769186534016,21.18440125353089,21.292224884033203,1486300
2003-10-23,21.292223742000353,21.767921327692093,21.27953818270581,21.67912483215332,1017600
2003-10-24,21.564951602290385,21.67277519893108,21.419071337676407,21.603008270263672,663900
2003-10-27,21.66009454598268,21.7679181549863,21.412729805077394,21.717178344726562,970500
2003-10-28,21.660108141967196,21.74890468030107,21.222464603715665,21.4507999420166,1734900
2003-10-29,21.558625225064556,22.776410424037493,21.285891627883803,22.738353729248047,3211300
2003-10-30,22.77006243703659,22.782745578869466,22.351448590372126,22.630523681640625,1357600
2003-10-31,22.674924466345047,22.941314025976883,22.51635856098599,22.8334903717041,1579700
2003-11-03,22.87789017659317,23.233078699611973,22.712982688473932,23.175994873046875,1142600
2003-11-04,22.973022338915985,23.00473502669094,22.693944879641204,22.884225845336914,681300
2003-11-05,22.59245778255508,22.643200007283568,22.09773318906457,22.376808166503906,1223300
2003-11-06,22.38949548423405,22.452923270134995,22.199216965576493,22.383153915405273,932600
2003-11-07,22.262657224818714,22.288028356151404,21.805988958451547,21.9138126373291,1358900
2003-11-10,21.94551055082583,22.116761942614538,21.679121109947364,22.104076385498047,1204800
2003-11-11,21.98357288667923,22.408530691251354,21.958201765908875,22.3641300201416,1495900
2003-11-12,22.364133194988,22.700294544109095,22.211911287802696,22.605154037475586,1552000
2003-11-13,22.560750407153282,22.76371451475053,22.33241518122562,22.446582794189453,830600
2003-11-14,22.389503165813366,22.586125740281265,22.116769641674185,22.12311363220215,1456600
2003-11-17,21.72986164688228,22.116762683568027,21.56495423788842,22.066022872924805,957800
2003-11-18,22.110428121244567,22.173853509528467,21.786952350235644,21.863065719604492,614800
2003-11-19,21.81231836755031,21.875746160510563,21.748892994112964,21.78694725036621,1006500
2003-11-20,21.786942117133815,21.96453747605628,21.577636498486854,21.660091400146484,1169700
2003-11-21,21.850387076808083,21.91381248517518,21.67913557078785,21.73621940612793,991100
2003-11-24,21.945517122110324,21.977232234159523,21.748896976736045,21.894777297973633,1225100
2003-11-25,21.939187668446262,22.909610628938108,21.882103822562936,22.732017517089844,1857800
2003-11-26,22.732006023505075,23.023766679602176,22.64320951247756,22.992053985595703,1081300
2003-11-28,22.992047141284765,23.118900299072262,22.865193983497267,23.118900299072266,355000
2003-12-01,23.182323068594364,23.626307861301843,22.922275213076368,23.51214027404785,1537800
2003-12-02,23.937111476185578,24.882162970040692,23.848312531818852,24.304983139038086,3063300
2003-12-03,24.30497868104622,24.53331394277484,24.013218033070043,24.102014541625977,1325300
2003-12-04,24.10202064418585,24.381095801668835,24.10202064418585,24.292299270629883,1474400
2003-12-05,24.514281483466355,25.11682978044507,24.495251936108794,24.552335739135742,1745700
2003-12-08,24.457210777145846,24.774342648335125,24.457210777145846,24.723600387573242,1150800
2003-12-09,24.831416354725274,24.894841735286157,24.596737123699008,24.60942268371582,1740700
2003-12-10,24.545998332295607,24.545998332295607,24.165438774405036,24.228866577148438,1336100
2003-12-11,24.355724004538377,24.552344178475135,24.222526805343254,24.41914939880371,854000
2003-12-12,24.419149229046447,24.63479895538261,24.27326888763135,24.59040069580078,645800
2003-12-15,24.74896120826443,24.888499947707707,24.102012170195355,24.171781539916992,859800
2003-12-16,24.146411111933617,24.279605865478516,24.08298573010935,24.279605865478516,1273400
2003-12-17,24.279609156634585,24.44451904296875,24.076645003856807,24.44451904296875,1182000
2003-12-18,24.444507157262677,24.67284232299466,24.19714486756049,24.5142765045166,1332100
2003-12-19,24.53331191669259,25.211973655492415,24.444515415469912,25.14220428466797,1978700
2003-12-22,25.142208884329897,25.452999114990234,24.989986974249287,25.452999114990234,1483100
2003-12-23,25.433961086606217,25.782807888307484,25.433961086606217,25.662296295166016,1658200
2003-12-24,25.9413842407195,26.144348415063003,25.782818328293402,26.061893463134766,703600
2003-12-26,26.061893463134766,26.099950153145603,25.9413842407195,26.061893463134766,321300
2003-12-29,26.068269424053224,26.284920991272454,25.98543141667892,26.221200942993164,1272600
2003-12-30,25.9981811348227,26.412368824129345,25.9981811348227,26.310415267944336,952500
2003-12-31,26.444214125358585,27.272586611807544,26.259422648087376,26.39323616027832,875000
2004-01-02,26.393245559500055,26.769199678181543,26.068269424053224,26.221200942993164,1012200
2004-01-05,26.284909478153093,26.49518992074454,26.125606996467315,26.444211959838867,915600
2004-01-06,26.316764587040733,26.456951522659615,26.030019687257795,26.36774253845215,869000
2004-01-07,26.367749749091484,26.405980792342362,26.125609275195494,26.2530517578125,1142600
2004-01-08,26.316778591110825,26.730966159063353,26.189336075528217,26.71822166442871,1206600
2004-01-09,26.71821546019143,27.42551894820634,26.699099938060186,26.826539993286133,1202900
2004-01-12,26.890259937074163,27.400027402597797,26.788306443969436,27.37453842163086,1346700
2004-01-13,27.400021846361255,27.55932429895638,27.272579398132653,27.438255310058594,1037600
2004-01-14,27.304447412820906,27.78872837201088,27.240727385394283,27.65491485595703,981600
2004-01-15,27.623051248705494,27.858820687938547,27.47649324718294,27.597564697265625,1035700
2004-01-16,27.718633587445673,27.960774055719792,27.5657021257033,27.839702606201172,893200
2004-01-20,27.145142924419986,27.431887888354904,26.83928243981042,27.26621437072754,1330000
2004-01-21,27.342671430907117,27.775974273681637,27.17699795844034,27.77597427368164,1254700
2004-01-22,27.71863748272546,27.83333548745988,27.36817243748737,27.412776947021484,750300
2004-01-23,27.495598192823447,27.572062672498905,26.99857299802802,27.189735412597656,982900
2004-01-26,27.10055269592286,27.680413959170263,27.087808198506348,27.629438400268555,785400
2004-01-27,27.65491868062525,27.71863871686434,27.3745446873407,27.55296516418457,684600
2004-01-28,27.674017873907097,27.922529271652987,27.14513264833537,27.342668533325195,1132400
2004-01-29,27.35542293390248,27.5911899312202,26.941235500366506,27.049562454223633,851000
2004-01-30,27.113283947246195,27.68677389699115,26.985841466106965,27.66765594482422,839300
2004-02-02,27.527462849600273,27.807834276375743,27.336300402673253,27.77597427368164,1098800
2004-02-03,27.565694607738163,27.979881945975364,27.49560357226702,27.941648483276367,798700
2004-02-04,27.559326542218237,27.871560444255266,27.272581618054172,27.693140029907227,1331500
2004-02-05,28.66169814873659,29.120490008775118,28.30485976528855,28.706302642822266,2812700
2004-02-06,28.642582471355258,28.83374493504836,28.3558375604343,28.419557571411133,1441800
2004-02-09,28.355842335265496,28.515144820295077,28.17742432987653,28.40682029724121,1620300
2004-02-10,28.41319108214152,28.41319108214152,28.07547059463464,28.2602596282959,925000
2004-02-11,28.260265337468873,28.547010352131117,27.591195257099294,28.46417236328125,1822400
2004-02-12,28.35584466516132,28.731798657952417,28.298495668607995,28.725427627563477,1312200
2004-02-13,28.725419860642063,28.86560436816391,28.5597439461673,28.76365089416504,924400
2004-02-17,28.674460584341812,28.680831617157665,28.34948443392216,28.54701805114746,1176000
2004-02-18,28.610732214769317,28.617103245732842,28.40045173152151,28.48328971862793,1122800
2004-02-19,28.59798614133514,28.59798614133514,28.18379865946055,28.209287643432617,894800
2004-02-20,28.419581323484984,28.61074637770964,28.158325170911215,28.343116760253906,822100
2004-02-23,28.40682347113035,28.40682347113035,27.82058899672485,28.145565032958984,829900
2004-02-24,28.132822026108613,28.164682039450653,27.71863456037248,27.92891502380371,818400
2004-02-25,27.814225004582312,27.999014107244363,27.623060008202966,27.75687599182129,724200
2004-02-26,27.78235626138001,27.97352121447935,27.584822708296937,27.884309768676758,719900
2004-02-27,27.463741848198715,28.712674923610418,27.463741848198715,28.64895248413086,1770300
2004-03-01,28.515140018638988,28.744535947375756,28.40681551382585,28.419557571411133,1126900
2004-03-02,28.546997407105952,28.674439848139045,28.26662598144305,28.3558349609375,1030200
2004-03-03,28.362224603148828,28.833761215209957,28.34310907521526,28.83376121520996,742800
2004-03-04,28.674446519376872,28.801888990060025,28.5533775091475,28.687191009521484,472700
2004-03-05,28.674434366066833,28.993039192356466,28.559736434141612,28.74452781677246,724300
2004-03-08,28.706307538924893,28.916587987561865,28.578865063759736,28.680818557739258,561500
2004-03-09,28.591617967848478,28.706315986172367,28.126454862763275,28.317617416381836,845100
2004-03-10,28.45141759241367,28.496022082463487,27.909787822039267,27.979881286621094,776800
2004-03-11,27.7823535666776,27.87156500382728,27.177006043122184,27.32993507385254,1643000
2004-03-12,27.909791335682275,28.202907287414384,27.67402436848581,28.151931762695312,1005200
2004-03-15,28.02448423188298,28.02448423188298,26.966716154735717,27.106903076171875,1352100
2004-03-16,27.272592289925257,27.527477306866967,27.12603425595106,27.221616744995117,1055500
2004-03-17,27.654917438445192,27.712266440789843,27.393661412378094,27.616683959960938,976500
2004-03-18,27.591188864417727,27.591188864417727,26.877514439427678,27.27895736694336,1542400
2004-03-19,27.145140086146714,27.393653982747942,26.985837615146412,27.055931091308594,787400
2004-03-22,27.05593579030343,27.05593579030343,26.52067929755013,26.75644874572754,807900
2004-03-23,26.769193046302707,27.043193561397217,26.495194961971627,26.8902645111084,801100
2004-03-24,26.890261834578922,26.890261834578922,26.40598088508604,26.539796829223633,999900
2004-03-25,26.67360577081432,27.043186234517098,26.495187783562137,26.922117233276367,817600
2004-03-26,26.922122210052148,27.094169199890814,26.71821520670926,26.97947120666504,798600
2004-03-29,27.107486363640096,27.587548122913912,27.03707935665838,27.549144744873047,823300
2004-03-30,27.52352888568612,27.651545787451777,27.39551198392046,27.46592140197754,716000
2004-03-31,27.47873453940776,27.49793622789938,26.985870853786974,27.305912017822266,1196100
2004-04-01,27.369914528348122,27.849976191164508,27.369914528348122,27.561941146850586,1339900
2004-04-02,27.97799781145051,28.195625899399296,27.58754720292002,28.189226150512695,2113000
2004-04-05,28.22762941089262,28.778100598241775,28.22762941089262,28.75249671936035,1074700
2004-04-06,28.515674562548217,28.822913866049635,28.49647286911717,28.707698822021484,1427800
2004-04-07,28.714086937924133,28.80369805230058,28.618073634395238,28.69488525390625,1008900
2004-04-08,28.931716423945097,29.219753907223154,28.349241709636082,28.803699493408203,950000
2004-04-12,28.803702766539452,29.41818117287946,28.797303018059303,29.27736473083496,909900
2004-04-13,29.379786245115618,29.43099157283852,28.944529971727174,29.053342819213867,832300
2004-04-14,29.053340199086804,29.053340199086804,28.029209319779913,28.042011260986328,1349700
2004-04-15,28.13161128926115,28.13161128926115,27.600341926911227,27.702754974365234,1441900
2004-04-16,27.811572093514073,27.843575715187566,27.529934362659766,27.747562408447266,1957000
2004-04-19,27.68356323242188,27.958798854116548,27.363522038983476,27.683563232421875,1418200
2004-04-20,27.6835704048478,27.68997015601762,27.1138973236084,27.1138973236084,1255300
2004-04-21,26.979467219758696,27.331511961158217,26.563412789737477,27.203495025634766,2304600
2004-04-22,27.203507258974273,27.978006526687313,27.00508079759512,27.843589782714844,1617800
2004-04-23,27.8115660445825,27.837169913040455,27.38911198190334,27.587535858154297,1221400
2004-04-26,27.54273662205463,27.587542181265924,27.229097707575576,27.29950714111328,1153100
2004-04-27,27.299512532546128,27.74756821314643,27.094686380923036,27.657957077026367,1416000
2004-04-28,27.664359400168962,28.547671267627067,27.651557460416193,28.41965675354004,2457700
2004-04-29,28.349253173217047,29.42459191780969,28.349253173217047,28.624488830566406,2231100
2004-04-30,28.624477953337095,28.675683261767936,27.965191599605603,28.06120491027832,997700
2004-05-03,28.150815656817976,28.150815656817976,27.747563175765116,28.035600662231445,1269600
2004-05-04,28.176425726664558,28.176425726664558,27.651558387799565,27.77957534790039,1399300
2004-05-05,27.81157791160385,28.054809882301395,27.63875538834931,27.657957077026367,1064200
2004-05-06,27.657954950572506,27.75396827001659,27.075480168854767,27.453128814697266,970000
2004-05-07,27.363517469908302,27.523538039907766,26.768240754172687,26.774642944335938,1055000
2004-05-10,26.467404889713972,26.53141459142436,25.5584891009105,26.102558135986328,2051200
2004-05-11,26.275381506119356,26.800248868283784,26.268981756604415,26.640228271484375,762400
2004-05-12,26.78744526455274,26.80664939534643,25.84012368331698,26.37139320373535,1429000
2004-05-13,26.377799114192317,26.78745152157888,26.307389648850076,26.49941635131836,807600
2004-05-14,26.518602586354348,26.7362306061314,26.21136345991372,26.48659896850586,946900
2004-05-17,26.28817110706253,26.294573295292786,25.756904244762648,26.057741165161133,931400
2004-05-18,26.19215957229701,26.339380610824346,25.98733348615405,26.00013542175293,535800
2004-05-19,26.24337882258361,26.781048144910248,25.724911191215586,25.852928161621094,942600
2004-05-20,25.891329590531086,25.929732965929816,25.379264237546337,25.385663986206055,2297400
2004-05-21,25.603291866950624,26.589019189841068,25.603291866950624,26.35858917236328,1726800
2004-05-24,26.60182361048863,26.749042259451333,26.230574671758013,26.396997451782227,834500
2004-05-25,26.403411987583446,26.774661134223198,26.019363335361856,26.710651397705078,747200
2004-05-26,26.601815339055477,26.86424892590582,26.531405911070323,26.68502426147461,1126800
2004-05-27,26.81944749904453,26.81944749904453,26.512205867497222,26.563413619995117,1041600
2004-05-28,26.51220755620168,26.550613373021374,26.224172476074635,26.35858917236328,1351900
2004-06-01,26.39059868520219,26.755445480346676,26.339393359741578,26.75544548034668,1061000
2004-06-02,26.877062706541995,26.8898622066166,26.672234079537365,26.75544548034668,1143900
2004-06-03,26.75544068092343,26.88985738308152,26.672229295040676,26.81945037841797,1149600
2004-06-04,27.043483915956813,27.389129030126416,26.94107082009776,27.056285858154297,1079700
2004-06-07,27.45952182232272,27.60674040564498,27.40831408461794,27.523529052734375,739800
2004-06-08,27.561952512750263,27.619560033713007,27.382727757687892,27.45953941345215,492000
2004-06-09,27.459532000915466,27.555542882121888,27.139490846786945,27.15229034423828,636600
2004-06-10,27.152286542295606,27.273903726536197,26.787439873013607,26.870651245117188,1549000
2004-06-14,26.659446050212363,26.85147037632316,26.58263436639062,26.710651397705078,1048300
2004-06-15,26.793843292739147,27.005069164890926,26.685028040881562,26.729833602905273,886200
2004-06-16,26.947458108843527,27.10747864973148,26.74903420084306,26.889850616455078,1043800
2004-06-17,26.947473206466498,27.286718603584365,26.761851130746585,27.254714965820312,911500
2004-06-18,27.26749313437365,27.721953225264553,27.13947868347168,27.13947868347168,1475800
2004-06-21,27.203498942999786,27.421127032212596,27.094686119253534,27.305912017822266,921400
2004-06-22,27.350724864671967,27.41473457954699,27.152298411140833,27.280315399169922,956600
2004-06-23,27.337905670117866,27.497926193743073,27.13948178352303,27.369909286499023,1354400
2004-06-24,27.45953445299477,27.48513589190383,27.305913610938156,27.427528381347656,1137500
2004-06-25,27.395519699221175,27.747564446932337,27.2739049512395,27.331512451171875,1225100
2004-06-28,27.756060978869463,27.80751937381004,27.177138699610943,27.228599548339844,900500
2004-06-29,27.235024294219176,27.43443135379393,26.95199705650884,27.13853645324707,940400
2004-06-30,27.20930495733025,27.305792837597828,27.003466436295568,27.196439743041992,930000
2004-07-01,27.196431038526164,27.59524519245116,26.951999406648454,27.048484802246094,911000
2004-07-02,27.112814949752646,27.16427334442232,26.91983922182351,26.952003479003906,825300
2004-07-06,26.69471027116447,26.76546772714004,26.42454811611833,26.604656219482422,1100400
2004-07-07,26.66253985905521,26.797620893001138,26.49529457092285,26.49529457092285,669100
2004-07-08,26.52746277252549,26.939139767975337,26.495298513552854,26.771894454956055,1015000
2004-07-09,26.791193957341335,27.09351787576728,26.791193957341335,26.971302032470703,774100
2004-07-12,27.01631474924018,27.21572176527653,26.964853924280916,27.132099151611328,593500
2004-07-13,27.292914696624734,27.69172633551754,27.22215727844636,27.376537322998047,1428000
2004-07-14,27.28005576677945,27.492328070167837,27.067785917179197,27.325082778930664,577500
2004-07-15,27.402253832035793,27.659552980813793,27.305768491583944,27.4279842376709,1196500
2004-07-16,27.56952359603531,27.56952359603531,27.15141271992745,27.196439743041992,957400
2004-07-19,27.16427532065053,27.222167552483324,26.69470608635718,26.971302032470703,1143700
2004-07-20,26.63036938334582,26.63680075981512,25.723393166362488,25.961393356323242,3159600
2004-07-21,26.051459907128798,26.135082564261836,25.40821398349599,25.459674835205078,1886100
2004-07-22,25.343888765984246,25.343888765984246,24.9901015673836,25.144481658935547,2242600
2004-07-23,24.893613903133975,25.18950639354507,24.604152791302212,24.861452102661133,1502700
2004-07-26,25.408212752963017,25.749132290765186,25.150913414455648,25.37605094909668,1533800
2004-07-27,25.536865920152675,25.556162514357975,25.266701332335057,25.453243255615234,1080500
2004-07-28,25.453240015211108,26.238000796836005,25.453240015211108,25.691240310668945,2080300
2004-07-29,25.72339670574078,25.922801302960686,25.646205454764406,25.73625946044922,760600
2004-07-30,25.78128458708018,26.109338760375977,25.704093349068174,26.109338760375977,936300
2004-08-02,26.051458694175544,26.115782302028535,25.433943225148735,25.6848087310791,1196800
2004-08-03,25.60119772857278,25.6462247653187,25.266709417182067,25.363197326660156,1439200
2004-08-04,25.24739533712966,25.665506050342458,24.990096059185205,25.472530364990234,879100
2004-08-05,25.478963717804106,25.51112551349594,24.887176371165918,24.900041580200195,1064200
2004-08-06,25.150909880435638,25.150909880435638,24.597720551815062,24.71993637084961,908600
2004-08-09,24.636318353169763,24.80356366722397,24.591291334875585,24.62345314025879,852000
2004-08-10,24.732804924272646,24.861454592837934,24.50766739083631,24.809993743896484,918300
2004-08-11,24.80355812055911,24.93220531332336,24.584854457556805,24.84858512878418,919300
2004-08-12,24.84859630922262,24.84859630922262,24.443350599071824,24.636323928833008,1243800
2004-08-13,24.60415654778656,24.79712983387425,24.282533586377582,24.62345314025879,934900
2004-08-16,24.591295597769886,25.189514605994756,24.591295597769886,25.15091896057129,1251900
2004-08-17,25.18308397104552,25.369623461643908,24.977245430269466,25.015838623046875,876800
2004-08-18,24.9579354394187,25.318153954764263,24.797123996569624,25.266693115234375,1695000
2004-08-19,25.286008471351366,25.363197326660156,25.09946648838144,25.363197326660156,584100
2004-08-20,25.363180962458973,25.511127195425576,25.176639099844955,25.266693115234375,676900
2004-08-23,25.17020863892424,25.298858288648685,24.990098147794832,25.086585998535156,1035200
2004-08-24,25.183073101881224,25.21523489991083,25.086585254004508,25.202369689941406,1740900
2004-08-25,25.170205904259582,25.253826081775617,25.080151895372953,25.234529495239258,577000
2004-08-26,25.234538140382313,25.331026013695475,25.067295274266513,25.073726654052734,846100
2004-08-27,25.028689831487764,25.176636046511977,24.964366243664227,25.09944725036621,659300
2004-08-30,25.086584977741534,25.18307282455569,24.925773535576525,24.957935333251953,638500
2004-08-31,25.05441838031254,25.093011548614488,24.62987635247928,24.797119140625,1066700
2004-09-01,24.68777429576115,24.68777429576115,24.038094668779348,24.13458251953125,1825000
2004-09-02,24.12173261643641,24.758547437177725,23.87729837219545,24.70708656311035,2271400
2004-09-03,24.700647109930834,25.324594054494156,24.687781895617636,25.054431915283203,1315300
2004-09-07,25.11875061963512,25.453238764983546,24.95793915285924,25.247400283813477,1068700
2004-09-08,25.150906567893852,25.215232611904078,24.945068134636486,24.990095138549805,694000
2004-09-09,24.99653487353165,25.047993267105607,24.610585879679814,24.925777435302734,984600
2004-09-10,24.893609753215983,25.00296034735185,24.687771319958618,24.990095138549805,868100
2004-09-13,24.957932993948987,25.376043685903717,24.957932993948987,25.318151473999023,985200
2004-09-14,25.414632238221248,25.60117404864846,25.3631738668752,25.466093063354492,1145900
2004-09-15,25.33101898601038,25.922803913703476,25.08658490754295,25.601181030273438,1435100
2004-09-16,25.523983420370904,25.916363595403272,25.523983420370904,25.83917236328125,1282000
2004-09-17,26.00000561723023,26.14795437633853,25.691247790417638,25.704113006591797,1287200
2004-09-20,25.704102025106923,25.761994246262987,25.466101762037795,25.61404800415039,808700
2004-09-21,25.633344593273065,25.65907501462866,25.408209540881735,25.61404800415039,987900
2004-09-22,25.47253535578441,25.536861414767714,25.138049664224237,25.247400283813477,837600
2004-09-23,25.279554305808983,25.38890734552953,25.112311511503286,25.260257720947266,771800
2004-09-24,25.195939872209443,25.221670296247588,24.970804796346417,25.208805084228516,432600
2004-09-27,25.208800241703685,25.234530660799106,24.546257899617515,24.687772750854492,1298600
2004-09-28,24.68130356385883,25.295749510131447,24.674836802593713,25.185794830322266,1429600
2004-09-29,25.082309726051996,25.19226440738228,24.655431925303446,25.12758445739746,1727500
2004-09-30,25.127581232615963,25.948997987346946,24.901207604940595,25.910192489624023,1986700
2004-10-01,26.110710094023325,26.62167084272564,26.03309658386886,26.582862854003906,1634300
2004-10-04,26.582856913762217,27.76647439874778,26.582856913762217,27.404273986816406,3004700
2004-10-05,27.391336447067314,27.4430804175456,27.281384210733425,27.34606170654297,1289200
2004-10-06,27.34606170654297,27.54656589121386,27.15849598177996,27.34606170654297,832500
2004-10-07,27.346080218256663,27.3525494525899,26.938607277701966,26.99034881591797,931600
2004-10-08,26.860967613732704,26.983858284938012,26.421153823423598,26.544044494628906,965000
2004-10-11,26.194782257080078,26.524641392488437,26.15597428403109,26.194782257080078,1232800
2004-10-12,26.16243884007677,26.220649555608713,25.936062738658084,26.110694885253906,1106100
2004-10-13,26.356476160508752,26.427622871290893,26.000745073885824,26.07189178466797,1058600
2004-10-14,25.942533572275913,25.96193632289157,23.057874529129677,23.588237762451172,7531300
2004-10-15,22.954398209665502,22.954398209665502,21.311563898296473,22.624536514282227,10878500
2004-10-18,22.62453246336498,23.1160903029416,22.404625528246648,22.88324737548828,3575500
2004-10-19,22.637466896139202,22.643933658217055,20.567755143606,21.440916061401367,9259000
2004-10-20,21.020510897916903,22.21706206980589,20.79413715208562,21.99068832397461,4479900
2004-10-21,21.997156143188477,22.372292616893247,21.66729688811092,21.997156143188477,2810700
2004-10-22,21.861325961275256,22.831503170804822,21.816051222213602,22.34641456604004,3940200
2004-10-25,22.766821948305655,22.92851812341111,22.359346896199316,22.50164031982422,2399200
2004-10-26,23.607633560060552,24.33203148804945,23.542956098865595,24.047447204589844,3590000
2004-10-27,23.88575816285168,24.235022478297594,23.484752356573622,23.995710372924805,2040000
2004-10-28,23.995712922437434,24.674838874834407,23.859888718873236,24.564884185791016,1891700
2004-10-29,24.571352007573644,24.791258905777365,24.28676515855245,24.616626739501953,1783600
2004-11-01,24.707179169976868,24.96589160244712,24.396722770639684,24.758920669555664,1144000
2004-11-02,24.739517573993314,25.01763522384217,24.416125187405164,24.545482635498047,1344200
2004-11-03,25.19874659389206,25.48333361345667,24.81067652558128,24.901226043701172,1135200
2004-11-04,24.907673947845442,25.418634375788432,24.810657737877282,25.23753547668457,1464600
2004-11-05,25.237545006053683,25.651486913040145,25.15993151531582,25.282819747924805,1135300
2004-11-08,25.353968862385983,25.528601083450685,25.282822127809037,25.379840850830078,787100
2004-11-09,25.548002963823226,25.774376686713843,25.476856231689453,25.476856231689453,1103900
2004-11-10,25.63854598055063,25.677353952087067,25.31515361961071,25.321622848510742,855800
2004-11-11,25.321629240932612,25.61268046542382,25.321629240932612,25.476856231689453,815600
2004-11-12,25.463921827015017,25.54800455817389,24.84300889066185,25.35396957397461,1691900
2004-11-15,25.483322857062593,25.75497129676071,25.37336815483601,25.41217613220215,1369800
2004-11-16,25.062911284350996,25.19226873927626,24.894748320049914,25.043508529663086,1756400
2004-11-17,25.205214691038247,25.295764205079024,24.894758156917348,25.030582427978516,1328800
2004-11-18,24.965887937991678,25.185794830322266,24.927082435825433,25.185794830322266,1253600
2004-11-19,25.18580415032662,25.256950887009623,25.11465988093231,25.2181453704834,1760800
2004-11-22,25.22460520445047,25.5803363228505,25.211669213399265,25.50918960571289,1255300
2004-11-23,25.509193547114315,25.65148700337516,25.26341708103081,25.61914825439453,1827000
2004-11-24,25.806710854236748,26.046020505524194,25.70969216105348,26.00074577331543,889200
2004-11-26,25.936073787416447,26.07836725650873,25.761444033715975,25.987817764282227,228400
2004-11-29,26.06542411160323,26.181845560324007,25.871389186164585,26.130104064941406,896500
2004-11-30,25.96841187805583,26.194785581349695,25.96841187805583,26.143041610717773,878900
2004-12-01,26.29180060367809,26.66046770719431,26.28533137461263,26.524641036987305,1200300
2004-12-02,26.53111385803607,26.660471316691005,26.22712420029021,26.64753532409668,960400
2004-12-03,26.841564862400418,26.983858284938012,26.2465241268574,26.544044494628906,965300
2004-12-06,26.38881542137637,26.42115416310855,26.168908523394574,26.35000991821289,966600
2004-12-07,26.350013118039797,26.466432108955473,25.916666030883786,25.91666603088379,1040600
2004-12-08,25.6320854257246,25.871395139928154,25.56093869432364,25.735570907592773,1159300
2004-12-09,25.677355991277043,26.16244457121066,25.625612025119167,26.155975341796875,741200
2004-12-10,26.628114536106136,26.628114536106136,25.903716645288643,26.26591682434082,649200
2004-12-13,26.32414291110349,26.699276827185674,26.32414291110349,26.64753532409668,845000
2004-12-14,26.776891464858384,27.229638846935085,26.61519526632008,27.216705322265625,1188000
2004-12-15,27.216709741148325,27.57890770561585,26.666941096485193,27.035608291625977,1105200
2004-12-16,27.19729805142295,27.223170033388843,26.408222339767274,26.970924377441406,1173000
2004-12-17,27.003257286363702,27.481878980159628,26.712203720358577,27.45600700378418,2599200
2004-12-20,27.456015353420746,27.585372807349355,27.15202570678174,27.29431915283203,1009200
2004-12-21,26.970927115844624,27.268447536796117,26.641065480508114,27.145559310913086,1180600
2004-12-22,27.26843923236319,27.598298299954934,27.119679067191424,27.488346099853516,782100
2004-12-23,27.423678173940488,27.47541967809587,27.184366006945716,27.261981964111328,402900
2004-12-27,27.139091498960585,27.30078771018026,26.87390981125186,27.09381675720215,442700
2004-12-28,27.00326222260425,27.546561489367324,27.00326222260425,27.527158737182617,409400
2004-12-29,27.39714965671416,27.605146791039747,27.234651740552206,27.501148223876953,531200
2004-12-30,27.605166930086252,27.81966304655218,27.46866669649168,27.709165573120117,486500
2004-12-31,27.819650432972132,28.001649835404304,27.67665391333799,27.787151336669922,515300
2005-01-03,27.91715253163519,27.91715253163519,27.442658743355203,27.514158248901367,892900
2005-01-04,27.520663451705197,27.70916174098606,27.44266510009766,27.442665100097656,902800
2005-01-05,27.449145553827115,27.71564201631005,27.332146864978878,27.423145294189453,1672900
2005-01-06,27.416662813067646,28.021155572635635,26.89666970793462,27.72865867614746,2674000
2005-01-07,27.7871680876788,27.839168656727658,27.48167094332577,27.624670028686523,1405700
2005-01-10,27.42966998648432,27.66366756369641,27.384170733084563,27.416669845581055,978400
2005-01-11,27.29965764572385,27.884651301369644,27.254158414676084,27.650653839111328,1280000
2005-01-12,27.65065315635218,27.79364967346191,27.280158010098944,27.793649673461914,1531900
2005-01-13,27.78064877961957,27.878146055437025,27.481650687022753,27.553150177001953,1354500
2005-01-14,27.559671796899057,27.949666146671074,27.501172396480897,27.624670028686523,1199600
2005-01-18,27.624658949676764,28.378649541828214,27.442661990043774,28.28765106201172,2344800
2005-01-19,28.398145254910364,28.736141340887926,28.15115011784864,28.50214385986328,2893700
2005-01-20,28.359157764512656,28.54115477027835,27.969160992770576,28.39165687561035,2150700
2005-01-21,28.313656761882264,28.320155591890558,27.780663438371104,27.839162826538086,1449100
2005-01-24,27.55965954252573,27.84565510655601,27.137163785198666,27.449159622192383,1182500
2005-01-25,27.46865605582787,27.787153171473154,27.46865605582787,27.689653396606445,1162900
2005-01-26,27.696144960589606,28.08613896381319,27.650645742864235,28.060138702392578,1217400
2005-01-27,27.930150335826177,28.10564843128464,27.722153144065505,27.787151336669922,610900
2005-01-28,27.793656066339,27.852155443914658,27.254164010494723,27.38416290283203,1035200
2005-01-31,27.624661929058938,28.235653559096946,27.566162545792956,28.20965576171875,1529400
2005-02-01,28.372140223131943,28.645135561647802,28.079643446492312,28.51513671875,1007100
2005-02-02,28.515155475971614,28.671154685969334,28.31365949248191,28.599655151367188,1494300
2005-02-03,29.093637819127476,29.230138009443102,28.859642806134502,28.937641143798828,1781000
2005-02-04,28.729638744292963,29.93862391798487,28.729638744292963,29.88662338256836,1653700
2005-02-07,29.704627307128668,29.99062282143592,29.691627172907147,29.893125534057617,1466400
2005-02-08,29.704618226482857,29.834617049435604,29.607118489387968,29.672119140625,1384100
2005-02-09,29.75012433268416,29.964620332640113,29.574626252980984,29.763124465942383,1289900
2005-02-10,29.899632551740037,30.042631587826076,29.574636545742862,29.93863296508789,1118900
2005-02-11,29.938630517736627,31.00461693354402,29.9126302442968,30.712120056152344,2201600
2005-02-14,30.575632009772683,30.64063023440614,30.16613625191659,30.42613410949707,934000
2005-02-15,30.25713082162782,30.484629537292996,30.159633497362464,30.445629119873047,1186500
2005-02-16,30.211616779305793,30.380616025841025,29.67212490657055,29.841121673583984,1618700
2005-02-17,29.84764448158407,29.84764448158407,29.418649673461914,29.418649673461914,1382600
2005-02-18,29.301644888951163,29.399142215674253,29.08714630701883,29.191144943237305,1283300
2005-02-22,28.924647582153035,29.1781440968235,28.63215065002441,28.632150650024414,1350900
2005-02-23,28.79465092197838,29.17164754832045,28.632152889146084,28.911649703979492,524600
2005-02-24,28.911641506553842,29.19763707062094,28.79464275772582,29.035139083862305,695600
2005-02-25,28.937647082184604,29.321142500389303,28.85314741931972,29.236642837524414,858700
2005-02-28,29.02214355955856,29.145641145942093,28.755646940872115,28.898643493652344,1000300
2005-03-01,28.794652589963366,29.39264667477823,28.729654364874584,29.145648956298828,817800
2005-03-02,28.89214461999626,29.353638340503732,28.866144345159103,29.28213882446289,730800
2005-03-03,29.561630234949238,29.65913000819775,29.29513366486184,29.39263343811035,797400
2005-03-04,29.47713553346657,29.789133868304987,29.444636430115008,29.652633666992188,838600
2005-03-07,29.607123669661835,30.088118654888923,29.607123669661835,29.795621871948242,534200
2005-03-08,29.633138701288747,29.802135549244632,29.269142247853708,29.73063850402832,1261200
2005-03-09,29.73062461680474,29.867122293263474,29.405628732176243,29.522624969482422,867500
2005-03-10,29.425140634689157,29.568139680271948,29.223642204960942,29.555139541625977,932000
2005-03-11,29.37964094794661,29.776136492363754,29.093642861076336,29.659137725830078,892200
2005-03-14,29.607125441249092,29.70462520123728,29.217131360340133,29.52912712097168,1456700
2005-03-15,29.444656075511126,29.451157388232684,28.736164239843543,28.814165115356445,1923700
2005-03-16,28.820648506254095,29.10664412465677,28.664649318338014,29.00264549255371,1685400
2005-03-17,29.002648333589743,29.002648333589743,28.242158726750763,28.528154373168945,2012000
2005-03-18,28.443642750436155,28.599641888088208,27.65065436597788,27.982149124145508,1776000
2005-03-21,27.975660572420026,27.975660572420026,27.59216513433047,27.839162826538086,1134600
2005-03-22,27.83915498580358,27.910652013850438,27.208662033081055,27.208662033081055,1288400
2005-03-23,27.234648092647525,27.56614270622693,27.202146530151367,27.202146530151367,1646200
2005-03-24,27.28666463528155,27.501163191527564,27.104667663574222,27.10466766357422,729200
2005-03-28,27.111173274391604,27.598667410141015,26.974675511467385,27.462169647216797,1241500
2005-03-29,27.494819902732623,27.74958262408415,27.46215846264543,27.540546417236328,1452600
2005-03-30,27.59932953970773,27.618925899366978,27.142062043035235,27.436019897460938,1462400
2005-03-31,27.37724381716639,27.37724381716639,26.756666327111986,26.959171295166016,1710700
2005-04-01,26.95916223354762,27.122471913306033,25.05823766083602,26.08382225036621,4738300
2005-04-04,26.168745115393012,27.253121336295525,25.97930528060745,26.94609832763672,3750900
2005-04-05,27.10941955791044,27.142081010803203,26.763203671810693,26.880786895751953,1565800
2005-04-06,27.076755025899068,27.174739373434765,26.9003802100442,26.985301971435547,909300
2005-04-07,26.98529980295546,27.115945589171314,26.893844263932266,26.97223472595215,1237700
2005-04-08,26.978762190349773,27.044087566097,26.12955224090211,26.26020050048828,1913100
2005-04-11,26.39084684167177,26.39084684167177,26.12955034149359,26.29286003112793,1221900
2005-04-12,26.29285374288212,26.73705619180391,26.29285374288212,26.678264617919922,2062700
2005-04-13,26.52149593571925,26.658677986116974,26.123022336094383,26.16874885559082,1108800
2005-04-14,26.1687499148146,26.214476436161892,25.62002916673858,25.70494842529297,2160100
2005-04-15,25.574301280423807,26.10342313974714,25.535106053400145,25.665754318237305,1784100
2005-04-18,25.83559531818974,25.933582139794705,25.450184307469733,25.665754318237305,1054500
2005-04-19,25.659234832633125,25.920531507910724,25.5285889869041,25.81601333618164,869700
2005-04-20,25.737615586767863,25.802938484902818,25.208491141002927,25.28034782409668,1056400
2005-04-21,25.378324838287945,26.129550409319116,25.319533250190652,26.038097381591797,1654300
2005-04-22,26.06422451285592,26.266726910265206,25.92051120483037,26.14261245727539,1645800
2005-04-25,26.12955398050564,26.37125165709095,25.868257443937203,25.992374420166016,1391800
2005-04-26,25.998900306488746,26.37124617393953,25.88131713867187,25.881317138671875,1142200
2005-04-27,26.292861372215235,27.475224482562062,26.070760083307768,27.10287857055664,2595200
2005-04-28,27.207391210443827,27.63199484468436,27.044081545295683,27.21392250061035,1576500
2005-04-29,27.46868240365839,28.115389708730728,27.338034186361128,28.063129425048828,1861400
2005-05-02,28.219908315046894,28.546527618480518,27.7430444310627,28.056598663330078,1697300
2005-05-03,28.089268260522072,28.38322621744407,28.004346519209438,28.08273696899414,948900
2005-05-04,28.28523032492433,28.91233877052413,28.187246031997304,28.840484619140625,1184100
2005-05-05,28.709838616722752,28.801291627268217,28.076196340932533,28.40934944152832,1224500
2005-05-06,28.422420780751846,28.618394425925494,28.298306298462492,28.337501525878906,621000
2005-05-09,28.34403976919358,28.598802580109723,28.291781945063896,28.56614112854004,657000
2005-05-10,28.304844153129892,28.357101971959096,27.827977539326564,27.860641479492188,976800
2005-05-11,27.827978394204187,27.952095390065377,27.364179335746183,27.84104347229004,1707100
2005-05-12,27.932489142186117,28.037007247331587,27.690791491269998,27.78877830505371,1172000
2005-05-13,27.827973132637634,27.827973132637634,27.01142459597681,27.31191635131836,750200
2005-05-16,27.377244413832035,27.95862668315388,27.311921515311614,27.84104347229004,588900
2005-05-17,27.84756277950155,28.500801392726217,27.716914558475107,28.42241096496582,800000
2005-05-18,28.428957588123364,28.65105891662076,28.27871293824405,28.363632202148438,617500
2005-05-19,28.363628319201155,28.5008103650141,28.21338368989015,28.4550838470459,724200
2005-05-20,28.546539412868093,28.559604489432356,28.30484172620066,28.324438095092773,651400
2005-05-23,28.40281596553002,28.474672615134548,28.239506304395253,28.298297882080078,688500
2005-05-24,28.232982372688106,28.3309666997618,28.108865403056445,28.21991729736328,615000
2005-05-25,28.252576035821942,28.29830254912843,27.912891585610836,28.213380813598633,905900
2005-05-26,28.27217640260507,28.442019897704203,28.16112699511662,28.383228302001953,580800
2005-05-27,28.317904833394643,28.422422955928802,28.154595111190734,28.350568771362305,482700
2005-05-31,28.448553994417118,28.481215441492097,28.017416414064826,28.232986450195312,999300
2005-06-01,28.40936085112918,28.64452476187368,28.180725741034777,28.540006637573242,838900
2005-06-02,28.611852635167114,28.611852635167114,28.344024885876415,28.51386833190918,443200
2005-06-03,28.350571557157288,28.428959533783345,27.991288139477753,28.265649795532227,665800
2005-06-06,28.232974464554985,28.546528708798384,28.12192260135408,28.52692985534668,462500
2005-06-07,28.579197040138254,29.160579164078037,28.526936740863196,29.03646469116211,1580200
2005-06-08,29.03646469116211,29.461068409184943,29.00380325006931,29.03646469116211,1778300
2005-06-09,28.98421892303926,29.258580647967303,28.93849238420283,29.232450485229492,763600
2005-06-10,29.258570317862606,29.40228117836269,29.121390749786286,29.19324493408203,547400
2005-06-13,29.09526402749562,29.545998015148246,29.069133870901844,29.33696174621582,869500
2005-06-14,29.487195856340527,29.905268244592033,29.28469344497945,29.89873695373535,1112600
2005-06-15,29.905278435569095,29.924877298633938,29.39575285024239,29.702775955200195,1000800
2005-06-16,29.70277254970309,29.99019675864215,29.617850797915516,29.983665466308594,626200
2005-06-17,30.480125916641256,30.636904343640733,29.983665466308594,29.983665466308594,2000900
2005-06-20,29.885666437252688,29.996715804947623,29.415333840174036,29.657033920288086,1510200
2005-06-21,29.722361144055213,29.91833225761246,29.650504487639047,29.84647560119629,1250200
2005-06-22,29.951007779900653,30.15351277122491,29.59172682076523,29.617856979370117,789300
2005-06-23,29.650510198523666,29.696236717430654,29.062596744615906,29.069128036499023,1011600
2005-06-24,29.088724855723513,29.095258639616468,28.637990951538086,28.637990951538086,1376800
2005-06-27,28.553078322709766,28.899296714256927,28.553078322709766,28.781713485717773,1127500
2005-06-28,28.991835201137235,29.379268646240234,28.70946832563922,29.379268646240234,1451600
2005-06-29,29.379275941022335,29.69447572810041,29.103474561713245,29.622241973876953,1308500
2005-06-30,29.56312883472173,29.64192812053397,29.366129367699077,29.451494216918945,1222400
2005-07-01,29.55000260265275,29.786403024271536,29.504036132336296,29.740436553955078,827700
2005-07-05,29.55000535579495,30.029371808746316,29.523738083171178,29.957138061523438,583600
2005-07-06,29.812674488974768,29.95057391932605,29.556572326198673,29.569705963134766,815600
2005-07-07,29.201977425042784,29.76671135172677,29.103476389463804,29.760143280029297,719100
2005-07-08,29.65506294901409,29.924296149305807,29.352996920391035,29.812664031982422,823900
2005-07-11,29.609112255651812,30.003111415406785,29.464644728081726,29.858646392822266,1203400
2005-07-12,29.950568155451307,30.05563472573525,29.46463370227268,29.753568649291992,707000
2005-07-13,29.714178192304985,29.72074375932513,29.287343691415792,29.438379287719727,906200
2005-07-14,29.740440808774988,29.950573990280024,29.648507854989674,29.871774673461914,729900
2005-07-15,29.87833460697769,30.20010238955377,29.85206733799502,30.12786865234375,740000
2005-07-18,30.180403052177436,30.193536687698757,29.937437057495117,29.937437057495117,531900
2005-07-19,30.167279787175794,30.370847450258868,30.022814756748623,30.338014602661133,920000
2005-07-20,30.33799520626233,30.712294940538957,30.18039413157444,30.60066032409668,943100
2005-07-21,30.521874581120176,30.725442204372097,30.081908998428066,30.37740707397461,1411400
2005-07-22,30.31171557779691,30.633483159240292,30.167248193681544,30.541547775268555,729600
2005-07-25,30.403670195662606,30.528438482057357,30.31173725094113,30.41023826599121,866500
2005-07-26,30.337998858819308,30.337998858819308,29.668198594477047,30.06876564025879,1585400
2005-07-27,30.331436069234105,30.567836498383492,30.141004616850285,30.535003662109375,793000
2005-07-28,30.758286216376174,30.79111906947393,30.50218645523311,30.666353225708008,438600
2005-07-29,30.626940915272126,30.79767569589784,30.331440337254687,30.344573974609375,1090900
2005-08-01,30.52187277106323,30.52187277106323,30.134439256227846,30.35770606994629,782800
2005-08-02,30.489028282200877,30.8042279273117,30.397095365499897,30.784528732299805,506800
2005-08-03,30.78453498637339,31.05376822783017,30.633501948969307,30.850200653076172,783900
2005-08-04,30.68603991796102,30.77140730517779,30.34457287407903,30.48904037475586,942000
2005-08-05,30.403663397727218,30.416797030463016,29.963697973507482,30.02936363220215,547500
2005-08-08,30.075339124834585,30.180405713284376,29.747005722805856,29.77983856201172,572800
2005-08-09,29.944001887628847,30.01623562873033,29.694470333804368,29.911169052124023,754300
2005-08-10,30.173833641199632,30.27890020699443,29.733865674757066,29.79953384399414,574900
2005-08-11,29.812667845860044,29.983400078014974,29.71416684328076,29.9505672454834,395400
2005-08-12,29.79952656462585,29.838924951559413,29.313592250912645,29.471193313598633,839600
2005-08-15,29.379262999498472,29.56312883472173,29.300461208702103,29.451494216918945,852800
2005-08-16,29.523735614421362,29.556568449963127,29.110037377622525,29.175703048706055,662500
2005-08-17,29.195418974048472,29.385853036262283,28.99185377408342,29.300485610961914,482100
2005-08-18,29.15600737071622,29.49747190758465,29.064071913113857,29.280773162841797,572900
2005-08-19,29.563141857238236,29.7338741358694,29.43837605766105,29.622241973876953,583000
2005-08-22,29.753568649291992,30.075333924855794,29.55000107343608,29.753568649291992,444100
2005-08-23,29.701028650798687,29.911161752731303,29.61566129533101,29.648496627807617,386800
2005-08-24,29.655063932342927,29.838929781082573,29.261064969333876,29.3464298248291,502400
2005-08-25,29.425246102010565,29.471212586816254,29.241377657802264,29.385845184326172,469100
2005-08-26,29.280762500273138,29.641928613316235,29.050930202423213,29.582828521728516,797800
2005-08-29,28.89332877043758,29.379263129224324,28.748861324990465,29.228227615356445,830000
2005-08-30,29.090342125125556,29.09691019668171,28.847376082240064,29.018108367919922,889200
2005-08-31,28.926176192671388,29.18227588064854,28.55187626332241,29.16257667541504,1423200
2005-09-01,29.103472278353035,29.4186720407016,28.965572852010233,29.35300636291504,1563500
2005-09-02,29.38583092361229,29.392396487547366,29.057497617203214,29.307031631469727,1005900
2005-09-06,29.339871530959236,29.74043866209796,29.29390505738446,29.51717185974121,978200
2005-09-07,29.615667814095488,29.779834492676915,29.47120284033344,29.609102249145508,777200
2005-09-08,29.464636431277587,29.5040373381526,28.794836044311523,28.794836044311523,1550300
2005-09-09,28.702907148320406,29.018106932823258,28.138173261716673,29.01154136657715,2611400
2005-09-12,28.8670750346027,29.490909062761027,28.73574115946642,29.425243377685547,1633100
2005-09-13,29.431795503691816,30.686028553756014,29.431795503691816,30.403661727905273,2541800
2005-09-14,30.338006317209018,30.338006317209018,29.694473161099694,29.71417236328125,1426900
2005-09-15,29.976845608914022,30.285477354927014,29.944010259244457,30.193544387817383,1337400
2005-09-16,30.28547277057445,31.106306288353352,30.0556403875904,31.06690788269043,3099700
2005-09-19,31.06690335242538,31.06690335242538,30.200103484448917,30.3051700592041,2492200
2005-09-20,30.305179207334007,30.738579272151362,29.98997688293457,29.98997688293457,1131300
2005-09-21,29.989977711553507,29.989977711553507,28.926177978515625,28.926177978515625,1952100
2005-09-22,28.499340211844576,28.729172590575157,27.921472724626906,28.55187225341797,3738900
2005-09-23,28.62410132037867,30.57440220511054,28.62410132037867,30.12786865234375,3129400
2005-09-26,30.535011336049884,30.837077513661605,29.714177697984027,30.14101219177246,1821000
2005-09-27,30.784528997547003,30.863328283257637,29.779827458553875,29.99652862548828,1925800
2005-09-28,30.161529139609804,30.28032748444705,29.943731334854576,29.950332641601562,1256700
2005-09-29,30.0295434904871,30.834732055664066,29.923945196501755,30.834732055664062,1394000
2005-09-30,30.788532659002925,31.092127436540952,30.58393486492544,31.06572723388672,1157300
2005-10-03,30.524526449877822,30.550926644559635,29.9503360626847,30.082334518432617,3748500
2005-10-04,30.22754240113849,31.362726040764908,30.22754240113849,31.250526428222656,9987100
2005-10-05,31.019535097050078,31.976521257831987,30.894137882803467,31.54092788696289,4235500
2005-10-06,31.547509094629415,31.870905175268465,31.31651369250228,31.66630744934082,3102200
2005-10-07,31.679495429124017,31.705895612886714,31.382499655943963,31.653095245361328,1573000
2005-10-10,31.18454127865665,31.86433047336457,30.97334458675393,31.38913917541504,1955600
2005-10-11,31.474909907835034,31.811506086340003,31.356111552793404,31.362712860107422,2272500
2005-10-12,31.41550603541964,31.719103184966606,31.24390983581543,31.24390983581543,2215600
2005-10-13,31.303301622315978,31.69929430811599,31.11850537129732,31.653095245361328,1720900
2005-10-14,31.983098498751716,32.68268844863352,31.930300634839167,32.38569259643555,2658800
2005-10-17,32.537505077214064,32.8015020727636,32.24050908663632,32.69590377807617,2602700
2005-10-18,32.86749232266455,33.13148925604393,32.682695979895804,33.03248977661133,3254700
2005-10-19,33.025897115127336,33.12489409527033,32.54410476231173,32.87409973144531,2732500
2005-10-20,33.11827845700414,33.15127743359916,32.05569479408475,32.161293029785156,1702200
2005-10-21,32.93351126657712,33.64629935779875,32.76191240844002,33.0919075012207,4494000
2005-10-24,33.32948684692383,33.468084108781206,33.11168899172387,33.32948684692383,3627100
2005-10-25,33.349283434850285,33.5406810790602,32.9268903701534,33.11168670654297,2362100
2005-10-26,33.1644811630249,34.596657549050484,33.13808097179087,33.65947341918945,5329200
2005-10-27,33.494483513683875,33.65948096941631,32.99949114648658,33.24368667602539,3411400
2005-10-28,33.395474103312225,34.068663824652525,33.26347819210327,34.022464752197266,2339300
2005-10-31,34.022484966570815,34.583477993163974,33.916886664266315,34.38547897338867,1601700
2005-11-01,34.1544540161136,34.46464986307055,33.97625656260599,34.200653076171875,2821000
2005-11-02,34.23366790076901,34.86725997924805,34.21386901376255,34.86725997924805,2224100
2005-11-03,34.93985766966358,35.243454878608745,34.78146153406375,35.04545593261719,1793300
2005-11-04,34.97946032697139,35.42165229621226,34.47786917344997,35.3028564453125,1684600
2005-11-07,35.415049534943975,35.67244513207914,34.72865959747617,35.573448181152344,1423600
2005-11-08,35.57347019703427,35.6658684154809,34.99267815837495,35.38207244873047,1344900
2005-11-09,35.44145025434339,35.8242430020585,35.164253248784554,35.5140495300293,1185200
2005-11-10,35.751642124398224,37.104623072113775,35.57344711454066,36.71522903442383,4238200
2005-11-11,36.715223671605614,37.03861717909233,36.35222988012312,36.8934211730957,1264600
2005-11-14,37.52041720904903,37.52041720904903,37.03862498174422,37.33562088012695,1822400
2005-11-15,37.19041440913563,37.23001469304398,36.31262951594921,36.54362487792969,1608900
2005-11-16,36.378640834375915,36.56343970950278,35.79785156301018,36.200443267822266,1774000
2005-11-17,36.286228991240684,36.72842334565066,36.02223465394064,36.68222427368164,1706700
2005-11-18,36.7350299634734,36.88682730624737,36.378634888615665,36.7878303527832,994000
2005-11-21,36.801036199762834,36.92643589371394,36.603039730693666,36.794437408447266,696500
2005-11-22,36.58983201156183,36.728431776946145,36.253238335996905,36.418235778808594,1249600
2005-11-23,36.43143838144352,37.355422614127065,36.43143838144352,37.14422607421875,691500
2005-11-25,37.144225177970306,37.144225177970306,36.583234854436405,36.992427825927734,449000
2005-11-28,37.117820277206675,37.20361712188824,36.49742837395373,36.556827545166016,1231700
2005-11-29,36.695417149583506,37.0056130367748,36.56342125667342,36.86701583862305,1264700
2005-11-30,36.873635871389354,36.8934372808629,36.45784403737068,36.62944030761719,1276100
2005-12-01,36.82742027801545,36.98581889452395,36.556824634628065,36.68222427368164,1288800
2005-12-02,36.74823869381159,36.959435265343465,36.33244434213119,36.62944030761719,843600
2005-12-05,35.96945407482727,36.29944906633944,35.87045457030882,36.14765167236328,2173300
2005-12-06,36.167438972239914,36.44463598543512,35.23685349519383,35.35565185546875,2418500
2005-12-07,35.355656471819316,35.44145585825642,34.90026437641284,35.06526184082031,1471300
2005-12-08,35.078480978136795,35.61307144165039,34.81448388474185,35.61307144165039,1677000
2005-12-09,35.61306339970322,36.332452673209886,35.520665193178715,36.25985336303711,2073700
2005-12-12,36.30605246629936,36.46445119010017,36.200454156319594,36.25985336303711,2354300
2005-12-13,36.207047918695025,36.39844560240162,36.15424751588143,36.29944610595703,1906800
2005-12-14,36.365451657129306,36.52385038086091,36.061856830777884,36.233455657958984,1870400
2005-12-15,36.365442233851226,36.62284040792398,35.53385607331828,35.54045486450195,1361900
2005-12-16,35.54044398016233,36.17403599920647,34.966253651887556,36.16743469238281,3883000
2005-12-19,36.26645460305393,36.26645460305393,35.12467209184907,35.25666809082031,1912100
2005-12-20,35.309453670820126,35.61964967694435,35.25005448917211,35.507450103759766,1197900
2005-12-21,35.47444871256448,35.82424247096241,35.441449728922215,35.573448181152344,761600
2005-12-22,35.50744689646111,35.54044587936013,35.223651111739734,35.487648010253906,925100
2005-12-23,35.48105821441884,35.57345892123965,35.21046243859819,35.527259826660156,536600
2005-12-27,35.639441744091606,36.028835745335336,35.21704876328365,35.28304672241211,534800
2005-12-28,35.561447219019456,35.7801835975341,35.422248583375996,35.72715759277344,853300
2005-12-29,35.826594843773876,36.177902678541756,35.70728313061355,35.71391296386719,650600
2005-12-30,35.707270887539615,35.707270887539615,35.3029371680805,35.42224884033203,438600
2006-01-03,35.82657759969277,36.27730995945367,35.34270367523696,36.151371002197266,1214400
2006-01-04,36.158017967824314,36.913657179386625,36.151390662696876,36.7678337097168,1415300
2006-01-05,36.88050019621057,36.91364176508997,36.36348464178096,36.68164825439453,939900
2006-01-06,36.84736106900498,37.24506497899072,36.70816495336395,37.158897399902344,745900
2006-01-09,37.17876102403893,37.29144280832397,36.92025337440771,37.05282211303711,655500
2006-01-10,37.01969220973663,37.17214796109772,36.84072725186628,37.145633697509766,722200
2006-01-11,37.39089208895582,37.7687115737557,37.25832327199064,37.556602478027344,744300
2006-01-12,37.530091799622504,37.57649051071854,36.72805404663086,36.72805404663086,1203000
2006-01-13,36.72804744235326,36.754561709223346,36.18451761421474,36.38999938964844,1452800
2006-01-17,36.39000151206886,36.44302752036208,35.932639231773315,36.363487243652344,1039300
2006-01-18,36.363478974146666,36.542446452449006,36.11159853855013,36.323707580566406,685700
2006-01-19,36.45629549183896,36.62200592589277,36.11161748558216,36.158016204833984,934400
2006-01-20,36.12486902752914,36.277322299816824,35.04443645687968,35.06432342529297,1650200
2006-01-23,35.07757689076262,35.336087243397294,34.95163789476631,34.99140930175781,1409900
2006-01-24,35.03116971884481,35.21676704476959,34.66660742603533,34.69974899291992,1173200
2006-01-25,34.70638653494343,34.85883979931822,34.1761137613485,34.785926818847656,2252900
2006-01-26,35.10408851799787,35.48853783767156,35.090831383332585,35.3095703125,1489000
2006-01-27,35.355976638050734,35.74705334505618,35.309577920994194,35.55482864379883,1763900
2006-01-30,36.11159643475923,36.65512613932835,35.5680667301901,36.42975997924805,1360400
2006-01-31,36.32371850849898,36.4828016021407,36.091724964167305,36.29057693481445,1871800
2006-02-01,36.78771265672319,37.119133491468446,36.29058140460531,36.496063232421875,1594800
2006-02-02,36.496053778610985,36.728047291421746,35.85972401904211,36.05857849121094,1492800
2006-02-03,35.89287240194927,35.9989269531158,35.3957412192549,35.846473693847656,1391400
2006-02-06,35.727157131450895,35.99229220890995,35.574701364450924,35.939266204833984,881900
2006-02-07,35.97240713793105,36.1447448088078,35.70064223442647,35.89949417114258,1319800
2006-02-08,35.740402385594,36.09833730148671,35.10407533192181,35.19687271118164,1712600
2006-02-09,35.1968829694714,35.296310206821985,34.78592194359905,34.79917907714844,1734200
2006-02-10,34.7991732395273,35.110709504328014,34.68649141606958,35.07093811035156,1690100
2006-02-13,35.07757467724075,35.14386035137706,34.77929799351707,34.9317512512207,894500
2006-02-14,35.130605215929606,36.31046246876574,35.130605215929606,36.19778060913086,1634400
2006-02-15,36.19775842173875,36.5689478763475,36.01879099389302,36.47615051269531,957000
2006-02-16,36.47616909161282,36.522567797071815,35.99229507144057,36.363487243652344,878200
2006-02-17,36.33695918035726,36.42312925572762,35.952512548427464,36.13810729980469,848400
2006-02-21,36.423149583346486,36.55571842054731,36.2309248958323,36.535831451416016,966700
2006-02-22,36.787699962164154,37.503569931883575,36.67501813093393,37.38425827026367,1160500
2006-02-23,37.21857061186217,37.29811092527859,36.60212749366768,37.04623031616211,1423300
2006-02-24,37.046217088319366,37.052846920385704,36.48280273260438,36.68828201293945,750400
2006-02-27,36.66838706708389,37.17877526272504,36.588846804859365,37.145633697509766,781300
2006-02-28,36.87387950904137,37.11913019699458,36.52920156807304,36.940162658691406,1412500
2006-03-01,37.05282211303711,37.119105218082616,36.800941762495086,37.05282211303711,920800
2006-03-02,36.79434100397146,36.993195533288336,36.39000969809341,36.97330856323242,1148500
2006-03-03,36.973290761082325,37.01306215350437,36.191137743222754,36.33696365356445,1484900
2006-03-06,36.655122694949156,36.78769145816382,36.051937224434326,36.13810729980469,869900
2006-03-07,36.71479844946226,36.71479844946226,36.21766721385075,36.58222961425781,762200
2006-03-08,36.64187881702137,36.71479178958479,36.38337102596183,36.403255462646484,842000
2006-03-09,36.45628941598177,36.496060823800924,35.79344779023665,35.85310363769531,1038400
2006-03-10,35.853102177106365,36.4960593370191,35.640993067792074,36.409889221191406,849900
2006-03-13,36.34360730891822,37.07935938457416,36.323720340872306,37.05947494506836,979100
2006-03-14,36.940147627863546,37.58310453772006,36.82746581360035,37.271568298339844,1343500
2006-03-15,37.25168779360266,37.45053971113979,36.86061126007928,37.278202056884766,971500
2006-03-16,37.450545296313415,37.70242577797885,37.30471935505348,37.54997253417969,1137100
2006-03-17,37.457185570194135,37.47707254177802,37.14565167217307,37.40415954589844,1182000
2006-03-20,37.25832654565444,37.8813992815745,37.225184970636164,37.52346420288086,1060900
2006-03-21,37.530078907813504,37.64939056065908,36.681642735168786,36.73466873168945,1009200
2006-03-22,36.55571571409362,36.73468072324351,36.47617290053804,36.68828201293945,567800
2006-03-23,36.621987262593905,36.621987262593905,36.0850848196012,36.118228912353516,991300
2006-03-24,36.628622609623264,36.628622609623264,35.554820016312696,35.733787536621094,1786900
2006-03-27,36.323707596495865,36.323707596495865,35.35595977580482,35.528297424316406,1238200
2006-03-28,36.11160731352359,36.11160731352359,35.017920273966794,35.0245475769043,1022900
2006-03-29,35.09111502412818,35.25754983551895,34.95131039206242,35.01788330078125,1313400
2006-03-30,35.0045762072925,35.0045762072925,34.67170653262259,34.75159454345703,1130000
2006-03-31,34.651729363098106,34.884739637187856,34.332174810249214,34.625099182128906,1684900
2006-04-03,34.964626648486075,35.1976343763711,34.585155469019746,34.69832992553711,1386200
2006-04-04,34.5984719584552,34.944656696452725,34.45866477647595,34.791534423828125,1369000
2006-04-05,34.671696389412276,35.217602292998535,34.66503757569423,34.977935791015625,1148900
2006-04-06,34.75825400681333,35.0045794171645,34.69833735829471,34.831485748291016,548000
2006-04-07,34.99790620536763,35.05782282924103,33.93272460272184,34.079185485839844,1036000
2006-04-10,34.20568127849517,34.63175396603217,33.959355942593085,34.48529052734375,1312500
2006-04-11,34.68501310384091,34.68501310384091,33.752979699237216,34.032588958740234,1208100
2006-04-12,33.9527051903766,34.072538470686624,33.61983553164742,33.81290054321289,957200
2006-04-13,33.75298814046097,33.859506343043016,33.320256513949644,33.433433532714844,1329600
2006-04-17,33.43343148013248,33.87947563243753,33.43343148013248,33.806243896484375,1124800
2006-04-18,33.8062318576328,34.85810089111328,33.739658961161496,34.85810089111328,2094900
2006-04-19,34.61845215911374,36.20291279594425,34.61845215911374,35.86338424682617,2922800
2006-04-20,35.929946718987395,36.569055764294355,35.55047556461179,36.28944396972656,1669400
2006-04-21,36.555756383189376,36.555756383189376,35.696951806005764,35.929962158203125,1210700
2006-04-24,35.92994662215875,35.92994662215875,35.29083503898055,35.63036346435547,988400
2006-04-25,35.6503396155277,35.929951446888666,34.997915395144,35.284183502197266,1667600
2006-04-26,35.28420019671087,36.28280963624042,35.277543917869195,36.2495231628418,1683800
2006-04-27,36.349364249485085,36.529114162691236,35.643682226817056,36.4225959777832,1989800
2006-04-28,36.61565510796473,37.181532398341346,36.549082205423986,36.975154876708984,2003000
2006-05-01,36.83536336270707,36.895277472553595,35.71692093287372,36.00318908691406,1425900
2006-05-02,36.18959484915409,36.66892803855035,35.8434100501006,36.65561294555664,1438100
2006-05-03,36.78207752124524,37.14823344114003,36.33603363727712,36.64227294921875,1200600
2006-05-04,36.615674287496084,37.028432086559505,36.49584096847851,36.56907272338867,989100
2006-05-05,36.08306264136217,36.3560155928174,36.043117377883355,36.176265716552734,1800700
2006-05-08,36.32939114687306,36.715521135953615,36.31607605694679,36.59568786621094,984800
2006-05-09,36.38265339395938,36.38930966947095,35.81011719539774,36.01649475097656,825700
2006-05-10,35.94993008390567,36.07641966439134,35.83009678045843,35.936614990234375,986200
2006-05-11,35.93661380433764,35.94992889756954,35.54382744257671,35.710262298583984,1564900
2006-05-12,35.68362607317702,35.8766910829746,35.264212135526456,35.284183502197266,878600
2006-05-15,35.28419224938681,35.78349685668945,35.11775738028593,35.78349685668945,1054800
2006-05-16,35.73023843012725,36.02316544107655,35.60374883695941,35.90998840332031,917000
2006-05-17,35.470601486918724,35.73689831581661,34.93801036871773,35.037872314453125,1341400
2006-05-18,34.51192778890323,35.21761240972651,34.51192778890323,34.884742736816406,993600
2006-05-19,34.99127011732524,35.18433264820909,34.81817641979453,34.95798110961914,1329100
2006-05-22,34.7183102511842,35.03786485406408,34.558531679947144,34.744937896728516,2017100
2006-05-23,34.77157485651967,35.22427793369958,34.66505663480643,34.95798110961914,1219200
2006-05-24,34.95798601578898,35.46394954463221,34.63843130580147,35.3441162109375,1888800
2006-05-25,35.49723364586486,35.59709559713709,34.864780546862214,35.164363861083984,1640500
2006-05-26,35.29750157438573,35.33744685069503,34.97794698269371,35.064491271972656,933500
2006-05-30,34.78487794599569,34.88473985545809,34.192370383489816,34.265602111816406,1148800
2006-05-31,34.285570688506056,34.57183876344166,34.15242233325333,34.4653205871582,1322500
2006-06-01,34.46532080962836,34.57849526158784,34.18570900783339,34.49195098876953,1486400
2006-06-02,34.5185805143324,34.611786146419036,33.87947141758683,33.912757873535156,1973700
2006-06-05,33.852860486344234,33.852860486344234,33.04731611221601,33.1138916015625,1829300
2006-06-06,33.22037985586926,33.44673123612253,32.394862310359386,32.85422134399414,3619200
2006-06-07,33.020677040119764,33.76630708279463,32.954104108264126,33.273658752441406,2759700
2006-06-08,33.300284306312676,33.65312536730961,32.99404479904763,33.486690521240234,2684900
2006-06-09,33.67310150315154,33.713044243510005,33.306942785903075,33.366859436035156,1518400
2006-06-12,33.28697004791921,33.46006117474691,32.54799890652032,32.567970275878906,974900
2006-06-13,32.567972591995336,33.03399071372658,32.2084752200033,32.2217903137207,1433300
2006-06-14,32.201803096770284,32.421498242932294,31.82899078511607,32.075313568115234,1376700
2006-06-15,32.621229892093815,33.280313001212676,32.16852690675028,32.82761001586914,2989400
2006-06-16,32.488079253478936,32.62788390524467,32.25507150053603,32.35493087768555,2870400
2006-06-19,32.288360986954125,32.54134267072182,32.13524122929308,32.454795837402344,2231500
2006-06-20,32.314991172528465,32.63454578063773,32.13524122929308,32.454795837402344,2828000
2006-06-21,32.48807254809526,32.90748895642097,32.32163774760338,32.847572326660156,2138200
2006-06-22,32.68779231109139,32.78099792837775,32.374896627349806,32.59458923339844,1480900
2006-06-23,32.46145779213897,32.587949925945885,32.301681729933534,32.328311920166016,834700
2006-06-26,32.328303856627926,33.12053277148083,32.328303856627926,33.093902587890625,1282600
2006-06-27,32.9740858003537,33.07394776898719,32.41486436311593,32.47478103637695,837700
2006-06-28,32.42122090613808,32.749112108091566,32.42122090613808,32.7022705078125,812200
2006-06-29,32.996738946992025,33.793049491287896,32.86290457708493,33.71944046020508,1446900
2006-06-30,33.719410530380216,33.99376959645955,33.598959959645285,33.85324478149414,1086100
2006-07-03,33.94023742761959,34.053994881827016,33.652494681161265,33.85324478149414,403600
2006-07-05,34.06069820459505,34.26144836508243,33.050251730948276,33.10378646850586,1646900
2006-07-06,33.05695227410168,33.271086167073115,32.83612526109387,33.1840934753418,1225700
2006-07-07,33.184075407602634,33.69264248834085,33.10377587962838,33.32460021972656,775100
2006-07-10,33.32461900511567,33.719428856504585,33.32461900511567,33.612361907958984,1137100
2006-07-11,33.65919667320436,33.726115097819914,33.130552605787464,33.64581298828125,589600
2006-07-12,33.76625479698644,34.000465393066406,33.4985888263359,34.000465393066406,1378300
2006-07-13,33.993769508996046,34.06068791071884,33.44505137824919,33.45843505859375,1320000
2006-07-14,33.619053768839386,33.62574433607651,32.849508350027406,33.2577018737793,1179300
2006-07-17,33.257693134153584,34.033928916219494,33.110475166850456,33.967010498046875,1304800
2006-07-18,33.85995518825282,33.99378951779751,33.54544744940195,33.886722564697266,1573900
2006-07-19,33.88670223097935,34.32166290283203,33.732793737792896,34.32166290283203,1413100
2006-07-20,34.44881530647175,34.89046668657997,34.25475570921956,34.796783447265625,1224400
2006-07-21,34.8637009241121,34.8637009241121,33.79303163592583,34.281524658203125,1724100
2006-07-24,34.321669028994194,34.86369413377308,34.30828534641397,34.83692932128906,1232200
2006-07-25,34.836928980488246,35.27188717304665,34.783394250691046,35.20497131347656,1528200
2006-07-26,36.101669246962174,36.13512718752629,35.37227491088464,35.59979248046875,1876700
2006-07-27,35.76707888084974,35.84737843559392,34.76332551217862,34.796783447265625,1271300
2006-07-28,34.856991189267916,34.970748621783954,34.72315696367364,34.883758544921875,1125800
2006-07-31,34.76330998812962,34.82353526546251,34.46218360146518,34.48225784301758,1065400
2006-08-01,34.48896927274425,34.52911777716843,34.054008421850654,34.261451721191406,739300
2006-08-02,34.24805297571311,34.28820401515885,33.91346863835966,34.16106033325195,1456700
2006-08-03,34.02724355387937,34.24807055516707,33.84657016532409,34.09416198730469,988700
2006-08-04,34.32837484003247,34.42205810702471,33.66589885048586,33.92018127441406,1147700
2006-08-07,33.92687280045067,33.92687280045067,33.478528190331694,33.538753509521484,1117700
2006-08-08,33.706035243979,33.706035243979,32.96325739036136,33.09709167480469,1533800
2006-08-09,33.29113688330912,33.29113688330912,32.54835935044942,32.782569885253906,2588500
2006-08-10,32.69559918377349,33.39153558696779,32.69559918377349,33.3313102722168,1384100
2006-08-11,33.15732996655845,33.35138962740204,32.86958703570145,32.99673080444336,1041800
2006-08-14,33.431667107917555,33.505276072175604,33.13723380356132,33.32460021972656,962900
2006-08-15,33.6792707989725,33.74618666559046,33.304535308952566,33.70603561401367,815300
2006-08-16,33.926860473174635,34.12761061330583,33.833177244625176,34.087459564208984,672100
2006-08-17,34.087456368114964,34.6161003112793,34.0071568301268,34.6161003112793,907600
2006-08-18,34.64287941455523,35.05776347954496,34.515738223598895,34.85032272338867,1316800
2006-08-21,34.85700454524044,35.077828932308904,34.783395565325456,34.977455139160156,915100
2006-08-22,34.9774545750092,34.99752882277987,34.703095460545335,34.84362030029297,997100
2006-08-23,34.763319603499646,35.02429502656817,34.74324280371841,34.99083709716797,566400
2006-08-24,35.13805637831227,35.17820742963331,34.93730622706038,34.97076416015625,593600
2006-08-25,34.769998559730304,34.984132299610934,34.62278320898458,34.883758544921875,717200
2006-08-28,34.8168548245265,35.365573083236335,34.79678057566628,35.14474868774414,711900
2006-08-29,35.06444386955943,35.2451171875,34.80346591021769,35.2451171875,895900
2006-08-30,35.24511468020608,35.465941579476,35.16481514986977,35.225040435791016,545500
2006-08-31,35.412407382757536,36.06819497370586,35.36556577664352,36.04142761230469,1434000
2006-09-01,36.28901571011105,36.28901571011105,35.89420610312305,36.14849090576172,834900
2006-09-05,36.20203858507572,36.376023938744815,35.920988855932144,36.04813003540039,1260100
2006-09-06,35.76039236044163,36.03475156306051,35.73362753903969,35.82061767578125,926500
2006-09-07,35.82061002036589,36.32917980847292,35.42580027144468,36.21541976928711,1493600
2006-09-08,36.24888780334553,36.96490106671806,36.02806333455084,36.7574577331543,994300
2006-09-11,36.804284900598,37.741122264592896,36.770826970314566,36.978267669677734,1873000
2006-09-12,36.97826087265743,37.439988904797964,36.63698596221424,37.426605224609375,1328600
2006-09-13,37.47346669509632,37.49354094968337,37.13888217103296,37.4600830078125,966200
2006-09-14,37.2258703736995,37.3061699350433,36.88459277080356,37.03181076049805,749500
2006-09-15,37.179021871631015,37.19240555482501,36.70391005261206,37.06526184082031,1072300
2006-09-18,37.1723131043657,37.1723131043657,36.71058771560103,36.77081298828125,766100
2006-09-19,36.80427104150207,36.93810526491536,36.603520982719886,36.690513610839844,682000
2006-09-20,36.93811531044368,36.9715732372272,36.616914618504744,36.790897369384766,2519000
2006-09-21,36.904650057062575,36.904650057062575,36.50984047297485,36.61021423339844,1036200
2006-09-22,36.71729855730358,36.737375361069226,36.355949274321645,36.41617202758789,1142500
2006-09-25,36.60353965880566,36.99834941534562,36.509856420419354,36.851131439208984,1423700
2006-09-26,36.81098241431723,37.540376663958746,36.77752447771801,37.446693420410156,1587200
2006-09-27,37.31224100715499,37.3861802867168,36.787948027179844,36.821556091308594,1116300
2006-09-28,36.84173764964153,37.24503970802328,36.781242084471074,37.083717346191406,1456200
2006-09-29,37.218137989957334,37.218137989957334,36.76778428242879,36.78794860839844,723200
2006-10-02,36.79467780247603,36.79467780247603,36.223330352906224,36.357765197753906,1541600
2006-10-03,36.39810939608564,37.560966474924356,36.39810939608564,37.26520919799805,1470400
2006-10-04,37.20469547879282,37.73571163598214,37.1173150206207,37.708824157714844,1839500
2006-10-05,37.74244699738004,38.19280086545795,37.69539517725644,38.152469635009766,1679400
2006-10-06,38.0314761020405,38.058361021360795,37.66850276783523,37.8298225402832,837700
2006-10-09,37.83654667114746,37.91048597048532,37.601285031060485,37.90376281738281,504900
2006-10-10,37.97770291030313,38.35412000382893,37.9508154255945,38.34739685058594,1177400
2006-10-11,38.34740029054633,38.629713777048586,38.19280108580087,38.46839141845703,1401000
2006-10-12,38.61628906813842,38.70367216228701,38.421358536627395,38.69694900512695,1189000
2006-10-13,38.764156820043425,39.58420745540909,38.649888814332535,39.187625885009766,2402400
2006-10-16,39.207773683567254,39.268266670668226,38.79774856567383,38.79774856567383,1141200
2006-10-17,38.54904871157135,38.98596137330418,38.51544063700692,38.85824966430664,1066500
2006-10-18,39.12040498284729,39.28172480247968,38.86497894360832,38.8851432800293,746100
2006-10-19,38.71709600175537,38.72381915590323,38.260018956717914,38.300350189208984,918200
2006-10-20,38.51543172502125,38.51543172502125,37.99785929126718,38.078521728515625,1453600
2006-10-23,37.84327563453635,38.60955115336922,37.776059473426585,38.41462326049805,1190400
2006-10-24,38.448217599721275,38.84479896244856,38.28017469287296,38.77758026123047,1497100
2006-10-25,39.32204398070001,39.819452160981434,38.515437437500374,39.21449661254883,2792300
2006-10-26,39.65813671256579,39.69846794417455,39.281719576613256,39.61780548095703,1102500
2006-10-27,39.61781509836332,39.65814633976267,38.80448762780408,38.83137512207031,1651800
2006-10-30,38.582672165797085,39.01958240852126,38.421349764518915,38.764156341552734,1543900
2006-10-31,38.97252336674849,39.026298345271734,38.333959599511545,38.48183822631836,1003700
2006-11-01,38.71036290955303,38.73725038919663,38.226398532492915,38.45493698120117,1291300
2006-11-02,38.28018435525489,38.28018435525489,37.88360289242565,38.098697662353516,1202500
2006-11-03,38.246581309453425,38.45495295290752,37.91721595735014,38.03148651123047,974600
2006-11-06,37.88360593827545,38.21969186382561,37.85671844883973,38.112144470214844,1523600
2006-11-07,37.97769933355071,38.79774959100961,37.97769933355071,38.59609603881836,836900
2006-11-08,38.55577634631203,38.73053989283894,38.36756905557043,38.54905319213867,501100
2006-11-09,38.43479628666383,38.47512753092847,37.87689227960042,37.96427536010742,985600
2006-11-10,38.13229742645214,38.79102533626854,38.07852502775864,38.73052978515625,949500
2006-11-13,38.6229825002776,38.87168785763905,38.46838332804639,38.79774856567383,725600
2006-11-14,38.710376001112316,38.7574278243356,38.03148357736771,38.49528121948242,1199700
2006-11-15,38.49527260840871,38.64315119924957,38.23312606219554,38.42133331298828,881900
2006-11-16,38.434768601199266,38.9120097759654,38.401160537253794,38.80446243286133,680900
2006-11-17,38.656586350480566,39.093498902148546,38.656586350480566,38.85151672363281,965800
2006-11-20,38.92547453437749,39.26828107434856,38.918753943611605,39.18090057373047,869800
2006-11-21,39.42286417840593,39.6446794663776,38.96578729904062,39.080055236816406,1306200
2006-11-22,39.08006780658778,39.227946422220185,38.851529293397654,38.94563293457031,714700
2006-11-24,38.649869905050316,39.11366742082363,38.649869905050316,38.73052978515625,320500
2006-11-27,38.737256698419486,38.912020216304654,38.179352943538035,38.27345657348633,1027200
2006-11-28,38.139024509565054,38.41461481211703,38.11885761436161,38.36083984375,1061100
2006-11-29,38.40118932461296,38.602840423583984,38.32724999002591,38.602840423583984,1059600
2006-11-30,38.502003937111205,38.609551333868914,37.910494537009896,38.20624923706055,1461700
2006-12-01,38.10541290761898,38.132300391121824,37.581119799971184,37.89704132080078,1446600
2006-12-04,37.944087688628635,38.73052723722014,37.944087688628635,38.45493698120117,1630300
2006-12-05,38.58266211349463,39.08006780658778,38.421339754247285,38.94563293457031,1039500
2006-12-06,39.00613065915567,39.15400928297845,38.78431528755356,38.95235824584961,657800
2006-12-07,39.174172111445415,39.34893821726857,38.676766409925264,38.75070571899414,977500
2006-12-08,38.817927524428896,39.127125985422204,38.71710071299823,39.05990982055664,880600
2006-12-11,39.06661443632634,39.52369135007543,39.026285779551074,39.46319580078125,822800
2006-12-12,39.46320994495358,40.93526798400801,39.44976619983297,40.760501861572266,2543600
2006-12-13,40.70673261191537,41.33857329694359,40.52524588486705,41.02265167236328,1806400
2006-12-14,41.02936666399669,41.08313907383108,40.619341461965455,40.89493179321289,1336700
2006-12-15,40.94197407736281,41.15706879486532,40.57228019191357,40.81426239013672,1355200
2006-12-18,41.01592200354785,41.01592200354785,40.60589681068319,40.659671783447266,626800
2006-12-19,40.46473177272351,40.81426132053797,40.14881029286345,40.67310333251953,1134600
2006-12-20,40.901648772686826,41.08313544760615,40.59917354528628,40.7537727355957,742200
2006-12-21,40.92855465415336,41.03610207680247,40.679851720052184,40.767234802246094,584000
2006-12-22,40.73362404095195,40.90166704865246,40.431148678397264,40.45131301879883,569300
2006-12-26,40.39753018237004,40.94199034470058,40.26309785361591,40.88821792602539,557900
2006-12-27,41.171683332473634,41.374166506051345,41.04344458997417,41.2796745300293,604100
2006-12-28,41.299927809074084,41.77914122855522,40.962454948018596,41.12444305419922,511000
2006-12-29,41.036695474782015,41.164936797566455,40.847711514527084,40.8814582824707,635200
2007-01-03,40.83422172272618,41.191942180025066,40.54399481690159,40.73297882080078,1190000
2007-01-04,40.32800682648899,40.496743256725345,39.92304042380717,40.19976806640625,1368700
2007-01-05,39.98377506126021,40.23350419100742,39.72729503425033,39.90953063964844,1241000
2007-01-08,39.74080271395079,40.01753034223166,39.477574308356,39.929786682128906,1212100
2007-01-09,39.990528865596325,40.09852006418578,39.49781886111238,39.51806640625,1304500
2007-01-10,39.37632476278387,39.58555881694378,39.29533201508549,39.511314392089844,1227500
2007-01-11,39.51806553390956,40.11876672372279,39.24133793271312,39.997276306152344,1467600
2007-01-12,39.84879382221664,39.97703257534714,39.545067749314455,39.686805725097656,1220000
2007-01-16,39.91628549100256,39.95003225869682,39.45057391750978,39.65305709838867,976100
2007-01-17,39.68680200390128,39.7138004466752,39.423573623638575,39.61930847167969,1545500
2007-01-18,40.47648965310834,40.483237976434154,39.963529540096815,39.997276306152344,1523400
2007-01-19,40.09178430696022,40.280768320048026,39.95679462273432,40.024288177490234,815200
2007-01-22,39.855541196848264,39.98378252163758,39.200845649424124,39.48432159423828,1837400
2007-01-23,39.35607721953753,39.889282264490944,39.35607721953753,39.511314392089844,1517600
2007-01-24,40.55748637610733,40.55748637610733,39.484322632342305,39.929786682128906,1218600
2007-01-25,39.963523876067065,40.112012715321896,39.46406562992182,39.58555603027344,1448700
2007-01-26,39.58556823763906,39.86229588495194,39.0186137193988,39.30208969116211,1525000
2007-01-29,38.91063286284779,39.64632401003287,38.74189638482107,39.34934616088867,1416000
2007-01-30,39.35609033806526,39.673313111753885,39.29534511336507,39.551822662353516,1073700
2007-01-31,40.32800346346526,40.36175023175561,38.984860457916966,38.99835968017578,2226900
2007-02-01,39.06585136642358,39.484316910193144,38.991606939766555,39.46406936645508,2066300
2007-02-02,39.53157341962752,39.96353829912605,39.416833874948,39.632816314697266,1000800
2007-02-05,39.74755401404966,40.139023777116876,39.58556847911497,40.03103256225586,1169400
2007-02-06,40.02428055323374,40.46974462402253,39.97703455896171,40.39550018310547,933600
2007-02-07,40.25374810231171,40.36173927635678,39.97027223596066,40.213253021240234,1032500
2007-02-08,40.20651998484177,40.38875565475289,39.75430754724715,39.84204864501953,2863200
2007-02-09,39.85554498578788,40.21326797478769,39.30208969116211,39.30208969116211,1484300
2007-02-12,39.30209361723973,39.58557219203473,39.15360471736073,39.23460006713867,1633600
2007-02-13,39.49781496098098,39.53831262197065,38.930860580690805,39.14684295654297,1811100
2007-02-14,39.24810581890124,39.626073881863924,39.221107364485526,39.34934616088867,1140900
2007-02-15,39.383076764334874,39.720549581766065,39.349329997534404,39.51806640625,1391100
2007-02-16,39.33583937031989,39.767804259057264,39.180602149349504,39.59231948852539,1214800
2007-02-20,39.48432911255948,39.639566336856866,39.28859421355734,39.551822662353516,1003000
2007-02-21,39.322335404861796,39.626061485235006,39.30208785774143,39.32908630371094,1037400
2007-02-22,39.55182571205144,39.71381384864688,39.22110368796045,39.342594146728516,1019800
2007-02-23,39.23458842924842,39.35607884316455,38.566391152709656,38.8701171875,959800
2007-02-26,38.90387050898351,39.0928544848299,38.50565243508322,38.613643646240234,1214900
2007-02-27,38.613644449300466,39.26159172971813,37.567479086700644,37.7092170715332,2278800
2007-02-28,37.71596423572504,38.23567270335922,37.71596423572504,37.891448974609375,2262700
2007-03-01,37.32448515882245,37.99268232817032,37.13550124514184,37.66870880126953,1645800
2007-03-02,37.49998543958342,37.823959078891534,37.27050378990097,37.40549087524414,1374100
2007-03-05,37.35149766023163,37.74296485378386,36.95327956738451,36.98027801513672,1947600
2007-03-06,37.12201121708565,37.526977582295785,36.98702157044448,37.33799362182617,1975400
2007-03-07,37.162523324589124,37.36500658587777,36.99378684439619,37.007286071777344,1481300
2007-03-08,37.243498639579464,37.33124228903065,37.10176068065204,37.23674774169922,1099700
2007-03-09,37.257002620480904,37.364993827943195,36.93977732212326,37.128761291503906,1195800
2007-03-12,37.05451848636149,37.11526369993442,36.81828595592749,36.92627716064453,1204600
2007-03-13,36.784549852830956,36.80479740498821,35.92061996459961,35.92061996459961,2118500
2007-03-14,35.9138642652518,36.45382037324733,35.630388274071834,36.39982604980469,2945200
2007-03-15,36.39982035948814,37.35824197951269,36.34582346977291,36.92627716064453,2583200
2007-03-16,37.31774708956187,37.52697860156089,36.95327580614538,37.10176467895508,3222400
2007-03-19,37.17600818589908,37.62147221847743,37.17600818589908,37.52022933959961,1114500
2007-03-20,37.46623823324217,38.16818244585481,37.45948990847506,37.97919845581055,1775400
2007-03-21,37.97919664155366,38.282922735839996,37.72271654252147,38.06694030761719,2034100
2007-03-22,38.08043877559979,38.18168167010279,37.830709563796475,37.97919845581055,1133100
2007-03-23,37.985933494207856,38.5731379573963,37.93868751322206,38.384151458740234,1218300
2007-03-26,38.30317499368154,38.701393127441406,38.15468609050241,38.701393127441406,1604900
2007-03-27,38.525912034141776,38.83638652075151,38.40442156986593,38.82963562011719,1938800
2007-03-28,38.85672703158534,39.03298020829373,38.65336016964871,38.694034576416016,2659000
2007-03-29,39.114324891303404,39.24990365589065,38.70758859754167,38.89739990234375,1559900
2007-03-30,38.84318492342236,39.10756221162201,38.55847171642305,38.68049240112305,1558800
2007-04-02,38.639805156382586,38.84317203475246,38.572017058909346,38.782161712646484,1223500
2007-04-03,38.78216926729429,39.13467313191216,38.78216926729429,39.12789535522461,892100
2007-04-04,39.12789643171325,39.4193899703601,38.721159998602175,38.836402893066406,932300
2007-04-05,38.721159998602175,38.97875948097745,38.653371886059034,38.836402893066406,895800
2007-04-09,38.84996915019691,39.012661688674235,38.78217843753863,38.99910354614258,672900
2007-04-10,38.99908789637332,39.37193020149945,38.98552975928235,39.15500259399414,661500
2007-04-11,39.155016389959655,39.2499233830362,38.863525390625,38.863525390625,743200
2007-04-12,38.92451989756091,39.16856119619582,38.61947086021755,39.12110900878906,854900
2007-04-13,39.148222633205094,39.5007264200432,39.080434537484344,39.41938018798828,739900
2007-04-16,39.65664291381836,40.01592449220017,39.42615975754791,39.65664291381836,943300
2007-04-17,39.65664719637376,39.70409938785236,39.534626536585805,39.62275314331055,670300
2007-04-18,39.62274871396806,39.731211223215844,39.39904333404752,39.412601470947266,1486300
2007-04-19,38.83641274534117,39.595650659425914,38.83641274534117,39.40584182739258,693300
2007-04-20,39.737989388613826,39.812557849319035,39.399043720644876,39.676979064941406,1121800
2007-04-23,39.68377729684913,39.86680835028902,39.40584182739258,39.40584182739258,880200
2007-04-24,39.99559343632865,40.436223889922644,39.46005859850222,39.78544616699219,1552400
2007-04-25,40.66672048316475,41.554756873536824,40.55825792457154,41.54119873046875,1873500
2007-04-26,39.995597370292664,41.175129684794214,39.995597370292664,40.693824768066406,1400400
2007-04-27,40.6667140256257,40.964985367906145,40.34810417899705,40.93109130859375,858300
2007-04-30,40.93110344874581,40.985333442540046,40.30744171142578,40.30744171142578,970600
2007-05-01,40.47012187619378,40.659930663103616,40.17862833289608,40.57180404663086,759600
2007-05-02,40.639598012799574,41.09378409968419,40.571807307775096,41.073448181152344,1394800
2007-05-03,41.18869441699703,41.35138954647388,40.693833836017326,40.78873825073242,1312500
2007-05-04,40.924304845022334,40.971757038176705,40.537906937364994,40.60569763183594,1235800
2007-05-07,40.815849572000715,41.10734314514204,40.79551365302142,40.95820617675781,1169300
2007-05-08,40.944641884425806,41.17512506549653,40.8497349155551,41.12767028808594,1090400
2007-05-09,41.127683716022794,41.56831430738753,41.05989558779037,41.55475616455078,1055900
2007-05-10,41.56151744680341,42.17839843991464,41.56151744680341,41.90046310424805,2427500
2007-05-11,42.47667008538399,42.87662606835287,41.846230949755906,42.16484069824219,1333900
2007-05-14,42.11741256713867,42.58515691499408,42.056402209944345,42.11741256713867,1327200
2007-05-15,42.42245537719326,42.77495671534164,41.79879379272461,41.79879379272461,1364300
2007-05-16,42.029253898913964,42.110600117878214,41.84622296678216,41.97502136230469,1089700
2007-05-17,41.98182308629065,41.988600863841086,41.57508919853882,41.6360969543457,1121900
2007-05-18,41.69031702703733,42.097050792921024,41.42593982061791,41.85301208496094,1131400
2007-05-21,41.77844942507636,42.205519162764176,41.71065873071677,42.11061477661133,789900
2007-05-22,42.110632201921725,42.25299142600959,41.778466712937224,42.11741256713867,798800
2007-05-23,42.13774140071905,42.21230988984861,41.34460947659816,41.37172317504883,1455300
2007-05-24,41.61574203130133,41.61574203130133,40.998861117879926,41.03953552246094,1354700
2007-05-25,41.249705862776,41.65644240429416,41.120907380235195,41.575096130371094,908000
2007-05-29,41.73780042503781,41.81914672185523,41.26327561935721,41.351402282714844,1766700
2007-05-30,41.05310598136762,41.54118605311122,40.84973648336132,41.392051696777344,1440100
2007-05-31,40.81584116416695,42.008931493568774,40.81584116416695,41.73777389526367,1494200
2007-06-01,41.7377870055263,42.0292806101827,41.41239933692292,41.65644073486328,911000
2007-06-04,41.50051579371195,41.839461521956046,41.36493698522417,41.805564880371094,1008200
2007-06-05,41.622547439861,42.31399463219758,41.622547439861,42.00894546508789,1224400
2007-06-06,41.697106162933224,41.988599722749036,41.6089821274175,41.73100280761719,1075100
2007-06-07,41.54796244864356,41.79200375419013,41.148006439208984,41.148006439208984,1467300
2007-06-08,41.03956036670694,41.581873159672966,40.78873859887465,41.54119873046875,1603200
2007-06-11,41.54119204435999,42.51057713711671,41.5140783485392,42.25975799560547,1283800
2007-06-12,42.178416908997285,42.80207595052713,41.98860549926758,41.98860549926758,2020500
2007-06-13,42.19197179831775,42.320770263671875,41.493741733632035,42.320770263671875,2116200
2007-06-14,42.21909788261832,42.32078268075176,41.68356535884414,42.13097381591797,1554000
2007-06-15,42.40889519287793,42.42923111134322,42.00215872191538,42.280094146728516,1925300
2007-06-18,42.449579229708,42.53092809885055,42.042845227802125,42.144527435302734,1870700
2007-06-19,42.144503051223694,42.51056499271292,41.98858835450426,42.39532470703125,2901800
2007-06-20,42.686815353251966,42.781719720087615,42.029259974533474,42.10382843017578,2288700
2007-06-21,42.07673693225226,42.46313498813275,41.88692808682369,42.042842864990234,2111400
2007-06-22,41.961482683757914,42.3614387512207,41.690325063598124,42.3614387512207,12827600
2007-06-25,42.32754563966986,42.76817616269369,42.049610219502014,42.29365158081055,2756800
2007-06-26,42.646170414446196,42.829201499515285,42.090299379474224,42.13097381591797,3090200
2007-06-27,41.94032433784527,42.3147936064966,41.776921927192404,42.17862319946289,2483000
2007-06-28,41.790540502881406,42.342026902206854,41.790540502881406,42.00160217285156,2571400
2007-06-29,42.14458545929697,42.98203003998899,42.09692620165688,42.56671142578125,2108300
2007-07-02,42.961599896876464,43.472236991992595,42.961599896876464,43.41777038574219,1839700
2007-07-03,43.54030726475209,43.79222074387168,43.451796140702754,43.553924560546875,989800
2007-07-05,43.55393427369046,43.55393427369046,42.696062627936435,42.79819107055664,1769700
2007-07-06,42.89351851231191,42.89351851231191,42.49862455552589,42.621177673339844,1893700
2007-07-09,42.59393732966518,42.961594013905234,42.444149637827316,42.62797927856445,1427600
2007-07-10,42.57349934572181,42.57349934572181,41.55903549930124,41.57946014404297,2144200
2007-07-11,41.38884357339739,41.52501399891464,41.136927377158294,41.477352142333984,1851300
2007-07-12,41.6543576240512,42.199036508543934,41.273081106289396,41.97435760498047,2398000
2007-07-13,42.028837632866505,42.24670925632459,41.65437094237508,42.05607223510742,1051300
2007-07-16,41.90626434397295,42.18541238945814,41.62030894982229,42.04243469238281,1019200
2007-07-17,41.95393966701068,42.042450817008955,41.48415451191406,41.83138656616211,1950000
2007-07-18,41.620314555252946,41.67478114361244,40.83052954478745,41.49095153808594,1793300
2007-07-19,41.75648333070702,42.260310292075296,41.59988572671117,42.19222640991211,1589200
2007-07-20,42.15819636145237,42.165006310349455,40.878201275658974,41.225433349609375,1898200
2007-07-23,41.36840443501518,41.55223406705861,41.211809399696875,41.35478973388672,1115100
2007-07-24,40.77606318677206,41.42287052575821,39.26457694578626,39.39393997192383,2362100
2007-07-25,40.51053341471019,41.422871582056885,40.449256873722945,41.28670120239258,4038200
2007-07-26,41.225435417627466,41.29352192384121,39.49607711831809,39.952247619628906,3845800
2007-07-27,39.70032839611279,39.89096539194192,38.965009816941674,39.03309631347656,2470600
2007-07-30,40.31989593525207,40.7692563644382,38.99223929535497,40.619468688964844,2912600
2007-07-31,40.6875566685166,41.04840859594758,39.25777404938268,39.29862594604492,2516600
2007-08-01,39.427985381428236,40.13606932206248,38.18883978393537,39.99309158325195,2519100
2007-08-02,40.02033140760633,40.79649939545373,39.14884490858253,39.16926956176758,2441000
2007-08-03,39.74798936957825,39.76160666947603,37.24246332754363,37.256080627441406,2890300
2007-08-06,37.548838146691516,39.80925750732422,36.95649741387655,39.80925750732422,2565400
2007-08-07,39.2850028324307,41.04840252021309,38.917343608591786,40.62627410888672,3206200
2007-08-08,40.98031308035847,41.09605879680485,38.76755314432378,39.639041900634766,3300300
2007-08-09,38.39990824131556,39.76160707828087,37.23565376181206,38.55650329589844,3100600
2007-08-10,38.127561048958896,38.76075110987211,37.14032903806584,38.57011413574219,3873200
2007-08-13,39.285007832628374,39.67989910323899,38.48841274625341,38.68585968017578,2334600
2007-08-14,38.55649354438431,38.808407038284564,37.01777279332774,37.09266662597656,2110700
2007-08-15,37.19479557522458,38.018622551487205,36.84756100028162,36.922454833984375,1979200
2007-08-16,36.616071791099365,38.46798258005021,36.47309407210254,38.0050048828125,3534000
2007-08-17,39.46202812422239,39.897771297319814,38.175223254533385,39.14883804321289,3079700
2007-08-20,39.35309836644709,40.31309600354578,38.896930473784934,39.734375,1580300
2007-08-21,39.455213273424114,40.33350940068826,39.28500096646131,40.0611686706543,1394500
2007-08-22,40.23820706065169,40.79650347963479,39.49608095289589,40.381187438964844,2642300
2007-08-23,40.517339731085855,40.633085459879005,39.468833808062804,39.67308807373047,1832100
2007-08-24,39.88415125201281,40.98712633579198,39.41436359620711,40.850955963134766,1774400
2007-08-27,40.449255190932526,40.70797864180777,40.04755401611328,40.04755401611328,1008100
2007-08-28,39.74799454140457,39.870547659196234,38.570125217948906,38.62459182739258,1577200
2007-08-29,38.94456474406678,39.52328537634367,38.624564871246456,39.35307312011719,2090800
2007-08-30,38.917362900679066,39.24417039590716,38.55651344501296,38.822044372558594,1827000
2007-08-31,39.482445223222406,39.76159328406802,38.85606262496302,39.32584762573242,1657200
2007-09-04,39.19649543263709,39.89096205580812,39.19649543263709,39.78883361816406,1408000
2007-09-05,39.312241662317625,39.44160210068903,38.74032811824106,39.2509651184082,1376900
2007-09-06,39.128400518930384,39.489249728437656,38.740316720757164,38.98542022705078,1187800
2007-09-07,38.44075023896137,38.9241526108826,38.12756018931386,38.23649597167969,1528900
2007-09-10,38.52246033081328,39.51649983230641,38.23650223201284,38.97182083129883,1822400
2007-09-11,39.22372636712219,39.46883251679804,38.76074866156421,39.30542755126953,1279600
2007-09-12,39.03990366451291,39.319051807220255,38.73352092319161,39.03309631347656,1312700
2007-09-13,39.41437432903211,39.91820406589021,39.0399076501801,39.55054473876953,1277800
2007-09-14,39.319048883090225,39.73436739074612,39.11479460314437,39.45521926879883,1333500
2007-09-17,39.38712602158797,39.959039465681364,39.28500019774885,39.80244445800781,1448100
2007-09-18,40.06117681514963,40.5581965408578,39.59139168742843,40.17011260986328,2386700
2007-09-19,40.61267435040178,40.85097064024262,40.347140859563005,40.66714096069336,2121500
2007-09-20,40.64669699688253,40.75563276294947,40.210953932614785,40.224571228027344,1780900
2007-09-21,40.74882581166971,40.76244310808314,40.224574184538085,40.44925308227539,2679500
2007-09-24,40.4764886001071,40.503723193556354,39.89776517686252,40.033935546875,1419700
2007-09-25,39.84330389655475,40.53777053864978,39.71394345628343,39.99309158325195,1829500
2007-09-26,40.33509999727203,40.499256986145845,39.92470230663091,40.17094039916992,1900800
2007-09-27,40.35560429001308,40.80020097418722,40.136726644974935,40.7318000793457,1802700
2007-09-28,40.766010803346525,41.90828128404702,40.766010803346525,41.42948532104492,2137900
2007-10-01,41.62098674316825,42.47597827535517,41.49786775379517,42.27762222290039,2070400
2007-10-02,41.64151507236049,42.48282656346451,41.607315927368134,42.34602737426758,1874400
2007-10-03,42.065590210566235,42.605945572819,42.00403070588899,42.34602737426758,1443300
2007-10-04,42.56490953488247,42.99582611319617,42.475989661116316,42.59226989746094,1342900
2007-10-05,42.9616164832194,43.26941135483711,42.434941373602015,42.54438018798828,1564100
2007-10-08,42.414421893244615,43.13261692036793,42.407583108545175,43.02317810058594,983700
2007-10-09,43.091579837581726,43.8302938872266,42.79746249661876,43.317298889160156,1417400
2007-10-10,43.228381772234215,43.310460246556275,42.46914870937913,42.585426330566406,1167500
2007-10-11,43.02317067968746,43.09156895179323,42.15449905596473,42.31181716918945,1533400
2007-10-12,42.263940658083555,43.207849399993265,42.17502081107107,43.09157180786133,1798200
2007-10-15,43.17365762767731,43.63877329401401,42.475984128172264,42.65382385253906,1256400
2007-10-16,42.653836674372506,42.653836674372506,41.737285245689066,41.87408447265625,1253500
2007-10-17,42.37339586399125,42.54439423098942,41.38844360017588,41.89459991455078,1114200
2007-10-18,41.443169144653034,42.113482508051305,41.422650173182454,41.74412536621094,1155200
2007-10-19,42.0313930599038,42.0313930599038,40.19829062167826,40.30088806152344,1919300
2007-10-22,40.08200226842914,41.72358706551739,39.89048499881879,41.40895080566406,1552400
2007-10-23,41.477354642487555,42.74958263930981,41.15587694608716,41.34739685058594,1850800
2007-10-24,41.44998505523875,41.634663524232295,39.26804778242206,40.280357360839844,4444400
2007-10-25,40.41033828334271,40.875451474948576,39.65794384823902,40.45821762084961,2833700
2007-10-26,40.97119414277389,41.49786661604133,40.362437996796416,41.49102783203125,2407600
2007-10-29,41.68939543363762,42.18871026877655,41.545757455562224,42.038230895996094,1389500
2007-10-30,42.038239701449754,42.619635739464904,41.83988096109536,41.93564224243164,1607500
2007-10-31,42.45546244272625,43.54301185619521,40.89595860802635,41.45683288574219,1883000
2007-11-01,40.930164607179,41.25848112163432,39.54849764474554,39.62373733520508,2260700
2007-11-02,39.71948931443979,39.83576952811657,38.67298043748512,39.63056945800781,2292100
2007-11-05,39.32277609221009,39.69897188658104,38.577223288430254,39.0765380859375,2340900
2007-11-06,39.315921660820024,40.123033698528815,38.77556650504055,40.02727508544922,1434900
2007-11-07,39.39801813303243,39.67845531794208,38.77558425388038,38.87134552001953,1962200
2007-11-08,38.90554874108665,39.55534305002749,38.07107588481138,39.15178680419922,1990000
2007-11-09,38.556700885132614,40.93699721248467,38.18734649290169,40.03412628173828,2240000
2007-11-12,39.979409231361956,41.14903715764136,39.80841090497395,39.98624801635742,1938400
2007-11-13,40.2393437116306,41.073814108020315,40.01362457697188,41.05329513549805,2021800
2007-11-14,41.73727039129443,41.73727039129443,40.55396232624268,40.58816146850586,1417200
2007-11-15,40.348780599299126,40.745495500878405,39.856304409118195,40.239341735839844,2108700
2007-11-16,40.629204505909186,40.718121759421784,39.4390549736023,39.78105163574219,2154800
2007-11-19,39.45274010324924,39.95889376555495,38.789265660500305,39.418540954589844,2686700
2007-11-20,39.404863840002996,39.603222570583846,38.050557095714026,39.22702407836914,3594000
2007-11-21,38.64562219883887,40.45820552265237,38.37202382984639,39.637413024902344,2990100
2007-11-23,39.82209689367872,40.376129882095995,39.657937328337596,40.20513153076172,922900
2007-11-26,40.28720363602042,40.44452177106657,39.38433275100859,39.5006103515625,1994300
2007-11-27,39.623739114396514,40.54029040353314,39.5963787513231,40.47188949584961,1635700
2007-11-28,40.54027424270316,41.662022589264964,40.32139664382412,41.039588928222656,3381800
2007-11-29,40.61552777599817,40.84124423538345,39.76737483379326,39.972572326660156,2483500
2007-11-30,40.697594139431615,41.5867847500444,40.458197570537486,40.92331314086914,2255400
2007-12-03,40.526608857689894,41.1627229269792,39.93153533162911,40.7591667175293,1521400
2007-12-04,40.697587050393594,40.841224966710044,40.239312952843065,40.3350715637207,1683500
2007-12-05,40.86860202411859,41.05328053884115,40.17092850490917,40.77968215942383,1406300
2007-12-06,40.766004669108455,41.7646369934082,40.615527898805844,41.7646369934082,1388200
2007-12-07,41.62098978567406,42.359703775912756,41.463671645358914,41.61415100097656,1448000
2007-12-10,41.6483569393884,42.85902554813787,41.62099657767901,42.61962890625,1209100
2007-12-11,42.64014860936733,43.08474536252665,40.84124523893522,40.86176681518555,2154000
2007-12-12,42.08611677067239,42.26395653149003,40.35561415133911,41.07380676269531,2583600
2007-12-13,40.97119487762404,41.668865665153845,40.533437025544146,41.57994842529297,1935300
2007-12-14,41.675705124236295,41.846703421115905,40.69075587353145,40.70443344116211,1538600
2007-12-17,40.73180472225353,42.25027084086548,40.60184692108213,41.73043441772461,1879600
2007-12-18,42.11347252210332,42.11347252210332,40.99172378774315,41.60731887817383,1663500
2007-12-19,42.017716389933746,42.40075364801647,40.7591683810652,41.114845275878906,1688400
2007-12-20,41.38159490514684,42.01770888680713,41.14903707734386,41.55259323120117,1964400
2007-12-21,42.380226519259935,42.68802404264616,41.72359354218765,42.34602737426758,2066800
2007-12-24,42.14082546610091,43.29677314440896,42.14082546610091,43.194175720214844,668100
2007-12-26,43.0095107185851,43.1463099363213,42.5991130653765,42.99583053588867,902500
2007-12-27,42.96147796686447,43.03017131799627,42.12340545654297,42.12340545654297,1009200
2007-12-28,42.748529323150656,43.00269789627551,42.047846054645355,42.5218391418457,914300
2007-12-31,42.29514210734601,42.92026104602929,42.03410265214802,42.43939971923828,973900
2008-01-02,42.49433917613835,42.652335918164106,41.74557041233136,41.93104553222656,2090900
2008-01-03,42.10967030654594,42.21958125120298,41.49142222553141,41.84176254272461,2351100
2008-01-04,41.46392478552655,42.24017194957743,41.46392478552655,41.7249641418457,1733600
2008-01-07,42.06157584100138,42.73478056708481,41.40211030775431,42.205833435058594,3089600
2008-01-08,42.5836526822197,42.5836526822197,41.250979865141865,41.374629974365234,2056400
2008-01-09,41.718114046873,42.0272394098072,40.83195554662285,42.01350021362305,2124700
2008-01-10,41.76618993553448,42.8859092621842,41.381503016304954,42.350093841552734,2846200
2008-01-11,42.00661495861525,42.329476766840735,41.13419600693352,41.34027862548828,2081700
2008-01-14,41.58757304867901,41.71809141088442,40.838804296064176,41.628787994384766,4358500
2008-01-15,41.62879748056063,42.590519946909815,41.319674835396796,41.51888656616211,2716700
2008-01-16,41.42271347588656,42.48747591530532,41.244109228567396,41.60818862915039,2459700
2008-01-17,41.38836999586533,41.670016890188,39.79466035670053,39.96639633178711,5712700
2008-01-18,40.32361519444008,40.426655226929384,38.139132963477856,38.80546951293945,6822400
2008-01-22,37.809389637976906,40.59837995535897,37.20487832415499,40.1243896484375,4445700
2008-01-23,38.87416024146156,41.457068473742666,38.62685998742206,41.20289993286133,5861900
2008-01-24,41.443337161556855,42.102802842396706,40.735782984785644,41.656288146972656,3083000
2008-01-25,41.88984439744764,42.37757400378012,39.44432283789809,39.59545135498047,4811600
2008-01-28,39.80839682391143,40.49534067723007,39.10771377906848,40.44038391113281,3023700
2008-01-29,40.57089662948106,41.09984360290105,39.93890705092747,40.44724655151367,3169600
2008-01-30,40.24803741766134,41.47079654525911,39.59544028241615,39.75343704223633,2564200
2008-01-31,38.489466115812576,40.543429542492035,38.489466115812576,40.00761413574219,3584000
2008-02-01,39.87023183481182,40.7976052202497,39.87023183481182,40.74951934814453,2354700
2008-02-04,40.763248167698436,41.18915262100377,40.5365554393451,40.92811584472656,1935400
2008-02-05,40.06944204021786,41.27159395808474,39.58170984197319,40.048831939697266,2446700
2008-02-06,41.216633683544096,41.42271632786522,40.19308612739023,40.52968978881836,3388800
2008-02-07,40.22743355183752,41.491410364299824,40.02821920269529,40.74264144897461,3217100
2008-02-08,40.4953592557692,40.502227544440984,39.265728565280625,39.361900329589844,2990200
2008-02-11,39.19015622233476,39.22450289959339,38.26278283393425,38.86729431152344,2735500
2008-02-12,38.894756812306014,39.47178970304327,38.17346635400509,38.7711067199707,3117000
2008-02-13,39.2107577532983,39.313797762548845,38.40016376887603,39.12832260131836,3205400
2008-02-14,39.05964178380678,39.44432880110689,38.45513024457035,38.88103485107422,2245800
2008-02-15,38.887886211955234,39.80152003927542,38.523806862024905,39.71221923828125,2389800
2008-02-19,40.09005176070727,40.35795949809816,39.23137177138603,39.47867202758789,1881300
2008-02-20,39.293191623905685,40.062568058558305,39.09397726388933,39.96639633178711,2276400
2008-02-21,40.18623363372847,40.18623363372847,39.01842802967716,39.100860595703125,1849300
2008-02-22,39.24511177198864,40.151877649703266,38.77111873103548,40.13126754760742,2123000
2008-02-25,40.062566197577624,40.18621630353482,39.16953969270676,40.0763053894043,2830500
2008-02-26,40.02134309400773,40.838807861640994,39.91830310026476,40.50907516479492,2486000
2008-02-27,40.5296826865392,41.57383753800626,40.09003909023362,41.40896987915039,2746100
2008-02-28,40.845693133939086,41.18229687598315,39.82214795313117,39.91831970214844,1752600
2008-02-29,39.53361900083119,39.54735819262186,38.56502825369311,38.633724212646484,2721900
2008-03-03,38.489472621047476,38.60625446715654,36.99880535474361,37.843746185302734,2644300
2008-03-04,37.465919394017796,37.775044660400695,36.861408053144885,37.246097564697266,4610200
2008-03-05,37.40409933068627,38.17347583594785,36.950716419668154,37.54148864746094,4135400
2008-03-06,37.35602004834956,37.60332033804368,36.79959439653781,37.36288833618164,3274700
2008-03-07,37.21862399663475,38.262779131252096,36.92323788392469,37.7200927734375,3040700
2008-03-10,37.617040690324885,38.049816010643326,37.09496456428433,37.22548294067383,1885200
2008-03-11,37.987998575344676,39.835879412987275,37.02627865144616,38.654335021972656,2839000
2008-03-12,38.819194848607864,38.87415161307788,37.404092229780936,37.41783142089844,2027200
2008-03-13,36.744629613959624,38.097907287407274,36.64845526871705,37.88495635986328,2393400
2008-03-14,37.88496752243572,38.036093439950726,36.339343323577246,36.861419677734375,4042100
2008-03-17,36.490455851340066,37.29418150248015,35.52873605278813,36.93009948730469,3278800
2008-03-18,37.94678821337708,39.01155090332031,37.500273559296005,39.01155090332031,3147000
2008-03-19,39.513014108200544,39.57483916506153,37.69261169433594,37.69261169433594,2412000
2008-03-20,38.05669056017695,40.028218687441644,37.781911970381046,39.93891525268555,3174600
2008-03-24,39.945790772438045,40.618995512662096,38.853549813593794,39.03215408325195,2394600
2008-03-25,38.96346083765552,38.96346083765552,38.29025609571154,38.53068542480469,2839000
2008-03-26,38.228437727947224,38.33147776395828,37.685751295311384,37.95365905761719,3212000
2008-03-27,38.48518846532016,38.48518846532016,37.9881591796875,37.9881591796875,3531500
2008-03-28,37.98126324199192,38.25738861891274,37.484233876841806,37.60158920288086,2241500
2008-03-31,37.684434345767684,38.27810784727943,37.39449961168762,38.00888442993164,1991000
2008-04-01,37.56016327908283,39.9210497573156,37.56016327908283,39.85201644897461,2310300
2008-04-02,40.01770121395162,40.238602575110434,39.44473649801649,39.56209182739258,2020200
2008-04-03,39.6587397489032,39.762285790882046,39.08577497654857,39.58970642089844,1737900
2008-04-04,39.58970754981825,39.782998240391166,39.14100275507716,39.36190414428711,1198800
2008-04-07,39.49305748081727,40.14195751655667,39.49305748081727,39.90034484863281,1624600
2008-04-08,39.70015951726062,39.76919284944721,39.12719734355001,39.27216339111328,1514800
2008-04-09,39.417121878749306,39.734669879199366,39.210027188613594,39.45854187011719,1922900
2008-04-10,39.67253335829804,39.85201468533883,38.954602783432215,39.19621276855469,1647400
2008-04-11,38.76132591830401,39.679446758585165,38.70609925822738,38.788936614990234,1500900
2008-04-14,38.7268042587247,39.313575616191336,38.52661421835197,39.05125427246094,2135200
2008-04-15,39.410228630342274,39.679452050742675,38.73371775428803,39.1133918762207,2962300
2008-04-16,39.31357118748496,40.1764678218312,39.30666653973333,39.983177185058594,2494000
2008-04-17,39.831316968889745,40.56995642188145,39.69325295368478,40.390472412109375,2248300
2008-04-18,41.419041591802646,41.43284825500212,40.59066023329624,40.85298156738281,2143800
2008-04-21,40.52164199775526,40.85989613331346,40.252418566046984,40.438804626464844,1411500
2008-04-22,40.24550760535122,40.583764321224976,40.17647691232497,40.38357162475586,1414300
2008-04-23,40.38356224063263,40.59065690493992,39.555180950051906,39.651824951171875,2511800
2008-04-24,40.02461017257366,40.97724910367285,39.56900070697881,40.74944305419922,1966000
2008-04-25,41.00484967801524,41.00484967801524,40.23169238705874,40.83917236328125,1344200
2008-04-28,40.68730922983109,40.94963059607327,40.56305187915595,40.652793884277344,2124200
2008-04-29,40.55614201578938,41.21884600225578,40.28001403808594,40.28001403808594,2230700
2008-04-30,40.55615401645413,42.53736454766396,40.55615401645413,41.61924362182617,3377400
2008-05-01,41.19122428389019,42.53734329251787,40.901292336400154,42.48902130126953,2466000
2008-05-02,42.81348655232639,42.96535722685957,41.85394576327104,42.45452117919922,1939800
2008-05-05,41.985104641970594,42.15768399437375,41.59852594458084,41.6468505859375,1499100
2008-05-06,41.39142925470241,42.50284065198263,41.177432553375134,42.3992919921875,1694700
2008-05-07,42.33717701617014,42.454529736799245,41.27408734685381,41.40524673461914,1981500
2008-05-08,42.30265001838793,42.30265001838793,41.41904457675641,41.6468505859375,1751900
2008-05-09,40.963431183417676,41.90226318996112,40.963431183417676,41.239559173583984,1226900
2008-05-12,41.50187327663276,41.91606521606445,41.142907982465836,41.91606521606445,1140300
2008-05-13,42.25432676460882,42.30264877118888,41.30859267866094,41.653751373291016,1666400
2008-05-14,41.99891547054424,42.57878225744928,41.65375673151391,42.192203521728516,1444600
2008-05-15,41.97821693303048,42.57188789560907,41.68138013506477,42.54427719116211,1440700
2008-05-16,42.82730088703155,42.82730088703155,41.88156395959634,42.30265808105469,2014600
2008-05-19,42.47523747928295,42.70304353195205,41.96440397332896,42.37859344482422,1009100
2008-05-20,42.14386584353202,42.25431649363175,41.69516122959301,41.71586990356445,1610700
2008-05-21,41.55019835702987,41.90226166333275,40.72181968341468,40.83917236328125,1729900
2008-05-22,40.76324982052582,41.225763937246235,40.687314470515574,41.16363525390625,1754100
2008-05-23,41.10839937260134,41.17743269047855,40.500919342041016,40.500919342041016,1441600
2008-05-27,40.43879360190589,41.225754998002216,40.32143827733176,41.06007766723633,1797300
2008-05-28,41.10840329230215,41.260273972761105,40.26621780071209,40.652793884277344,1610900
2008-05-29,40.63208816468858,41.79182176660433,40.6113794825176,41.62614440917969,1780700
2008-05-30,41.59161877920796,41.95748611832765,41.21884679217001,41.46736145019531,1878700
2008-06-02,41.38453154840433,41.55711091046327,40.83918013229358,41.136016845703125,2025300
2008-06-03,41.23956951515111,41.87466036510178,41.13602083453412,41.61924362182617,2227800
2008-06-04,41.612329170930934,42.51664585081911,41.612329170930934,42.15768051147461,3115400
2008-06-05,42.43380548561024,43.289797467208686,42.364772175254544,43.262184143066406,3720300
2008-06-06,42.48904150329181,42.96536226257185,42.12317407178289,42.26123809814453,4238200
2008-06-09,42.30263621390746,42.889407400610224,41.75728763962279,42.03341293334961,2002400
2008-06-10,41.78491595069574,42.55116876986191,41.57782123470947,41.978206634521484,1913200
2008-06-11,41.778017335122954,41.81943733503245,40.721832354278625,40.74944305419922,2248400
2008-06-12,41.14292537726228,41.86085626912976,41.06008800769373,41.59163284301758,1904400
2008-06-13,41.784902027647036,42.047223318276686,40.98413412819717,41.92296600341797,1777300
2008-06-16,41.950586681309275,42.34406736957523,41.205042661425296,41.43975067138672,2559100
2008-06-17,41.874657413044275,41.874657413044275,40.71492385864258,40.71492385864258,1649700
2008-06-18,40.487120332052285,41.09459780458548,40.21099229300837,40.418087005615234,2294600
2008-06-19,40.28001783746773,40.521630499086065,39.693249121190846,40.362857818603516,1847800
2008-06-20,40.25241956690887,40.25932158412446,39.355004594430646,39.42403793334961,2983000
2008-06-23,39.56209800996021,39.69325739072271,38.85106917384679,38.97532653808594,1936200
2008-06-24,38.92011524730299,40.11436463158861,38.92011524730299,39.66565704345703,3151600
2008-06-25,39.796793586203364,40.25930491537794,39.49995693513401,39.651824951171875,2397100
2008-06-26,39.145352804168034,39.54776997964742,38.569483143914226,38.67355728149414,2102400
2008-06-27,38.72211850957426,39.15228642796712,38.22950400093251,38.32664108276367,2182400
2008-06-30,38.31276208740876,38.69436276564012,38.021356152605826,38.222564697265625,2192300
2008-07-01,37.98666451182591,38.57641075606338,37.63281729462634,38.28500747680664,2834500
2008-07-02,38.368253687500804,38.7845473646811,37.834011855483396,37.88951873779297,2256300
2008-07-03,38.16012732169161,38.34051948629403,37.68139213174602,38.042179107666016,1148100
2008-07-07,38.12542309890031,38.54865387301025,37.21651762258692,37.46629333496094,3988700
2008-07-08,38.39602234053528,38.958017836360945,37.43854941507058,38.60416793823242,4277500
2008-07-09,37.285910092708825,38.16012264697593,36.91124643514514,37.08470153808594,5750700
2008-07-10,37.24427501080523,37.65362910570977,36.43250385964579,36.67534255981445,4785700
2008-07-11,34.919974176012765,34.947724974289905,33.88618084715633,34.20533752441406,14045000
2008-07-14,34.67713590660983,34.91997458304323,34.02494582199672,34.14983367919922,7790900
2008-07-15,34.35103812615461,34.35103812615461,31.430055618286133,31.430055618286133,27842000
2008-07-16,31.84635970577676,32.92871791361037,31.173353022495114,32.630374908447266,20704200
2008-07-17,33.52539816099083,35.058740456320095,33.254808655546206,33.997196197509766,74437100
2008-07-18,34.44817968657735,34.68407869946472,33.511520673621106,34.018009185791016,9503100
2008-07-21,33.15074617383241,34.455129593838414,32.92872380192272,33.12993240356445,7248600
2008-07-22,32.991154429942036,33.38663178554016,32.07531185416591,33.36581802368164,10793100
2008-07-23,33.65028669773231,34.6840801752686,33.4490781626787,34.44818115234375,12777400
2008-07-24,33.969437036342704,34.55918580616896,33.49763907916733,33.60865020751953,8610800
2008-07-25,34.03189310224709,34.045769829080854,32.956471916422615,33.23400115966797,6825900
2008-07-28,33.42133119488303,33.76130439406503,32.942596017306826,33.060546875,4199900
2008-07-29,32.9079064255456,33.6017269234121,32.783018524192414,33.560096740722656,6887700
2008-07-30,34.975475306662894,35.14893035235091,33.948621753795514,34.89915466308594,9250600
2008-07-31,34.517563087906346,35.620737571860786,34.330231272135066,35.176692962646484,5470000
2008-08-01,35.412580508681856,35.82193449631662,34.87139900081877,35.64847946166992,4533700
2008-08-04,35.058737802410576,36.571266220274836,35.058737802410576,36.25210952758789,3880300
2008-08-05,36.383946625006296,37.3067291745773,36.383946625006296,37.2095947265625,4866500
2008-08-06,37.070817227863614,37.29283950246674,36.633709716801214,36.76553726196289,2770900
2008-08-07,36.564331863713655,36.89042561854274,36.07865710412294,36.31455612182617,4236600
2008-08-08,36.07172313128857,37.62587931801627,36.07172313128857,37.54262161254883,3074500
2008-08-11,37.67444911962988,38.38214628147052,37.2165277380524,37.771583557128906,3743000
2008-08-12,37.910337492526295,38.02134862506476,37.01530874765822,37.355281829833984,3475700
2008-08-13,37.015321438137214,37.258160193436886,36.5643397155208,36.82105255126953,2184300
2008-08-14,36.77247278850442,36.911237366105766,36.14109647479678,36.335365295410156,3541800
2008-08-15,36.24515912689821,37.72299386865728,36.01619724913328,36.16883850097656,2244100
2008-08-18,36.34229688299604,36.34229688299604,35.58603288261263,35.662353515625,1519200
2008-08-19,35.266887017480556,35.676238452451464,34.28166081803696,34.49674606323242,3631100
2008-08-20,34.496755918148885,34.66327135507706,33.934760363407214,34.61470413208008,2124500
2008-08-21,34.156764691327865,35.42645679998626,34.156764691327865,35.23218536376953,3124800
2008-08-22,35.30851620645699,36.009276222636196,35.15587488675171,35.84275817871094,2421200
2008-08-25,35.60685388287321,35.80806238416872,35.22525328688408,35.3223876953125,1506200
2008-08-26,35.1142471767684,35.62073569792782,34.455117336703715,34.864471435546875,2287400
2008-08-27,34.66326052320555,35.62767028808594,34.66326052320555,35.62767028808594,1337600
2008-08-28,35.83582332079768,36.286804975176864,35.52360362363383,36.2659912109375,1754600
2008-08-29,35.89131813703082,36.69614945214387,35.752553569587754,36.50188064575195,2410300
2008-09-02,36.772456952322266,36.779393987193494,36.00925607426117,36.3006591796875,1841200
2008-09-03,36.40474775871963,36.54350968522779,35.77337146493674,36.32148742675781,2315100
2008-09-04,35.801131083652024,36.161918004242594,35.5652320450626,35.773380279541016,2975800
2008-09-05,35.69705044812186,36.29373625410631,35.447274748247985,36.28679656982422,3118400
2008-09-08,37.39691775086902,37.39691775086902,36.39781475758869,37.272029876708984,3989000
2008-09-09,36.6406603601379,37.3691713319819,35.9329631556647,35.99540710449219,2741500
2008-09-10,36.043978615533064,36.49496039143113,35.19751668552058,35.80113983154297,2244600
2008-09-11,35.65542408640937,36.03702471449861,34.8297788986007,35.89132308959961,2415900
2008-09-12,35.44033621724419,37.18876074925553,35.44033621724419,36.16190719604492,3410800
2008-09-15,36.24517206942404,38.22949581838785,35.4195242542253,36.61289596557617,4903700
2008-09-16,37.556491977204495,40.2762661667042,36.619833024151575,39.72121047973633,9184800
2008-09-17,40.93540542245883,43.315209712145744,38.50703391434686,38.54866409301758,8971300
2008-09-18,39.29103811607758,42.316094569129596,39.2285941930847,41.0047721862793,9103000
2008-09-19,42.1149078402913,47.1797973170425,41.393333834348375,45.79215621948242,6028900
2008-09-22,44.786106947216076,45.0983239959703,39.77672303486884,41.4835205078125,2627900
2008-09-23,41.62921466658601,41.872050693455414,38.86781041130817,39.200843811035156,3349600
2008-09-24,40.29014260192388,40.29014260192388,38.25031197436969,38.895565032958984,2025700
2008-09-25,39.83915406404994,41.69859238613862,37.59117812921758,41.62921142578125,3517600
2008-09-26,40.84520679809323,41.62922460252085,39.22166693272632,39.75590896606445,2936200
2008-09-29,39.47837644677723,39.89466757144568,36.77247619628906,36.77247619628906,2978600
2008-09-30,37.618928139722,38.85392711905795,36.68920906350457,37.55648422241211,2571400
2008-10-01,37.743834806026264,38.74987237493443,36.682287682116076,37.445491790771484,2003000
2008-10-02,37.39691236895224,37.79238969797303,36.88348422165964,37.46629333496094,2584800
2008-10-03,37.88954392823466,38.85395415247334,36.515779438306645,36.599037170410156,3159600
2008-10-06,35.55830267743693,37.10552216413713,34.60776927865207,36.356197357177734,3710700
2008-10-07,37.00837551015095,37.98666204320322,35.037925720214844,35.037925720214844,3714000
2008-10-08,33.22012591010067,35.731755350972264,31.568832397460934,31.568832397460938,6780900
2008-10-09,33.37615840206322,33.79484214336844,26.6911563873291,26.6911563873291,8530900
2008-10-10,25.81190922477981,29.31490170328408,24.35349095577554,28.435665130615234,8209500
2008-10-13,31.07337962279245,32.65740360441442,29.307926789435456,31.98750877380371,3454400
2008-10-14,31.827004291416205,34.36702346801758,31.827004291416205,34.36702346801758,5313300
2008-10-15,32.42712963918891,33.055155068257726,30.85706207362858,31.00360107421875,2928500
2008-10-16,31.045465937924167,31.32458742251039,27.982087879796183,31.10826873779297,4314500
2008-10-17,32.503883361816406,34.05301461797367,29.621936867072026,32.503883361816406,4037500
2008-10-20,32.74113565190514,34.79269197133238,32.441080793123874,34.45774459838867,2292000
2008-10-21,34.053010119294925,34.834553880715866,33.034211668987744,33.32728958129883,2748900
2008-10-22,33.452901116910695,33.452901116910695,30.98964071871697,31.610689163208008,3998900
2008-10-23,31.750256225990604,33.411039604689286,30.95475572667608,33.166805267333984,4058900
2008-10-24,30.87102464960509,34.07396322275622,29.224197473947285,33.85066223144531,3758800
2008-10-27,34.04603902830799,35.204399727866644,30.864034891989228,30.947771072387695,4659100
2008-10-28,32.42712666010193,34.527526794706766,30.23601077359299,34.450767517089844,4370100
2008-10-29,35.58122625916288,40.500771458682074,32.79697154602918,39.45405960083008,11574600
2008-10-30,40.73801758584192,41.42186886805001,37.15128614192838,38.90278244018555,9137200
2008-10-31,38.728333603784904,40.65428199553669,38.50503531668109,40.0262565612793,4620700
2008-11-03,40.87061087972703,41.038085956766594,37.821190923768455,38.53993225097656,3753200
2008-11-04,38.49804764318335,39.48893591278743,37.15825820261585,38.616676330566406,3654000
2008-11-05,38.225905947341104,39.29355356618902,36.404627377113975,36.544189453125,3600400
2008-11-06,36.600017885795296,38.170085360441114,35.2881385394188,35.74869155883789,2530300
2008-11-07,35.58820687088393,37.674653895934256,35.26023626947313,37.26294708251953,3720600
2008-11-10,37.367593098811476,37.48622176438109,35.692856606052615,36.090606689453125,2243400
2008-11-11,35.378856912027935,36.79540593103374,34.54148699787613,35.97199249267578,2330500
2008-11-12,35.35793582196929,35.58821377707518,34.49963216207104,34.63221740722656,3975500
2008-11-13,34.74385062848529,38.04448116767881,33.70411584638171,37.786293029785156,4104000
2008-11-14,36.80936877691325,38.19800774656938,36.55118058485998,36.774478912353516,3316300
2008-11-17,36.36276937324386,36.87914571831723,35.106715710556976,35.7347412109375,2950200
2008-11-18,36.23714323095688,36.23714323095688,33.68316791964278,35.176475524902344,4193000
2008-11-19,33.44591218303992,33.45986865184287,27.97510152272456,28.2263126373291,16743400
2008-11-20,28.114669612665224,30.766338032885187,26.16778571649597,26.495756149291992,7577000
2008-11-21,27.96814228291759,32.238725942562915,27.17961860005667,31.994491577148438,6370600
2008-11-24,32.06426788127681,32.950484077380175,30.473264339818822,32.51784133911133,3792000
2008-11-25,33.14586973681892,34.066975798656486,31.645581936592734,33.84367752075195,3362200
2008-11-26,32.62251508665142,35.14857861112356,32.594602135415684,34.63917922973633,3279400
2008-11-28,34.025106501777245,36.55814951235589,33.93439340610982,36.46045684814453,1612500
2008-12-01,35.16951348697622,35.309072914666835,30.703542590814795,30.877994537353516,4537800
2008-12-02,31.3943835294307,32.65741432342648,30.808224694772413,31.70839500427246,3623600
2008-12-03,30.501177611771638,32.96444090036955,29.71963363872344,32.755096435546875,4241500
2008-12-04,32.0991592519745,34.171649298972504,31.778168298316885,33.04119873046875,4089300
2008-12-05,32.54575349455253,36.397652648480616,32.02239767464803,36.16737747192383,3920400
2008-12-08,36.320892901489835,36.63490692177583,33.606421176432015,34.3321418762207,4022900
2008-12-09,34.436803764336695,34.75081771461623,33.006298726312956,33.32728958129883,2955800
2008-12-10,33.32730343010801,34.820614540642055,32.60158525247211,33.46686553955078,2769500
2008-12-11,32.88070308000283,34.36703445242132,32.866746604448956,33.03422164916992,2643900
2008-12-12,31.79909386002195,33.5645463328632,31.750247538301632,32.87371826171875,2433500
2008-12-15,32.83186281970874,33.89951077070481,32.02938529136153,33.60643005371094,2229700
2008-12-16,33.7110944317211,35.930123360168835,33.45988320783262,35.90918731689453,2471900
2008-12-17,35.65797933426802,36.2022712561436,34.8903917798809,35.588199615478516,2257900
2008-12-18,36.98382873423756,37.165257666214416,35.713818224619764,36.11854553222656,2941900
2008-12-19,36.44648396377496,36.976819133472965,35.64400696767493,36.327857971191406,2062900
2008-12-22,36.80936197356775,36.80936197356775,35.8324299749019,36.31391906738281,2105300
2008-12-23,36.66980812502815,37.269923402418264,35.93711029223195,36.04875946044922,1589900
2008-12-24,36.334852877539085,36.35578626026707,35.41374677054977,35.97199249267578,412900
2008-12-26,36.11156039197926,36.42557449299037,35.7905693829128,36.230186462402344,625600
2008-12-29,36.09061728484867,36.648862946323355,35.965011678276205,36.47441101074219,1260700
2008-12-30,36.78842269648367,36.809356075611106,35.937096452966294,36.488365173339844,1867000
2008-12-31,36.55813754691055,37.088472781801755,36.05571525320826,36.927974700927734,888400
2009-01-02,37.12337036250979,37.12337036250979,36.16039498623894,37.00474166870117,873700
2009-01-05,36.907062282542825,37.248989351448486,36.299970107550266,36.74656677246094,1502600
2009-01-06,35.862790399115205,37.11128877187219,35.701467786113,36.01709747314453,3018600
2009-01-07,35.5541683025927,35.89785744476564,34.47400816071478,34.54414749145508,1898200
2009-01-08,34.66338788540305,35.11930160155941,34.368799460054646,34.71950149536133,1759800
2009-01-09,33.863775763096726,35.750553761878,33.863775763096726,34.894840240478516,2338600
2009-01-12,34.71950652689034,35.05618020849799,32.83273026674188,33.10627746582031,2409000
2009-01-13,32.72049699876295,34.62831402017259,32.41889307090099,34.46699142456055,2463900
2009-01-14,33.933931103864836,34.186437007943255,33.37982122276435,33.43593215942383,2948200
2009-01-15,33.30266508608895,34.474011280077,32.44695126027997,34.151363372802734,3336900
2009-01-16,35.21748743452154,35.59624616393755,33.91989135397526,34.908870697021484,3275200
2009-01-20,34.22149061243564,35.16838463256333,32.29263024313305,32.45395278930664,3325800
2009-01-21,32.98001416263637,33.758572977896556,32.26458181011739,33.49203872680664,3680000
2009-01-22,32.36978996898782,32.965982193723306,31.31066861716957,31.528104782104492,4100400
2009-01-23,31.212481636421238,31.661379820617253,30.342739397808284,30.95296287536621,3808400
2009-01-26,30.42691676025456,31.857779380120657,30.42691676025456,31.493051528930664,2471800
2009-01-27,31.808687037057755,31.90688589617699,30.440950659177854,31.829730987548828,2361800
2009-01-28,33.13433643776063,34.438946035783964,32.67140976087628,34.2425537109375,3606400
2009-01-29,33.260577103113825,33.260577103113825,31.535123868569507,31.647348403930664,2434900
2009-01-30,31.626302643100452,31.668387841243756,30.12529869268935,30.623294830322266,3733700
2009-02-02,30.020099497457323,30.82671540503937,29.809678770675614,30.265592575073242,2386100
2009-02-03,30.356766942005397,31.051158140551056,29.718489352719413,29.999052047729492,3235700
2009-02-04,30.307662385019402,31.661372148768773,30.10425460845438,30.60926628112793,5026200
2009-02-05,30.889841397451004,31.289641574646453,30.181421661968074,31.14234733581543,2781700
2009-02-06,31.486029014290615,31.829718193952633,30.511077762177006,31.19144058227539,3835400
2009-02-09,31.044149887427984,31.892851034978147,30.903871182644618,31.75958251953125,1907700
2009-02-10,31.170392914464653,31.380816255774327,29.17840543991734,29.508066177368164,2621000
2009-02-11,29.985024429386698,30.7495549838518,29.65536365547735,30.728513717651367,2145100
2009-02-12,29.823707434810302,31.47902180431538,29.823707434810302,31.401866912841797,2312100
2009-02-13,31.009067151492488,31.254560132761434,29.67640128780089,29.6904296875,2886300
2009-02-17,28.75758354032241,29.26960848715798,28.308685103406063,28.519105911254883,3401900
2009-02-18,28.827701702012,29.332713409703018,27.54413384582235,28.196439743041992,3062300
2009-02-19,28.70144792620315,28.890827310986122,28.126296909740965,28.582210540771484,4782200
2009-02-20,28.056156061992606,28.33671869286995,26.835712096012767,27.621286392211914,4160200
2009-02-23,27.80367074793555,27.993050262189865,25.41889732813285,25.50306510925293,3560700
2009-02-24,26.05013745929009,27.249537349915524,25.846729709237387,27.22148323059082,4031900
2009-02-25,26.88481822536738,27.873797817973553,26.274594782109467,27.025096893310547,3016700
2009-02-26,27.186425112925583,27.964984188658555,26.716485591908892,27.01107406616211,3534000
2009-02-27,26.197442578323262,26.492033697433534,25.250548095017834,25.60826301574707,3457900
2009-03-02,24.82970599214316,26.863776258888453,24.591228493212277,25.138322830200195,4576000
2009-03-03,25.243528695744605,25.411864141102708,23.4339052664612,23.812664031982422,4214500
2009-03-04,24.023089185262723,25.082208144322262,23.279599914399338,24.528100967407227,4241400
2009-03-05,23.819679566048674,24.205451236883125,21.967973405528134,22.35374641418457,4936800
2009-03-06,22.494031220227658,22.900846917754432,21.687416702964512,22.795635223388672,3923100
2009-03-09,22.206459190190515,23.265578465806183,21.946940358197068,22.332712173461914,4272400
2009-03-10,22.33971804473493,24.12829907762545,22.33971804473493,23.9599609375,5065400
2009-03-11,24.408865151331025,25.16638295694438,23.06918326234708,23.651350021362305,4507400
2009-03-12,23.497040656544065,24.836722569040642,23.006057182323165,24.689428329467773,4625900
2009-03-13,25.06818491460731,25.79764318013312,24.514075006854277,25.67840576171875,3909300
2009-03-16,26.246539564643403,26.919889519431653,25.43992647264097,25.58020782470703,3853700
2009-03-17,25.411876805160393,27.165387509427422,25.131316697864666,27.144346237182617,2881300
2009-03-18,26.646343419514594,28.16137619596392,26.078205124979466,27.9790096282959,6889400
2009-03-19,28.54714339270645,28.5822130576484,26.323691316887057,26.37278938293457,4725400
2009-03-20,26.428913409965098,27.628314083229945,26.19043584841142,27.13031768798828,3434300
2009-03-23,28.119304153777392,28.392851457732792,27.060184624885483,28.336740493774414,3266600
2009-03-24,27.57219996865823,28.455968080279096,26.828710556030273,26.828710556030273,2861500
2009-03-25,27.151350240605858,27.81768462586701,25.96597835465497,26.954957962036133,3458900
2009-03-26,27.495037757746847,28.210470169820816,26.702450476383927,28.063173294067383,4499200
2009-03-27,27.279731541320185,28.754883956145846,27.258555275410973,28.33845329284668,3417200
2009-03-30,27.18796365317423,27.49146397843491,26.36215962857939,26.468032836914062,3150200
2009-03-31,26.580965967180017,28.599595260804215,26.580965967180017,28.5148983001709,3960200
2009-04-01,28.331378876649847,28.90308929384613,27.512634589813516,28.81133270263672,2865200
2009-04-02,29.26306205702168,30.00416657975274,29.178365089629917,29.6936092376709,3692000
2009-04-03,29.750078057875644,30.96407699584961,29.552448194858467,30.96407699584961,3650100
2009-04-06,30.06062456909987,30.957008857116804,29.99004423152609,30.815845489501953,2455000
2009-04-07,30.244143240652395,31.02054062624764,30.081806266360992,30.279436111450195,2076600
2009-04-08,30.6323488672678,31.68401091265405,30.39942880136235,31.00642967224121,4249400
2009-04-09,32.07925937203568,32.354526508789384,30.829967780834604,32.13572311401367,4675700
2009-04-13,31.86046913107522,33.632065202444295,31.479328618613078,33.53324890136719,3942500
2009-04-14,33.250912644173525,33.257969602602344,31.436970079091587,31.64165687561035,4202900
2009-04-15,31.232282732353838,32.46040079736277,31.14052611958812,32.2910041809082,2717200
2009-04-16,32.361579027998175,33.16620945367698,31.225220461556823,32.7568359375,2835000
2009-04-17,32.54510129119342,32.85565864718303,31.832227264022773,32.43922805786133,2655700
2009-04-20,31.68400450330564,32.00867844543336,30.717039635460925,30.794679641723633,3018500
2009-04-21,30.724094915148385,32.79213098227663,30.568817603575724,32.69331741333008,2951100
2009-04-22,32.04398008561402,32.326304276376206,30.48412795984299,30.660581588745117,3262600
2009-04-23,30.73820334965331,31.380494069468142,30.625273201965005,31.048763275146484,3939500
2009-04-24,31.33817027892523,31.599320935050027,30.371202308666067,31.055843353271484,3392200
2009-04-27,30.64645185224108,32.107489750991896,30.64645185224108,31.719289779663086,2831700
2009-04-28,31.18992808072455,32.69331305902203,31.08405756772569,31.867511749267578,2378600
2009-04-29,32.650974392604084,33.84380250414572,31.87457959550974,33.3144416809082,5379200
2009-04-30,33.99201580334439,34.30257311895753,32.56627062683656,32.69331741333008,4615700
2009-05-01,32.6862716525165,33.039178915345566,32.11456091744468,32.35453796386719,2072000
2009-05-04,32.65801831569677,33.2861924259311,32.029844205462446,33.22972869873047,2959900
2009-05-05,32.926255183044574,33.03212576726094,31.74754329299024,31.88164710998535,2673200
2009-05-06,31.916924607729396,32.48863248725607,30.89349329895932,31.768701553344727,4992100
2009-05-07,32.16393970831049,32.22040611357337,30.54056825153214,30.86524200439453,4211300
2009-05-08,30.872319118136776,31.52872394966504,29.432457278889153,30.717039108276367,5991200
2009-05-11,30.03945944071108,31.013481296555213,29.679492617599426,29.912412643432617,3704000
2009-05-12,29.630088021944687,30.759392671062255,29.623031062670485,30.251205444335938,2374200
2009-05-13,29.891234913421595,30.702922445874407,29.615967763667243,29.792421340942383,2774300
2009-05-14,29.58066221782623,31.33108047185508,29.474789049481267,31.02758026123047,2833500
2009-05-15,30.794680182188934,31.10523752022227,30.117096374483815,30.43471336364746,2180800
2009-05-18,30.77348939946225,32.206293653899074,30.307652266003664,32.0439567565918,2496000
2009-05-19,31.500501435293124,31.719302203962524,30.7735106798829,30.80880355834961,3004200
2009-05-20,31.451071102756774,31.50047786467863,29.85593004152756,30.110023498535156,3423800
2009-05-21,29.67243303963556,31.02053820956474,29.45362964308817,30.907608032226562,2744500
2009-05-22,30.851147959711067,31.422858614901802,30.547647540686548,31.013484954833984,1477000
2009-05-26,30.801729678689412,31.74752076591856,30.357066001586475,31.7334041595459,2223700
2009-05-27,31.76163932491589,32.08631321404505,30.45588411854525,30.526464462280273,2338200
2009-05-28,31.13346467927037,31.13346467927037,30.434707439132605,31.02053451538086,1830200
2009-05-29,31.408727279506994,31.408727279506994,30.625273201965005,31.048763275146484,2565200
2009-06-01,31.401684131368473,31.62754452606178,30.957020301361148,31.3875675201416,1653700
2009-06-02,31.098179893178294,32.31923834308099,30.949956839775616,32.11455154418945,2849000
2009-06-03,31.761643747490165,32.206307513846035,31.54284034349679,32.142784118652344,2655400
2009-06-04,32.24865458714482,32.59450478086226,31.88163082589272,32.51686477661133,2724000
2009-06-05,32.91211693592683,32.91211693592683,32.25570951381072,32.474510192871094,2194300
2009-06-08,32.14983620882586,32.84859345014924,31.39461523169567,32.58038330078125,1037000
2009-06-09,32.82036020061731,32.87682662883072,32.23453312400684,32.36157989501953,1637600
2009-06-10,32.5945141835441,32.67215421019219,31.95928004957673,32.15690994262695,1636900
2009-06-11,32.23452679773216,32.46744672969892,32.10042309574542,32.14982986450195,1282200
2009-06-12,32.12161266719395,32.178079112471515,31.59225185882414,31.74753189086914,971700
2009-06-15,31.436959688986455,31.585179999215264,30.8158425462843,30.879365921020508,1358300
2009-06-16,31.26756939292991,31.366382952889033,30.58998838823801,30.60410499572754,1401100
2009-06-17,30.60411339873328,30.858207018376405,30.27237976281383,30.33590316772461,1583500
2009-06-18,30.152377443069536,30.695854591253113,29.990040532697865,30.095911026000977,2887700
2009-06-19,30.314726289779973,30.49117987389689,30.004166258554665,30.279436111450195,2301700
2009-06-22,30.025334275177244,30.50528810758708,29.997101063278482,30.00415802001953,2053500
2009-06-23,30.025332265809656,30.392355918529617,30.01121566080499,30.350006103515625,2357700
2009-06-24,30.477067493909644,31.07700868618434,30.364137292100228,30.99936866760254,2452700
2009-06-25,30.745260788945426,31.50048160217602,30.399410721991114,31.458131790161133,1904300
2009-06-26,31.40872043631252,31.50047700271372,30.702906493923475,31.02758026123047,1947500
2009-06-29,31.14052163655894,31.288744664293763,30.70291758804551,31.02053451538086,1714000
2009-06-30,30.85114447496678,31.338158097794015,30.73821428709503,31.218168258666992,1461800
2009-07-01,31.28167859133745,32.093365828697536,31.133458286504826,31.683992385864258,1298000
2009-07-02,31.58519243988968,31.825169428695947,30.27943695790941,30.342960357666016,2328900
2009-07-06,30.222973421142434,31.11935806274414,30.145333403705287,31.11935806274414,2598800
2009-07-07,30.985238247562084,31.119341949399477,30.011214092865096,30.095911026000977,2458700
2009-07-08,30.08886235582819,30.272372876901347,29.143071149218017,29.474802017211914,2323800
2009-07-09,29.587726274916655,29.940633330824348,29.425389352295177,29.601842880249023,1652200
2009-07-10,29.21366030517332,29.64420756005479,28.23257862862361,29.50304412841797,1714000
2009-07-13,29.87712156105192,30.808796251268486,29.552444926456232,30.794679641723633,2000200
2009-07-14,30.597042629122324,30.80172938084555,30.321775538685664,30.6746826171875,1699000
2009-07-15,31.01346818763899,31.57812157796986,30.568807277583755,31.458131790161133,1748900
2009-07-16,31.33817105629601,32.31925297395226,31.288764246951388,32.029869079589844,1959100
2009-07-17,31.853400002059132,32.00867731664069,31.1828758808986,31.36638641357422,2100000
2009-07-20,31.338163332481635,31.429917274382106,30.829976055937752,31.00642967224121,2043700
2009-07-21,30.985244011939766,32.015732082946464,30.900544370579727,31.867511749267578,1981000
2009-07-22,31.754594131082417,32.763906344239125,31.41580081673856,32.73567581176758,1803700
2009-07-23,32.55920219930427,33.59674700022298,32.432155457564534,33.434410095214844,1877700
2009-07-24,33.39179753416085,34.706154438125914,33.18576238828829,34.38644790649414,2007000
2009-07-27,34.51432716199506,34.69194308347045,34.00989588525002,34.1164665222168,1486300
2009-07-28,33.74702965921179,34.94060903029078,33.49836841948877,34.677738189697266,2933100
2009-07-29,34.63509711851597,35.068480305836594,33.86069176171436,34.080936431884766,1521000
2009-07-30,34.35092947095814,34.39355828186045,33.45574612364782,33.661781311035156,1641600
2009-07-31,33.462832242189165,34.954807328718154,33.462832242189165,34.855342864990234,1488500
2009-08-03,35.096912170079925,35.60844425390051,34.89798046673455,35.558712005615234,1379000
2009-08-04,35.26031950932895,36.127083511152755,35.17506190111991,35.87131881713867,1819000
2009-08-05,35.9565839872908,35.9565839872908,34.99035249985488,35.530303955078125,1325600
2009-08-06,35.6368595288677,36.219439553330616,35.345569516636246,35.70790481567383,1891100
2009-08-07,36.22655822900633,36.638625913270666,35.82159128159126,35.9068489074707,2515000
2009-08-10,35.885532560621364,36.077358150414156,35.01876839328952,35.246116638183594,926400
2009-08-11,34.92639204990132,35.366878743000186,34.869556368632274,34.96902084350586,1038500
2009-08-12,35.08271061032811,35.99920704608469,34.961930329519944,35.66529083251953,1371300
2009-08-13,35.86421612828213,36.04893825372079,35.20348450691423,35.56582260131836,1388100
2009-08-14,35.71501875712319,35.71501875712319,34.748787468758366,35.01876449584961,1063400
2009-08-17,34.34381826765709,34.635108300856125,34.00279598807316,34.0383186340332,2538000
2009-08-18,34.04541521552855,34.73456579107696,33.72570875613735,34.635101318359375,2241700
2009-08-19,34.19463026966428,35.523197081661046,34.00280468019873,35.45925521850586,1259600
2009-08-20,35.43793482754519,36.33311801610075,35.41661907077186,36.07735061645508,1886400
2009-08-21,36.22655808467474,36.41838096662697,35.807384244821385,35.89263916015625,1416300
2009-08-24,35.93526746870664,36.176822607065276,35.38110375129343,35.45925521850586,1446000
2009-08-25,35.74343146278424,36.48941784206059,35.69369921817942,36.098663330078125,1163700
2009-08-26,35.94945558889077,36.446780630359925,35.52317853060489,36.240745544433594,1027700
2009-08-27,36.23365880170714,37.29935464881618,36.05604282718897,37.19989013671875,1703400
2009-08-28,37.26381304129874,37.860602520524345,36.85174288912241,37.214080810546875,1750600
2009-08-31,36.8091353435225,37.24962219918104,36.766506534185986,37.07200622558594,985500
2009-09-01,36.88726707852725,37.13593095296977,35.94945538739204,36.013397216796875,1507600
2009-09-02,35.516078768797016,36.25495889906738,35.516078768797016,35.81447219848633,1343000
2009-09-03,36.18391944743865,37.22830203999388,35.85000061358403,37.17856979370117,1596000
2009-09-04,37.008052752116846,37.008052752116846,36.31890212358463,36.631507873535156,1507200
2009-09-08,36.773594486074444,36.865955512284856,36.119969279547895,36.567562103271484,1127100
2009-09-09,36.723865932840404,36.830436566859575,36.19101818315216,36.5533561706543,1288700
2009-09-10,36.588882556940035,36.80912729169411,36.16970884253974,36.65282440185547,1434300
2009-09-11,36.4823273872495,36.78782714141105,36.18393379120625,36.404178619384766,1188500
2009-09-14,36.134185686831046,36.52494019569978,35.871314865985404,36.49652099609375,1332000
2009-09-15,36.36862564890849,36.53203192895181,35.75762931447817,35.95655822753906,1457800
2009-09-16,36.112866147308715,36.97252645425033,35.857098817262454,36.85885238647461,2308300
2009-09-17,36.91569417136003,37.10041625592705,36.09866252101823,36.127079010009766,1513400
2009-09-18,36.2407603310527,36.27628569224078,35.48767037346529,35.54450607299805,1768200
2009-09-21,35.203484227562,35.79317054074618,35.160858129879486,35.700809478759766,2555600
2009-09-22,35.935255292948575,35.94235873746795,34.883766630621636,35.13953399658203,3159200
2009-09-23,35.25320488417012,36.247855059348694,35.2105788005106,35.409507751464844,1867700
2009-09-24,35.6652753948732,35.864204347504284,35.267414779407304,35.43792724609375,2097200
2009-09-25,35.45215236285064,36.69546428144473,35.28874326856939,36.56047439575195,2766700
2009-09-28,36.7735995071619,37.92455263960291,36.61729933785319,37.633262634277344,1444400
2009-09-29,37.74046766366837,38.355061119703855,37.54751285813112,38.169254302978516,1330500
2009-09-30,38.12636743755581,38.35505396602294,37.66899438062153,38.204978942871094,1434600
2009-10-01,38.133508515536654,38.933911220144836,38.133508515536654,38.4122200012207,3016000
2009-10-02,38.04776654680177,38.59089648297815,37.81907724476226,38.41938018798828,1822100
2009-10-05,38.47654681995083,38.61232859995781,38.05490550437712,38.46225357055664,1701500
2009-10-06,38.619458527590304,39.13400163436561,38.46938356837072,39.062538146972656,1231400
2009-10-07,38.883888964186085,39.32696872329158,38.762400452075774,39.31267547607422,1135500
2009-10-08,39.691448459299174,39.76291198497723,39.14117058787013,39.1626091003418,1517300
2009-10-09,39.112591098056605,39.184057362703726,38.60519288677866,38.95536804199219,1386600
2009-10-12,39.019667592322314,39.2555020632466,38.683785851221266,38.748104095458984,907000
2009-10-13,38.57658431738413,38.626609310946144,38.16923638343195,38.390777587890625,1342200
2009-10-14,38.77669860012273,39.162608172421486,38.48369378993116,39.11258316040039,983300
2009-10-15,38.9267789058263,39.11258571602263,38.54801457071403,39.069705963134766,1013000
2009-10-16,38.76242081232643,39.44133269172648,38.355069868062984,39.1983528137207,1567200
2009-10-19,39.305528612997094,39.6414130935151,39.148305626174526,39.40557861328125,1004900
2009-10-20,39.25551037518524,39.49134216988648,39.126873859472376,39.155460357666016,1403000
2009-10-21,39.22691388880315,39.348405112112054,38.362192984814754,38.49082946777344,1814600
2009-10-22,38.60518931412593,39.59140186571483,38.60518931412593,39.148319244384766,3392200
2009-10-23,39.12687942056448,39.19119768756244,38.61233328458072,38.86246109008789,1698600
2009-10-26,38.98395487600054,39.19120295598284,38.14067202918086,38.18355178833008,1462900
2009-10-27,38.20499570109965,38.59805067392716,37.89769753252404,38.0692138671875,1660600
2009-10-28,39.091141849599495,39.091141849599495,36.94720356965245,37.0972785949707,3332900
2009-10-29,37.25450375425932,37.883390389775805,37.25450375425932,37.76190185546875,1749000
2009-10-30,37.59037544451425,37.59037544451425,36.389770044315874,36.70421600341797,3003600
2009-11-02,36.775699198450994,37.190195375149415,36.396937518899215,36.76140594482422,1280300
2009-11-03,36.42551420878482,36.74710278715526,36.26829118742423,36.64705276489258,1321500
2009-11-04,36.84715228782129,37.297377348319955,36.81141780345546,36.83285903930664,1245900
2009-11-05,36.79713028786741,36.840007310756526,36.24685244280188,36.454097747802734,2112400
2009-11-06,36.22541143810081,36.91861905829032,36.21826617629289,36.64705276489258,1325300
2009-11-09,36.73280507050502,37.81191931865816,36.73280507050502,37.78333282470703,1305400
2009-11-10,37.71903360383063,37.876256673715204,37.325978655278696,37.390296936035156,1150500
2009-11-11,37.47603334210026,37.64754957283869,37.16159009959747,37.34739685058594,1733100
2009-11-12,37.1544434764414,37.311663728846085,36.78282726193941,36.8614387512207,1528500
2009-11-13,36.97580327997939,37.24022166566466,36.739968676359936,36.80428695678711,1450300
2009-11-16,36.95434970466145,37.15445246930797,36.24685158220272,36.55414962768555,2770200
2009-11-17,36.30401790424684,36.80427067220753,36.153942891706116,36.73280715942383,1762700
2009-11-18,36.60416042056416,36.91145834669509,36.361180728417786,36.425498962402344,1932800
2009-11-19,36.1611016059234,36.48269298541167,35.718021664272506,35.93241500854492,2906400
2009-11-20,35.71086485796919,35.81091487121318,35.417860079401045,35.53934860229492,2997900
2009-11-23,35.90381586163939,36.06103612619718,35.174876622172135,35.56078338623047,2863100
2009-11-24,35.51790383384981,35.74659031701186,35.40356059226878,35.603660583496094,2199000
2009-11-25,35.7680250860148,36.20395950092251,35.367825145371114,35.62509536743164,2911100
2009-11-27,34.83184718043546,35.28207219683802,34.26727618711501,34.431644439697266,2710200
2009-11-30,34.438789486992825,34.874723979740274,34.31015298991462,34.81040573120117,2285800
2009-12-01,35.25348559884829,35.75373557691658,35.0176511296236,35.603660583496094,3878300
2009-12-02,35.6537018651958,36.15395479789941,35.39642877259628,35.675140380859375,2866200
2009-12-03,35.67512645033697,35.74659268490782,34.56028045261275,34.61745071411133,2719800
2009-12-04,34.97476845683332,35.07482117020903,34.445932031207306,34.881866455078125,2535700
2009-12-07,35.560787793329624,35.560787793329624,35.11770798640559,35.17488098144531,2362500
2009-12-08,35.117705452977134,35.49646697623645,35.00336219730498,35.08911895751953,1651100
2009-12-09,35.13913818709216,35.653684116140845,35.08911319134107,35.51790237426758,1924700
2009-12-10,35.69656940820892,35.93240117828997,35.546494397597506,35.7966194152832,1218000
2009-12-11,36.03960829118052,36.23256309342833,35.703723702879635,35.88238525390625,1377100
2009-12-14,36.10392024488716,36.36119326956003,35.76089045404282,35.94669723510742,2180900
2009-12-15,35.75255949357295,35.76694138292409,35.011907278846614,35.47930908203125,3559500
2009-12-16,35.802887642890965,35.802887642890965,35.191669810330666,35.378631591796875,1887700
2009-12-17,35.29954032250386,35.29954032250386,34.79618515688237,34.93281173706055,2112900
2009-12-18,35.07661789315435,35.20605213020443,34.781796073887925,35.126953125,1648600
2009-12-21,35.126945786515506,35.33547898520466,34.98313243589496,35.07661056518555,1902600
2009-12-22,34.9543658343292,35.795685388110506,34.80336018258337,35.69501495361328,1445000
2009-12-23,35.6015346688091,35.98983727367859,35.493674662832234,35.917930603027344,1409700
2009-12-24,35.87479293141729,36.11208993484303,35.838839588097585,35.989845275878906,525000
2009-12-28,36.02579819914433,36.26309519980323,35.968273399116384,36.24152374267578,1103000
2009-12-29,36.17679930000158,36.327804955433436,35.93950234741123,36.19118118286133,1379300
2009-12-30,36.025786731761144,36.435660745100954,35.89635254406822,36.32780075073242,959200
2009-12-31,36.442864657369945,36.65858745783716,36.24152374267578,36.24152374267578,970100
2010-01-04,36.241521370595486,36.478815612658764,35.33548182764537,35.42896270751953,2670300
2010-01-05,34.96156587805393,35.277961901905776,34.29282322790363,34.63079071044922,9280400
2010-01-06,34.659543877148906,34.810549527921374,34.14180708242776,34.15618896484375,5479100
2010-01-07,34.3000218141326,34.4869808908116,34.02677140077259,34.35035705566406,7213100
2010-01-08,34.34314795012439,34.429439244620305,34.026754766163464,34.15618896484375,2484200
2010-01-11,34.24247127345222,34.58762815931876,33.86136105963223,34.522911071777344,3899100
2010-01-12,34.66672858887148,34.781780889013156,34.25685459817533,34.59482192993164,3012300
2010-01-13,34.73147136736783,34.88247710866687,34.580465626068786,34.70989990234375,2293900
2010-01-14,34.580443975939005,35.09818075689412,34.551680211871826,35.040653228759766,2444700
2010-01-15,34.839316464422616,34.91841545337968,34.45820340336254,34.6667366027832,2105000
2010-01-19,34.58045074408594,35.206047648140625,34.5157336338,35.105377197265625,2328700
2010-01-20,34.79618027287705,35.098194427085105,34.62360310738495,35.04785919189453,1519300
2010-01-21,35.141329618058634,35.141329618058634,34.32877371837038,34.81055450439453,2192800
2010-01-22,34.75303003897574,34.96156050813636,34.379109268351435,34.4366340637207,3630300
2010-01-25,34.65234578770379,34.954359781965195,34.50853247364545,34.832115173339844,1607700
2010-01-26,34.83931388030809,35.551199241991796,34.832121567447004,34.91122055053711,2622800
2010-01-27,34.80335394815831,35.21322792551144,34.67391977182963,35.20603561401367,1325400
2010-01-28,35.24919168681237,35.335480248883336,34.85369947233448,35.11256790161133,1801400
2010-01-29,35.10537715646592,35.70221303319415,34.918418139781636,35.42896270751953,2832700
2010-02-01,35.50804818236295,35.52243006171856,35.13412754830598,35.24917984008789,2365100
2010-02-02,35.34267515837026,35.70221406031476,34.91841914435318,35.63749694824219,2709900
2010-02-03,36.36374526711747,36.457226100693184,35.392991837807855,35.70938491821289,3324700
2010-02-04,35.57995693639597,35.87477862293216,34.46538727964031,34.60920333862305,5433300
2010-02-05,34.76021462467272,35.148517224217606,34.048326525507086,34.75302505493164,3492200
2010-02-08,34.81774371010838,35.09818633977661,34.62359512943154,34.7386474609375,2172300
2010-02-09,35.069423970718375,35.23481153241713,34.796173643837605,35.01908874511719,1739700
2010-02-10,35.01188804757659,35.191657451124954,34.760211979834246,35.083797454833984,1299700
2010-02-11,35.14132767019033,35.23480854254475,34.271244280842396,35.07661056518555,2167100
2010-02-12,34.88246855272567,35.119765582047506,34.530121909451175,35.09819412231445,2110700
2010-02-16,35.37863258696613,35.594355404440755,34.68112615883586,35.58716583251953,2424700
2010-02-17,35.84601936841456,35.910736465938655,35.443337644321076,35.774112701416016,2926000
2010-02-18,35.47930960706042,36.40692091094862,35.26358674973095,36.18400573730469,2134500
2010-02-19,36.004239713281656,36.406924430809646,35.68784634148017,36.234344482421875,1455400
2010-02-22,36.183986969793466,36.55071810579998,36.133651753959406,36.457237243652344,1303700
2010-02-23,36.327809740250956,36.464433530818084,36.15522986626675,36.16242218017578,1522600
2010-02-24,36.00421944874826,36.2343240883769,35.84602148035469,36.19118118286133,1892800
2010-02-25,35.93951169856467,36.25590497461096,35.846030807185215,36.21995162963867,1911400
2010-02-26,36.327807557465505,36.363760895658245,35.846024047878316,35.94669723510742,1979300
2010-03-01,35.96828540074388,36.32063211902709,35.946713936418625,36.26310729980469,1886600
2010-03-02,36.313429174290384,36.342192944843035,36.1408492940386,36.20556640625,1422400
2010-03-03,36.22713098597696,36.53633457965199,35.961070293610646,36.34937286376953,1273500
2010-03-04,36.47162729820204,36.66577863552261,36.076132309365235,36.56510543823242,1196700
2010-03-05,36.615433719940995,37.06126385132346,36.385329084482,37.02531051635742,1462700
2010-03-08,37.18350097244422,37.3992236976516,36.94620679763509,37.26259994506836,1156700
2010-03-09,37.06128439662093,37.0684739703743,36.1121015633976,36.26310729980469,3166000
2010-03-10,36.31341668938502,36.40689754000945,35.723773311101446,35.91073226928711,3305900
2010-03-11,35.74535179758479,36.19837151650221,35.5943461389669,36.12646484375,3273700
2010-03-12,36.234333463684,36.34938581326708,35.98984687793691,36.09770965576172,2362300
2010-03-15,35.93231343038639,36.59386359557286,35.88197821099454,36.536338806152344,2724900
2010-03-16,36.629823446370416,36.867120445475045,36.370957733343836,36.859928131103516,1296900
2010-03-17,36.98935938183669,37.41361537448908,36.881499362523435,37.03250503540039,2072100
2010-03-18,36.93903129028133,37.11161119479642,36.637019886210574,37.04689407348633,1485400
2010-03-19,37.8953971862793,37.916968640550664,37.169127137752845,37.8953971862793,4248300
2010-03-22,37.68687009744102,37.78754055778758,37.37766640176844,37.70125198364258,3447700
2010-03-23,37.765954621305326,37.97448777668392,37.471132924863035,37.960105895996094,2598500
2010-03-24,37.98168802500425,38.31965545853808,37.74439378459202,38.02483367919922,2009000
2010-03-25,38.28369421644071,38.28369421644071,37.859438305147904,37.873817443847656,1706000
2010-03-26,37.97449367649367,38.34122209028765,37.758768175723894,37.93853759765625,1961500
2010-03-29,38.169992921810945,38.23509250789094,37.89512769622035,38.112125396728516,1249600
2010-03-30,38.16277302574147,38.24957434731025,38.03257656194139,38.05427551269531,1080400
2010-03-31,38.03980184749521,38.04703391003233,37.76493656339179,37.83003616333008,1563200
2010-04-01,37.95301311441048,38.2061767578125,37.93131140263547,38.2061767578125,1386500
2010-04-05,37.9385380654754,38.37253357774533,37.670907591551476,38.018104553222656,1694300
2010-04-06,38.0832065353244,38.278502596554105,37.895139778121674,38.14107131958008,1585900
2010-04-07,38.02534030472458,38.813767677274804,37.8445083638578,38.74143600463867,2215700
2010-04-08,38.5750693230427,38.66186787840015,38.33636984671429,38.553367614746094,1413900
2010-04-09,38.73420670456418,38.849939052849074,38.4955099434102,38.654640197753906,1669600
2010-04-12,38.567826856475676,38.67632709862528,38.24232888930267,38.372528076171875,1244400
2010-04-13,38.285744550309126,38.70527328195311,38.25681077315385,38.625709533691406,1495200
2010-04-14,38.79930491126728,38.99460375925675,38.669105679274296,38.98013687133789,1598000
2010-04-15,38.7703705314724,38.80653913034448,38.49550794312607,38.58953857421875,1584300
2010-04-16,38.59676422972656,38.83546092177933,37.97470200304958,38.061500549316406,1736000
2010-04-19,37.77941212034437,38.00364474033441,37.6636797782507,37.91684341430664,1903700
2010-04-20,37.92407888991865,38.13384462584449,37.555180146148814,38.126609802246094,1981200
2010-04-21,38.14830328835311,38.242333900643864,37.721539844197075,37.93853759765625,2260700
2010-04-22,37.59858411075381,37.89514844095921,37.4249869590261,37.75771713256836,2165500
2010-04-23,37.58411721040888,38.437644357434905,37.468384856199094,38.43041229248047,2895300
2010-04-26,38.47379720099383,38.51719785388688,38.068735477762864,38.08320236206055,1882500
2010-04-27,37.90237045288086,38.112133377038305,37.591339338624586,37.90237045288086,3024100
2010-04-28,38.661871516115475,38.95120098095559,38.3002076156079,38.80653762817383,3427500
2010-04-29,38.09043654971717,39.18266016200733,37.69983892971557,38.4376335144043,3387600
2010-04-30,38.350843875521456,38.58954063703199,38.025345783209964,38.47380828857422,2459300
2010-05-03,38.48826013305343,38.582293491694365,38.126596340577585,38.24232864379883,2449400
2010-05-04,37.924069645592986,38.054268845859646,37.53347204479303,37.67090606689453,1336900
2010-05-05,37.323705547082376,37.98193359663811,37.323705547082376,37.80110168457031,1582000
2010-05-06,37.70708729862991,37.7504852102594,35.53710342028545,36.61486053466797,2382500
2010-05-07,36.52804636479887,37.2586060780134,36.26041590660456,36.55698013305664,1854900
2010-05-10,37.52624696104585,37.56241279911772,36.947585274066185,37.28031539916992,1989300
2010-05-11,36.79567504537749,37.46113788677726,36.66547585378353,37.34540557861328,1509700
2010-05-12,37.35987056007729,38.97289073017811,37.23690343682056,38.90779113769531,4820700
2010-05-13,38.654636445683515,39.226066067057126,38.654636445683515,38.85717010498047,3071500
2010-05-14,38.517188042207835,38.734185732844075,38.22785594850928,38.358055114746094,2459900
2010-05-17,38.35807423987493,38.6329395900074,37.98194343424016,38.56060791015625,2118900
2010-05-18,38.73421375718607,38.792081321503304,38.01088575888464,38.15555191040039,2259100
2010-05-19,38.1483098107324,38.66910395622158,37.78664590670651,38.213409423828125,3380600
2010-05-20,37.64921412138253,38.01087804715811,36.13745880126953,36.13745880126953,4088300
2010-05-21,35.85536292523281,36.1953279130755,35.573265492459896,36.12299346923828,4977600
2010-05-24,37.01992579107239,37.01992579107239,35.515402286347985,35.551570892333984,4841400
2010-05-25,34.95120183260034,35.34179953764145,34.423172828056686,35.233299255371094,4534800
2010-05-26,35.710692671306184,35.768560219690734,34.958433857243165,35.030765533447266,3305800
2010-05-27,35.45029294111457,36.02895736694336,35.327328544155655,36.02895736694336,2911200
2010-05-28,36.014497096966636,36.014497096966636,35.53710078944399,35.558799743652344,2552300
2010-06-01,35.537098292392336,36.02896145458492,35.10309992378175,35.12480163574219,4609700
2010-06-02,35.24775681102374,35.68175506591797,34.784827546557416,35.68175506591797,3539400
2010-06-03,35.66729250954877,36.289352059611794,35.50092745739834,36.23148727416992,2327600
2010-06-04,35.55155917212229,35.76855694011491,34.90779517211479,35.037994384765625,2655800
2010-06-07,35.2115966294042,35.4285944120312,34.92226441305052,35.07416534423828,2758500
2010-06-08,35.11755727071215,35.73961949854869,34.726959672869285,35.71068572998047,2790300
2010-06-09,35.79748237327387,36.238709869729774,35.4575175350658,35.75408172607422,3183200
2010-06-10,36.12298388401954,36.69441342195894,36.11575182119329,36.6220817565918,1982700
2010-06-11,36.26764785413271,37.15734053067034,36.26764785413271,37.07777404785156,1960200
2010-06-14,37.17904878779814,37.49007995220091,36.81738489982063,37.17181396484375,2105900
2010-06-15,37.20797615697378,37.93853868431886,36.983746334329744,37.844505310058594,1900800
2010-06-16,37.649222464377516,37.94578683886051,37.56242387555448,37.692623138427734,1577900
2010-06-17,37.627512847204066,38.03257741242005,37.53347945970673,38.0108757019043,1575000
2010-06-18,38.010875718859964,38.546139510302844,37.92407715458804,38.39424133300781,2699200
2010-06-21,38.980145642974854,39.02354631649781,38.3653179440918,38.59678268432617,1512600
2010-06-22,38.50996838914634,39.14649478552638,38.50996838914634,38.69803237915039,4685600
2010-06-23,38.46657820291307,38.65464224410319,37.98918189605525,38.24958038330078,3553600
2010-06-24,38.02534954486243,38.44488107407197,37.93855096475177,38.18448257446289,3706400
2010-06-25,38.4376402916231,38.719737702715264,37.692613512658994,38.481040954589844,22405800
2010-06-28,38.46657426892409,38.85717195984584,38.206175808309595,38.61124038696289,3621600
2010-06-29,38.18447280193106,38.30020513221832,37.258611400356536,37.446678161621094,3985700
2010-06-30,37.53347603710557,37.85174200906633,37.19351111588435,37.23691177368164,3020200
2010-07-01,37.25137580556607,37.46114149660039,36.585915659317244,37.03437805175781,2326800
2010-07-02,37.25137473189051,37.417739763657664,36.614845614359936,36.766746520996094,2324600
2010-07-06,37.22244000295615,37.42497362015483,36.484645472882946,36.78844451904297,2991700
2010-07-07,37.31648758796001,37.533485412597656,36.76675958159284,37.533485412597656,3317100
2010-07-08,37.62750113759062,37.82279991579616,37.38156964939948,37.77216720581055,2170900
2010-07-09,40.10853046347003,40.26042865212618,39.47923599669685,39.558799743652344,18243500
2010-07-12,39.49370524904962,40.00003536953019,39.457539403146114,39.79750442504883,9753700
2010-07-13,39.992799727693914,40.477428089872625,39.97833283877078,40.41956329345703,9211500
2010-07-14,40.36892278299364,40.44848651782397,39.826426969658385,39.92769241333008,73235200
2010-07-15,39.75410149952778,39.862601790361275,39.26947312149939,39.78303527832031,7620800
2010-07-16,39.45753232078287,39.76856350642389,38.734204495436614,38.84270477294922,4447300
2010-07-19,38.99459640240039,38.99459640240039,38.33636830229802,38.567832946777344,4106400
2010-07-20,38.15553659813426,38.726966149697546,38.01087050467471,38.69803237915039,3828800
2010-07-21,38.91503118712319,39.06692934766984,37.866205430406985,37.953006744384766,5506700
2010-07-22,38.32189965345072,38.51719845560636,38.07596813510022,38.27126693725586,4908200
2010-07-23,38.38046184468185,38.67888747784199,38.22033006902696,38.39501953125,3474300
2010-07-26,38.24944023620264,38.693439898018696,38.24944023620264,38.44596481323242,4283300
2010-07-27,38.57697262721127,38.977299146325834,38.562414945858805,38.919071197509766,4093100
2010-07-28,38.955475717772174,39.33396721688248,37.9582978465476,38.55514907836914,4770600
2010-07-29,38.88996752029934,39.19567059077613,38.17665757925884,38.55514907836914,3565500
2010-07-30,38.34406759192122,38.81718266972625,38.1621006814723,38.635215759277344,3509900
2010-08-02,39.11559892053496,39.11559892053496,38.547860407868015,38.76622009277344,2626700
2010-08-03,38.64248916956472,38.97730758336497,38.576980977595596,38.809898376464844,2165300
2010-08-04,39.057385740536944,39.52322068474656,38.90453417007978,39.4868278503418,3722400
2010-08-05,39.38490694193926,39.530480982742,39.0500885917087,39.115596771240234,1514700
2010-08-06,38.89723870806189,38.98458480834961,38.31494525578139,38.98458480834961,2107900
2010-08-09,38.97002792457604,39.47953574699865,38.95547024089605,39.45042037963867,1540100
2010-08-10,39.05009537930161,39.64694655140154,39.00642232649148,39.42130661010742,1773400
2010-08-11,38.9918548455701,39.08647838125417,38.15480625821335,38.162086486816406,1797000
2010-08-12,37.87095173218739,38.62065727584197,37.667149685202865,38.55514907836914,2713500
2010-08-13,37.96556346870199,39.181103470395186,37.96556346870199,38.88267517089844,2389100
2010-08-16,38.59881850261074,39.02098304953511,38.387739005743136,38.955474853515625,1962100
2010-08-17,39.2757202152567,39.91624423910471,39.2757202152567,39.705162048339844,2473400
2010-08-18,39.625117084236116,39.887149903769995,39.23934808691954,39.596004486083984,2291700
2010-08-19,39.42858469659984,39.42858469659984,38.76622532295396,38.809898376464844,2295600
2010-08-20,38.511458075725265,38.97001524435789,38.511458075725265,38.948177337646484,1722900
2010-08-23,39.15926699426819,39.21021749200073,38.84628377871461,38.92634963989258,1514600
2010-08-24,38.55516276173756,38.72257204211683,38.15483320366146,38.489654541015625,2883900
2010-08-25,38.518748841214645,38.96274848437616,38.10386456600341,38.86084747314453,2734000
2010-08-26,39.057367599279075,39.08648296391757,38.66431850644133,38.89723587036133,2275700
2010-08-27,39.11560297264333,39.55232238769531,38.576979769257846,39.55232238769531,2298900
2010-08-30,39.53048155075794,39.545039232706785,38.85356461140338,38.889957427978516,2136800
2010-08-31,38.83172510939495,38.97002169394651,38.395005775196125,38.919071197509766,5040700
2010-09-01,39.290287827313726,39.836188459406706,39.13015608672298,39.75612258911133,4521300
2010-09-02,39.83617918689984,39.89440990686751,39.60326186021627,39.69060516357422,2794000
2010-09-03,40.02544199842481,40.22924404531155,39.66878563977837,40.2074089050293,3222500
2010-09-07,40.01815616018698,40.06910666476982,39.414027558735825,39.45042037963867,1927300
2010-09-08,39.552322563694425,40.229239603653156,39.552322563694425,40.05455017089844,2168400
2010-09-09,40.44760273132442,40.738750884995916,40.221962773399284,40.491275787353516,1940900
2010-09-10,40.45487089930207,40.636837746938525,40.33113199908053,40.43303298950195,1876500
2010-09-13,40.76057363678079,41.277358814721765,40.65139241818763,41.255523681640625,2312800
2010-09-14,41.488447905042236,41.852381658595235,41.08812133145277,41.75048065185547,2414400
2010-09-15,41.488440958122936,42.121684805826995,41.270081297872615,42.005226135253906,1602600
2010-09-16,41.830536350803825,42.143519524885136,41.70679746085392,42.063453674316406,2370500
2010-09-17,42.20175975885686,42.47835020230841,41.88149903989854,42.143531799316406,3902600
2010-09-20,42.17992063092248,42.9005078745604,42.06346194626413,42.798606872558594,1405300
2010-09-21,42.87139366813776,43.04608030023666,42.51473739799542,42.733097076416016,1670700
2010-09-22,42.61665464232342,42.8422946361123,41.874229231393414,41.947017669677734,2140200
2010-09-23,41.75047879858185,41.99067362143578,41.37926483154297,41.37926483154297,1986000
2010-09-24,41.76503853572126,42.60936473695444,41.714088032106744,42.252708435058594,2054600
2010-09-27,42.12167611298921,42.42010156828247,41.8742011420197,41.903316497802734,1210700
2010-09-28,42.041629760588904,42.623926039790916,41.69225365902436,42.52202224731445,1519800
2010-09-29,42.3024152928656,42.50005625691884,42.09013394713797,42.26581573486328,2210300
2010-09-30,42.478103456651,43.166187582025906,42.478103456651,42.63914489746094,3516000
2010-10-01,42.95391645043288,43.085677153046426,42.199954601764254,42.59523391723633,1633200
2010-10-04,42.51470887254526,42.80018941642686,42.2731466939574,42.52934646606445,1235000
2010-10-05,42.71966346603928,43.60538576114355,42.27314152437098,43.55414581298828,2253600
2010-10-06,43.40774213470282,43.524862408015004,43.13690202623733,43.2613410949707,1289800
2010-10-07,43.407750310564346,43.54683258107145,42.96854990101205,43.19546890258789,1271400
2010-10-08,43.12226104736328,43.27598088039321,42.90997968230241,43.12226104736328,1465200
2010-10-11,43.09297118314208,43.44433192404246,43.027090869700324,43.31989288330078,736400
2010-10-12,43.07834744311478,43.73715083200856,42.9392679687341,43.69322967529297,1545200
2010-10-13,43.73715083200856,43.92015146310483,43.61271174319975,43.69322967529297,1855200
2010-10-14,43.64931477939435,44.059234438507374,43.53951327506436,43.729835510253906,2076800
2010-10-15,43.89085876766297,43.949420294040394,43.61269989447201,43.6785774230957,1639200
2010-10-18,43.832313810860214,44.212955474853516,43.60539201337339,44.212955474853516,1394400
2010-10-19,43.890870635326905,44.35935180354997,43.32722835719352,43.4882698059082,1886500
2010-10-20,43.62001753069708,44.53502041329069,43.539496830250094,44.337379455566406,2035500
2010-10-21,44.50575686314199,44.64483914220023,44.05191603971889,44.23491668701172,1895800
2010-10-22,44.38131147340796,44.6521516111536,44.103149747082036,44.19831085205078,1382700
2010-10-25,44.447181701660156,44.71802177781772,44.330061442319,44.447181701660156,1685000
2010-10-26,44.38861997844106,44.930302920714944,44.2275785754253,44.84246063232422,1947800
2010-10-27,44.46181975317722,44.58625880054551,43.83229734506986,44.24953842163086,2306500
2010-10-28,44.65215398748991,44.76195548309489,43.385789955387885,43.69322967529297,2046900
2010-10-29,43.79569857226033,43.79569857226033,43.37113590157952,43.495574951171875,1390700
2010-11-01,43.78106419555516,44.60822489036808,43.67858151479435,44.13974380493164,1423800
2010-11-02,44.37397901239671,44.63018149494324,44.26418034190579,44.337379455566406,1386600
2010-11-03,44.41789811477043,44.58625830234653,43.861574823993955,44.3154182434082,1635600
2010-11-04,44.776591499538924,45.68427582645523,44.652152415112106,45.5744743347168,2010900
2010-11-05,45.44271912098679,45.742840051335655,45.02547510331338,45.29631805419922,1576700
2010-11-08,45.18650671065107,45.223106271281516,44.54234383255867,44.732666015625,1202400
2010-11-09,44.72534877418141,44.798550694923065,43.94210637263618,44.095829010009766,2102700
2010-11-10,44.04457998540958,44.725342393159,44.0226208085039,44.7107048034668,2166900
2010-11-11,44.49111420725996,44.527716568746456,44.00799263474048,44.03727340698242,2008400
2010-11-12,43.920147540754584,44.169028488513575,43.766427694530215,43.773746490478516,1374100
2010-11-15,43.905505625102556,44.39594870756598,43.868906061902045,43.97138595581055,1168000
2010-11-16,43.80303857218681,43.92015888418322,43.01247437193463,43.107635498046875,2122700
2010-11-17,43.07101138409568,43.33453263403659,42.9319319654566,43.18081283569336,1511200
2010-11-18,43.59075884540056,44.23492198285419,43.43703895343949,44.117801666259766,1789300
2010-11-19,44.04457588424912,44.30809715204914,43.795697789512545,44.24953842163086,1828600
2010-11-22,43.92015268938063,44.08851293960575,43.73715205317488,44.02263259887695,1195000
2010-11-23,43.37115538786552,43.6859167389644,42.98319489145601,43.01979446411133,2499500
2010-11-24,43.25402390906474,43.693224252236504,43.05638291692714,43.68590545654297,1171400
2010-11-26,43.202781757722065,43.41506312278294,43.114942252043186,43.12226104736328,539100
2010-11-29,42.81480809213574,43.48092995421061,42.719647028306,43.38576889038086,1392100
2010-11-30,43.136909101601844,43.393108868879544,42.77090783842339,42.836788177490234,2652000
2010-12-01,43.415062126028054,43.64198107651935,43.1149412621787,43.53950119018555,1527500
2010-12-02,43.59073912687903,44.044579799338905,43.53949918607069,43.80302047729492,2135100
2010-12-03,43.693218549156725,43.78106084021956,43.27597743989386,43.502899169921875,1510700
2010-12-06,43.40773464754509,43.48825534512757,43.20277490269304,43.2320556640625,1606800
2010-12-07,43.61269618884009,43.70053567857552,43.268654231523044,43.36381530761719,2168800
2010-12-08,43.327219152994715,43.59806203963631,43.21009888581934,43.48094177246094,2021400
2010-12-09,43.612707349375874,43.68590647749262,43.232065739959744,43.55414581298828,2000700
2010-12-10,43.678588646146125,44.19831255300145,43.63467028244567,44.1251106262207,2297600
2010-12-13,44.30078213459098,45.07670562344331,44.28614175264652,44.615543365478516,2689500
2010-12-14,44.733315179923224,45.25586838994477,44.615557303207645,44.65971755981445,1953800
2010-12-15,44.4830597121274,45.152807866829896,44.45362236161512,44.73329544067383,2353400
2010-12-16,44.86578420493241,45.255859375,44.703868911432714,45.255859375,2232400
2010-12-17,45.24850068574929,45.329459741214244,44.880507020958646,44.93202590942383,2623300
2010-12-20,45.263209797464356,45.33680738955491,44.37266601835499,44.86577606201172,3027500
2010-12-21,44.939364752544826,45.65327019403057,44.762726646955784,45.48399353027344,3636800
2010-12-22,45.41777436008853,45.837286884945456,45.41777436008853,45.734249114990234,1342200
2010-12-23,45.572331101171166,45.84464841664609,45.572331101171166,45.726890563964844,1027900
2010-12-27,45.47665616848948,45.778410850697426,45.47665616848948,45.67537307739258,747200
2010-12-28,45.734243437873054,45.87408280051249,45.58704543867968,45.844642639160156,885200
2010-12-29,45.84464171741174,46.01391843043174,45.63120476325111,45.8372802734375,1334900
2010-12-30,45.80048092290952,46.09487691182026,45.63120421193472,45.90351867675781,1054300
2010-12-31,45.771051998308394,46.036007891855355,45.631215413411454,45.81521224975586,1367600
2011-01-03,46.1684859264126,46.242086345631655,45.697454473686356,45.80785369873047,1818000
2011-01-04,45.712169084954425,46.12432015296348,45.58704979104555,45.77840805053711,1598700
2011-01-05,45.638553787046106,45.984468584202105,45.48399718695977,45.623836517333984,1870800
2011-01-06,45.52817051449345,45.67536852206367,45.33681226238163,45.425132751464844,1434700
2011-01-07,45.285291434989155,45.50608984064116,44.770102641983414,45.08657455444336,1424500
2011-01-10,44.85842630104197,45.079221928566106,44.3358759941355,44.4977912902832,1561700
2011-01-11,44.667082501939014,45.064516444775975,44.54196596858459,44.70388412475586,1400900
2011-01-12,44.93939148791124,45.33682254868345,44.718593022675535,44.78483200073242,1563400
2011-01-13,44.71121998557973,44.81425773880472,44.49778303528899,44.799537658691406,1152100
2011-01-14,44.69651281209383,44.82163212540252,44.46099707740937,44.74067306518555,1972800
2011-01-18,44.79954184324865,44.92466113211464,44.600824954509825,44.64498519897461,2006900
2011-01-19,44.62289176676882,44.7406495722775,44.32849584921335,44.578731536865234,1409900
2011-01-20,44.41682213829455,44.98353256486664,44.41682213829455,44.68177795410156,1448800
2011-01-21,44.15923559289797,44.53458786010742,43.82804076443752,44.53458786010742,2027900
2011-01-24,44.43154609622687,44.784819612284146,44.276989459370874,44.67442321777344,1899100
2011-01-25,44.72594741238994,45.85200705412737,44.49779034450874,45.726890563964844,2778600
2011-01-26,45.83729827395649,46.13169438203484,45.57970378506496,45.96241760253906,1299400
2011-01-27,46.10959574789594,46.580627071389195,45.771039527513025,46.50702667236328,1611600
2011-01-28,46.49967201096147,46.580631053026146,44.97617871550114,45.02033615112305,2101000
2011-01-31,45.476650518611685,45.807845325636904,45.13809707479409,45.32945251464844,1688100
2011-02-01,45.778414014434034,45.940329323287834,45.18962469230898,45.74897384643555,1954000
2011-02-02,45.65328782533296,46.15375937562203,45.57969022399514,45.999202728271484,1983400
2011-02-03,45.61649073474744,46.62479251023145,45.35889631283976,46.58063507080078,2247500
2011-02-04,46.514403293722616,46.698400139973444,46.271526109038376,46.4113655090332,1329000
2011-02-07,46.131666254578505,46.56589870507017,46.131666254578505,46.2420654296875,1677500
2011-02-08,46.33775370097741,47.31661803016162,46.242077385884016,47.30189514160156,1935500
2011-02-09,47.05902302686796,47.427019453748265,46.823507335113895,47.16206359863281,1735400
2011-02-10,46.93389045627372,47.139968721596894,46.6689346919779,46.91917037963867,1110100
2011-02-11,46.83086413859708,46.882383015589504,46.551188229518026,46.69102478027344,1424100
2011-02-14,46.551193161010744,46.7499100537051,45.800485835577135,45.999202728271484,2090200
2011-02-15,45.86673604509882,46.256808481447905,45.63122029399342,45.91089630126953,1580500
2011-02-16,45.96976874387491,46.440800193916566,45.748973102613995,46.27888488769531,1160000
2011-02-17,46.1243149582226,46.84558486114273,46.1243149582226,46.617427825927734,1362100
2011-02-18,46.82350462252292,48.42059829774851,46.514391347841524,48.38379669189453,3593200
2011-02-22,47.86124821320777,48.354358304984295,47.07374210920424,47.72140884399414,4117300
2011-02-23,47.57421811697789,47.83181254621164,47.20622447089041,47.31662368774414,3786900
2011-02-24,47.11790581217757,47.28718536664089,45.43249698111107,46.10224533081055,3913600
2011-02-25,46.197920439495135,46.70575063588826,45.96240474195903,46.573272705078125,1736200
2011-02-28,46.543826971997746,46.764622547754854,46.2862297939744,46.551185607910156,1974100
2011-03-01,46.5511888255585,46.61006914719987,46.05071732187984,46.05807876586914,2804200
2011-03-02,45.93296313070458,45.93296313070458,45.1528156524653,45.28529357910156,2145300
2011-03-03,45.67536694652474,46.58063087163771,45.63120670350641,46.175838470458984,3077700
2011-03-04,46.08751920483606,46.175839693211486,45.57968903073542,46.1390380859375,2488400
2011-03-07,46.0727864569919,46.11694668903897,45.5428777102655,45.712154388427734,2044200
2011-03-08,45.86673183779998,46.389282187159104,45.79313422516902,46.06544876098633,1442000
2011-03-09,45.8887991509841,45.99919835005153,45.587044522110496,45.8372802734375,856800
2011-03-10,45.447217601644496,45.609135712574414,44.90994718795842,44.93202590942383,1793100
2011-03-11,44.63024930627326,45.27791862446382,43.82802339856361,45.1822395324707,1789600
2011-03-14,44.71121675541921,45.37360627482299,44.70385811967828,44.96145248413086,1323700
2011-03-15,43.93843185022423,44.51250090833836,43.8280326586324,44.26962661743164,1842800
2011-03-16,44.151885007346536,44.88051095526613,44.05620585999428,44.3726806640625,3550600
2011-03-17,44.792185154075675,45.057141017249045,44.46834896238885,44.75538635253906,2111600
2011-03-18,45.10864152412429,45.564952653932814,44.68912918086093,44.77008819580078,2494700
2011-03-21,45.18226840603138,45.7269003459209,45.00563299300779,45.69746017456055,1939400
2011-03-22,45.64592911159904,45.99920265105089,45.432492137481724,45.44721221923828,2738600
2011-03-23,45.307375653903755,45.6385676669365,44.89522178742567,45.44721221923828,1703200
2011-03-24,45.63121134503501,45.77104791746443,45.24113898518491,45.734249114990234,1569400
2011-03-25,45.85199979983366,46.21263474587091,45.432487340555205,45.90351867675781,1852600
2011-03-28,46.0286367127515,46.75726241391509,45.7416021754708,46.50702667236328,1739100
2011-03-29,46.66897096596388,47.279839179501224,46.404014995728026,47.110565185546875,2000100
2011-03-30,47.51744489918942,47.524838849104576,47.162337754981934,47.473052978515625,1754400
2011-03-31,47.19931204714316,48.26462467006266,47.15492578501154,47.86513137817383,4065300
2011-04-01,48.16106378242515,48.73810789671747,48.01310577925544,48.70851516723633,2312800
2011-04-04,48.82687802915509,49.840407680775826,48.82687802915509,49.537086486816406,3240700
2011-04-05,49.10801194699075,49.68506174544905,48.871275738996225,49.14500427246094,3052300
2011-04-06,49.30034155143201,49.403913246958346,48.90084830687296,49.181976318359375,2078200
2011-04-07,48.930453205887076,49.32254695715527,48.604938856501185,48.686317443847656,1965800
2011-04-08,48.86387394981132,49.00443234672743,48.47177455313764,48.67152404785156,1629700
2011-04-11,48.61973083718097,49.30774610918767,48.61973083718097,49.285552978515625,2039600
2011-04-12,48.952641960254134,49.50749283657502,48.826877116237796,49.27815628051758,2736300
2011-04-13,49.411309413734415,49.4556956675315,49.0044166064821,49.12278747558594,2348400
2011-04-14,48.82689168080179,49.24857824682107,48.590155462058284,48.974849700927734,3527900
2011-04-15,48.73809814453125,48.91565448589023,48.59014017096699,48.73809814453125,3498400
2011-04-18,48.19065158465073,48.272030171344326,47.5914143955756,47.97610855102539,2508700
2011-04-19,48.14626069982552,48.1610542395168,47.436052265710835,47.7023811340332,1885100
2011-04-20,48.10926151820438,48.22763239578067,47.42124631393598,47.58400344848633,2465600
2011-04-21,47.953913790299744,48.48657155995513,47.746770356374924,48.323814392089844,2015600
2011-04-25,48.21285088679346,48.50137295135323,48.0131070129583,48.41999435424805,1458700
2011-04-26,48.30902346488918,48.641931766815745,48.25723760360648,48.360809326171875,1700000
2011-04-27,48.57534405517809,49.1375888402923,48.412586906348075,48.967437744140625,2093800
2011-04-28,49.063618084959224,49.8404116458239,48.967445955539105,49.773826599121094,2441500
2011-04-29,49.78122923388812,50.17332301256082,49.68505709859124,49.75163650512695,2456400
2011-05-02,50.11414110984331,50.165926977789766,49.300360766011906,49.418731689453125,1776500
2011-05-03,49.248551182120046,49.97355862847498,49.23375764593195,49.943965911865234,1621500
2011-05-04,50.05494084536908,50.13631376669946,49.011818674535334,49.17457580566406,1871400
2011-05-05,49.085817700451905,50.269498713682694,49.085817700451905,49.418731689453125,2693600
2011-05-06,49.84040230396839,50.20290326378314,49.55188032555172,49.744224548339844,1599200
2011-05-09,49.78862917056456,49.93658717115509,49.329950337956426,49.83301544189453,1388000
2011-05-10,49.92178286656701,50.65418440679885,49.75162612275824,50.63938522338867,1678100
2011-05-11,50.41005744018239,50.80215120517941,49.96617781271851,50.239906311035156,1749700
2011-05-12,49.958771211612635,50.735564683884185,49.81820718567676,50.66897964477539,1378300
2011-05-13,50.60979504454954,50.8465311664969,50.04754463833669,50.15851593017578,1239900
2011-05-16,50.03274917602539,50.535814178098285,49.8182061676466,50.03274917602539,1163800
2011-05-17,49.96618151832816,50.80215497278682,49.55928853717264,50.74296951293945,1815100
2011-05-18,50.70597297077906,51.30521011352539,50.58760207410891,51.30521011352539,1764800
2011-05-19,51.66033048472682,51.66033048472682,50.935322666198935,51.194252014160156,1808000
2011-05-20,51.164648153113035,51.24602108359282,50.72816255744173,50.757755279541016,1519100
2011-05-23,50.32127741406493,50.580212361151865,50.17331942507425,50.22510528564453,1360000
2011-05-24,50.25470148510357,50.41005907755031,49.9735790289003,50.14373016357422,2101700
2011-05-25,50.025360107421875,50.276889810872575,49.744232033876585,50.025360107421875,1588000
2011-05-26,49.810798866542484,50.1732997483708,49.640642166122426,50.04753494262695,1774700
2011-05-27,50.24730881997819,50.77996672137331,50.0993508003625,50.73558044433594,2432800
2011-05-31,51.14985260445942,51.216437644972764,50.772552426177185,50.913116455078125,2101900
2011-06-01,50.83914030377052,51.23863363643927,50.1955112159872,50.27688980102539,2676100
2011-06-02,50.21032056445599,50.63200711581254,50.040163767414775,50.56542205810547,1181300
2011-06-03,50.02535364114978,50.83173415069941,49.936575475047455,50.380455017089844,1756600
2011-06-06,50.27688224518123,50.60239653641418,49.625859306949806,49.744224548339844,1421500
2011-06-07,49.95878916796354,50.24731127125512,49.76643921769017,49.7960319519043,1385000
2011-06-08,49.78862367971752,49.80341722045072,49.00443055921039,49.03402328491211,1917500
2011-06-09,49.145000137294495,49.544493512965346,48.76030594826105,49.440921783447266,1219800
2011-06-10,49.14501059927224,49.167203739716875,48.52357444563665,48.819496154785156,1919600
2011-06-13,48.97483698710492,48.997035764174036,48.47917153969697,48.63452911376953,1591200
2011-06-14,48.97483698710492,48.97483698710492,48.34600709845832,48.63452911376953,2028500
2011-06-15,48.32380973355317,48.37559558704209,47.428651040824896,47.532222747802734,2679800
2011-06-16,47.47304496615047,48.17585954179467,47.47304496615047,47.90953063964844,2385100
2011-06-17,48.138872603809496,48.39040799250924,47.51744219214469,47.576622009277344,2803100
2011-06-20,47.35466505770723,47.902116234285,46.977364955630854,47.70976638793945,2048400
2011-06-21,47.924322690787236,48.26463057867161,47.569221261792876,47.97610855102539,2292800
2011-06-22,47.820764647543655,48.383015322535584,47.805971102202555,47.93173599243164,1797500
2011-06-23,47.44344621343902,47.850339107885674,46.977373515992326,47.7023811340332,1519700
2011-06-24,47.657984436337514,47.76895572769048,47.17711542541471,47.310279846191406,2049300
2011-06-27,47.214114893572905,48.14626603601419,47.214114893572905,47.88733673095703,1213500
2011-06-28,48.10303600837647,48.214610602546315,47.924520062656484,48.132789611816406,1737200
2011-06-29,48.38569568354236,49.1964601512917,48.31130883244023,49.151832580566406,2331500
2011-06-30,49.2708470693117,49.278286890272916,48.75017310043933,48.95844268798828,1529300
2011-07-01,48.85429827839237,49.35265836121124,48.802230891753375,49.28571701049805,1856800
2011-07-05,49.28573257724038,49.30060654601248,48.460088274816684,48.57166290283203,1647000
2011-07-06,48.57164880406217,48.64602997617486,48.28899240514642,48.564208984375,1147100
2011-07-07,49.01049883311476,49.24852197494292,48.683214885006294,49.211334228515625,1023900
2011-07-08,48.69066604022721,48.89893562845043,48.34850804887183,48.824554443359375,1277500
2011-07-11,48.222053350349654,48.47495048256648,47.879895402392805,47.96915054321289,1085500
2011-07-12,47.790643475049166,48.817117509829636,47.67906885335279,48.214622497558594,2006500
2011-07-13,48.30386365094085,48.8840446374915,48.24435645362317,48.363365173339844,1219200
2011-07-14,48.58652656075465,48.73528891659111,48.11048021217385,48.17742156982422,1656800
2011-07-15,48.19974929592834,48.31875806602113,47.56005800382094,48.02866744995117,1373000
2011-07-18,47.90964847819261,47.90964847819261,47.23276673488081,47.37409210205078,2104600
2011-07-19,47.50798034667969,47.612117963585256,47.121191996267356,47.50798034667969,1592400
2011-07-20,47.5526081044275,47.59723850918606,47.136066172393555,47.40384292602539,1171500
2011-07-21,47.73111919273697,48.824539879677324,47.69393144874436,48.54188919067383,2191300
2011-07-22,49.27828969512113,49.27828969512113,48.56422006505781,48.92869186401367,1169200
2011-07-25,48.37824883727814,48.95842987212479,48.28898803387129,48.71296691894531,1348700
2011-07-26,48.61627390688418,49.46423171078989,48.549326882934054,49.00305938720703,2026900
2011-07-27,50.20806655648413,51.08577816920913,50.17087312610363,50.86262893676758,5591900
2011-07-28,50.460967535490695,51.42050022760585,49.83615871732518,49.93285369873047,2796100
2011-07-29,49.813849240233566,50.08162609260879,49.441937575814826,49.8212890625,2522500
2011-08-01,50.36427779848176,50.48329225714683,48.94357816642833,49.24854278564453,1960300
2011-08-02,49.06257583323211,49.8882200096452,49.003068617383136,49.46424102783203,3928600
2011-08-03,49.389873076582624,49.83616596516689,49.12953603115197,49.75434494018555,2932600
2011-08-04,48.4080070597052,49.13695049489967,47.67905794959102,47.716251373291016,3979400
2011-08-05,48.42287839629742,48.44519217933856,46.44430923862517,46.9947395324707,4215600
2011-08-08,45.9682744617051,46.39969329159765,43.840939596975126,43.87069320678711,5876500
2011-08-09,44.74840033116563,47.106321178479746,43.9599467752494,47.04681396484375,4493400
2011-08-10,46.265794307994575,46.310421875049755,44.01200853553604,44.145896911621094,3722400
2011-08-11,44.64425567210915,47.90220112425308,44.2574673813901,47.17325210571289,5465600
2011-08-12,47.44104418042115,47.44104418042115,46.2062977456794,46.660030364990234,2438400
2011-08-15,47.09887788002914,47.7608799768134,46.89804530502831,47.74600601196289,1740000
2011-08-16,47.0839958190918,47.29970517231131,46.652579950112354,47.0839958190918,2264100
2011-08-17,47.27740021166489,47.67162273385118,47.17326258769138,47.56005096435547,1581400
2011-08-18,46.191414615549405,46.65258699290598,45.164940752953214,45.42527770996094,3289600
2011-08-19,44.98642882872308,45.41784766620255,44.54013602353644,44.61451721191406,4760000
2011-08-22,45.68560880551832,45.8790043808772,44.465739499259534,44.55500030517578,2565500
2011-08-23,44.62938650164752,46.09471893310547,44.435993741956096,46.09471893310547,2577300
2011-08-24,45.983141219771184,46.95011062770463,45.767431851955166,46.555885314941406,2510400
2011-08-25,47.09887443294897,47.3740881618996,45.34345161323412,45.66329574584961,2789100
2011-08-26,45.410406809765455,46.622839447414556,44.25748139143035,46.41456985473633,2444500
2011-08-29,47.02449483954707,48.14022943140628,46.99474123610713,48.132789611816406,2694700
2011-08-30,47.94684887511093,48.16255831147335,47.44104880793181,47.72370529174805,1551800
2011-08-31,48.07329004894522,48.222058089800086,47.612123309596356,48.036102294921875,1655000
2011-09-01,47.931965470267606,48.23693000997109,47.32946769893749,47.39641189575195,1591700
2011-09-02,46.496376689791,47.463348905683496,46.25091656361223,46.280670166015625,1984800
2011-09-06,44.95667708885876,45.871579363779176,44.785598078503945,45.737693786621094,1759900
2011-09-07,46.45918956798056,47.78319376154908,46.24348019066931,47.74600601196289,1787000
2011-09-08,47.27740408306564,47.969157055472934,47.05425485088096,47.49311065673828,1574500
2011-09-09,46.912924695919685,47.22533188675685,45.78231319508147,45.81950378417969,2988600
2011-09-12,45.26163195885098,46.027771638309666,44.78558565557167,46.005455017089844,2245400
2011-09-13,46.161649785382004,46.33272871036702,45.388073295264306,45.76742172241211,1406800
2011-09-14,46.05752548740399,46.12446968062533,45.06824222919969,45.61123275756836,2859900
2011-09-15,46.25092995932516,46.45176257752593,45.57405091463094,45.99059295654297,2013500
2011-09-16,46.28811591577086,46.779039098578664,45.90132752364044,46.7567253112793,2390300
2011-09-19,46.02778144157648,46.622839447414556,45.834385816266355,46.41456985473633,1681900
2011-09-20,46.496389472537984,47.64188078030863,46.496389472537984,47.03938293457031,1711400
2011-09-21,46.89805230000579,47.15839212307872,44.78559429366528,44.80791091918945,2791400
2011-09-22,43.81119966837692,44.73353910115433,43.714501831284394,44.272369384765625,3462900
2011-09-23,43.87068126027448,44.97897880555473,43.87068126027448,44.40623474121094,2561500
2011-09-26,44.94179351407853,45.633549272931276,44.37648916663572,45.55173110961914,1855300
2011-09-27,46.16167351481952,46.50383154067611,44.90461036281936,45.20214080810547,3159300
2011-09-28,45.32932260083885,45.68094558982031,44.9178505298016,45.007625579833984,4036400
2011-09-29,45.770709780531064,46.182181753944604,45.19464787619342,46.17470169067383,3798800
2011-09-30,45.37420468814461,46.21211168744054,45.28442679779733,45.336795806884766,2761100
2011-10-03,45.1497544654849,45.83803722802769,44.19962955983098,44.22207260131836,2687100
2011-10-04,43.5637244472583,44.708365452752126,42.56871040715052,44.58118438720703,3900000
2011-10-05,44.69339525881539,45.83055309028439,44.244514463754776,45.66596603393555,2446100
2011-10-06,45.44901675976131,46.10737368640126,44.91784375087879,46.06248474121094,2480800
2011-10-07,46.36173250067874,46.39165560626143,45.037538759635154,45.142276763916016,2054300
2011-10-10,45.965232625237746,46.915360681553956,45.83805154522322,46.89291763305664,1839000
2011-10-11,46.399151468028386,47.2894276066914,46.249524482784025,46.93032455444336,2127200
2011-10-12,47.281934604646345,47.61111159899834,46.8704626482322,46.97520065307617,2350200
2011-10-13,46.46647514334737,46.90039018352483,46.12233513667268,46.690914154052734,1467000
2011-10-14,47.296910184586224,47.38668523352661,46.42159418225105,47.24454116821289,1231300
2011-10-17,46.89289798551459,46.89289798551459,46.062471292284705,46.13728332519531,1566500
2011-10-18,46.18217893162584,48.26946463201035,46.08492099166923,47.90288162231445,2651900
2011-10-19,48.02258684668616,50.012614664639464,47.902883007035285,49.331817626953125,3837700
2011-10-20,49.18216984734234,51.00761278011902,49.08491479402549,50.85050582885742,3926700
2011-10-21,51.41164312324332,52.62361357357488,51.41164312324332,52.51139831542969,4402700
2011-10-24,52.56373909230468,53.55127278787915,52.4590011024553,52.795658111572266,2866500
2011-10-25,51.897912238698375,52.74329923546832,51.314364558993496,51.62110137939453,3006500
2011-10-26,53.95529597776804,54.79320038348259,52.63109879577237,53.11738586425781,3649000
2011-10-27,53.49893059529134,55.18222789977315,53.0201264853068,54.860530853271484,4595200
2011-10-28,53.97772663697213,54.9203745847626,53.45403079584659,54.5088996887207,2606800
2011-10-31,53.566232163523736,54.87546272614795,53.566232163523736,53.97770690917969,2879900
2011-11-01,52.339317615127364,53.21463074512907,51.80814454372989,51.935325622558594,3038900
2011-11-02,53.21462855606624,54.015129589579765,52.907897395756336,53.71588134765625,2981200
2011-11-03,53.89541561104891,54.463997377801746,53.281947762744664,54.3817024230957,2129500
2011-11-04,53.633594044893385,54.104915230393885,53.45403822468782,53.89543914794922,1838700
2011-11-07,53.70840245730395,54.07498557660937,53.37173959819937,54.03758239746094,1773300
2011-11-08,54.187183099424864,54.50887998153441,53.55874945883752,54.411624908447266,1754100
2011-11-09,53.27447040779365,53.46150337750552,52.45152648262008,52.56374740600586,2893100
2011-11-10,53.05004522686768,53.20715226894259,52.30939040420738,52.68345642089844,2000500
2011-11-11,53.147296663149746,53.581214582392,53.109887780948355,53.29692077636719,1632300
2011-11-14,52.975224541864314,53.19218350454038,52.42909138391605,52.59368133544922,1496800
2011-11-15,52.58619342298416,52.99766255494376,52.24953063378785,52.616119384765625,1717600
2011-11-16,51.87545414724472,52.23455990796316,51.351764191814105,51.434059143066406,2529000
2011-11-17,51.35177207846448,51.48643604594165,49.87047414400888,50.19216537475586,3243000
2011-11-18,50.4839434849997,51.052519623460626,50.4839434849997,50.7831916809082,2759100
2011-11-21,50.20714321495965,50.33432429582529,49.18968315244519,49.6385612487793,3181500
2011-11-22,49.60862061391987,49.66098961454539,49.16722556690369,49.22707748413086,3365800
2011-11-23,48.93531863649529,49.0849427588102,48.299401847170934,48.306884765625,2300200
2011-11-25,48.08243262021125,48.89041640710622,47.94776865572876,48.576202392578125,1164500
2011-11-28,49.86298872498747,49.95276089360551,49.06248787731616,49.54877471923828,2992100
2011-11-29,49.586178478303665,49.73580827410671,49.29440751122909,49.39166259765625,1639300
2011-11-30,50.768244666601035,52.114884727172,50.341809598719394,52.01762390136719,2690200
2011-12-01,51.89043555121634,51.98021344528624,51.202155486729595,51.32185363769531,1941400
2011-12-02,51.55377562443888,52.27198161443193,51.05252287797185,51.15726089477539,2223500
2011-12-05,51.76326370239258,52.316879878283714,51.32186277933433,51.76326370239258,1589100
2011-12-06,52.09990813836111,52.89292617273275,51.546292097825834,52.54878616333008,2401600
2011-12-07,52.15226763692698,52.80314436451991,51.85301377224773,52.586185455322266,2144200
2011-12-08,52.548798139654146,52.616132998032256,51.2769758277505,51.3817138671875,2034700
2011-12-09,51.75576799095917,52.04005607419629,51.44903115490875,51.89791488647461,2195700
2011-12-12,51.42659343143628,51.6285922731022,50.91038621918919,51.17971420288086,2000500
2011-12-13,51.60613708049084,51.60613708049084,49.922840432471276,50.244537353515625,1679200
2011-12-14,49.85549982281481,50.84303351360363,49.70587575455288,50.31934356689453,2355400
2011-12-15,50.858022531864506,50.858022531864506,49.99766947763268,50.064998626708984,2024900
2011-12-16,50.44652586206074,50.52882081400836,49.70587700232462,49.93031311035156,2797600
2011-12-19,49.88543707127777,50.334315085474586,49.56374011467455,49.593666076660156,2227600
2011-12-20,50.33429726762582,51.2245757712184,50.32681435282989,50.91783905029297,2373500
2011-12-21,50.970231418869645,51.86799324907107,50.86549339484861,51.81562423706055,1567600
2011-12-22,51.695915769142765,52.346792609944316,51.628586634470395,52.33930969238281,1460000
2011-12-23,52.526343622044635,52.77322853587333,52.33931063419754,52.72085952758789,673600
2011-12-27,52.586209835410585,52.97523604439956,52.496431922046035,52.810646057128906,650000
2011-12-28,52.780708188554335,52.780708188554335,52.21960925972262,52.3467903137207,1136000
2011-12-29,52.39166627595648,52.87047014606578,52.39166627595648,52.795658111572266,1260400
2011-12-30,52.87048019973491,53.0051441705474,52.44404524346089,52.45901107788086,886200
2012-01-03,53.27447342057714,53.52884124182281,52.496415537639756,52.616119384765625,1465200
2012-01-04,52.339308128756414,52.60115315764928,51.927838999865784,52.114871978759766,1436900
2012-01-05,51.83057797060735,52.29442181103643,51.35177400336151,52.264495849609375,2145200
2012-01-06,52.361740456919726,52.57869935297039,51.733312516187354,52.391666412353516,1472500
2012-01-09,52.369231795326165,52.705888859464515,52.040051940404545,52.63107681274414,1852800
2012-01-10,53.18089454172016,53.474627953884834,52.744058173717036,53.323997497558594,2235000
2012-01-11,52.99260217629756,53.18842636121409,52.38254137450706,52.525638580322266,1851600
2012-01-12,52.73652818257888,53.07545534951096,52.28463103952004,52.789249420166016,1406900
2012-01-13,52.25450451593694,52.608492435827166,51.8176738611422,52.54071044921875,1471600
2012-01-17,53.0829859705933,53.30893165785305,52.48798589229707,52.69133758544922,1570300
2012-01-18,52.608491712179266,52.804315914438874,52.20178255957113,52.789249420166016,2124400
2012-01-19,52.932344146517906,53.5273441616442,52.5783562865911,53.42190170288086,2100600
2012-01-20,53.534879049450865,55.02614000980051,53.414370095063745,54.73240661621094,4149200
2012-01-23,54.58931916624468,54.74748288749126,53.64033109258098,54.07716751098633,1698100
2012-01-24,53.64786384493846,53.715645833625246,53.18090018686525,53.542415618896484,1882200
2012-01-25,53.301399479145665,54.024441782179466,52.92481757998312,53.979248046875,1917000
2012-01-26,54.039503813626474,54.069631055817254,53.29387324450236,53.66292190551758,2134100
2012-01-27,53.2637307882934,53.2637307882934,51.73480959747505,52.31474304199219,3697400
2012-01-30,51.98337238583694,52.20932386533444,51.6143236657635,51.953250885009766,2023300
2012-01-31,52.26957749092246,52.80432318758485,51.87040153046917,52.42020797729492,2777800
2012-02-01,53.580078219883305,54.88305426683911,53.580078219883305,54.6043815612793,3806500
2012-02-02,54.73240689371402,54.73240689371402,54.318170289820294,54.58930969238281,1857100
2012-02-03,54.84542461311043,55.929983054113215,54.566751750856206,55.8923225402832,3341400
2012-02-06,55.41779758289085,55.47051882265841,54.78513695949594,54.96590042114258,1747500
2012-02-07,54.589298581948796,56.11068647896436,54.56669884784889,55.884735107421875,1821100
2012-02-08,55.87721178624442,55.91486652019516,55.086387672906355,55.43284225463867,1369300
2012-02-09,55.37260638343806,55.63621834054768,55.18431541189372,55.4102668762207,1188800
2012-02-10,54.76253750858461,55.22196787201822,54.64956179285471,55.04121017456055,1190500
2012-02-13,55.44791453881618,55.78683591069862,55.20690238085501,55.688926696777344,1128900
2012-02-14,55.538284703592744,55.538284703592744,55.01860570408552,55.43284225463867,1217300
2012-02-15,55.65881239881745,55.68893964383974,54.85292726957077,54.93577575683594,1282400
2012-02-16,55.0261340874374,55.30480670482716,54.88303690223301,55.13157653808594,1716400
2012-02-17,55.39519927952277,55.57595698093058,55.176781089987465,55.41779327392578,1314000
2012-02-21,55.5608884404206,55.771779121508466,55.20690629750744,55.726585388183594,1232100
2012-02-22,55.71152166397377,55.82449737197325,54.76253376143457,54.82278823852539,1185000
2012-02-23,54.883037277944204,55.410249534796016,54.875504032508424,55.24455261230469,1377700
2012-02-24,55.43283758968608,55.658788959105586,54.99600134010545,55.07884979248047,980900
2012-02-27,54.61189315609004,55.07132340262459,54.46125699138405,54.8529052734375,1542900
2012-02-28,54.98849002373263,54.98849002373263,54.01690804320177,54.30310821533203,1653900
2012-02-29,54.31064320134868,54.52906139740968,53.851212814148646,54.009376525878906,1913100
2012-03-01,53.91145950581638,54.890568876837364,53.91145950581638,54.53658676147461,1783800
2012-03-02,54.40100881812176,54.642020937890095,54.12986946510961,54.56669998168945,1468400
2012-03-05,54.34078505881497,54.86799757304633,54.15249405427728,54.807743072509766,1171300
2012-03-06,54.310626458309514,54.84537191297813,53.753287015528194,53.94157791137695,1926400
2012-03-07,53.94159451115326,54.22779469229193,53.5574793564847,53.88134002685547,1479200
2012-03-08,54.19015136942474,54.19015136942474,53.51230831799098,53.84369659423828,1760100
2012-03-09,53.82860695301837,54.00183137455354,53.73069200101946,53.98677062988281,2472500
2012-03-12,53.93406421549207,54.49140386028609,53.88887622288786,54.092227935791016,1266000
2012-03-13,54.65709093375089,55.018612047692635,54.22778784317309,54.70981216430664,2548000
2012-03-14,54.37841326503445,55.38012229923553,54.37841326503445,55.24455261230469,1834900
2012-03-15,55.093931345842584,55.59101644982656,54.83785267406982,55.25962829589844,2090500
2012-03-16,55.22196899435393,55.2822234767923,54.401023219319995,54.43114471435547,2317500
2012-03-19,54.19013069821097,55.357536834694955,54.19013069821097,55.161712646484375,2188400
2012-03-20,54.980950968811314,55.75670867268059,54.72487806493269,55.688926696777344,1949800
2012-03-21,55.85464750764197,55.93749026487351,55.29730198534778,55.478065490722656,1727000
2012-03-22,55.101453361291966,55.51568990581486,54.71733830501817,54.860435485839844,1816900
2012-03-23,54.86798262096985,55.11652805831297,54.619437183626715,54.792667388916016,1094800
2012-03-26,55.10145443558498,55.854618072509766,55.00353948522794,55.854618072509766,1559300
2012-03-27,55.801887705276705,55.93745738151919,55.2897419796742,55.31233596801758,1288900
2012-03-28,55.509450499524995,55.683790740787906,55.016739508518675,55.59282684326172,1489800
2012-03-29,55.23655228415011,55.47911684031652,54.99398772798369,55.410892486572266,1052400
2012-03-30,55.69134630447213,55.880849997745436,55.29717538387513,55.48667907714844,1387300
2012-04-02,55.5321638031602,56.51757953661585,55.39572091290403,56.244693756103516,1519800
2012-04-03,56.08552746139122,56.350831551113,55.327512471788765,55.7292594909668,1934900
2012-04-04,55.20622585279477,55.896016395760014,55.16832279499897,55.661033630371094,1307500
2012-04-05,55.41846629129818,55.73683114116535,55.289605154427335,55.471527099609375,785400
2012-04-09,54.918194648015366,54.99400078866689,54.55435061895298,54.76659393310547,1104400
2012-04-10,54.68319172580798,54.78931334391739,54.1222623467733,54.2435417175293,1954200
2012-04-11,54.82722182266137,54.82722182266137,54.16016497635184,54.660457611083984,1177200
2012-04-12,54.645303627021455,55.35783964353097,54.35725998233695,55.350257873535156,1207300
2012-04-13,55.21379981635505,55.30476368181788,54.2435417175293,54.2435417175293,1452100
2012-04-16,54.364834679504035,55.084946589127256,54.32693161765217,54.910606384277344,1335600
2012-04-17,55.228948226294364,55.39571237570624,54.75140107559086,55.30474853515625,1279300
2012-04-18,54.97124167732718,55.09252684536659,54.66804032361889,54.84238052368164,1663500
2012-04-19,55.08493336103208,56.843527441217695,55.08493336103208,56.72982406616211,3129200
2012-04-20,56.760158676377046,57.21497228336856,56.72983738369793,57.078529357910156,2936000
2012-04-23,56.623722891701426,56.72984453786365,56.3432610196424,56.47212219238281,1657600
2012-04-24,56.525181843407175,57.23013606869375,56.32052032525114,57.033050537109375,1968600
2012-04-25,57.30591638080353,57.65460248665127,56.26743983037701,57.57122039794922,2594400
2012-04-26,57.13914644251699,58.38987186375327,57.1012491771421,58.33681106567383,1668800
2012-04-27,58.51117666296993,58.51117666296993,57.53333666975178,57.882022857666016,1390700
2012-04-30,57.836526253929385,58.101830252981756,57.42719760545138,57.58638000488281,1376300
2012-05-01,58.04119795083683,58.59455134659794,57.89717327594124,58.18522262573242,1876700
2012-05-02,57.99571673375715,58.351984632062575,57.71524916242869,58.23828125,1170300
2012-05-03,58.63244958868358,58.68551039875428,58.12458100897909,58.36714553833008,1450900
2012-05-04,58.26860792642147,58.480851174864064,57.70767273188627,57.94266128540039,1406800
2012-05-07,57.556091011246615,58.0033171772344,56.77533632608375,57.95025634765625,1351600
2012-05-08,57.525747576739974,57.927494529421736,57.0330367584117,57.472686767578125,1571100
2012-05-09,55.75957745722614,57.487850605078265,55.6989406569048,57.055782318115234,1889000
2012-05-10,57.4423649252534,57.95781525922546,57.237703458514886,57.57880783081055,1257000
2012-05-11,57.12401394648824,57.95782933486256,56.88144936472124,57.813804626464844,1482500
2012-05-14,57.268030448943335,57.57123179530947,57.05578141001407,57.214969635009766,1574400
2012-05-15,57.0936666495186,57.65459590504961,56.98754505477471,57.35139465332031,1746200
2012-05-16,57.4575350932657,57.798639504934826,56.92692116231974,57.0482063293457,1747800
2012-05-17,57.02544912450181,57.07850992282439,55.645862584921495,55.653438568115234,1739300
2012-05-18,56.28259182790322,56.28259182790322,54.44819763036757,54.59221649169922,2287800
2012-05-21,54.81204443017419,55.38055548964863,54.56190395923254,55.122833251953125,1842100
2012-05-22,55.27443464903162,55.698926845189675,54.75898438334899,54.97880935668945,2116300
2012-05-23,54.736279434506756,55.38059122772489,54.16018623651531,55.236572265625,1775900
2012-05-24,55.36541667673211,55.56250219738933,54.76658412860884,55.51701736450195,1098200
2012-05-25,55.44120581154664,56.00971695053559,55.38814500323545,55.471527099609375,1377400
2012-05-29,55.653451862173,55.84295558476269,55.26686843199019,55.661033630371094,1252700
2012-05-30,55.31236708480124,55.31236708480124,54.4861275541205,54.531612396240234,1415700
2012-05-31,54.56949283497009,55.19106484218233,54.1677458500054,54.82722091674805,1884400
2012-06-01,54.099520487565115,54.42546709572368,53.22022050901856,53.22780227661133,1795800
2012-06-04,53.30361881774443,53.409740463548225,52.901871761030634,53.06105422973633,1290100
2012-06-05,52.9549046754611,53.59163421471254,52.69717668348344,53.318748474121094,1581000
2012-06-06,53.75841709649565,54.82722091674805,53.55375561133823,54.82722091674805,2226000
2012-06-07,55.463945919682686,55.69893445886104,54.8575375015835,54.993980407714844,1855000
2012-06-08,54.766574375601856,55.22138214111328,54.35724565168322,55.22138214111328,1173000
2012-06-11,55.59280804437835,55.60038981240752,54.04646279171013,54.091941833496094,1240000
2012-06-12,54.182895267417514,54.6756002137479,54.061610135082184,54.64527893066406,1179400
2012-06-13,54.37997630119837,54.554322237519635,53.83420475834133,53.99339294433594,975100
2012-06-14,54.167748494900884,55.22897059842543,54.145008971350286,55.039466857910156,1476800
2012-06-15,55.32750989086614,55.42605553616256,54.85754432048068,55.14558792114258,1727900
2012-06-18,54.895441681197156,55.251709635540514,54.52401597235192,54.78173828125,855100
2012-06-19,55.062196878235724,55.50184686831849,54.93333574489243,55.40330123901367,1294000
2012-06-20,55.47910582163897,55.82021017302807,55.06219536265757,55.32749938964844,1154600
2012-06-21,55.63072263157703,55.81264461962132,54.09195304481187,54.12985610961914,1318200
2012-06-22,54.281438132781076,55.054610653439454,54.22079556322527,54.789306640625,1515300
2012-06-25,54.061613452955555,54.22079586151997,53.546163175282985,53.61438751220703,1380300
2012-06-26,53.803904350254186,54.281451692614404,53.62197659614013,54.01614761352539,1599100
2012-06-27,54.20565864394777,54.53918133829169,53.82665111336007,54.43305969238281,1006300
2012-06-28,54.069209865753955,54.84238260009575,53.73568142421281,54.80448532104492,1204100
2012-06-29,55.97941091425109,56.20681774508217,55.509445279220905,56.191654205322266,2129300
2012-07-02,56.32051791745985,56.73742270571611,55.98698946029837,56.426639556884766,1076500
2012-07-03,56.267456989443644,56.83596824949522,56.070371466664334,56.798065185546875,574600
2012-07-05,56.71468129072816,56.71468129072816,55.706519966589994,55.7292594909668,1612100
2012-07-06,55.16831304579052,55.28959818274814,54.812045184969534,54.97880935668945,1364000
2012-07-09,54.978821588479846,55.11526450631643,54.57707460351516,54.82722091674805,998400
2012-07-10,54.89544195896257,55.20623086817769,54.00098407575163,54.01614761352539,2098300
2012-07-11,53.781157345483535,53.84938169692096,53.136845807126804,53.27328872680664,3424400
2012-07-12,53.030732317838535,54.501283368617514,52.939768429692776,54.213233947753906,2674300
2012-07-13,54.395146993791755,55.23654393590232,54.27386184244154,55.19105911254883,2116600
2012-07-16,54.963654769644734,55.07735814628839,54.614968655613104,54.73624801635742,965000
2012-07-17,54.887876370430206,55.06221660548666,53.97825477714004,54.57708740234375,2068100
2012-07-18,54.311778670382104,54.993993361736806,54.09195361521249,54.72868347167969,1254700
2012-07-19,54.68317986496549,55.069768980337855,54.19805092077762,54.30417251586914,1806200
2012-07-20,53.94032818395118,54.03886801182519,53.40213266416656,53.652278900146484,1809400
2012-07-23,52.841214414008256,53.09136070207011,52.67445022196702,52.977657318115234,2426900
2012-07-24,53.09894152188103,53.15957831347266,52.28786587950137,52.431884765625,2097200
2012-07-25,53.97065295160616,55.16073598946193,53.5234269830691,54.812049865722656,3278800
2012-07-26,55.35023033253124,55.74440121143864,54.66802173545631,54.75897979736328,1763500
2012-07-27,55.33139198287099,56.47617940320625,55.14059407948178,56.14037322998047,2058000
2012-07-30,55.94193453254613,56.323530250168716,55.66718515004278,56.13273239135742,1214800
2012-07-31,55.987742862578635,56.338810341370916,55.796944940016054,56.09458923339844,2415200
2012-08-01,56.21669757027435,56.67461137811254,55.70535475920989,55.796939849853516,1545000
2012-08-02,55.35429481613849,55.66720621790426,54.8429577584484,55.37718963623047,1452000
2012-08-03,56.06407109215662,56.52198502528408,56.04117626890398,56.216712951660156,1683100
2012-08-06,56.3006291361262,56.7203867510083,56.140359634813535,56.23957824707031,1208900
2012-08-07,56.31593612596974,56.45331091338218,55.74354214886668,55.87328338623047,1916000
2012-08-08,55.560340761925076,56.28537032173978,55.560340761925076,55.94193649291992,1701700
2012-08-09,55.8427253289632,56.00299485864753,55.61377135342396,55.804569244384766,1296900
2012-08-10,55.36191708542293,55.59087106239107,55.20927527808792,55.51455307006836,1131600
2012-08-13,55.32376032842044,55.499296967525325,55.02611605476922,55.29323196411133,1014900
2012-08-14,55.46876527962299,55.62903481562518,55.04137985028382,55.18638229370117,805900
2012-08-15,55.23217820531335,56.12511098014498,55.22454465895783,55.64430236816406,939600
2012-08-16,55.59853381140559,55.92670659118572,55.4306306464912,55.87328338623047,898100
2012-08-17,56.094580943608435,56.346435561617085,55.606138799846605,56.06405258178711,1495000
2012-08-20,55.87326566004258,56.5677729268161,55.87326566004258,56.54487228393555,1350600
2012-08-21,56.567777395311005,56.69751860176222,56.07933511704305,56.57540512084961,2153100
2012-08-22,56.49144821815502,56.85778280357133,56.36934057147671,56.70514678955078,1470500
2012-08-23,56.644082278759896,56.68223836568161,56.38459410331868,56.56776428222656,1486300
2012-08-24,56.34644164371944,56.97989211883552,56.34644164371944,56.6669807434082,1506100
2012-08-27,56.70513017794361,56.77381461732474,56.36169051297099,56.40748596191406,956100
2012-08-28,56.186178077901964,56.62882486251026,56.033536236062126,56.376976013183594,1189300
2012-08-29,56.399874213442835,56.43040258364015,56.02591186823531,56.20144271850586,798900
2012-08-30,55.82747463158442,56.285388492066495,55.82747463158442,56.1098518371582,974000
2012-08-31,56.399856063249466,56.705133844289165,56.07168346760243,56.27011489868164,1167200
2012-09-04,56.178539502152795,57.01804917771757,56.178539502152795,56.92646408081055,1294300
2012-09-05,57.01806486592912,57.10201643885346,56.60594055048929,56.72805404663086,2040000
2012-09-06,56.98749849313555,57.338565826416016,56.98749849313555,57.338565826416016,1609500
2012-09-07,57.53701818438055,57.56754654918652,57.20121199420515,57.29279708862305,1183000
2012-09-10,57.33096519278309,57.414916749394784,56.99515896633631,57.0943717956543,2025000
2012-09-11,56.90356146346033,57.33858042443996,56.82724347117592,57.30805206298828,1810600
2012-09-12,57.39200457019896,57.78123390691683,57.1325222275135,57.65912628173828,1601800
2012-09-13,57.575163339730366,58.80390200778719,57.277519147859564,58.796268463134766,1932100
2012-09-14,58.2162681210567,59.41447898427804,58.2162681210567,58.78866195678711,1775900
2012-09-17,58.70468816040132,58.773378422471644,58.14756163201162,58.30019760131836,1243900
2012-09-18,58.34599402320977,58.83443616910765,58.071244588306,58.65127182006836,1046200
2012-09-19,58.6741599629916,58.765745038440336,58.147561791556186,58.155189514160156,1275000
2012-09-20,57.81942527317991,58.31550121818091,57.43019573815542,58.24681091308594,1520400
2012-09-21,58.52915047839906,58.552045288827266,57.93386211651232,57.94912338256836,1828300
2012-09-24,57.8575679204262,58.23916381663836,57.62861387631368,58.06363296508789,1354400
2012-09-25,58.29257086881325,58.51389712605715,57.4301664783302,57.65912628173828,2633300
2012-09-26,57.90493352518259,58.3581590724108,57.60534624002346,57.77434539794922,1641700
2012-09-27,58.004815033963006,58.12771981506802,57.643772349532455,58.02017593383789,939400
2012-09-28,57.78973489544252,58.312093470630685,57.474780729788115,58.07395553588867,1415100
2012-10-01,58.242952638642734,59.27998636993991,58.189180692892585,59.103309631347656,2129900
2012-10-02,59.218532258911296,59.36448719781636,58.98040018865792,59.19548797607422,1734300
2012-10-03,59.37216189889791,59.56420537540073,59.08025792446626,59.425933837890625,1719200
2012-10-04,59.75625613062936,60.18643169496948,59.5565292497418,59.810028076171875,1468300
2012-10-05,60.05584802834365,60.3707963442407,59.88684879804149,60.01743698120117,1336400
2012-10-08,59.95596021051622,60.109592607725496,59.76391678365447,59.97132110595703,656800
2012-10-09,59.96365267734555,60.10960759357239,59.42593329235467,59.487388610839844,1164900
2012-10-10,59.54114563740355,59.77927761101683,59.41823503121588,59.56418991088867,978800
2012-10-11,59.779286089761825,60.017418097150355,59.372154905245516,59.879146575927734,1073800
2012-10-12,59.84075213894152,60.0327956272817,59.118666747357736,59.15707778930664,958100
2012-10-15,59.395199022730004,59.71015309938741,59.24924412274719,59.664058685302734,752800
2012-10-16,59.97133288307839,60.63196287007278,59.88683328980924,60.45528030395508,1018100
2012-10-17,60.59352762866957,60.95457013556379,60.4475786391691,60.90848159790039,922500
2012-10-18,61.484638176294155,63.02098593923793,61.300278085737354,62.759803771972656,3023500
2012-10-19,62.713700620512036,63.044015547106,61.56144006644476,61.85334396362305,1657800
2012-10-22,60.80095631075295,62.30657622745218,60.80095631075295,62.137577056884766,1367200
2012-10-23,61.22345994055602,61.76118520853788,60.877784015976374,61.645957946777344,2821400
2012-10-24,61.722763579769094,62.87502427831127,61.12358895423932,61.25417709350586,2632300
2012-10-25,61.44620398591372,61.945517992876596,60.91616819268491,61.461570739746094,1848700
2012-10-26,61.400143581956485,61.43855462343958,60.52442575460118,60.9546012878418,1570300
2012-10-31,60.53208589259922,60.969944638152725,60.163359962327924,60.4168586730957,2377300
2012-11-01,60.72416785918519,61.1159324492522,59.8253996649817,60.17108154296875,1960700
2012-11-02,60.30931961250251,60.38613581136169,59.10328712224239,59.53346252441406,2188200
2012-11-05,59.68710984325848,59.88683669878214,58.99575801999512,59.863792419433594,1413200
2012-11-06,59.856081804797235,60.84702639081548,59.61026650242288,60.71643829345703,1601900
2012-11-07,59.93292229007174,60.29396494386096,59.42593058740073,59.82537841796875,2194700
2012-11-08,59.86376285649509,60.401481978088086,59.56417565150773,59.93289566040039,1671600
2012-11-09,59.71783323255043,60.58587343062219,59.46434031714049,60.03278732299805,1328000
2012-11-12,59.86377660699588,60.04045913650201,59.31069060591609,59.57187271118164,1143500
2012-11-13,59.333750622537686,59.85610911096891,59.034163269244964,59.049530029296875,1138900
2012-11-14,59.049531719573565,59.3030246606685,58.34280725450028,58.45803451538086,1213000
2012-11-15,58.473391966128816,59.456653495784415,58.350481344571364,58.941978454589844,1753200
2012-11-16,58.957369402635216,59.45668380098726,58.40428304511935,59.37986755371094,1158800
2012-11-19,59.80235680111345,60.578214338744864,59.55654130591486,60.07121658325195,1604200
2012-11-20,60.07118896860995,60.45527586958752,59.75624075737288,60.40918731689453,1336400
2012-11-21,60.301635309131974,60.485995355705235,59.84841564032683,60.47063446044922,1008300
2012-11-23,60.72413218700936,61.33098424117778,60.68572115845181,61.300262451171875,410700
2012-11-26,60.854724435927466,61.000679321508926,60.34772695592903,60.67036437988281,1027900
2012-11-27,59.59492541324383,60.77023040141737,59.59492541324383,60.24018859863281,1056400
2012-11-28,60.025093071155126,60.77790588366426,59.81000537063831,60.67803955078125,1400600
2012-11-29,60.85472426772324,61.330988232913896,60.67036421218817,61.16199493408203,1133200
2012-11-30,61.06982732513324,61.13128264599115,60.5474688192449,60.862422943115234,1373300
2012-12-03,60.977644343846364,61.384781449003576,60.81632852212081,60.862422943115234,1019100
2012-12-04,60.96995162963867,61.25417216154606,60.81631336578285,60.96995162963867,1485500
2012-12-05,61.115897769962494,61.80725527293271,61.09285349664686,61.6920280456543,1799200
2012-12-06,61.71508214829024,61.90712560410748,61.51536117394516,61.87640380859375,1310000
2012-12-07,62.037712234707556,62.37570469149703,61.776530118274295,62.19902801513672,1377500
2012-12-10,62.03770890881092,62.36802383027658,61.74579915546444,62.083797454833984,1310200
2012-12-11,62.16831570505601,62.21440426492409,61.215781683336886,61.38478088378906,2273500
2012-12-12,61.653618899501986,62.55238066503036,61.54607505716696,62.1298828125,2021700
2012-12-13,62.24583990125038,62.361769512110385,61.550268132515285,61.64301300048828,1389200
2012-12-14,61.426592519566235,61.62753081793312,61.047888864688844,61.30293273925781,1369000
2012-12-17,61.84392706519837,62.887287256474096,61.80528780771352,62.524044036865234,1822300
2012-12-18,62.647687476714346,62.980015697105316,62.19943560676274,62.86408615112305,1960800
2012-12-19,63.10368897991161,63.2737182309466,62.554961967476906,62.59360122680664,1685300
2012-12-20,62.52403184246035,63.15004311799328,62.35400263270537,63.095943450927734,1298900
2012-12-21,62.871838417625575,63.09596737944478,61.83621414207172,61.88258361816406,2635400
2012-12-24,61.68938220161104,62.083540518146336,61.619827973270944,61.86714172363281,472500
2012-12-26,61.936675313350854,62.13761951119377,61.588892494689205,61.82847595214844,787600
2012-12-27,61.9134954625403,62.04487956916176,60.90105597580969,61.53479766845703,1068300
2012-12-28,61.14062809108768,61.53478623413346,60.96286864730708,61.03242874145508,966800
2012-12-31,60.90877658450466,61.69709296911529,60.63054796598597,61.67390823364258,1133800
2013-01-02,62.7558992937885,63.21188735961914,62.261271969227586,63.21188735961914,1668900
2013-01-03,63.25051573470101,63.59830438196566,63.09594693353126,63.54420471191406,1396200
2013-01-04,63.551947717002925,63.67560160355192,63.18097426450996,63.62150192260742,1995200
2013-01-07,63.29691363873721,63.544227346555765,62.57815725407328,62.848655700683594,1249000
2013-01-08,62.60134900746811,62.7791085188297,61.66619376072996,61.820762634277344,2192300
2013-01-09,61.98303116970655,62.45447366700941,61.928931500987616,62.323089599609375,1281200
2013-01-10,62.62451939652486,63.45920527380574,62.47767487281158,63.40510559082031,2347200
2013-01-11,63.436039720306525,63.992497140095615,63.29692536535925,63.96158218383789,1177600
2013-01-14,63.86883648987752,64.27844933625646,63.67562243808181,64.17024993896484,892800
2013-01-15,63.768360788794894,64.55667144513237,63.62924644986189,64.4716567993164,1195600
2013-01-16,64.22431609387039,64.34024564368391,63.961547950953445,64.10066223144531,1113500
2013-01-17,64.25526897203503,64.51031295292688,63.92294054444344,64.3248291015625,962100
2013-01-18,64.15478881205831,64.41755706519544,63.8842903466453,64.3325424194336,1436700
2013-01-22,64.71895740284509,65.57682800292969,64.65713340640625,65.57682800292969,1990100
2013-01-23,65.31405710989094,65.538186039957,65.05128302427377,65.42225646972656,1017400
2013-01-24,65.58456728199552,66.01736479902577,65.4609074791732,65.9323501586914,1671500
2013-01-25,66.17193289243556,66.24921731320897,65.54591552239728,65.95552825927734,1229200
2013-01-28,66.14874310494207,66.14874310494207,65.36816277980287,65.42999267578125,1090800
2013-01-29,65.36816418082314,66.06373578442935,65.36816418082314,65.64639282226562,1590800
2013-01-30,65.15948874967697,65.31406349055922,64.10067978264489,64.84262084960938,2793700
2013-01-31,64.91990736361284,65.97099204978522,64.91990736361284,65.94780731201172,3704300
2013-02-01,66.5351937003958,66.97572743649548,65.90918200623379,66.14876556396484,2173800
2013-02-04,65.66956338817089,65.86277735323132,65.29858998082904,65.30632019042969,1927100
2013-02-05,65.34497214648874,66.32649659677773,64.40208695538206,66.20284271240234,2620200
2013-02-06,65.80870196853198,66.21058456976475,65.66958762648517,66.16421508789062,2368300
2013-02-07,66.19510861063182,66.32649269768923,65.50726733554004,65.87823486328125,1905900
2013-02-08,65.77004541843891,66.64337648539818,65.70049120766699,66.62018585205078,1796900
2013-02-11,66.41152768278144,67.06072400361396,66.12556879112462,66.78250122070312,1333900
2013-02-12,66.72836895656435,67.20754168974472,66.54288520996182,67.0993423461914,875500
2013-02-13,67.15342334879399,67.22298341969545,66.65879623108277,66.97566986083984,839700
2013-02-14,66.5660747304611,67.00660234560047,66.55835041709582,66.8056640625,1201400
2013-02-15,66.97570294056982,67.0452571494042,66.52744505111521,66.85204315185547,1052700
2013-02-19,67.01434530632267,67.30802847348771,66.78249203637874,67.1998291015625,1224900
2013-02-20,67.27710672517038,67.5553353137363,66.4269605398732,66.44242095947266,1658400
2013-02-21,66.4192591442785,66.82887195866341,66.24922984855093,66.58155822753906,2008600
2013-02-22,66.89067150987098,67.13798512876185,66.81338121312488,66.99887084960938,1222700
2013-02-25,67.1225472879769,67.16119244934852,65.2367825208022,65.2445068359375,1373100
2013-02-26,65.52275881758509,65.96328669052468,65.38364444210806,65.71597290039062,1575900
2013-02-27,65.49182385050032,66.31105532090878,65.46090889912415,66.2878646850586,1383600
2013-02-28,66.15647018953365,66.58927354450488,65.99417114257812,65.99417114257812,1285200
2013-03-01,65.80096613973234,66.24149386920924,65.46863778967615,66.21057891845703,1030100
2013-03-04,65.96327250430208,66.35743079945597,65.8396185840413,66.29560089111328,977300
2013-03-05,66.57385281841499,67.30806407286525,66.57385281841499,67.04529571533203,814800
2013-03-06,67.3311827331685,67.50120601404019,66.86746465094643,66.97566986083984,1160600
2013-03-07,66.99118608171878,67.23849986836608,66.89844120056637,66.94481658935547,874300
2013-03-08,67.23848461880615,67.4239684426178,66.91388645302965,67.22303009033203,1302000
2013-03-11,67.16119853480068,67.50898143296263,66.96025429102357,67.50125122070312,1099700
2013-03-12,67.51670920432886,68.41321921201884,67.42396434984063,68.04225158691406,1952900
2013-03-13,67.99588485340608,68.51369704491934,67.87995525472081,68.47505187988281,937700
2013-03-14,68.56005273588535,68.83055114746094,68.46730789630666,68.83055114746094,951500
2013-03-15,68.61413214913539,68.71460716977045,68.21224975585938,68.21224975585938,2131000
2013-03-18,67.63263208202763,68.28955852091656,67.59398692238919,67.78720092773438,972600
2013-03-19,67.833579027271,68.1272681264496,67.48579613199811,67.81039428710938,1327700
2013-03-20,68.22000127504388,68.53687508738781,68.05770221131543,68.35911560058594,935500
2013-03-21,68.05768905594266,68.44411700815024,67.70990625752489,67.77173614501953,844000
2013-03-22,68.00361540159626,68.25865936279297,67.87223126271003,68.25865936279297,1088800
2013-03-25,68.50595686162866,68.76873097349693,68.04997464197203,68.37457275390625,986500
2013-03-26,68.45227557622623,68.68542009139786,68.13363703078427,68.615478515625,1367600
2013-03-27,68.26577764778244,68.7476193076611,68.11034791453864,68.65435791015625,954900
2013-03-28,68.74761318230419,69.20614093426823,68.37457948405033,69.14396667480469,1490200
2013-04-01,69.24498550184266,69.40042112828411,68.7476033557558,68.93412017822266,718000
2013-04-02,69.33826991062323,69.56364719688241,68.84865493627007,69.12843322753906,1190700
2013-04-03,69.18282363225278,69.43151474980208,68.28132055461056,68.39789581298828,1236100
2013-04-04,68.50668488173491,69.32269967790016,68.50668488173491,69.21389770507812,1804600
2013-04-05,68.48335988427282,69.19834585491496,68.39787178677626,69.15171813964844,1802800
2013-04-08,69.10510309773191,69.99883876625294,69.04292884113175,69.97552490234375,1370700
2013-04-09,70.33300938112994,70.85370537562464,70.0532311899137,70.3563232421875,1298500
2013-04-10,70.4029616359097,70.75268739257241,70.06101507312897,70.67497253417969,1150000
2013-04-11,70.88479432084054,71.71635565240828,70.8070794722316,71.4288101196289,1531500
2013-04-12,71.26560483281865,71.49098205566406,70.86925730609417,71.49098205566406,1070900
2013-04-15,71.31222620992081,71.31222620992081,68.98074545960279,69.01959991455078,2243400
2013-04-16,69.61027139541369,69.92113680648747,69.17506337746912,69.84342193603516,1335500
2013-04-17,69.50143360306595,69.60246228970553,68.8019882706263,69.0973129272461,1515900
2013-04-18,69.34603623210474,69.44706496578678,68.49892817691243,68.65435791015625,1016700
2013-04-19,68.57663247335623,69.2993918871383,68.46005722675976,69.19058990478516,1412000
2013-04-22,69.23721660490216,69.6024829384978,68.6776661022115,69.37710571289062,1213700
2013-04-23,70.30971679018758,71.30448135799831,69.7346196361591,69.94445037841797,2281400
2013-04-24,70.13094681225321,70.26306857514538,69.39264686737118,69.5869369506836,1845400
2013-04-25,69.85116594878426,69.96774118016968,69.40041747896323,69.55584716796875,1663500
2013-04-26,69.61024481959275,69.8123081490366,69.08954886416275,69.12063598632812,1306700
2013-04-29,69.23721074234169,69.43927408771857,68.87195036893719,69.10509490966797,1272000
2013-04-30,69.13618816196558,69.27607727050781,68.84863668072232,69.27607727050781,1477600
2013-05-01,68.99627879969157,69.43148659661813,68.54552447901104,68.62324523925781,1236800
2013-05-02,68.77868082133766,68.92634316340269,68.52998978322195,68.89525604248047,975200
2013-05-03,69.49367491226737,69.9133421997245,69.4237333289892,69.86671447753906,1782000
2013-05-06,70.05322550844207,70.67495608944613,69.72681962158295,70.47289276123047,1505200
2013-05-07,70.48843100195019,71.13347542056441,70.30191420558704,71.02467346191406,1416700
2013-05-08,71.06355718686427,71.70859588808518,70.95475519247694,71.7008285522461,1223600
2013-05-09,71.65417229870496,71.84069502678561,71.03244765955587,71.32776641845703,1903900
2013-05-10,71.27338485319056,71.42104723749524,70.69051451000524,71.18789672851562,1245000
2013-05-13,71.0479965209961,71.20343214581264,70.76045099129543,71.0479965209961,919700
2013-05-14,71.04023507634108,72.03499944058727,71.02468854793912,71.98059844970703,1061900
2013-05-15,71.84847110307867,72.01944732666016,71.27337411133782,72.01944732666016,1567300
2013-05-16,72.01945169409512,72.3147764361043,71.42881406860317,71.58424377441406,1523400
2013-05-17,71.82515645216436,72.12824850726852,70.91588028685192,71.22674560546875,3063800
2013-05-20,71.07909150116781,71.42104398429179,70.56616870574533,70.752685546875,1387600
2013-05-21,70.68274392800426,71.00138257375278,69.87450223919582,69.95221710205078,1564400
2013-05-22,69.88221853220153,70.38737366568353,69.34598221969078,69.59467315673828,2512700
2013-05-23,69.21390907528192,69.73461109276958,68.88750310319506,69.25276947021484,2179200
2013-05-24,68.98849654269715,69.80451698479855,68.76312534100362,69.77342987060547,1412600
2013-05-28,70.43402183016835,70.5894574167767,69.28382813557336,69.56360626220703,1766300
2013-05-29,69.19833907189528,69.54805876063745,68.85638671542824,69.26051330566406,1432500
2013-05-30,69.52476596999897,70.23975208718363,69.25276102642471,70.02214813232422,988000
2013-05-31,70.28641404273486,70.58950623465516,69.68799699665033,69.69577026367188,2116500
2013-06-03,69.67242743661937,69.7579155505319,68.56886114881048,68.84086608886719,2267900
2013-06-04,68.82531698236687,69.41596049383186,68.61548630197503,69.00406646728516,1416800
2013-06-05,68.9341372110441,68.9341372110441,68.22692420609582,68.27355194091797,1623900
2013-06-06,68.2968688469292,69.17506408691406,67.94714896167487,69.17506408691406,1518800
2013-06-07,69.7967800344496,69.86672756008817,69.04293342855928,69.85118103027344,2708100
2013-06-10,69.88226045265787,70.18535252871177,69.5636277777672,70.12318420410156,1411100
2013-06-11,69.48590898700493,70.02214559079863,69.32270009752114,69.50144958496094,1425200
2013-06-12,69.78900149655348,70.07654703006791,68.56108672589943,68.63880157470703,1061300
2013-06-13,68.58437591670855,69.80451698479855,68.25019685070885,69.77342987060547,1139600
2013-06-14,69.69573198439397,69.92110917011033,68.79422324152854,68.81754302978516,1193100
2013-06-17,69.26828161228184,69.66463494655643,68.98073615326378,69.56360626220703,1338500
2013-06-18,69.65688661610275,70.09986782027846,69.56363116002166,70.06878662109375,913800
2013-06-19,70.09985777186823,70.19311914384434,68.77091434983751,68.78646087646484,1438600
2013-06-20,68.16470477560942,68.4522561181039,67.0999934115995,67.20880126953125,2775700
2013-06-21,67.5741021530345,67.69067741224798,66.66482580384456,66.95237731933594,3006200
2013-06-24,66.40833934263854,67.10778473613178,65.84878895710597,66.67257690429688,2071600
2013-06-25,67.0378861698115,67.37206552058213,66.74256129794651,67.13114166259766,1634100
2013-06-26,68.02485334925463,69.05847817244077,67.84610976585473,68.85641479492188,2174200
2013-06-27,68.98852557842274,69.5947156664286,68.80200874402422,69.57139587402344,1670900
2013-06-28,69.3537909596037,69.90557412034734,68.93412364102477,69.54031372070312,1511100
2013-07-01,69.84339918015615,70.27083379301243,69.62578931281942,69.76567840576172,1064700
2013-07-02,69.72681503522914,70.16202285574838,69.0195963976235,69.15171813964844,1185000
2013-07-03,68.88751905690879,69.36158752441406,68.69322889577597,69.16729736328125,593300
2013-07-05,69.79678068750177,70.03770446777344,69.18282319788027,70.03770446777344,964800
2013-07-08,70.20868070598961,71.14905018207706,70.20868070598961,71.08687591552734,1278100
2013-07-09,71.65417067515817,71.84846073222667,71.25004996533096,71.79405975341797,1363800
2013-07-10,71.69304644509297,71.7707612987472,70.72159595125703,71.3044662475586,1288000
2013-07-11,72.24484559384612,72.24484559384612,71.40551075849703,71.70860290527344,1458200
2013-07-12,71.71634567943576,72.7188830960867,71.71634567943576,72.66448211669922,1350500
2013-07-15,72.76552567702073,73.02199003049157,72.38471874351946,72.84324645996094,1126700
2013-07-16,72.92875046736228,73.29401691111397,72.3303393928275,72.44691467285156,1077800
2013-07-17,72.67226277688005,73.27844687440714,72.61786179195485,73.23181915283203,1422300
2013-07-18,73.32509158865582,74.03231048583984,73.20074899255228,74.03231048583984,1094000
2013-07-19,74.05574481551719,74.21201711087657,73.46192201550862,74.02449035644531,977900
2013-07-22,73.83694911390307,74.69642563622106,73.79787956058898,74.68080139160156,1102000
2013-07-23,74.6651837416986,74.68081395012341,72.73526432250922,72.84465789794922,2063800
2013-07-24,73.30563345843396,74.14167061132842,71.63355915264503,71.78982543945312,2175000
2013-07-25,71.53982571251463,72.2430362194958,71.1257145142866,72.21959686279297,1447300
2013-07-26,72.00860677556724,72.24300620639441,71.39915394859243,72.14143371582031,1451400
2013-07-29,72.19612522047247,72.19612522047247,71.57886327155653,71.7195053100586,1027400
2013-07-30,72.00862399514716,72.28990218716707,71.14914132638735,71.360107421875,888700
2013-07-31,71.62573730103647,71.84451246642446,71.27413520825948,71.3991470336914,1249300
2013-08-01,72.01641591710444,72.37583314664748,71.85233452717239,72.14143371582031,850500
2013-08-02,72.03986406170797,72.13362742219543,71.64919233477642,71.84452819824219,1335100
2013-08-05,71.82890324205152,72.0945571523738,70.8600390379682,71.07099914550781,1323200
2013-08-06,71.06318093006841,71.06318093006841,70.00836851620568,70.39904022216797,1986400
2013-08-07,70.31310900944759,70.45375109612391,69.71147705938579,70.1412124633789,1215700
2013-08-08,70.40682762174747,70.71155095560137,69.98490162998633,70.21930694580078,1053400
2013-08-09,70.18026861142462,70.46936783465239,69.75052732840733,70.11775970458984,1221600
2013-08-12,69.92242256886736,70.53186949646951,69.5786355098887,70.18026733398438,855600
2013-08-13,70.2193492910811,70.78191165817039,69.68022031629482,70.59439086914062,1269200
2013-08-14,70.46936698589856,70.90691740611712,70.38341873033029,70.74283599853516,1169300
2013-08-15,70.03962707519531,70.31309609316989,69.42236502823698,70.03962707519531,1385300
2013-08-16,70.10213389898674,70.71939592759938,69.88335869110931,69.96930694580078,1239600
2013-08-19,69.7505361915714,69.96931739329355,69.43800354003906,69.43800354003906,908900
2013-08-20,69.48485980606921,70.18025486516053,69.29733908347217,69.88334655761719,773100
2013-08-21,69.71146657617746,70.57875832006172,69.32079483429006,69.82085418701172,1246300
2013-08-22,69.7583454650234,70.98505449939813,69.64114274990679,70.78971862792969,767200
2013-08-23,70.78190011743922,70.93035728018735,70.19589253123651,70.66470336914062,680800
2013-08-26,70.66471382526733,70.71940763629209,70.06307594281661,70.1333999633789,885700
2013-08-27,69.36766990109544,69.74271737657425,69.07857664240005,69.10982513427734,1033900
2013-08-28,68.89107810258601,69.12548361578631,68.50822132812668,68.71137237548828,1720600
2013-08-29,68.64881862354598,69.48485566505475,68.5003614980336,68.96135711669922,763400
2013-08-30,69.00824881727185,69.07857282305102,68.2894143202906,68.53944396972656,1211000
2013-09-03,69.2973663743371,69.69584732163956,68.64103464500478,68.97701263427734,1232200
2013-09-04,69.04733776405413,69.45363382305668,68.75823847897048,68.93795013427734,1478300
2013-09-05,68.89887739992142,69.30517344023681,68.82855337762582,68.90669250488281,1093800
2013-09-06,69.10202840066835,69.46144573357232,68.06284000440647,68.90669250488281,950200
2013-09-09,69.05512249697189,70.0630561246175,68.98480445747823,69.93022918701172,1026500
2013-09-10,70.35219760033476,70.4537701499457,69.77400484815364,70.3287582397461,871600
2013-09-11,70.28183574777535,72.06330368947776,70.2427721548694,72.05548858642578,1818200
2013-09-12,71.94612517384395,71.94612517384395,71.02413942261518,71.14134216308594,1247500
2013-09-13,71.41481040743265,71.84454583584956,71.22728960159944,71.62577056884766,962700
2013-09-16,72.65712625195198,72.65712625195198,71.96954615719136,72.19613647460938,922400
2013-09-17,72.23520724546862,72.57118520312477,72.14144983665729,72.50868225097656,844500
2013-09-18,72.60243565107025,73.76664174307315,72.36022107677731,73.71975708007812,1171200
2013-09-19,73.84479566627292,74.60270001840284,73.83698056004637,74.5011215209961,1367500
2013-09-20,74.57141860481103,74.93083586600714,74.11823798632048,74.21981048583984,1828600
2013-09-23,74.14166717300168,74.39169679700554,73.55565968288236,73.70411682128906,1386800
2013-09-24,73.54006408387437,74.6183161396587,73.54006408387437,73.96199035644531,1160500
2013-09-25,74.04012529623743,74.60269367311089,73.88385299089542,74.43860626220703,1111800
2013-09-26,74.78422923069914,74.78422923069914,74.01439490840151,74.36788940429688,942100
2013-09-27,74.1636361356832,74.31288627400683,73.84155837663762,74.09293365478516,755300
2013-09-30,73.33098425151448,73.75518135145677,72.99319800488982,73.4959487915039,1232600
2013-10-01,73.6294959136007,74.22650872093351,73.50380522157566,73.8572998046875,797400
2013-10-02,73.59805013094952,73.94368743896484,73.18171033255504,73.94368743896484,963200
2013-10-03,73.61377648992502,73.84158635852036,72.40403063251956,72.49829864501953,1446200
2013-10-04,72.49829061598503,72.97747580491654,72.2940462748189,72.96176147460938,921600
2013-10-07,72.56113291600514,73.00889541885678,72.19978124644598,72.63968658447266,891700
2013-10-08,72.6868396500101,72.79681601789862,71.57921880391511,71.61064147949219,1044100
2013-10-09,71.97198309825565,72.16051313184029,71.10787462503082,71.4927978515625,1000900
2013-10-10,72.16836542190357,73.20528952645215,72.16050825633374,73.1895751953125,883900
2013-10-11,73.06389778618967,73.97513130538178,72.76538539743174,73.9201431274414,698500
2013-10-14,73.58234525276914,74.28148311594866,73.44094624711144,74.2343521118164,725100
2013-10-15,73.88084954235771,74.36788584734026,73.65303972511155,73.67660522460938,822000
2013-10-16,74.06152819325375,75.44409554073279,74.00654002567984,75.2162857055664,1245200
2013-10-17,74.92564474224216,76.19037882946894,74.72925753606734,76.11968231201172,874100
2013-10-18,75.82902397189666,76.1903756972114,75.45981508054463,76.17466735839844,1431800
2013-10-21,76.26107379717651,76.73240184672444,76.23750829368831,76.5752944946289,1068400
2013-10-22,76.96807443946474,77.29014633255218,76.74026456715326,76.82667541503906,1690300
2013-10-23,74.886346505221,77.03874790571031,74.886346505221,75.64047241210938,1728400
2013-10-24,76.02540307525672,76.26107008519033,75.86043856560761,75.99398040771484,946500
2013-10-25,76.19823943030468,76.38676947861677,75.39698223003168,75.52266693115234,1049000
2013-10-28,75.46765026345373,75.60904924462864,75.16128680311812,75.2712631225586,1285000
2013-10-29,75.5776409090144,75.86043892496997,75.34983106320234,75.71903991699219,909000
2013-10-30,75.9232970805154,76.03327343937269,75.30271277367085,75.6012191772461,1348700
2013-10-31,75.57765594159594,75.66406679661753,74.96492878290627,74.97278594970703,1161700
2013-11-01,74.97278241588268,75.47553318871368,74.69783553017595,75.3027114868164,1321700
2013-11-04,75.47552083620454,75.86043802263073,75.38125283425363,75.78974151611328,1174800
2013-11-05,75.72689645285452,75.95470629677321,75.34197926504895,75.89186096191406,845000
2013-11-06,76.20608136853662,76.83451673508223,75.9311405210941,76.81095123291016,942000
2013-11-07,76.63026940339266,76.98376388105257,76.43388225063488,76.51243591308594,2037900
2013-11-08,76.60670144275075,77.25085109376504,76.34747494403639,77.20372009277344,1485700
2013-11-11,77.27442255860025,77.73003621895651,77.19586289929624,77.39225006103516,1146300
2013-11-12,77.14877168508127,77.26660524154524,75.30273261135805,75.73478698730469,2667500
2013-11-13,75.569805556805,76.51246787984095,75.56195438256186,76.43391418457031,1597500
2013-11-14,76.65384821779264,77.27443244749571,76.39461569274047,77.21944427490234,843400
2013-11-15,77.21944617654964,77.54937522023486,77.04662448892552,77.53366088867188,1019800
2013-11-18,77.5729543894287,78.08356237646731,77.19588827789268,77.32157897949219,884000
2013-11-19,77.19586622517366,77.59649773049465,77.06232438782027,77.41582489013672,1033300
2013-11-20,77.7378957838014,77.7850267862306,76.65384077510475,76.86593627929688,922800
2013-11-21,77.2115761129095,80.03169283797018,77.10945694785448,79.75675201416016,2750100
2013-11-22,79.7017639607936,80.73083075703245,79.45824580125871,80.58943176269531,1684000
2013-11-25,80.84078980942664,80.84864097838613,80.33018214389868,80.48728942871094,863400
2013-11-26,80.33808257308401,81.08435761667629,80.14169535002222,80.61302947998047,1340000
2013-11-27,80.6444103132014,81.35139915479884,80.5187196788894,81.02932739257812,1121700
2013-11-29,81.16289024824499,81.75205176456305,80.60515139865521,80.73869323730469,617000
2013-12-02,80.58945693302462,80.77013581293218,79.83533072544547,79.96102142333984,1417900
2013-12-03,79.66249736294778,80.07098005411345,79.00263333166659,79.6546401977539,1424200
2013-12-04,79.51326447631367,80.34594443288604,78.68843569397337,79.37972259521484,1001600
2013-12-05,79.05763408952588,79.30115230996093,78.31921626851384,78.62557983398438,1080700
2013-12-06,79.40326923200965,80.24380615629958,79.34828105914063,80.0866928100586,1031100
2013-12-09,80.13381486532627,80.36162467994238,79.52893908331724,79.81173706054688,1063000
2013-12-10,79.53678131103516,79.89813288224481,79.43466216914734,79.53678131103516,921400
2013-12-11,79.45038164628093,79.615346126283,78.31133862058387,78.47630310058594,1321900
2013-12-12,78.42135408781814,78.75914038023079,78.13855598285579,78.21710968017578,1461300
2013-12-13,78.31135798466104,78.56273334871614,77.91072643801462,77.97357177734375,1121000
2013-12-16,78.00498941425874,78.5234484471204,77.76932240361005,77.92642974853516,1156200
2013-12-17,78.24851334912168,78.28779318487103,77.58079809421297,77.61222076416016,1233300
2013-12-18,77.76143731613138,78.60197389551246,77.15656766277668,78.58626556396484,1757200
2013-12-19,78.43702266928074,78.88478510961765,78.2642010268244,78.83765411376953,1811200
2013-12-20,78.88479398316656,79.77246779322448,78.7826748162552,79.48966979980469,1362600
2013-12-23,79.99244892940324,80.0552942821463,79.45041825020392,79.92960357666016,904100
2013-12-24,79.81174513889087,80.18095397949219,79.61535796778472,80.18095397949219,492200
2013-12-26,80.25164422851304,80.7936686626177,80.08667375589432,80.66798400878906,586200
2013-12-27,80.81726787681579,80.81726787681579,80.37736241500134,80.61302947998047,527700
2013-12-30,80.62872589050542,81.07648845310233,80.60516038614688,80.84867858886719,518900
2013-12-31,81.03720878066252,81.50853681371191,80.95864911410337,81.3278579711914,686400
2014-01-02,80.73869093370982,81.21787609943752,79.59964776529786,79.89029693603516,1112600
2014-01-03,80.05528986804688,80.24381992261821,79.52111638570948,79.68608093261719,1120800
2014-01-06,80.45590652374992,80.53446020496688,79.13618430221528,79.41112518310547,1304100
2014-01-07,79.34828582897579,79.62322670984827,78.68842172162014,78.76697540283203,2214100
2014-01-08,78.6412942646977,78.83768147323141,77.40012566838182,77.79290008544922,2781700
2014-01-09,78.02069438693105,78.13067072228829,77.10160387290533,77.69076538085938,2097000
2014-01-10,77.91859006460841,77.98142941588662,76.86595151997767,77.51010131835938,2760900
2014-01-13,77.74726421810615,78.01607018987877,76.45859397349028,76.62461853027344,2459200
2014-01-14,76.58508149293573,77.51798555994594,76.47439847072879,77.24127197265625,1878300
2014-01-15,77.58914886136056,77.96073022375053,77.20966587594724,77.4705581665039,1583900
2014-01-16,77.31244712712193,77.60497005905975,76.80646575366508,76.92505645751953,1564900
2014-01-17,76.94083890571095,77.25707866178571,76.5613499920669,76.76690673828125,4253700
2014-01-21,76.9092208137378,77.13058685212948,75.9051659876692,76.18978118896484,2649000
2014-01-22,76.3795232882009,76.6799477668628,75.87354204425864,75.90516662597656,1615500
2014-01-23,76.08700078292065,76.08700078292065,74.32397407434412,74.4583740234375,2879500
2014-01-24,74.4583868382979,74.4583868382979,72.88510131835938,72.88510131835938,2526500
2014-01-27,72.75070566210015,74.1579728544438,72.73489638208466,73.56502532958984,3022500
2014-01-28,73.67570996452449,74.98809737781443,73.6124607795583,74.76673126220703,2603200
2014-01-29,74.22912254925602,74.73510394700327,73.43852586130417,74.33980560302734,3466700
2014-01-30,74.82203278559618,75.39917073422612,74.34767621552517,75.21733093261719,2339300
2014-01-31,74.11049864682667,74.67182132005233,73.93656648829479,74.16584014892578,2871400
2014-02-03,73.87334805331035,74.22120645485283,72.94044382632336,73.20924377441406,3813700
2014-02-04,73.69149441569415,74.02354347722655,73.2013224450233,73.39897155761719,2569000
2014-02-05,73.16181400957912,73.97612758614584,73.14599869893826,73.72313690185547,2561300
2014-02-06,73.83379862061878,74.466278164525,73.54918342903818,73.91285705566406,2986500
2014-02-07,74.37930545811403,74.82994513272304,74.03934878907414,74.79041290283203,2124700
2014-02-10,74.46630329470774,75.13040161132812,74.26074646880306,75.13040161132812,1712500
2014-02-11,75.36757153072061,76.56927564823216,75.28060542655766,76.53765106201172,2353900
2014-02-12,76.05538990963741,76.34000516594274,75.59684846938846,75.66799926757812,1676800
2014-02-13,75.10666272949487,76.05537605652697,75.06713049429678,76.00794219970703,1339900
2014-02-14,76.00796498447583,76.67997096188392,75.89728193086859,76.6641616821289,1426200
2014-02-18,76.76694413231279,77.16224251201756,76.56138728596942,77.05155944824219,1450400
2014-02-19,76.9013205097209,77.37568324506219,76.40324687573982,76.42696380615234,1517300
2014-02-20,76.37162365762022,76.90922953975554,75.81030084464804,76.51393127441406,1579200
2014-02-21,76.75112287674885,77.35987963253795,76.42697536071113,76.83808898925781,1264100
2014-02-24,76.76694892527748,77.36780418884018,76.51395818774186,76.52186584472656,1409700
2014-02-25,76.47442239951471,76.61673004856192,76.1660841334339,76.31629943847656,1268500
2014-02-26,76.19769205401505,76.52974718365624,75.87355061041208,75.97632598876953,1126600
2014-02-27,75.91306224231437,76.67204007995942,75.86562838937596,76.49810791015625,1250200
2014-02-28,76.6878654744533,77.55752047451003,76.56927478540625,77.37568664550781,1780000
2014-03-03,76.46651339169189,76.69578715731326,75.77869209482776,76.22933197021484,1376200
2014-03-04,77.03575419143375,77.16224654302454,76.72742192169851,77.0594711303711,1918600
2014-03-05,77.10686673890787,77.42310650859248,76.81434992816145,77.20964813232422,1172400
2014-03-06,77.304545830621,77.92911795930817,77.06737043517633,77.5970687866211,1331100
2014-03-07,77.82633519246386,78.07932587606018,77.12270466521863,77.296630859375,1789800
2014-03-10,77.07525399176492,77.56542601161848,76.9803862685353,77.32034301757812,1744400
2014-03-11,77.5575047261389,77.73143689718721,76.8222498414713,76.95664978027344,814400
2014-03-12,76.73530001224935,77.17013053198855,76.37953397375225,77.09107208251953,1149100
2014-03-13,77.42311278152367,77.42311278152367,76.68785782093862,77.12268829345703,2275600
2014-03-14,76.98042383086772,77.49430700050337,76.8618330871919,77.3045654296875,1647900
2014-03-17,77.62078175141224,78.17419701090778,77.4073233032565,78.09513854980469,1269900
2014-03-18,78.21375705215942,78.45093855152979,77.96867392611252,78.42721557617188,1433000
2014-03-19,78.47459186442408,78.71967479174685,77.32822358936181,77.61283874511719,1273100
2014-03-20,77.41523082056413,77.93702756076075,77.01993245318162,77.80262756347656,1861800
2014-03-21,77.9686356835723,79.52610585536294,77.47846364012503,78.47461700439453,2472600
2014-03-24,78.70391386167654,78.86203080898458,77.97656022144474,78.32442474365234,1793200
2014-03-25,78.53788128956619,78.71181354638217,78.18211515100602,78.37185668945312,1273600
2014-03-26,75.58703968253472,78.84921597055286,75.58703968253472,77.72734832763672,1176200
2014-03-27,77.63191674836952,77.83083013617104,77.28978547853667,77.6478271484375,1571000
2014-03-28,78.02971532783796,78.14110629912716,77.63188869599003,77.8864974975586,935400
2014-03-31,78.49917206606149,78.85721368939494,78.37982283483231,78.81742858886719,1222400
2014-04-01,79.00836529316481,79.19136213001084,78.35592991111163,78.83332061767578,1361600
2014-04-02,78.7616938880766,79.03221908223712,78.4195628330316,78.62643432617188,1694900
2014-04-03,78.80944914135411,79.15158024824372,78.52301351370922,78.75375366210938,1419500
2014-04-04,79.01631649580865,79.26297311298329,78.26044839211579,78.28431701660156,1221400
2014-04-07,78.32411287379931,78.54689482676835,77.63189231677153,77.6637191772461,922000
2014-04-08,77.67960787686104,78.0137867833334,77.61596024404123,77.80691528320312,1052900
2014-04-09,78.04562252453424,78.88901907733668,77.65575414099538,78.86515045166016,955100
2014-04-10,78.92877686559395,79.34251983386882,78.44342803955078,78.44342803955078,1566800
2014-04-11,78.75375072192904,79.54940386449294,78.23657496519216,79.01631164550781,2127200
2014-04-14,79.43004666436187,79.80400457488994,78.62643537176008,79.1754379272461,1136500
2014-04-15,79.16749073932803,79.65283966064453,78.809449239502,79.65283966064453,1675500
2014-04-16,80.35300529620858,80.66330952122908,79.93131012222439,80.65535736083984,1092100
2014-04-17,80.56785649903688,81.18050688156256,80.27346258671238,80.31324768066406,1008600
2014-04-21,80.36095384613522,80.52008201967044,80.01882280971883,80.20977783203125,966500
2014-04-22,80.29730356825448,80.63943461924143,80.06656345755621,80.39278411865234,1223700
2014-04-23,80.39281524642489,81.0770776133424,80.24163916734793,80.74290466308594,1090400
2014-04-24,81.0134225424034,81.27598960053666,80.68720783076924,81.25212097167969,1338800
2014-04-25,81.2521074867461,81.33167159318232,80.63945111944743,80.83040618896484,1383100
2014-04-28,81.22822159665347,81.61809598405743,80.43256850124332,80.71105194091797,1536500
2014-04-29,81.1327442105519,81.70561539002907,80.75082806745009,81.62604522705078,1142900
2014-04-30,81.67379899723616,81.68175722862327,80.24957909653999,81.4112319946289,1538600
2014-05-01,81.29189793173907,81.75337831243121,80.98955185664065,81.16459655761719,1533100
2014-05-02,80.97362081310848,81.78519044964564,80.96566865202523,81.20436096191406,1053000
2014-05-05,81.11684444378479,81.45897557580858,80.49623589507941,81.31575775146484,784700
2014-05-06,81.1486795764949,81.4589838824905,80.9179393876143,81.0611572265625,1276600
2014-05-07,81.37144301170417,82.26257670348014,81.03727015367005,82.08753204345703,1630400
2014-05-08,81.88863999916107,82.19099215229146,81.21233587668256,81.25212097167969,1407500
2014-05-09,81.14070310374764,81.74539506893437,81.03726431917136,81.68174743652344,1124500
2014-05-12,82.0000421756437,82.14326003869141,81.73748115201796,81.92843627929688,821700
2014-05-13,81.97617551238957,82.35013361212644,81.6976980137624,82.31034851074219,654100
2014-05-14,82.15118893754104,82.35010222794669,81.47488496423213,81.71357727050781,1047600
2014-05-15,81.419178840492,81.67378757610807,80.98156723067478,81.3873519897461,1083900
2014-05-16,81.29188862026346,81.59424073108242,80.93384709680691,81.52262878417969,795100
2014-05-19,81.27596758733127,81.97614014902838,81.22027211163207,81.84883880615234,708000
2014-05-20,81.84886209501691,81.9522948449309,81.33168620474038,81.68972778320312,712700
2014-05-21,82.02386474609375,82.29438992231283,81.73743525120095,82.02386474609375,758400
2014-05-22,82.12733058688437,82.31032743755078,81.84089492724311,81.90454864501953,667600
2014-05-23,82.119353291465,82.14322191250217,81.53057171459392,81.88066101074219,750500
2014-05-27,82.27054375593671,82.44558843472898,82.02388713111478,82.23075866699219,808400
2014-05-28,82.20690130735125,82.35011914868481,81.6101613135202,82.00798797607422,965000
2014-05-29,82.18302104318738,82.54902079247562,81.78519443695859,82.389892578125,856300
2014-05-30,82.42170084017157,82.58879333130682,82.13527131193585,82.51718139648438,1198200
2014-06-02,82.60470939992557,82.78771229451577,82.30236338968064,82.38192749023438,720500
2014-06-03,82.28646127758384,82.3978522518553,81.68176915163957,81.83293914794922,890600
2014-06-04,81.86475359312395,82.97866923726774,81.75336263574476,82.87523651123047,1014100
2014-06-05,83.12983316203237,83.17757040242074,82.61265746653797,83.15370178222656,1080500
2014-06-06,83.20940030101501,83.55153136715069,83.16961521899991,83.47991943359375,1010600
2014-06-09,83.7424931595962,83.7424931595962,83.25714425755615,83.5356216430664,768300
2014-06-10,83.1935156682844,83.61521098943146,83.1935156682844,83.52769470214844,664000
2014-06-11,83.12986200453872,83.37651259259053,82.71611887645163,82.90707397460938,874600
2014-06-12,82.97072174970555,83.2810260383502,82.48537277098386,82.54902648925781,745000
2014-06-13,82.62858039192228,82.85136230800038,82.46149395486371,82.66836547851562,754700
2014-06-16,82.795668098055,82.80362632956604,82.17505958793863,82.45353698730469,907900
2014-06-17,82.00798061467289,83.19350226296733,81.93637473561033,83.1059799194336,771000
2014-06-18,83.10596703637351,83.50379360154592,82.65244499489106,83.39240264892578,799900
2014-06-19,83.37648447798385,84.00505112075119,83.21735022455164,83.79817962646484,940900
2014-06-20,84.32334102759695,86.4238652943893,83.48790261837937,83.56746673583984,1301700
2014-06-23,83.69477418005904,83.90163967138565,83.32081615060646,83.56746673583984,605200
2014-06-24,83.29693264933594,83.91754115320927,83.04232387671222,83.11392974853516,711400
2014-06-25,82.90705031425013,83.14574867159143,82.62857294425288,82.91500854492188,923800
2014-06-26,82.97073401169351,82.97073401169351,82.13530159970449,82.27056121826172,805500
2014-06-27,82.18303201257595,82.61268553309338,81.98411868291159,82.2625961303711,1146200
2014-06-30,82.21483617638378,82.69222682171251,82.19096755467007,82.50922393798828,797700
2014-07-01,82.88320261572674,83.58338140316116,82.81954889498672,83.38446807861328,905700
2014-07-02,83.4481180802372,83.75047022709494,83.05029141993225,83.06620788574219,981800
2014-07-03,83.35261389188412,83.68678671068449,83.16165279226882,83.66291809082031,440700
2014-07-07,83.2650998116686,83.79818594255673,83.06618653264903,83.70270538330078,805700
2014-07-08,83.82206906182213,83.82206906182213,83.05824266672522,83.1059799194336,1322000
2014-07-09,83.36855109544429,83.44811521069869,82.90707072847479,83.2810287475586,1042500
2014-07-10,82.24666504754076,82.9627479979345,82.24666504754076,82.95479583740234,1150700
2014-07-11,82.92298049639732,83.28102202130101,82.54106427552797,83.22532653808594,1156700
2014-07-14,83.71860348082372,84.06869271761643,83.34464562704062,83.37647247314453,1144400
2014-07-15,83.59926903452674,83.79818230491158,83.39239753362814,83.63109588623047,1159300
2014-07-16,83.91754847309268,83.91754847309268,83.14576385647,83.2730712890625,795900
2014-07-17,83.0343771714991,83.51972616017812,82.16711193569373,82.19098663330078,836500
2014-07-18,82.12732225188624,82.83545309681185,82.05571030906741,82.81158447265625,1044900
2014-07-21,82.87563199070385,83.06778708901156,82.45128668221162,82.95569610595703,1952300
2014-07-22,82.78753895142351,82.78753895142351,81.9868857818904,82.7154769897461,1357200
2014-07-23,83.09981334971822,84.32481201879374,83.07579472616779,83.6202392578125,1519900
2014-07-24,83.76438016387846,84.09264495692378,83.42810101610982,83.9004898071289,1221900
2014-07-25,83.54817386454074,83.73232681840285,82.79556388721335,82.85961151123047,985600
2014-07-28,82.63541289449257,82.8515926710259,82.09897673694512,82.7154769897461,1188800
2014-07-29,82.83562181494635,82.9957562021586,82.20310472958803,82.21111297607422,1432000
2014-07-30,82.22709845699427,82.3712163075862,81.2823272383362,81.53853607177734,1809800
2014-07-31,81.21827969166638,81.51451752870354,80.12138237727089,80.14540100097656,2101800
2014-08-01,79.88918593595567,80.64981024214252,79.8251322054031,80.23346710205078,1717200
2014-08-04,80.22546511616227,80.36158083132844,79.76909294025327,80.14540100097656,2639900
2014-08-05,79.93722671598458,80.3695802535915,79.74507162432603,80.02529907226562,2172900
2014-08-06,79.78512593647419,80.32156233856122,79.62499156446947,80.17744445800781,3316000
2014-08-07,80.49770329790226,80.49770329790226,79.8171490473512,80.0493392944336,2287600
2014-08-08,80.1534272085812,80.5857808576812,79.85718319665108,80.32156372070312,2436700
2014-08-11,80.34556083024016,80.68183376441752,80.01729613978137,80.40961456298828,1671900
2014-08-12,80.41762336328071,81.21827670267298,80.26549727407611,81.1382064819336,1480200
2014-08-13,81.52255391663587,81.88284561360452,81.13823747916712,81.83480834960938,1472400
2014-08-14,82.02692361677428,82.71548590547133,81.84277678869228,82.69146728515625,771000
2014-08-15,82.9236755006427,83.17988435390231,82.10701168978426,82.86763000488281,1338200
2014-08-18,83.15587630635451,83.50816581508792,83.10783904916421,83.43610382080078,912900
2014-08-19,83.69231795884313,83.7643799576526,83.40408218060941,83.4521255493164,911600
2014-08-20,83.2679736823159,83.68431086298652,83.03578340729686,83.57221984863281,1426500
2014-08-21,83.7403380706901,84.45292523265127,83.43609197085898,84.30880737304688,855200
2014-08-22,84.15670001019713,84.52499993153799,83.80441047304406,83.87647247314453,964600
2014-08-25,84.2127291515423,84.44491938240506,83.94050380523733,84.29279327392578,707700
2014-08-26,84.4289095913875,84.78119908802647,84.15669033198571,84.56502532958984,567300
2014-08-27,84.37284143905893,84.9092837854241,84.37284143905893,84.7891845703125,644300
2014-08-28,84.51699996650325,85.18955222983098,84.4289275735853,84.96537017822266,926300
2014-08-29,85.28557331826353,85.30959804459772,84.5729924828227,85.13345336914062,800200
2014-09-02,85.39769721923571,85.72596194697553,85.06141813836699,85.37367248535156,594600
2014-09-03,85.66991897415289,85.87809058110588,85.01338339084054,85.21354675292969,842300
2014-09-04,85.48576812077566,85.74998523134914,84.69312289755636,84.7491683959961,1138800
2014-09-05,84.72514229695075,84.99736762857842,84.36485071140015,84.97334289550781,875500
2014-09-08,85.02939101038649,85.37367222633789,84.74916353426343,84.98135375976562,562000
2014-09-09,84.81324757880645,84.9413489957344,84.22876768390793,84.47697448730469,722400
2014-09-10,84.4769669238926,84.829250370281,84.32484077818928,84.64510345458984,757700
2014-09-11,84.2767881941384,84.749170821866,84.19672406671863,84.42090606689453,776600
2014-09-12,84.21272764124937,84.43690962330295,83.73233680706302,83.98053741455078,1053300
2014-09-15,83.82842833620107,84.81323493854477,83.82842833620107,84.59706115722656,1250400
2014-09-16,84.34882281773658,85.28558570030735,84.34882281773658,84.7891845703125,1729600
2014-09-17,84.98938093074862,85.26960846927585,84.68512865306003,84.88529205322266,1155900
2014-09-18,85.24559311826697,86.1503295227491,85.0534379570987,85.98219299316406,1246800
2014-09-19,86.32644979268036,86.43053253616151,85.60586050723214,85.66991424560547,1511400
2014-09-22,85.27761975078555,85.75000245990088,85.27761975078555,85.36569213867188,792200
2014-09-23,85.3896830407701,85.3896830407701,84.39687457341326,84.40487670898438,1265100
2014-09-24,84.43690813024804,85.50978687917726,84.26076340217752,85.34164428710938,1016800
2014-09-25,84.77320982376554,85.09347251891842,84.27680844935628,84.46896362304688,1167600
2014-09-26,84.4770050913362,85.49208430417123,84.30782624692543,85.25039672851562,1136400
2014-09-29,84.56560296115259,84.79923258862391,84.11445948541152,84.46086883544922,1263200
2014-09-30,84.05807944909257,84.76702638172898,83.86473307945094,84.48506164550781,1583100
2014-10-01,84.6381158360989,84.66228336147557,83.5988692203146,83.63915252685547,1347400
2014-10-02,83.71971495318284,84.67034323392416,83.39746693242193,84.29170227050781,1208100
2014-10-03,84.39642606669324,85.87875817558184,84.39642606669324,85.74986267089844,1700700
2014-10-06,86.17685473955991,86.28964063212496,85.40346312781243,85.55652618408203,1059600
2014-10-07,85.58873904861375,85.58873904861375,84.69450378417969,84.69450378417969,1199400
2014-10-08,84.90397887040295,86.0560114768975,84.90397887040295,85.99961853027344,1533800
2014-10-09,85.83849691036674,86.28964047983068,84.50116969178417,84.52533721923828,1683900
2014-10-10,84.6783798352368,85.72568410280878,84.50920104980469,84.50920104980469,1126700
2014-10-13,84.25947718866387,85.12149325983233,83.05910960658791,83.1477279663086,2192600
2014-10-14,83.49416236410214,84.49312592622519,83.24442301016418,83.97753143310547,1341300
2014-10-15,83.08328645589108,83.34108367317936,81.56067068091184,83.06717681884766,2130500
2014-10-16,81.48814625671275,83.28466840457506,81.48814625671275,82.9140853881836,1823300
2014-10-17,83.42162944351385,84.59782933750971,83.42162944351385,84.27558135986328,1540000
2014-10-20,84.00972192776467,84.71866867081768,83.84054313127301,84.66226959228516,1340000
2014-10-21,84.87174602439421,85.9593276977539,84.81535308270503,85.9593276977539,1336900
2014-10-22,86.57158092593797,87.00661473718812,85.21008656182369,85.2664794921875,1950200
2014-10-23,86.08017527321906,86.1043427998146,84.67034552235933,84.91203308105469,2040300
2014-10-24,84.89591920011932,86.16073767335843,84.8556420370148,86.1204605102539,1184800
2014-10-27,85.81432350303682,87.2402690909595,85.81432350303682,87.14359283447266,1608500
2014-10-28,87.59473549962485,87.84447479248047,87.19192701624758,87.84447479248047,1314900
2014-10-29,87.70750353078192,87.9894681824794,86.80521049898154,87.30469512939453,1243700
2014-10-30,87.30468785551761,88.31170877508512,86.99049782032198,87.77999877929688,1053000
2014-10-31,88.4809081759426,88.72258956515135,87.90892089786841,88.0539321899414,1720500
2014-11-03,88.19091561175924,88.36815237866487,87.41752383956583,87.65115356445312,1281800
2014-11-04,87.7478137014905,88.9240139385667,87.73170406377525,88.4003677368164,2090800
2014-11-05,89.18986213011024,89.18986213011024,88.11033824229838,89.02068328857422,1327700
2014-11-06,89.0206761546392,89.26236370681961,88.65009308196706,89.20597076416016,781100
2014-11-07,89.06094504578604,89.50403062456795,88.9723267007559,89.27040100097656,1007100
2014-11-10,89.34293132723148,89.83435821533203,89.05290869994688,89.83435821533203,1028500
2014-11-11,89.79407919570478,90.01965099517905,89.38321276302206,89.43960571289062,735000
2014-11-12,89.07706114504788,89.31874867565192,88.93204985595929,89.2381820678711,985800
2014-11-13,89.56042808770265,89.68932974021808,88.85148743797497,89.14151000976562,1265600
2014-11-14,89.04485424327105,89.88269673814807,88.93206834457322,89.11736297607422,1670600
2014-11-17,88.98037729775947,89.60876359434357,88.89175895387076,89.5362548828125,1097700
2014-11-18,89.19790592965768,90.03574825992511,89.19790592965768,89.60877227783203,1026200
2014-11-19,89.4073765101617,90.49495822049644,89.29458447657903,90.48690032958984,1949600
2014-11-20,89.77795322524483,90.97832073770562,89.77795322524483,90.77691650390625,1379200
2014-11-21,91.40529325983184,91.6066974859851,90.43049754281435,90.68023681640625,1614000
2014-11-24,91.07500825847588,91.38114051905967,90.8816557447038,91.34891510009766,1172800
2014-11-25,91.51001772805552,91.66308690088776,90.94608837504558,91.47779846191406,1691300
2014-11-26,91.68725000725031,91.92893751625228,91.36500819040592,91.86448669433594,1053100
2014-11-28,92.00144142810133,92.67816277539335,91.80809510589023,92.11422729492188,579900
2014-12-01,91.84030994190383,92.83122125357367,91.84030994190383,92.54119873046875,1461200
2014-12-02,92.50896278995853,92.72647658433773,92.20282452466594,92.62980651855469,1403400
2014-12-03,92.50093270352023,93.33071713150908,92.13034966511596,93.19376373291016,1907600
2014-12-04,93.51603539344828,93.75771683808185,93.07294352539725,93.55631256103516,1343700
2014-12-05,93.66102664308073,94.19273062440355,93.14543229606552,93.5079574584961,1242600
2014-12-08,93.72546454578446,94.97417316402662,93.54017610598997,94.72443389892578,1502600
2014-12-09,93.90272461553445,94.2894235172568,93.16155837913469,93.49991607666016,1278300
2014-12-10,92.89566592264407,94.087981422783,92.49285754570589,92.54119873046875,1574900
2014-12-11,92.9359724735544,93.62880354695942,92.51704821474833,92.71845245361328,1463400
2014-12-12,92.14643986978756,92.97623026918488,91.23609517259014,91.29248809814453,1481400
2014-12-15,91.47888366677918,92.11899350620739,90.0204047691163,90.425537109375,2259300
2014-12-16,90.26348400060968,91.62472887125742,89.72870635986328,89.72870635986328,1600100
2014-12-17,89.9555768147222,91.43025819916589,89.85834901515511,91.30872344970703,2034100
2014-12-18,92.10278387879427,92.8077163696289,91.74627162638555,92.8077163696289,1632900
2014-12-19,93.08321057053303,93.42352645756661,91.60043080304901,92.93736267089844,2486000
2014-12-22,92.93735608844952,93.6341842060352,92.8887421859576,93.45592498779297,1190300
2014-12-23,93.79624151935053,94.37963308072784,93.44782745807402,94.16085815429688,1185500
2014-12-24,94.21757318298363,94.60650293775433,93.69089992037219,94.01500701904297,465800
2014-12-26,94.20947205713534,94.52548097107218,93.90157370277684,94.16085815429688,569700
2014-12-29,94.0393019330801,95.18988229518452,94.00689060917863,94.37151336669922,690100
2014-12-30,94.30669136983649,94.59838710513519,93.69088857511393,94.20945739746094,667600
2014-12-31,94.31479651748404,94.5335652298328,93.07509272324224,93.08319091796875,869900
2015-01-02,93.48833679725377,93.80433952873327,92.04606665217732,92.72669219970703,854600
2015-01-05,92.94546813452727,92.94546813452727,90.9603219824918,91.21150207519531,1532300
2015-01-06,91.6085127801598,91.72194932847722,90.01229054505686,90.4093246459961,1768700
2015-01-07,91.23581168281427,91.77868759398734,90.63621748512804,91.69766235351562,1570300
2015-01-08,92.36205102469286,93.38298605213996,92.20810496933434,93.180419921875,1348100
2015-01-09,92.84013023244454,93.20474687244607,91.73006537488745,91.85971069335938,1349000
2015-01-12,91.71385833671334,92.22432284423381,90.40122736930945,90.74964141845703,1211800
2015-01-13,91.6733555820961,92.55654739593633,90.45795842711144,90.88739776611328,1614300
2015-01-14,87.10344771544949,89.76921908967662,87.10344771544949,89.007568359375,1742400
2015-01-15,89.50996505062909,90.13386630751673,88.79692797780821,88.98329162597656,1345700
2015-01-16,88.85361575014198,90.61188838412878,88.85361575014198,90.54706573486328,1466500
2015-01-20,90.86308164682794,91.04944524513228,88.99947039110044,89.50994110107422,1393200
2015-01-21,89.38839880222052,89.99609730917412,88.76449772175289,89.56665802001953,1202800
2015-01-22,90.49035445820724,92.02985849723031,89.74491247950672,91.90831756591797,1840300
2015-01-23,91.95694663353622,92.1352058712868,91.2439158643635,91.46268463134766,1079700
2015-01-26,91.14667035629631,91.73816628124064,90.70102850002809,91.4788818359375,1181900
2015-01-27,91.07375454329355,91.13047282565992,90.17436022160585,90.18246459960938,1597200
2015-01-28,90.77396244495836,91.47079065130768,88.48901600934282,88.56194305419922,2010000
2015-01-29,88.7968924198171,89.29925868524238,87.85698872088085,89.23443603515625,1484400
2015-01-30,88.46471272276794,88.84553817479792,87.39516341455796,87.47618865966797,2187900
2015-02-02,87.42755269691561,88.67536093872803,86.88467689159641,88.57002258300781,1725900
2015-02-03,89.1696183735135,89.9879811380429,88.7401729588114,89.94747161865234,1260600
2015-02-04,89.81785743487944,90.99274517711521,89.47754768133402,90.44176483154297,1509000
2015-02-05,90.12574674821592,91.8516083614708,89.85025353124102,91.64093780517578,1383200
2015-02-06,91.97315539069332,92.23243986874064,91.30063415075418,91.46268463134766,1293900
2015-02-09,90.80635176019042,91.20337967578212,90.51465601515173,90.72532653808594,859700
2015-02-10,91.55989644778121,91.55989644778121,90.44983176096505,90.54706573486328,1213300
2015-02-11,90.72532469258216,91.39784576784274,90.48224284938522,91.12235260009766,780000
2015-02-12,91.17908988303505,91.60852920463485,91.0008306517681,91.52750396728516,812400
2015-02-13,91.13856750304427,91.92451899451486,91.01702657324458,91.60041809082031,608500
2015-02-17,92.01365126862409,92.65376108111084,91.51129114421757,92.29724884033203,1227900
2015-02-18,92.29724951065076,92.36206598464486,91.60042141512737,92.13519287109375,865400
2015-02-19,91.95693719615873,92.59704703791992,91.7219596961328,92.30535125732422,767000
2015-02-20,92.02985710484346,92.9616626550354,91.53559519165891,92.77529907226562,1242200
2015-02-23,92.56462917998776,92.62945183373228,91.68144370457567,92.0136489868164,1313100
2015-02-24,91.93262118274546,92.92924936517912,91.81108025583966,92.78340148925781,1407200
2015-02-25,92.40257393488086,93.12370892035761,92.40257393488086,92.55652618408203,1170800
2015-02-26,92.45929096749427,93.08319196902325,92.33775004511565,93.00216674804688,1083600
2015-02-27,93.18854534369841,93.26146619978493,92.36207188374314,92.37828063964844,1345800
2015-03-02,92.37827949636745,92.91305097987093,92.04606800454047,92.66997528076172,1239700
2015-03-03,92.24863207790133,92.75099840221652,91.7057562289047,92.23242950439453,1141600
2015-03-04,92.16759960747238,92.16759960747238,91.02512353736806,91.23579406738281,1285400
2015-03-05,91.23581536968256,91.83540959159858,91.08996745820785,91.71387481689453,827000
2015-03-06,91.63282464240879,92.21621616894035,90.58758870283977,90.73343658447266,1476400
2015-03-09,90.87116952296844,91.69763663490654,90.6848059585066,91.42214965820312,797400
2015-03-10,90.54708007115687,90.75775062371108,89.19393950809489,89.21824645996094,1127900
2015-03-11,89.21823097207047,90.07710942532839,89.21823097207047,89.79351806640625,879300
2015-03-12,90.36070913112793,91.39785305386258,90.27158570880094,91.30872344970703,902100
2015-03-13,91.17906540077483,91.29250193897171,90.06090258919363,90.53895568847656,1322200
2015-03-16,90.86307784166748,92.49981590523181,90.65240730063044,92.37017059326172,1266300
2015-03-17,91.83538426420125,92.2243139814803,91.31681542904796,91.85159301757812,1248400
2015-03-18,91.80297834216972,93.39109615908026,91.26820075817706,92.97785949707031,1559700
2015-03-19,92.92115796628018,93.22905633319368,91.90022269223974,92.11089324951172,1554400
2015-03-20,92.0703726355726,92.48360935002007,91.89211960011711,91.99745178222656,3764500
2015-03-23,92.23242927938968,92.93735558905016,91.99745178222656,91.99745178222656,2442800
2015-03-24,91.6652314082001,92.11898378504979,91.02512163632157,91.0332260131836,1032600
2015-03-25,90.92786704620951,91.55176788050976,90.41739654541016,90.41739654541016,1171900
2015-03-26,89.80970864696388,90.64428622297791,89.80970864696388,90.1500244140625,1078200
2015-03-27,90.33750014495334,90.71241766528577,90.01149464264817,90.38640594482422,1225900
2015-03-30,90.8020463699353,91.86972840161974,90.67163922992408,91.45406341552734,961000
2015-03-31,90.66351486857165,91.29108853942537,90.20710217570101,90.86727142333984,1131200
2015-04-01,91.65783670571483,91.86974523799081,90.24784500033296,90.45974731445312,1417300
2015-04-02,90.42713338992561,90.89984996843665,90.15817953222208,90.63088989257812,1170500
2015-04-06,89.99517681130727,91.13621454855483,89.76697050748885,90.67980194091797,965300
2015-04-07,90.68796261032094,91.19328109326017,90.57385943968248,90.75316619873047,1071900
2015-04-08,90.59831581307861,91.22588325411245,90.39455926209723,90.66351318359375,1346500
2015-04-09,90.63905157941105,91.25847315474918,90.44344705704583,91.08731842041016,893600
2015-04-10,91.11177027478642,91.38073038548572,90.86725995266784,91.20142364501953,657200
2015-04-13,90.99768095083272,91.75565560285229,90.99768095083272,91.23403930664062,739200
2015-04-14,90.85911797440673,91.27477683400097,90.35379952266801,91.20957946777344,1183500
2015-04-15,91.33182216516504,91.7963867903308,91.08731806769421,91.17697143554688,858400
2015-04-16,91.11177127012874,91.82084623749424,90.64720662755296,91.58448791503906,1166800
2015-04-17,90.89171692289818,91.04657388701943,89.45727532214036,89.76698303222656,1570000
2015-04-20,90.29675805937464,90.86727394127195,90.27230826703001,90.59832000732422,1043900
2015-04-21,90.64720768262448,90.73686105488049,88.68299171357765,88.84600067138672,2888200
2015-04-22,88.25104673613161,89.07422503990816,87.06110908475493,87.90873718261719,2567200
2015-04-23,87.68052413583193,88.52000016567847,87.56642096001727,88.2754898071289,1714400
2015-04-24,88.4384994506836,88.68300359291533,88.02283432528586,88.4384994506836,1404400
2015-04-27,88.78080595396897,88.82155975202991,87.73757339243676,87.9250259399414,1545400
2015-04-28,87.58272106622182,88.90306584464373,87.58272106622182,88.64225769042969,1315900
2015-04-29,88.48742109079733,88.73193151212952,87.80280186012048,88.05545806884766,1282800
2015-04-30,88.22657296632848,88.63408600543391,86.9632800578394,87.19963836669922,1450200
2015-05-01,87.51749592677291,87.9168631725261,87.21594026473501,87.72125244140625,798100
2015-05-04,87.76200312664965,88.04726099341305,87.43599147113926,87.56639862060547,1429900
2015-05-05,87.1670604844532,87.802786223067,87.04481151371711,87.27301788330078,1265800
2015-05-06,87.51751998639246,87.61532537884027,86.6128403152607,87.14260864257812,1032100
2015-05-07,87.28116799515165,88.00654716036195,86.77585564264511,87.73758697509766,1218400
2015-05-08,88.34884634209249,88.68300386963223,88.08803819200412,88.65855407714844,888000
2015-05-11,88.34066806735616,88.65852771143228,87.97390885285448,88.25101470947266,950900
2015-05-12,87.83537169088007,87.91687928619663,86.92254631763677,87.2485580444336,1870800
2015-05-13,87.2485396433397,87.79460559511672,87.12628449430548,87.37078857421875,1326300
2015-05-14,87.81905088825295,88.53627152472102,87.62344639069889,88.50366973876953,1383600
2015-05-15,88.34068510398612,88.71559639191257,87.97392581875437,88.14508056640625,873000
2015-05-18,88.27547693572384,88.74819357697616,88.1369239878879,88.62593841552734,1162000
2015-05-19,88.83784763677865,88.9764005856896,88.34883320534497,88.78894805908203,973000
2015-05-20,88.72375656352389,89.07421809378984,88.3325412341883,88.9275131225586,830900
2015-05-21,88.70744948482317,88.9764096257929,88.43849556200995,88.75635528564453,1041600
2015-05-22,88.65855203633627,88.82970679793979,88.38959188889217,88.56075286865234,1552700
2015-05-26,88.26733908260626,88.51184320931726,86.93069662515236,87.02849578857422,2065000
2015-05-27,87.38709084813686,87.62344914008526,87.05292719526514,87.4930419921875,1211000
2015-05-28,87.18336780240149,87.7538837480192,86.930711629079,87.68053436279297,847700
2015-05-29,87.46044056736443,87.5989997171183,86.75137190673821,86.78397369384766,1177500
2015-06-01,87.06112587340323,87.19153309121737,86.4009564331547,86.69436645507812,995400
2015-06-02,86.46615382390338,87.00407427014913,86.24609941654,86.69436645507812,910800
2015-06-03,87.12628935535948,87.24854451121472,86.63727495009408,87.1099853515625,1107600
2015-06-04,86.3927567113581,87.11812935987844,86.1319486379368,86.23789978027344,1505700
2015-06-05,86.44165873142468,86.80842417573051,85.1050165399951,85.31692504882812,2081000
2015-06-08,85.2599128266277,85.62667222205381,84.16777420917737,84.19223022460938,1444700
2015-06-09,84.17589358737726,84.5752546304273,83.66242938917007,84.37149810791016,2682600
2015-06-10,84.90940445734024,86.04229004022933,84.7871493201473,85.62662506103516,1416100
2015-06-11,85.63477540467255,86.63726004847132,85.57772383750707,86.38459777832031,1013100
2015-06-12,86.05861078153897,86.33572291431278,85.6429519096126,85.96896362304688,828100
2015-06-15,85.15392748018517,86.31941502202204,85.01536832094025,85.9281997680664,1433300
2015-06-16,85.84672206656946,86.81659913968758,85.75706867570415,86.6209945678711,1169600
2015-06-17,86.83289028692695,87.06924862618641,86.08306769089054,86.66173553466797,978700
2015-06-18,86.53130387531792,87.90054772409773,86.53130387531792,87.74569702148438,1222700
2015-06-19,87.37896129994115,87.62347165600183,86.35202650990558,86.40093231201172,1364100
2015-06-22,86.78399768202719,86.9877542441657,86.24607737326623,86.49873352050781,876900
2015-06-23,86.79214897734524,87.38712091254985,86.32758423490328,86.7269515991211,849600
2015-06-24,86.5395008413221,86.60470444375161,85.75707626664125,85.76522827148438,1409700
2015-06-25,84.09439611502746,84.92572002939386,83.3445735698098,83.74393463134766,6178800
2015-06-26,83.473207586333,85.30264771538988,81.66838397994559,84.8842544555664,2632900
2015-06-29,84.40844395357237,84.56431731854097,83.25171762634739,83.35015869140625,2367000
2015-06-30,84.21155203352532,84.27718358012535,83.35015519656403,83.41578674316406,1777400
2015-07-01,90.07724151579649,90.9304266142125,83.14506408415676,84.08029174804688,17646700
2015-07-02,82.68563103622817,86.60702414892208,82.09495979166108,85.1057357788086,5568400
2015-07-06,84.21153080397538,85.13855269486766,84.1212890148923,84.7693862915039,2979200
2015-07-07,84.966292676763,85.79487370760182,84.17052741792428,85.69642639160156,3819900
2015-07-08,85.07292691930991,85.30263729003858,84.03105290983156,84.20333099365234,2794800
2015-07-09,85.45034470372863,85.50777075827534,84.43307422465769,84.90068817138672,3004100
2015-07-10,85.90152655692586,85.90152655692586,84.90066734409017,85.18779754638672,2404300
2015-07-13,85.97535763494615,86.1066144644525,85.18779162203374,85.50774383544922,1685500
2015-07-14,85.26163336341905,85.4913375219153,84.67096195073219,85.01551818847656,2703400
2015-07-15,84.94989743584061,85.40930577736506,84.19514711323286,85.13858032226562,3798900
2015-07-16,85.91792869983819,85.99175949038806,85.31905183207085,85.61438751220703,2759400
2015-07-17,85.6718162081745,85.6718162081745,84.79401464799162,85.43390655517578,1699900
2015-07-20,85.36828675953396,85.63901222182109,85.10576680612597,85.49954986572266,2123900
2015-07-21,85.58157882430025,85.7374521847641,84.67096144500844,85.22061157226562,3133800
2015-07-22,87.06646037168375,87.56688998953307,85.96716006950271,87.44383239746094,4582500
2015-07-23,87.38640553341826,87.8786358970751,86.41836208197903,87.3289794921875,3197500
2015-07-24,87.1156840000511,87.86222251596298,87.01723667817495,87.3207778930664,2060600
2015-07-27,87.05823097021208,88.6087398199951,87.04181995883607,87.78015899658203,3007100
2015-07-28,88.1575628859911,88.38726705688413,87.72276481123367,88.28882598876953,2554600
2015-07-29,88.20678390736498,88.94512321714973,87.87043315783316,88.59236145019531,1918200
2015-07-30,88.27241697197003,89.20764469406932,88.27241697197003,89.08458709716797,1531900
2015-07-31,90.21668539356735,90.40536823400501,89.06815856071546,89.23223114013672,4031400
2015-08-03,89.15843946663244,90.9140431242036,89.05179286912464,90.8484115600586,2660000
2015-08-04,90.74997004138311,91.20937847027325,90.46283351435635,90.54487609863281,2368600
2015-08-05,90.9960416121319,91.57850741903576,90.65148543209884,91.16831970214844,2394700
2015-08-06,91.29140607255277,91.32422185133368,90.00341648550898,90.3561782836914,1951700
2015-08-07,90.19206585477615,90.24949187756313,89.69983564921117,90.12643432617188,1466000
2015-08-10,90.7335405208559,91.09450778936767,90.11825881805764,90.33155822753906,1589800
2015-08-11,89.58500115121026,90.68430756427514,89.58500115121026,90.22489929199219,1799700
2015-08-12,89.68346125908968,89.74088730131838,88.4446923379059,89.527587890625,1807200
2015-08-13,88.53492346088548,89.85572853156673,88.28881456347825,89.40452575683594,1516100
2015-08-14,89.57682710127618,90.01162523256518,89.24867556063373,89.9706039428711,1326200
2015-08-17,89.89675778651873,90.6104805371885,89.3635124063727,90.23310852050781,1391200
2015-08-18,90.06905530076229,90.68433711980103,89.82294006955865,90.63511657714844,1458600
2015-08-19,90.02800515670395,90.67610254946304,89.4537448132305,90.01980590820312,1917900
2015-08-20,89.23223509225117,89.47835023125124,88.1493397467932,88.19036102294922,2499100
2015-08-21,87.5586877235598,87.985280267882,86.1558399848226,86.19686126708984,2685300
2015-08-24,81.85707374622531,85.11396577540349,78.75605507892756,83.12045288085938,5703900
2015-08-25,85.61440386707692,85.61440386707692,81.72582501440878,81.807861328125,3455300
2015-08-26,83.39937735499167,83.88339590161054,81.68478928434406,83.55524444580078,3644400
2015-08-27,84.38382030095451,85.34365808682743,83.40757150086247,85.02371215820312,2837100
2015-08-28,84.78581256081996,85.10575852731986,83.46500741338443,84.26077270507812,2426600
2015-08-31,83.93264456125831,84.19516456210194,83.10406952485941,83.8095932006836,2197000
2015-09-01,82.34930600582761,82.87434592437481,81.39767350057441,81.807861328125,3025600
2015-09-02,82.5953959686329,82.95636314945288,81.62735274104372,82.55437469482422,2130000
2015-09-03,82.91536862378209,83.65370797775003,82.8497370681028,83.4075927734375,2136300
2015-09-04,82.36570398634046,82.63642941182358,81.66838604167636,82.16881561279297,2508900
2015-09-08,83.24350638608006,83.7685462268051,82.51337266197903,83.65369415283203,1950400
2015-09-09,84.32640818572521,84.71198571692275,82.49696785439515,82.63643646240234,1837100
2015-09-10,82.63642355452045,83.25990440305634,82.30827211588846,82.64462280273438,1683300
2015-09-11,82.32471721099246,82.91538883816982,82.2426808758781,82.74311065673828,1591600
2015-09-14,82.90717226990643,82.90717226990643,82.02117120627464,82.20985412597656,1650900
2015-09-15,82.38213784779249,83.37479183295812,81.9965602132714,83.10407257080078,1936600
2015-09-16,83.12866126531988,83.63729013289615,82.96458238951371,83.5224380493164,1405600
2015-09-17,83.60447877739078,84.39203858702652,83.16967446029706,83.30914306640625,2626500
2015-09-18,81.86525440096104,83.04659687137067,81.7011755806447,81.9719009399414,3566800
2015-09-21,82.55438990620277,83.6454908972954,82.25905420547141,83.41578674316406,2327500
2015-09-22,82.61178899046222,83.0794026542208,82.2918431288888,82.84149932861328,2647200
2015-09-23,82.75130001223185,83.80137991821734,82.48878003573549,83.13687133789062,2540500
2015-09-24,82.47235646562709,83.4896204373688,82.16061599690741,83.30914306640625,1989600
2015-09-25,84.40843319532812,85.51593884886697,84.02285571574039,84.84323120117188,2657600
2015-09-28,84.3973409089507,85.08269408494165,82.84498037156848,83.31564331054688,2657400
2015-09-29,83.25785997935186,84.05055528733422,82.66333692341951,83.88540649414062,2097800
2015-09-30,84.54597516238127,85.50381910602412,84.33954392967699,85.37995910644531,2993300
2015-10-01,85.23959292521904,85.32216416371598,83.34868195466527,84.46340942382812,3354300
2015-10-02,83.29909906190558,84.81843566894531,82.85320700222367,84.81843566894531,2019600
2015-10-05,85.4377717673696,86.4121275764895,85.39648299503604,86.14789581298828,2184600
2015-10-06,85.54510388409037,85.94970734718422,84.99186967744224,85.28913116455078,2078400
2015-10-07,85.80107545888164,86.68460083007812,85.44601350785236,86.68460083007812,2596600
2015-10-08,86.32128066312102,88.071819695947,85.87538846703004,88.0057601928711,1964200
2015-10-09,87.86539839735933,88.57551608639413,87.70850863477983,87.9149398803711,3162700
2015-10-12,87.32041169645674,88.57551082316871,87.32041169645674,88.36907958984375,1144900
2015-10-13,87.98925249365494,88.65809401617733,87.59290802824627,87.89842224121094,1443500
2015-10-14,87.7663081537034,88.13788187171511,87.03141343156891,87.1552734375,1545700
2015-10-15,87.38648407528802,88.9140741669538,87.38648407528802,88.80673217773438,1584400
2015-10-16,89.66548413134086,90.16092422313424,89.07096736079723,89.9627456665039,2542800
2015-10-19,89.76455790575062,90.44165210783548,89.23609444557617,90.42514038085938,2175700
2015-10-20,90.598538805173,92.01878666887256,90.45816708137927,91.6967544555664,3151500
2015-10-21,92.88579185294911,94.59504213688957,91.46554402285732,93.78583526611328,4115100
2015-10-22,94.12439528457034,95.73456288797317,93.87668155312673,95.04920959472656,3526700
2015-10-23,95.16480377248074,95.16480377248074,93.49684208780842,94.81800079345703,2369300
2015-10-26,95.0739934474369,96.0070606007857,94.84279141296344,95.18133544921875,2090900
2015-10-27,94.70240251985108,95.07397625093465,94.23173952058039,94.611572265625,1872800
2015-10-28,95.0326585819208,95.53635118408329,94.16565137311808,95.19780731201172,1377300
2015-10-29,95.44557087428262,95.79238023896043,94.85105403437035,95.1895980834961,1222400
2015-10-30,94.98312051772594,95.3134116899681,93.75279235839844,93.75279235839844,2405400
2015-11-02,94.06656970490937,94.42163162845297,93.48856485252693,94.1904296875,2451400
2015-11-03,94.09958167633174,94.15738215065034,93.45551744827326,93.8353500366211,1953600
2015-11-04,93.81060242714913,94.05832240658923,93.02616632522351,93.27388000488281,1808800
2015-11-05,93.33995674700753,93.88493198274585,93.33995674700753,93.74456024169922,1755500
2015-11-06,94.61981680345914,94.61981680345914,92.65459373593139,93.3316879272461,1777200
2015-11-09,93.12522025228095,93.45551135533033,92.41509658564736,92.91053009033203,1443800
2015-11-10,92.86101167103647,93.79407844137377,92.78669946179542,93.76105499267578,1234700
2015-11-11,93.50507849746495,93.97574140115194,93.20781705305416,93.6124267578125,1572600
2015-11-12,93.2243529411516,93.48858468683953,91.99402446589667,92.01053619384766,1786200
2015-11-13,92.06006124456127,92.93533386448716,91.95271928258629,92.3573226928711,1734100
2015-11-16,92.24173247999805,93.9344711303711,92.1921909994268,93.9344711303711,1756100
2015-11-17,93.75281907292057,94.52900260389333,93.62070004646482,93.70327758789062,2208300
2015-11-18,93.64550725452601,95.29695781850855,93.64550725452601,95.23915100097656,1173100
2015-11-19,94.87578958726638,95.66848471287855,94.87578958726638,95.42902374267578,1547100
2015-11-20,95.80887801078782,96.6098323295191,95.56116427186356,96.18045806884766,2154300
2015-11-23,96.31254945148972,96.54375140981021,95.75105628137673,95.8171157836914,2702800
2015-11-24,95.23085553606364,95.87491995893896,94.84276381977183,95.42076873779297,2060900
2015-11-25,95.42902320940762,95.56939492570663,94.85927103177173,94.99964904785156,1335100
2015-11-27,94.95837020056304,95.22260193521682,94.57027846221308,95.0079116821289,644700
2015-11-30,95.24736562238617,95.51159733747208,94.59504219769073,94.83450317382812,2126500
2015-12-01,94.65286138428993,95.96576750591532,94.57854915276626,95.89144897460938,1879200
2015-12-02,95.65199619557578,96.11440655300288,95.1152799000027,95.27216339111328,1956400
2015-12-03,95.74280680402994,95.74280680402994,93.62069390412356,93.9427261352539,2208900
2015-12-04,94.20695630260177,97.41903214643355,94.1326440811696,97.15480041503906,2598800
2015-12-07,96.67587299133157,97.03918766418468,96.35384078368988,96.71715545654297,2654300
2015-12-08,96.26300856073172,96.26300856073172,95.27213491932139,95.7427978515625,2222300
2015-12-09,95.14828055743612,96.08960641529958,94.33080839156979,94.8675308227539,3025000
2015-12-10,95.05744477764526,95.41250670683576,93.84362826855724,94.73541259765625,2482600
2015-12-11,93.67850771668597,95.22261588273403,93.12527342556172,93.37299346923828,2390900
2015-12-14,93.70327972996216,94.95837901107399,93.16655719733446,94.21522521972656,3757400
2015-12-15,94.78496594274436,96.08961285058957,94.71064742278796,95.61894989013672,2752800
2015-12-16,96.26300523651462,96.9400993665284,95.3051613795396,96.52723693847656,2471800
2015-12-17,96.62632422302632,96.74193150386405,95.41251392193048,95.45379638671875,1674600
2015-12-18,95.22260022731375,95.51986171094029,93.87667083740234,93.87667083740234,3513500
2015-12-21,94.35559328580955,95.36297879705994,93.76107657568743,95.15654754638672,1924300
2015-12-22,95.45382292919984,96.97316043093504,95.34648093116498,96.79975891113281,1625300
2015-12-23,97.03094511287308,97.50160810408573,96.80799583821452,97.41903686523438,1360900
2015-12-24,97.18782036891616,98.07960479267278,97.13001987662349,97.5924301147461,568600
2015-12-28,97.38601390387637,97.72455789672001,96.989663110044,97.6502456665039,924200
2015-12-29,98.3062768979023,99.26957850168411,97.7997142158578,99.2114486694336,1624200
2015-12-30,99.07855379335388,99.53529260875224,98.04882286079898,98.15677642822266,1720500
2015-12-31,97.74989864531807,98.02394202132061,96.93608092562678,97.03572845458984,1626200
2016-01-04,95.51603496254259,95.83990842066959,93.43996041571943,94.44478607177734,3094500
2016-01-05,94.86000593163546,95.83991342230185,94.47800261968874,95.3997802734375,2743300
2016-01-06,94.45306451925185,94.53610621527245,93.1991203372877,93.62263488769531,2288200
2016-01-07,91.89536886299693,93.76383599745574,91.68776140361261,92.65936279296875,3919600
2016-01-08,93.17421730011554,93.32369491156568,91.11475502644296,91.31405639648438,2271500
2016-01-11,91.58810424804688,92.00331915188116,90.4587192027635,91.58810424804688,2454900
2016-01-12,92.20258903918129,93.30706182670112,91.39707138716568,93.09114837646484,2913200
2016-01-13,94.05446583223376,94.44476878932323,91.30573932696934,91.39708709716797,4265200
2016-01-14,91.71266099381407,93.29877847638876,91.18948621144764,92.19430541992188,13089100
2016-01-15,92.19430541992188,92.19430541992188,92.19430541992188,92.19430541992188,6885700
2016-01-19,92.14448356058062,92.74239398949267,90.5583660453553,92.06974792480469,5347900
2016-01-20,91.34726667934902,92.67595292754984,89.84419095504143,91.9202651977539,6027400
2016-01-21,91.50503725000806,92.26072487162519,89.84417809359473,90.87390899658203,3970800
2016-01-22,91.09815895776791,92.15280849567334,90.91546969880488,91.38050842285156,2296000
2016-01-25,91.30575993682228,91.33897789127218,89.53694662818506,89.6864242553711,2985000
2016-01-26,90.1099381003763,91.14797533572772,89.6864171343635,90.1680679321289,2669500
2016-01-27,89.81098661086357,91.27254487310975,88.91412088159818,89.76946258544922,3433200
2016-01-28,90.14315784490968,91.21440671770151,90.03519791545314,90.94866943359375,3313800
2016-01-29,91.49675636333596,93.97973971158855,91.34727874469031,93.89669799804688,4205800
2016-02-01,93.23232454539055,94.43645121695644,92.86693984477297,94.07106018066406,2824100
2016-02-02,93.0496813189243,93.84689333537894,92.92511555542372,93.3984603881836,2200000
2016-02-03,93.98804448592811,94.01295636607898,91.82062221333068,93.69739532470703,2110100
2016-02-04,93.2240588382482,94.15413623639873,92.65936627408091,94.02127075195312,2777300
2016-02-05,93.8385510009222,94.12089404245562,92.8254258082661,93.21572875976562,2718400
2016-02-08,92.70087480385754,92.70087480385754,89.63659319934726,90.42549896240234,4743000
2016-02-09,88.70650835685993,92.3687067075836,88.70650835685993,91.82892608642578,2312300
2016-02-10,92.85034942064524,93.23234634989194,91.86214231469177,92.75070190429688,2431700
2016-02-11,91.09811826264536,92.56798210060072,90.8157752593667,92.04480743408203,2159700
2016-02-12,93.00813891091408,94.96795377339106,92.75900743313204,94.92642974853516,1884200
2016-02-16,95.69870876795189,96.6952281251565,94.68558360584773,96.05579376220703,2931800
2016-02-17,96.52916322009672,97.4675529979454,96.08903641681547,97.08555603027344,1864900
2016-02-18,97.08553063775078,97.55056920099513,96.18866512091503,96.62879180908203,2208000
2016-02-19,96.07240590278184,96.76165768042992,95.55753725144235,96.05579376220703,2102400
2016-02-22,97.01910869697599,97.72497271358596,96.43780407366249,97.23501586914062,1281500
2016-02-23,96.85303429211388,96.94438208545544,95.90634473900772,96.08073425292969,1316800
2016-02-24,95.15063806672784,96.7450615956388,95.15063806672784,96.47932434082031,1312100
2016-02-25,96.93608018335937,98.35611448130292,96.76999041023096,98.31459045410156,2264600
2016-02-26,99.02044892448221,99.53531768832691,97.55889701829528,97.58380889892578,1671200
2016-02-29,97.16027738162188,97.6834458251411,95.89802699307944,95.93954467773438,1842700
2016-03-01,96.32984392181086,97.7498779296875,95.74854567379437,97.7498779296875,1833200
2016-03-02,97.25162803989235,98.36440085816726,97.10215043221761,98.28966522216797,1251600
2016-03-03,98.40591283921478,98.40591283921478,97.19348631894516,97.85782623291016,1484000
2016-03-04,97.70837012607548,97.749887813317,96.18868212102004,97.30976104736328,1851700
2016-03-07,96.75336222618503,97.4675322462902,95.99766818848109,97.45092010498047,1866900
2016-03-08,96.7035341966588,97.75818344363486,96.53745079407904,96.56236267089844,1273900
2016-03-09,97.16028731038254,97.83293342588405,96.70354838277248,97.80802154541016,1438700
2016-03-10,97.96580776477535,98.68827765987379,96.90285859927396,97.6585464477539,1689900
2016-03-11,98.6135483230406,99.64327960101369,98.0156377952894,99.61006164550781,1322700
2016-03-14,99.05364917249337,100.10829839230664,98.65504648229782,99.4356460571289,2149900
2016-03-15,98.28964653103924,99.65155054834598,95.914617402783,99.23633575439453,1479000
2016-03-16,98.82114859276149,99.5934485788883,98.58862925683974,99.19483947753906,1719900
2016-03-17,99.23635529206256,100.88890872335526,98.88757631703768,100.47369384765625,1745800
2016-03-18,100.71452999314252,101.76087336565308,100.24949131010533,101.70274353027344,3715700
2016-03-21,101.27922244051973,101.53665366328556,100.34913873966215,100.80587768554688,1441600
2016-03-22,100.573344355693,100.63978025415885,99.65156685542622,99.751220703125,1678700
2016-03-23,99.73463143666754,99.84259138035618,98.80455398751893,99.30281066894531,1977200
2016-03-24,99.07855869729535,99.64325110806712,98.39760664333603,99.32769012451172,1303800
2016-03-28,99.32771234125954,99.64327339539688,98.79623775761942,99.00384521484375,1305200
2016-03-29,99.00383948500864,99.78050417133879,98.50276056106672,99.73039245605469,955700
2016-03-30,100.13959537185254,100.49034547952176,99.66356917668118,99.99761962890625,1122900
2016-03-31,99.85566348420731,100.22311966747594,99.50491333007812,99.50491333007812,1511900
2016-04-01,99.1625113972869,101.07494398926244,98.92032494277646,100.92462158203125,1500700
2016-04-04,102.72014647375056,102.83706320392066,100.46531653877399,100.7074966430664,2243700
2016-04-05,100.20642916119753,100.21478217706121,98.21883827508681,98.50277709960938,1927000
2016-04-06,98.5361558195959,99.64687088051544,98.1603530378929,99.5383071899414,1840700
2016-04-07,98.81174098860558,99.18754374393059,97.9014600885382,98.23550415039062,1388400
2016-04-08,98.97043705507751,99.61347901711902,98.6697922394135,99.2209701538086,1455800
2016-04-11,99.23766445778165,100.28991481679289,99.0205307006836,99.0205307006836,2328900
2016-04-12,98.91198416936741,99.98929375654201,98.444310890515,99.73875427246094,1504300
2016-04-13,100.3233199704041,100.78264015193876,99.5132560425343,100.64067077636719,1529000
2016-04-14,100.62398037141732,101.44240381153973,100.27323019914354,100.49871063232422,1525400
2016-04-15,100.83276412848697,101.40900112246885,100.44860825632699,100.68244171142578,1575000
2016-04-18,100.67409253130819,101.90171813964844,100.26487762371116,101.90171813964844,1479300
2016-04-19,102.39444408317912,102.86211098159444,101.70129037911096,101.90171813964844,1308400
2016-04-20,102.07710049493078,102.51971472360337,101.42569911736413,102.37773895263672,1565900
2016-04-21,101.8516098311758,102.3359827455855,98.44430614368363,98.60298156738281,3110200
2016-04-22,98.86185475584581,99.75543607762994,98.73659140770805,99.63017272949219,1618400
2016-04-25,99.79722011914545,99.79722011914545,98.77001580316896,99.42141723632812,1266600
2016-04-26,99.63852832879397,100.01433752143873,98.99548638844384,99.17921447753906,1347300
2016-04-27,99.31280875119562,99.5132428245966,98.1937471797081,98.87854766845703,1477700
2016-04-28,98.09356057734121,98.80341395263267,97.55908229207584,97.86808013916016,1810900
2016-04-29,97.70940590540768,98.51112334313041,97.41711408511561,98.4276123046875,2016200
2016-05-02,98.15200227040653,99.73873719781888,97.68433544309947,99.33787536621094,1826900
2016-05-03,98.55286933054174,99.06229488223462,98.17706014881848,98.76165008544922,1484800
2016-05-04,98.28564709796774,99.10406422972348,97.61754601893588,98.39421081542969,1789600
2016-05-05,99.90576534540958,102.40278778158621,99.78050198864742,102.2691650390625,3177400
2016-05-06,101.5509799868249,102.41115586458275,101.00814863177368,102.17732238769531,1929700
2016-05-09,101.71796284457835,102.76186637799364,101.46742344796607,102.6365966796875,1243500
2016-05-10,102.92055043742916,104.62420201774663,102.63661169311747,104.5740966796875,1636200
2016-05-11,104.12314722469951,104.41543903220777,103.19616008411361,103.3548355102539,1733600
2016-05-12,103.58031823099557,105.07518936127768,103.48845417925037,104.70773315429688,1725300
2016-05-13,104.3736914869671,105.09189151628712,104.10645234049245,104.49060821533203,1510200
2016-05-16,104.3152162858513,105.03341619925071,104.08972950933934,104.63256072998047,1246100
2016-05-17,104.46553764720846,104.73278313569067,103.27131782084008,103.60536193847656,1348900
2016-05-18,103.3798731559424,105.2755994931993,102.89550030449082,104.90814971923828,1637500
2016-05-19,104.34026295011559,104.43212698392763,103.62205670657542,104.26509857177734,954500
2016-05-20,104.83298792616162,105.75162194096058,104.39037376085285,105.01671600341797,1291000
2016-05-23,104.74947187927489,105.37581409181027,104.39036875589531,105.12527465820312,1286500
2016-05-24,105.43429297920356,106.94586377432766,105.26727090525574,106.1107406616211,1668800
2016-05-25,106.41971706255309,107.01265358851481,105.96874990798732,106.20258331298828,1761100
2016-05-26,106.5617132933788,106.6953360564782,105.27562287022532,105.53451538085938,1062200
2016-05-27,105.72657566912399,106.29445959160991,105.45933655098257,106.24435424804688,1240600
2016-05-31,106.41135655609229,106.56167893036252,105.2254835876726,105.73490905761719,1740400
2016-06-01,105.31737620056147,106.45314414299403,104.82465025113908,106.33622741699219,1286200
2016-06-02,106.26940133696174,106.73706817626953,105.78502846968847,106.73706817626953,991100
2016-06-03,106.26941892075526,106.89576127195814,105.15035697825171,106.52830505371094,1188800
2016-06-06,106.50322902124289,106.82892646271902,105.29230328975287,105.89359283447266,1543400
2016-06-07,106.07732726823411,106.36962543363902,105.50944333797919,105.55955505371094,1234200
2016-06-08,105.39253055108922,106.12744294205356,105.32572554676078,105.99382019042969,1140900
2016-06-09,105.55957062181413,105.8685621188948,105.1921143858434,105.64308166503906,870200
2016-06-10,105.00001332692219,105.73491924332647,104.71606820528882,105.0584716796875,936100
2016-06-13,105.08353043275815,105.59295598126879,103.84754556797424,103.96446228027344,1219900
2016-06-14,103.83085966614969,104.10645182657105,103.45505043698861,103.87261199951172,1415800
2016-06-15,104.33192968114852,104.7578442483818,103.63877597538298,103.76404571533203,1369500
2016-06-16,102.98738358380618,104.67432949389615,102.93727823515002,104.64093017578125,1440600
2016-06-17,104.62420273938626,104.62420273938626,103.32141296900329,103.49678802490234,2489500
2016-06-20,104.34862757431264,105.04178126835073,104.03963610868095,104.13984680175781,1311400
2016-06-21,104.6659671531042,105.08352865323964,104.16489462723825,104.7912368774414,1045600
2016-06-22,104.7912337716714,105.59295106359244,104.36531927014117,104.84133911132812,1224600
2016-06-23,106.01051501483539,107.54713826718827,105.55954783299718,107.43022155761719,1944300
2016-06-24,103.71393824251172,105.26726769448634,102.72013972982809,103.50515747070312,2523300
2016-06-27,102.51136135061385,102.68673643844826,101.11670729153755,101.74304962158203,1859600
2016-06-28,103.21281749884182,105.16973876953125,102.49892102378702,105.16973876953125,1762000
2016-06-29,105.9844361242136,107.3450373263478,105.49730429264172,107.30304718017578,1379200
2016-06-30,107.420626485627,109.83108379114104,107.10146806426405,109.78069305419922,1799700
2016-07-01,110.02425236387106,110.02425236387106,109.04998873285628,109.45314025878906,1074500
2016-07-05,108.62165317288567,109.13398034983423,108.05052826004298,108.32769012451172,1180600
2016-07-06,107.96655883635528,108.78124332783844,107.5634200909001,108.63005828857422,1456600
2016-07-07,108.52927082762345,108.96601192021207,107.37863317312876,108.03374481201172,1410500
2016-07-08,109.27677495131617,109.48674492756452,108.25212044198017,109.3859634399414,1112500
2016-07-11,108.83161311378569,109.66309863076407,108.44526281276771,109.14236450195312,1169600
2016-07-12,109.85629810245668,109.85629810245668,108.65526313086825,108.88203430175781,1755600
2016-07-13,109.29358619243683,109.29358619243683,108.66367620574204,108.76445770263672,945200
2016-07-14,109.83949362454736,109.97387748590391,108.72245180617801,109.10039520263672,1938100
2016-07-15,109.65470737894158,109.65470737894158,108.6132646028561,108.82323455810547,1074700
2016-07-18,108.75603705029833,109.16756993950487,108.47887518573464,108.58805084228516,896600
2016-07-19,108.36129277065042,108.47046842744396,107.6053932795537,108.20171356201172,1178700
2016-07-20,108.63003756600611,108.84841449044629,107.68098221744876,107.74816131591797,1021500
2016-07-21,107.79018764059802,108.03375999813655,106.85792680912579,107.1686782836914,1584900
2016-07-22,107.45420893490989,108.02532096917041,107.02586850144102,107.91614532470703,939700
2016-07-25,107.86577184997552,108.01695689948778,107.11828564243321,107.45423889160156,1040000
2016-07-26,107.74814647921843,108.20168863249066,107.05945188258956,107.68936157226562,1185600
2016-07-27,106.93347008218332,107.52978382739079,106.69830482016042,106.81588745117188,1372000
2016-07-28,106.47154165728908,106.83269016732712,105.87522786774224,106.2195816040039,1456400
2016-07-29,105.82484783999395,106.24478771237489,105.18653743979824,105.20333862304688,1909000
2016-08-01,104.35507915367619,105.74928288449965,103.05326272587236,105.21175384521484,1969500
2016-08-02,105.03537298279875,105.25374354003866,104.6994261658448,105.01017761230469,1349000
2016-08-03,105.10256071529038,105.83325846933457,104.84220002020804,105.37972259521484,1450700
2016-08-04,105.63168395916956,105.91724643492486,105.11096256278724,105.36292266845703,1151500
2016-08-05,106.22801440937249,106.66474914550781,105.54770732131477,106.66474914550781,1767600
2016-08-08,106.86629390865335,107.06786965529571,106.3875627239818,106.74031066894531,1532600
2016-08-09,106.62273186555903,106.7907116604852,106.4211625194216,106.5135498046875,1011200
2016-08-10,106.42116759950821,106.63953813944931,105.99282711171682,106.00962829589844,1079900
2016-08-11,106.10201702941247,106.42116904768919,105.82485515661263,106.32038116455078,883800
2016-08-12,106.24479829663942,106.42957288413837,105.96763641539097,106.10202026367188,881200
2016-08-15,106.2784146977984,106.5051794756648,105.9592626084149,106.11883544921875,1191500
2016-08-16,105.78285622313334,106.26158744366364,105.67367415802089,105.8836441040039,881300
2016-08-17,105.86685447661212,106.06842384038242,105.41331860229805,105.90044403076172,1170900
2016-08-18,106.89991245432996,106.98389916262376,105.56450649146583,106.88311767578125,1599000
2016-08-19,106.50514463288235,106.94188567313495,105.84163888894862,106.22798919677734,1126300
2016-08-22,105.91726153763169,106.19442346038603,105.4889209668091,106.09363555908203,810200
2016-08-23,105.86686257917324,106.22801118778021,105.27894281216594,105.30413818359375,1196900
2016-08-24,105.10255074687684,105.36291141726537,104.9009814023107,105.20333862304688,794800
2016-08-25,105.11937260666775,106.21961323823088,105.01018411739648,105.87525939941406,939300
2016-08-26,106.08519906109788,106.63952271899716,105.20332925231274,105.74925231933594,987600
2016-08-29,105.90884094523412,106.95869068975026,105.90884094523412,106.73192596435547,1033700
2016-08-30,106.7319326759235,106.89150548983775,106.27839678884014,106.8663101196289,1188700
2016-08-31,106.84950767997168,107.08467299542363,106.24479320722423,106.60594177246094,1408300
2016-09-01,106.63113560568563,106.97548938962134,105.7828552376402,106.74871826171875,1219600
2016-09-02,107.0846938918043,107.79018997582983,106.80753196974763,107.34505462646484,1087200
2016-09-06,107.21063897538947,107.57178748245128,106.67311651014957,107.5381851196289,1047200
2016-09-07,107.03427717963041,107.61379625647643,106.70672459039761,107.10986328125,1263800
2016-09-08,106.97549386661161,107.13506667346384,106.18600479354215,106.2531967163086,1082700
2016-09-09,105.5812849786606,105.70726822554944,104.38025665283203,104.38025665283203,1720500
2016-09-12,104.14508498098299,106.320370373806,103.8427277700292,106.085205078125,1718200
2016-09-13,104.85059500394019,106.31199052316612,104.85059500394019,105.6988754272461,1839700
2016-09-14,105.71566381630471,105.74085918293574,104.45584422256309,104.69100952148438,1258500
2016-09-15,104.50623600290216,105.67366832551099,104.29626606850813,105.33771514892578,1188500
2016-09-16,104.80862412662653,105.37974277289855,104.04433026432872,104.7414321899414,1995200
2016-09-19,105.32093343779329,105.7492739512659,104.73301370389909,105.22854614257812,917700
2016-09-20,106.09362684162005,106.27000084857816,105.10256832077803,105.11936950683594,781100
2016-09-21,105.43012050162172,106.30359634733269,105.20335575303302,106.23640441894531,1449800
2016-09-22,106.60594415281317,107.11827134767624,106.40437479332135,107.04267883300781,953400
2016-09-23,106.17760523154953,106.38757518640125,105.38812255859375,105.38812255859375,1477500
2016-09-26,104.85899319391196,105.04376777770295,104.24588451981397,104.46424865722656,1451300
2016-09-27,104.53143738169405,105.72406513977785,104.37185817188909,105.22013854980469,1132400
2016-09-28,105.3975160187406,106.18293043913566,105.10192488893394,106.14070129394531,865300
2016-09-29,105.9886537979591,106.27579128122017,104.7387449261037,105.05122375488281,899200
2016-09-30,105.397498569368,106.51227951924588,105.30459961993968,106.11534881591797,1646200
2016-10-03,105.93798416590415,106.01398887279898,104.56984145244802,104.89920806884766,1033200
2016-10-04,105.20323960228234,105.49038352877874,103.56484719502319,103.84354400634766,1585200
2016-10-05,104.4684820516058,104.70495614378345,103.66618017945585,104.02088165283203,1189800
2016-10-06,104.09690695154451,104.2995926148611,102.67809442180624,102.93144989013672,2307400
2016-10-07,103.46353856895972,105.6424245777472,103.46353856895972,105.08503723144531,2489700
2016-10-10,105.93801456909061,106.04780132497788,105.24549912006138,105.46507263183594,945200
2016-10-11,105.11879942900795,105.34682001782981,104.17292216602684,104.50228881835938,1389600
2016-10-12,104.71340194340803,105.66772614318717,104.49382851195026,105.50726318359375,925900
2016-10-13,104.83166247558961,105.92955568556758,104.2404931737628,105.75220489501953,1211400
2016-10-14,106.42784002623037,106.94300467552232,106.11536754415239,106.28427124023438,1403400
2016-10-17,106.32649922356221,106.67275372972405,105.9549033643284,106.14070129394531,869600
2016-10-18,106.82474299159752,107.0443228939547,105.76063838540932,105.85353088378906,1491500
2016-10-19,106.16600670704173,106.67272409222723,105.85352787193446,106.4362564086914,915300
2016-10-20,106.10688316427002,106.10688316427002,103.80975762197558,103.90265655517578,2238800
2016-10-21,103.03280846145532,103.26082905498234,102.59365506370399,102.94835662841797,2094300
2016-10-24,103.53952157095559,104.10535591621993,103.05813905519521,103.26927185058594,1302200
2016-10-25,103.34528419845019,103.91111855023561,102.93145927556681,103.412841796875,1508800
2016-10-26,105.02590825962082,107.41593327750562,104.35872778943768,107.2554702758789,3248600
2016-10-27,107.48349714679352,107.87198722003612,107.06967860839823,107.26392364501953,2114200
2016-10-28,107.57635644349872,108.57290328107231,106.61359161911103,107.68614959716797,2234500
2016-10-31,108.13377711830357,108.41247398115138,107.15412420486274,107.2554702758789,1615200
2016-11-01,107.4665936750014,107.62705666256811,105.39749484166752,105.98021697998047,1381400
2016-11-02,106.02244081894814,106.41092437283221,105.29614351808537,105.32992553710938,1227200
2016-11-03,105.6846037289226,106.26733215266943,104.94141880432917,105.10187530517578,1147000
2016-11-04,105.43125764313949,105.88730520259632,103.94488757149595,103.97022247314453,1565400
2016-11-07,105.21169856394526,105.53261810074183,104.71342180487345,105.14413452148438,1893200
2016-11-08,105.16946365002521,106.27579740069294,104.78098009210571,105.88731384277344,1846500
2016-11-09,105.30461820508545,106.69808980591934,104.29962381658753,106.28427124023438,2500400
2016-11-10,106.71496375639109,106.97676636853187,105.04278913268037,106.7994155883789,3074500
2016-11-11,106.61360443359818,107.23856208776435,105.96331832057345,107.12876892089844,1781300
2016-11-14,107.61018159816233,108.04089438488239,106.78254449471429,107.17102813720703,1914100
2016-11-15,106.58829112114411,106.69807786698657,105.41439316791697,105.66775512695312,1962900
2016-11-16,105.24546057658985,106.05620960220082,104.80630082734608,105.92108154296875,2151400
2016-11-17,105.76907905773209,106.39403674572857,105.13568069741284,105.85353088378906,1263800
2016-11-18,106.09845059026958,107.02744004958976,105.56639826260026,106.66429138183594,1989700
2016-11-21,107.13721311968871,107.46657972479895,106.54604394212184,107.29767608642578,1622200
2016-11-22,107.75373517223484,107.75373517223484,106.4531627646495,106.75719451904297,1645700
2016-11-23,106.95987795189525,107.67772818447273,106.36870224492543,106.99365997314453,1077700
2016-11-25,107.29769078042958,107.36524837907412,106.47004737523258,106.95987701416016,534200
2016-11-28,106.62205222403527,107.21322142143839,106.1575575380321,107.05276489257812,1576200
2016-11-29,107.26391991627388,108.59827444477213,106.58829231346128,108.30269622802734,1722900
2016-11-30,108.89384452891318,109.42590325748824,107.71149967384326,108.09998321533203,2924200
2016-12-01,108.37026152043177,109.02054133664662,107.85509047384762,108.9698715209961,1810900
2016-12-02,108.58982065953818,108.91074663159236,107.91419313830352,107.9479751586914,1663900
2016-12-05,108.36180792545538,109.01210062798691,108.10000528699491,108.70806884765625,1399200
2016-12-06,108.91920322167083,110.03397784107628,108.44626775364883,109.86507415771484,2318100
2016-12-07,110.15221564107465,111.60481056559297,109.72150930014585,111.54570007324219,2454500
2016-12-08,111.8412722794108,112.31422062535091,111.0980935088402,111.64703369140625,1951500
2016-12-09,111.74837631575971,112.29731644972833,111.04741386242337,111.88349151611328,1244600
2016-12-12,111.97636449658413,112.31418463543322,111.4358651609462,112.20439147949219,1438100
2016-12-13,112.66893139294322,113.07430283594216,112.20443656944138,112.54224395751953,1628400
2016-12-14,112.49155982637319,112.63512859236735,110.14376398430545,111.37678527832031,1660100
2016-12-15,111.50345598218324,112.84625752965717,111.25009403879555,111.77371215820312,1586000
2016-12-16,112.11995978192412,112.28042277507255,111.2500936589314,112.07774353027344,2739900
2016-12-19,112.21286714133599,112.73648529819937,111.9595180663493,112.52535247802734,951000
2016-12-20,112.87157444838745,112.97292694150548,111.96793288768622,112.31419372558594,1255300
2016-12-21,112.51690078571347,112.75336851730971,112.18753409623837,112.5929183959961,984500
2016-12-22,112.8124844401938,112.90538339193503,111.95105896827725,112.58445739746094,1224000
2016-12-23,112.59292273952423,112.80405557134614,112.06086387964487,112.41556549072266,911200
2016-12-27,112.40709783531194,112.71112955561921,111.86659843104594,112.05238342285156,968400
2016-12-28,112.44289732433842,112.79945309689599,112.17124133500855,112.19670867919922,1005500
2016-12-29,112.29859295356775,112.60421407828787,111.92505458403315,112.26464080810547,953200
2016-12-30,112.62118071399149,112.90133445155523,111.88258887718236,112.1627426147461,1351400
2017-01-03,112.68911840711895,112.68911840711895,111.22892996957827,111.81470489501953,1401100
2017-01-04,112.15427936868807,112.3410485629519,111.22043339736886,111.65340423583984,1324400
2017-01-05,111.6194465589174,111.96751762173226,110.21869046266053,110.8978500366211,1731400
2017-01-06,111.10159783878036,112.04392874741723,110.93181117001271,111.49211883544922,1595500
2017-01-09,111.27984967976106,111.67035760820191,110.66012269095529,110.79594421386719,1536900
2017-01-10,110.75352478027344,111.4411691161689,110.63467283275929,110.75352478027344,1134900
2017-01-11,110.32905158645814,110.73654212700215,109.90457849517334,110.66862487792969,1545000
2017-01-12,110.26961506767718,110.54128405394442,109.49707096110623,110.1847152709961,1225700
2017-01-13,110.61766809211407,110.99969120721212,110.33751435333866,110.5752182006836,1059700
2017-01-17,110.12525768018584,111.59393038669252,109.79416931388928,111.20342254638672,1999500
2017-01-18,111.44114080402869,112.11180241878293,111.07608730190617,112.035400390625,1868100
2017-01-19,112.14579662935813,112.400470122675,111.13554859289847,111.44116973876953,1626900
2017-01-20,111.77225699144259,112.46838612192148,110.99122806154135,111.56002044677734,1801700
2017-01-23,111.67034990915722,111.7552496897764,111.20343997741513,111.57696533203125,1010600
2017-01-24,111.86561378786712,112.7570096447053,111.67034688850248,112.035400390625,1359800
2017-01-25,112.57026307766645,113.19847492928182,112.49384808029185,112.96926879882812,1294200
2017-01-26,112.90985021020113,113.24942352551726,112.37500993238116,112.96078491210938,1045800
2017-01-27,113.07111280312185,113.18147992152412,112.34950356630065,113.16449737548828,1105600
2017-01-30,113.13056108534069,113.13056108534069,111.38173406114186,111.81470489501953,1497300
2017-01-31,111.33930099150432,112.06091052111391,110.82144323533439,111.6279525756836,1521400
2017-02-01,109.40368215705817,110.09982419216657,107.94350027372228,109.07259368896484,3620600
2017-02-02,108.79246031756024,111.18649503880351,108.66512355744823,111.01670837402344,2037900
2017-02-03,112.06088824099217,112.28160956958168,111.1694922210245,111.44964599609375,1486600
2017-02-06,111.2968245545411,112.27310726222271,111.14400754020414,111.57696533203125,1056400
2017-02-07,112.05240027986228,112.05240027986228,110.66861399313093,110.99970245361328,1526400
2017-02-08,110.82994590536354,111.37327103807979,110.50734215491258,111.0676498413086,983400
2017-02-09,111.06764917873348,112.239199251683,110.94029945773428,111.95904541015625,919900
2017-02-10,112.23071542400612,113.08815960856012,111.84020732049567,112.70612335205078,867400
2017-02-13,112.8673789959538,113.72482282914764,112.2731193294115,113.59747314453125,1007500
2017-02-14,113.63993040334515,113.89461683519261,112.88436885966136,113.75029754638672,1006200
2017-02-15,113.79274606717402,114.22571693153132,113.35130335787626,114.1493148803711,936800
2017-02-16,114.01347593443842,115.23596052094682,113.84368928717689,115.22746276855469,1421100
2017-02-17,114.90487686555139,115.66892328736088,114.38701914955874,115.61798858642578,1431500
2017-02-21,115.49061826347398,116.19524505970371,114.71808718071358,116.0763931274414,1318700
2017-02-22,115.456687843554,117.07817825970257,115.02372992754161,116.9508285522461,1244000
2017-02-23,117.1545928012892,118.2582256141089,116.85745640610558,118.01202392578125,984900
2017-02-24,117.5620897980156,118.30068194923867,116.93387777413304,117.50267028808594,978200
2017-02-27,117.32435381177591,117.70637698352431,116.45842512296018,116.82347869873047,897800
2017-02-28,116.19528679382498,117.58755833777252,116.04248266341435,117.29891967773438,1463200
2017-03-01,118.09689885471069,119.32786817528343,117.19701801282842,119.17506408691406,1602500
2017-03-02,118.57229815076522,119.12412087841058,117.48564819815464,117.49413299560547,1161800
2017-03-03,117.4517016475256,117.77429236657885,116.84894419869343,117.70637512207031,1240900
2017-03-06,117.08661898453488,117.47713980495223,116.78099793713028,116.89136505126953,1204600
2017-03-07,116.56030955771821,116.95081753445584,116.25468842406298,116.65369415283203,1133600
2017-03-08,117.06968132365164,117.47718484568564,116.12735047902184,116.27168273925781,1133300
2017-03-09,116.48390751277697,117.0017651849736,116.27167097423556,116.65369415283203,1051500
2017-03-10,116.98479370447394,117.06119575664472,116.40750352899235,116.99327850341797,1074900
2017-03-13,116.89991075895392,117.32438393742063,116.41601807152642,116.76407623291016,1285400
2017-03-14,116.55180455508807,116.99326015488086,116.28863333629086,116.58576965332031,1016400
2017-03-15,117.09511329975486,117.62146861822902,116.54330359197148,117.3752670288086,1422000
2017-03-16,117.45170178158124,117.66393831320397,116.54332320836876,116.92534637451172,1214200
2017-03-17,116.98477738056354,117.23946380615234,116.4329546328062,117.23946380615234,2874900
2017-03-20,117.03571889903276,117.03571889903276,116.38202672448024,116.42447662353516,950800
2017-03-21,116.70459329765602,117.06114901932092,115.15102075433201,115.5245590209961,1656900
2017-03-22,115.52460652209916,116.36506796767209,115.2105005568358,116.00849914550781,1298200
2017-03-23,115.89813871191946,117.12062331107406,115.79625635939591,116.0169906616211,1546500
2017-03-24,116.01697935766235,116.24618548225321,115.06615089880091,115.50760650634766,942600
2017-03-27,114.60773686237948,116.04245801127924,114.43795021336156,116.0169906616211,1148200
2017-03-28,115.51608155117086,117.43469473338969,115.42269697858264,117.154541015625,1466700
2017-03-29,116.77914717081839,116.87300103158697,116.24163234912987,116.46346282958984,1034300
2017-03-30,116.18190074551204,117.14603467297218,116.13071009785656,116.93273162841797,726100
2017-03-31,116.9327479175292,116.94127535366478,116.22458014868097,116.25017547607422,1709100
2017-04-03,116.35254057928387,116.57438407777411,115.74676722337128,116.26722717285156,1128500
2017-04-04,116.19895656820373,117.26547168022707,116.19895656820373,117.18014526367188,955900
2017-04-05,117.45320830919837,117.83715124029203,116.61705088176556,116.70237731933594,1157400
2017-04-06,117.04363540255872,117.72620772002617,116.37813097324859,117.3934555053711,1437100
2017-04-07,116.83889805687986,117.76889636807215,116.83889805687986,117.29109954833984,1010600
2017-04-10,117.2910780280726,118.10162698561436,116.59997825354769,117.72621154785156,1004600
2017-04-11,117.23140003715291,117.80306390663,116.98397412416243,117.57269287109375,917100
2017-04-12,116.97537064399782,117.09481980347994,116.39517971295466,116.90711212158203,1904400
2017-04-13,116.63408567798479,117.02656895285968,116.25014285583548,116.65115356445312,1124800
2017-04-17,116.94123885874775,118.0333492166563,116.67674521223617,117.9053726196289,1017100
2017-04-18,117.56410672503777,118.06751183209094,117.29961301839148,117.31668090820312,1206800
2017-04-19,118.06747288260448,118.06747288260448,116.51462089665236,116.86444091796875,1463500
2017-04-20,116.63411877307695,116.9242078304378,115.86623291088964,116.70237731933594,1714100
2017-04-21,116.5061364192593,116.80475289813077,115.55052983750734,115.59319305419922,2472200
2017-04-24,117.19724201547378,117.44466785404944,116.05394065835524,116.70237731933594,2436500
2017-04-25,117.17158133441055,117.5640514827626,116.7620433042669,116.99240112304688,1870400
2017-04-26,118.07605998655325,119.78248473555696,117.57266781015419,118.53678894042969,2167500
2017-04-27,118.68181456356186,119.00602632571567,118.03336500128594,118.10162353515625,1032800
2017-04-28,118.09309991108312,118.28080763053727,116.94979872457846,117.1033706665039,1489400
2017-05-01,117.12894815972186,117.56408161458853,116.63408361276504,116.79619598388672,1411500
2017-05-02,117.06069390430915,117.18868352675013,116.5317065847057,116.9156494140625,1535000
2017-05-03,116.87298669026717,117.76886197512935,116.75353752021775,117.36785125732422,1241300
2017-05-04,117.72621816054136,118.0163202090069,117.27401672664995,117.99925231933594,1458000
2017-05-05,118.18696057642836,118.3149372020689,117.16310851434804,117.52998352050781,1474100
2017-05-08,117.6323743148392,117.70063286035158,116.94981489768817,117.08631896972656,772200
2017-05-09,116.89006111350649,117.17162267700687,116.03684898859038,116.30988311767578,1045200
2017-05-10,116.6596727334604,117.89682752562119,116.51462825621222,117.74325561523438,2057900
2017-05-11,117.23989185083514,117.4873176611661,116.69383656208417,117.06925201416016,1395100
2017-05-12,116.74505992095123,117.1545982475131,116.49762102230753,116.66827392578125,1009800
2017-05-15,116.59146607651144,117.40202824962256,116.4720168645247,117.20578002929688,1053500
2017-05-16,116.26720312028878,117.54702112287528,116.26720312028878,116.90711212158203,871900
2017-05-17,116.90713815887331,118.00777615787722,116.58291335993323,117.56410217285156,2081500
2017-05-18,117.4275958911552,119.36437815605296,117.37640524365794,118.22107696533203,1798200
2017-05-19,118.42584326690616,118.45143858864319,117.75179841054151,118.1528091430664,1615100
2017-05-22,118.34904895824161,119.37290081249328,118.34904895824161,119.24491119384766,1176300
2017-05-23,119.24491831656357,120.12372573736243,119.13400959655844,119.97015380859375,1103000
2017-05-24,119.94456029979003,120.3370305807857,119.68859406232383,120.19198608398438,1003100
2017-05-25,120.72097265641519,121.89839638388771,120.49912920042682,121.8045425415039,1001600
2017-05-26,121.72777585422149,121.89841568039101,121.36090087890626,121.36090087890625,979700
2017-05-30,120.83191542271904,121.30118476690483,120.69541135630794,121.06228637695312,844500
2017-05-31,121.12202316422962,122.23118873288549,121.01110139976946,122.17147064208984,1332400
2017-06-01,122.52980363603831,123.5877914428711,122.18852396621348,123.5877914428711,1297200
2017-06-02,123.44272938453356,123.9546618894745,123.1611808276989,123.83521270751953,1270000
2017-06-05,123.84372861906373,124.46658281321706,123.57923495641545,123.75841522216797,1091800
2017-06-06,123.37451207500285,123.85230891205995,122.98202866228459,123.01615142822266,1223600
2017-06-07,123.52804871510102,123.63897045589856,122.96492559579865,123.10997009277344,1414200
2017-06-08,123.10996183198563,124.0399728674533,123.07583907809804,123.68162536621094,1480600
2017-06-09,123.66458378856554,125.13210987861142,123.44274027466071,125.04678344726562,1225800
2017-06-12,125.05530787677937,125.05530787677937,123.88639840826069,124.29593658447266,1937400
2017-06-13,124.48365993521782,124.84202053078718,124.1509076841767,124.33861541748047,1307900
2017-06-14,124.24475628269485,125.27714877209077,123.98026258397776,125.15769958496094,1372800
2017-06-15,124.88468113536199,125.86588309922135,124.56899674803515,125.76348876953125,1225600
2017-06-16,126.23277580111812,126.23277580111812,124.89323906240328,125.9170913696289,2107000
2017-06-19,126.16445051295769,126.5484063166975,125.4136328282473,125.5160140991211,1222900
2017-06-20,125.51604223511085,125.69522251828703,125.27714387019891,125.36245727539062,1392500
2017-06-21,125.53315389058154,125.78057977658176,124.95296264566707,125.09800720214844,1205800
2017-06-22,125.09797365600117,125.09797365600117,124.18504333496094,124.18504333496094,1245500
2017-06-23,124.16796948537028,124.73109265766765,123.2891619675357,123.5877914428711,1967500
2017-06-26,123.5707436117039,124.15092174837768,123.13561000919857,124.05706787109375,1249600
2017-06-27,123.93763739601503,124.3130529618872,123.48543583321148,123.5280990600586,1179700
2017-06-28,124.23969973660442,124.98566131308507,124.23969973660442,124.8656234741211,1160100
2017-06-29,125.19144389246317,125.20002643515727,123.74242023989605,124.29973602294922,1345800
2017-06-30,124.94279424671902,125.07998409345376,124.03393440760321,124.65127563476562,1374800
2017-07-03,125.01141207201094,126.38327154124944,124.76275379385739,125.48299407958984,672700
2017-07-05,125.73160271262051,125.88594454437663,124.6512622228976,125.15713500976562,1001300
2017-07-06,125.22572250958181,125.59440544264176,124.62553338416929,124.70269775390625,1212500
2017-07-07,125.139989249933,125.86021627899483,124.86562265544697,125.62872314453125,1043600
2017-07-10,125.16574876055353,125.32009064692669,124.55698992585462,124.56555938720703,1073300
2017-07-11,124.73703565833925,124.85707352864156,123.60525189308129,123.85389709472656,1127200
2017-07-12,124.13683266698938,124.42835130809986,123.72527616876604,123.8453140258789,1165300
2017-07-13,123.99109170472586,124.61700254640574,123.79388942808781,124.1968765258789,987600
2017-07-14,123.87100823398494,124.83131087959241,123.34798345382895,124.47976684570312,755600
2017-07-17,124.47978153547449,124.89135107485441,124.09394654005668,124.7884521484375,1081400
2017-07-18,124.76273261110856,125.01139084704386,124.06822699202041,124.92564392089844,995800
2017-07-19,125.21713566162205,125.6629960322247,124.80557928737258,125.65442657470703,1028800
2017-07-20,125.88597904699824,126.04030783791006,125.09714383851762,125.71448516845703,1381400
2017-07-21,125.42294199384597,126.43470073027574,125.42294199384597,126.040283203125,1454700
2017-07-24,126.1945755514655,126.1945755514655,125.68870287078776,125.94593048095703,1117000
2017-07-25,126.54616310950111,127.22352981906256,125.95454332724808,126.34896087646484,2189400
2017-07-26,126.52045069723144,126.88056426802405,123.20225108674268,123.3823013305664,2864600
2017-07-27,123.12509042496478,124.31689957027734,122.31053378204079,122.5934829711914,2491400
2017-07-28,122.92788456816467,124.68559222732229,122.92788456816467,124.62557983398438,2213100
2017-07-31,124.92566331446369,125.81738438548904,124.63414465334414,125.57730865478516,1378300
2017-08-01,125.91165317002755,126.97484155161187,125.5258051715327,126.95770263671875,1319700
2017-08-02,127.08634181644169,127.95232822901333,126.7605191877054,127.68653106689453,1824200
2017-08-03,127.74653496177707,128.68968560089792,127.47215530324884,128.5010528564453,1760100
2017-08-04,128.56110841456717,128.8526270576537,127.89232419424143,128.44107055664062,843700
2017-08-07,128.19241584850388,128.58683344012832,127.94377066560602,128.02093505859375,886500
2017-08-08,127.87515023555099,128.18382082910063,127.21493558873644,127.3606948852539,964500
2017-08-09,127.29210920154915,128.0466271205286,126.90626115891868,128.00375366210938,872900
2017-08-10,127.4378917768689,127.78085334059739,127.09491712999537,127.1806640625,1101500
2017-08-11,127.52365260624276,127.60083009508328,125.44013515365224,125.56017303466797,2126600
2017-08-14,125.89453413962585,126.86341949359371,125.82593921266715,126.38325500488281,1300700
2017-08-15,126.7347965380154,127.54077055956041,126.66620161244303,126.87198638916016,847500
2017-08-16,127.2492709804551,127.703700982624,126.7948409782862,126.91487884521484,904900
2017-08-17,126.72621823090238,126.91485099227062,125.08854884045226,125.1399917602539,910400
2017-08-18,124.5397864734782,125.47436761755925,124.5397864734782,124.70269775390625,1054100
2017-08-21,124.8227832304946,125.00283349528227,124.11969492721816,124.60842895507812,1289300
2017-08-22,124.68554103534346,124.8055788558821,124.19682029570086,124.59122467041016,1054600
2017-08-23,124.15397953358564,124.55696655503672,123.41660041807351,123.673828125,1024500
2017-08-24,123.77669547974848,123.93102423095773,122.26764655208423,122.40482330322266,1523800
2017-08-25,122.43917530408861,123.59668064137128,122.31055487784755,123.15083312988281,1312600
2017-08-28,122.85926238063698,122.85926238063698,120.54423935716177,121.56456756591797,1541100
2017-08-29,120.54424512567412,122.05330732168686,120.54424512567412,121.65888977050781,1242600
2017-08-30,122.20765433442779,122.20765433442779,120.99869312187519,121.03299713134766,1223700
2017-08-31,121.41024700770546,121.53028485901544,120.50137403847906,121.25590515136719,1858500
2017-09-01,121.2987686130208,121.99327420140837,120.30416187953425,120.45850372314453,1397100
2017-09-05,119.43820902828645,120.02982894229382,117.07172937225695,117.33753967285156,2436300
2017-09-06,117.55188048194348,119.3095749334416,116.84879223482773,118.07490539550781,2861600
2017-09-07,117.85196182795022,118.03202515116446,114.73954707273303,115.64840698242188,2786300
2017-09-08,115.26256040267485,122.39627608375315,114.92816829782087,120.7671890258789,4374300
2017-09-11,122.36197646029515,125.90309950269855,122.36197646029515,125.07998657226562,4895200
2017-09-12,125.08851800762899,126.0574030355525,124.5312024029584,126.04882049560547,2330200
2017-09-13,125.5429632744282,125.90307675181255,123.63949697743826,123.9395980834961,1809300
2017-09-14,123.97388715951006,123.97388715951006,121.41021940023987,122.43053436279297,1712000
2017-09-15,122.4305409282856,123.1765024518679,122.1476048932611,123.04788208007812,2307700
2017-09-18,123.22799546348912,123.5195141583634,122.32770482753259,123.0993881225586,974600
2017-09-19,123.05646140780378,123.95675165425206,122.52485410127838,123.01358795166016,1590300
2017-09-20,123.38229700062537,123.72527163920958,122.35339925116216,123.36515808105469,1080700
2017-09-21,123.30512811556675,124.04250720769599,122.55917956396473,122.5677490234375,944900
2017-09-22,122.39626119261474,122.68777979560593,121.44452792026061,122.25907135009766,1009600
2017-09-25,122.25906496105911,122.94500105465526,121.5988634093406,122.7906723022461,1119200
2017-09-26,122.49058680735432,122.49058680735432,120.78432235568063,121.41881561279297,1635000
2017-09-27,122.21618909656799,122.21618909656799,121.41022826683452,121.676025390625,1414800
2017-09-28,121.91730384121864,122.94276251807722,121.86560225228948,122.52913665771484,1796100
2017-09-29,122.13273204517763,122.97723513416831,122.05517966422806,122.83935546875,1413200
2017-10-02,122.83941766463873,125.43321608258222,122.69292537680823,125.3729019165039,2225600
2017-10-03,125.2866645791529,125.2866645791529,123.99407225741369,124.69207000732422,1536200
2017-10-04,124.43355068868904,125.01953272034844,124.33876005778514,124.73516082763672,924600
2017-10-05,124.8127112194473,126.06221449855424,124.36462201590088,125.56242370605469,1362300
2017-10-06,125.80372281674775,126.34660271986401,124.97645783976807,125.94158935546875,1139400
2017-10-09,125.88987105771898,126.32073516276881,124.95059046445328,125.85540771484375,976300
2017-10-10,125.84678883684595,126.95842565151243,125.52795358948921,126.91533660888672,723600
2017-10-11,126.6223525641706,127.07906748982518,126.20010098336951,126.99288940429688,871400
2017-10-12,127.20833310484862,127.57025742909892,126.00191869068092,126.31214141845703,1118000
2017-10-13,126.3293955087514,128.56126902930617,125.77788982898242,128.25965881347656,1855200
2017-10-16,128.10457680700839,129.88834817121779,128.0011604337526,129.53504943847656,1503100
2017-10-17,129.3109935575623,129.64706719066092,128.4492649445982,129.32823181152344,1250700
2017-10-18,129.01795750918126,130.27607341874076,128.31995971499782,130.21575927734375,941400
2017-10-19,130.07786842918196,132.74923109374055,129.3626324493301,132.68890380859375,1561800
2017-10-20,133.63684502983006,133.81780063473414,132.07711869254467,132.7061767578125,1737300
2017-10-23,132.86128950469956,133.77473273014544,132.12021564173722,133.7316436767578,854800
2017-10-24,134.08489599418473,134.4295819704355,133.04219922029637,133.05081176757812,1513000
2017-10-25,133.1714724383308,133.80054350193228,132.18049025156205,132.84402465820312,1703700
2017-10-26,133.45589650460852,133.90399903289355,132.74066022930512,133.3524932861328,1218500
2017-10-27,132.9216056611456,132.9216056611456,130.5518525618383,131.62901306152344,2419300
2017-10-30,131.54282950687337,132.97330174687696,130.44844395180857,131.74964904785156,1338100
2017-10-31,131.56007097067567,132.23221805911527,129.92279229861643,129.96588134765625,2128600
2017-11-01,129.71594509588428,131.1981186541044,129.69870685015738,130.38809204101562,1511400
2017-11-02,130.6380055750523,131.08609478964405,127.34619740865104,128.62155151367188,2708700
2017-11-03,128.09587271406377,128.98345157680043,127.32893525551674,127.76842498779297,1822300
2017-11-06,127.32030604815662,128.75077761702855,126.9066803091916,128.56980895996094,1472300
2017-11-07,129.1041217901619,129.95722427008124,128.50952724420088,129.08688354492188,1345200
2017-11-08,130.68970714947932,130.68970714947932,128.9317741883786,129.3454132080078,1466300
2017-11-09,129.02655092819228,130.7413946631667,128.61292510202628,130.67245483398438,1206000
2017-11-10,130.25025121107063,130.88793500382158,129.3023577963105,130.422607421875,1016000
2017-11-13,130.2416278996329,130.83622259055775,129.27649631374425,130.41397094726562,1065400
2017-11-14,129.84517984594115,130.15540247845962,128.75079465946575,129.8538055419922,1216300
2017-11-15,129.47461353857125,130.76720535426415,128.42330447656045,130.2587890625,1597500
2017-11-16,130.5346101133884,130.5346101133884,128.22518438783536,128.27688598632812,1244800
2017-11-17,127.69946614080472,128.53534329850092,127.51849748701561,128.07862854003906,966700
2017-11-20,128.0270003146811,128.75084904668503,127.3979290878594,128.3975372314453,982800
2017-11-21,128.8284175270491,129.2592817997148,128.37170244993817,128.5526580810547,960600
2017-11-22,128.19067443637365,128.49228454744724,127.50991498565372,127.7511978149414,982200
2017-11-24,128.48369410197782,128.48369410197782,127.57887676203396,128.33718872070312,465200
2017-11-27,128.33717961849092,129.0007140405798,127.6736583453314,128.62155151367188,798200
2017-11-28,129.05242805905834,131.08610741374625,128.3975192715567,130.61216735839844,1119600
2017-11-29,131.19813668632162,132.13741739913715,130.6207802899415,131.53421020507812,1408500
2017-11-30,131.8444217444615,132.24943507232288,129.78489176081564,131.07748413085938,2256800
2017-12-01,130.9051251138587,131.66343693700838,127.70810792378424,130.67245483398438,1556400
2017-12-04,132.17190390960488,132.17190390960488,129.95725564848928,129.96588134765625,1311600
2017-12-05,130.51736137161953,130.51736137161953,128.3975041748813,129.41433715820312,1476200
2017-12-06,129.2420040056468,130.3881041981615,128.89731795254423,130.00894165039062,1395800
2017-12-07,129.80206956804022,130.10366642459425,128.31127092818397,128.776611328125,1383400
2017-12-08,128.75084723878612,129.35405450698596,127.75985165987788,129.30235290527344,1311800
2017-12-11,129.29369303560193,129.50051253672547,128.50953036864902,129.46604919433594,1306400
2017-12-12,129.302334147408,129.92277957581484,128.9145590418863,129.6901092529297,1216900
2017-12-13,129.87970242208058,129.87970242208058,127.87187371978942,127.91496276855469,1236900
2017-12-14,127.9149647797354,128.09592037889047,125.14881085226483,125.9157485961914,2639900
2017-12-15,126.71716513527298,128.74221900645708,126.38109158182094,128.15625,2533000
2017-12-18,128.59570172718236,129.34541423815037,126.7343787197443,127.4151382446289,1394800
2017-12-19,127.86320416250625,128.50087446377682,126.76019338033076,127.20828247070312,1502500
2017-12-20,127.3893144170185,127.61335907350083,125.57967946819302,125.7864990234375,1657000
2017-12-21,126.46726863400342,126.63099915115959,124.75243735184482,124.95924377441406,1621900
2017-12-22,125.65725883299785,125.65725883299785,124.3474278036576,125.12297821044922,1322800
2017-12-26,124.85578816580043,126.0449771922483,124.60589279375662,125.21771240234375,744200
2017-12-27,125.45902776446997,126.1398005267791,125.07125263538474,125.95883178710938,1134100
2017-12-28,126.12338255106913,126.96334025900211,126.02812920646493,126.56501770019531,1270900
2017-12-29,127.01527014323734,127.5088591661745,126.42644100686911,126.53901672363281,1311100
2018-01-02,126.79013450073269,127.35299988288311,122.44313938490725,123.22248840332031,1986500
2018-01-03,122.88477301579182,124.81580332889997,122.75487490769255,124.19232940673828,2675400
2018-01-04,124.35685851020631,125.84626696039291,124.12305248719349,124.69457244873047,1935500
2018-01-05,125.00632225797814,125.5258883151665,123.63814397295495,124.91972351074219,1629100
2018-01-08,124.3135975313336,124.46947266585,122.97139595132928,124.2876205444336,1556100
2018-01-09,124.46941716834489,126.61693081096439,123.70739065740129,126.29653930664062,2208600
2018-01-10,126.01943638049528,126.27921935178688,125.51719282616108,125.81160736083984,1541600
2018-01-11,125.75966910067639,126.32253447755733,124.56468842461041,125.1275405883789,1428600
2018-01-12,125.3007273517209,126.27058303735394,124.4088158179325,126.11470794677734,1357400
2018-01-16,126.3917762345101,126.57361503815872,125.28336817451364,126.1406478881836,1867800
2018-01-17,126.87673550973905,128.00245308106136,126.23593917822012,127.75997924804688,1729100
2018-01-18,127.76864700942363,128.4267525185029,126.7987913170124,127.88987731933594,1327400
2018-01-19,128.16693703594126,128.4180653941358,127.24904874871304,128.3314666748047,1475000
2018-01-22,128.62594034070142,129.73434896288944,128.49605541507398,129.70835876464844,1436600
2018-01-23,129.7169721906407,133.51842357343673,129.67367282921094,132.73907470703125,3036100
2018-01-24,132.62653593171285,134.54891164747465,132.1156377295983,134.20252990722656,2113600
2018-01-25,134.14191184254688,134.47095795604395,132.73908901702902,134.05531311035156,1641700
2018-01-26,134.18523102438377,135.00786624927582,133.5704116464713,134.91261291503906,1311400
2018-01-29,134.65280318379217,134.9212407416364,133.2932797932768,133.4578094482422,1334700
2018-01-30,133.30195883799416,134.69611390936308,132.42735653795484,132.53993225097656,2203700
2018-01-31,133.65699618547526,136.38468459207192,133.224028932802,135.21566772460938,3363800
2018-02-01,134.94723500856617,135.86512350323676,133.85616224920324,134.635498046875,2088100
2018-02-02,134.26312170638042,135.4667699072893,132.57455239044486,132.70443725585938,1469100
2018-02-05,132.47931338914515,133.0594878724896,126.9200159262828,127.59544372558594,2327600
2018-02-06,125.56050604410362,127.37030602904066,122.48643583971175,126.3225326538086,3348700
2018-02-07,126.08007540616411,129.57844516443106,125.46525606364558,127.74266815185547,3102300
2018-02-08,127.85518199930225,128.1755866448675,121.4992280104849,121.5685043334961,2266000
2018-02-09,122.66827112548376,126.07138699878121,121.30874776576655,125.14484405517578,3508400
2018-02-12,125.54318512871288,126.66890266633398,123.37834879217708,125.22279357910156,2205800
2018-02-13,124.48671930144558,126.01077223712333,124.14035084139688,125.66439056396484,1387800
2018-02-14,125.1275360913526,127.60410930652945,124.52138457989923,127.54348754882812,1989100
2018-02-15,127.91582599235949,128.66053007791317,126.66887838742215,127.35297393798828,1783100
2018-02-16,127.0325678187291,128.24488384915725,126.46971577064049,127.29235076904297,1514300
2018-02-20,127.19711541665805,127.86388866686228,125.16216410056597,125.94151306152344,1270500
2018-02-21,126.01946510882664,127.06725182042334,124.4088261753785,124.4521255493164,1581300
2018-02-22,124.69457978660094,125.81162958341946,123.5861845788802,123.88926696777344,1996700
2018-02-23,124.07108809800026,124.70321655273438,123.12722270982951,124.70321655273438,1386400
2018-02-26,124.85908375404892,126.98927498730492,124.72053107834323,126.54765319824219,1803200
2018-02-27,126.52169303181245,126.92868331257331,124.85910034179688,124.85910034179688,1739400
2018-02-28,125.28340727421839,126.1406872554369,122.81550167701663,122.8934326171875,1315300
2018-03-01,122.98865181973672,124.13169147750729,120.52073369425617,121.06627655029297,1377000
2018-03-02,120.39951605568935,121.24814130152308,119.05732827392198,121.10958862304688,1784600
2018-03-05,120.80654208418335,123.37836913304304,120.46017349847827,122.58171081542969,1357000
2018-03-06,122.74617675555102,123.15316689954926,121.5771602631122,122.90203857421875,1176300
2018-03-07,121.92355632607772,122.21797082717846,120.85846079967835,121.78500366210938,1462700
2018-03-08,121.8888952040779,123.24841826232894,121.42129654229227,122.88472747802734,1247700
2018-03-09,123.59483189482367,124.69457244873047,122.25263072931557,124.69457244873047,1569000
2018-03-12,124.85909602790005,125.62977719424543,123.1099046612208,123.90656280517578,1149000
2018-03-13,124.82443604195024,124.96298871439636,122.76352119503213,122.91072845458984,1307400
2018-03-14,123.56886946441597,123.56886946441597,121.39537829269501,121.88895416259766,1354000
2018-03-15,122.1313592561746,123.31769814853139,121.81962240160675,122.148681640625,1378700
2018-03-16,122.24395163906105,123.43027748041152,121.42997122907092,122.07942199707031,2699500
2018-03-19,121.93223769337376,122.52973462649845,120.77188860728035,121.49061584472656,1414900
2018-03-20,121.96688817836407,122.9886846178511,120.9104469571006,122.3738784790039,1197200
2018-03-21,122.6856193143165,122.74624108430748,121.42136207885937,121.45599365234375,1068000
2018-03-22,120.91043977217268,121.77637428154729,118.96208712607981,119.18722534179688,1543100
2018-03-23,119.25648128763711,119.62882672067954,116.36426369222693,116.52879333496094,1940000
2018-03-26,117.84501134263186,119.1179359894761,117.08299804249947,118.65033721923828,1435100
2018-03-27,118.98811057114753,120.06186132569786,117.80177084510275,118.373291015625,1621800
2018-03-28,118.85198995391607,120.98461658739507,117.96413489336989,120.34917449951172,1599300
2018-03-29,120.5841817331901,120.78438274995047,119.02607245997696,119.05218505859375,1664600
2018-04-02,118.93903343972491,119.25239793638906,114.15152841308156,116.0317153930664,3329800
2018-04-03,116.17101993003728,117.74654257258833,115.85765535656141,117.5811538696289,1589000
2018-04-04,116.01431936888233,118.75624915027376,115.16997638840851,118.53863525390625,1565400
2018-04-05,118.91288848882118,119.3829284648971,117.86834487813594,118.18170928955078,1573300
2018-04-06,117.49407534549559,118.98256003981999,116.13616694062218,116.75419616699219,1721800
2018-04-09,117.11109094045321,118.68662673826682,116.23193556330178,116.78032684326172,1115300
2018-04-10,117.9554190206674,118.52992283348661,117.08496352806743,117.66816711425781,1566200
2018-04-11,116.76289822552205,117.51149047389889,116.24061962168828,116.6932601928711,1484700
2018-04-12,117.33739726401429,118.20785271362551,116.7628934795678,117.31998443603516,1126400
2018-04-13,118.19913875670328,118.30360244168489,116.11005100641493,116.64102935791016,1194200
2018-04-16,117.5114884787091,119.06959792626735,116.99792293898678,118.19914245605469,1272700
2018-04-17,118.80847059403506,119.84430143514624,118.38194263680369,118.68660736083984,1536800
2018-04-18,118.77363387219125,119.06958551350807,117.67686487561393,118.82585906982422,1944400
2018-04-19,119.04349904766693,120.08805635801234,118.53863322289277,119.7920913696289,1892800
2018-04-20,120.31434503545644,120.36657023370692,118.80846093015502,119.84429168701172,1957900
2018-04-23,120.11414865685894,120.44491268592681,119.09571740532957,120.37527465820312,1357800
2018-04-24,118.65179763269691,120.38400901331381,117.51150295141517,118.46900939941406,2451900
2018-04-25,119.7137406870305,121.00201107397967,118.97384821875556,119.47871398925781,2880600
2018-04-26,119.34813167185592,119.91392232752064,118.50378893321547,118.7301025390625,1809300
2018-04-27,118.62566403217663,119.82689676667638,117.94670986452782,119.52223205566406,1505000
2018-04-30,119.76596901041606,120.40141108827706,118.09469604492188,118.09469604492188,1255600
2018-05-01,118.1033700592669,118.56472359299129,116.9891883252809,118.32098388671875,1047800
2018-05-02,117.88575908935202,118.2861743856908,114.81305283381728,115.5268325805664,1977600
2018-05-03,114.72603406334079,115.15254874481266,112.13208047130637,113.32460021972656,2858000
2018-05-04,113.80337509115905,116.10137744818283,112.45416619349798,115.55298614501953,1919400
2018-05-07,115.60518027148215,115.83150717743789,114.78695006523236,115.51814270019531,1473500
2018-05-08,114.90013005120034,116.2058133472367,114.90013005120034,115.63130950927734,1555600
2018-05-09,116.10135130711105,117.38962164453535,115.64001098461256,117.24164581298828,1834500
2018-05-10,117.0501639226239,118.29490903743674,116.37120962688995,117.9815444946289,1246600
2018-05-11,118.29485771271973,118.8780743915948,117.729067139121,118.5298843383789,1566500
2018-05-14,118.6343564627947,119.09571002814828,117.35479928918113,117.55500030517578,1295500
2018-05-15,117.12849118399646,118.49511270874412,116.6410382240167,117.05885314941406,1824600
2018-05-16,117.03274333583833,117.67688520950396,116.48436538384061,117.13720703125,1077900
2018-05-17,116.78031148447843,117.55501633769165,116.58009715908305,117.0327377319336,1211800
2018-05-18,116.81514263516263,116.90219351081258,116.04043765743386,116.24063873291016,1976600
2018-05-21,116.68456415569887,117.1720171177666,116.04042229462534,116.5452880859375,1490200
2018-05-22,116.51913751034142,118.39061094025776,116.32763629735271,117.70295715332031,1509600
2018-05-23,117.26775697484963,117.79873532016622,115.68352171167379,116.47563934326172,1316200
2018-05-24,116.4060365372737,116.5105002526487,114.99590255966004,116.15361022949219,1149100
2018-05-25,115.74446513016456,116.70197146183713,115.65741427015926,116.18839263916016,1094200
2018-05-29,114.8827051718065,114.90011799958118,112.45414034002847,113.08956909179688,1844100
2018-05-30,113.65537601903027,115.57037537851033,113.55091233179212,115.16996002197266,1257000
2018-05-31,115.56167806354505,115.56167806354505,113.21145065306371,113.75984191894531,1972200
2018-06-01,114.69119255152974,114.98715746599791,113.5683109900679,113.83815002441406,1339400
2018-06-04,113.63798435386221,114.90014235206743,113.63798435386221,114.7086410522461,994400
2018-06-05,114.4996875853005,114.54321300796133,112.98510382061961,113.98612213134766,1310900
2018-06-06,114.11671383710504,114.89141864973118,112.41061532549567,114.3343276977539,1408800
2018-06-07,114.43879272810456,115.34406065999252,113.11569656725507,115.10033416748047,2225500
2018-06-08,115.49199779310612,116.41469152783517,115.13512123005735,116.22319030761719,1848200
2018-06-11,116.22320171795116,116.40598990295443,115.57036020732187,115.77056121826172,1651800
2018-06-12,115.9881899925551,116.64103158725993,114.69991963132456,115.17867279052734,1259800
2018-06-13,115.43108196288284,116.31023706554514,114.94362910270992,115.5268325805664,1803300
2018-06-14,115.55297105674087,115.55297105674087,112.83715406635639,113.24626922607422,2356500
2018-06-15,113.12440680842977,114.2647014304721,112.83715488895311,113.92522430419922,3670300
2018-06-18,112.57601754697197,112.79363143383719,111.37478464120467,112.67176818847656,1923100
2018-06-19,112.00149538581441,113.06345204265571,111.99279561331734,112.85453796386719,2130000
2018-06-20,113.15051746049365,113.19402961067522,110.1822609591879,110.29541778564453,2091200
2018-06-21,109.60377781566841,110.68939525877143,109.14851436307217,109.38490295410156,2327600
2018-06-22,109.75261929153787,110.91703524487298,109.44619579843157,109.77012634277344,2458700
2018-06-25,109.78762517864504,110.51429127766112,108.5269039157285,109.53372955322266,2345700
2018-06-26,109.64752651028944,109.94519973491737,108.70199237680676,109.06094360351562,1547700
2018-06-27,109.27108169667937,110.42674067684253,108.57068616055264,109.6125259399414,2193100
2018-06-28,109.40240174568382,111.38103221515789,109.40240174568382,110.89075469970703,2216500
2018-06-29,111.08336323360106,112.64175780118511,110.68063430474129,111.2059326171875,3039400
2018-07-02,110.86447406764218,111.5298554065903,110.57556437478947,111.02206420898438,1195100
2018-07-03,111.24096454593305,112.56297734326874,111.24096454593305,111.69622802734375,1171200
2018-07-05,112.1952434829064,112.5366877167246,111.24970920131084,112.28279876708984,1642500
2018-07-06,112.2127456249606,113.93748034461188,111.88005828981866,113.10575866699219,1393300
2018-07-09,112.72055695621286,115.68849963025086,112.72055695621286,115.64472198486328,1882400
2018-07-10,116.25757112369884,117.01926476235657,115.88111275624044,116.88793182373047,2781900
2018-07-11,116.54647544566745,116.95796123095381,115.32953181828418,115.43460083007812,2476800
2018-07-12,115.78476778937898,116.09994803190139,115.17192102865688,116.02115631103516,1707600
2018-07-13,115.72352118320588,116.00368744447844,115.13693810261188,115.68850708007812,1134200
2018-07-16,115.70599599197146,116.88791208565203,115.70599599197146,116.76534271240234,1388400
2018-07-17,117.09806232662548,117.27315956109575,116.27509062964627,116.77413177490234,1332200
2018-07-18,116.88791447739564,118.27996860950219,116.57273417415304,118.19241333007812,1439100
2018-07-19,117.31692897928434,118.19242844927899,116.33637384779007,116.53773498535156,2104100
2018-07-20,116.21381315483437,116.80914642664116,115.73228573848314,116.6427993774414,1371700
2018-07-23,116.58151576066976,117.2994183986277,116.17878011567232,117.264404296875,1703400
2018-07-24,117.2206297564889,118.45508728120971,117.04553252496156,117.80721282958984,1506200
2018-07-25,115.56589609891638,118.84901814718106,115.56589609891638,118.73519897460938,2341200
2018-07-26,119.37434909116125,120.73136248025064,118.85779428986258,120.1710433959961,2133600
2018-07-27,120.29361096284143,121.55433222315362,120.23233295219153,120.72261047363281,1817600
2018-07-30,120.5300104702857,122.5961897545077,120.49499636946169,122.43860626220703,2249100
2018-07-31,122.60491325982483,122.78002380302422,121.37046942824573,122.32476043701172,2368700
2018-08-01,122.28097788389806,122.92008859188682,121.12532582779589,121.2128677368164,1325200
2018-08-02,120.62629251219624,121.00276415799102,119.68075166489812,120.50372314453125,1213500
2018-08-03,120.48621456390714,121.53682445626004,119.67200659229933,121.52806091308594,1115100
2018-08-06,121.54558189088762,121.84324847724966,121.02904045707221,121.4317626953125,893100
2018-08-07,121.53687007569759,122.0096340174628,120.73139862680695,121.38802337646484,1081600
2018-08-08,121.29169001526971,121.37924530540315,120.3461623489492,120.36366271972656,1052300
2018-08-09,120.31111719072494,120.59128339068835,119.96967298393184,120.0134506225586,1142600
2018-08-10,119.28679133625513,119.41811090052407,118.49884723252056,118.97161102294922,1527100
2018-08-13,118.849042140169,119.01538916164544,117.93852865295655,118.1749038696289,1363700
2018-08-14,116.27508247254082,117.15934548703493,116.00367977429235,116.53773498535156,2080500
2018-08-15,116.10871942990926,116.70406593414769,115.39956709442191,116.16124725341797,2140800
2018-08-16,116.53773606814309,118.33251267012037,116.53773606814309,117.67588806152344,1371700
2018-08-17,117.33443597046167,117.9297691635172,116.9317003594069,117.35193634033203,1124700
2018-08-20,117.64964842999831,118.33253709516939,117.36073193949292,118.0611343383789,954200
2018-08-21,117.9735730297426,118.62144755360309,117.71092047363354,118.21871185302734,1327800
2018-08-22,117.81596577386199,118.3325072360628,116.3101056719068,116.55524444580078,1265300
2018-08-23,116.66903242788278,116.9229347070857,116.37136587073245,116.7303237915039,929300
2018-08-24,116.81791169621414,118.39381373545127,116.81791169621414,118.2975082397461,1174000
2018-08-27,118.62141977669151,119.87337751965582,118.46382293630407,119.51441955566406,973000
2018-08-28,119.57569807627698,120.16228101438944,119.26051778843424,119.38308715820312,1039200
2018-08-29,119.3743715763803,119.99596878929282,118.72649708605967,119.40938568115234,850700
2018-08-30,119.40935445971587,119.61947911059758,117.83345297575244,118.32373046875,1007600
2018-08-31,117.85973100362459,118.54261950195695,117.2994118932221,118.40254974365234,1478500
2018-09-04,118.35001352154454,119.2517902780149,118.10487473539828,119.24302673339844,1066700
2018-09-05,119.28678199883025,120.65255879656002,118.97160171019573,120.18854522705078,1055500
2018-09-06,120.16231237321838,120.61757587648148,119.76834025036467,120.24110412597656,1140100
2018-09-07,119.83837071213166,120.52125922421504,119.22551040108004,119.60198211669922,1036100
2018-09-10,119.636986866013,119.636986866013,118.12237665468263,118.59515380859375,1164300
2018-09-11,117.70213845350335,119.16422081090265,117.43948596843023,118.68269348144531,1154800
2018-09-12,118.71775480714314,119.08546304752652,117.66714456711735,117.89478302001953,1270300
2018-09-13,118.77026605664027,119.54069653689197,118.38504413698328,119.3043212890625,1060800
2018-09-14,119.5056600649838,120.99400627310206,119.34807659592812,120.91521453857422,1195600
2018-09-17,121.21292078882414,121.54561492226595,120.75765724186125,121.11661529541016,1248600
2018-09-18,121.42298905862866,121.72065558749838,120.36362912357613,121.37921142578125,1072200
2018-09-19,121.68567485710325,123.63803491400961,121.68567485710325,122.67498016357422,1665000
2018-09-20,123.11498218988999,123.6254326539114,122.32291175583377,123.2117919921875,1443800
2018-09-21,123.4582645907298,123.62548281063386,122.41096178524653,123.08863067626953,2027500
2018-09-24,123.09741284102168,123.31743396266732,120.51877174126594,120.64198303222656,1391200
2018-09-25,120.65079281044737,120.95882778751144,118.92583454015877,119.1810531616211,1286700
2018-09-26,119.62107717119433,119.65628806954689,117.50887985682337,117.75530242919922,1682800
2018-09-27,117.74649543851554,118.23935402253873,117.23605826299658,117.37686157226562,1239600
2018-09-28,117.02480135305366,117.85208267942117,116.39993563983364,117.61445617675781,1193600
2018-10-01,118.13371579290624,118.362546313158,116.88399765645386,117.2008285522461,1377000
2018-10-02,117.29767017664504,117.64969863231894,116.70801512742763,117.55290222167969,1161500
2018-10-03,117.9401075543216,118.6441777717358,117.15683296256671,117.42965698242188,848400
2018-10-04,117.39446263987621,118.45056127960164,117.11284260282675,118.34495544433594,990400
2018-10-05,118.34493950239866,119.31303762533364,118.08091152077813,118.33614349365234,796200
2018-10-08,118.23050807308884,120.51873236214283,117.82567686179138,119.83226776123047,1197100
2018-10-09,119.47144104570799,120.48353259640234,118.16011063366872,120.21070861816406,1414800
2018-10-10,118.76737936332064,119.76187896787322,116.50556958563924,116.5583724975586,2117700
2018-10-11,116.22395306376622,116.22395306376622,110.74982658113608,111.61231231689453,3161100
2018-10-12,111.80593958204095,112.53641135397984,108.45281966883265,111.11067199707031,2764800
2018-10-15,111.04025372349258,112.22836639106993,109.67612685127843,109.6937255859375,1625900
2018-10-16,110.0985742713069,110.30979268019162,109.35930648295431,109.91375732421875,2430800
2018-10-17,109.86095664630433,112.68602054847928,109.66733696982213,111.88514709472656,1716000
2018-10-18,113.24925356741797,114.10293650537781,111.55069713002747,112.20195770263672,4130300
2018-10-19,111.33069033412562,113.95333840953802,111.33069033412562,112.8972396850586,2094800
2018-10-22,112.78283038672036,113.46049925440803,111.56831611766702,111.88514709472656,2138300
2018-10-23,110.98744384970615,112.52759154455156,110.21297199752217,111.55069732666016,2583000
2018-10-24,106.12057996475417,111.67391045343969,106.0501716003418,110.01055145263672,3877500
2018-10-25,110.83783142922088,111.1018527203822,107.77513476436745,108.84883880615234,3406600
2018-10-26,108.41761314940973,109.71133845598366,106.74545123420882,108.63763427734375,2558700
2018-10-29,109.43849637395392,110.45939752495755,107.44070769329856,108.26798248291016,1939800
2018-10-30,108.99844207990819,110.47698401138987,108.15356193542016,110.33617401123047,1967300
2018-10-31,110.62663454031299,111.33070492525013,109.79935955970159,109.9313735961914,2566600
2018-11-01,110.26580786009924,111.26910383536512,109.42972340436897,110.46822357177734,1745000
2018-11-02,111.43630340665213,111.84993748739898,109.79054295080651,111.09307098388672,1365800
2018-11-05,112.10516535470283,113.65411601227127,111.84994003448612,113.1700668334961,1611700
2018-11-06,113.00282350187298,114.82460452543641,112.48357696599577,114.75419616699219,1410400
2018-11-07,115.27346478074426,116.09195035402608,114.12935223768548,115.89833068847656,1406100
2018-11-08,115.66068968951329,116.51437262779767,115.21185148208401,115.95991516113281,1021200
2018-11-09,115.9863218810135,116.48797645533183,115.00942762015079,115.440673828125,1388700
2018-11-12,115.04465519804593,115.13266902599281,111.87635211281648,111.93795776367188,2099800
2018-11-13,112.06994701343099,113.90052422167594,111.7707215330795,112.27236938476562,1275400
2018-11-14,112.58040594942048,113.30208167458834,110.70582840960341,111.52430725097656,1378600
2018-11-15,110.9434368104561,115.09743623387315,110.3097749710181,114.49898529052734,1918000
2018-11-16,114.17335007732572,116.99842702454653,113.4516878231809,116.6463851928711,2100500
2018-11-19,116.68163818105131,118.3449978273001,116.25039181756918,118.22178649902344,1924200
2018-11-20,118.1425183880283,118.54734963591342,116.15351932391495,117.0072021484375,2008300
2018-11-21,116.92799989661434,117.74647184451474,115.95990180112082,116.52315521240234,1338500
2018-11-23,115.59907655337825,116.83998519289781,115.19423187229393,115.5638656616211,507600
2018-11-26,116.16234670590327,117.89611407681394,116.16234670590327,117.42965698242188,1047100
2018-11-27,116.98963030762175,117.7025100584029,116.16236212852462,117.28005981445312,971900
2018-11-28,117.17443167229825,119.0490156646892,116.83999531672985,119.03141021728516,1470300
2018-11-29,118.39776996699686,119.02263588795313,117.61449527761525,118.11614990234375,1013900
2018-11-30,118.1337551483914,118.5650014479764,117.06005083434357,117.70252227783203,2956000
2018-12-03,118.08973896280227,118.91702059187705,116.61999936969,117.50008392333984,1893500
2018-12-04,117.92252179778677,118.96101501613464,115.92472631061516,116.46157836914062,2730800
2018-12-06,115.21187501037161,115.87193844204647,112.84444535345385,115.71351623535156,2458100
2018-12-07,115.66069068030087,117.25364130176938,113.92692333132672,115.255859375,1552400
2018-12-10,115.24704476089681,115.308657112297,112.39557330207239,114.6221923828125,1623200
2018-12-11,115.51108131997115,116.27675047600485,112.43078581810525,112.58039855957031,1982400
2018-12-12,114.07654525801932,114.54298895506231,112.37798866860304,113.22286224365234,2224400
2018-12-13,113.24928486569023,114.19977788700045,111.93796734856086,113.66292572021484,1698100
2018-12-14,112.70360577620869,113.31086615902488,112.1667537566633,112.75640869140625,1594200
2018-12-17,112.7564195699554,114.33177831345522,111.94674345775836,112.32518005371094,1847500
2018-12-18,112.89723656934554,113.55729993255687,110.23058165629361,110.72342681884766,1798600
2018-12-19,110.89067400052373,113.48692122187344,110.05459620775376,111.46273040771484,1885100
2018-12-20,110.78109821660502,111.94069043740157,109.13465069134715,109.96672821044922,2373900
2018-12-21,110.35621458860527,113.05603648817379,109.86051224118468,110.55095672607422,3973200
2018-12-24,109.8339545446878,109.99328840223903,106.32861643199833,106.39057922363281,1283600
2018-12-26,106.76235041883197,110.7191353809602,105.81520107973263,110.67487335205078,1971000
2018-12-27,109.32939804262385,113.46321105957031,108.91335926317265,113.46321105957031,1918500
2018-12-28,114.0562980326869,114.50773833312415,112.64884783652519,113.13569641113281,1312400
2018-12-31,113.30385993758519,114.64048654781223,113.02060055787868,114.34837341308594,1616000
2019-01-02,112.99406748709059,113.84384578745714,111.59547107977502,112.67539978027344,1391900
2019-01-03,111.92300829802946,112.64000736257697,110.16148190587569,110.3562240600586,1746200
2019-01-04,111.90529322201289,114.10941281442557,111.90529322201289,113.657958984375,1977800
2019-01-07,113.17112058244363,113.9943445005891,112.23282482215865,112.73738098144531,1398900
2019-01-08,113.22421413265614,113.60483786343751,111.07321055968741,111.869873046875,1627500
2019-01-09,112.84358499969724,113.64910125293682,112.35672969308614,113.26847076416016,2402000
2019-01-10,113.68453798653255,114.74677298703546,113.10917195032607,114.65824890136719,1307300
2019-01-11,114.18906748797717,115.02114502457097,113.5163305574998,114.64936828613281,1300400
2019-01-14,114.27757145439155,115.95942023830489,113.88808727111746,115.81778717041016,1877700
2019-01-15,116.57020596933414,117.8448766207054,115.36635185491387,117.2429428100586,2143900
2019-01-16,118.15471484112949,118.53535213896315,117.04823148572929,117.69442749023438,1803600
2019-01-17,117.74752909829594,118.32289500403778,117.02166957966674,117.60589599609375,2090800
2019-01-18,118.19895853420071,118.80089240970423,117.66784120327846,118.25206756591797,2240700
2019-01-22,117.83604290779692,118.16357115403463,115.64963079465898,116.09222412109375,2432100
2019-01-23,116.11875193930757,117.16327897308656,115.22471848796253,116.89772033691406,1212600
2019-01-24,116.56134657863406,117.49079506308158,115.83550070495139,117.2075424194336,1270100
2019-01-25,117.82717010973346,118.99560921215796,116.84461259986873,117.10131072998047,1579400
2019-01-28,116.5879337431413,117.28722521839929,115.71159414129839,116.83578491210938,1323200
2019-01-29,116.51710206845085,116.93314079954197,115.7027321180036,116.3134994506836,1128000
2019-01-30,116.49057408103062,117.76523157185517,115.83553106641259,117.55279541015625,1317600
2019-01-31,117.14560512528062,117.96883578329265,116.3932045312666,117.77409362792969,2602500
2019-02-01,117.90686200548275,118.43797941141747,117.30494155184165,118.23439025878906,1331300
2019-02-04,117.88028739840618,118.56188480160313,117.31376856515628,118.55302429199219,1560500
2019-02-05,118.61499649414249,119.06643676757812,117.64128589629144,119.06643676757812,1903100
2019-02-06,116.50825651309039,116.84463174485914,114.6936347801291,114.9680404663086,3748800
2019-02-07,115.01228125691333,116.10991743469545,114.50773195006474,115.62306213378906,2226000
2019-02-08,115.18046872013909,115.48144241015943,113.81728738614889,115.38407135009766,1883200
2019-02-11,115.7381310976137,115.90631868822436,114.47232092722597,115.57880401611328,1444300
2019-02-12,116.19843588372017,117.34918103753907,115.57880803377896,117.05706787109375,1425200
2019-02-13,117.24298012946332,118.31406201983049,116.98628191982098,117.29608917236328,1490100
2019-02-14,116.57023339793761,116.57023339793761,114.97689470881603,115.71160125732422,1787000
2019-02-15,116.75610468183012,117.94226496611024,116.75610468183012,117.91571044921875,1420100
2019-02-19,117.72097340091804,118.6769765708936,117.20756354073437,118.40255737304688,1070600
2019-02-20,118.60615476013109,119.34086124262531,117.89800279449656,119.33200073242188,1166500
2019-02-21,119.38509643949381,120.12866334918904,118.80973062925972,119.24347686767578,1499800
2019-02-22,119.6683706390337,119.8100037272438,118.8097386137127,119.06643676757812,1414400
2019-02-25,119.55328447532506,120.33225290414437,119.13724574692145,119.82769012451172,1339600
2019-02-26,119.44709138985354,120.44735664897782,119.10186912888943,119.65068054199219,1290100
2019-02-27,118.88940059202014,119.52673597368131,117.75636291503906,117.75636291503906,1505200
2019-02-28,117.82717498106139,118.54417388146734,117.72980392626096,118.5264663696289,2090400
2019-03-01,119.24352293248077,119.85429049489572,118.64158886894504,118.72125244140625,1670900
2019-03-04,118.93368178662232,119.34972060299995,117.25183251262351,118.23439025878906,1301400
2019-03-05,118.40255921752893,118.67697841965057,117.53508009874847,118.20781707763672,1314600
2019-03-06,118.0750581950186,119.11072505549093,117.72983590819449,117.98653411865234,922700
2019-03-07,117.53507252229547,117.8714477434945,116.8446280733213,117.44654846191406,1245200
2019-03-08,116.8534712368732,117.59703820176819,116.51710953360207,117.16329193115234,1048000
2019-03-11,117.75638291822924,118.34060936847318,117.42000765774755,118.09275817871094,1367900
2019-03-12,118.47337981037583,119.24350139235662,118.34945421775129,118.70353698730469,1128100
2019-03-13,118.92481440700037,119.69492235747416,118.52646966735934,119.0752944946289,1501000
2019-03-14,119.44704700571337,120.34108034757527,118.9601918168295,119.8542251586914,1408000
2019-03-15,119.53559226974369,121.19974739644628,119.53559226974369,120.69519805908203,2307700
2019-03-18,120.99612993473816,122.04950390102196,120.7217243146553,121.6069107055664,1679400
2019-03-19,121.19090907400496,122.19116081687665,120.08442574707163,120.11982727050781,1679900
2019-03-20,120.35881779612741,120.90762914182221,119.22578007844295,119.25233459472656,1451000
2019-03-21,118.77170960423997,121.41503767150402,118.68271684407115,121.19253540039062,1154900
2019-03-22,120.46274623111908,122.87466346954098,120.1512375903666,121.59304809570312,1558500
2019-03-25,121.76216636769355,122.18047181210204,121.12135860521516,121.63756561279297,1159900
2019-03-26,122.09146604616834,122.59877785245631,121.65537019212832,122.2249755859375,1369900
2019-03-27,122.45635907616305,124.44998451627026,122.34066711817725,123.5688705444336,1818600
2019-03-28,123.62230009642577,124.19190556860175,122.63438912025711,123.78250885009766,1325900
2019-03-29,124.24527715202146,124.7614704848653,123.86256617299298,124.67247772216797,2007500
2019-04-01,125.14419778544008,126.01640302421174,124.90389149193966,125.90071105957031,1445700
2019-04-02,125.90068833695841,125.98968109520091,124.35206767456472,124.52117156982422,1372100
2019-04-03,124.41436325564237,124.59237593592209,122.09143901478443,122.67884826660156,1937000
2019-04-04,122.46526409247046,122.48305449748274,121.2014391525826,121.72655487060547,2271700
2019-04-05,121.93125010951417,122.64326012551604,121.61084628133639,122.45635223388672,1391200
2019-04-08,122.21608944651277,122.37628460956034,121.4595760731041,122.07368469238281,1065900
2019-04-09,121.48624630904247,121.54855346679688,120.79204027371344,121.54855346679688,1099200
2019-04-10,121.57526778318697,122.42966904970119,121.43286304528017,122.29617309570312,1003400
2019-04-11,122.56316881904263,123.15947333349608,122.28725456865773,122.81237030029297,1111000
2019-04-12,123.24846323022987,124.0761788011722,122.71446588876367,123.8625717163086,1544000
2019-04-15,123.7824788241028,124.09397388993277,123.39976781350184,123.6756820678711,1155800
2019-04-16,124.07617510508871,124.85047869640313,124.04056713510788,124.7881851196289,1172400
2019-04-17,123.39977739666513,124.24529705070344,122.24277623306973,122.63436889648438,1417100
2019-04-18,122.6432677095085,125.01069538741515,122.6432677095085,123.40867614746094,1302200
2019-04-22,122.83909740786595,122.94589418682826,122.07368880421704,122.85688781738281,855000
2019-04-23,123.05267979356537,123.72909554682082,122.70557671298683,123.35529327392578,993200
2019-04-24,123.71130306581689,125.85622891785245,123.221795193708,125.0908203125,1882700
2019-04-25,124.59240528717501,126.39021427346965,123.96049271642312,126.12322235107422,1314900
2019-04-26,126.27450756585628,127.32471188596936,126.1232076339991,127.25350952148438,1207800
2019-04-29,127.24463708205003,128.5173439261864,126.95093236868053,127.83204650878906,1162800
2019-04-30,128.2146993260082,129.2649170484658,127.44929101318658,129.22930908203125,2025900
2019-05-01,126.71061011596183,129.58534971556645,126.38131104560529,128.36602783203125,1930800
2019-05-02,128.5974370831399,129.3539367718408,127.54721914172879,128.4550323486328,1327700
2019-05-03,128.84662372887675,129.72772406360983,128.13461371886254,129.0958251953125,1196900
2019-05-06,127.94769297668984,129.35390887058918,127.72519071968918,128.90000915527344,936500
2019-05-07,129.72777126557986,129.72777126557986,126.5593398276546,127.08444213867188,1524600
2019-05-08,127.13782291128959,128.07232173087482,126.53260957793472,127.07551574707031,1041200
2019-05-09,126.15880549295036,127.52051849754835,125.85620562092032,126.95980834960938,1112500
2019-05-10,126.46139629525017,129.0157317789725,126.20329961831456,128.81101989746094,1162000
2019-05-13,127.30689522066899,128.4817137469722,126.72839473997978,127.58280944824219,1314700
2019-05-14,127.37814954869907,129.40737003073116,127.37814954869907,128.0545654296875,1213100
2019-05-15,127.12002547848371,128.80214245311356,127.12002547848371,127.86763000488281,967900
2019-05-16,128.10795539727616,129.98587577725655,127.54724512870254,129.60316467285156,957400
2019-05-17,128.6063405165088,130.11045836739615,128.53513814469866,129.04244995117188,1440700
2019-05-20,129.04243944629732,130.2172445343683,128.6152252502145,129.71884155273438,1306400
2019-05-21,129.82565189851482,130.5198580642236,129.736659117031,130.12826538085938,1249000
2019-05-22,130.12825177240728,132.0684653197004,129.71884156291148,131.73916625976562,1155600
2019-05-23,130.86691821725253,131.17842680141837,129.76331574172488,130.8936309814453,1305700
2019-05-24,131.24967684978083,132.0595885985793,130.6800714223712,131.8726806640625,939500
2019-05-28,131.8459627258795,132.3443657064461,130.3151458110177,130.3507537841797,1106100
2019-05-29,129.62095222782068,129.99475449931742,128.57074778606284,129.90576171875,1414400
2019-05-30,130.38635216548573,130.78685360280247,128.86443040712646,129.74554443359375,1187100
2019-05-31,129.14926238327368,130.17276774370043,128.8377536663792,130.00367736816406,1265700
2019-06-03,129.02465337887904,131.66798216972782,129.02465337887904,131.55227661132812,1393100
2019-06-04,132.2286804103021,132.5134763076409,130.9826593156126,131.1428680419922,2151000
2019-06-05,131.18736118488823,133.1809868419844,130.95596366326876,132.9851837158203,1459200
2019-06-06,133.3946199825486,133.4569135818655,132.10409542273007,132.30880737304688,1459400
2019-06-07,132.37103259127556,133.78615719916004,132.12183116180924,133.00294494628906,1795900
2019-06-10,133.5013978090801,133.58149538845407,132.21978221723862,132.6024932861328,1397200
2019-06-11,132.9940827885711,133.1809907164247,132.0239759137405,132.2642822265625,1028700
2019-06-12,132.55797718587695,133.30558168143972,132.18417493809557,132.40667724609375,1158000
2019-06-13,132.56689571659015,132.60250369719503,131.65018713276444,132.468994140625,1190700
2019-06-14,132.76268124047942,133.9730943914836,132.21087983856083,133.7327880859375,1161300
2019-06-17,134.17781467438553,135.28143123925244,131.85488955528237,132.06849670410156,1198100
2019-06-18,132.27319072858356,133.074207325032,131.632382883611,131.82818603515625,1608300
2019-06-19,132.17529084821973,133.21660021454062,131.98839647964365,133.01190185546875,1768500
2019-06-20,131.9832096182728,133.7990398376649,131.9832096182728,133.6022491455078,1836000
2019-06-21,132.38573044213064,134.5862019671837,132.38573044213064,133.8527069091797,2185400
2019-06-24,132.85089219982527,135.1944733933661,132.85089219982527,134.24630737304688,1371600
2019-06-25,134.62198256288613,135.37335779446354,134.13000581043914,135.01556396484375,1637300
2019-06-26,134.97077641704874,134.97077641704874,131.4375127341953,131.49118041992188,1453700
2019-06-27,131.47332162992245,132.02791971091412,131.01713253089002,131.63433837890625,1521100
2019-06-28,132.26049610387798,132.32310387649298,131.34810417538563,131.75062561035156,2769700
2019-07-01,132.7525312403937,132.81513904056388,131.56284654751508,132.24266052246094,2115900
2019-07-02,131.93846175119538,133.0476442415757,131.58960805930303,132.7613983154297,2103700
2019-07-03,133.28022326883578,134.7471996769774,133.17288785937325,134.39834594726562,1287100
2019-07-05,134.35363423054125,134.443089514999,133.19078377739083,133.83482360839844,1051000
2019-07-08,133.7275079127593,134.11213566495306,133.29815251173878,133.66488647460938,1173200
2019-07-09,132.6183326298034,134.06742937110326,132.3678741607319,133.50389099121094,1117800
2019-07-10,133.62912852038357,134.1389992098326,133.12821155114761,133.41444396972656,1161400
2019-07-11,133.48593068322305,133.63799370303,132.56459884918578,133.10130310058594,1039500
2019-07-12,133.36970134211177,133.66487376859322,132.51097697273786,133.6112060546875,979900
2019-07-15,133.816953744125,135.4002059386887,133.2891893636426,135.39126586914062,1240900
2019-07-16,135.61492322025276,136.22317567157629,134.75619862248283,135.46286010742188,1484200
2019-07-17,135.33756885501552,135.69536264493715,134.48779836723307,134.57723999023438,1271800
2019-07-18,134.65776603101276,134.89034432081485,133.6380385304608,134.73828125,820100
2019-07-19,134.91715770643378,134.91715770643378,132.5914570550566,132.6361846923828,1235800
2019-07-22,132.55566812691438,133.0386910680584,131.598548662539,132.19786071777344,1096400
2019-07-23,132.0726499574787,132.35889592471526,130.0331952122745,131.2586669921875,2007300
2019-07-24,131.05290114274973,135.632740326495,130.76666887130384,135.5880126953125,2302900
2019-07-25,136.10683653985066,136.19627816203217,134.71142166340533,135.07815551757812,1521500
2019-07-26,134.87246722492398,136.9119224784268,134.14792570709565,136.8314208984375,1639600
2019-07-29,136.81347184722222,137.79742514619505,136.46461815921492,137.10865783691406,1987100
2019-07-30,136.69720272433128,137.48435175106331,136.4288505713501,137.135498046875,1522200
2019-07-31,137.52914584523452,137.9853351714843,136.00850110877107,136.71514892578125,2501800
2019-08-01,136.312570192498,136.79559317966428,134.73825838914888,135.21234130859375,1814000
2019-08-02,135.77587700453273,136.89399976467894,134.41624955544575,136.2052459716797,1815200
2019-08-05,135.23917792769288,135.89215775763483,132.2873312931804,132.82403564453125,2077100
2019-08-06,132.43939352837558,136.3483460650878,131.92058296497655,136.04421997070312,2039400
2019-08-07,134.8635070062079,138.83508147988155,133.34286268808827,137.88690185546875,2415100
2019-08-08,138.24470099685843,141.30388323522635,138.23574727943006,141.13392639160156,2250100
2019-08-09,140.92821127219065,143.32546018811956,140.43623447259,142.77981567382812,2115500
2019-08-12,140.87450465142487,143.01235447293973,139.371740810304,140.4719696044922,1600900
2019-08-13,140.31097302067104,142.86029807449702,139.7027072130076,142.07313537597656,1777000
2019-08-14,140.45411146887113,141.62590192940004,136.30364035846196,136.5809326171875,2624700
2019-08-15,136.63459272621728,138.18207070756193,136.1247222280465,137.69009399414062,1325400
2019-08-16,137.94057870798005,139.49699690022658,136.124734735426,139.00502014160156,1268200
2019-08-19,140.123156683806,140.1499905415495,139.10342914266923,139.30917358398438,1413800
2019-08-20,139.43441670302047,139.9979414207718,138.20000452791862,138.3610076904297,983700
2019-08-21,138.46833925980658,139.02292383689758,137.91374103375475,138.60250854492188,1033300
2019-08-22,139.04978600449851,139.54176289835596,137.91376911303925,138.84405517578125,1367700
2019-08-23,138.64721355313478,139.97106699632081,136.42886195799304,137.0550079345703,1334300
2019-08-26,137.75270381188543,138.90660032528785,137.0997240376021,138.83505249023438,890000
2019-08-27,139.4432966907028,139.96210718352185,138.4235694872878,139.12127685546875,1721900
2019-08-28,138.7814062009684,140.7940273819948,138.48623377217015,140.4362335205078,1605200
2019-08-29,141.29497635479797,141.5364811008184,139.56858730764083,140.7672119140625,1413800
2019-08-30,141.3307595436267,141.3307595436267,138.87982879993945,139.79222106933594,1931600
2019-09-03,139.12127609261358,141.9926207451187,139.12127609261358,141.83160400390625,1472600
2019-09-04,142.3683287609337,143.72795612102632,141.89424583357956,142.98553466796875,1399100
2019-09-05,144.3183288435677,145.0786577338033,142.97658161300507,143.68324279785156,1016300
2019-09-06,143.6116756087555,144.83713366303957,143.39699114675966,144.04103088378906,856900
2019-09-09,145.01604689638168,145.01604689638168,142.66352586170797,143.35227966308594,1025300
2019-09-10,143.50433924662457,143.50433924662457,141.223379762593,142.51145935058594,1286100
2019-09-11,142.28783384578023,143.1912721053945,141.50961113803405,142.88714599609375,1455200
2019-09-12,143.7816304635274,144.13048417888837,141.4827637797441,143.2091522216797,2226000
2019-09-13,143.4149130002163,143.5669760721994,141.7422055594413,142.19839477539062,1864200
2019-09-16,141.9389836275362,142.2252296349064,141.04448532794558,141.8227081298828,1281800
2019-09-17,141.96580920709792,142.90502135743904,141.21442037828277,142.86924743652344,1587100
2019-09-18,142.85133487059403,143.76372669701328,141.7421660315716,142.6634979248047,1343100
2019-09-19,142.90614413276862,143.75094715784502,142.22311861056258,142.4477996826172,1426300
2019-09-20,141.93555759600702,142.67251828867757,141.04582909320715,141.71087646484375,2138600
2019-09-23,141.32440425078826,142.7983116384749,141.1536444298793,141.73782348632812,1329500
2019-09-24,142.14224621799409,144.0655157748134,141.95350807093567,142.7533721923828,1678600
2019-09-25,142.87921015815405,143.11288729329232,141.94454275794163,142.7084503173828,1071700
2019-09-26,142.2950478066343,144.820461387841,142.2950478066343,144.20933532714844,1074300
2019-09-27,144.59577688303642,144.6946371215331,143.36452876912514,144.25425720214844,842900
2019-09-30,144.58680435639442,145.66527103166675,144.08352082216385,145.090087890625,1221200
2019-10-01,145.44055116977535,145.5843503451017,142.5017189487219,142.56463623046875,1029000
2019-10-02,141.86366674823574,142.41188923766907,140.18304262067434,140.92898559570312,1390800
2019-10-03,140.86606071681027,141.3693441628069,139.67973798257927,140.6054229736328,1132700
2019-10-04,140.77619310382087,145.9887975011557,140.73125413997084,145.64727783203125,2491200
2019-10-07,145.22487269838174,145.58437068692865,143.33755968393328,143.49034118652344,1592700
2019-10-08,142.60062184591482,142.933145539113,139.72470604588756,139.7336883544922,1768600
2019-10-09,140.53355473682683,141.57607851526527,140.04824950945638,140.92001342773438,1080900
2019-10-10,140.79420086834148,141.5131832999225,139.32029305465255,139.65281677246094,2208400
2019-10-11,141.0907547808588,141.0907547808588,139.32924884443716,139.3921661376953,2543700
2019-10-14,139.34725186106874,140.25495876949995,138.73611200256474,139.69775390625,1050200
2019-10-15,140.12016285916465,140.7852103206446,139.41016270924172,139.49105834960938,1138900
2019-10-16,139.46402417705676,139.85946504587065,138.07101254388587,138.98770141601562,1474800
2019-10-17,139.10454646667864,139.3022669103366,137.46887536685168,137.52279663085938,1252500
2019-10-18,137.8733247834847,138.09800590188027,137.1363641326926,137.2262420654297,1607700
2019-10-21,137.8733353458618,138.12497712066715,137.1992919390371,137.77447509765625,1265400
2019-10-22,136.70498250001063,136.70498250001063,133.05616327069907,133.46058654785156,2646900
2019-10-23,133.47853111464585,135.13218046404538,133.47853111464585,134.9524383544922,1445000
2019-10-24,134.98840649416928,136.06687306628845,134.38626277234815,135.8152313232422,1404900
2019-10-25,135.5276370809601,135.5276370809601,132.59778687237377,134.03575134277344,2201800
2019-10-28,134.29639937790117,134.7637399713264,133.1999680722253,133.2269287109375,2020900
2019-10-29,132.77757402898112,134.13464320429017,132.45403263251322,133.5774383544922,2590300
2019-10-30,134.24242925282726,138.47542626518307,133.77510254289916,137.8373260498047,2710800
2019-10-31,137.30710760462884,137.83735168958992,135.45573760395416,136.9835662841797,1638000
2019-11-01,137.46892192963207,137.67562474948983,134.87160836377012,135.20413208007812,1634100
2019-11-04,136.17476962066144,136.17476962066144,132.418093264719,132.75961303710938,1946100
2019-11-05,133.083128242504,134.57501423329143,132.54388804644051,133.75717163085938,3638200
2019-11-06,133.94590395666944,136.81283753078614,133.6852798651355,136.7678985595703,2324200
2019-11-07,137.0914179517787,138.52938251921518,136.857754537785,137.4329376220703,2360200
2019-11-08,137.18128864445035,137.6486291612353,135.8961193650989,136.1657257080078,1161800
2019-11-11,135.3838401485827,136.3634464322353,135.10523778474072,135.99497985839844,940700
2019-11-12,135.76130101936596,136.91166711488464,135.40181675705844,136.06686401367188,1117400
2019-11-13,135.60851764880317,137.2801455009864,135.53661805464586,136.88470458984375,975200
2019-11-14,136.62413181437293,137.1633584026739,135.77932840790584,136.02198791503906,1469000
2019-11-15,136.372454556057,136.50725773973636,135.2130923226267,135.968017578125,1710700
2019-11-18,136.08485614072177,137.63964561736373,135.75233247869497,137.34307861328125,1243900
2019-11-19,137.00154881612627,138.0800153462419,136.45332638724597,137.35205078125,1142100
2019-11-20,137.00154954807556,137.62167157740276,135.8242227797916,137.064453125,1206600
2019-11-21,137.63069380622898,137.63967611598193,134.47617518825035,134.78173828125,1631300
2019-11-22,134.85359478247403,136.38142347242493,134.85359478247403,135.82421875,1183900
2019-11-25,136.00400436669855,136.89374671643867,134.33237595150348,134.78173828125,1437600
2019-11-26,135.15023297857115,136.56122371223074,134.73681355755636,136.3994598388672,1426300
2019-11-27,136.4353496043098,137.0824322723946,136.07586532801653,136.67800903320312,845700
2019-11-29,136.86675865244084,137.20827837714742,135.77032729404598,136.1387939453125,678400
2019-12-02,136.47129737446264,136.83078162735018,134.53004949660146,134.61093139648438,1091200
2019-12-03,133.80207219624194,135.47369986811907,132.9392908728611,134.25143432617188,1425600
2019-12-04,134.28739928336856,136.1747260239395,133.9189189851753,135.7613067626953,1438700
2019-12-05,135.64445793088498,135.85117440257824,134.2873891155544,135.06927490234375,1266800
2019-12-06,136.11183000233146,137.0554935200774,135.06930623580362,136.78587341308594,1200800
2019-12-09,136.83977602473826,137.98115988434566,136.30054959776245,137.5048370361328,1786100
2019-12-10,137.48688246460387,137.7565025814034,136.9656205623778,137.4689178466797,1270300
2019-12-11,136.88469504886476,137.58569890123147,136.3095120491422,136.57913208007812,1200500
2019-12-12,136.45338001892074,138.37665042947427,135.91413968519674,138.1160125732422,1131500
2019-12-13,137.71153977660157,139.23038624871202,137.5677542908484,138.97874450683594,1107900
2019-12-16,139.51798617735002,140.0572126100931,139.28430904772608,139.7786102294922,1531000
2019-12-17,139.65278797274968,140.63239430561805,139.571906065657,140.38075256347656,1703800
2019-12-18,140.20102400972078,140.53354769118414,138.1159765573777,138.95179748535156,1922700
2019-12-19,138.79824162502456,139.5749126551311,138.24734689692235,139.52975463867188,2717400
2019-12-20,140.5954283330712,141.7694679945249,139.80973112146228,140.468994140625,2553600
2019-12-23,140.48704320766558,140.67670136366962,138.5092406077726,139.25881958007812,1367400
2019-12-24,139.24079961132907,139.5117340178473,138.87053682872704,139.02406311035156,567700
2019-12-26,139.33109357838725,140.0445545284207,139.1956332867577,139.75555419921875,1044800
2019-12-27,139.95423301505022,140.82120640821114,139.82779882103537,140.7218780517578,903400
2019-12-30,140.88440575509148,140.88440575509148,139.83680045630936,140.26126098632812,677300
2019-12-31,140.09874780933217,140.76703699881156,139.89102364152012,140.577392578125,1115900
2020-01-02,140.74897008663226,140.90249633789062,139.4033381946003,140.90249633789062,2037800
2020-01-03,139.76458911592528,140.88444479184358,139.19564207486653,140.68576049804688,1176000
2020-01-06,140.27935222242493,141.8688126384655,139.99035190298463,141.8417205810547,1281800
2020-01-07,139.1865692119325,140.30642462242756,138.75308257379868,139.00595092773438,1505900
2020-01-08,138.80730316675084,139.8007246614005,137.87710566734953,138.05772399902344,2106300
2020-01-09,138.6356972372816,139.12338184296374,137.72356579521585,139.03306579589844,1796900
2020-01-10,138.68088310603957,139.48464647724688,135.5651717808111,136.3599090576172,2363000
2020-01-13,136.17019624256753,136.56756472166666,135.04131478162284,136.278564453125,1672300
2020-01-14,135.80897475414093,137.10040867419647,135.71865871512898,136.1521453857422,1410600
2020-01-15,135.6825487743283,136.79336446383937,134.96908785174216,136.63079833984375,1367900
2020-01-16,136.9288503395507,138.2835085780672,136.70307396646464,137.8680877685547,1101800
2020-01-17,137.85904142367394,139.20467350501485,137.81389717541256,138.79827880859375,2009300
2020-01-21,138.17514060233353,138.74410147333205,137.3442852013668,137.94033813476562,1427000
2020-01-22,138.22026162280554,138.9878928190974,137.91320914428877,138.9246826171875,1098000
2020-01-23,137.46163821202913,138.1209010999412,134.64394082944833,137.35325622558594,2514000
2020-01-24,137.21781091778527,138.30153443825392,136.91075844670604,137.28102111816406,1476400
2020-01-27,136.35990062825482,137.16366394977587,135.8090057373047,135.8090057373047,1163100
2020-01-28,136.2514737328707,137.68742143825563,136.1431055212535,136.332763671875,1716500
2020-01-29,136.87464068093598,137.50681165158647,136.17924572307362,136.26956176757812,1266200
2020-01-30,135.565152469415,139.3220742496704,135.51999444324807,139.2046661376953,1267100
2020-01-31,138.70794550154707,139.53880075854474,136.59468231872947,137.2629852294922,2336300
2020-02-03,137.77774883301055,139.84586778409087,137.53390653207794,138.38282775878906,1831900
2020-02-04,139.6291426305111,140.63159029192295,139.21370803502572,139.34918212890625,1880600
2020-02-05,144.7497099681219,149.37360448955621,142.1036181709036,149.31039428710938,3119400
2020-02-06,149.9154777893098,151.48688595113939,147.01650375186225,147.40484619140625,3035600
2020-02-07,146.8540035628373,148.58796467768025,146.5198588973571,146.96237182617188,1908200
2020-02-10,146.9894199504419,147.53128866572246,146.3030648540079,147.5222625732422,1511000
2020-02-11,147.37778558172877,148.43441734037924,146.5920882233134,148.23573303222656,1718600
2020-02-12,148.80468592049075,149.70779135268114,147.85642246063182,148.00994873046875,1174600
2020-02-13,147.8744292052249,149.22004694089037,147.4228766699729,148.8588104248047,1612700
2020-02-14,148.70532153499576,149.22912426097443,147.25132145538223,148.61500549316406,1246300
2020-02-18,148.4886007458114,148.79565330045384,147.2784427149529,147.65774536132812,1366100
2020-02-19,148.0550926346104,148.4614872842695,146.8268688127845,148.29893493652344,1451100
2020-02-20,147.87450227380725,148.1093047472559,146.9171988506015,147.34165954589844,2265600
2020-02-21,146.89007776126778,148.15443350305455,146.89007776126778,147.8834991455078,1267700
2020-02-24,145.27353668156817,146.8991291742593,144.25302315943253,144.93939208984375,1919200
2020-02-25,144.73164820909543,145.15610879604338,141.38113531417446,141.97718811035156,2502200
2020-02-26,142.89836124090192,144.62329583389484,141.6791772390656,142.71774291992188,2354700
2020-02-27,141.10119565876786,142.77193241613514,135.51097090899128,135.56515502929688,3118900
2020-02-28,132.73843940203093,133.47899250911362,128.45772825234405,130.97738647460938,3792900
2020-03-02,131.06766650706592,137.39842921171973,130.9592845088114,137.10040283203125,3069400
2020-03-03,137.38037802664354,138.6808519032518,131.16702274327267,132.01593017578125,2838300
2020-03-04,133.56928099840584,137.51586090349562,132.43137317362388,137.21783447265625,2147900
2020-03-05,133.8220850812115,133.8220850812115,129.26141610096394,130.8508758544922,2569500
2020-03-06,126.31730787096592,131.35663606014148,125.76641320027764,130.78768920898438,3488900
2020-03-09,122.50624067092384,128.24096541092462,119.17379335646775,121.89213562011719,3246600
2020-03-10,125.59484855883228,125.82062486203263,120.90773029954624,125.62194061279297,2602200
2020-03-11,121.96434860445041,123.40930852107752,117.10563867336279,118.56866455078125,2664200
2020-03-12,111.98507529893614,114.26993097478918,105.25694248259948,105.42852783203125,3339900
2020-03-13,110.82004439546981,111.4612482961221,102.09605126375621,110.05240631103516,5280200
2020-03-16,97.30960780533263,103.20688502280531,90.93368582358448,91.59294891357422,4112700
2020-03-17,93.58880744976383,99.6486436839493,88.30564238861766,99.4138412475586,4513400
2020-03-18,93.01084555884445,97.81536716533013,78.88627426120048,90.13896942138672,4346700
2020-03-19,88.68303857278818,91.80414315134385,85.38904261316908,89.65667724609375,3600900
2020-03-20,90.08435882434604,94.61587811073446,84.71569362715952,92.41381072998047,4849700
2020-03-23,88.54653659094049,92.40469927684721,83.75114082178087,85.71661376953125,3960800
2020-03-24,89.87504645610737,93.66041180081605,87.69118931049664,93.32373046875,3525000
2020-03-25,92.53210786092204,98.59232475989963,88.2917700583632,92.6322021484375,4168100
2020-03-26,93.56032141423643,100.41218980687256,91.44925432832969,99.38395690917969,4073900
2020-03-27,95.37110430101846,103.26031379004307,94.70684993318963,98.64690399169922,3714800
2020-03-30,98.85621128702196,104.37956526083353,96.1172807934165,103.76990509033203,2792700
2020-03-31,102.47776260085402,103.7061840159538,100.42128988956136,101.63151550292969,3075500
2020-04-01,96.40847021624731,98.26475500313421,93.36926354575344,94.78877258300781,2313200
2020-04-02,94.34288711295015,98.61961628168152,94.10629999764038,96.3902587890625,2256600
2020-04-03,95.34381281481161,97.0363071085206,92.19541131745865,93.5603256225586,1868100
2020-04-06,97.63686930419719,101.41312652842868,97.3001879548705,100.78527069091797,3005300
2020-04-07,106.78179869511129,108.28320587938052,101.71341698332358,101.94090270996094,2396100
2020-04-08,102.52327496806012,105.14391522108646,101.07646894696356,104.28856658935547,2374500
2020-04-09,106.20854123822295,112.27785899161967,105.653475488546,111.25872039794922,2719200
2020-04-13,110.32146880644059,111.88657161376705,107.88282169922998,108.83826446533203,3400100
2020-04-14,111.0767418101582,113.56998368805769,109.4297472005444,111.468017578125,2229600
2020-04-15,109.19315452739404,109.51163317296951,105.7990642528828,106.00835418701172,2919400
2020-04-16,105.72626585171461,106.91828880751775,101.05825441644208,101.86810302734375,2634300
2020-04-17,105.09839693442079,109.1931396721255,103.77898260697442,108.09210968017578,3542400
2020-04-20,106.40872066693258,106.56340928755456,103.18752209743728,104.31584930419922,3123800
2020-04-21,100.1847158664052,104.12477044549034,99.52046141081244,102.26848602294922,3098700
2020-04-22,104.02465639093839,104.14294645089875,96.57222294025142,96.65412139892578,4865000
2020-04-23,97.66417010761386,98.58320740977143,94.67955859853878,94.70685577392578,3403400
2020-04-24,95.38932600410809,95.74420321741324,92.91427994247232,94.65226745605469,3894800
2020-04-27,91.72225643120011,97.21830599727937,91.67675650464439,96.93622589111328,5051700
2020-04-28,98.51043325304128,101.5678423545089,98.00996181529848,100.46681213378906,3089100
2020-04-29,102.1320064631225,103.20573954480854,100.20293163123253,101.9773178100586,2560200
2020-04-30,100.46679267958201,101.44043124439996,98.17373282634809,98.28292846679688,3038100
2020-05-01,96.06268500267473,96.49035933577876,91.87694847042442,92.44110870361328,2420000
2020-05-04,91.722245250674,91.92242685310136,89.72036674558123,90.39372253417969,3442700
2020-05-05,91.3582540073343,93.08714663061605,91.08526840385898,91.1398696899414,2762300
2020-05-06,91.74954904721845,91.90423768211225,86.49007992231925,86.67206573486328,3164800
2020-05-07,87.35452130076285,90.53932155651982,87.35452130076285,90.07524871826172,4543800
2020-05-08,91.72224796673977,93.03256103439256,90.43012376032821,92.7686767578125,4828000
2020-05-11,92.00433245629333,93.22365267998327,90.89420094379126,92.65949249267578,3910600
2020-05-12,92.94158014497212,93.81512461708671,92.36831853767282,92.44110870361328,3612700
2020-05-13,91.50385221726717,91.69493938570261,89.01971208529321,89.63847351074219,3258400
2020-05-14,88.18257608613314,90.46652793022307,84.71568866809353,89.94786071777344,3760100
2020-05-15,88.82863119816459,90.89419859167788,87.99147842760944,90.53022003173828,5508000
2020-05-18,94.55217418628422,96.77243023813814,93.99710843774231,95.85338592529297,3187900
2020-05-19,95.16183369893467,95.81699372215084,92.82328063636864,92.84147644042969,2626800
2020-05-20,93.97889183426085,96.79061871304873,93.69681178611694,95.18911743164062,2527800
2020-05-21,94.97983947757642,103.26032560231214,94.5066722138581,102.89634704589844,5550400
2020-05-22,102.93275671848394,106.80001454585148,102.09560386557729,106.46333312988281,4796200
2020-05-26,110.24868542339645,111.63179558088198,107.482458166112,107.66444396972656,4080000
2020-05-27,111.39520430453933,112.45983579461448,109.0475500374661,111.89567565917969,3809300
2020-05-28,113.62457551616538,113.62457551616538,111.10402972683686,112.56903839111328,3012800
2020-05-29,111.66820473814246,112.8693292061159,110.15769604385781,110.95845031738281,2488400
2020-06-01,110.21228602377322,110.21228602377322,107.87373305957284,108.79277038574219,2395500
2020-06-02,107.23675761832945,112.0867544096962,106.61799623648236,110.74003601074219,4051800
2020-06-03,113.74286429862,116.14511303722178,112.61453702862548,115.0622787475586,4247900
2020-06-04,114.51632179003839,122.57842403037965,113.75197302485253,122.41462707519531,4305900
2020-06-05,129.60315767764868,129.757860185653,124.43468878610783,128.0016632080078,4914900
2020-06-08,129.3847810791699,129.89434687338513,126.3455751746529,128.02896118164062,3646600
2020-06-09,125.14445248795015,127.51030970585025,124.66218383643341,125.29004669189453,2629500
2020-06-10,124.02521355220755,124.49838772312475,119.1297165634851,119.18431091308594,2475300
2020-06-11,113.62458373946701,116.49090554842104,110.19409477708801,110.50347900390625,3270200
2020-06-12,115.36254659585917,116.51817783477223,111.59538397483271,114.37071228027344,2080900
2020-06-15,110.43978761012688,117.94681063538998,109.36605456131416,117.56463623046875,2709800
2020-06-16,121.99606891067661,121.99606891067661,116.47270804426803,118.71117401123047,1783200
2020-06-17,118.80215142070436,119.9850800534427,117.11876526436282,118.01959991455078,1524700
2020-06-18,116.99431028240899,119.62164276465666,116.35349220103564,118.68788146972656,1212000
2020-06-19,121.12297797653312,121.12297797653312,116.68305454514588,117.13162231445312,2467900
2020-06-22,116.20702494845257,117.75413501694412,115.21833897624552,116.60981750488281,1599000
2020-06-23,118.25758065981852,119.61245392593173,117.58930744782477,118.44068145751953,1853100
2020-06-24,116.73796718260189,116.75628006029584,114.1014785243051,115.50211334228516,1905500
2020-06-25,115.35564394994279,118.09283245194122,114.33949576312264,117.69003295898438,1300800
2020-06-26,116.09715615368226,117.28723478412198,112.74661892016661,113.47897338867188,3237500
2020-06-29,115.21832872468617,115.84083387576422,113.56136946292226,115.07185363769531,1382200
2020-06-30,114.89791436121943,116.54571705717352,114.22963405079989,115.9140625,1968500
2020-07-01,115.78590752243377,117.38793511106431,114.39442215357117,115.03524017333984,1271200
2020-07-02,117.63510650985974,118.86180387896935,114.73313707608587,114.95284271240234,1155200
2020-07-06,116.8844290322822,118.2575943782404,115.87743738694451,116.52740478515625,1463100
2020-07-07,116.7654468854485,117.79989408472827,114.95285596992164,116.41757202148438,2334600
2020-07-08,115.53871863967973,117.52524657882545,115.11761329794032,117.04920959472656,1914500
2020-07-09,116.8295040229293,117.20483416023198,112.07832553948013,113.82682800292969,1753000
2020-07-10,114.00076434731628,118.27590580703692,113.50642147634692,117.57100677490234,1556000
2020-07-13,118.01045626654297,119.53925341403273,116.32602758340738,117.461181640625,1413500
2020-07-14,117.58015837087757,120.05186549280813,116.62809149117358,119.6856918334961,1317000
2020-07-15,121.8553352266099,122.53277206099924,120.22583821692159,121.57154846191406,1893300
2020-07-16,122.13912902819875,125.72768523205092,121.5990178017802,124.52845001220703,2170800
2020-07-17,124.52843010555048,124.88545438086375,122.87147093118296,124.45519256591797,1329400
2020-07-20,123.91507740154407,124.6108130525095,122.54190500745277,122.9263916015625,1490800
2020-07-21,123.04539414237684,125.94736321834708,123.03623072058498,124.08900451660156,1199200
2020-07-22,123.20102545580798,124.80305987113158,122.63345201862685,124.299560546875,1240500
2020-07-23,124.14397218747632,124.9404079160012,123.1003614516509,123.89679718017578,1288100
2020-07-24,124.72983307229053,125.19670668480747,122.27643829001416,123.50313568115234,1153300
2020-07-27,122.39546334389748,122.54193845838965,120.06106684298301,121.19622802734375,1860900
2020-07-28,120.8391706832378,121.58068154108564,120.26243380774194,120.80255889892578,1702100
2020-07-29,119.92372473348584,120.87578479891229,117.11329879200504,120.78424835205078,2575000
2020-07-30,118.76111055669698,121.1870570658348,117.65342587542256,119.00828552246094,2094000
2020-07-31,118.61466248667256,118.61466248667256,114.93455580287979,116.48165893554688,2207700
2020-08-03,116.8020640403333,116.85699569650798,114.80639313013326,115.75845336914062,1851600
2020-08-04,115.17255846643367,115.85914475151483,113.59798613515683,114.21134185791016,1775700
2020-08-05,115.18171409969587,116.49080555346107,114.98031433999095,115.04439544677734,1588500
2020-08-06,114.41273543446442,116.77458681939335,113.59797999463805,115.85913848876953,1247900
2020-08-07,115.04436923775233,119.15473652796805,114.96198225536043,118.96248626708984,1284300
2020-08-10,119.31952044074013,120.39975662936328,118.51393548691595,119.8871078491211,1309200
2020-08-11,121.7820734572001,123.42988301807989,120.41805060457133,120.84831237792969,1665000
2020-08-12,122.34965894288952,122.46867169110811,119.10897812734133,119.26460266113281,1913500
2020-08-13,118.41322554325052,120.601146095401,117.54353861296923,120.10679626464844,1635200
2020-08-14,119.32870966906856,120.63779423252984,118.63295991516443,119.13645935058594,1412800
2020-08-17,118.62380963423324,118.85267174250227,114.99863467737008,115.20002746582031,1670600
2020-08-18,115.20000812455781,115.84998254911493,114.09231654462738,114.5042724609375,1489900
2020-08-19,114.77889708477221,115.50210202787741,113.01208171346855,113.45149993896484,1480700
2020-08-20,112.4262156145133,113.89093863995397,111.91356674619927,113.0029525756836,1793200
2020-08-21,112.91139276667434,113.22264882822951,111.41921451506256,111.61145782470703,1523600
2020-08-24,111.59315861108085,113.90924188860221,111.06219687590924,113.90008544921875,1670600
2020-08-25,114.91622429617878,115.56619175284061,114.09231942705948,115.26409912109375,1324200
2020-08-26,114.82468515724281,115.8408333697746,113.6895311752882,114.97115325927734,1476600
2020-08-27,115.50211328254257,119.31953111473261,115.21832653728113,116.95767974853516,1684900
2020-08-28,117.37877848271455,117.54355246663202,114.98030149716372,115.70350646972656,1397600
2020-08-31,115.47464071078598,115.67604044155776,113.19517654334753,114.4310302734375,1568200
2020-09-01,113.53389910249413,114.65990362435956,113.19518768949452,114.3028793334961,1110700
2020-09-02,114.08317292639458,115.7675944941454,113.03956239326277,115.19086456298828,1783500
2020-09-03,116.72883461150867,119.21884854567055,112.69170356699239,113.52476501464844,1436000
2020-09-04,115.61196777761022,116.92105913880624,113.80853349145384,114.94368743896484,1420400
2020-09-08,114.43101921176152,114.67818714016026,110.09179691885976,110.86992645263672,1757400
2020-09-09,111.48328604787294,114.20216845031281,110.87909383861732,111.8860855102539,1403100
2020-09-10,112.3163688458392,113.09449860570597,109.01159949203965,109.14891815185547,1795600
2020-09-11,109.45099962649746,111.21781517512952,108.34330799010566,110.46714782714844,1766200
2020-09-14,111.32767367477935,112.38959012199565,110.51292520734862,110.65939331054688,1750500
2020-09-15,110.51290868315736,111.5473626428694,107.57432077636311,107.71163940429688,2136500
2020-09-16,108.15106222578885,110.03688349966274,107.30885146117686,108.5630111694336,2014200
2020-09-17,107.76129819075545,108.04696381973272,105.69711232742155,107.84423065185547,2054300
2020-09-18,106.8674276953769,109.47530053209832,106.67391159862989,108.20361328125,2604300
2020-09-21,105.9735644335893,107.54934441758705,104.67423300804022,106.88585662841797,2036000
2020-09-22,106.29610209960298,109.03298599356013,105.9367140156044,106.93194580078125,1732500
2020-09-23,107.41112300651982,108.63673207709738,104.72031750658203,104.91383361816406,1766000
2020-09-24,105.1810668460249,106.42510294649679,103.43019783805518,105.04283905029297,1804000
2020-09-25,103.80802525753592,105.23636047080076,103.14453742893578,104.91383361816406,1812300
2020-09-28,106.90429237421272,109.08826484441184,106.28687582012948,107.7889404296875,1665700
2020-09-29,107.18997100278732,107.2821205348496,104.27800501237905,105.3653793334961,2480800
2020-09-30,105.86299198000059,107.93638802500192,105.54968217453509,107.00566864013672,1805300
2020-10-01,107.3558461158724,107.97325573238062,105.56811561317689,106.78450775146484,1459300
2020-10-02,105.75241260855098,107.97324643647376,105.24557966516703,107.41112518310547,1255800
2020-10-05,108.65515593597578,110.21250174317579,108.22204547596816,109.75174713134766,1301800
2020-10-06,110.58112419119864,110.72856906478833,107.66915121282898,108.05619049072266,1541400
2020-10-07,108.18519856168176,110.0097831285557,108.07461490922701,109.76097869873047,1955300
2020-10-08,110.21252219984412,112.47943446713569,109.77941165944635,111.76065826416016,1236300
2020-10-09,112.30435251733854,112.36885789377635,110.55348326045105,110.99580383300781,1241300
2020-10-12,111.18010815336424,114.13815242083422,110.51662027457498,113.76033020019531,1542300
2020-10-13,112.58078333277432,112.9217442861164,108.83945802929387,109.26335144042969,1738200
2020-10-14,109.37393583466216,110.95893287973,109.18962976514399,109.25413513183594,994500
2020-10-15,107.85344240908452,111.21695254480791,107.35582657528325,110.72855377197266,1414500
2020-10-16,110.73779330445387,111.5026478655768,109.66884595601363,109.89922332763672,1249400
2020-10-19,109.95450583162454,110.51662715109941,107.65073223723871,107.74288177490234,1628800
2020-10-20,109.17123397298147,110.6917260872841,108.26815154982194,109.93608856201172,2469300
2020-10-21,109.90841669366434,118.48767349270507,109.13435221706068,118.15592956542969,3800300
2020-10-22,117.52009411731053,118.4139593713063,116.06410755988563,117.61224365234375,2174000
2020-10-23,118.92999688805595,119.38154154077202,117.48322746025613,118.89314270019531,1259800
2020-10-26,117.06853970407555,117.64908801912367,115.06886625501863,116.1009521484375,1323600
2020-10-27,116.04568085583611,116.5893680357539,113.631323658707,113.72348022460938,1519000
2020-10-28,118.97606943871781,119.42761406968707,115.70470852479235,117.41871643066406,4251900
2020-10-29,118.47847303988416,124.15496038835542,116.62623010404941,122.33037567138672,3946000
2020-10-30,121.34434883787512,123.02150266473818,118.43238987323383,119.71328735351562,3557200
2020-11-02,121.88805774605247,124.0904647484627,120.03581476979939,124.05359649658203,2708800
2020-11-03,125.04882884931277,127.67513639148578,124.46828746063908,124.66179656982422,3096200
2020-11-04,121.7590257684387,125.50956122941527,120.80987233412908,122.51465606689453,1799500
2020-11-05,122.86485926768728,127.62906153813019,122.56996948808174,125.99798583984375,1697200
2020-11-06,126.59693328626055,127.74881973977183,126.03481213450249,126.88259887695312,1724900
2020-11-09,137.91305687978178,138.78848772270987,131.1215251724765,135.4434051513672,4092900
2020-11-10,136.22673530936572,140.0602177604572,135.77519064461165,139.60867309570312,3016000
2020-11-11,139.47044319221425,139.5625856888564,135.7567617046285,137.33253479003906,1603500
2020-11-12,136.26360636915112,136.26360636915112,133.10283550788665,134.7062530517578,1872200
2020-11-13,136.74277074187108,137.6089917734144,135.21306185898038,137.5444793701172,1583700
2020-11-16,140.41961889858845,141.2397617723895,138.16190942632014,139.47967529296875,1433100
2020-11-17,138.84379366365295,139.09260509226817,136.58609886779257,138.2540283203125,1670700
2020-11-18,138.32775107674388,139.52571588795823,136.81647650199943,137.56289672851562,1595400
2020-11-19,136.31886890452344,137.09294743082356,134.47585023821017,135.80282592773438,2126300
2020-11-20,135.82122132543086,137.66423946625284,134.42974769111078,137.19427490234375,2042200
2020-11-23,138.11582334763798,138.50285558021457,136.17143809230936,137.33253479003906,1444000
2020-11-24,142.01378082759942,142.8062792878315,139.25846330701148,142.60354614257812,2375000
2020-11-25,140.7513234161849,141.08306729804488,138.92672503539762,140.55780029296875,1690100
2020-11-27,140.25368811274794,141.25812969936987,139.11102577975177,139.534912109375,906400
2020-11-30,137.86700043971783,138.93595455202095,135.53558314545393,136.22671508789062,5984100
2020-12-01,139.5533802454519,141.1475875070483,137.6089949262001,140.6499786376953,2197200
2020-12-02,139.71917142419042,141.2673136492499,138.95431736898558,141.15672302246094,2082900
2020-12-03,140.74213312265837,142.04146481039083,139.9219902818215,141.9032440185547,2002000
2020-12-04,142.5667292249441,143.2394271675918,141.75579643197622,143.2209930419922,1457100
2020-12-07,141.80188394490494,142.76945765453348,139.8114200841307,140.38275146484375,1260500
2020-12-08,139.92197581450554,141.36875223801835,139.2769220841023,140.43801879882812,1525400
2020-12-09,141.4885346369259,142.14281244023564,139.65474009143048,141.01856994628906,2088900
2020-12-10,140.1615510713729,142.62197888005036,139.8574513564423,141.61752319335938,1997100
2020-12-11,140.5025458916282,142.11518741679245,140.5025458916282,141.67286682128906,1504500
2020-12-14,143.32235275723642,143.32235275723642,138.90832901359767,139.01890563964844,1639100
2020-12-15,140.26295158979974,142.3086895161592,138.92675171444085,142.27183532714844,1825200
2020-12-16,142.41003945684164,142.5206301331749,140.17077863199407,142.05987548828125,1563300
2020-12-17,142.35628280773466,142.80085280703702,141.18001025752528,142.0876922607422,1671300
2020-12-18,142.300687283998,142.94902135863532,140.04076782444264,141.1151580810547,3609400
2020-12-21,141.64309021156078,141.70793068899943,138.4662460000354,140.55018615722656,1638800
2020-12-22,138.15133952099882,140.06855707004607,138.15133952099882,139.0867919921875,1523300
2020-12-23,140.0222259713643,140.70761571474182,139.29053776005463,139.9110870361328,965100
2020-12-24,140.151915241042,140.151915241042,138.5588577890821,139.6980743408203,422400
2020-12-28,140.40197339186568,141.73569718200213,139.64250042575134,140.6705780029297,865900
2020-12-29,141.7172131408557,141.7172131408557,139.54991837795802,139.762939453125,727400
2020-12-30,140.43905628702808,141.41155045051104,140.14266688406687,140.71690368652344,675300
2020-12-31,141.11515006664325,142.7452490949557,139.5035647732526,142.5600128173828,1220300
2021-01-04,141.18924095941733,142.18026277213792,137.45667431284429,138.6792449951172,1799100
2021-01-05,138.92010262790825,140.03153467736288,137.4381838068852,138.79043579101562,946900
2021-01-06,140.4297124006759,145.76460582411005,140.31857349856008,145.3941192626953,1718800
2021-01-07,146.2925719262204,146.32962765935576,143.75480537867944,144.35682678222656,1410100
2021-01-08,144.86623734677974,145.69980761956367,142.01355359357188,143.93077087402344,1287700
2021-01-11,143.1805586162919,143.9770873097227,142.282147852796,142.7545166015625,1471200
2021-01-12,142.9305015996554,145.16262209594484,142.68968171592178,145.05148315429688,1064900
2021-01-13,144.180853563512,146.32036293362333,143.91226308356002,145.52383422851562,1113100
2021-01-14,145.81097034774328,145.99622077869947,144.15308639862508,144.31980895996094,934900
2021-01-15,143.36579566791943,144.53281104638936,141.53193252940898,143.7362823486328,1436300
2021-01-19,143.58810679919694,144.6254413781015,143.56032206102083,143.8937530517578,1434500
2021-01-20,143.6899885864819,144.81069151022282,142.74526509257518,144.31980895996094,1446100
2021-01-21,144.6902617571764,147.0335352353569,144.13453880560036,145.5701446533203,2042500
2021-01-22,144.05118476231806,144.6995187847942,141.17997306369566,141.27259826660156,1505700
2021-01-25,140.1703918137,141.735664115208,139.2256827932713,141.42076110839844,1358300
2021-01-26,141.82833874214393,141.91169295548488,138.86450147442395,139.1145782470703,1155200
2021-01-27,137.08619418151676,138.80891841847102,133.7055861778343,134.39097595214844,1581600
2021-01-28,135.65990182973707,138.1420998243494,135.41909600615762,136.2711944580078,1464400
2021-01-29,135.23380262071524,135.84509505499082,133.3721547155546,134.9188995361328,2200500
2021-02-01,136.15998771473357,137.41961408924436,135.39124379702423,137.1139678955078,1714300
2021-02-02,138.6236990881847,140.74469500803693,137.32703085135827,139.52210998535156,1574900
2021-02-03,140.78174352582147,144.44021363960573,139.90186045531,143.85671997070312,2574200
2021-02-04,145.5701282152418,150.87722385975556,145.00514846023282,150.7197723388672,3183200
2021-02-05,151.46076833476553,152.9519438455805,150.39564902673635,150.5531005859375,2233800
2021-02-08,149.7843668229594,154.00781687164002,149.32126898196157,153.91519165039062,2056200
2021-02-09,153.35019888599942,154.01704665776066,152.08130141460842,152.38694763183594,1555500
2021-02-10,152.55368222023935,153.71142671056998,151.90533399955567,152.15541076660156,1520600
2021-02-11,151.59042913002133,154.23009219037743,151.33109549780804,153.6095428466797,1507600
2021-02-12,152.3221272401797,153.87812898939612,149.85844367129775,152.0442657470703,1559000
2021-02-16,153.33165719695816,153.54467819002187,150.85871707971012,152.4147186279297,2007700
2021-02-17,151.65524741983083,154.53571582227255,151.30328862790273,154.10040283203125,1382500
2021-02-18,153.0908696989277,153.65584959939835,151.28479104418497,152.61851501464844,1362100
2021-02-19,153.58176705686867,153.92445491955198,152.38696677284634,152.54441833496094,1276800
2021-02-22,151.97942679070027,156.65671721806447,151.72009316324375,156.11952209472656,2468200
2021-02-23,157.28650703684048,158.50907759586417,155.65639411464886,156.29547119140625,2095900
2021-02-24,156.43443137489697,158.99074027884714,155.80462514979948,158.06454467773438,1839600
2021-02-25,157.7311017257528,158.4813178445002,152.47030376171222,152.76669311523438,1844900
2021-02-26,153.00749935816282,153.5632223314951,150.58087158203125,150.58087158203125,1976800
2021-03-01,151.95163902959592,156.193616326583,151.89606955805039,155.00808715820312,1403500
2021-03-02,154.40606892641446,157.2587388311426,153.90591540682897,155.23963928222656,1580100
2021-03-03,155.33226363366998,157.83298881991362,154.87842272138639,155.13775634765625,2159300
2021-03-04,155.10069516922505,155.60083449030498,151.87752485072454,153.74844360351562,2068400
2021-03-05,155.96207950445157,159.80578566498662,154.13747300691122,159.0,2177600
2021-03-08,159.30562299118958,163.38087746117142,158.2590175735179,160.44483947753906,1782800
2021-03-09,159.3334550396523,160.50972760886813,156.95313929173005,157.1291046142578,1784000
2021-03-10,157.69402598132623,161.2043145120143,157.4161786634315,160.67637634277344,1799200
2021-03-11,158.72212022102866,160.36149023287447,158.2127239960011,158.9444122314453,2957700
2021-03-12,161.20432818975192,162.40838515573157,160.53746630498233,162.13052368164062,1393600
2021-03-15,162.11200571990338,162.39912407871267,159.33341907446237,161.34326171875,1350500
2021-03-16,160.7782728897803,160.7782728897803,157.61994285401835,159.6946258544922,969900
2021-03-17,161.0654210885306,161.3525536171512,158.59248034971282,160.6486358642578,1179000
2021-03-18,161.75578380575303,166.5472326519293,153.698693760846,156.42471313476562,4640900
2021-03-19,155.75481295881013,156.57353714671532,148.0419600701181,148.14430236816406,6915700
2021-03-22,148.01408752706783,148.83282611998484,145.96725524124142,146.11611938476562,3351500
2021-03-23,145.50201510473437,148.2838542640636,145.21359979922266,146.423095703125,3291800
2021-03-24,146.99066351453826,148.56299295733146,145.6881236860364,145.71603393554688,2326300
2021-03-25,146.1626339274042,148.34901736614316,144.27396456442565,147.84661865234375,3000300
2021-03-26,148.95377992261362,148.95377992261362,146.82320268453,148.6560516357422,1891000
2021-03-29,151.18667088502312,151.18667088502312,146.90691944599965,149.1770477294922,2790900
2021-03-30,149.2980060067015,151.140153521967,149.07470980624365,150.26559448242188,2701000
2021-03-31,149.67015621968216,151.18667945492982,146.8138983346034,146.97206115722656,2925500
2021-04-01,146.5068398965141,148.25595764742363,146.21842456449446,147.9210205078125,1993600
2021-04-05,149.52126858463055,150.27487357157466,148.15360983185718,148.77696228027344,1332200
2021-04-06,148.665348873365,150.0981413961659,148.25599377760213,149.8283233642578,1966400
2021-04-07,150.60984347850214,150.63775372879968,148.95376904401036,149.7445831298828,1256100
2021-04-08,148.47923407994583,149.29797243438483,147.5674663102509,148.77696228027344,1600800
2021-04-09,149.5678199957675,149.97718929287302,148.3955468057104,149.50270080566406,2077300
2021-04-12,150.10740608397867,150.8145035000313,149.2979805645108,149.73526000976562,1173700
2021-04-13,149.73528637061352,150.22838639416415,148.09780928428825,149.7166748046875,1459000
2021-04-14,149.49337639422282,153.6614869192263,148.8607251267374,152.68458557128906,1418100
2021-04-15,152.63808081431597,152.9916296188736,150.31213172426123,150.81454467773438,1723800
2021-04-16,151.1494660842011,152.74040714515294,151.1494660842011,151.43788146972656,1600800
2021-04-19,151.70764845168134,151.84721386645808,149.40961041368246,150.45164489746094,1165800
2021-04-20,149.97714236226642,150.88891011366863,149.20492582917927,150.45164489746094,1281100
2021-04-21,150.72145681264644,154.15455893370182,150.62841319775737,153.57772827148438,1263000
2021-04-22,152.81483854177094,156.9829348813247,152.0333231399418,155.2989501953125,2814400
2021-04-23,155.55946402440534,157.6342065273019,155.34548069451955,157.47604370117188,1658800
2021-04-26,157.32718880298845,158.55528243634512,154.41509624604868,154.47091674804688,1430000
2021-04-27,154.2196608188906,155.59663234328542,153.98706600420428,155.00119018554688,1190700
2021-04-28,156.23862571692226,158.03426556966852,150.91686793220686,152.6380615234375,2277700
2021-04-29,153.73591399442125,158.6110934983145,153.4754088696238,157.69932556152344,2880800
2021-04-30,157.26208994535605,161.2441141887251,156.86203346222936,159.64385986328125,3277700
2021-05-03,161.27193675313012,162.26744937088984,159.21580654834133,160.03453063964844,2272000
2021-05-04,159.6066084077833,161.58830711828455,159.37401352936814,160.68585205078125,2463000
2021-05-05,159.86706953581376,161.30916022437538,158.06213150464924,159.4111785888672,2150600
2021-05-06,160.40672317805453,161.53247435408787,159.4019116760184,161.17893981933594,2249500
2021-05-07,159.56007935193185,164.24918564154441,159.12279986463798,164.10963439941406,3034600
2021-05-10,164.53757832856365,164.8539038708108,161.699918737321,161.7278289794922,1466500
2021-05-11,160.36021096742948,160.65792502485868,155.62458272609052,156.08045959472656,3457200
2021-05-12,157.21549390497935,157.6992951275777,153.289292029213,153.4381561279297,2396900
2021-05-13,153.07533069527165,158.0156433331096,152.91716789139417,157.0387420654297,1797700
2021-05-14,157.0294597783612,158.79717525001058,156.64800075457975,158.3319854736328,1382000
2021-05-17,157.98775246334975,158.29477942493446,156.39681134914295,156.75965881347656,937000
2021-05-18,156.08978048924857,156.238630427373,154.09876882762353,154.27554321289062,2812700
2021-05-19,153.21487474314137,154.58253361440276,151.81930562523897,154.53602600097656,2675500
2021-05-20,154.64767840756033,155.56875920412023,153.75450785970244,154.59185791015625,3352200
2021-05-21,155.01983171370037,157.0387535767838,154.1452726898883,155.10357666015625,2578200
2021-05-24,155.97808854301653,156.74100640570305,154.38714784335465,155.05702209472656,2924600
2021-05-25,154.79651611673356,156.20138378204132,153.9405688441823,154.1359405517578,2643800
2021-05-26,155.55010662722805,155.5687181869437,153.279979021575,154.58250427246094,2303000
2021-05-27,155.5873545498459,158.09937627562581,155.27102893769182,157.5597686767578,4827400
2021-05-28,158.52737380924324,158.96465334132904,156.92711981873043,158.1552276611328,2194500
2021-06-01,159.62521331156242,161.4022273191825,158.1738094057916,159.55078125,2965300
2021-06-02,160.65791639674705,161.33710361579224,159.02045367766485,159.45773315429688,1836600
2021-06-03,158.73203691404896,161.57899573058938,158.42500999510352,161.32778930664062,1895700
2021-06-04,161.25339541477683,161.33712616971854,159.86712473161262,160.9649658203125,1421000
2021-06-07,160.96496580122025,161.27199276576917,157.56908601752917,157.65281677246094,2486200
2021-06-08,156.89915439249674,158.28542457017542,156.4804865739843,157.99700927734375,3064800
2021-06-09,157.5132399343294,157.97842964813637,155.5129156470814,155.65248107910156,1617100
2021-06-10,156.89922861894084,157.09461459812616,153.79176389585157,153.9406280517578,1866800
2021-06-11,154.39644517041685,155.51289751408112,154.21967082834817,155.4570770263672,1515700
2021-06-14,155.15007416145644,155.94090238370572,153.8661601559274,154.8709716796875,1733200
2021-06-15,155.63391714870457,157.0667098557687,154.79658108616317,156.39683532714844,1549500
2021-06-16,156.09906712891672,157.49463634096196,155.3826709583902,155.83856201171875,2023000
2021-06-17,156.35275635493275,156.52102153270314,149.78080008399175,149.82754516601562,2487100
2021-06-18,147.39690730406036,149.02354161219074,145.6300520489329,145.84506225585938,4136700
2021-06-21,146.90144909018812,149.08898157228708,146.75187056202918,148.66830444335938,2071900
2021-06-22,148.60287803938803,149.51902159391585,147.4156216098527,148.93942260742188,1214000
2021-06-23,149.1263718255096,149.80880419374154,148.55611621244117,149.09832763671875,1077300
2021-06-24,149.61249174358053,151.13629268273561,148.65896072453276,150.69691467285156,1243400
2021-06-25,151.0428065476768,152.1365727114582,150.71560532351808,151.71588134765625,1770200
2021-06-28,151.72527128329511,151.72527128329511,148.02328063851638,148.59353637695312,1361700
2021-06-29,149.09835229333348,150.37908467522132,147.33149678435885,148.07936096191406,1156900
2021-06-30,148.26633904211528,148.87398224339333,147.46237222519355,148.5841827392578,1084300
2021-07-01,149.4442487183506,151.35132530331626,148.64028184345625,151.27655029296875,1055100
2021-07-02,150.94932510596777,151.40740399326668,150.0238240227043,150.8558349609375,1734000
2021-07-06,150.26689870185874,151.16434136581964,148.35046476886316,150.59408569335938,1587300
2021-07-07,149.57514866414704,151.81877018827015,149.47231517885655,151.4167938232422,916000
2021-07-08,149.27593760539918,149.75271734890885,146.9481843243772,147.65866088867188,1351200
2021-07-09,150.36971489898332,152.2861343474024,149.0983260504843,152.12721252441406,1569200
2021-07-12,151.5663400507588,154.1932507562477,151.22979546750005,153.88475036621094,1539400
2021-07-13,153.13683611949307,153.96884694123972,152.3422270563594,152.3983154296875,1305000
2021-07-14,152.9592792408231,154.20262435473413,152.55730288262052,153.6043243408203,1009200
2021-07-15,151.9870106879523,155.4552755703769,151.73459869519718,155.33375549316406,1098600
2021-07-16,155.7357211589696,156.586432964548,154.51107730886534,155.8852996826172,1129000
2021-07-19,153.28644184602697,154.23998715571344,149.0796419242616,150.31362915039062,1766200
2021-07-20,151.16429488376326,157.82039487363576,151.16429488376326,156.7453155517578,3033600
2021-07-21,158.0074307985972,160.26975291164106,157.6428419924578,158.38136291503906,1707700
2021-07-22,157.73627245904368,157.9325960356191,155.87594145834194,156.3527069091797,1199700
2021-07-23,157.7549958365172,158.18503054603357,155.56746331775335,156.02552795410156,1340900
2021-07-26,155.93205007621205,157.68020455415336,155.86660412066018,157.1847381591797,1331400
2021-07-27,156.39946741651838,158.53091145888354,155.27765701494616,158.28785705566406,1704300
2021-07-28,161.72809117994774,161.96180229436962,153.4453687142522,155.202880859375,1991900
2021-07-29,156.90428573361586,157.12865353210674,154.86633172288433,156.52099609375,1676000
2021-07-30,157.848499969776,158.97031051997647,157.09126394041047,157.74566650390625,2158300
2021-08-02,158.8113544591254,161.41022047540204,158.14760872882533,159.250732421875,2584000
2021-08-03,159.77425734100345,161.92440228046036,157.8952109969064,161.37283325195312,2076800
2021-08-04,159.46574011603755,162.00851771669406,159.33486248650047,160.87734985351562,1835400
2021-08-05,161.92440282060437,163.11164492358088,158.27850114642598,161.27935791015625,2524800
2021-08-06,162.78445157506505,164.1399730325185,162.34507358846673,163.56971740722656,1802200
2021-08-09,163.5977470954522,164.8691358720348,162.1674365048707,164.3175811767578,1630800
2021-08-10,164.15867764119824,166.67339702287012,163.8408197132167,166.49578857421875,1810700
2021-08-11,166.97256458136334,169.8612304529356,166.20598530006652,169.28163146972656,2283600
2021-08-12,169.4405834840903,170.86155126794736,168.95446029876615,169.84255981445312,1576800
2021-08-13,169.6555564472288,171.07652391867222,169.431202922249,170.82411193847656,1456900
2021-08-16,170.4875531394869,172.5068202831238,169.39378700283163,172.2263641357422,1988200
2021-08-17,171.4317802883185,174.0306467254678,171.17002498274908,172.6751251220703,1914700
2021-08-18,171.82440060348185,174.43261015798612,171.01107628961398,172.45074462890625,2178100
2021-08-19,171.36632085312897,173.91844201402523,171.01107542439567,173.3575439453125,2462100
2021-08-20,172.94620934933283,174.58218700534005,172.17028680644682,174.07737731933594,1792700
2021-08-23,174.75046085966787,175.65726108966797,173.28276253553798,173.404296875,1687400
2021-08-24,173.6941033310671,174.53545763830974,173.09580344790484,173.26406860351562,1708900
2021-08-25,173.78757662443812,175.43291197702362,173.0958008644594,174.51675415039062,2028100
2021-08-26,174.87198472480316,175.22723014835623,172.28246183833087,172.30116271972656,1672300
2021-08-27,172.62834613005987,174.32041197454677,172.17961061045213,174.18019104003906,1561500
2021-08-30,174.42326060886563,174.42326060886563,171.83373776417935,171.8711395263672,837400
2021-08-31,171.60000945213227,173.17989852805616,171.3382542014623,171.93655395507812,2077500
2021-09-01,171.8617797838098,172.27311357512642,170.14166962429715,171.09521484375,2154700
2021-09-02,171.347612544664,171.347612544664,169.95470360949665,171.09521484375,1644900
2021-09-03,170.60907401377418,172.10483050548478,169.49660708444569,171.50653076171875,1755400
2021-09-07,171.04847665831213,171.11390834705915,168.4028653618557,169.92666625976562,1673800
2021-09-08,169.300340055922,170.88957280982328,168.86096201169235,170.54367065429688,1450000
2021-09-09,170.54366289425528,172.0768214568489,169.11335205436635,169.28163146972656,1572500
2021-09-10,170.4221611215376,170.98305928226011,168.21592745433315,168.4963836669922,1121200
2021-09-13,170.09494544247278,171.45046704697805,169.33772371755717,171.39437866210938,1386900
2021-09-14,171.7496201074519,172.79664130612952,169.05726357988775,169.46859741210938,1614200
2021-09-15,169.4124883614302,171.81503083985854,169.1787772820512,170.85214233398438,1450100
2021-09-16,171.25590745837644,171.87562085526574,169.01180681870926,170.08221435546875,1340600
2021-09-17,172.53288013336123,173.2934309452533,169.0118009469661,169.52822875976562,5419100
2021-09-20,166.90857096100092,167.66913625120887,164.59875057941008,167.0306396484375,2129800
2021-09-21,168.11979342339592,168.54232005109873,164.5799312134621,165.0681915283203,1504000
2021-09-22,166.81465852074092,167.40619010824977,165.53767983827237,166.12921142578125,1576100
2021-09-23,166.8991370131581,168.65497707660347,166.48599480356944,166.65501403808594,1107600
2021-09-24,166.44849602890477,167.32171698265262,165.7536644250144,165.96023559570312,1089700
2021-09-27,166.9930776434969,168.6080806659236,166.05412306428647,167.53765869140625,1018300
2021-09-28,166.97427974124682,168.31697779340496,164.14803186614688,164.7583465576172,1666400
2021-09-29,164.84284320060448,166.4672304096397,164.30764660699631,165.62217712402344,964700
2021-09-30,166.55173168566932,166.86158834881414,162.88041663946748,162.88980102539062,1478200
2021-10-01,163.4250172839338,165.76300458617217,162.42972790561305,164.70199584960938,1038500
2021-10-04,164.20434741837644,166.30759607110585,162.6456797008667,163.01187133789062,1648100
2021-10-05,164.01654551634033,165.22780469939605,162.20437042573894,164.45785522460938,1960400
2021-10-06,163.13394200481835,166.20431256569492,161.46260432524238,165.93202209472656,1399200
2021-10-07,167.04001367628342,169.28411454435587,166.66443757605006,167.43438720703125,1189300
2021-10-08,169.593955689649,171.8850069415439,169.04936036523884,171.62210083007812,2123100
2021-10-11,171.91317396140533,174.29812638688225,171.3779773528479,171.6033172607422,1294000
2021-10-12,172.25118697225076,172.62677733988133,170.27939126959362,170.54229736328125,1031000
2021-10-13,169.9695257804128,171.22772121032756,167.20899761244888,171.11505126953125,1289900
2021-10-14,172.50471778900567,173.52817473114337,171.6784332638921,172.73007202148438,1377000
2021-10-15,174.3356787035558,174.74882097215206,170.13855098070252,170.24183654785156,1600000
2021-10-18,169.23715570214546,169.67846544107215,166.07286945417027,166.85220336914062,1295700
2021-10-19,168.70194598526317,171.26528764753797,168.46720737043523,171.068115234375,1685300
2021-10-20,171.0680884380578,174.81450697439084,170.8333498599996,174.15724182128906,1522700
2021-10-21,173.61268497321112,175.24647099542955,173.43429564939572,174.85211181640625,1142100
2021-10-22,175.7253368374474,177.07743367055136,174.47653990438457,176.62673950195312,1387600
2021-10-25,176.74876235721638,176.94593473666575,174.3356429322855,176.58914184570312,1533900
2021-10-26,177.1150058149449,177.1150058149449,175.37793412274294,175.8004608154297,1326200
2021-10-27,182.38254279696565,184.30738822432812,178.03517850635134,178.65489196777344,2155200
2021-10-28,179.57504682142664,184.86136520279092,179.57504682142664,184.1195831298828,2509300
2021-10-29,184.03505850790322,185.1993670971102,183.1054885137318,183.45291137695312,2636800
2021-11-01,184.88010961730402,185.8378470858071,179.1243290750344,180.5703125,1763100
2021-11-02,180.9834513654426,181.02100323551142,178.27925824668392,178.8989715576172,2220900
2021-11-03,178.39195972061768,182.08204380320126,177.9224824992829,180.467041015625,1701100
2021-11-04,179.83793576113194,181.08674683709825,178.22293304088282,178.40133666992188,1753500
2021-11-05,179.91305674445454,181.88486675469412,178.5985262891664,181.3966064453125,1970800
2021-11-08,182.0257363178923,182.72056786822955,179.43422682259455,180.1853790283203,1600100
2021-11-09,179.73465662601973,181.74401854827238,179.51870111713814,181.7064666748047,1392500
2021-11-10,181.80037914949477,183.7909725792701,181.24639939208174,181.2651824951172,1633700
2021-11-11,180.94592685068974,181.7628126757668,179.9506230520669,181.31211853027344,1005900
2021-11-12,181.19004657202152,181.69707568558348,179.88490042209,181.06797790527344,1313100
2021-11-15,181.54688817379045,182.29804043552215,180.46708172475684,181.3684844970703,1065400
2021-11-16,181.70646218233878,182.6266334962781,180.94591139947923,181.35903930664062,1160900
2021-11-17,180.62668789329362,181.3496869312339,179.57506334887856,180.0727081298828,1325700
2021-11-18,180.2229454682649,181.88489909656968,179.75346817542365,180.2135467529297,1745800
2021-11-19,180.23233849662859,180.35440718335846,176.73942612425472,176.75820922851562,2076300
2021-11-22,177.4999567904467,180.9834843760986,176.14787431175938,179.11495971679688,2074400
2021-11-23,180.32619615695586,182.89892205448626,180.2792455712936,181.17124938964844,2254800
2021-11-24,180.5891064653918,180.5891064653918,178.46707462053848,178.7957000732422,1474600
2021-11-26,174.3826173186487,175.6126453255791,172.37325541807593,173.28404235839844,2271400
2021-11-29,174.87088216962812,175.28401009326547,172.86152021691908,173.74412536621094,2364800
2021-11-30,171.87561888369567,172.65495281436372,168.2418553362063,168.51416015625,3638700
2021-12-01,171.31227304557612,172.02588774913235,164.43913245703405,164.44851684570312,3138300
2021-12-02,166.22312320382522,171.7817324327041,166.22312320382522,171.22775268554688,2531900
2021-12-03,170.6831484204669,171.80050657148033,168.5517176868692,170.3826904296875,2476500
2021-12-06,172.9084372663974,177.78161261961947,172.28873828614,176.0821075439453,1691300
2021-12-07,176.45773431648635,177.75349627283833,175.88498575426692,176.56101989746094,1895200
2021-12-08,176.66427196919122,178.2886734643436,176.2699128240831,177.6126251220703,1231000
2021-12-09,176.7299857598375,178.9459185595168,175.77224832822617,178.589111328125,1565300
2021-12-10,179.71585201352465,180.22289537214516,178.67361214003358,179.78158569335938,1697100
2021-12-13,179.2276079665856,179.5092828051103,176.9928920655819,178.61727905273438,1583300
2021-12-14,179.31213434858645,182.5609087564628,179.27456814689893,180.78628540039062,1952000
2021-12-15,180.71118195528126,182.79564767858375,178.80509121740803,182.11961364746094,1575100
2021-12-16,183.85446780006762,186.3812812724463,183.0153377276256,184.66531372070312,1951100
2021-12-17,183.25103312114277,183.25103312114277,178.55567729101008,178.9233856201172,4053400
2021-12-20,177.2168526735399,177.82027187706834,173.67175226449274,175.1520233154297,1726200
2021-12-21,177.01883931503002,178.404820193222,175.56686688326346,176.53799438476562,1086500
2021-12-22,176.00999350588913,178.20682028563354,174.99173532596163,177.6128387451172,1164100
2021-12-23,178.31052644999767,180.72420307948735,178.31052644999767,179.74365234375,969400
2021-12-27,179.5739491506745,182.855039950805,179.21566407718032,182.42132568359375,624000
2021-12-28,182.18559499618,184.22213984468374,181.79904020214187,182.37416076660156,603100
2021-12-29,183.08130306568583,184.23157302990916,182.46846068211548,183.2510223388672,558600
2021-12-30,184.23156874202695,184.74071216307414,181.9216056136404,182.0724639892578,627100
2021-12-31,182.0536206734413,183.35474911213785,182.0536206734413,182.26104736328125,672300
2022-01-03,182.43077188152554,183.0907593741976,179.92280502272342,180.49794006347656,1971900
2022-01-04,182.6193534753148,184.7124671235624,181.12023581516846,184.4296112060547,1847900
2022-01-05,184.91039719819798,185.80610971563058,182.8361451093622,182.93043518066406,1660900
2022-01-06,186.107841722075,187.06010829282127,183.44903104983575,186.67355346679688,1994200
2022-01-07,186.362407656664,189.81321754164665,184.91985857774694,189.69064331054688,1892600
2022-01-10,189.2192281267146,189.8037863811837,185.2687123154279,187.45611572265625,2033300
2022-01-11,188.09726055469082,188.94581387020287,183.9958859608689,188.07839965820312,1418600
2022-01-12,188.07835337264515,188.90805997412977,185.76839046076114,186.51324462890625,1487200
2022-01-13,187.39013834027818,188.40841100709122,185.5798806170493,186.2398681640625,1279700
2022-01-14,185.28759845514173,186.20215775076161,182.67591807555456,185.04244995117188,1663000
2022-01-18,184.75014571939485,184.938711506109,181.53504654465598,183.83558654785156,1324900
2022-01-19,184.79729063459638,184.79729063459638,180.68649318583027,180.91278076171875,1451700
2022-01-20,182.1101713898389,187.44666773747153,181.8838982130593,182.0724639892578,1976500
2022-01-21,183.38300892743686,187.04124527737673,180.8090509280787,181.0353240966797,3169000
2022-01-24,180.12078376205253,185.08014889436484,177.07540382885165,184.7030029296875,2171200
2022-01-25,183.1850307303101,184.5898725208578,178.50853570474047,182.59104919433594,2242000
2022-01-26,182.67590421490036,185.63643184193654,180.89393080860543,183.0059051513672,1878900
2022-01-27,184.6841505932192,188.23865948325266,180.46020224201666,181.7519073486328,2485200
2022-01-28,181.86504043897196,185.65527446815608,180.5167814487117,185.63641357421875,2096900
2022-01-31,183.84503018820013,186.14555587982488,181.92162169566333,186.00413513183594,2090300
2022-02-01,185.16498496353503,189.10607722259923,184.7689925256351,188.44607543945312,2274500
2022-02-02,193.28288146642015,196.6111172500077,190.77491477118244,195.66827392578125,4158000
2022-02-03,194.78201075513456,196.48855497399475,193.2640323352678,195.4985809326172,2691100
2022-02-04,194.95173223110427,197.46912236185008,193.29231865339727,194.78201293945312,2218500
2022-02-07,195.85682549161564,196.4791054932151,192.3306009225116,193.28286743164062,2175300
2022-02-08,194.42371210146973,196.91281769561908,192.92458040637308,196.01710510253906,2247100
2022-02-09,197.20512158171286,198.54395743297366,196.328269771626,197.0165557861328,1783700
2022-02-10,196.13968120366178,199.6753434102172,195.5551229892381,196.67710876464844,2613800
2022-02-11,195.98882166516947,196.75252239538287,191.77431118907316,192.39659118652344,2842100
2022-02-14,192.81145757034358,193.78258503211327,188.1349484062388,190.52035522460938,3062300
2022-02-15,192.1891675464986,194.72541822938686,190.92576102510293,192.01002502441406,1933100
2022-02-16,191.1143384927014,194.1597183945102,190.822059364744,193.19802856445312,1695100
2022-02-17,191.68944843194936,193.6034189744398,189.5774888742471,191.9911651611328,1863200
2022-02-18,191.30290197219458,193.81086863126606,191.06719114453705,193.00946044921875,1883900
2022-02-22,192.8114528976072,194.9705577026196,190.54863475517914,191.48204040527344,2820700
2022-02-23,192.70775576135202,193.53746253043192,189.79437320171658,189.89808654785156,2225800
2022-02-24,185.48555607042306,188.45552106041887,182.22332634957812,187.6540985107422,2431600
2022-02-25,188.73837936435885,195.63057650076348,188.12553692701357,195.18743896484375,2083500
2022-02-28,188.94577784343213,192.3023118324523,188.71950467531897,192.00059509277344,3069200
2022-03-01,190.49208791771426,191.7649323539945,186.25872995444738,188.13497924804688,3018600
2022-03-02,189.50210019297532,193.9051771456877,189.25695170145843,192.62290954589844,2084900
2022-03-03,192.8303191859571,195.06485324311274,191.05776914659305,194.22572326660156,2200900
2022-03-04,190.4826644804654,194.4520418065234,189.43610765666574,193.773193359375,1962600
2022-03-07,191.48202371478425,191.8403087376535,187.41837178900332,187.5503692626953,2093400
2022-03-08,188.7478117225546,191.8780441499682,184.98586159312137,186.3529815673828,2071300
2022-03-09,191.21804500487121,193.7260116046312,190.86919759191517,192.28346252441406,1479100
2022-03-10,190.02065308410891,192.2363408355107,189.162676521351,189.9075164794922,1902000
2022-03-11,190.63348654664074,193.16973729114952,190.1997723043909,190.36949157714844,1424000
2022-03-14,193.28288562631198,195.8379974200824,191.78376816132288,193.24517822265625,1317300
2022-03-15,195.65885567141856,197.23340233671354,193.11318150828683,195.5928497314453,2468000
2022-03-16,196.7054470167533,199.10026321324887,195.34775005412735,198.9116973876953,2064700
2022-03-17,197.83271804900397,199.79183959960938,197.14182659903705,199.79183959960938,1645300
2022-03-18,199.94323207256417,200.81394783599666,196.93358504948705,200.17984008789062,2354900
2022-03-21,201.41971696544942,202.73525720607452,199.96220322347315,201.56167602539062,2251300
2022-03-22,203.4829339614549,205.12025771206157,202.02543464916076,202.19578552246094,2482800
2022-03-23,201.92132887309282,202.29043687761427,199.16720752475032,199.3564910888672,1856900
2022-03-24,199.51738404256747,201.8929382769894,198.7981007180255,201.7698974609375,1287100
2022-03-25,201.88344542532423,206.4073900774178,201.5711210738522,206.11399841308594,1312200
2022-03-28,205.92470618563198,206.13292241116977,203.18951788623988,205.52720642089844,1328800
2022-03-29,206.97524568350775,207.25917821197353,202.87719281054797,204.2779083251953,1871200
2022-03-30,204.82686571971803,205.92473059516166,204.09810884395165,205.84901428222656,1063800
2022-03-31,205.13917093197034,206.93738626161561,202.34719894482274,202.44183349609375,1625400
2022-04-01,204.43882389638608,205.59347238976775,202.96239190587443,204.9499053955078,1278900
2022-04-04,204.15491160212358,204.27793797723697,200.6814924579131,202.12954711914062,1491700
2022-04-05,202.48915635231657,205.2243446982654,200.72879196915653,201.00326538085938,1851700
2022-04-06,200.79508008196595,203.3599035258347,199.61203970786136,201.09793090820312,1389100
2022-04-07,201.88344209359886,201.9780910863286,198.67503764321938,201.1925506591797,1513200
2022-04-08,202.69738781887918,205.2906173133092,201.7509555942359,204.57131958007812,1450000
2022-04-11,205.80166204653676,206.7670268545988,203.36933900245904,203.72897338867188,1140000
2022-04-12,205.7637970107198,205.93414784913122,202.3093113372814,202.9339599609375,1084200
2022-04-13,202.52700417988564,204.36307026781978,199.7255588940168,201.4385986328125,1216300
2022-04-14,201.06006809621294,201.8834595267103,199.06309548500548,199.242919921875,1517000
2022-04-18,198.36274181705718,200.7950797541221,198.20185005941093,200.5584716796875,878100
2022-04-19,199.76342385539337,201.40074729215033,197.87055971625927,198.67501831054688,1499900
2022-04-20,200.7855773201323,201.26826696508172,198.49521322187812,201.1925506591797,1719200
2022-04-21,203.2368605495105,205.15811680484188,199.94326601916273,200.1988067626953,1116500
2022-04-22,199.43218915306497,200.59629668519767,194.93663631997214,195.05967712402344,1579100
2022-04-25,194.73787863116354,196.81056739973926,191.51055589813632,196.21432495117188,1521800
2022-04-26,194.7284398517872,197.8895201725071,192.5043182373047,192.5043182373047,1620600
2022-04-27,198.2491332748977,202.31879419590098,196.85787693165463,199.3375244140625,2903500
2022-04-28,201.0979171785073,201.94971485455375,197.5204044867778,199.85809326171875,1986700
2022-04-29,198.57091201864552,199.97162745080243,194.84196731987234,195.39089965820312,2360000
2022-05-02,196.92416660409515,197.09451747844213,190.80074874729124,194.17950439453125,1743500
2022-05-03,195.70323957240763,198.82646856767008,194.9839563345555,196.46038818359375,1691400
2022-05-04,196.4603850440648,202.61219394435443,196.4603850440648,202.49862670898438,1711300
2022-05-05,200.75719088667896,201.78881294598753,195.48557111458257,196.85789489746094,1771900
2022-05-06,196.7064673197843,198.67504805214867,195.22057625765834,197.9557647705078,1454300
2022-05-09,196.7159251734666,197.4730593288678,193.44126362986378,194.12269592285156,2496800
2022-05-10,195.24894373300788,198.0030645904055,192.0594577584797,193.89553833007812,1843400
2022-05-11,194.29306079280173,197.23646552471422,193.52645301823512,193.66842651367188,1793900
2022-05-12,194.28356496863128,194.66213200213085,191.3117689872989,194.43499755859375,1782100
2022-05-13,195.13537332663088,196.31841351153307,193.74413135528172,195.47608947753906,1378500
2022-05-16,195.47609755021068,198.81701645644185,194.47288174260868,196.85789489746094,1449000
2022-05-17,199.11986494802656,201.12629654006741,196.80110900490988,201.0316619873047,1905400
2022-05-18,199.7161033874316,200.31234578311472,195.5707262179582,196.204833984375,2036200
2022-05-19,194.40662765277955,195.31519441208997,188.6807103672904,192.95858764648438,2535200
2022-05-20,193.33715866045688,195.4003882592706,188.94571405725767,193.07215881347656,1939000
2022-05-23,195.39090181049227,197.45413127324935,193.867145570133,196.204833984375,1901800
2022-05-24,195.56129608077137,197.5109441616989,192.02163434574325,196.99986267089844,1219400
2022-05-25,196.44145896166765,198.71290483528875,196.20485091908685,196.83895874023438,1591700
2022-05-26,198.34381272958493,198.7507716634953,195.95879942602818,196.573974609375,2216300
2022-05-27,197.11344603252067,199.60255299553225,196.07236479531514,199.5930938720703,1704900
2022-05-31,199.42273121338002,201.3912974414265,196.14806951288938,199.97164916992188,2722000
2022-06-01,200.1420125678104,200.29344518126828,194.62431127209078,197.46360778808594,1453300
2022-06-02,197.6812756115558,198.73181586010034,193.8387634502838,198.6655731201172,1533400
2022-06-03,196.9903891057543,199.61201023123135,196.70645656961526,197.3594970703125,1339800
2022-06-06,198.76967501683632,201.81718755455938,197.57716132034858,200.7666473388672,1556500
2022-06-07,199.23342950087428,202.3377258412401,198.5614707521084,202.1768341064453,1687800
2022-06-08,200.30290366471934,201.28718676623595,197.94628236505844,199.06307983398438,1259000
2022-06-09,199.0630745179477,199.66879051226107,195.05967059367984,195.20162963867188,1524100
2022-06-10,191.18877130516063,193.3087847183601,189.52305576426738,190.85752868652344,1719100
2022-06-13,188.05609811392085,190.66826054598647,185.90769271514205,187.0244903564453,1811400
2022-06-14,187.9992916439536,189.69339892785615,185.96446819037,187.3367919921875,2202500
2022-06-15,189.87322669075212,192.06895636534554,186.2010795101601,188.60501098632812,2428800
2022-06-16,184.8699811549829,184.9650115126544,179.58581180837294,179.8043975830078,3189100
2022-06-17,180.57417581664825,181.29646729926446,178.06514574326815,179.94691467285156,5500700
2022-06-21,183.82453531374705,183.82453531374705,178.21723696485628,180.07049560546875,2863700
2022-06-22,178.1221930827921,181.76219058745332,177.72303079662103,180.1275177001953,2519300
2022-06-23,180.4506612822858,181.54361918973026,175.91730849373658,177.6945343017578,1312400
2022-06-24,178.7114457416837,184.98402963222034,177.7610551220151,184.87948608398438,2370900
2022-06-27,184.4613007601537,186.22902778614028,183.75802102519512,185.08856201171875,1292300
2022-06-28,186.79927721902226,188.07279715546403,184.6038772311149,184.76544189453125,940400
2022-06-29,186.04844869795645,186.40960174724532,183.85304884950872,184.1571807861328,963200
2022-06-30,182.48448232024265,187.22693633433718,181.80019997146482,186.82777404785156,1470900
2022-07-01,187.03685511206504,189.34629708856716,184.62285509766963,188.10128784179688,1470700
2022-07-05,186.09598234128552,186.10549552850892,180.23207403930914,183.55844116210938,1392800
2022-07-06,183.78653559917473,186.3145635288279,182.06633096406523,184.1096649169922,2024100
2022-07-07,185.8963894786012,187.65460322027732,184.527824824487,184.96499633789062,1302800
2022-07-08,185.5352313215067,186.2100004436792,183.4918975830078,183.4918975830078,1148000
2022-07-11,183.4348781129921,184.97452069273695,182.9501841444814,183.9575958251953,1342200
2022-07-12,182.69358975973898,185.62079468866952,182.07584164076715,182.3799591064453,1457700
2022-07-13,181.22046250465098,182.7030839391923,180.46016166865095,180.61221313476562,1651000
2022-07-14,176.19290207814643,177.5139443520302,173.26569746729282,174.22560119628906,2024600
2022-07-15,176.344960864341,177.2383302581207,174.3206244508533,175.05242919921875,2722200
2022-07-18,176.2689408848094,177.21933145862008,171.54549857282564,172.19175720214844,2430300
2022-07-19,174.1780768586998,177.20031178956654,173.58882486763483,176.50653076171875,2341400
2022-07-20,176.6586083349575,177.0387587720094,175.17600132792174,175.53713989257812,1970400
2022-07-21,174.27312873829015,175.08096659099687,172.1632603364968,174.88137817382812,2187100
2022-07-22,175.14747383490362,176.7251256801871,173.78842226460685,174.99542236328125,1451400
2022-07-25,175.83173677288656,179.14860475532024,174.96689246095895,177.922607421875,1791000
2022-07-26,177.71353200514255,179.3672022608854,177.71353200514255,178.9395294189453,1790600
2022-07-27,180.72624438717455,183.61542486143048,175.87924748093866,177.72300720214844,2804100
2022-07-28,178.0651336701605,178.3882629034901,173.27517276458624,176.18336486816406,2458800
2022-07-29,176.71561055702637,179.82339152908543,176.71561055702637,179.2816619873047,2379500
2022-08-01,177.14327668090817,178.59737291981557,174.3871501566307,175.80322265625,2266800
2022-08-02,176.20238839057347,178.75894109044518,174.8908593953627,175.19497680664062,2267500
2022-08-03,175.7937372849792,177.02924787287014,173.43677283389133,176.48751831054688,1671700
2022-08-04,175.97432543998306,178.05568315610003,175.41359847131315,175.9077911376953,1387000
2022-08-05,176.17389647716928,177.6945271998782,175.67019063190642,176.1263885498047,1282600
2022-08-08,176.8866811922701,178.3597894173735,176.33545294344006,177.3048553466797,1439600
2022-08-09,178.33126873380502,180.88782144022906,178.2837463095376,180.298583984375,1556800
2022-08-10,181.5626024897846,182.4749837895281,180.72626867531258,182.09483337402344,1176500
2022-08-11,183.0452108200861,184.67988359307242,182.92165541807194,184.19517517089844,1427200
2022-08-12,184.87945060790915,187.78764302575934,184.57533320891278,187.7496337890625,942000
2022-08-15,185.8013758895627,188.15834068944503,185.75385345572496,186.95135498046875,1397700
2022-08-16,187.0178565227685,190.23018131259155,187.0178565227685,189.1752471923828,1193200
2022-08-17,187.88269699324513,191.18055313095644,187.4740215444221,190.97146606445312,951400
2022-08-18,190.9904822008057,192.37804421662238,190.75288457463628,192.36854553222656,1064200
2022-08-19,192.48256130766222,192.6726364821223,190.46773835513426,190.62930297851562,2016000
2022-08-22,188.1773351302283,188.56699874906354,186.7517492580296,187.24595642089844,1150900
2022-08-23,187.22694643414897,188.15832515285786,186.52365217613067,186.9703369140625,1048000
2022-08-24,185.89643034511678,186.97036199582342,184.70844194695476,186.66624450683594,776500
2022-08-25,187.15088201262182,188.08226057489554,185.9723926570255,187.71160888671875,708000
2022-08-26,188.41495225743898,188.41495225743898,183.75804372746248,183.91009521484375,1130200
2022-08-29,182.55102694882248,184.0431326397511,180.75478930709008,182.62705993652344,995900
2022-08-30,182.75056838216926,182.96916862114819,180.2415382410692,180.56468200683594,1119700
2022-08-31,180.7452570799419,182.57951827320497,179.66181249750227,179.67132568359375,1759700
2022-09-01,179.7473620087417,182.71257576285805,179.1581100306175,182.6080322265625,1205500
2022-09-02,184.1476524145951,186.14347820413948,180.57418946478487,181.41053771972656,1039500
2022-09-06,182.2373868591557,182.78861511503538,180.4791585515772,180.9828643798828,1098700
2022-09-07,181.1919427060614,184.53732132069246,180.91633584234106,184.07162475585938,1135500
2022-09-08,183.48239111746943,185.6873040804902,182.78861009971223,185.43069458007812,1560400
2022-09-09,185.84887431728512,186.53315667108967,184.7939402303205,185.32615661621094,1380700
2022-09-12,186.05795187804935,188.19633049882614,185.45920122365322,187.20791625976562,1133000
2022-09-13,185.0505623614796,186.2290374386801,183.38737879121513,183.61546325683594,1394800
2022-09-14,184.26173739511123,185.1741042660739,181.85725029515203,183.6724853515625,1667500
2022-09-15,183.414794921875,184.9706036589561,181.90669903149058,183.414794921875,1476600
2022-09-16,181.44851391528005,182.59389874416243,180.01677923808748,180.63719177246094,3844900
2022-09-19,179.45363625068404,183.20478903488905,178.57550731294185,183.14752197265625,1205800
2022-09-20,181.773070013089,181.773070013089,177.16288176616447,179.04322814941406,1802900
2022-09-21,179.8831711716294,180.28405517791552,174.09895020114735,174.165771484375,1325700
2022-09-22,174.3375590560566,174.96752583002439,172.5526677608399,173.23036193847656,1775800
2022-09-23,172.03724809862533,173.44034928040472,170.00418014862686,172.0849609375,1880000
2022-09-26,171.05413807418174,171.42638854539726,165.87125044410155,166.78756713867188,1880800
2022-09-27,167.6370573698866,170.78686223004672,166.57757305157625,170.03282165527344,2213800
2022-09-28,170.70094634382568,173.67896431904143,169.40283967882345,172.1136016845703,1743500
2022-09-29,171.24503674462864,176.22747519622038,169.89920248790165,175.41615295410156,2247700
2022-09-30,175.86475159836397,177.99325984633722,173.37353255352787,173.6026153564453,1916000
2022-10-03,175.07252235276277,179.20546505215472,172.98218730095155,178.58505249023438,1358900
2022-10-04,179.5682089814549,184.17839744511807,179.4918480334675,183.98748779296875,1592800
2022-10-05,182.42209744866057,183.66293717998178,181.60123558618895,181.95440673828125,987100
2022-10-06,181.44855266089954,181.5535471422213,179.4822910502951,180.226806640625,1006300
2022-10-07,179.37725346065204,179.67315752007306,175.67384309861436,176.27516174316406,1271500
2022-10-10,177.76419076568746,178.96684270549918,176.04610616284288,176.50425720214844,1292000
2022-10-11,176.50426311264908,179.78771056040105,176.07474558864465,177.24876403808594,1175300
2022-10-12,177.17239119528315,179.75906494962732,175.90291801943644,176.5806121826172,1406000
2022-10-13,174.2421396506228,185.61965786956065,173.06812111463424,184.913330078125,1557600
2022-10-14,185.73420124456666,186.78414604566453,179.50138285602685,180.1790771484375,2065600
2022-10-17,181.3530441398617,184.53149660856212,181.3530441398617,183.92062377929688,1610100
2022-10-18,188.1108607724995,188.33994357892206,183.81565646150148,185.79144287109375,1148400
2022-10-19,185.17104240235227,188.82674050265803,185.037414397626,187.06092834472656,1415800
2022-10-20,185.19010273024384,187.1658889110821,182.85160578898717,183.4624786376953,1670200
2022-10-21,184.0160646373601,188.96032890472387,182.87067989913544,188.78851318359375,1529000
2022-10-24,190.30620116180253,195.67996940179233,190.30620116180253,194.12416076660156,2022900
2022-10-25,191.3465763422046,192.45378803441528,189.61895208961946,192.26287841796875,1967900
2022-10-26,203.9744814760747,204.2799252241243,193.90461047568107,194.85910034179688,2151500
2022-10-27,196.85399584923152,200.64332179476267,196.25266257109465,198.0852813720703,2061300
2022-10-28,199.72699604167806,205.11031807642777,199.31657240749067,204.73806762695312,1850300
2022-10-31,202.91499150101444,205.69256042964048,202.29457893103063,205.11032104492188,2559600
2022-11-01,205.64485748114166,206.16982986821532,203.6022495640958,203.76451110839844,2298300
2022-11-02,202.72412526830382,205.3776062344485,200.60515635802122,200.95831298828125,2227100
2022-11-03,199.5552219804918,202.06552065960602,198.40982238244203,200.09927368164062,1561800
2022-11-04,201.3973866150745,202.52367780525117,197.60806021361356,199.64112854003906,1864200
2022-11-07,200.77697142817848,204.16539917715852,199.65066568779426,202.43777465820312,2389400
2022-11-08,201.41645425776272,203.8504063126986,199.50747453849684,202.74319458007812,1384400
2022-11-09,202.35181836085803,203.78355292473202,200.21375616897095,200.557373046875,1544100
2022-11-10,205.2535042133567,205.27259808961247,200.299713805462,202.26596069335938,2436600
2022-11-11,204.18447336833972,204.51855065206146,196.0808490445075,196.87307739257812,2620200
2022-11-14,197.4171170741085,199.74607439834463,195.70857226267856,195.76585388183594,1555600
2022-11-15,197.53168652591643,197.541240746331,194.03824991451938,197.22625732421875,1439800
2022-11-16,197.3502951638746,198.33341843971675,195.9090208867559,197.8466339111328,1144100
2022-11-17,196.71077808320106,200.43329663867544,196.63441715974778,199.52651977539062,854100
2022-11-18,201.86507476273272,202.53321478174254,198.75342835877817,200.57650756835938,1444200
2022-11-21,200.93918523272708,201.82685370485018,199.86060716008237,200.80555725097656,963000
2022-11-22,201.77915593510969,203.66905639442174,201.26373780534445,203.325439453125,1302900
2022-11-23,203.30633421815074,204.75716284082662,203.30633421815074,204.40399169921875,1396300
2022-11-25,205.21530961200702,206.73294491787763,204.89078657132248,206.3893280029297,639400
2022-11-28,205.29167775644316,206.80931311562713,205.09122848053244,205.59710693359375,2027600
2022-11-29,205.78801146504514,207.25791938272224,204.96714963548655,206.81884765625,1270800
2022-11-30,205.72119387134967,209.9877646175922,205.50166528636092,209.59642028808594,3612300
2022-12-01,211.89674723333115,211.89674723333115,207.03839738004922,208.3842315673828,1746000
2022-12-02,207.30564329690083,209.42461183138448,206.5420485392237,209.1859893798828,1109700
2022-12-05,207.64929153723665,209.1096599956009,204.4994717893362,205.62576293945312,2214600
2022-12-06,205.8643648459395,208.30787110773824,205.22485839109086,207.7256317138672,1496700
2022-12-07,206.93339619678886,210.11184904984148,206.36069647819315,207.69699096679688,1762400
2022-12-08,208.39377049191873,209.39598774629843,207.70653663545033,209.205078125,1651600
2022-12-09,209.2623798190913,209.72053091255563,207.33430606106958,207.43930053710938,1356900
2022-12-12,207.315189336087,208.22195176684554,205.80709364843133,207.6301727294922,1327100
2022-12-13,209.98778748465702,210.00688136154025,205.31079258915213,207.16249084472656,2063500
2022-12-14,207.4774571635797,211.03771484412275,205.48257684243433,206.95249938964844,1656500
2022-12-15,204.9691088662213,205.94643388751706,202.4874837452031,203.8672332763672,3117300
2022-12-16,202.49704483224733,204.32712954833463,200.28370288424676,202.82281494140625,3937100
2022-12-19,202.88990592549382,205.90809702501494,202.02756978858127,203.09112548828125,1156700
2022-12-20,204.28881552459518,207.19203226945572,203.31149054879927,205.71646118164062,1333400
2022-12-21,207.07703170969089,209.6640691242938,206.29135002002303,209.6065673828125,1275500
2022-12-22,207.66152716464575,210.14316687370012,206.00391833406786,208.29391479492188,1199000
2022-12-23,208.59094583849637,210.51685233382815,207.99689269324006,210.4593505859375,848000
2022-12-27,210.60306350981762,212.4906353316454,210.24853522215088,211.6570281982422,1468700
2022-12-28,212.0211095302403,213.02717791993632,210.58387315076723,210.62220764160156,1370500
2022-12-29,211.5325048111806,213.71710345872097,210.50726893185814,212.78768920898438,1268500
2022-12-30,211.92533229799886,212.69186145161768,209.7311573988466,211.36961364746094,1227300
2023-01-03,210.7947156223332,211.9828365555225,208.4855518195917,211.53250122070312,1804400
2023-01-04,212.62478619964492,215.83460583542538,212.08822020801156,215.01058959960938,1856800
2023-01-05,214.86688071470869,216.35202818774985,211.96366383053078,214.20574951171875,1542500
2023-01-06,215.61423541854438,220.6349872477511,214.91478436088113,219.2839813232422,1815400
2023-01-09,217.11854005131016,218.32581348656294,214.01410384881223,214.15782165527344,1778500
2023-01-10,214.54109609029106,216.04539609056542,213.73624712376235,215.3651123046875,1189200
2023-01-11,215.41304207927647,216.2658019303888,214.23449746703577,215.21182250976562,1480600
2023-01-12,215.13516455123457,217.3580976121592,213.6691843217029,216.160400390625,1026200
2023-01-13,215.08725439109224,218.33540868093797,214.2249182371014,217.68386840820312,1081200
2023-01-17,218.23957145951456,218.23957145951456,214.5219151087999,215.23095703125,2366900
2023-01-18,214.85730334603863,215.52801086015504,211.31210790510116,211.3408660888672,1439000
2023-01-19,211.5420911962606,211.95410667869984,208.5909632325317,210.07611083984375,1530200
2023-01-20,210.66055326823627,211.41749142102864,208.44721131248843,211.20669555664062,1464700
2023-01-23,211.50372600843255,214.4452624064409,211.13004510783017,214.23446655273438,1754700
2023-01-24,213.98534788938485,219.94508959077717,194.1898075016818,218.79530334472656,1533000
2023-01-25,217.97134598137347,221.16201354350179,217.5018433469536,220.15594482421875,1640200
2023-01-26,220.15589156911793,221.5356409509109,219.1114885990804,221.4398193359375,1054400
2023-01-27,221.2002886982413,221.6889438652186,217.52096661431202,217.8179931640625,1493600
2023-01-30,217.81800655325975,218.66119006527947,215.46093201753524,216.61073303222656,1711400
2023-01-31,217.29099982475407,218.02878533993612,215.11597777420042,217.97129821777344,2385500
2023-02-01,208.5047017230169,211.7336885560962,203.40729564246323,204.50918579101562,3971300
2023-02-02,203.01449398678918,203.61812350250864,193.28918284306516,201.37603759765625,4027600
2023-02-03,202.19044817652582,202.95697728420535,199.5363471720702,201.059814453125,2874200
2023-02-06,201.2514602901957,205.44819618298055,200.25498259920138,204.9020538330078,2194400
2023-02-07,203.38814447668244,207.01955582322495,202.70784605866348,206.1476287841797,1760500
2023-02-08,204.834979623502,208.92631764921117,204.09719400108565,206.33929443359375,2287200
2023-02-09,207.19202627741737,208.3992997159024,204.36544936661886,204.48043823242188,1775400
2023-02-10,204.78704083846324,206.14762301610503,204.2792184278056,205.70687866210938,1749300
2023-02-13,205.58231586378216,207.51779853115983,205.17989138012814,206.4829864501953,1500100
2023-02-14,206.41590955890132,206.98123372229313,204.08759332882218,204.3942108154297,1596200
2023-02-15,203.37857213887003,204.43255158137794,202.8899169175225,204.03970336914062,1598800
2023-02-16,203.01445992644017,203.91513051155354,201.270605879463,201.4622344970703,1415800
2023-02-17,201.4526243436261,202.77488643755996,200.35074901223047,201.7975616455078,1689500
2023-02-21,201.1077696666663,201.50061793138477,198.568656970959,200.03463745117188,1595600
2023-02-22,200.81071173892676,202.46832062487604,199.88129751135156,201.07899475097656,1191100
2023-02-23,201.34726054163082,202.7940734200328,198.39613304116781,199.8717041015625,1278800
2023-02-24,198.58778296110182,202.209618322829,198.58778296110182,202.08506774902344,1996100
2023-02-27,202.9665473686184,204.63374703012624,202.51621207994086,202.82281494140625,2550000
2023-02-28,202.69825206808116,204.902017568517,202.13294256823804,202.1904296875,2017600
2023-03-01,201.22269447313886,202.75575265010292,200.50407619399815,200.73403930664062,1862100
2023-03-02,199.92919934138382,200.63822671837272,198.25242328125307,199.68006896972656,1509700
2023-03-03,199.8046373444404,200.36037060196392,197.80209112668777,198.43447875976562,1917400
2023-03-06,199.15310413186566,199.90046604456472,198.81774305448604,199.35430908203125,2481700
2023-03-07,199.67050106705406,199.67050106705406,196.95891276971548,198.14703369140625,1367800
2023-03-08,198.14703883087753,199.08602939477117,193.40416057632262,194.8605499267578,1286400
2023-03-09,195.34920783623852,195.52166921444186,189.37987449386492,190.548828125,1520700
2023-03-10,190.19433237489062,192.45558547559665,189.27449441005746,190.0985107421875,2483800
2023-03-13,186.84076891327265,187.62646531825493,182.26077585005044,183.94712829589844,2254100
2023-03-14,187.42523965766446,188.30674304072852,183.98545681476375,185.89218139648438,2953600
2023-03-15,181.4942598235539,183.09438169299392,177.51791055845194,179.55877685546875,2654400
2023-03-16,178.13438841404152,184.91945517502083,177.3644491565244,184.6499786376953,2403400
2023-03-17,185.23704236661607,187.98956510194222,179.63574898867245,179.78012084960938,4798600
2023-03-20,181.04089298715496,183.46619638589763,180.540430292253,182.46527099609375,2301500
2023-03-21,185.92999386382755,187.87408712557632,184.59223013525963,186.9886474609375,2260200
2023-03-22,187.86445385475355,188.49003590836605,182.8598708527009,182.8983612060547,1406700
2023-03-23,183.16783438389098,183.35068190102774,178.01888002171415,179.01979064941406,1763100
2023-03-24,177.08536047017517,179.72239775521442,176.50790233362426,179.53953552246094,1855100
2023-03-27,181.99369312760675,183.58168082283095,180.37681931149083,181.82044982910156,1975500
2023-03-28,181.0504985541626,183.36031603967834,180.47305519680972,182.43638610839844,1316800
2023-03-29,184.52484306215337,186.22833113326,184.02439507133298,185.99734497070312,1633700
2023-03-30,186.2764712799775,186.79617183419967,183.96665350971156,186.15135192871094,996600
2023-03-31,187.710479421424,188.34568044736278,185.97813434758473,186.88279724121094,1989200
2023-04-03,187.14262519315824,190.02988610542718,187.14262519315824,189.288818359375,1802900
2023-04-04,189.90475666034365,190.81905289279598,186.36304276726426,188.11465454101562,1110700
2023-04-05,187.01751575491008,189.81814760727795,187.01751575491008,188.624755859375,1227300
2023-04-06,189.75078401851485,190.8864328885023,188.37451539558236,189.40431213378906,1248300
2023-04-10,189.6737673742278,190.51106821622594,187.80666990945224,188.66322326660156,946200
2023-04-11,189.27921420962795,191.2714314434926,188.24943204030546,190.63623046875,1631500
2023-04-12,190.84795236731807,192.88827874612474,190.30899933784977,191.7429962158203,1508000
2023-04-13,189.46206340617033,193.06152066355293,189.38506801888545,192.59954833984375,1218700
2023-04-14,193.0229899910184,193.55232402994338,187.36395460281406,188.42262268066406,1415100
2023-04-17,188.42266334791353,190.79022397602003,187.46986187220546,190.7613525390625,2183000
2023-04-18,191.65640539093766,194.41854734803104,190.9634615009106,194.11058044433594,1867700
2023-04-19,196.3241275855167,197.98911063757686,195.6215501740782,196.81495666503906,1620100
2023-04-20,196.2856239663939,197.53677333629193,195.24620824457256,196.29525756835938,1271800
2023-04-21,195.03447421441854,195.2750792971826,191.13668362193542,193.6293487548828,1812900
2023-04-24,193.7063297945658,195.16919801594204,192.7631473665325,193.0326385498047,995100
2023-04-25,192.2049608968047,193.80256740335525,191.99322726002666,193.6197052001953,1513700
2023-04-26,194.41853862845824,196.65136099293125,189.22147437171148,190.9153289794922,2219500
2023-04-27,190.21275814615865,192.04135094431308,189.60642862391927,191.55052185058594,2089600
2023-04-28,191.15595501311702,195.00563701316608,191.10784573641354,193.9854736328125,2035400
2023-05-01,193.68711703470112,196.41076869114787,193.08078744727385,194.54367065429688,1264300
2023-05-02,193.67746730794912,194.04317703750218,189.6545427999183,192.96527099609375,1708300
2023-05-03,193.49462245101154,193.63897963544156,190.18389395796544,190.34750366210938,1283600
2023-05-04,189.8566421815782,190.1934804496116,187.027124366188,188.12428283691406,1346000
2023-05-05,190.5592255502691,192.82091920241223,189.51980983047793,191.4542694091797,1395800
2023-05-08,192.5033017099467,193.0230021812064,190.98267595907691,192.15682983398438,1332400
2023-05-09,192.09913723340694,194.7939028789271,191.43506474027112,193.90847778320312,1131200
2023-05-10,194.2068192627745,195.01526361463928,191.60828694311786,192.93643188476562,1001700
2023-05-11,192.35892501243694,194.16827972855583,191.54087663520977,193.82180786132812,1746500
2023-05-12,195.13070990282208,195.81403475664538,191.5216338873568,192.74391174316406,932700
2023-05-15,193.1096241454165,193.44647711902473,190.97304993972023,192.5321807861328,995300
2023-05-16,192.61880635726052,192.9652782672499,191.05969010499282,192.09910583496094,1220200
2023-05-17,193.06152428517774,193.96618706066616,191.14630253963165,191.4542694091797,1386500
2023-05-18,191.97399129798814,193.21550710673634,190.28013674305691,193.1000213623047,1504600
2023-05-19,194.48589226484222,194.98635492316922,192.68617103759695,193.6197052001953,1670400
2023-05-22,192.66693075306387,193.50423175188737,189.79892224374663,190.751708984375,1952900
2023-05-23,190.6554672917202,191.7141208104302,189.0097221172654,189.05784606933594,1568500
2023-05-24,188.71139145599298,189.11560625674014,186.61330737359722,186.7769317626953,1784900
2023-05-25,185.55467487750647,185.74715603995548,182.55191293889095,183.42771911621094,2243400
2023-05-26,183.4661720540973,183.918510734339,181.42583119257088,182.9464569091797,2618200
2023-05-30,183.1197406935209,183.8319224183946,181.8878437087643,182.9561309814453,1288400
2023-05-31,182.54226528725536,182.95611367248097,178.63484103164754,178.8177032470703,5838700
2023-06-01,180.09769886781788,181.2910905313801,178.11511558189113,180.64627075195312,1560500
2023-06-02,181.329622349849,185.99735225367976,181.21412192136367,185.1311798095703,1683500
2023-06-05,185.90109875649168,186.07432735227482,184.02438220866972,184.1302490234375,1214500
2023-06-06,183.4757928537107,184.73656101080743,182.94645878784672,184.41896057128906,1943700
2023-06-07,184.0917555484582,186.0454676010873,182.36902965674406,185.35252380371094,1570600
2023-06-08,185.41026405907877,185.63163130051507,183.4758045518026,184.3997344970703,1917100
2023-06-09,182.98500127956154,185.01570897676604,181.6568563852147,183.96665954589844,2500500
2023-06-12,183.62981102707474,184.3323737909873,182.3594090793615,183.3892059326172,1949400
2023-06-13,184.75582839498568,187.05601235232362,184.03401316127668,184.6788330078125,2551200
2023-06-14,184.49596125697002,185.19852393620764,181.50283365524402,181.74343872070312,2652800
2023-06-15,181.7821438891324,186.59692039875813,181.76280328998203,184.91464233398438,2631700
2023-06-16,186.0168098259728,189.3523622426631,185.58174226152957,188.47254943847656,3378500
2023-06-20,187.5733957812679,188.84960970462396,186.06515369188622,186.8579559326172,2321000
2023-06-21,186.43255521049383,188.7045813150597,185.2626924228258,187.48638916015625,1656300
2023-06-22,188.52090645837848,188.7529346405979,186.1231737233758,188.66592407226562,1493600
2023-06-23,187.86342694178788,188.665892024949,186.60655374222767,186.8289337158203,2067200
2023-06-26,186.3165383006363,187.5540710352064,183.1163405507541,184.4505615234375,1649200
2023-06-27,184.5375338857294,185.7073964134941,183.44503373448396,183.45469665527344,1666700
2023-06-28,182.97130442844028,182.97130442844028,178.38855680317104,178.7849578857422,2680000
2023-06-29,178.1758762995932,183.0390115304015,177.61513171486158,182.82630920410156,2016200
2023-06-30,183.82211997681688,186.5388911075427,183.19367597609036,186.17149353027344,2117900
2023-07-03,185.5043785563124,186.73224825622475,184.35385648933294,185.9201202392578,499400
2023-07-05,184.53757576865831,184.9629804207596,182.02384380564357,184.77928161621094,1095400
2023-07-06,183.90911582831563,186.14247512723412,182.99063671113748,185.83309936523438,1353400
2023-07-07,183.73508720069455,187.5637138297864,183.73508720069455,185.1756591796875,1734000
2023-07-10,185.17568255861036,186.48090003508966,181.65644601192307,181.8498077392578,1253900
2023-07-11,181.66611705363434,185.82346076361856,181.540440039155,185.7364501953125,1380400
2023-07-12,186.5389015062917,187.26401902655402,183.0486685853269,183.96714782714844,2024200
2023-07-13,182.1881692754987,184.37318443384413,181.76276469983551,183.6964111328125,1657200
2023-07-14,183.24200253301362,183.2806837229948,180.3318699703671,182.08181762695312,2514300
2023-07-17,182.08180363452612,186.80956819663587,182.0237966065635,185.3109893798828,1740100
2023-07-18,185.049970159283,187.5830571882914,184.95329668267433,186.59689331054688,1998500
2023-07-19,187.36069430107906,188.03748246183284,186.2778568479592,186.78060913085938,1909900
2023-07-20,188.71421745109726,192.99723702519205,187.92141536821106,192.77487182617188,2655300
2023-07-21,193.55802975084407,194.04144142092738,191.74041190306718,193.18096923828125,1804900
2023-07-24,193.05526539819266,195.67536297715242,192.58153143280043,193.88673400878906,1579100
2023-07-25,193.41300302176296,193.7417194012914,188.8785994099965,189.03329467773438,1906300
2023-07-26,199.27195218544932,202.056408027486,196.8258904015265,199.0592498779297,2890900
2023-07-27,200.13242967392358,204.94720573536392,199.18494693951556,204.19308471679688,4022400
2023-07-28,204.91817596579565,204.91817596579565,198.77885744710454,199.146240234375,2260200
2023-07-31,198.60484316871893,199.61034767558036,196.49717542778941,197.62835693359375,2164200
2023-08-01,198.38247202941687,199.62966757481124,196.3328113878949,196.4778289794922,1241600
2023-08-02,196.29413096885014,200.42247053903915,196.21678333550918,198.73052978515625,1564100
2023-08-03,198.41149434413123,198.53718610379127,195.93642886271329,196.16845703125,1486000
2023-08-04,195.79141139307993,197.34799773644588,194.05114098650614,194.25416564941406,1489100
2023-08-07,195.55936733520804,198.2664757238588,195.17262913537,196.28448486328125,1318000
2023-08-08,194.99860683686134,195.46267792132153,193.48068707266646,194.40884399414062,1571400
2023-08-09,194.02210663303973,196.21679981164888,193.49036558206882,194.3314971923828,1654900
2023-08-10,196.41984385652694,198.42116060661016,194.3411647122241,194.9212646484375,1717100
2023-08-11,194.4281731470862,196.09111041711256,194.01243145330315,195.07594299316406,1328200
2023-08-14,195.79139137939055,195.83973549742146,193.87708527630568,194.97926330566406,1891200
2023-08-15,193.52901578009508,194.254133246063,192.1077843665937,192.75555419921875,1321600
2023-08-16,192.6685521252575,196.1587849385266,192.60088216344897,195.3273162841797,1444200
2023-08-17,196.26512368094117,196.97090053686242,192.88124223816632,193.4033203125,1550800
2023-08-18,192.79425609197574,194.26381702561574,192.3301702420907,193.2679901123047,1303800
2023-08-21,193.596723709495,194.28316006483936,191.52772221523367,193.41302490234375,1965200
2023-08-22,192.58157844689066,193.78043016468666,191.90480493643227,192.49456787109375,1254600
2023-08-23,192.95860661906568,194.6602104099292,192.95860661906568,194.60220336914062,1391000
2023-08-24,194.04142623606342,196.6325202562696,193.86740512967722,194.49583435058594,922300
2023-08-25,194.89225341598228,196.44883960559596,193.79007538282778,194.9405975341797,1228400
2023-08-28,195.18230538317647,195.95575227208792,193.29698802193195,194.109130859375,1147800
2023-08-29,194.8149096275837,195.29832131400448,192.70724175601487,195.2306365966797,1138600
2023-08-30,195.2306423876393,196.36183874966514,194.27349666176963,195.0662841796875,1392000
2023-08-31,195.82040384550385,195.87842564132373,193.5387000442116,194.205810546875,1763200
2023-09-01,195.83974003633597,197.57036213509917,195.5110236301929,196.54551696777344,1247600
2023-09-05,195.76240997662475,196.39085407692207,193.10364546262247,193.42269897460938,1787100
2023-09-06,192.81357460626302,195.8010699851513,192.07879416738294,195.2403106689453,1736300
2023-09-07,195.93641669763457,198.99158191581657,195.83006554280695,197.2512969970703,1662500
2023-09-08,197.2513161681457,199.6490340933702,197.22231264606046,197.87974548339844,1779100
2023-09-11,198.68219208045576,200.51915048577453,198.21812101799,199.50399780273438,1257200
2023-09-12,199.95840670093153,202.8105325526554,199.41697324802377,201.37962341308594,1581000
2023-09-13,202.64617962161552,203.02324013719578,201.1959445997601,202.90721130371094,1637700
2023-09-14,204.1013117048317,206.17882631224538,203.188755929128,205.79049682617188,1883300
2023-09-15,205.17890171460252,206.23707178804835,204.29546879974174,206.0040740966797,3846000
2023-09-18,206.0040422448703,208.12039687779196,204.8293809139908,207.8582763671875,1565200
2023-09-19,208.47960663630195,208.8387984243746,206.30500610508892,208.0136260986328,1936600
2023-09-20,208.72230802039408,209.79019552161407,207.34377176361733,207.5185089111328,2128200
2023-09-21,207.28550769814925,208.5863779475657,206.13995440613482,206.28558349609375,1465100
2023-09-22,206.14970223902412,208.30488273096688,206.14970223902412,206.85838317871094,1233000
2023-09-25,205.5574894119864,206.54769615345626,204.9070542653628,206.03317260742188,1029400
2023-09-26,205.5866349017189,207.0137142716421,204.858533786993,205.78079223632812,1361200
2023-09-27,205.97495567041136,206.48947928832703,203.39262008519898,205.4507293701172,1551400
2023-09-28,206.32440924321884,207.03309007933447,205.67397411784515,206.07200622558594,1058700
2023-09-29,205.80990910985946,205.84873465035002,200.88793860710578,202.1014404296875,1716300
2023-10-02,200.9461818963351,201.30537366475878,199.49968251515713,200.37339782714844,1479600
2023-10-03,200.16953495717738,200.26660620530726,198.2085120606142,198.92691040039062,1483500
2023-10-04,198.99485006718538,201.78105992357476,198.18908319544752,201.60630798339844,1788200
2023-10-05,202.73245479958152,205.32449271728734,201.25683254818128,204.60609436035156,1619900
2023-10-06,204.30514229657732,205.05266348800214,202.93630883018008,203.43142700195312,1466700
2023-10-09,203.5576629554661,204.4993416489387,202.8101564236112,204.34402465820312,1233600
2023-10-10,204.70319923850278,205.14977443402225,201.96553197362255,203.54794311523438,1526200
2023-10-11,203.4217174858169,204.2566072767967,202.13056466806384,204.04302978515625,1759600
2023-10-12,204.82940084155314,205.6545731763242,202.3247313526367,203.22756958007812,1450700
2023-10-13,203.5964895282253,206.528314173726,203.5964895282253,204.78086853027344,1600800
2023-10-16,205.8099119386369,209.168891547543,205.8099119386369,207.77093505859375,1286400
2023-10-17,208.2466122675666,210.57654461941752,207.89712315545168,209.81932067871094,1120500
2023-10-18,209.93580977674483,212.31427032370334,208.43106459372888,208.8776397705078,1672600
2023-10-19,208.8485091107917,209.55718998232717,203.81004749424727,204.40223693847656,1818700
2023-10-20,203.2857955660677,205.24681842921578,201.22770145644378,201.91697692871094,1372000
2023-10-23,200.71317884413125,201.74222590363485,199.63558875454194,200.48989868164062,1366100
2023-10-24,201.4121678630811,205.55749399332046,201.4121678630811,205.26625061035156,2495600
2023-10-25,208.71261480299992,212.12012265335525,205.09151462946085,209.35333251953125,2927600
2023-10-26,210.53770071850835,211.1881358969623,206.16909429731422,206.86807250976562,2522000
2023-10-27,205.1885973173378,206.0429073429589,201.40247754607105,202.4606475830078,1881000
2023-10-30,204.1110190986204,208.11071661134565,204.1110190986204,207.4602813720703,2457700
2023-10-31,208.7708611526011,209.37275332971717,206.60597800078406,208.35340881347656,3328200
2023-11-01,209.57660017198208,215.17811329577262,209.02323629213714,213.8772430419922,2233000
2023-11-02,213.07148876909778,214.93542569389604,209.24652885345034,212.21719360351562,3388600
2023-11-03,213.22682900007848,213.5666154314694,210.1202673356289,212.40164184570312,2010000
2023-11-06,213.4889544531562,213.5277799940568,211.304651149439,213.13946533203125,1409500
2023-11-07,212.73172637404556,213.74135336371668,212.20748529588104,212.54727172851562,1200500
2023-11-08,213.27538710780604,214.4888890010288,211.05224334399887,212.615234375,1279500
2023-11-09,213.22683755532074,214.0131843879852,212.071581418145,212.44049072265625,1529600
2023-11-10,213.74131480125814,216.11007228085018,212.45014732875094,215.94503784179688,2492200
2023-11-13,216.4498896932435,217.74104253766296,214.84805847285736,215.51791381835938,1351500
2023-11-14,213.8190233972034,214.6539132524877,210.4212182580878,213.13946533203125,2597800
2023-11-15,213.1394648466548,214.09084613572927,209.94551972773692,211.84829711914062,2425000
2023-11-16,213.31419046178485,216.56638112263377,212.6346324349183,215.51791381835938,1680200
2023-11-17,215.51792220574245,217.37215653305404,215.05194165679268,216.12953186035156,1503600
2023-11-20,215.5179097948214,217.7022129346338,214.80922892383776,216.64404296875,1406600
2023-11-21,218.02256186910645,219.79913005941148,216.74109701842642,218.71182250976562,1366200
2023-11-22,217.99345003063328,220.8184855651854,217.5759977397245,220.05154418945312,1302900
2023-11-24,220.76024045199588,222.27470313412945,219.8379820511532,220.41075134277344,782500
2023-11-27,220.86702592439102,221.9349134126256,220.41074807153205,221.68251037597656,1373600
2023-11-28,221.284454179198,221.3912429164109,218.12934990447877,218.42059326171875,1374300
2023-11-29,217.401282527465,219.3137625993253,216.79939035917053,218.50799560546875,2326600
2023-11-30,218.43034388841016,223.57559495154388,217.95464580672558,222.73098754882812,5225900
2023-12-01,221.67279590338754,223.00280394109453,221.0806064360666,221.98345947265625,1576000
2023-12-04,221.77961006195497,223.6726701126458,220.86705423924863,221.45924377441406,2164600
2023-12-05,221.0320767311936,222.0514212611041,219.84771253838215,220.2554473876953,1636900
2023-12-06,220.42047992619203,221.14858103926252,216.323696478255,217.74105834960938,1842900
2023-12-07,218.43033853133767,218.71186444983456,216.41106962421287,216.6149444580078,2204600
2023-12-08,216.3916344338558,216.92557818698464,215.16842995571426,216.40135192871094,2550900
2023-12-11,217.37214034100975,218.58564206483757,215.76060649658558,217.91578674316406,2119100
2023-12-12,218.93513524279305,221.323298384467,218.20703419489791,220.43988037109375,1795100
2023-12-13,220.28454813151515,221.57571576467177,219.17783513356,219.50790405273438,2338600
2023-12-14,218.9037311365732,218.9037311365732,212.60840307667945,214.8887481689453,4839700
2023-12-15,213.62188354774239,216.2140632636718,211.99444226743486,214.4599609375,5574700
2023-12-18,214.6548433682805,215.95094056348205,213.6023731300008,214.69381713867188,1492200
2023-12-19,214.65485825606135,216.2140619666172,213.8655092400572,216.1555938720703,1854000
2023-12-20,214.65484363698346,215.77552169230322,213.14435352821508,213.2320556640625,1672200
2023-12-21,212.5206767302186,214.55739459688616,211.38050431390508,214.41122436523438,1572700
2023-12-22,215.200588458092,216.077639649172,214.5963982984507,215.14212036132812,1004500
2023-12-26,214.6158754461435,216.77928422204047,214.6158754461435,216.4089813232422,1134200
2023-12-27,215.37600246147267,217.40298083629565,215.37600246147267,217.01318359375,1009400
2023-12-28,218.67956722206128,219.8684680518751,218.36773242577812,218.70880126953125,1327400
2023-12-29,218.67956620643318,220.84297492802636,218.5626300170964,220.23878479003906,1671600
2024-01-02,220.59935385306042,222.65556616614614,220.52139143481418,221.55438232421875,2399300
2024-01-03,223.2402550394304,223.63980681769473,220.57985283233666,220.63832092285156,1811100
2024-01-04,222.9186945706705,224.32198840418684,221.48616668810686,221.5056610107422,1583900
2024-01-05,222.88946433016005,223.27926157065895,220.85274623940188,221.8954620361328,1439200
2024-01-08,221.84671879208443,222.17806278108952,217.98767581247756,220.43368530273438,1535500
2024-01-09,220.43367186205907,220.43367186205907,217.17881922412766,219.5663604736328,1293300
2024-01-10,219.01091037782223,220.31674739255567,217.8512435998834,219.50790405273438,1716800
2024-01-11,220.23879726088293,222.27551531281514,219.01092259388795,221.90521240234375,1555100
2024-01-12,222.86996101046802,223.58134763707676,220.78451463137904,221.74928283691406,1446800
2024-01-16,222.01241489513626,222.81150370554886,220.297271335557,221.92469787597656,1655000
2024-01-17,222.18781527031422,226.35870815685627,221.87596558505692,222.4314422607422,2164500
2024-01-18,222.37295521456613,224.37069933981684,220.95992176444594,224.16604614257812,1280500
2024-01-19,226.98238926496592,231.97186519601598,226.4366671937337,231.27023315429688,3549600
2024-01-22,231.61131225656874,234.20350707936876,231.61131225656874,232.90740966796875,2550200
2024-01-23,233.8818929760561,235.9575995345579,233.61877168291116,234.2229766845703,2228600
2024-01-24,235.5775404302502,238.11125199814862,235.10976594125742,235.42161560058594,2475000
2024-01-25,235.53856504556268,236.9905872226462,233.07306115823653,235.06106567382812,2020100
2024-01-26,234.905142625339,235.38264200071202,233.99884250608105,235.09030151367188,1764000
2024-01-29,234.61277347672166,236.72745380426338,234.08654576117263,236.58128356933594,1738500
2024-01-30,237.3803761289298,237.770188211369,235.9576029200057,236.97108459472656,2641100
2024-01-31,240.89835475682546,242.21394639624071,237.99432531989615,238.7544403076172,3530900
2024-02-01,238.49131081081657,239.6022492062206,236.1817318790106,238.70570373535156,2030000
2024-02-02,239.5535500341964,241.8631291041261,239.5535500341964,240.4013671875,2094600
2024-02-05,240.04080179198053,243.25666608304203,239.55354782426684,242.89610290527344,2139000
2024-02-06,242.74016844764765,243.2566564433721,240.83014129699387,241.3563690185547,1425900
2024-02-07,241.3368577791429,242.01902515493768,239.59249530885094,240.5962371826172,1982500
2024-02-08,239.7776822141527,240.53779721968,236.2304738984217,238.11126708984375,1630700
2024-02-09,237.11727632479867,240.97631939496605,237.11727632479867,240.90811157226562,1471200
2024-02-12,241.0445344528083,242.84736514173278,240.21619679180893,241.6876983642578,1234700
2024-02-13,242.56473280902438,243.9290377402797,238.7154300881604,240.52801513671875,1505000
2024-02-14,240.70344728596245,242.44780985515638,240.1869592971604,241.79489135742188,2054300
2024-02-15,242.04828377769275,245.3421104609931,241.9410873108811,244.6599578857422,1447900
2024-02-16,244.7671648943917,246.25816089801663,243.6269923545498,244.50404357910156,1329500
2024-02-20,243.99728649007022,246.1217065199676,243.74390492590294,244.12396240234375,1248200
2024-02-21,245.82935829736442,246.70642433209244,243.8023800744197,245.53701782226562,992000
2024-02-22,246.21916819307074,249.19142024525718,244.31888077275823,248.9282989501953,1233400
2024-02-23,249.9320605055697,251.07224791704476,248.2169318297857,249.48379516601562,1153100
2024-02-26,249.59093570256465,251.26709032644874,248.18764207607478,248.34356689453125,1251800
2024-02-27,247.54451042703258,248.5190183644528,246.6284705866878,248.37283325195312,959100
2024-02-28,248.49950678813926,248.49950678813926,246.96952229511132,247.11570739746094,1429900
2024-02-29,247.46653156576465,247.46653156576465,244.06549373700406,245.25439453125,2396900
2024-03-01,244.84510010635248,245.55648668142317,243.52950854591677,244.2311553955078,1634600
2024-03-04,243.10075687122094,244.24092937484306,241.74619143155246,241.93133544921875,2003700
2024-03-05,241.9216067016533,243.53929352166588,241.54154918319844,243.00331115722656,1440100
2024-03-06,243.24692403745047,244.7768937491814,241.26867413698048,244.1629638671875,1774400
2024-03-07,243.7926581422244,245.1277293086536,242.12625783329344,242.47708129882812,1720600
2024-03-08,242.2431830134847,243.33462713669883,240.8788629896561,242.46731567382812,1339200
2024-03-11,242.16522530948413,249.3570987309384,241.97032669366007,248.49952697753906,2152800
2024-03-12,248.38256482024806,251.56919477391307,247.75888039291388,251.1793975830078,1938300
2024-03-13,251.90053590720325,253.93725383613113,251.06247339370123,253.57669067382812,1672100
2024-03-14,251.73853189056635,253.78200339117913,249.5386185256371,251.8949737548828,1505400
2024-03-15,249.64618727831643,252.99005402822132,249.64618727831643,250.58482360839844,3390900
2024-03-18,250.8096919996993,252.54030977795986,250.31106521189736,251.90478515625,1267400
2024-03-19,253.23451851049006,253.9091611206081,252.32522797971885,252.72610473632812,1611200
2024-03-20,252.33498149273342,254.30024731495237,251.8950166477708,252.75543212890625,1774800
2024-03-21,251.8558906251792,252.2567673632055,250.1448466605063,250.60438537597656,2748100
2024-03-22,250.88792129429538,251.59189481454032,249.71462214780826,249.82217407226562,1198200
2024-03-25,250.37947615513153,251.18122957221598,249.36263380961185,249.91995239257812,1332300
2024-03-26,249.10843683146064,251.82655110111298,248.74667803673793,250.37948608398438,2359200
2024-03-27,251.2594980027732,252.83364421621908,250.8879522326271,252.7456512451172,1493600
2024-03-28,253.41053886238564,254.134086446386,252.21769537335177,253.36166381835938,1878900
2024-04-01,253.2051782867788,253.2345092757908,250.88794064011083,251.6701202392578,753400
2024-04-02,252.11986590620958,252.53052958066385,250.35994693166464,250.6337127685547,928900
2024-04-03,250.35995836253613,251.27903582225258,248.93246713630748,249.11822509765625,1102200
2024-04-04,249.62662754449946,251.34745832449084,246.40987169273183,246.6151885986328,1331000
2024-04-05,248.34578287243423,249.0399843417257,246.83028396950724,247.270263671875,1266200
2024-04-08,246.93785601817933,248.22847916405283,246.21433842347966,247.52450561523438,1271200
2024-04-09,247.68091602222444,248.04267477360273,241.35494182880961,242.5086669921875,1425000
2024-04-10,242.8704446243937,244.99215210822877,241.5700644388562,242.47935485839844,1341600
2024-04-11,241.5016109307668,241.56027290263845,238.62705495611092,239.0865936279297,2163800
2024-04-12,239.13548903985352,240.53364913179175,238.3924125139757,240.33810424804688,1506600
2024-04-15,243.7992997211818,243.83840272865748,238.77372033040623,238.99859619140625,1478700
2024-04-16,240.4358946851958,241.14964025574358,239.17460252940361,239.75148010253906,1257300
2024-04-17,238.15774615115873,239.5363621775506,236.00672262379956,238.10885620117188,1797200
2024-04-18,239.74170209926993,240.6021175604727,238.96929452414076,239.92747497558594,1565900
2024-04-19,241.54072039450298,245.050815969523,239.51680771524832,244.64016723632812,2573600
2024-04-22,245.43213277660723,247.92537107207178,244.43483447459775,245.9014434814453,1639100
2024-04-23,246.21433691881953,247.31917226911744,243.59398763220452,244.31752014160156,1917300
2024-04-24,235.2147618749284,238.18708292547163,233.5330490045163,237.60043334960938,3228800
2024-04-25,237.34622192058123,240.87586149214843,236.85735225648116,240.48477172851562,1920500
2024-04-26,238.558638609207,241.41363583139645,237.727554161898,239.9861297607422,1565900
2024-04-29,240.1034528708806,243.79930632076312,240.04477597940215,243.6721954345703,2218400
2024-04-30,244.10240081711754,244.72815338157758,242.72378480320586,243.1051025390625,1862800
2024-05-01,243.58422969073925,246.13613020735465,243.58422969073925,244.3664093017578,1158400
2024-05-02,244.94326931797434,245.74500783743684,243.00733463808643,244.6792755126953,1588700
2024-05-03,243.388641957084,244.87480990200123,239.3896917157397,243.00732421875,1444700
2024-05-06,244.61082623385545,246.4783119944124,244.33706040623773,246.439208984375,761900
2024-05-07,247.31917003158733,247.54404590876482,246.13611375158877,246.3414306640625,1223600
2024-05-08,247.85690157144361,247.96445348644443,245.73520917471583,246.02853393554688,1398900
2024-05-09,245.66677360761838,248.6684404498584,245.3147868593283,248.3848876953125,1128900
2024-05-10,249.3235256114024,249.8026232471852,247.9742405810347,249.16708374023438,660200
2024-05-13,249.35286168364135,249.75373839201723,247.55382488586642,248.87376403808594,1001900
2024-05-14,248.77601083110739,249.5093153678667,246.96718700612018,247.52450561523438,1163800
2024-05-15,246.78142648019673,248.07204969062602,246.38056465191468,247.3387451171875,1116100
2024-05-16,263.6572051090482,264.14607479963723,254.70110879686916,258.9836120605469,4866800
2024-05-17,261.4474954417934,269.2791971601475,260.2839832317082,268.1743469238281,4303300
2024-05-20,268.6241151632134,269.2400957638156,258.1525344676923,258.2601013183594,2071200
2024-05-21,259.0618342160476,261.339983825484,258.7294063863327,259.1009521484375,1413100
2024-05-22,259.1987568853782,262.96306006552487,259.1205210131052,261.4866638183594,1687300
2024-05-23,262.76745875144496,262.76745875144496,256.6761316635528,257.2236633300781,1404000
2024-05-24,257.90807669706464,259.54091449067465,257.66364186700685,258.86627197265625,862600
2024-05-28,259.1106943345772,259.1106943345772,256.5490222129541,256.79345703125,1299800
2024-05-29,257.0183581683723,257.7321186912014,255.4539691189426,255.70819091796875,1330100
2024-05-30,255.18997667589156,259.9711365382652,255.18997667589156,259.2475891113281,1349100
2024-05-31,259.80490510970026,265.24113358886854,259.48226424826305,264.7913818359375,3170600
2024-06-03,263.9896271828926,264.1754000483395,259.1400483123133,260.7044372558594,1107900
2024-06-04,259.24761949600435,260.1960279937005,257.4094644828827,258.9151916503906,1385800
2024-06-05,259.88312247652425,260.2449111212782,256.75437427669164,258.2601013183594,856600
2024-06-06,258.9053680447111,260.9586266481516,256.8325653960284,257.8787536621094,1106800
2024-06-07,259.62895024260143,263.74522510453943,259.59961925168943,261.27154541015625,1523600
2024-06-10,261.5061577920667,262.51322812748055,259.2573692258376,261.7310485839844,2052700
2024-06-11,261.652813667879,262.034146337515,257.6734371822762,258.04498291015625,1615900
2024-06-12,258.1232223749158,258.78807805924913,255.00423105082632,257.1846008300781,1099200
2024-06-13,256.91080423313826,257.35076904296875,254.4664558288444,257.35076904296875,1538400
2024-06-14,255.43756763718935,257.4292631944535,254.25040701917098,254.56434631347656,1351500
2024-06-17,254.9666304063916,256.4481485079659,254.47606467122193,255.80059814453125,1269100
2024-06-18,255.98702261744847,259.1953118353877,255.55532236318814,258.0670166015625,1445300
2024-06-20,258.2926298659977,262.98243617786414,258.066958892994,261.4518737792969,1386700
2024-06-21,261.7855044051274,262.01114547911885,257.70399392196043,259.6073913574219,2452700
2024-06-24,260.17642789933205,262.6194655436933,259.01869998692695,261.09869384765625,989000
2024-06-25,260.9025244154808,261.80514870684163,257.69420496786273,258.3221435546875,898100
2024-06-26,257.2232360956416,257.95908465646454,253.5243515005153,255.10398864746094,1314600
2024-06-27,255.09421107057966,257.3508017302694,254.02478124025646,257.0859069824219,942000
2024-06-28,252.93566191495896,254.57416452066926,248.92285306916108,250.26699829101562,2793900
2024-07-01,252.08209005070213,253.47530984974307,249.21718808380405,250.0119171142578,1205000
2024-07-02,247.84360145144532,250.95378616656978,247.67681091136475,250.7477569580078,1111600
2024-07-03,250.04134879961347,251.30701671725237,248.61869626149766,249.28587341308594,735100
2024-07-05,249.28586687607896,250.0217154230314,246.92133661886123,247.7454833984375,1235600
2024-07-08,249.00133909033178,250.85567689462727,248.17719228195102,248.21644592285156,1033600
2024-07-09,247.0881477541342,250.83607718501796,246.6760743300003,248.55984497070312,1072100
2024-07-10,249.20739510713892,251.6700446952684,248.64814297934151,251.48362731933594,1037200
2024-07-11,251.48362802659818,253.35759274556676,250.43381015744842,253.12210083007812,1520600
2024-07-12,253.71076747140137,254.63303339124207,252.47453231464584,253.46548461914062,1303800
2024-07-15,254.3779455091719,256.6737895565144,254.1228716873047,255.29042053222656,943800
2024-07-16,255.63382299649973,258.40062125764945,255.09421260039514,256.71307373046875,1235900
2024-07-17,257.0564277969531,262.5507696466128,257.0564277969531,262.4232177734375,1976000
2024-07-18,261.51076256698855,266.2986884217288,260.774914042799,262.61944580078125,2055000
2024-07-19,263.46325283121826,263.46325283121826,253.6421164750848,254.97647094726562,2759500
2024-07-22,254.94700619590918,257.35076021665003,254.29945586386842,257.0662536621094,1307300
2024-07-23,257.5764515538154,258.3221210753413,256.2519180401735,258.2828674316406,1307800
2024-07-24,262.80583208290733,262.8352947678311,253.79905337160693,255.13340759277344,1940300
2024-07-25,253.45565734681978,260.3922634202514,253.45565734681978,256.67376708984375,1422300
2024-07-26,257.93945073411567,265.523607578057,257.59604874023825,264.96435546875,1653100
2024-07-29,266.2398142532871,267.19151295157116,264.2775513654235,266.57342529296875,1017500
2024-07-30,267.52514467098234,272.6662642532323,267.3190854937643,271.4398498535156,1741300
2024-07-31,270.1054868112182,272.0383170412612,268.91832609380816,270.4587097167969,1629200
2024-08-01,272.66622980372057,272.66622980372057,265.0232078466372,266.8186950683594,1079400
2024-08-02,265.13113195918777,271.0963973133863,262.9039446616221,266.2005615234375,1279000
2024-08-05,265.2194737833708,265.9945461088951,257.40964549951804,264.23834228515625,4310600
2024-08-06,263.718383972254,265.4059316039894,259.852722884927,260.1764831542969,2104300
2024-08-07,261.6383494454536,264.7583404194876,260.3825023271267,260.6964416503906,1863000
2024-08-08,260.4413732304879,264.95455425642774,260.4413732304879,264.1402282714844,954000
2024-08-09,265.54323973652276,265.54323973652276,262.87456080609184,265.1606140136719,958800
2024-08-12,265.88660089293523,266.58319578095643,262.3741637676878,262.9432067871094,958900
2024-08-13,263.9145391089986,264.82701411307687,261.4813522761384,262.7666320800781,1345300
2024-08-14,263.3552925059582,267.39754891357194,263.13944240935,267.2307434082031,1241700
2024-08-15,269.07533500606905,270.9100462644717,266.9659081037626,267.4957275390625,1300800
2024-08-16,267.9568327450594,268.9281733743804,266.5832545147304,268.2511901855469,1076900
2024-08-19,268.78095869761836,270.64510236712385,267.81943914769255,268.85943603515625,931100
2024-08-20,268.50622552255294,269.26168587118724,266.56357470095486,266.89715576171875,703600
2024-08-21,268.2020698549905,268.8005755892423,265.1507655192991,266.9364318847656,881800
2024-08-22,266.95605171063335,267.9273622613992,265.46474269084314,267.70172119140625,933800
2024-08-23,268.17265797690004,271.43984261804,267.39758565500495,270.8904113769531,1325700
2024-08-26,271.2338258191479,273.9711612537403,269.66400936905666,270.4292907714844,692900
2024-08-27,271.4398513078585,273.0194586911132,270.9100319006499,271.9794616699219,796000
2024-08-28,272.2836229097197,274.9523019815376,271.65571427375284,273.451171875,1089000
2024-08-29,273.85340285641917,276.92434905558173,272.0088709577684,276.6594543457031,1276500
2024-08-30,276.8262061559663,279.13187083132425,275.76659746567026,278.8179016113281,2343500
2024-09-03,279.7009167910364,283.0662201339069,278.69035268119853,281.2903747558594,1843100
2024-09-04,283.12513200662863,286.13721298133015,282.2715523685962,285.4504089355469,2233900
2024-09-05,287.1084611946615,287.59902685164127,279.89714004870854,281.908447265625,1825200
2024-09-06,281.4865715634499,283.44883421630317,280.20129192117116,282.07525634765625,1722800
2024-09-09,282.7620892816302,287.7364028615522,280.5251108253961,286.6866149902344,1892600
2024-09-10,287.74624214119166,288.6292544936919,283.84132803261514,285.5386962890625,1178500
2024-09-11,285.2051052834986,285.2051052834986,277.29718814504514,278.97491455078125,1803100
2024-09-12,278.69041292685,283.35078792523717,278.3764735774328,283.1153259277344,1476500
2024-09-13,283.6074198787353,286.1565859187957,282.5149330200581,284.3160705566406,1309700
2024-09-16,286.12701787751814,288.58760597465727,285.42821926814383,286.7274169921875,1265000
2024-09-17,286.41245580655226,287.180158094884,284.59161459911235,286.1959228515625,1308500
2024-09-18,286.59947733550996,286.59947733550996,283.00702452380773,284.62115478515625,1558700
2024-09-19,285.22156020046197,286.7077351005586,281.21571526167406,285.99908447265625,1789400
2024-09-20,285.7530053730465,287.3671655918367,283.4597504689823,286.07781982421875,9796600
2024-09-23,285.9006352769231,288.32184531955056,285.8809313507118,287.5049133300781,1470500
2024-09-24,287.4458937053067,287.5049454175853,284.51289187388244,285.1920166015625,1868700
2024-09-25,286.9046203970702,287.1998790038127,284.749142458407,285.7530517578125,1108600
2024-09-26,283.5679837582185,286.2648085806519,282.672356175044,285.2707214355469,1025500
2024-09-27,284.8278802474558,285.7628858011531,283.79441511571173,285.0050354003906,865500
2024-09-30,284.5719524280707,284.67038196375205,280.7727886134057,283.8436279296875,1176600
2024-10-01,283.29239325570086,288.94192350626054,281.93417396376964,287.5147705078125,1768700
2024-10-02,286.9439546821778,289.0797283653189,285.78253425343735,286.73724365234375,1308300
2024-10-03,286.75697086110296,287.37704392799293,283.67630945669964,283.99127197265625,758100
2024-10-04,280.01492220217636,286.21559212035845,279.552330443828,286.0089111328125,967900
2024-10-07,284.81801592683945,284.95579324987443,270.8812404741194,272.8103332519531,2389100
2024-10-08,272.3477741970543,276.79653751127313,271.6686493554852,275.5465393066406,1413300
2024-10-09,274.62134249364334,280.1724444054201,273.902869895924,278.37127685546875,1212100
2024-10-10,283.70584606685566,285.3003025641527,278.9421504692781,280.2118225097656,1055500
2024-10-11,281.6093983708305,283.93220929071083,280.7924962903735,282.3081970214844,798800
2024-10-14,283.1546601279374,285.32981176350995,281.0090343503508,284.1585693359375,656800
2024-10-15,284.8671979937178,286.49118013065123,282.5936169947159,282.86920166015625,1239200
2024-10-16,282.94797258151044,288.9025840840291,282.47552882817814,288.4793701171875,1088400
2024-10-17,291.68791853500585,297.28821901627373,290.92021630920414,297.1307678222656,2131200
2024-10-18,296.72729430257294,297.21941199444217,293.4497736542953,296.9044494628906,1705500
2024-10-21,296.6288292679313,297.2390503270048,292.3375478892756,293.15447998046875,1054600
2024-10-22,291.80610442735633,293.341509154896,289.11913113592243,292.4261474609375,1540800
2024-10-23,291.3139877190845,291.7962534256216,288.8927471483347,290.34942626953125,1118900
2024-10-24,290.35927076983154,291.0088696840777,288.82386607669633,289.3258056640625,962800
2024-10-25,289.95573174900454,290.26084229578055,282.96765495838866,283.4499206542969,1238200
2024-10-28,284.9656408162451,286.2254607793723,284.3357458529201,285.4479064941406,893300
2024-10-29,285.4872923754096,286.20579496675373,282.5837861885917,282.6723937988281,1392400
2024-10-30,285.1034557910607,285.989261563782,278.58779280073895,279.16851806640625,1810900
2024-10-31,279.9460454369843,280.5169187441911,277.4165534506057,277.9874267578125,1905700
2024-11-01,277.8398166734474,279.847635242927,272.6332030497556,273.0367431640625,1779600
2024-11-04,273.60752338115043,273.7945304650591,271.24536499698223,271.7276306152344,1993900
2024-11-05,272.6233210128024,273.2827718674617,271.31430130444875,272.9186096191406,1676300
2024-11-06,283.89282994291443,284.86721327003164,271.6489405111599,275.5957336425781,2262200
2024-11-07,276.47164125256745,276.5700707725924,273.331928793548,273.6075134277344,1520800
2024-11-08,275.90085535798124,278.71575398879764,274.62133140503676,276.9244384765625,1062300
2024-11-11,278.10553514022433,280.80233035891706,275.99928713255713,276.2748718261719,1024800
2024-11-12,276.1764212034065,279.91650319360997,275.6941254990369,278.4303283691406,1991300
2024-11-13,278.45985783895566,279.82792925528327,277.33781520544886,278.91259765625,1236300
2024-11-14,278.3121638459519,282.5050152161115,278.0464311673471,282.4065856933594,2168200
2024-11-15,282.3672910224801,286.49120946223974,282.3672910224801,283.45977783203125,1794800
2024-11-18,281.94401994376864,285.418369158038,281.5109540329411,284.1782531738281,1126400
2024-11-19,282.2491741061712,282.9381508989603,278.8043502151869,279.3948974609375,1059600
2024-11-20,281.00905573989354,282.6724159514936,275.66463474581263,278.3811340332031,1209600
2024-11-21,279.7688979451289,281.1172955673831,278.24334516881487,280.6153259277344,1416000
2024-11-22,280.50703361663113,282.44597817326473,279.27673960954064,280.7137145996094,1721700
2024-11-25,280.6645778718233,283.203892056564,278.4106703345484,281.90472412109375,1825000
2024-11-26,281.86532024669594,284.20780515152427,280.1921081613961,283.9322204589844,1623700
2024-11-27,284.67036123237716,288.13485836612494,284.64083537747075,285.7628479003906,848800
2024-11-29,285.15263645495213,286.86519617001284,284.1192014620313,284.1782531738281,1237600
2024-12-02,285.42823821753177,286.5994806324461,283.0168497076546,285.33966064453125,1517900
2024-12-03,285.31999677328565,287.88883658996315,281.1960483009248,281.73736572265625,1368100
2024-12-04,281.49129621748244,281.49129621748244,279.56220343683515,280.1133728027344,1273500
2024-12-05,282.06212364478176,283.5384765141071,279.65076531343607,282.10150146484375,1870200
2024-12-06,282.101510545048,282.7314355404111,277.6724517945108,278.8535461425781,1507300
2024-12-09,278.53860013544295,280.10353071557205,272.5150846839336,272.9481506347656,2160200
2024-12-10,272.63315460286975,273.1154202466324,268.0958446784311,270.27099609375,2130000
2024-12-11,270.0741327262643,272.57409854312164,269.32613439947255,271.8654479980469,1375100
2024-12-12,273.3811808891104,274.43428973357726,270.33004573809404,271.0386962890625,1216600
2024-12-13,272.33233612671165,274.22834651355635,271.0387154978363,272.6384582519531,1383900
2024-12-16,272.6483255183173,274.01107818832213,271.64105782167326,272.2730712890625,1981900
2024-12-17,269.626593603967,273.9518417711314,269.290847736862,273.23095703125,2116000
2024-12-18,271.6114634513894,274.34685371520595,267.88860477607903,268.17498779296875,2044300
2024-12-19,268.17496771319605,272.90506370386356,268.17496771319605,269.7450866699219,2274300
2024-12-20,269.35995966782104,272.2237294763406,267.21710476185024,269.78460693359375,2953100
2024-12-23,268.1058483305872,272.3619645432927,268.1058483305872,271.9373474121094,1322100
2024-12-24,271.8287127892719,273.0828552246094,271.1671056423717,273.0828552246094,399600
2024-12-26,272.3027133414803,275.4627206187258,272.2632049630974,274.79119873046875,697400
2024-12-27,273.1519265749219,276.8353065720909,273.1519265749219,274.20855712890625,1088600
2024-12-30,271.8287157177977,272.91497015284085,269.9820982462564,271.96697998046875,920300
2024-12-31,272.4508013466659,273.27044189129094,271.2855604723931,272.8457946777344,1409600
2025-01-02,274.0505598931342,274.238187010134,267.8490708122532,269.1130676269531,949600
2025-01-03,269.8142557256685,271.56211741422356,266.8714990225234,268.3330078125,1155600
2025-01-06,268.115737106073,268.5699779944558,263.66210906595046,263.9682312011719,2587200
2025-01-07,264.8372345690714,268.3823506941506,264.1163497893846,265.4001159667969,2042900
2025-01-08,264.64959627869797,264.777975904633,260.86749030816463,263.31646728515625,2382000
2025-01-10,255.851003595228,260.16636757007075,249.00764566529116,254.48825073242188,4171300
2025-01-13,253.75748374084503,258.64561323524424,252.7996090168621,258.48760986328125,3115500
2025-01-14,258.99121924924935,262.48697235714417,257.70748326109344,262.19073486328125,1692100
2025-01-15,264.313880440194,265.9728708652536,262.4277544868207,265.05450439453125,2231000
2025-01-16,265.85435734902836,270.7326025329218,265.85435734902836,270.1104736328125,1272400
2025-01-17,270.59433612662536,271.8879567890125,265.8247314903829,266.1111145019531,1901900
2025-01-21,266.6246031216331,269.3797324586544,264.6693451830916,265.49884033203125,1930700
2025-01-22,267.09860708137205,268.56997021358717,264.5311049353921,264.9656066894531,1799000
2025-01-23,264.9754745782184,265.676620251756,261.31186336931717,263.1683654785156,1720500
2025-01-24,264.1262382783824,264.698974177307,261.1440035074445,263.3658752441406,1821400
2025-01-27,266.00246285381235,273.30009114442777,265.45935073991274,273.033447265625,1776800
2025-01-28,273.0236014007393,273.82347279029887,268.58971255760366,268.8662109375,1627200
2025-01-29,264.65949805061103,277.6846064354869,264.3336066504258,272.3817138671875,2317000
2025-01-30,274.33696801478504,274.6430901524473,269.5278549287297,271.3448486328125,1556000
2025-01-31,269.5475641505901,272.01631023599356,268.1255639945129,268.4810791015625,1583300
2025-02-03,265.9333096703535,270.97944221453054,264.94581126068107,270.50543212890625,1454300
2025-02-04,271.9570744867044,271.9570744867044,268.5600773155875,268.82672119140625,1478400
2025-02-05,270.32772306191555,271.4633403461958,268.4514818788355,269.38958740234375,989500
2025-02-06,271.62136768609366,272.01636110641476,268.1750071498979,269.4686279296875,1260300
2025-02-07,269.1427292556721,269.6068547994591,266.6542436522563,266.7826232910156,1276200
2025-02-10,266.6246032044947,267.1578608490015,262.852351585761,263.2473449707031,1836700
2025-02-11,263.8201206231587,265.59760598830275,261.26250295243864,264.610107421875,1679000
2025-02-12,263.8299783915174,264.1755787457294,260.9662087315891,261.7562255859375,1041600
2025-02-13,262.2104894204379,265.2026088288485,261.19336711688095,264.3928527832031,999200
2025-02-14,264.0175656540086,264.62983999460835,260.9464600034772,261.21307373046875,1919800
2025-02-18,261.489607550083,263.4547501838946,260.20587147200933,263.2769775390625,1378500
2025-02-19,261.86484259964953,264.3335888270451,261.06497123285834,263.1091003417969,887500
2025-02-20,262.1907378224841,264.728586078053,259.8503711863652,264.1459655761719,1064900
2025-02-21,264.185494980117,265.29148857246025,262.5265045916022,263.90899658203125,1054200
2025-02-24,265.41982957958834,270.9597115004479,265.2025787172789,270.0215759277344,1434100
2025-02-25,272.1052045373251,275.9564728657649,271.1078515268262,273.9814758300781,1748500
2025-02-26,273.5371026768285,273.5371026768285,268.1749926981657,270.2388610839844,1250400
2025-02-27,271.37446247683727,278.93870466177566,271.11770322130775,278.16845703125,1630800
2025-02-28,280.19280396096264,282.8096989940803,277.0130577079185,281.91107177734375,2528700
2025-03-03,282.987460342785,287.4509428394343,282.7307010820181,286.0684509277344,1687300
2025-03-04,286.6510572653363,287.8558066151027,279.9657034117998,280.5976867675781,2007100
2025-03-05,281.92091912389964,285.17968204750093,280.3606848533711,283.42193603515625,1974900
2025-03-06,282.92821890379014,283.6095953134522,279.2349538381859,282.7109680175781,1355100
2025-03-07,282.0591815755082,283.76753457349747,279.9854288438783,283.0071716308594,1259900
2025-03-10,282.5430902020079,292.0329672707015,280.62734053701206,289.2975769042969,3741200
2025-03-11,288.0632100335284,289.43584756172976,285.42660563064936,287.06585693359375,2966800
2025-03-12,285.357416997058,286.31529166105275,276.89454838317323,280.4298095703125,2121000
2025-03-13,281.27907689022084,285.8018370212963,280.2323308622036,284.94268798828125,2777800
2025-03-14,284.60587959827046,292.11481632951563,282.8425724636016,291.20343017578125,2301900
2025-03-17,290.19300690082025,295.9485221857359,290.0939385876989,294.6111755371094,2096500
2025-03-18,294.6607046091279,296.52304970367607,292.02564486404884,292.8874816894531,1973700
2025-03-19,292.91720809102185,294.234722888039,291.2331375262657,293.4719543457031,1646200
2025-03-20,292.3228130694105,292.96671169917187,290.331652012525,291.3619079589844,1510000
2025-03-21,290.3019780529705,292.0355678252097,287.2211558830949,288.6971740722656,3152100
2025-03-24,289.12310634268135,290.272232221496,286.5078783192507,288.7070617675781,1464800
2025-03-25,289.63827108457235,290.72796210544925,285.6559484656773,288.6674499511719,1158300
2025-03-26,289.8561646302117,294.4526375490815,289.1627167515653,292.5506591796875,1132300
2025-03-27,294.55174006997686,296.1961773243623,291.7780086959561,295.5621643066406,1182700
2025-03-28,297.18680105491745,299.1581304945322,293.3728977284317,293.6601867675781,2094500
2025-03-31,294.4427685178031,300.8025487285246,294.4328526176789,299.1581115722656,2455400
2025-04-01,300.02985531470296,301.48607171339023,296.14663173913806,298.5736389160156,1483800
2025-04-02,297.39482673027004,299.2274847372148,295.30462738350633,298.7123718261719,1536000
2025-04-03,298.6132940419989,304.03200114689093,296.07730247644764,299.62371826171875,2114300
2025-04-04,294.43284932526205,296.4636135554176,276.93845064423806,278.0479431152344,3195300
2025-04-07,275.8190643145895,278.6621465565658,266.40814889629337,271.74761962890625,2851200
2025-04-08,279.90038946125145,282.4562125703046,268.78560323895783,272.4112854003906,2239100
2025-04-09,265.48684662552483,284.57613251264513,264.23865252331154,281.95098876953125,2609900
2025-04-10,280.2174115841653,285.79462169022247,274.64020147810805,279.6923828125,1821700
2025-04-11,278.69182905012525,281.9311841409115,273.5901289573073,280.71270751953125,2562600
2025-04-14,282.4165850437688,287.8253758148197,280.99008612349576,285.6361083984375,1381800
2025-04-15,286.0422743215357,286.4286316446795,281.8519298611569,282.1293029785156,1119000
2025-04-16,286.4583482241726,287.74614550118343,281.45568599584095,282.39678955078125,1461600
2025-04-17,282.9019798522181,284.5959662112126,279.69237240385235,282.9118957519531,2477500
2025-04-21,282.32745400738736,283.2289242426882,274.7194793444094,277.1564025878906,1487100
2025-04-22,281.4457982792178,289.4203290820357,279.6032545847032,287.6966552734375,1635000
2025-04-23,282.5354540477905,287.1517588406954,277.05731245807533,281.82220458984375,2102700
2025-04-24,280.4056177917432,281.72316271850036,278.6918298895603,279.3555603027344,1964200
2025-04-25,277.9488616206076,278.8998810346806,273.40190774643713,276.4926452636719,2381200
2025-04-28,277.6021786047519,279.9697508687723,276.90873070087525,279.53387451171875,1593200
2025-04-29,278.16684565836664,282.7336320846514,278.16684565836664,282.2779541015625,1762700
2025-04-30,283.31807184112165,283.93225303396247,276.67100246656526,283.3973083496094,1983400
2025-05-01,279.9994709137513,282.38687499959025,278.48381955004135,280.63348388671875,1370900
2025-05-02,283.03078144667836,285.0912934342456,281.1386886070136,284.61578369140625,1522600
2025-05-05,284.42755631078774,286.3493665748933,281.8222140336033,285.1308898925781,1004000
2025-05-06,284.25918315805393,287.09234944240524,283.8133908704078,286.2899475097656,1079900
2025-05-07,286.28995976592995,288.4792274640523,286.28995976592995,287.70654296875,1318000
2025-05-08,286.5771993353082,290.14344647921996,286.11160553830587,286.26019287109375,1161200
2025-05-09,286.0917927987578,288.27117459616954,285.3785433224596,287.16168212890625,834100
2025-05-12,286.2998246794673,288.49900788696567,279.62300832564955,286.9338073730469,1516300
2025-05-13,286.8149543202998,288.4197580625518,282.4562210154593,282.6543273925781,1454400
2025-05-14,282.6543352024549,283.0208909614867,278.3649526152191,278.74139404296875,1322600
2025-05-15,279.67260104602224,289.440126116891,279.36551043508206,289.31134033203125,2662000
2025-05-16,289.1231071761286,291.6294114599379,288.38014020132766,291.5699462890625,1402300
2025-05-19,291.7185888664545,293.22432451443865,290.7972867628884,291.817626953125,1267200
2025-05-20,289.18256483106717,291.24304655247835,288.0631564477696,289.22216796875,1524500
2025-05-21,288.97453677844396,290.0642277850197,286.6862007803376,287.6966552734375,1858800
2025-05-22,287.8155179576215,288.35043243086056,283.01099197935116,284.3978576660156,1146300
2025-05-23,284.8237813326335,285.22994020111014,282.43637738752955,283.4171142578125,745300
2025-05-27,285.0714500104738,287.5876398377093,283.39729542561184,287.0130920410156,1661100
2025-05-28,286.08192521685277,287.95418631587705,285.3389582250454,286.2899475097656,1497400
2025-05-29,285.56676634832996,291.79779097431526,285.56676634832996,291.3916320800781,1749100
2025-05-30,290.50008396954405,295.7206543054017,289.3410421997151,294.4130554199219,2483600
2025-06-02,291.9662122165019,297.18678247874004,291.58977078833766,297.117431640625,1606000
2025-06-03,296.2457215055904,297.45428247070606,290.0840467869527,293.6304931640625,2265200
2025-06-04,293.6403570194034,293.6403570194034,288.90518231957753,289.0438537597656,1347600
2025-06-05,289.9651286962958,291.56004678015654,286.3493623035137,288.7862854003906,1306300
2025-06-06,291.49071879063064,291.74829035723934,288.72687309414374,291.06475830078125,1340000
2025-06-09,289.49954963020053,290.2524325080248,281.52504949856547,287.0824279785156,1748200
2025-06-10,285.98285655888145,287.2013333072764,282.9515536544885,283.56573486328125,1504600
2025-06-11,282.8524651552658,284.22944505787973,280.5443278367299,282.93170166015625,1591800
2025-06-12,282.1293236551156,286.70602577405407,282.10952208506825,286.5772399902344,1258500
2025-06-13,284.7384150175828,287.2531210578093,284.2812040102087,285.0564880371094,964800
2025-06-16,285.85166146510375,287.5811343458112,283.95320280113503,284.69866943359375,1273000
2025-06-17,283.6251827793221,284.81791107342804,280.95144029535,282.08453369140625,983500
2025-06-18,282.0845394389754,282.74055366400063,279.68913354124396,280.44451904296875,1217200
2025-06-20,281.5676867388022,284.65890383061367,280.93157105095935,282.10443115234375,2389100
2025-06-23,282.5417607562691,286.71635507455045,281.6670751848834,286.447998046875,1193200
2025-06-24,286.3684866926589,287.19348669277196,284.14203621805433,285.0465393066406,1351900
2025-06-25,283.9631207787818,283.9631207787818,280.51409432592527,281.1104736328125,1424800
2025-06-26,281.80624105838916,283.2574378696203,280.6731476073726,281.85595703125,1749400
2025-06-27,281.2595474677069,284.75825939054596,279.79843188538956,283.39654541015625,3782100
2025-06-30,282.601397087442,288.1078879780946,280.9812449867252,287.96875,1993300
2025-07-01,287.44196248370275,288.74404162168173,283.47609017284395,287.83953857421875,1884100
2025-07-02,286.4281500602703,286.7461927452051,275.9518513183178,278.38702392578125,2546700
2025-07-03,279.85808327591883,283.7742700244463,278.23793110164075,282.08453369140625,1523500
2025-07-07,280.8918176609914,282.5517062843652,276.8861783905038,278.2777099609375,1427400
2025-07-08,276.50847170227877,280.33520628793946,275.7729543688522,278.2578430175781,1326200
2025-07-09,277.8105479104178,278.65541610843167,275.95185607465515,278.3075256347656,2052800
2025-07-10,277.8105466436267,279.569836859875,276.72713884946234,278.8442687988281,1675200
2025-07-11,277.68132165110734,278.1186644638462,275.4051552393225,276.3692932128906,1249400
2025-07-14,276.25001895188177,278.6056884128696,275.524450918057,278.5063171386719,1017600
2025-07-15,276.2699089570826,277.3632356044497,273.5166331517275,274.01361083984375,1246000
2025-07-16,275.7828592707456,277.3036098330967,274.0931532754176,275.9220275878906,1498000
2025-07-17,274.1130254079621,275.5045569338764,272.34378596791834,273.7949523925781,2771700
2025-07-18,273.4172313502326,276.0214199138963,271.5784381720176,272.4729919433594,2977900
2025-07-21,272.34377927288153,274.0732519602085,271.68776506969607,272.3636474609375,1963700
2025-07-22,272.56244802161376,277.76084562670394,272.56244802161376,277.0451965332031,2360500
2025-07-23,271.3597876924812,271.3597876924812,262.94098379961946,268.5170593261719,5215200
2025-07-24,268.3679702997473,271.0218446859478,267.3938830431831,268.546875,2120900
2025-07-25,268.9444508122546,270.91249351218295,267.4634669066228,267.5231018066406,2979100
2025-07-28,267.1453971039802,267.87099550709274,262.93103567532575,264.3822021484375,2541500
2025-07-29,266.439698824941,267.62250825184896,264.9487656313374,266.9267272949219,2442000
2025-07-30,267.25474794730934,268.1890685028946,263.4776990134439,264.8990783691406,1948100
2025-07-31,264.5810025334445,267.5231021596218,263.984623199366,264.4319152832031,2963100
2025-08-01,264.9487420146495,266.1514195236818,262.50362028836173,265.7836608886719,3215000
2025-08-04,265.88307295632296,267.3740060757042,264.9885191513166,266.1216125488281,1386400
2025-08-05,267.1453889757397,267.7616668197886,265.6246383870016,266.0619812011719,1260300
2025-08-06,267.3740168344117,269.30229283971784,266.390010642621,268.0002136230469,1077900
2025-08-07,268.5369463316396,268.8649382702059,265.4059625252198,267.68212890625,1588100
2025-08-08,268.25864828953746,270.11734010923374,268.0697943292687,269.6004638671875,961100
2025-08-11,270.0179221497065,271.1808329576736,268.52698907982284,269.3619079589844,1276300
2025-08-12,270.0577002792632,270.62423181661404,268.07970836305026,268.13934326171875,1436500
2025-08-13,269.08360782195996,274.50067689971206,268.2983745605858,273.37750244140625,1406500
2025-08-14,274.74915488775173,275.05727862374584,272.3437695618413,274.0732421875,1054400
2025-08-15,275.16659767931304,275.46480248659066,272.25431576020765,272.552490234375,1504400
2025-08-18,271.995862146245,272.70156191692905,270.67391494202485,271.2702941894531,1160800
2025-08-19,271.41942095119856,273.6657396329068,271.2802526288479,272.1449890136719,4132100
2025-08-20,274.0434367393063,278.6951710966984,272.73143865538157,277.98944091796875,2438600
2025-08-21,278.3671385069425,278.90388290003546,276.8662561915857,277.1346435546875,1131800
2025-08-22,279.10266131163826,280.0171136167873,275.5840810717245,276.011474609375,1401800
2025-08-25,274.928077066783,275.97171813147787,272.50282339920705,272.7513122558594,1194400
2025-08-26,271.71757950648833,271.71757950648833,268.9643340022337,270.3558654785156,2496000
2025-08-27,270.35586459471244,272.1151547054272,269.3917266583848,271.3995056152344,1557200
2025-08-28,270.3558833199908,272.2344736867778,269.47124840658626,271.59832763671875,1452400
2025-08-29,272.35372782190143,274.540411493695,271.96607065748634,273.4073181152344,1248400
2025-09-02,274.96782436110584,275.1467290453158,271.38957901135643,275.13677978515625,1700800
2025-09-03,273.9639282300675,276.75694044147946,273.9539789695998,276.53826904296875,1117000
2025-09-04,278.30750221238264,279.30145757742685,277.1743785363392,278.188232421875,1486300
2025-09-05,277.48255789950457,278.50633080549636,274.55037717210104,275.703369140625,2523200
2025-09-08,274.7988607256702,276.3991144184432,272.2642864959953,275.7928161621094,1343800
2025-09-09,274.6596901231291,276.98557251821535,274.6596901231291,275.3157043457031,1319900
2025-09-10,274.0633446470291,275.8126855965459,272.8705859846703,275.77294921875,1559600
2025-09-11,275.7331672756309,281.5974979865234,275.05728489308433,281.1800537109375,1657000
2025-09-12,279.12256556192926,280.8023526317537,276.06116591208445,276.4289245605469,2115200
2025-09-15,275.7729499105557,276.24011018228833,271.9064486757517,272.6717834472656,2418200
2025-09-16,273.14887643431234,273.81483988763443,269.8092009066076,270.375732421875,2705600
2025-09-17,271.14111455118746,272.5425953697293,270.34593199468515,270.6043701171875,3390800
2025-09-18,269.0538043886173,273.3377499705984,269.0538043886173,272.6221008300781,2034900
2025-09-19,272.80099809315004,273.75521714323276,271.3498316625121,272.2344665527344,3627700
2025-09-22,272.0853402841932,273.58622263814067,271.1212023371394,271.3498229980469,1821000
2025-09-23,271.18084932421516,274.8286791352564,270.18689388430465,274.2322998046875,1441900
2025-09-24,273.89434179091404,277.89998075467184,273.8347068948272,276.5780334472656,1755300
2025-09-25,278.0689640140043,279.3412256742625,275.60394377651807,276.6177673339844,1312500
2025-09-26,278.3075155066783,280.4544628377033,276.7967141995624,278.99334716796875,1032200
2025-09-29,278.71504640672015,278.71504640672015,275.87231809716945,277.87017822265625,1379000
2025-09-30,277.64155164781704,281.1800608179467,275.1765616413757,280.5439147949219,1583600
2025-10-01,279.86802087420926,281.965252145491,278.86411624368657,279.708984375,1700100
2025-10-02,277.7707615579614,280.7923944016073,277.3135505771626,279.6692199707031,1731100
2025-10-03,278.7846154869601,283.4561875661334,277.8999806401849,282.2435607910156,1124200
2025-10-06,283.27729244659344,285.6429111806734,282.20383394810193,284.6589050292969,1334800
2025-10-07,285.26518788716726,288.0085143832001,284.18178018638434,287.49163818359375,1179100
2025-10-08,288.24705801943156,288.74403570567193,285.26519190198917,285.3645935058594,1101700
2025-10-09,286.5076466752711,287.61092261948687,282.1143504204462,282.611328125,1185500
2025-10-10,283.96310949362294,284.2911014161646,280.2854625249005,281.29931640625,1283800
2025-10-13,281.0110890716101,282.5716064249073,280.0270828720813,280.8222351074219,932500
2025-10-14,281.6074666795498,283.8935520919034,280.21593510972093,282.9095458984375,1263300
2025-10-15,281.07069777310727,281.2197850116976,273.7054848556411,276.6277160644531,1897300
2025-10-16,269.7892813566226,270.783236662361,263.6963304791489,266.608642578125,3737600
2025-10-17,266.3402867788989,268.4673659450118,264.83943471598036,266.5887756347656,2525200
2025-10-20,267.74176828390665,267.89085553120395,265.45568293704775,266.578857421875,2009300
2025-10-21,265.52526565043877,268.25864305741266,264.7897180125913,267.6324462890625,2857300
2025-10-22,274.1925270439257,276.0512491553615,270.5546769072595,274.8485412597656,4497700
2025-10-23,276.13074039928273,281.56767751577064,275.49462473227646,281.229736328125,2680500
2025-10-24,281.9553325147119,282.6510830722669,278.675261601288,280.23577880859375,1429600
2025-10-27,278.0093436348879,280.0270719279929,277.5123659239447,279.97735595703125,1449200
2025-10-28,279.06292709994386,279.06292709994386,273.40731846169734,273.9142150878906,2176100
2025-10-29,272.3736063102026,277.6515072370183,271.76730805548016,276.3196105957031,2649500
2025-10-30,277.5720005818334,279.1722542497886,275.65364356609126,276.3792419433594,2180300
2025-10-31,274.06334414048706,276.38919622798653,273.9539932689684,275.2660217285156,1892400
2025-11-03,274.3316851099225,276.67740524879525,271.69770941733714,276.5680847167969,1843600
2025-11-04,278.28765990398404,284.0327212348694,278.28765990398404,283.9233703613281,1925400
2025-11-05,283.78422073252773,284.83781104759527,280.9414924675082,281.5478210449219,1373200
2025-11-06,282.46225533360825,284.12217429832384,280.4047602515284,281.3390808105469,1263300
2025-11-07,281.2794249970342,285.9013418087434,281.2794249970342,285.8118591308594,1303500
2025-11-10,283.71464751012695,286.7561487758666,282.9095460182025,286.5076599121094,1573700
2025-11-11,287.4121613491161,290.9307721327819,286.6468265731036,290.6524658203125,1442400
2025-11-12,290.8015272225888,293.6839917026177,290.0361621814943,293.1472473144531,1336000
2025-11-13,293.18702960975463,296.55652268917873,293.07767874102296,294.4294738769531,1723100
2025-11-14,295.7713015417451,298.1866057685237,292.2228736531532,293.703857421875,1393300
2025-11-17,295.24453173997944,296.7553330855281,293.216854153578,293.7933349609375,1406000
2025-11-18,293.9821917099192,297.5902548366944,293.0876378740268,294.7773742675781,1443800
2025-11-19,294.3499819234427,295.09544851195716,291.01027583367926,292.1831359863281,1379000
2025-11-20,293.157236707347,295.66199363982753,291.39794639760515,294.5289001464844,1599900
2025-11-21,296.1987134307521,299.210397122445,295.940275316465,296.4869689941406,2130100
2025-11-24,297.19266226642407,297.7194574109632,292.53100905037877,294.0219421386719,2112900
2025-11-25,295.34392634229073,297.5405593144535,295.0655897065206,295.9700927734375,941900
2025-11-26,296.0794360113667,297.6697706997591,295.20475041609524,296.09930419921875,946500
2025-11-28,295.413482343521,296.6062409826175,294.2406222260472,294.38970947265625,621000
2025-12-01,294.77734953310494,296.10924608067336,291.4376437373949,292.1036071777344,1484700
2025-12-02,291.5569379307956,293.4553964745968,289.27085253587137,292.7198791503906,1671000
2025-12-03,293.0975850890359,295.27434992994245,291.72592172812347,293.26654052734375,1773000
2025-12-04,293.5349217118274,295.95022610081406,291.8153679164934,292.8590393066406,1799000
2025-12-05,292.02409923625953,293.40571187240846,289.98650269589183,293.21685791015625,2780400
2025-12-08,292.71987091300053,296.5267068214288,291.5966964361654,295.4333801269531,2376100
2025-12-09,296.5167967399647,301.65552942326684,295.20476826771664,299.3992614746094,1977100
2025-12-10,299.82662535639713,301.97357255305434,293.3162299450671,294.7475280761719,3100900
2025-12-11,296.76527979329256,306.44639596766245,296.56647657419614,304.1304931640625,2407600
2025-12-12,304.31932254542136,307.1123346494215,303.59372422074244,306.60540771484375,2015000
2025-12-15,307.2713714866151,311.14779128534286,306.9731666817222,310.7203674316406,2506300
2025-12-16,309.51769095910134,311.5652365603042,308.89149423320833,309.1598815917969,2479100
2025-12-17,307.1322431346905,311.505641177429,306.63526539499037,311.06829833984375,2893400
2025-12-18,309.12011949119966,310.63092073085096,308.07647848789804,309.0803527832031,2022600
2025-12-19,308.53371073764873,310.47190563929354,307.2117330203305,308.7225646972656,4168300
2025-12-22,307.4800999109928,310.03457249295985,306.6352317795001,309.0704345703125,1400100
2025-12-23,309.6071626073653,312.2212702029205,309.39844046342216,311.4062194824219,1007700
2025-12-24,310.71046783345105,312.4995754416659,310.5712995158882,311.4261169433594,488200
2025-12-26,311.94298450473536,312.77790346876867,310.5614021594193,311.5752258300781,627000
2025-12-29,312.45980321004174,313.1754523073029,311.10803843361026,312.5492858886719,938500
2025-12-30,312.559192562905,313.14562258261236,310.9987057081053,312.24114990234375,732700
2025-12-31,311.9429724946777,312.39026457713453,310.15386483107613,310.2333679199219,968700
2026-01-02,308.5833976428817,309.9152942935171,305.36299172143833,308.1858215332031,1354100
2026-01-05,306.13824862661704,315.0242119062592,305.1442932739332,313.2847900390625,1852800
2026-01-06,311.98275376386056,313.62277425420984,306.87380799012504,307.4205017089844,2085500
2026-01-07,306.64519130524184,307.9373211968205,304.49824399325433,304.77655029296875,1464700
2026-01-08,308.07648046750325,311.66464480964805,307.1322107284595,311.1080322265625,1755200
2026-01-09,309.9649878889635,311.1080304966902,304.80635709720974,304.9554443359375,1280000
2026-01-12,305.2238125557308,307.50992818810823,303.1961653684751,304.7666015625,1313700
2026-01-13,304.3789576539633,304.81630043447353,297.67967797057145,298.8724365234375,1779100
2026-01-14,300.0353590540869,302.14256995781085,297.45109931011956,299.1905212402344,2006600
2026-01-15,299.69741181570237,301.5262860539247,298.2064787628255,299.2898864746094,1228800
2026-01-16,298.2164480165624,299.63779700898397,297.2224925813397,298.95196533203125,1745200
2026-01-20,298.13692794705895,302.9178508915201,297.93812473809277,299.2402038574219,1506700
2026-01-21,298.8128129820946,301.6157744546475,294.27042958150594,298.166748046875,2074400
2026-01-22,296.4670681254917,299.5185185028651,295.2544413164473,299.10107421875,2279200
2026-01-23,298.57427959599477,301.0889855651376,296.7155575030529,299.09112548828125,1767000
2026-01-26,300.85041612293065,303.9018665106046,300.174533724293,301.655517578125,1463700
2026-01-27,301.53624478873024,302.95759373051965,298.65378019588763,299.6477355957031,1197900
2026-01-28,299.01158322983423,302.6494635558749,297.28211057747967,301.8145446777344,1188700
2026-01-29,303.73290602142066,306.6750361187709,300.9995284173171,304.3193664550781,1318100
2026-01-30,303.90187498361047,307.82801109456693,302.84828464662047,307.6888427734375,1844400
2026-02-02,309.0306806262388,311.05835815894915,306.47620793876337,309.3686218261719,1518200
2026-02-03,308.22557579039625,313.0164481011995,307.67888212020335,311.4857482910156,1837100
2026-02-04,318.83106225204966,331.8320158507733,313.09595052271254,327.4586181640625,3244100
2026-02-05,328.005265221872,332.2593929029403,325.5104275888922,329.27752685546875,2113300
2026-02-06,329.97332605169476,333.3130016503732,325.6396647155677,328.96942138671875,1839000
2026-02-09,328.88992665145815,333.56149897058594,322.1111433418201,324.1984558105469,2205800
2026-02-10,326.53422197339864,329.13841064017396,321.51475926154643,324.2779541015625,1929400
2026-02-11,323.6020884846919,327.57791035040117,320.898528402685,327.0809326171875,1348700
2026-02-12,328.0748684507146,333.57144063780316,325.9676878412863,330.5001220703125,2192800
2026-02-13,328.68115417799254,331.98109328339075,320.3418844043608,322.9858093261719,2019400
2026-02-17,326.0372476400626,331.51395173927335,324.65566537231285,329.8838806152344,1963500
2026-02-18,330.49017949199157,331.4741856581687,325.5104530959072,327.2995910644531,1558100
2026-02-19,327.17034912109375,328.2736250080475,325.07308754351027,327.17034912109375,1339200
2026-02-20,328.94957585297783,329.64532648406225,324.7650014726915,329.6155090332031,1463100
2026-02-23,329.4961962187094,333.2036605681788,328.18416788594647,331.3747863769531,1864900
2026-02-24,331.50401512995944,335.3804657025025,329.00920754411993,334.81390380859375,1591200
2026-02-25,334.9629746090363,336.1457839786667,330.6293435627122,332.5178527832031,1413100
2026-02-26,333.8398145193486,336.74217780061974,333.01484483653417,335.87744140625,1816000
2026-02-27,337.9448345017145,340.6185769425094,335.26114280036813,338.79962158203125,2218000
2026-03-02,339.68426670026247,343.5805853152007,336.7719845831889,340.68817138671875,1885700
2026-03-03,336.8514757364029,338.8294675897938,332.42839244903604,336.2550964355469,2412700
2026-03-04,335.4798135259247,335.95692303476994,331.8021967694938,332.1202697753906,1531300
2026-03-05,331.9214738703702,333.57144350003216,326.9616460537458,330.4504089355469,1877000
2026-03-06,329.00921069871544,330.2019390659918,320.72954462524274,326.01739501953125,2091100
2026-03-09,324.17857001927956,325.53036522980307,319.80517202403513,322.43914794921875,1737600
2026-03-10,321.395487899824,326.1366442857468,320.32199907044895,323.2740478515625,1243400
2026-03-11,322.02170893622184,324.6457356432884,320.1232503199807,320.80908203125,2219200
2026-03-12,319.38769819897544,328.6911371821853,318.1452538600344,327.5679626464844,2014300
2026-03-13,329.39227945227196,332.40287513264457,327.0495827762032,327.94677734375,2018700
2026-03-16,328.7941459628427,331.3960133013482,327.0296318424401,329.09320068359375,1757000
2026-03-17,331.7150081101662,333.30005889339236,329.5517443332163,329.8408508300781,1559400
2026-03-18,328.74427990497355,330.32933075424813,326.9000584412199,326.9598693847656,1478700
2026-03-19,328.2757301292193,329.3523879241275,321.51681991951654,322.63336181640625,2207700
2026-03-20,321.29750177117455,324.4576551484263,320.1411366220113,321.5766296386719,3736200
2026-03-23,325.8533032053531,328.10628346786154,323.2912895963695,325.3548583984375,1620800
2026-03-24,325.0757164323811,328.47511351891,324.1885005343111,324.5971984863281,1235600
2026-03-25,325.35485620567863,326.89007471897565,321.11807537545053,322.2046813964844,1626300
2026-03-26,322.65329736417857,325.1754268804338,322.4140535911447,323.30126953125,1538600
2026-03-27,323.85952442103485,325.4944379928312,317.3199309791629,318.0975036621094,1643700
2026-03-30,320.8788350224623,326.0427159408645,319.3535951242421,324.3380432128906,1168400
2026-03-31,325.6539482603904,327.4184319503122,319.9716652100584,324.9162292480469,1865800
2026-04-01,323.94922579883877,327.47822339116925,322.94238802163227,326.14239501953125,1212200
2026-04-02,327.2190299253341,329.50191560923577,325.9430124645486,327.3087463378906,982300
2026-04-06,325.6738709276006,327.0296262018307,322.78289712712785,325.8832092285156,1273400
2026-04-07,325.58415331162155,328.55486488440584,324.3579681369014,326.38165283203125,1093800
2026-04-08,324.26825378761305,331.77483139566993,322.01527351525567,331.6053771972656,1252000
2026-04-09,329.75113380343976,335.0944777679364,329.18289944183675,331.9044189453125,1216600
2026-04-10,331.8745237338648,331.9542615167002,323.4906784625901,326.89007568359375,1258600
2026-04-13,326.8900750088379,329.0134547414954,325.63398436751226,328.9536437988281,1638500
2026-04-14,326.48134206145716,327.4084420825148,323.4906732792148,324.726806640625,1334400
2026-04-15,324.2483172922462,328.973564206508,323.64019882347736,326.2520446777344,1560900
2026-04-16,326.2520511475165,327.8869647079602,324.7666953664391,327.39849853515625,1634900
2026-04-17,325.7137414405027,331.3660882879675,325.4146563147321,329.80096435546875,2225200
2026-04-20,330.83774986292804,333.9281137371502,327.48821537762205,328.9635925292969,1325500
2026-04-21,327.78725963839673,330.3193676843198,324.9959809896548,328.2657775878906,2156700
2026-04-22,320.65952268399906,327.61782326760596,319.00468224413873,324.41778564453125,2034300
2026-04-23,325.38474913493917,331.8944368015597,324.77666110091457,331.8446044921875,1702800
2026-04-24,329.7611090105625,330.9673368705726,324.36793279216374,325.1056213378906,1885300
2026-04-27,322.4738510910063,328.90377060449464,322.0850495533778,323.5903625488281,1534200
2026-04-28,328.23587264024354,331.6153124945437,326.27199895196867,329.3125,1619000
2026-04-29,328.7143656413599,329.47201146955047,322.5535952396754,324.7367858886719,2246800
2026-04-30,322.2744795027038,327.6975615427855,320.67945000456376,325.98291015625,2556700
2026-05-01,327.8271467468792,330.4888249072984,324.9860053395939,325.205322265625,1345200
2026-05-04,323.20156096584253,327.60782627840206,321.6464156608581,324.1087341308594,1761000
2026-05-05,323.6202710205975,325.0159103558185,321.45700723401296,321.5666809082031,1295600
2026-05-06,322.24454966378045,325.7336631172166,319.6327038891188,320.89874267578125,1332300
2026-05-07,319.39348472831506,321.6564132473802,317.8582661722258,320.28070068359375,1079300
2026-05-08,321.1280584087677,322.6333714713923,317.55917652969543,318.64581298828125,926900
2026-05-11,320.6993783571185,321.63645696194976,317.22021316241995,319.26385498046875,1275600
2026-05-12,319.61275485210444,323.9093769470298,317.5990488450295,321.038330078125,1605800
2026-05-13,319.22399640532507,323.50066140783093,314.0601154578214,315.027099609375,2211200
2026-05-14,316.8414106205509,319.3137077997348,316.5124504359879,319.0943908691406,969700
2026-05-15,321.32740779719455,324.80657314978606,320.36042367907635,323.1417541503906,1462400
2026-05-18,323.410930120823,330.4090840027669,323.1417504643966,329.3025207519531,1581300
2026-05-19,329.81096305384864,332.99104342197256,326.90006235756204,329.1031799316406,1460200
2026-05-20,330.5685977928353,330.5685977928353,326.471365712737,327.3586120605469,1513900
2026-05-21,325.76357092898974,330.95735704581404,322.34424702147777,329.2327575683594,1026000
2026-05-22,329.97045977867333,330.9474225452801,326.3717029017871,326.8701477050781,1396500
2026-05-26,326.97980054285557,328.7542628776758,322.8028305350352,324.437744140625,1509800
2026-05-27,324.05891325536817,326.910002940887,319.4732149587346,319.6327209472656,1437100
2026-05-28,319.01463965002296,320.30060528544453,315.01710275637754,315.2364196777344,1714000
2026-05-29,314.7977972120156,315.4956321022772,309.7136541587482,310.7604064941406,3970200
2026-06-01,309.1554061074528,312.30558097796154,308.46754983134434,308.81646728515625,1745900
2026-06-02,308.1784671455327,313.4818967238252,307.6500864490418,311.2987060546875,1401800
2026-06-03,311.2189659387898,315.12675612507394,310.65073156666506,311.7772216796875,1788700
2026-06-04,315.76479122483295,318.96479842813596,312.8339332702595,313.52178955078125,2954400
2026-06-05,316.6021630805648,327.5779272656131,315.3261456148424,325.2551574707031,1910800
2026-06-08,324.766677875614,325.2950281226376,320.8489092275343,320.8788146972656,1694000
2026-06-09,320.8788222502449,327.64771100354557,320.60964259367194,324.11871337890625,1720400
2026-06-10,327.9168746524114,332.51252120636633,325.3448823912936,329.5517578125,1431400
2026-06-11,329.5517550534217,331.7549030036267,326.66078125872787,326.9100036621094,1351100
2026-06-12,325.6199951171875,328.6499938964844,319.7099914550781,328.1400146484375,1595300
2026-06-15,324.9599914550781,328.45001220703125,323.70001220703125,326.95001220703125,1408600
2026-06-16,329.5199890136719,331.989990234375,326.0,328.8900146484375,1046100
2026-06-17,327.55999755859375,331.20001220703125,326.1400146484375,327.9599914550781,1432900
2026-06-18,327.989990234375,329.95001220703125,322.0,323.3999938964844,2960200
2026-06-22,325.3699951171875,330.0299987792969,324.57000732421875,325.20001220703125,1755500
2026-06-23,330.8800048828125,333.1700134277344,326.3900146484375,332.1099853515625,1225700
2026-06-24,334.0,337.44000244140625,330.44000244140625,335.1499938964844,1348500
2026-06-25,334.19000244140625,337.8699951171875,330.0199890136719,330.82000732421875,1144300
2026-06-26,335.0199890136719,342.7099914550781,331.4200134277344,341.44000244140625,3340200
2026-06-29,340.0,343.6700134277344,339.19000244140625,343.2900085449219,1500700
2026-06-30,343.3699951171875,344.8500061035156,339.80999755859375,340.739990234375,1343000
2026-07-01,343.7099914550781,352.95001220703125,342.4200134277344,351.7300109863281,2375300
2026-07-02,351.5400085449219,361.3299865722656,349.6000061035156,361.1700134277344,1499200
2026-07-06,359.1199951171875,361.0,353.04998779296875,356.5299987792969,2165800
2026-07-07,357.45001220703125,365.2900085449219,357.45001220703125,359.29998779296875,1596200
2026-07-08,360.8299865722656,360.8599853515625,354.760009765625,355.0899963378906,1347000
2026-07-09,354.32000732421875,355.6099853515625,346.1499938964844,347.79998779296875,1807400
2026-07-10,348.760009765625,348.8699951171875,343.0799865722656,347.8299865722656,1718600
2026-07-13,352.5,355.70001220703125,349.7300109863281,354.739990234375,1649700
2026-07-14,351.67999267578125,354.6700134277344,346.1199951171875,346.2200012207031,1799600
2026-07-15,341.6099853515625,341.6099853515625,334.0400085449219,337.44000244140625,1955600
2026-07-16,338.04998779296875,343.70001220703125,338.0,343.70001220703125,2461900
2026-07-17,348.6000061035156,354.6099853515625,347.45001220703125,352.1600036621094,2985200
2026-07-20,352.2699890136719,354.6600036621094,350.5799865722656,352.5299987792969,1388800
2026-07-21,348.9200134277344,355.5199890136719,348.2699890136719,354.79998779296875,2364800
2026-07-22,345.5,349.9700012207031,338.04998779296875,343.2300109863281,4619100
2026-07-23,343.3900146484375,353.3800048828125,341.7799987792969,353.25,2610600
2026-07-24,355.6300048828125,360.25,353.9800109863281,359.75,2217800
2026-07-27,358.9800109863281,362.0899963378906,357.2300109863281,358.9100036621094,1751300
2026-07-28,361.5299987792969,365.1700134277344,360.3500061035156,363.5,2137800
2026-07-29,365.0,365.9100036621094,360.5899963378906,361.8999938964844,1858300
2026-07-30,358.3599853515625,359.3500061035156,347.0,350.1499938964844,1615500
2026-07-31,349.5899963378906,354.04998779296875,347.010009765625,350.67999267578125,1362600
2026-08-03,350.989990234375,353.6099853515625,346.70001220703125,348.2300109863281,1636400
2026-08-04,344.44000244140625,349.04998779296875,342.2200012207031,348.29998779296875,1521800
2026-08-05,349.3399963378906,352.70001220703125,348.0,352.5400085449219,1367400
2026-08-06,356.2300109863281,356.8500061035156,351.3699951171875,354.0299987792969,1629900
2026-08-07,350.8800048828125,352.6199951171875,348.20001220703125,350.30999755859375,1354600
2026-08-10,350.1000061035156,351.25,345.5,348.29998779296875,1277900
2026-08-11,346.70001220703125,349.6400146484375,346.55999755859375,347.07000732421875,1103900
2026-08-12,344.1700134277344,348.70001220703125,342.7799987792969,343.3299865722656,1203600
2026-08-13,345.3299865722656,347.0,342.6099853515625,344.5,2042900
2026-08-14,344.5,345.70001220703125,342.70001220703125,343.6400146484375,2433200
2026-08-17,344.95001220703125,347.489990234375,340.7300109863281,340.8599853515625,1382500
2026-08-18,346.8999938964844,348.7799987792969,344.3599853515625,345.2900085449219,1524400
2026-08-19,344.4599914550781,348.45001220703125,340.69000244140625,340.9200134277344,1714400
2026-08-20,340.8900146484375,344.30999755859375,340.19000244140625,342.8699951171875,2068100
2026-08-21,343.6300048828125,345.44000244140625,340.6700134277344,340.989990234375,1968400
2026-08-24,342.9599914550781,346.7900085449219,342.54998779296875,345.8299865722656,2448400
2026-08-25,345.3800048828125,346.2200012207031,341.3999938964844,343.1099853515625,1783300
2026-08-26,342.7799987792969,347.0400085449219,342.6499938964844,343.7699890136719,998700
2026-08-27,341.5,341.8699951171875,336.6400146484375,338.30999755859375,1196100
2026-08-28,339.510009765625,341.5,337.989990234375,339.9200134277344,1206900
2026-08-31,340.2200012207031,340.3699951171875,338.260009765625,338.6000061035156,1893200
2026-09-01,340.8999938964844,342.989990234375,337.7699890136719,338.739990234375,1208400
