open_time,open,high,low,close,volume
2010-07-15,5.992338138324852,6.323343439567642,5.8211283683776855,5.8211283683776855,8791400
2010-07-16,5.8496628333025456,5.895318694802091,5.3645686245438675,5.530071258544922,428400
2010-07-19,5.678453724007781,5.689867962806483,5.52436531005135,5.587141990661621,272600
2010-07-20,5.8097162142850625,5.8097162142850625,5.039272317389692,5.278965950012207,3116500
2010-07-21,5.284674043913514,5.301794865321564,4.930840650667575,5.022152423858643,746800
2010-07-22,5.022150886399248,5.336035418848126,5.022150886399248,5.30750036239624,2691700
2010-07-23,5.296086931925378,5.421640872955322,5.296086931925378,5.421640872955322,257400
2010-07-26,5.695573892545977,5.695573892545977,5.49012251579802,5.530071258544922,1613300
2010-07-27,5.649917693692865,5.8097137436607404,5.5072429989606135,5.621383190155029,1159800
2010-07-28,5.6784518589787085,5.718401137392371,5.455879718114186,5.473000526428223,789200
2010-07-29,5.541486911765911,5.5700219685583425,5.336035482530089,5.410225868225098,626300
2010-07-30,5.433054591279586,5.433054591279586,5.147705099155934,5.164825916290283,2072200
2010-08-02,5.41593330139175,5.615678166219957,5.2447234950048545,5.3873982429504395,1033000
2010-08-03,5.421640416938818,5.473003413233678,5.307500727539668,5.438761234283447,367200
2010-08-04,5.4444684982299805,5.49583149587778,5.387398379896652,5.4444684982299805,2207600
2010-08-05,5.478710256581539,5.689868807351949,5.478710256581539,5.649919509887695,3230900
2010-08-06,5.638503736715731,5.649917428743474,5.512949858846106,5.627089500427246,533700
2010-08-09,5.706988446076951,5.712695565145628,5.592848786007578,5.644211769104004,1148400
2010-08-10,5.667038754898129,5.6727453287531535,5.592847852175409,5.609968662261963,268000
2010-08-11,5.598556730015361,5.621384665392899,5.461588573489227,5.6042633056640625,668000
2010-08-12,5.592850518974798,5.786888273346525,5.541487519963341,5.741232395172119,797700
2010-08-13,5.769765214729904,5.809714504584591,5.6955742984407305,5.798300266265869,1260200
2010-08-16,5.729816120508997,5.76405828912088,5.678453139721576,5.7012810707092285,1045000
2010-08-17,5.70699114845239,5.946684820228278,5.701284026681277,5.929563999176025,257800
2010-08-18,6.192080232970274,6.192080232970274,5.821125804116861,6.015163421630859,2045000
2010-08-19,6.0208733738650855,6.106477989312579,5.878198651945349,5.946682453155518,1918700
2010-08-20,5.9869412662749735,6.021448374196433,5.900674319179134,5.923678874969482,115800
2010-08-23,5.946682992355138,5.975438822091089,5.814406394958496,5.814406394958496,2008000
2010-08-24,5.768397453689986,5.894922779106337,5.7108863410257165,5.848913669586182,615800
2010-08-25,5.854666551112281,5.866168557410969,5.751145752064088,5.820159435272217,1014200
2010-08-26,5.774151034947408,5.8431647267827875,5.7626490272108795,5.785653591156006,274700
2010-08-27,5.808653718823541,5.900671904326451,5.751142078648397,5.883418083190918,595800
2010-08-30,5.85466564337233,5.871918924381318,5.728140302871953,5.774149417877197,518100
2010-08-31,5.7511445994815515,5.797153712399653,5.70513548656345,5.7626471519470215,1000400
2010-09-01,5.820156049927426,6.193980635456443,5.785649502630396,5.889169692993164,1323600
2010-09-02,5.848913171807128,5.917926830213868,5.779899513400389,5.871917724609375,1362900
2010-09-03,5.894924640655518,5.91792920268017,5.837412961357875,5.894924640655518,444600
2010-09-07,5.814408399333222,5.9524363199531605,5.814408399333222,5.894924640655518,1210400
2010-09-08,5.8891733630313485,6.176730662575521,5.6188698963596835,5.894924640655518,1662200
2010-09-09,5.883420227490374,5.923678609674396,5.797153284258045,5.848913669586182,436300
2010-09-10,5.848915244489163,5.894924366397924,5.774150284269428,5.843163967132568,956500
2010-09-13,5.889171102171812,5.917926930781238,5.779899611622167,5.91217565536499,1713200
2010-09-14,5.866166778788841,5.917927162619186,5.779899838052822,5.814406394958496,358400
2010-09-15,5.8144054742329025,5.8949216750492575,5.779898922791426,5.854663848876953,451500
2010-09-16,5.7971529315628025,5.889171145004781,5.7971529315628025,5.866166591644287,423000
2010-09-17,5.8949224204628585,5.8949224204628585,5.7971529315628025,5.866166591644287,275900
2010-09-20,5.866166778788841,5.871918054430399,5.779899838052822,5.814406394958496,760700
2010-09-21,5.80865478515625,5.883419163248613,5.75689440919096,5.80865478515625,1372400
2010-09-22,5.791403837308569,5.9524363199531605,5.76264854613177,5.894924640655518,1076700
2010-09-23,5.883419826755564,5.981189314944526,5.808655440231593,5.91217565536499,782000
2010-09-24,5.906423753447203,6.147971239688283,5.906423753447203,6.119215965270996,338800
2010-09-27,6.142221927642822,6.326258358937286,6.038701160803773,6.142221927642822,1024800
2010-09-28,6.188231075738106,6.205484354166285,5.986940816345961,6.032949924468994,16616300
2010-09-29,5.952434729406198,6.124968624252392,5.90067434156359,6.096213340759277,761500
2010-09-30,6.124968624252392,6.326258899535452,5.981190012899313,6.096213340759277,984400
2010-10-01,6.124969888112469,6.268748529133625,6.107716604762087,6.234241962432861,1459600
2010-10-04,6.239991806967692,6.2802496416991405,6.170977592468262,6.170977592468262,866000
2010-10-05,6.153723984134507,6.286000581637117,6.130719430021683,6.228488922119141,1475600
2010-10-06,6.199733421613019,6.2514938082336995,5.98118987169896,6.03870153427124,999800
2010-10-07,6.0329483206471135,6.113464512693607,5.9811879506509165,6.0847086906433105,292200
2010-10-08,6.113466983714896,6.429780057176356,6.113466983714896,6.383770942687988,3009900
2010-10-11,6.395270878258542,6.395270878258542,6.216985754407811,6.326257228851318,1111000
2010-10-12,6.326256968516837,6.5735562800698055,6.326256968516837,6.493040084838867,1068400
2010-10-13,6.516047594254543,6.642572944683629,6.441282639386081,6.533300876617432,1899600
2010-10-14,6.487289467360241,6.5275478432878185,6.378017986349417,6.441280364990234,697700
2010-10-15,6.42977778004078,6.47003560384263,6.297501211379151,6.314754486083984,354400
2010-10-18,6.326257798221049,6.458533834371944,6.314755248048739,6.452783107757568,290900
2010-10-19,6.412525772591504,6.464286159833839,6.239991879746213,6.2975029945373535,311600
2010-10-20,6.291753828024866,6.5793111438088046,6.291753828024866,6.544804573059082,330100
2010-10-21,6.636821768743029,7.004895271742019,6.562056812736736,6.786351680755615,3246300
2010-10-22,6.769097948708737,6.901374020841676,6.751844118756844,6.7633466720581055,1105600
2010-10-25,6.8668639220397365,6.970384662827572,6.832357374091585,6.878366470336914,839600
2010-10-26,6.895623452644032,6.907126007127061,6.769098644162627,6.861116886138916,729200
2010-10-27,6.884120176362661,7.045152070107271,6.792101951365741,6.964635848999023,1082300
2010-10-28,7.050902586102425,7.257943570023604,6.435529812955448,7.1084136962890625,2549200
2010-10-29,6.9128732213654995,7.459231623334574,6.757592117942133,7.2924485206604,2954200
2010-11-01,7.384467894043876,7.441978996473975,7.137168563026373,7.194680213928223,1660700
2010-11-02,7.269443919581208,7.355710832971003,7.1486699117525,7.2751946449279785,1176400
2010-11-03,7.303953170776367,7.349962281421269,7.131418731622056,7.303953170776367,1136800
2010-11-04,7.476485625478929,7.735286941281934,7.361462879396674,7.700780391693115,2631400
2010-11-05,7.591507280166005,7.90782019777118,7.5397469147524045,7.62026309967041,4006000
2010-11-08,7.591507629891988,7.672023818519217,7.5685030829230175,7.603010177612305,625200
2010-11-09,7.632097489226571,7.829880593916904,7.341240112862297,7.422680377960205,1443400
2010-11-10,7.475035449956442,7.591378299751006,7.469218168775097,7.521572589874268,1195000
2010-11-11,7.544842432197134,7.800796744909369,7.498305284431273,7.719357013702393,1579500
2010-11-12,7.707720970857808,7.748440828650281,7.527389141782007,7.678635120391846,822000
2010-11-15,7.684451873741302,7.765892138500141,7.550657192692239,7.585560321807861,848300
2010-11-16,7.509935167304946,7.53320372840188,7.358689242791752,7.411043643951416,941500
2010-11-17,7.440130032226835,7.440130032226835,7.358689785003661,7.358689785003662,252500
2010-11-18,7.475034660769084,7.556474369643932,7.35869126849117,7.416862964630127,4297700
2010-11-19,7.416865603374457,7.52157447177094,7.358693886539387,7.445951461791992,752100
2010-11-22,7.475038975187187,7.579747311999545,7.416867245472864,7.434318542480469,1638000
2010-11-23,7.370325961452008,7.451766226549916,7.329606106286264,7.422680377960205,1066900
2010-11-24,7.4633990669784405,7.498302190785805,7.405227378888277,7.469216346740723,686500
2010-11-26,7.440135598400075,7.527392635530811,7.37614714148865,7.463404178619385,541600
2010-11-29,7.765889894137468,7.765889894137468,7.271432277369818,7.411043643951416,1261000
2010-11-30,7.405230146886534,7.416864710759978,7.312155854965133,7.3179731369018555,1024500
2010-12-01,7.527387004078144,7.527387004078144,7.283067371941219,7.358689785003662,1510300
2010-12-02,7.341241657671119,7.4750363674314855,7.341241657671119,7.428499221801758,751300
2010-12-03,7.416864658011058,7.504121667375163,7.411047376115709,7.428499221801758,892600
2010-12-06,7.492484703278652,7.533204550952924,7.445947576003394,7.498301982879639,1192500
2010-12-07,7.539021766841174,7.632096020605113,7.527387207737525,7.603010177612305,2362900
2010-12-08,7.603014733905401,7.725174903869628,7.556477579134899,7.725174903869629,1915700
2010-12-09,7.794977799036766,7.8764180676282125,7.701903523370222,7.78334379196167,2391300
2010-12-10,7.841517811138702,7.841517811138702,7.730992206963691,7.800797939300537,3214700
2010-12-13,7.800796979696336,7.82988283661706,7.736808538284005,7.818248271942139,1621400
2010-12-14,7.829882276336862,7.853150849255105,7.742625266585088,7.835699558258057,2293100
2010-12-15,7.853150626697742,7.969493487991811,7.8415160631850735,7.882236480712891,1770400
2010-12-16,7.818247064187376,7.888053331920145,7.7077214906823945,7.754258632659912,928300
2010-12-17,7.829880929794941,7.847332217790807,7.713538085211762,7.78334379196167,1267500
2010-12-20,7.824063220261399,7.998577754959247,7.7833433655795865,7.893868923187256,1483300
2010-12-21,7.957855290897919,8.46976416593244,7.957855290897919,8.429043769836426,3073400
2010-12-22,8.539575768161823,8.615198779337547,8.330158028054708,8.45231819152832,2026000
2010-12-23,8.493034782011442,8.493034782011442,8.370874673682293,8.434863090515137,668400
2010-12-27,8.388330459594727,8.440684899076478,8.231267141149473,8.388330459594727,514400
2010-12-28,8.394143683609553,8.411594970075553,8.202177868184362,8.231263160705566,1247000
2010-12-29,8.231265948337217,8.4290491111552,8.14400893169003,8.376694679260254,759400
2010-12-30,8.42904995532211,8.527941546635066,8.335975646972656,8.335975646972656,1190800
2010-12-31,8.394143953601445,8.463949656477094,8.196360851403899,8.26034927368164,1102300
2011-01-03,8.394143239327542,8.446497650720943,8.347606108037043,8.434863090515137,2419800
2011-01-04,8.434867607233748,8.539576486090258,8.277804288948984,8.405781745910645,1251100
2011-01-05,8.38250928404787,8.842063904780204,8.23126331905586,8.807161331176758,1623200
2011-01-06,8.760625138116035,8.894419275920052,8.626830445545552,8.859516143798828,2225800
2011-01-07,8.900235898482805,8.95840704135844,8.685001504833474,8.708270072937012,1006800
2011-01-10,8.748990321746387,8.842064598344788,8.673367333318573,8.778076171875,1454400
2011-01-11,9.00494220807741,9.016576766967773,8.621010640956229,8.725719451904297,1286100
2011-01-12,8.783894918719334,8.90023778388275,8.76062634568665,8.853700637817383,1177800
2011-01-13,8.911871160654709,9.103837013244629,8.812979593591235,9.103837013244629,3658800
2011-01-14,9.074748313219859,9.202725130460493,9.02821118790212,9.121285438537598,2173900
2011-01-18,9.167824347032314,9.167824347032314,8.91768683372204,9.13292121887207,1752200
2011-01-19,9.127107208545418,9.24345064092011,8.725724142105852,8.871152877807617,1715800
2011-01-20,8.766444213274948,8.842067224160415,8.58029560479787,8.748992919921875,1655500
2011-01-21,8.737357129142419,8.882785838577414,8.6966367132594,8.789710998535156,1569200
2011-01-24,8.778075906821563,8.940955885950615,8.71408692751747,8.766441345214844,1480600
2011-01-25,8.725720692906451,8.778075105826511,8.562840728640117,8.626829147338867,3208600
2011-01-26,8.667550480449679,8.778076605444255,8.510487769623804,8.70245361328125,1687800
2011-01-27,8.766444785533478,8.783896634792391,8.644284614554335,8.714090347290039,1905000
2011-01-28,8.725723135172235,8.748991708008699,8.527939988679018,8.719905853271484,3132400
2011-01-31,8.69663728043502,8.778077562745914,8.667551425697805,8.719905853271484,4372500
2011-02-01,8.754810044704866,9.278353273986026,8.725724186463335,9.039850234985352,4053600
2011-02-02,9.074754707458448,9.452869255783098,9.057302857092681,9.295805931091309,2972900
2011-02-03,9.493586997375692,9.749541864231022,9.307438406765678,9.662284851074219,3770400
2011-02-04,9.720454556997128,9.929872256885892,9.545940546778505,9.88333511352539,2063300
2011-02-07,9.941505469292876,9.953140030935392,9.615745510032474,9.761174201965332,2559600
2011-02-08,9.662281879927045,9.708819013269402,9.42377893285587,9.476133346557617,2210100
2011-02-09,9.435413625006873,9.516854451216847,9.266716910528283,9.44704818725586,1715200
2011-02-10,9.324888485721855,9.580842194529252,9.249264941662421,9.406328201293945,1219600
2011-02-11,9.365612724577034,9.487772355079297,9.289989699908931,9.353978157043457,3461400
2011-02-14,9.388874986883078,9.540120943379097,9.313252563401441,9.464498519897461,1948600
2011-02-15,9.423778668058677,9.511035651932179,9.388874986883078,9.464498519897461,740400
2011-02-16,9.499401091540312,9.59829263580568,9.406326827470878,9.464498519897461,1922800
2011-02-17,9.423778533935547,9.47613294542107,9.324886991077644,9.423778533935547,2541300
2011-02-18,9.447046944760658,9.545938491804764,9.388875250699517,9.476133346557617,2021700
2011-02-22,9.365610373056343,9.464501953195152,9.301621377221483,9.412147521972656,1908400
2011-02-23,9.743723809640326,9.889152523217046,9.359792094560424,9.522672653198242,3746100
2011-02-24,9.726270254468934,9.755356657790015,9.534304430681154,9.71463680267334,2223700
2011-02-25,9.743720978537503,10.150921702050661,9.743720978537503,9.999675750732422,2631400
2011-02-28,10.063666195834605,10.063666195834605,9.656466477291195,9.69136905670166,1712800
2011-03-01,9.761173563363984,9.877515843579136,9.45286435720488,9.516853332519531,1748600
2011-03-02,9.540122673209632,10.127654765138182,9.48195097023526,10.116020202636719,3297100
2011-03-03,10.210673549282895,10.536042181235903,10.133767497719722,10.453221321105957,2610600
2011-03-04,10.589281289705665,10.8199982464243,10.429554426211823,10.459134101867676,1751400
2011-03-07,10.583370386241036,10.784507762930842,10.0982747583479,10.311244010925293,2473200
2011-03-08,10.423641407107992,10.447304023341614,10.15151398614995,10.358567237854004,1391200
2011-03-09,10.352653787647279,10.518296654455533,10.234337293019994,10.305327415466309,2517800
2011-03-10,10.068694166468934,10.269831502596247,9.885303512244313,10.192925453186035,2082300
2011-03-11,10.056861174598103,10.399977569538649,10.056861174598103,10.299408912658691,1281800
2011-03-14,10.098273149135021,10.352652798432441,10.080526466481459,10.222505569458008,1597300
2011-03-15,9.95629684615219,10.080529301412875,9.784739138273059,9.81431770324707,2407200
2011-03-16,9.96221380994848,10.056866581625185,9.329222976229255,9.364717483520508,3782400
2011-03-17,9.465284511096911,9.873475221575921,9.465284511096911,9.707832336425781,2037400
2011-03-18,9.766989308387114,9.908968422017036,9.58951457008744,9.630926132202148,2819400
2011-03-21,9.802481134258606,9.938544273376465,9.672333930974055,9.938544273376465,1643000
2011-03-22,10.151518455443746,10.151518455443746,9.849812349277594,10.056865692138672,2635100
2011-03-23,10.056861672527313,10.139682525229231,9.95629301066806,10.121935844421387,2025500
2011-03-24,10.234337972221246,10.530128100069833,10.05686434685201,10.43547534942627,3942300
2011-03-25,10.500548736926804,10.648443789559575,10.352653684294033,10.553791046142578,2715800
2011-03-28,10.61294888727859,10.61294888727859,10.29941098147346,10.41772747039795,1539400
2011-03-29,10.417725377817266,10.494630290325736,10.139682023199445,10.299408912658691,1571000
2011-03-30,10.37039894342132,10.447303855381,9.94446057456946,9.950376510620117,3116400
2011-03-31,9.974043914640319,10.080528545926134,9.701916398204366,9.707832336425781,2593400
2011-04-01,9.820234363714219,10.056866285948896,9.796570607315747,10.003623962402344,2409500
2011-04-04,10.104186378282305,10.181091281986838,10.074607829553479,10.139680862426758,2212300
2011-04-05,10.17517763975668,10.299408912658691,10.092355662805902,10.299408912658691,2810000
2011-04-06,10.370401600346286,10.441390594442883,10.210674671104368,10.305327415466309,1857000
2011-04-07,10.334906866375364,10.364486556758411,10.127854675443112,10.287580490112305,1347600
2011-04-08,10.352654680605193,10.364486556758411,10.163349175552954,10.287580490112305,1028800
2011-04-11,10.530127030803126,10.636611646551756,10.19884243719047,10.293495178222656,3214400
2011-04-12,10.53604149815344,10.53604149815344,10.293493742055459,10.40589427947998,5971400
2011-04-13,10.589283424155786,10.678020212311244,10.476882890705815,10.618863105773926,5463800
2011-04-14,10.595199495405785,10.778589010375736,10.500546769721327,10.536041259765625,3448900
2011-04-15,10.612947539222343,10.920568340322635,10.5833678565736,10.778589248657227,2576600
2011-04-18,10.660274333901816,10.766758939041388,10.352652392020733,10.54195785522461,2089100
2011-04-19,10.648442355330305,10.648442355330305,10.42364240208047,10.441389083862305,1387400
2011-04-20,10.589282718368425,10.7075991802561,10.530124487424587,10.636609077453613,2303100
2011-04-21,10.689854642573943,10.849581576479137,10.541959584146856,10.772675514221191,1398000
2011-04-25,10.79633867261924,10.885075477135215,10.707601868103268,10.784506797790527,1040400
2011-04-26,10.79042179723216,10.885074530934666,10.766759177981328,10.825916290283203,1405800
2011-04-27,10.87324398974301,10.944234112895128,10.743096747038807,10.879159927368164,1919400
2011-04-28,10.908735815973074,11.115789047337753,10.796335296943791,11.103957176208496,2878400
2011-04-29,11.157202974622527,11.334676583943583,11.021138670570048,11.216360092163086,2311300
2011-05-02,11.316929992052406,11.334677806238256,10.985645359031926,11.003393173217773,3120300
2011-05-03,10.997474758032194,11.192696156704677,10.766758867332776,10.790421485900879,3493400
2011-05-04,10.950145112120465,11.06254561960749,10.500544210521578,10.530122756958008,4325300
2011-05-05,10.5774522431543,10.713516530795847,10.263915495946621,10.441389083862305,3136500
2011-05-06,10.565623140000412,10.648444010118308,10.453222581733462,10.488717079162598,2106300
2011-05-09,10.512380961810903,10.601117770673934,10.470970526231472,10.524212837219238,2189700
2011-05-10,10.589280978180085,10.618860652965735,10.47688047069306,10.530122756958008,2550000
2011-05-11,10.51237982859951,10.553790259714988,10.192925997109327,10.364484786987305,2379300
2011-05-12,10.358492553756083,10.406393053788188,10.053127579825171,10.238741874694824,3010300
2011-05-13,10.238745253197193,10.478247832386932,10.214794424259027,10.442322731018066,1487300
2011-05-16,10.352507408312059,10.55608370479979,10.310593465760597,10.388432502746582,1190800
2011-05-17,10.30460780512281,10.346521755994097,10.059117517354359,10.310595512390137,2697700
2011-05-18,10.298624260899649,10.46627554541019,10.202823200596848,10.418375015258789,1642200
2011-05-19,10.472257868935094,10.526146080397526,10.316580940492306,10.346519470214844,1236900
2011-05-20,10.31059349695254,10.358494003689533,10.196830507226036,10.256705284118652,1081400
2011-05-23,10.124980600005834,10.178868820418174,9.939366253051293,10.029179573059082,1995300
2011-05-24,10.041154852210324,10.31658251547712,10.041154852210324,10.250720024108887,1561500
2011-05-25,10.232759931693648,10.310597859813553,10.136958877682083,10.172883987426758,1186600
2011-05-26,10.178869247436523,10.244732884489862,10.124981024763494,10.178869247436523,864600
2011-05-27,10.190844097560968,10.28065741636369,10.184856390702343,10.250720024108887,1055000
2011-05-31,10.268685083044318,10.328561027553809,10.21479684718964,10.292635917663574,1390700
2011-06-01,10.298619270324707,10.3884325780814,10.214792526652047,10.298619270324707,2427900
2011-06-02,10.292635180975827,10.370473103839918,10.208808407846917,10.334547996520996,2633900
2011-06-03,10.244735132393409,10.268684824370709,10.059119594885873,10.13097095489502,1131500
2011-06-06,10.02319200668146,10.065104813803643,9.604062793421297,9.807639122009277,2613600
2011-06-07,9.81961616621884,9.885479812366835,9.729802830041546,9.753753662109375,1741200
2011-06-08,9.72381618925729,9.789679842634119,9.454375580133823,9.478325843811035,1768500
2011-06-09,9.48431151954636,9.813627431765136,9.478323812155674,9.634000778198242,2878200
2011-06-10,9.598073977642056,9.645974486253769,9.490297547756148,9.532210350036621,1028800
2011-06-13,9.532211935280444,9.634000675762973,9.334622161642404,9.3645601272583,1076200
2011-06-14,9.430425726472242,9.616040135285937,9.388512905969668,9.48431396484375,1707600
2011-06-15,9.442395584384952,9.442395584384952,9.208880212615483,9.238818168640137,1619400
2011-06-16,9.220855589766394,9.29869405155898,9.041228985188633,9.232831001281738,1473400
2011-06-17,9.316661864319126,9.376537239015176,9.226847945746046,9.322649002075195,1146500
2011-06-20,9.32264752040067,9.32264752040067,9.077157209818857,9.113082885742188,1496000
2011-06-21,9.131042643031256,9.46035904927882,9.065179590189372,9.400483131408691,2199900
2011-06-22,9.37054499716707,9.622022933886381,9.352582450549708,9.574122428894043,1281700
2011-06-23,9.448386823842913,9.55616328395001,9.328635518734622,9.49628734588623,986400
2011-06-24,9.460360206129318,9.538198680471254,9.36455918263744,9.436409950256348,825200
2011-06-27,9.406475296123885,9.49628864448206,9.292711683468909,9.376537322998047,1111800
2011-06-28,9.406472936509036,9.508261676991566,9.310671903353526,9.3645601272583,1370700
2011-06-29,9.430425077676773,9.681903125429699,9.41246252312851,9.580114364624023,1502900
2011-06-30,9.628014544600795,9.86152945839037,9.586101728488675,9.771716117858887,1531900
2011-07-01,9.873506214990448,9.99924582243018,9.75974202579045,9.921406745910645,1190900
2011-07-05,9.87350355991566,9.897454389954534,9.580112744170064,9.598075866699219,1710700
2011-07-06,9.610050487660244,9.675914130613636,9.538200279018795,9.628013610839844,797200
2011-07-07,9.747766789994717,9.807641591221682,9.484313324849285,9.50826358795166,2407900
2011-07-08,9.214872340905961,9.424436991625683,9.101108167612454,9.358573913574219,1888300
2011-07-11,9.220857261767103,9.250795224965007,8.687963915124845,8.837653160095215,4529800
2011-07-12,8.77777840050934,8.957405632555052,8.771790692869997,8.87956714630127,2445500
2011-07-13,8.891543048914784,9.274747222528083,8.891543048914784,9.154995918273926,2681900
2011-07-14,9.160985650102978,9.55616532695513,9.154997940812638,9.406476020812988,4142100
2011-07-15,9.448385745759772,9.550174486242302,9.262771386775771,9.3645601272583,1472400
2011-07-18,9.340611247178927,9.340611247178927,8.897530546929227,8.969381332397461,1479400
2011-07-19,9.035244214089456,9.095119578056618,8.867592395554473,8.933455467224121,953000
2011-07-20,8.981354827190854,9.262770771661533,8.975367120261462,9.17894458770752,2335000
2011-07-21,9.28672426510177,9.562152598639273,9.28672426510177,9.472338676452637,1606100
2011-07-22,9.430423295068609,9.639988485588926,9.41844788028724,9.634000778198242,1927100
2011-07-25,9.53221267439213,9.58011319468401,9.448386478371717,9.466349601745605,1062800
2011-07-26,9.436413996245294,9.514252503961535,9.316662665535457,9.406476020812988,821200
2011-07-27,9.310671498387919,9.370546855996247,8.933454518480668,9.005305290222168,1273300
2011-07-28,8.981355345987126,9.095118929121183,8.831666090220674,8.885554313659668,1930600
2011-07-29,8.670001760850019,8.831666437524436,8.4125366191,8.771790504455566,2677800
2011-08-01,9.178946309089234,9.178946309089234,8.316736335232042,8.44846248626709,2366000
2011-08-02,8.544262465051347,8.747839360652934,8.382597804728107,8.466423988342285,3130900
2011-08-03,8.107167305973102,8.20296830564479,7.8377268516417296,8.017354011535645,5665500
2011-08-04,7.807794076225608,7.9574833802721265,7.155148619219689,7.538353443145752,5625300
2011-08-05,7.544338035352519,7.729952375911394,7.035394383460486,7.298847198486328,5223200
2011-08-08,6.891693405321002,7.065332917475904,6.107321461505914,6.2869486808776855,4913700
2011-08-09,6.48453726815029,7.1671203488573525,6.394723960355267,7.113232135772705,2979100
2011-08-10,7.011444103300016,7.089282577497778,6.364786624908448,6.364786624908447,3125500
2011-08-11,6.376889133808222,6.933505690815321,6.0925305373613154,6.661247730255127,2496900
2011-08-12,6.733848596847667,6.89720311284652,6.594694194265708,6.6854472160339355,2318600
2011-08-15,6.848802449327342,6.897203835210289,6.655196905795554,6.709648609161377,2259900
2011-08-16,6.655196890123329,6.776200354545747,6.606795504354362,6.6793975830078125,1371000
2011-08-17,6.745949505223259,6.969806640985901,6.7217488117610875,6.909304618835449,2056000
2011-08-18,6.655196195901025,6.673346569423564,6.419239032148146,6.576543807983398,2044400
2011-08-19,6.3889912991492315,6.800403208953651,6.3889912991492315,6.7036004066467285,3197500
2011-08-22,6.891151631967144,6.951653054203896,6.594692528144701,6.630993843078613,4173800
2011-08-23,6.661245227450632,6.933503085716409,6.661245227450632,6.921402454376221,3503100
2011-08-24,6.933502675144065,7.060556411743164,6.873000676005513,7.060556411743164,1715900
2011-08-25,7.139207507696609,7.254160593188652,6.951651805379386,7.024253845214844,2747700
2011-08-26,6.93350283429263,7.369115737915526,6.927452518841934,7.326764106750488,1301000
2011-08-29,7.502220627850381,7.738177781927414,7.423568820147984,7.580873012542725,1178800
2011-08-30,7.574824749001127,7.586924807547839,7.405419313426683,7.5627241134643555,1039900
2011-08-31,7.629276061149095,7.853132631044326,7.61112568439815,7.744229793548584,1722300
2011-09-01,7.732127537063726,7.756328226655867,7.411468255720358,7.4356689453125,1359200
2011-09-02,7.217862612488303,7.26626399082434,6.927453765482139,6.981905460357666,1427800
2011-09-06,6.715699437765181,6.7641008273318795,6.491842289781609,6.661247730255127,1496900
2011-09-07,6.6672939602712775,7.078705519338866,6.6672939602712775,7.024253845214844,1334900
2011-09-08,7.030307576391492,7.072658642631982,6.721748324379344,6.7701497077941895,1005400
2011-09-09,6.836701662096321,6.836701662096321,6.5099920537407785,6.576543807983398,1370700
2011-09-12,6.516042439551693,6.546292870079473,6.304285963917376,6.5099921226501465,853300
2011-09-13,6.51604306562959,6.8004010634443945,6.3405873205663665,6.709648609161377,1699800
2011-09-14,6.752000539553663,7.012158454630012,6.546294334794698,6.885104656219482,1827900
2011-09-15,6.975855712615104,7.2602142662677895,6.915354273256867,7.248113632202148,3099900
2011-09-16,7.242061122101357,7.344914164358494,7.072655771919151,7.338863849639893,2181800
2011-09-19,7.157361906483437,7.3086163856178965,6.860903265857507,7.223913669586182,1980100
2011-09-20,7.236013719659039,7.387268186560783,7.102909627228304,7.1150102615356445,1604700
2011-09-21,7.108958242855467,7.175509984646699,6.812499697162891,6.903252124786377,2014100
2011-09-22,6.55234318698102,6.55234318698102,6.274034956399619,6.5099921226501465,3079700
2011-09-23,6.443438795405636,6.655195238330282,6.358736679827688,6.3708367347717285,4947100
2011-09-26,6.431339733899971,6.52814249636481,6.2921853301142825,6.5099921226501465,843000
2011-09-27,6.685445708363806,6.921402242371455,6.552341652648055,6.594692707061768,2223500
2011-09-28,6.6491461990465615,6.6491461990465615,6.376888275146484,6.376888275146484,1704600
2011-09-29,6.6309961214721564,6.739899526703002,6.358738185385065,6.413189888000488,1349300
2011-09-30,6.316385997074646,6.497891464511441,6.231683868730124,6.292185306549072,1156400
2011-10-03,6.225632225494077,6.491839764560468,5.989675110397387,6.001775741577148,2489400
2011-10-04,5.89892431607023,6.195382938092567,5.414909897815183,6.134881496429443,2500000
2011-10-05,6.171181490712502,6.370837320045117,6.098579423408819,6.286135196685791,1437800
2011-10-06,6.280085526200983,6.479741376072373,6.171182125547498,6.407139301300049,1206500
2011-10-07,6.540243105673678,6.6309955508970875,6.219583234972349,6.292185306549072,1188300
2011-10-10,6.485792810268971,6.800401855134315,6.461592114510099,6.667298316955566,1186100
2011-10-11,6.576542405809582,7.072656740909689,6.413187924955337,6.939553260803223,2037800
2011-10-12,7.10895914978773,7.556672183296777,7.10895914978773,7.441719055175781,2771600
2011-10-13,7.338865239138691,7.381216296207865,7.248112232146331,7.357015609741211,1307400
2011-10-14,7.520369751286376,7.629272538498627,7.3207139682424724,7.5929718017578125,1755500
2011-10-17,7.496170341664477,7.538521400722329,7.072657443126332,7.090808391571045,2524600
2011-10-18,7.078708405251171,7.45986970252492,6.963755272893988,7.369117259979248,1305000
2011-10-19,7.4175174199591005,7.465918791623609,6.85485075312187,6.903252124786377,1657700
2011-10-20,6.866954137514787,7.115011410989736,6.661247936977484,7.078710079193115,1835200
2011-10-21,7.151308073521691,7.701874014614848,7.151308073521691,7.502218246459961,1875800
2011-10-24,7.502218564538916,8.016483793402138,7.4356668313288825,7.968082427978516,4031200
2011-10-25,7.847079479197851,7.883380216920747,7.37516527288162,7.586921691894531,3704500
2011-10-26,7.713977659649995,7.816830741271194,7.526421870520164,7.623225212097168,1696600
2011-10-27,7.804731838414581,8.312947042216482,7.792631778652216,8.258495330810547,2318500
2011-10-28,8.167740235696908,8.536800883074985,8.08908785307733,8.488399505615234,1475600
2011-10-31,8.276643669753376,8.361345792286565,8.058836892976748,8.1556396484375,2342500
2011-11-01,7.792629737964948,7.974135202789792,7.611124273140103,7.822880744934082,1656300
2011-11-02,8.10118974933463,8.288744971993305,8.004386402328514,8.270594596862793,2031000
2011-11-03,8.379494918152995,8.391594971457438,8.004383456888505,8.179839134216309,1196100
2011-11-04,8.16168818877493,8.276641868611089,7.81682830324607,8.179839134216309,1953300
2011-11-07,8.179842144220212,8.37949800162591,7.96808565206749,8.270594596862793,1154400
2011-11-08,8.270593064856362,8.821159150081094,8.270593064856362,8.51259994506836,2118000
2011-11-09,8.317608278445446,8.372449746221765,7.689979374036713,7.732633590698242,1762800
2011-11-10,7.945905116072539,7.945905116072539,7.763100433759937,7.830129146575928,934400
2011-11-11,7.939814245129096,8.335891291045908,7.921533944893017,8.305423736572266,1049500
2011-11-14,8.262767158386131,8.445571270983264,8.012933747671186,8.09824275970459,1502400
2011-11-15,8.025123317114938,8.201834436503487,7.903253679798744,8.12871265411377,904400
2011-11-16,7.9641866211398264,7.994654169678694,7.763101614351518,7.9093451499938965,1147600
2011-11-17,7.8910638390202275,7.939811677968423,7.379210948944091,7.379210948944092,1796000
2011-11-18,7.464520547321059,7.580296528688693,7.391398783122533,7.397492408752441,1600700
2011-11-21,7.269531871140733,7.3243733599009095,6.989231380571207,7.178129196166992,2197400
2011-11-22,7.117193467533159,7.245156726148747,7.068445614833911,7.190315246582031,1133800
2011-11-23,7.080630033667108,7.0989103273306045,6.9161062284555275,7.007508277893066,776400
2011-11-25,6.970946803946141,7.062349430498042,6.745487921576838,6.7576751708984375,352500
2011-11-28,7.013604768212521,7.3060919108036195,7.013604768212521,7.2999982833862305,1068200
2011-11-29,7.312182181302209,7.36702364064118,7.190312594504511,7.324369430541992,1001100
2011-11-30,7.622953109870766,7.817944526672363,7.470615920214453,7.817944526672363,1172200
2011-12-01,7.86059788187174,7.970280832216061,7.836223957475246,7.927626609802246,1078000
2011-12-02,8.043402648965479,8.250581298017774,7.9215330263230115,7.982468128204346,1393000
2011-12-05,8.159176502666272,8.335887541789232,8.116521713140036,8.238391876220703,1146400
2011-12-06,8.323700181811915,8.323700181811915,7.927623900452138,8.220110893249512,1018600
2011-12-07,8.122615319734384,8.262765774522302,8.079961111421543,8.244484901428223,911200
2011-12-08,8.092153597712892,8.092153597712892,7.513272232581158,7.604674339294434,1301500
2011-12-09,7.64732556321921,7.921532335532857,7.635138311457642,7.878878116607666,664300
2011-12-12,7.744821638431683,7.860597630330111,7.555923294563515,7.854504585266113,522300
2011-12-13,7.89106447669088,7.897158102331845,7.610764089527862,7.750914573669434,930500
2011-12-14,7.6534192566697685,7.6534192566697685,7.312183758895127,7.555922985076904,1409300
2011-12-15,7.708263887892523,7.708263887892523,7.464524543412928,7.507178783416748,942100
2011-12-16,7.641233764009969,7.824038516292753,7.616859835780283,7.738729476928711,762700
2011-12-19,7.720446841734736,7.799662229810259,7.464520382143078,7.525455474853516,568500
2011-12-20,7.543737384624137,7.787476645387342,7.476709233194315,7.7204484939575195,1106500
2011-12-21,7.6168581377376015,7.7448213776963994,7.458427349003822,7.696073532104492,1038100
2011-12-22,7.7326352203461,7.982468690770474,7.683887367853598,7.921533584594727,2009500
2011-12-23,7.921533661663567,8.07387084746479,7.860598554894979,8.031216621398926,560300
2011-12-27,8.043400613888004,8.177457455436818,7.9946527771648075,8.171363830566406,857600
2011-12-28,8.153084209049482,8.17745812941997,7.824035993487848,8.012933731079102,909600
2011-12-29,7.98246678058188,8.287141076312178,7.79966208691968,8.189644813537598,1455900
2011-12-30,8.195740687285587,8.195740687285587,7.763103045416849,7.817944526672363,1180800
2012-01-03,7.921532969058431,8.24448761200639,7.921532969058431,8.104337692260742,1227200
2012-01-04,8.067775479236364,8.201832336520628,7.9459058731234515,8.079962730407715,605300
2012-01-05,7.988560949489364,8.122617821197094,7.83622378017791,8.05558967590332,926800
2012-01-06,8.079964262809408,8.214020564397934,8.067777009326688,8.16527271270752,878900
2012-01-09,8.165269377383424,8.31760649696983,8.104334878220858,8.281045913696289,1040300
2012-01-10,8.469948731716176,8.506509918189694,8.287144542709624,8.354172706604004,1347000
2012-01-11,8.354169921083642,8.518693752556635,8.335889624502233,8.469945907592773,1056300
2012-01-12,8.488226183737629,8.524786774309415,8.33588903374159,8.476038932800293,586500
2012-01-13,8.341981490424557,8.695404188148379,8.183551307240855,8.57353401184082,990100
2012-01-17,8.68321922763461,8.68321922763461,8.44557301851712,8.4943208694458,966500
2012-01-18,8.427289899387157,8.543066442436684,8.341980898251716,8.488224983215332,771300
2012-01-19,8.555252875620678,8.6283746255347,8.512598666784168,8.591814041137695,988600
2012-01-20,8.58572041669819,8.64056187441371,8.396822126913627,8.591814041137695,700000
2012-01-23,8.628375381238431,8.707590762529922,8.402916487310373,8.457757949829102,900200
2012-01-24,8.409013509492011,8.439481065546753,8.159180595859675,8.335891723632812,1273000
2012-01-25,8.366356779450193,8.622283261811832,8.256674416381037,8.512600898742676,1753500
2012-01-26,8.591817089525946,8.604003761608793,8.238394882320163,8.378544807434082,822300
2012-01-27,8.317607984762978,8.488226007625057,8.281047394949743,8.427290916442871,323900
2012-01-30,8.366357615477956,8.591817152423387,8.268861913620592,8.4943208694458,958400
2012-01-31,8.56744331014675,8.658845386245464,8.439480054936414,8.518694877624512,747800
2012-02-01,8.622285449069071,8.963521039154209,8.597911519857298,8.872118949890137,1308300
2012-02-02,8.890397421002765,9.04273459249049,8.756340547379915,8.811182022094727,1262700
2012-02-03,9.024451551565017,9.140227511011691,8.805085719383927,8.8599271774292,2120300
2012-02-06,8.81727452413793,9.048827065008574,8.76243305641592,9.030546188354492,501400
2012-02-07,9.006173223563907,9.207258239149501,8.914771155068703,9.115856170654297,1256600
2012-02-08,9.195071038460414,9.262099179423029,8.90258339009961,9.061014175415039,1390900
2012-02-09,9.012265835310608,9.243818374703645,8.719778784153156,9.176790237426758,2601000
2012-02-10,9.134138266711597,9.231633980602854,9.042736180218615,9.182886123657227,1266700
2012-02-13,9.231631641520037,9.231631641520037,9.097575359446479,9.146323204040527,1539300
2012-02-14,9.13413566741244,9.140229293076656,8.866022530508383,8.902583122253418,993800
2012-02-15,9.018357927088871,9.103666345274837,8.835553260644634,8.8599271774292,1120100
2012-02-16,8.903544922568546,9.320995992780723,8.872391742335289,9.277381896972656,1853300
2012-02-17,9.320990602097451,9.439371905482432,9.289837439881252,9.408219337463379,1463100
2012-02-21,9.38330152906218,9.4705297130166,9.327225928407232,9.39576244354248,2402400
2012-02-22,9.352149063850144,9.408224668775961,9.202614513512952,9.327226638793945,1348600
2012-02-23,9.296073567433615,9.34591841812783,9.258689632314207,9.277381896972656,992600
2012-02-24,9.277379019685783,9.339684766631299,9.152766337400138,9.190150260925293,471400
2012-02-27,9.071772367558816,9.177692236971195,8.903545539167474,9.084233283996582,1014300
2012-02-28,9.040618406616419,9.12161643617795,8.897314017639099,8.922236442565918,912400
2012-02-29,8.909775527201248,9.009465226908524,8.791393563150748,8.922236442565918,1309000
2012-03-01,8.959619523099002,9.065539967491903,8.835007410341891,8.872390747070312,1100300
2012-03-02,8.828776105898466,8.847467773097714,8.504784038725457,8.67301082611084,2116300
2012-03-05,8.641857546631117,8.666779967327345,8.523476196873377,8.635626792907715,599000
2012-03-06,8.697933857828142,8.697933857828142,8.274252076914122,8.479862213134766,839800
2012-03-07,8.492323806634639,8.766470459607843,8.47986229803714,8.710394859313965,4929600
2012-03-08,8.77893111899764,8.859929134453944,8.735317031520161,8.835006713867188,739800
2012-03-09,8.841235825508486,8.92223383136496,8.666778902077708,8.88485050201416,635300
2012-03-12,8.878619749056591,8.909772919647128,8.803852496157687,8.88485050201416,591900
2012-03-13,8.878618927532992,9.053075834821568,8.7415453461362,9.028153419494629,1016300
2012-03-14,9.028155124082264,9.053077544114757,8.847467430297366,8.934696197509766,543000
2012-03-15,8.959618265703021,9.003232350497838,8.835006170434013,8.916004180908203,1280700
2012-03-16,8.928466796875,9.009464822803496,8.878621949257074,8.928466796875,580600
2012-03-19,8.922236335133748,9.034387543052768,8.87862224058634,8.972081184387207,1174400
2012-03-20,8.928462950000464,8.928462950000464,8.735314397249413,8.84123420715332,546100
2012-03-21,8.828775763822337,8.972079530459819,8.816314256707411,8.934696197509766,1289900
2012-03-22,8.89731246823539,8.89731246823539,8.729086277824127,8.835006713867188,689500
2012-03-23,8.86615944780377,9.140306673212645,8.810084446158553,9.040616989135742,1604700
2012-03-26,9.152769252680573,9.190153188113015,8.959620603172523,9.078001976013184,1153100
2012-03-27,9.158997886019412,9.271149072140432,9.071769713878494,9.177689552307129,5378900
2012-03-28,9.221303338271627,9.246225755637335,9.109152163027288,9.239995002746582,1172100
2012-03-29,9.158995743532174,9.227532827550426,9.084228501673623,9.196379661560059,935600
2012-03-30,9.227534091162378,9.296070590368751,9.11538291591804,9.239995002746582,1008600
2012-04-02,9.26492117019344,9.657449848231725,9.190153887833416,9.352149963378906,2239200
2012-04-03,9.383300071086328,9.489219907402108,9.289840553117328,9.364607810974121,698000
2012-04-04,9.277379825635457,9.31476315821089,9.034385787105702,9.177689552307129,2682200
2012-04-05,9.19015015079935,9.264917402756415,9.084229728644184,9.152766227722168,440900
2012-04-09,9.034385351831695,9.040616105026524,8.760238747429835,8.816313743591309,679300
2012-04-10,8.797622096053178,8.866158598743361,8.442477481989993,8.511013984680176,845700
2012-04-11,8.623164880529835,8.791391052188398,8.579550797914154,8.660548210144043,1142800
2012-04-12,8.641858139283206,9.046848246117554,8.610704962727114,8.984541893005371,1342800
2012-04-13,8.928462950000464,8.940924453634569,8.785159223391439,8.84123420715332,735200
2012-04-16,8.92223426815085,9.003232277972563,8.754008089442168,8.76646900177002,534700
2012-04-17,8.76647113822393,9.0156959816896,8.76647113822393,8.922236442565918,724200
2012-04-18,8.897311765411875,8.934695690437637,8.673009997849288,8.903542518615723,714900
2012-04-19,8.853697681379593,9.003232193087984,8.81631375635383,8.903542518615723,1606500
2012-04-20,8.916005235849944,8.965850079855189,8.735317527781579,8.778931617736816,1186600
2012-04-23,8.722860356822526,8.722860356822526,8.292948214968977,8.492327690124512,1757400
2012-04-24,8.454940686938171,8.64185917446775,8.355250985375058,8.504785537719727,858800
2012-04-25,8.592015359927972,8.722858257559263,8.52970899183781,8.629399299621582,1827400
2012-04-26,8.660549718122812,8.791392582949584,8.511015185234333,8.754009246826172,1359500
2012-04-27,9.034387543052768,9.065540722385547,8.754010117452694,8.972081184387207,2959200
2012-04-30,8.909774834893426,9.046848458438769,8.747778788357788,8.797623634338379,960300
2012-05-01,8.797622078204151,8.965848849280562,8.60447348274308,8.816313743591309,1206000
2012-05-02,8.69170217650075,8.735316857305769,8.4487087291754,8.454938888549805,976300
2012-05-03,8.656546486658044,8.656546486658044,8.30373269552365,8.505340576171875,1035400
2012-05-04,8.436038666909283,8.505341231008078,8.240730566865157,8.259631156921387,678400
2012-05-07,8.253330899457982,8.47383937335868,8.171427546007246,8.373035430908203,1138200
2012-05-08,8.29113668294227,8.373040081887957,8.102128885439853,8.209233283996582,1098000
2012-05-09,8.095825046842387,8.247030969066076,8.001320894823388,8.190328598022461,1204600
2012-05-10,8.284833411405861,8.322635198140388,8.121027271126952,8.139927864074707,982800
2012-05-11,8.032822744374213,8.114726107201841,7.875316416053151,8.076924324035645,947000
2012-05-14,7.900516994891554,8.05172291803806,7.900516994891554,8.013921737670898,1121700
2012-05-15,7.982419034821655,8.04542179281113,7.75561018756944,7.806012153625488,681800
2012-05-16,7.869014421235957,7.919416387999513,7.591803604036398,7.598104000091553,1436400
2012-05-17,7.648506351620476,7.69260792454745,7.100384484863885,7.226389408111572,3200100
2012-05-18,7.232691939254922,7.276794129701468,6.9491806045058455,6.993282794952393,2458400
2012-05-21,7.062582601379567,7.390195396902319,7.012180632837606,7.144485950469971,2046700
2012-05-22,7.16338763493058,7.427998310698059,7.144487044044032,7.301993370056152,1647800
2012-05-23,7.188588101857788,7.3019928406326855,7.119285539739188,7.295692443847656,892000
2012-05-24,7.339793929606578,7.409097091713742,7.257891175761764,7.327193737030029,587800
2012-05-25,7.352393911246139,7.453197844084389,7.3271929280365775,7.3712944984436035,407700
2012-05-29,7.434297774693182,7.705208212855453,7.434297774693182,7.667407035827637,1543000
2012-05-30,7.591804647428814,7.642206621119451,7.453198919360106,7.566603660583496,1046700
2012-05-31,7.535102558226232,7.585504533799201,7.339794452251768,7.402797222137451,720000
2012-06-01,7.194890263417187,7.497302173207788,7.157088474273834,7.396498203277588,1387900
2012-06-04,7.402795759549077,7.4720983120599005,7.37129438083004,7.4405975341796875,935900
2012-06-05,7.402797222137451,7.5792041366428435,7.402797222137451,7.402797222137451,529600
2012-06-06,7.453200647446466,7.629607596265105,7.434300053139948,7.547704219818115,1189500
2012-06-07,7.673708136632219,7.717809714158955,7.484700431627887,7.497300624847412,471000
2012-06-08,7.4595010458283255,7.598106806033929,7.314594887240863,7.547704219818115,757400
2012-06-11,7.591804401557386,7.686307948956966,7.491000457440794,7.50990104675293,978800
2012-06-12,7.598104259642106,7.610704451343998,7.358694608917585,7.434297561645508,921300
2012-06-13,7.34609348832104,7.541401558108748,7.339793092332023,7.47839879989624,525300
2012-06-14,7.541401585737275,7.54770138091054,7.3271929280365775,7.3712944984436035,441100
2012-06-15,7.440597372371657,7.585502870153667,7.396495202788549,7.572902679443359,818000
2012-06-18,7.497298693606868,7.547700655179715,7.314591432695605,7.358693599700928,1244600
2012-06-19,7.478403666165201,7.976123857231049,7.434302067222412,7.8627190589904785,3540000
2012-06-20,7.906819026394675,8.070625777418279,7.875317635684128,8.02652359008789,1279100
2012-06-21,8.15882902319803,8.184030015823513,7.944620285461897,7.963521480560303,2317600
2012-06-22,8.058024235699481,8.058024235699481,7.862716112024829,7.938319683074951,423900
2012-06-25,7.768210187438235,7.850113530472851,7.68630684440362,7.8249125480651855,530100
2012-06-26,7.87531445893237,7.957217801405924,7.793411116458816,7.818612098693848,479200
2012-06-27,7.610704415334043,7.957218397659979,7.610704415334043,7.900516033172607,1473800
2012-06-28,7.856416488832255,7.950920053475769,7.793413711843906,7.944619655609131,1537500
2012-06-29,8.108424292982724,8.196628037731617,8.026520944467078,8.121025085449219,5044600
2012-07-02,8.247028922627408,8.461237559709488,8.209227151032252,8.284830093383789,1706800
2012-07-03,8.322633459682963,8.410837209746578,8.284831680844588,8.373035430908203,698400
2012-07-05,8.379336885916514,8.448639454895114,8.310033716098946,8.385637283325195,427400
2012-07-06,8.29113211355015,8.410837246360357,8.221829553023483,8.335233688354492,542100
2012-07-09,8.29113129319865,8.328933068461351,8.114724410596653,8.171426773071289,1174300
2012-07-10,8.284836282829703,8.310037282440744,8.171432084999633,8.209233283996582,803500
2012-07-11,8.259633742640636,8.27223454051548,8.190331156846325,8.24073314666748,942900
2012-07-12,8.1840269642663,8.240729326740937,8.15252558502052,8.171426773071289,628900
2012-07-13,8.234430169900106,8.278532347816542,8.196628989787644,8.259631156921387,924300
2012-07-16,8.253331601778653,8.354135552807087,8.165127844209303,8.316333770751953,1074500
2012-07-17,8.37303581724873,8.492740354222242,8.247030883371634,8.404537200927734,756000
2012-07-18,8.335235159754776,8.61244665247475,8.196630014233786,8.568345069885254,1151100
2012-07-19,8.549443203510018,8.977860603525674,8.549443203510018,8.883357048034668,3110000
2012-07-20,8.782552678179334,8.89595742781213,8.782552678179334,8.820354461669922,1127500
2012-07-23,8.643945142326597,8.795151032657502,8.53054042415902,8.744749069213867,1465500
2012-07-24,8.820352521698634,8.9148560583813,8.751049968187267,8.858154296875,952300
2012-07-25,8.87075345290008,8.921155413361202,8.782549721673735,8.807750701904297,965000
2012-07-26,8.88335689686184,9.021962029111403,8.84555511480536,8.977860450744629,2063000
2012-07-27,9.418877332346351,9.418877332346351,8.895956424855822,8.996760368347168,1876300
2012-07-30,9.129069974229633,9.248775163874306,9.040866782743219,9.179471969604492,845300
2012-07-31,9.103865188704766,9.179468150310996,8.744750970865448,8.814053535461426,2137200
2012-08-01,8.877055837691044,9.034562149642015,8.80775267589572,8.927457809448242,687300
2012-08-02,8.793927723713567,8.889306307315639,8.634963013441952,8.82572078704834,496200
2012-08-03,8.908383003404197,9.21995370728629,8.80664568021023,8.902024269104004,669100
2012-08-06,8.971970016468036,8.971970016468036,8.755778471996086,8.933818817138672,587200
2012-08-07,8.997401691610303,9.029194752587461,8.857513193554329,8.921098709106445,610100
2012-08-08,8.921101984835405,9.029198068008094,8.793930300632951,8.882950782775879,583000
2012-08-09,8.882947022080133,9.092780363779475,8.882947022080133,9.035552978515625,1149200
2012-08-10,8.97196855261122,9.143650740789015,8.908383028636031,9.054630279541016,314500
2012-08-13,9.010120876846068,9.219954270348717,8.978327809805782,9.086423873901367,769200
2012-08-14,9.15000953995846,9.258105598524923,9.111857740181119,9.162726402282715,729400
2012-08-15,9.200877720247385,9.245387645654908,9.162725922467901,9.232670783996582,540700
2012-08-16,9.200877720247385,9.302615039123008,9.17544339052848,9.232670783996582,569300
2012-08-17,9.283540034440398,9.289898162473202,9.16272650578271,9.226312637329102,574500
2012-08-20,9.239032882422864,9.277184696599429,9.188164201122452,9.258109092712402,568400
2012-08-21,9.277179233027,9.315330418332824,9.194517522994838,9.207234382629395,825900
2012-08-22,9.207234023652349,9.213592756422788,9.054628075574628,9.150007247924805,854900
2012-08-23,9.137289490460956,9.219951194629335,9.003759138558516,9.060986518859863,488800
2012-08-24,9.003760704498186,9.092781156716342,8.933816453299631,9.010119438171387,471600
2012-08-27,8.9910455427519,9.080065405391505,8.952893739904686,9.029196739196777,331100
2012-08-28,9.035555474071701,9.092782875141355,8.99740367122449,9.029196739196777,316000
2012-08-29,9.080064199280894,9.251746379685198,9.073706071652857,9.232670783996582,699400
2012-08-30,9.188160296529439,9.207235892310116,9.010119987637866,9.048271179199219,754800
2012-08-31,9.09277957529418,9.1563650817607,9.003759138558516,9.060986518859863,345900
2012-09-04,9.060986518859863,9.09277957529418,8.927456166957423,9.060986518859863,476000
2012-09-05,9.02919559009002,9.02919559009002,8.819362217140773,8.851155281066895,917500
2012-09-06,8.902025073709959,9.156368404683596,8.857515142390156,9.029196739196777,1416400
2012-09-07,8.997403347614062,9.169085544648109,8.997403347614062,9.1245756149292,894600
2012-09-10,9.099138816184723,9.188158651491365,9.092780083262205,9.137290000915527,640700
2012-09-11,9.124573278999389,9.283537966045357,9.080062754273051,9.207234382629395,564700
2012-09-12,9.308974854153462,9.506090780764408,9.169085721253795,9.302616119384766,1257500
2012-09-13,9.283539058038182,9.467938092445682,9.270821590505554,9.417069435119629,673900
2012-09-14,9.436148957312042,9.970270687937626,9.417073354476123,9.747719764709473,2413000
2012-09-17,9.779509702085292,9.843095226600987,9.588751915733631,9.658696174621582,1175000
2012-09-18,9.633261186604162,9.633261186604162,9.525165135256469,9.556958198547363,954000
2012-09-19,9.537880529736507,9.607824768649813,9.474294416977418,9.531521797180176,1069700
2012-09-20,9.4742959828844,9.55059957336757,9.289896953088197,9.4806547164917,839800
2012-09-21,9.53788493619804,9.54424367169208,9.455223193982704,9.525167465209961,865800
2012-09-24,9.531526200704,9.55060240718612,9.467940664970783,9.525167465209961,355900
2012-09-25,9.474297074191151,9.544241939123694,9.321691088451155,9.353484153747559,950100
2012-09-26,9.372561199930566,9.372561199930566,9.086424780813468,9.130934715270996,637300
2012-09-27,9.130930795144678,9.525163119893044,9.111855203767112,9.44250202178955,1338300
2012-09-28,9.448864346874238,9.665056499898679,9.308975806072151,9.607829093933105,1111900
2012-10-01,9.665053915055248,9.665053915055248,9.429786225096922,9.506089210510254,828600
2012-10-02,9.506086857581167,9.626900342717077,9.289894815887072,9.347122192382812,675500
2012-10-03,9.321687265171185,9.436142010733834,9.283536087584991,9.397990226745605,341700
2012-10-04,9.46158145350261,9.576036261027992,9.397995314565764,9.448863983154297,639100
2012-10-05,9.448863599574727,9.54424280410805,9.366201864873448,9.43614673614502,708400
2012-10-08,9.372560599789471,9.474297932836478,9.347126266527718,9.43614673614502,383400
2012-10-09,9.499733066516283,9.614187879038942,9.340768318635872,9.410713195800781,590400
2012-10-10,9.455222334490749,9.550601539024072,9.328050668181989,9.43614673614502,579200
2012-10-11,9.499728966541014,9.576032546225955,9.308971836535047,9.467936515808105,558500
2012-10-12,9.397993162907479,9.556957867452473,9.315331443775815,9.506089210510254,490000
2012-10-15,9.544242188961194,9.65869637806109,9.512449122832551,9.639620780944824,908200
2012-10-16,9.633261987105783,9.849454107766235,9.626903859041054,9.677772521972656,1327800
2012-10-17,9.715921292413666,9.722280025294557,9.493371099201799,9.60146713256836,871900
2012-10-18,9.633259890275648,9.779507719172589,9.563315645569732,9.696846008300781,1537000
2012-10-19,9.722280449265702,9.76043224181263,9.461578453801891,9.569674491882324,890600
2012-10-22,9.614183991927996,9.626901457689776,9.44886057543771,9.60146713256836,406500
2012-10-23,9.569676203240041,9.569676203240041,9.194519369447825,9.24538803100586,1281600
2012-10-24,9.321688558121098,9.378915938840056,9.162723881191607,9.213592529296875,990300
2012-10-25,9.283540736574508,9.43614673614502,9.283540736574508,9.43614673614502,737400
2012-10-26,9.410711346234372,9.69684771490184,9.175443638378797,9.372559547424316,1818000
2012-10-31,9.442502860729512,9.754073508654447,9.391634208268385,9.569674491882324,3294300
2012-11-01,9.614908257574807,9.957374572753906,9.466290404727388,9.957374572753906,1282600
2012-11-02,9.983221162214576,9.983221162214576,9.724756132707297,9.853988647460938,703700
2012-11-05,9.8346039243052,9.912143433157384,9.80229564155948,9.853988647460938,533800
2012-11-06,9.899219596556332,9.925066098783795,9.718294080964098,9.795833587646484,1090300
2012-11-07,9.240129423067316,9.421054859191043,9.188436441317679,9.369361877441406,5786300
2012-11-08,9.60198716551783,9.647219019083778,9.240136034366598,9.343522071838379,1259600
2012-11-09,9.291824959221994,9.421057449123243,9.207823686728904,9.311209678649902,510100
2012-11-12,9.304745342139885,9.401670145092167,9.25305236039025,9.369361877441406,1369800
2012-11-13,9.369365968037595,9.492136699236541,9.24659523683865,9.427520751953125,1214500
2012-11-14,9.459827196361772,9.530904909437133,9.156130392805052,9.278901100158691,3054300
2012-11-15,9.27890287680149,9.337057660556798,8.968744851745477,9.039822578430176,1756600
2012-11-16,9.046285335941182,9.110901906261047,8.76843494628676,9.01397705078125,1531300
2012-11-19,9.130287565250855,9.188442361244388,9.013977973263792,9.059209823608398,1200200
2012-11-20,9.052744273910907,9.123821985962921,8.871818180312724,8.962281227111816,1292300
2012-11-21,8.981665945629803,9.039820717412855,8.839510521525776,8.962281227111816,1242600
2012-11-23,9.026900518036554,9.13028653649633,8.975207508806664,9.117362976074219,1045900
2012-11-26,9.117364645367973,9.162596498897562,8.988132098632128,9.052748680114746,1099800
2012-11-27,9.013973870588414,9.097975135876293,8.98812737482515,9.007512092590332,1681400
2012-11-28,8.975205421447754,9.020436639947185,8.884742368219754,8.975205421447754,1171700
2012-11-29,9.04628503811685,9.117362770145231,8.968745526023358,9.001053810119629,1776500
2012-11-30,8.981669848778587,9.03982464583387,8.85243730878316,8.884745597839355,1317100
2012-12-03,8.923512424240078,9.03982135984278,8.910588866823591,8.975205421447754,1924600
2012-12-04,8.981670464985973,8.981670464985973,8.884746207397038,8.904130935668945,888400
2012-12-05,8.658586101976418,8.897667013581495,8.626278436943114,8.774895668029785,2808100
2012-12-06,8.781356078065649,8.975205119180544,8.665046530150889,8.942896842956543,1570800
2012-12-07,8.94935948127535,9.123823203680338,8.917051201947263,9.07213020324707,1683400
2012-12-10,9.02043404683694,9.175512993879316,9.013972269986269,9.085050582885742,1105300
2012-12-11,9.149669647216797,9.181977926344741,9.033360088847868,9.149669647216797,1281800
2012-12-12,9.143204725854915,9.169051217028644,9.046280538010668,9.085050582885742,1208000
2012-12-13,9.078592058857705,9.104438559292129,8.9622824987882,8.968744277954102,975600
2012-12-14,9.110901652545012,9.13674815670734,8.917052563212918,8.949360847473145,1214300
2012-12-17,9.046285950043837,9.085056018113498,8.942899923497171,9.03336238861084,1169600
2012-12-18,9.06567111852084,9.272443797937472,9.06567111852084,9.246597290039062,1933900
2012-12-19,9.33705637521107,9.56967547820979,9.317671655370887,9.498597145080566,2705100
2012-12-20,9.556754554165826,9.589062840288005,9.343520728480469,9.41459846496582,1266600
2012-12-21,9.317674222828586,9.466291476269586,9.253057650584228,9.41459846496582,1017600
2012-12-24,9.43398378206472,9.492137957459612,9.362905429533239,9.440444946289062,294900
2012-12-26,9.427516635966985,9.433978412742928,9.349977163342531,9.369361877441406,1187400
2012-12-27,9.427519146840137,9.466288585363525,9.343517875067306,9.459827423095703,998100
2012-12-28,9.446904148020657,9.537367200990063,9.414595870800932,9.498597145080566,904000
2012-12-31,9.569679279885674,9.847529095404745,9.517985646060685,9.84106731414795,1537200
2013-01-02,10.151222864748416,10.286917147603875,10.041375082616415,10.144761085510254,3608200
2013-01-03,10.11891500373055,10.177069786823356,9.937989491175646,10.021990776062012,2987000
2013-01-04,10.054297461181568,10.112451618812845,10.002603849571912,10.009065628051758,1857600
2013-01-07,10.086606382775596,10.1124528836988,9.957373878159574,10.041375160217285,2737000
2013-01-08,10.202916547325893,10.267533111562834,9.957374465946433,10.105992317199707,4058000
2013-01-09,10.105991623262693,10.228762347407647,10.080145122588535,10.170607566833496,2029300
2013-01-10,10.261069281828725,10.37091643311834,10.202914508880095,10.28691577911377,3892100
2013-01-11,10.357995350538836,10.416150130459075,10.273993454005888,10.32568645477295,2425000
2013-01-14,10.3967637381598,10.584150384756555,10.29983890938352,10.519535064697266,4032800
2013-01-15,10.49369124058699,11.023544918920415,10.467845350951968,10.73923397064209,5353500
2013-01-16,10.700460505242608,10.9847726120547,10.55830506806571,10.597074508666992,2912200
2013-01-17,10.674615462747091,10.881387472177616,10.674615462747091,10.771539688110352,2251400
2013-01-18,10.913694700336341,10.984773037909484,10.771539257648397,10.939541816711426,2109900
2013-01-22,11.004160835625148,11.114008639863586,10.894313031386709,11.036468505859375,4534700
2013-01-23,11.075236908712949,11.191546482484952,11.036467461608447,11.159238815307617,1766100
2013-01-24,11.15923786222582,11.301393311106859,10.93954229329978,11.120467185974121,2075400
2013-01-25,11.2173950937858,11.301395779091651,10.87492810685866,10.920159339904785,2133700
2013-01-28,10.952464453433603,11.023541552568462,10.874924343290381,10.887847900390625,5786200
2013-01-29,10.887848816419599,10.971849479721941,10.849079374315313,10.939541816711426,1859600
2013-01-30,10.97831153875026,11.042928098877281,10.907233199364699,10.997696876525879,1808800
2013-01-31,11.017081021089956,11.062313476060867,10.907233238220215,10.907233238220215,2592000
2013-02-01,11.017082303396926,11.37247281049721,11.010621755821786,11.30139446258545,4827500
2013-02-04,11.327240028304935,11.353085912434281,11.081697350555206,11.27554702758789,2296500
2013-02-05,11.307852940413783,11.514624911273758,11.282005827827206,11.501701354980469,2389900
2013-02-06,11.488776206970215,11.566315060752995,11.4306214504042,11.488776206970215,2712200
2013-02-07,11.637399169549992,11.921711317499451,11.062314326331322,11.450011253356934,4711600
2013-02-08,11.714938661382575,11.75370934203567,11.488782519865538,11.534013748168945,2654200
2013-02-11,11.59216411779352,11.676164762270703,11.404776263444164,11.437085151672363,1754100
2013-02-12,11.469395245267458,11.566319465637207,11.417702245573036,11.566319465637207,3242800
2013-02-13,11.64385986328125,11.695552864227048,11.546935640565168,11.64385986328125,3349000
2013-02-14,11.771594079025718,11.993445883548807,11.677475520218708,11.986722946166992,2067700
2013-02-15,12.033778886546914,12.168235032337138,11.966550813651802,12.121175765991211,2145600
2013-02-19,12.228743568344424,12.40353609354275,12.006891763721393,12.1010103225708,3631600
2013-02-20,12.101010059365413,12.174961086721,11.79848429497361,11.818653106689453,1985500
2013-02-21,11.858984319562154,11.858984319562154,11.536291165268848,11.664024353027344,2417000
2013-02-22,11.872436279013694,11.95311025010863,11.764871839066627,11.932941436767578,2483600
2013-02-25,12.047226652622541,12.101008862944868,11.704364580966818,11.737977981567383,3107100
2013-02-26,11.758141833853166,12.033775705826711,11.67074625977776,11.953103065490723,2158300
2013-02-27,11.953109526603303,12.148069581355722,11.872435560391452,12.114456176757812,2501600
2013-02-28,12.16823443155737,12.262352959602328,12.134619755635045,12.248907089233398,1557500
2013-03-01,12.208573071400785,12.316137490175935,12.09428571616856,12.29596996307373,2018100
2013-03-04,12.3094139368114,12.504375237488675,12.235464204027737,12.423701286315918,4462000
2013-03-05,12.732950008884638,12.887573693720094,12.504375308576153,12.638830184936523,2997500
2013-03-06,12.773284855986075,12.780007791361482,12.558156053048267,12.672443389892578,1840400
2013-03-07,12.739672945043,12.806899742088705,12.564880451732456,12.638830184936523,1736300
2013-03-08,12.773287267641496,12.80690066859609,12.692613310173797,12.793456077575684,2216900
2013-03-11,12.806899102695189,12.96824699790256,12.706057629892253,12.921186447143555,2709700
2013-03-12,12.948079791635006,13.048921276908318,12.853961243015787,12.907743453979492,2387000
2013-03-13,12.97496850846515,13.297663013054727,12.927909240493658,13.196820259094238,3080100
2013-03-14,13.445564490583626,13.445564490583626,13.216989791662188,13.257326126098633,2699900
2013-03-15,13.297668253303227,13.311112847829742,12.968251965419928,13.1161527633667,2543700
2013-03-18,12.974965550989038,13.062362413531291,12.847233647686656,12.995134353637695,2291300
2013-03-19,13.0085838965464,13.116148309851955,12.47748348386489,12.56488037109375,2622500
2013-03-20,12.652275831182786,13.001860811557503,12.605216561184063,12.968247413635254,1782600
2013-03-21,12.961522972912064,13.069087372498988,12.679166103429196,12.732948303222656,1351600
2013-03-22,12.780011360825457,12.827070639328182,12.443872191784079,12.517823219299316,1836700
2013-03-25,12.605218640390603,12.706060133059898,12.222020198885792,12.309415817260742,2473000
2013-03-26,12.403536854350925,12.874130959732465,12.383368040959283,12.820348739624023,1490400
2013-03-27,12.766563926236362,13.089257181338146,12.67916831716384,13.001861572265625,1850100
2013-03-28,13.06236481845498,13.10270114891006,12.780007940731771,12.98841381072998,1448000
2013-04-01,13.095979433852968,13.25732605297779,13.042197227478027,13.042197227478027,2551700
2013-04-02,13.183376237783099,13.216989635705348,12.961524477597017,12.968247413635254,2604700
2013-04-03,13.069089767665028,13.109426104335348,12.450593715554342,12.511098861694336,1857900
2013-04-04,12.672445783630186,12.840515352956134,12.403534729162482,12.665722846984863,2253800
2013-04-05,12.443868992435656,12.88084954338687,12.43714605691101,12.853959083557129,1500400
2013-04-08,12.927913638224755,13.122874994448875,12.907746106387307,13.055646896362305,1782000
2013-04-09,13.082534035731271,13.418673158321722,12.894296947732773,13.176653861999512,2323500
2013-04-10,13.210268032422247,13.983387803052784,13.116149482929384,13.580021858215332,3585200
2013-04-11,14.0304490864907,14.097675892598213,13.19682284225091,13.284219741821289,2983300
2013-04-12,13.405232992162034,13.411955930704938,13.082538353449678,13.143043518066406,1904500
2013-04-15,13.169930152345971,13.243881165299594,12.611939292901429,13.01530647277832,2462300
2013-04-16,13.35816637093504,13.741364681617037,13.297661239535913,13.694305419921875,2697200
2013-04-17,13.62708500826139,13.687590173647411,13.095984397043983,13.237163543701172,2037300
2013-04-18,13.418670144747894,13.425393079562141,12.853957725306897,12.948076248168945,2335700
2013-04-19,12.927910785831045,13.10270328938246,12.820346365533105,12.941356658935547,1192700
2013-04-22,12.974971755182356,13.223715311048853,12.974971755182356,13.102705001831055,1438900
2013-04-23,13.22370944620978,13.613630668383857,13.143035515087824,13.37833309173584,1973700
2013-04-24,13.44556617030573,13.66741796082501,13.385061019957824,13.573299407958984,2580900
2013-04-25,13.815315367943867,14.521208189611423,13.781701973598707,14.158177375793457,4869100
2013-04-26,14.312801849729366,14.33969230786129,13.949771047932716,14.151453971862793,2187400
2013-04-29,14.205233467564744,14.252294004311725,13.996827648187883,14.1312837600708,2890200
2013-04-30,14.178353563438405,14.312809775358584,14.104402518655359,14.11784839630127,3046800
2013-05-01,14.117845775687153,14.18507386916808,13.943053245544434,13.943053245544434,2103900
2013-05-02,14.126957622098416,14.161015676867951,13.793196480448652,13.963482856750488,2250200
2013-05-03,14.154206746215953,14.338115080069333,14.06565708622896,14.147395133972168,2076500
2013-05-06,14.242755175746316,14.494779633253627,14.242755175746316,14.406229972839355,1914300
2013-05-07,14.453907589573829,14.508399179669807,13.977106501029509,14.031598091125488,3250900
2013-05-08,14.133769155291855,14.406227096039405,14.031597589909266,14.392603874206543,3158300
2013-05-09,14.40622783182995,14.474342645291252,14.22912983650337,14.269999504089355,3539000
2013-05-10,14.304061307158491,14.31768453449291,14.045226483716862,14.09971809387207,1184000
2013-05-13,14.09971493678645,14.174640071984237,13.82725564783465,13.881747245788574,1905100
2013-05-14,13.881750919361366,14.358553502022655,13.800014150391299,14.304061889648438,4384700
2013-05-15,14.419851300098413,14.419851300098413,13.977106953827816,14.011163711547852,2389800
2013-05-16,14.058846550667639,14.167829756550157,13.997543334960938,13.997543334960938,2459700
2013-05-17,14.099713090167622,14.297244619686868,14.004351831850947,14.242753028869629,3414100
2013-05-20,14.256381400737984,14.413044618526156,14.249569787027742,14.283626556396484,3682500
2013-05-21,14.378982655503732,14.433474246320973,14.21550788305201,14.242753028869629,2402300
2013-05-22,14.270003245386631,14.406231608843463,13.861315556651439,13.970298767089844,3244100
2013-05-23,13.697839711872495,14.024789318623922,13.003070823139025,13.67059326171875,6427800
2013-05-24,13.554795548840643,13.834065107295913,13.493492348283928,13.731893539428711,2665400
2013-05-28,13.990736270901284,14.276816278401832,13.963489813511178,14.065661430358887,5053400
2013-05-29,14.024782509227228,14.03159411845845,13.534358337213778,13.697833061218262,1906000
2013-05-30,13.609283923420255,13.82043991953773,13.500300770215858,13.704645156860352,2757500
2013-05-31,13.677403474669505,13.759141517584359,13.255092634776645,13.268715858459473,2206900
2013-06-03,13.343642785025498,13.445814368076437,12.853218406871687,12.969013214111328,3238600
2013-06-04,13.043934673969398,13.112049476541035,12.751041932338614,12.785099983215332,2973500
2013-06-05,12.744237404131285,12.853221928317646,12.226567734954312,12.464967727661133,3665100
2013-06-06,12.49902288080457,12.757857654993707,12.349170007005716,12.55351448059082,2918200
2013-06-07,12.662492544992732,13.391317883757996,12.608000967305097,13.323203086853027,4345700
2013-06-10,13.384508323085164,13.493491495143866,13.071182028211865,13.214221954345703,1794000
2013-06-11,13.016690589535695,13.330016887955951,12.80553455449745,13.11886215209961,2918000
2013-06-12,13.186974993196364,13.309581369657508,13.091613756403412,13.180163383483887,1788000
2013-06-13,13.166544514001412,13.207412886596586,13.091618081591811,13.112052917480469,1656200
2013-06-14,13.146111106288197,13.486683946339003,13.139300792767589,13.452627182006836,2718000
2013-06-17,13.547989255339962,13.650162162491968,13.248286045187022,13.330022811889648,1638300
2013-06-18,13.37088673722726,13.432189941406248,13.221035182113093,13.43218994140625,864600
2013-06-19,13.28915176137942,13.404946573619963,13.207413711899298,13.248283386230469,1239200
2013-06-20,13.098427276512412,13.132485330042135,12.655682974081218,12.710174560546875,2748200
2013-06-21,13.214225061878183,13.214225061878183,12.458154290316756,12.73742389678955,3058500
2013-06-24,12.464964366894533,12.505834039638703,11.76338520748782,12.124391555786133,4586200
2013-06-25,12.274247038829591,12.94176957899502,12.274247038829591,12.914523124694824,2523600
2013-06-26,12.9894472830349,13.377700094033878,12.846407320743578,12.887275695800781,2407300
2013-06-27,13.105240607965353,13.28233861202757,12.989445809123984,13.275527000427246,1272400
2013-06-28,13.282342729596365,13.43900594742371,13.18017112228212,13.391325950622559,1323500
2013-07-01,13.684217308180443,13.854503734315907,13.432192825859733,13.459439277648926,2378400
2013-07-02,13.452623717564236,13.541172061533464,12.982632955559401,13.18697738647461,1466200
2013-07-03,13.023505284033961,13.105242033766359,12.86684079854614,12.962202072143555,832700
2013-07-05,13.1665438131862,13.28233861202757,13.057560625945156,13.275527000427246,936700
2013-07-08,13.377695430651595,13.67058816468909,13.370883820652843,13.582039833068848,2191700
2013-07-09,13.656970187708925,13.677405025550275,13.439003780796932,13.54798698425293,1754100
2013-07-10,13.54798713685166,13.595667126502923,13.391323942516859,13.42538070678711,1048100
2013-07-11,13.588853650397809,13.72508197495604,13.50030400521208,13.656967163085938,1887000
2013-07-12,13.718269089466089,13.963481869746168,13.65696589439607,13.936235427856445,1342600
2013-07-15,14.072466537207887,14.15420457239768,13.90218015481265,13.983918190002441,823500
2013-07-16,13.963486104960248,13.963486104960248,13.459438469756236,13.67059326171875,1344400
2013-07-17,13.622909247790583,13.793195613387965,13.404942907695032,13.44581127166748,1305900
2013-07-18,13.534367409330995,14.038415137671226,13.527555795533932,13.929431915283203,3187500
2013-07-19,13.929426706465994,14.26999947386925,13.827253836899414,14.242753028869629,2021100
2013-07-22,14.29724843048298,14.835354170014474,14.270003277403424,14.590141296386719,2870000
2013-07-23,14.753615818600366,14.780862270319673,14.37217458880634,14.501592636108398,757100
2013-07-24,14.562892161693883,14.590138608937094,13.861313034548637,14.072467803955078,1768800
2013-07-25,13.990730398493797,14.263188362121584,13.6160995617213,14.263188362121582,2834100
2013-07-26,13.595669521532677,14.120152098454616,13.534367594883658,14.079283714294434,2259900
2013-07-29,14.031600324192237,14.188263508252676,13.868125527888013,14.147395133972168,1519100
2013-07-30,14.269999049978594,14.304055806034462,14.09290106028776,14.174637794494629,734600
2013-07-31,14.195078357456199,14.235946741056084,13.895373846297888,13.929431915283203,1249200
2013-08-01,14.207596873148612,14.722213528910755,14.06155627646774,14.471858978271484,2578000
2013-08-02,14.49967885492247,14.49967885492247,14.256278709236064,14.402318000793457,947800
2013-08-05,14.402322947188345,14.409277391044888,14.145015156618985,14.360597610473633,809500
2013-08-06,14.325820922851562,14.450998208786297,14.096329674112551,14.325820922851562,1534200
2013-08-07,14.270190057977427,14.44404714544862,14.04765319824219,14.047653198242188,9763700
2013-08-08,14.151963792392978,14.242368872575957,13.85292946141052,13.971152305603027,4228200
2013-08-09,13.901613792890533,14.082425339131799,13.887704906312491,14.012882232666016,962500
2013-08-12,13.922473383480868,14.179781083945198,13.873793619956485,14.165873527526855,901400
2013-08-13,14.165873364595,14.256278449182744,14.075466953583199,14.207598686218262,1261800
2013-08-14,14.193685865840827,14.207594744664584,14.061554169862507,14.082417488098145,765600
2013-08-15,13.811204005495435,13.943334403964506,13.533031673841853,13.553894996643066,2589300
2013-08-16,13.553895319605607,13.706889044521429,13.44262691486246,13.470444679260254,596800
2013-08-19,13.435678720360032,13.672124521975034,13.359181159124406,13.581719398498535,1414500
2013-08-20,13.727753971935106,13.755571739583461,13.58171467105375,13.644303321838379,723000
2013-08-21,13.64430172747442,13.67907260654765,13.386992712490887,13.470444679260254,973300
2013-08-22,13.560852971032082,13.686030287607963,13.428721211710393,13.49826431274414,1115100
2013-08-23,13.498264517210709,13.602578507129277,13.44263030082585,13.51912784576416,1377400
2013-08-26,13.539984438994855,13.616481953374247,13.282676788412237,13.317447662353516,1317200
2013-08-27,13.213137254802863,13.310496789066729,13.032325743724135,13.122732162475586,2145600
2013-08-28,13.122731303816057,13.435673211940687,13.087959096408374,13.359175682067871,4471300
2013-08-29,13.359174874153997,13.59562056453053,13.352221759517045,13.546940803527832,817900
2013-08-30,13.533032567550263,13.595621213663215,13.254861543950517,13.289633750915527,743000
2013-09-03,13.42871505666594,13.526075884057635,13.254858046981003,13.345264434814453,973800
2013-09-04,13.539989357690555,13.539989357690555,13.380041157177905,13.44262981414795,1076600
2013-09-05,13.428717170404106,13.567803330614307,13.428717170404106,13.50521469116211,830400
2013-09-06,13.53999020601003,13.665167527792843,13.4913104311888,13.609533309936523,1075300
2013-09-09,13.699940957266238,13.769482740932203,13.630397847175772,13.755575180053711,788300
2013-09-10,13.845971696995377,13.998965383053124,13.845971696995377,13.985057830810547,1337400
2013-09-11,14.019831055385112,14.040694376888041,13.852928462633372,13.908562660217285,3244400
2013-09-12,13.908565272548296,13.929428597969812,13.825113297286382,13.915519714355469,638400
2013-09-13,13.908564775909397,14.00592430488505,13.908564775909397,13.929428100585938,743600
2013-09-16,14.13110272952315,14.186736940016383,14.040697634880724,14.089377403259277,1247000
2013-09-17,14.068508609274385,14.117188358733848,14.026783299226803,14.082417488098145,950000
2013-09-18,14.061557910115884,14.291049166055826,14.047650354016525,14.249323844909668,1404800
2013-09-19,14.277141161971167,14.457952649829783,14.277141161971167,14.325820922851562,939500
2013-09-20,14.304958578054705,14.36059278378348,13.93638246251062,14.005924224853516,1072900
2013-09-23,13.93638325002526,13.992017458897802,13.51912602026912,13.644303321838379,1557600
2013-09-24,13.595624847965576,13.644305950729736,13.442631075694338,13.560853958129883,1642700
2013-09-25,13.60257489102074,14.089375149795535,13.60257489102074,13.971152305603027,3313300
2013-09-26,13.971152388177817,14.4023171214819,13.971152388177817,14.325820922851562,2081800
2013-09-27,14.165870920802638,14.548355843617832,14.117189839812202,14.52749252319336,1976400
2013-09-30,14.29800365405223,14.464906265606453,14.165873248920168,14.311912536621094,1151700
2013-10-01,14.395361072394039,14.847389036683493,14.298000244056073,14.659623146057129,1815900
2013-10-02,14.513591274447862,14.722219263631157,14.4301392829199,14.701355934143066,974600
2013-10-03,14.784809749465197,14.819580643143473,14.360597949182452,14.603998184204102,1161200
2013-10-04,14.603997960013825,14.715266409785679,14.291054616015137,14.520545959472656,1659500
2013-10-07,14.33973068042892,14.43709020813385,14.20064450391552,14.402318000793457,1616300
2013-10-08,14.339731380618389,14.5900846535732,14.082422339431776,14.117193222045898,1722600
2013-10-09,14.096326796060966,14.416223060203961,13.686024143234961,13.866835594177246,2470900
2013-10-10,13.734705921135387,14.263231472714505,13.734705921135387,14.19368839263916,1854200
2013-10-11,14.117196550288089,14.812624977916556,14.117196550288089,14.61095142364502,1396100
2013-10-14,14.478815575484235,14.520540897998206,14.200644548017621,14.464906692504883,2552800
2013-10-15,14.54836550948743,14.729177094025122,14.402324822334993,14.451005935668945,918200
2013-10-16,14.513592650907228,15.215974233435778,14.513592650907228,15.195112228393555,4142800
2013-10-17,15.056025606629492,15.459374052681534,15.056025606629492,15.306380271911621,2324500
2013-10-18,15.473280250473957,15.994851494871956,15.202063627842763,15.883583068847656,3018500
2013-10-21,16.001806429901386,16.168709074075768,15.841858228370644,15.960081100463867,2143700
2013-10-22,16.133933192695842,16.24520158770004,15.786219126701742,16.140886306762695,1994300
2013-10-23,16.022666925266154,16.342563271774786,15.911397189063072,15.932260513305664,1987100
2013-10-24,16.35647718422849,16.62073940710839,16.00180852158807,16.245208740234375,3146100
2013-10-25,16.474694290327616,16.49555628724013,16.036573785228555,16.446876525878906,2160100
2013-10-28,16.5859582004098,16.65550126626109,16.412101198993394,16.502506256103516,2448400
2013-10-29,16.58597111376998,16.662467351982883,16.21043906164873,16.516427993774414,1799000
2013-10-30,16.516419429220914,16.585962513155067,15.89748876769737,15.96703052520752,1817100
2013-10-31,16.037274069846998,16.149668349858242,15.419105529785156,15.419105529785156,2731400
2013-11-01,15.468279196665408,15.819511687017416,15.433155143722834,15.777362823486328,1332500
2013-11-04,15.910838780251312,16.08645510528686,15.67902528479824,16.06538200378418,1506500
2013-11-05,16.04430012350792,16.409582231782185,15.896781782154784,16.156694412231445,1598600
2013-11-06,16.332309768029802,16.395531719480783,16.12157082309021,16.325284957885742,1251600
2013-11-07,16.43065937837619,16.437684190635743,15.938934578821215,16.016204833984375,3348100
2013-11-08,16.07240171644,16.493881065859508,16.07240171644,16.40256118774414,4497600
2013-11-11,16.367433368626656,16.40255742125626,16.058349744559763,16.156694412231445,3462800
2013-11-12,16.156694556192395,16.156694556192395,15.643895441841412,15.777362823486328,1244800
2013-11-13,15.629840916782076,16.114541976549052,15.629840916782076,15.931900978088379,1135000
2013-11-14,16.297189913756863,16.493879272884413,16.13562193181467,16.14967155456543,2160700
2013-11-15,16.149669783988486,16.38850798518317,16.065374736417198,16.12859535217285,1560100
2013-11-18,16.255041873845453,16.325288651333185,15.945958196652768,15.99513053894043,1300000
2013-11-19,16.065376638321975,16.114548978534113,15.798439163104963,15.952980995178223,1027100
2013-11-20,16.00917939358351,16.10049926203994,15.82653831682488,15.96703052520752,638000
2013-11-21,15.629852281718984,16.198848776143734,15.510433132040093,16.079429626464844,1332500
2013-11-22,16.072400074847344,16.47982975837502,16.023227734742484,16.367435455322266,1329300
2013-11-25,16.472811640183856,16.77487059039856,16.416614470394354,16.648427963256836,2076600
2013-11-26,16.697592984649678,16.915356754446915,16.683543363412277,16.718666076660156,1018200
2013-11-27,16.73271942138672,16.880237797515083,16.6062754818041,16.73271942138672,859500
2013-11-29,16.73973948359803,16.824035866015635,16.578172868796962,16.669492721557617,491700
2013-12-02,16.739743244879662,16.950482238506666,16.676521278822396,16.795940399169922,2325500
2013-12-03,16.78188803238284,16.81701208547635,16.557099451966902,16.718666076660156,1520400
2013-12-04,16.64842517911001,16.746769874833724,16.3323153145038,16.465784072875977,803400
2013-12-05,16.332313560182758,16.45173268066825,16.163722097117212,16.212894439697266,1110400
2013-12-06,16.40256232659205,16.55710418484265,16.233970843087942,16.318265914916992,1090800
2013-12-09,16.381488630178257,16.85916519165039,16.367439004288826,16.85916519165039,1722200
2013-12-10,16.85917159854551,17.435193080453697,16.802974413477557,17.378995895385742,2199700
2013-12-11,17.40708249281592,17.610796638026663,16.894282044846246,16.999652862548828,1827800
2013-12-12,16.999653972658034,17.147170983321818,16.915357580960375,17.03477668762207,1373900
2013-12-13,17.210393996539896,17.666996018274858,17.154196845247064,17.547576904296875,1783900
2013-12-16,17.737243674359615,18.172772623420613,17.498405434527104,17.61782455444336,2655000
2013-12-17,16.83809321855785,17.463288263729375,16.641403786687217,17.41411590576172,15005500
2013-12-18,17.40708061003486,17.52649969598168,16.866182318402473,17.231464385986328,10522800
2013-12-19,17.161219717277923,17.414107539440103,16.809987226428504,16.845109939575195,3621500
2013-12-20,17.006676646337528,17.2314665670424,16.85915964259076,17.18931770324707,2287800
2013-12-23,17.400059714126893,17.428157619575146,16.97155560231351,17.105024337768555,1558900
2013-12-24,17.140146071868717,17.189318408468353,17.02072696590717,17.168245315551758,568200
2013-12-26,17.315766220719905,17.315766220719905,17.03478041990713,17.161224365234375,1631100
2013-12-27,17.168246455515824,17.238493229542094,16.929408227733973,16.96453094482422,1088500
2013-12-30,17.03478149573008,17.03478149573008,16.85916519165039,16.85916519165039,1339400
2013-12-31,16.950483105144695,17.196346170177158,16.85916322719625,17.09800148010254,1458600
2014-01-02,16.94345402861611,17.43517865619137,16.94345402861611,17.329809188842773,3288600
2014-01-03,17.41411301608117,17.86369031700737,17.350891040657665,17.702123641967773,3134600
2014-01-06,17.64592578360252,17.955009495879608,17.63890097107177,17.835590362548828,2607200
2014-01-07,17.89178455961199,18.025253295898438,17.737242729069525,18.025253295898438,2230400
2014-01-08,17.940959015502145,18.11657528774545,17.69509596639235,18.10955047607422,2775100
2014-01-09,18.172773549546037,18.179797021799768,17.884761612844287,18.14467430114746,1751500
2014-01-10,18.144675072390395,18.33434098760483,18.06740347585578,18.228971481323242,2223600
2014-01-13,18.17979804068969,18.341366048344778,17.709146322403086,17.849639892578125,1744900
2014-01-14,17.912861796258724,18.088478088378906,17.814517101422133,18.088478088378906,1156700
2014-01-15,18.186822783215497,18.200872408148147,17.99013339354232,18.088478088378906,1656200
2014-01-16,18.088477144196222,18.14467430114746,17.99013245449303,18.14467430114746,1138000
2014-01-17,18.13062576618404,18.207897364076462,18.004181820485883,18.06740379333496,1403700
2014-01-21,18.20087051678647,18.43970875643848,18.018229431179293,18.43268394470215,2245200
2014-01-22,18.474830627441406,18.615324176028995,18.38351075875152,18.474830627441406,1439300
2014-01-23,18.47482940509749,18.481854216046667,17.990129508215485,18.102523803710938,1826400
2014-01-24,17.983100879136096,18.00417396766375,17.020723420959634,17.25253677368164,3645700
2014-01-27,17.23147223864392,17.421136828766976,16.585204186036812,16.85916519165039,3570500
2014-01-28,16.852135758681467,17.36493490444688,16.852135758681467,17.013702392578125,1658000
2014-01-29,16.859164089157833,17.18932223689262,16.739744956599125,16.82404136657715,1794000
2014-01-30,17.245517425044415,17.519479721263135,17.041803245646733,17.17527198791504,3078900
2014-01-31,17.069897350108825,17.428154627017204,16.859158405972384,16.936429977416992,3567700
2014-02-03,16.936433774827552,17.006679212059463,15.9810808222003,16.009180068969727,3704400
2014-02-04,16.058354371434852,16.6765231375265,16.05132955888488,16.458759307861328,2937000
2014-02-05,16.416608206731745,16.47280535507955,16.0864487878234,16.30421257019043,2769600
2014-02-06,17.076932088412594,17.21040087854604,16.606280255691157,16.781896591186523,3257600
2014-02-07,17.245518544216125,17.245518544216125,16.809990910428176,16.97858238220215,1762800
2014-02-10,17.034779622535073,17.463283786120673,16.873212962111165,17.196346282958984,3144100
2014-02-11,17.463280777380916,17.53352620730899,17.006677443774286,17.03477668762207,5720000
2014-02-12,17.03477875889493,17.168247503709093,16.922384449529066,17.1260986328125,1394800
2014-02-13,17.197760600309746,17.333909921086992,17.040114953505448,17.29091453552246,1757100
2014-02-14,17.298076629638672,17.398397807142207,17.097437008141434,17.298076629638672,849000
2014-02-18,17.269413362982906,17.348235480886697,17.018612484595792,17.176258087158203,1802000
2014-02-19,17.06877100126895,17.312405964294587,17.018611103014504,17.16192626953125,1721500
2014-02-20,17.133264979384137,17.176258988383413,17.025779273508487,17.075939178466797,1437200
2014-02-21,17.147593981411983,17.333903145769813,17.11176450744624,17.183422088623047,2163800
2014-02-24,17.27658603368065,17.584712830811,17.197762518110927,17.305248260498047,2770600
2014-02-25,17.305245387669075,17.369737095746206,17.176261971514812,17.219257354736328,2235100
2014-02-26,17.255080522199847,17.255080522199847,17.02577734451024,17.06160545349121,2138100
2014-02-27,17.10460082437407,17.1905888326303,16.982783340382127,17.06160545349121,1610900
2014-02-28,17.090271112122974,17.319574317694055,17.06877342406759,17.298076629638672,1725400
2014-03-03,17.090275674335828,17.161933286894367,16.6889949574654,16.94696044921875,3104700
2014-03-04,17.28374481201172,17.312407027021674,17.147595532138716,17.28374481201172,1727600
2014-03-05,17.247918208486762,17.37690161440854,17.212090092066283,17.369735717773438,1523100
2014-03-06,17.391226386739966,17.534540161320315,17.391226386739966,17.527374267578125,2356300
2014-03-07,17.634862675810993,17.66352488625009,17.341067843348664,17.398393630981445,2838600
2014-03-10,17.39838745363764,17.48437542117926,17.283735919079408,17.434215545654297,1527300
2014-03-11,17.405557525076492,17.484379619791913,17.283740069511467,17.355396270751953,963300
2014-03-12,17.25508204943197,17.276579736776142,16.911127252454424,17.140430450439453,1422200
2014-03-13,17.09743429401486,17.197754088838245,16.803639437670917,16.882461547851562,1737000
2014-03-14,16.79647461916023,16.92545800177292,16.409524471322147,16.459684371948242,3237600
2014-03-17,16.588668401393807,16.83230338543887,16.588668401393807,16.653160095214844,1381200
2014-03-18,16.653163031542245,16.853804044002423,16.60300312011597,16.774980545043945,3324100
2014-03-19,16.80364699749417,16.839475121262815,16.595840052721144,16.688995361328125,2746300
2014-03-20,16.638830761754832,16.882465781788063,16.531345045094298,16.810808181762695,2840900
2014-03-21,16.968452034814348,17.05444004552694,16.459684398871502,16.474016189575195,1945000
2014-03-24,16.502682568426845,16.552842477637817,16.03690885888489,16.35936737060547,2404400
2014-03-25,16.445349965986008,16.617327312242498,16.208880944039027,16.25904083251953,1985900
2014-03-26,16.26620835302186,16.330700035162618,15.814766578036576,15.99390983581543,5385300
2014-03-27,16.03690341071037,16.14439045593762,15.900755522463745,16.05123519897461,1693500
2014-03-28,16.151567459106445,16.323544936299662,16.01541811046184,16.151567459106445,1831100
2014-03-31,16.266217252236736,16.395199320329485,16.208891433054845,16.36653709411621,1866000
2014-04-01,16.24471830200351,16.77498243014227,16.24471830200351,16.760650634765625,6063700
2014-04-02,16.645998892331363,16.85380582361719,16.42386153252135,16.524181365966797,1518900
2014-04-03,16.753483477417817,17.018616204930037,16.688993136582276,16.9827880859375,2222600
2014-04-04,17.032949857640055,17.412732880716337,16.853806509621347,16.94696044921875,3390300
2014-04-07,16.868132233398065,16.94695434875881,16.445353974922597,16.474016189575195,2928300
2014-04-08,16.47401488901959,16.545672470126203,16.015408556744752,16.101396560668945,3215500
2014-04-09,16.201719656479277,16.717651841924965,16.130062066812,16.68182373046875,3076700
2014-04-10,16.731978183636308,16.767806283423383,15.929415900914494,16.079896926879883,2990700
2014-04-11,15.936589592699104,16.022578987722643,15.191354091767039,15.67145824432373,4221300
2014-04-14,15.793272306749959,15.83626631149249,15.370494054309871,15.592631340026855,3126100
2014-04-15,15.57113761934734,15.864932565617657,15.48514958796609,15.843436241149902,1803200
2014-04-16,15.907925148066498,16.63166285736627,15.84343345250436,16.60300064086914,2788600
2014-04-17,16.696158809054086,16.918297535619327,16.509850937442607,16.524181365966797,3302400
2014-04-21,16.502682765084874,16.710488300971708,16.459687385173087,16.624500274658203,1822300
2014-04-22,16.62449683672893,17.15476077852095,16.6101650463888,17.090269088745117,1656100
2014-04-23,17.11176621024444,17.14759568777559,16.882463021064353,16.939788818359375,2683000
2014-04-24,17.197755564011825,17.51304813204339,16.595834009931025,17.49155044555664,4567100
2014-04-25,17.40556590860566,17.66353136418226,16.87530047008939,16.989952087402344,2674400
2014-04-28,17.06877047576511,17.06877047576511,16.48834666607602,16.63166046142578,2558900
2014-04-29,16.667491886453927,16.817971594199786,16.502680387468985,16.653160095214844,2411800
2014-04-30,16.638830905397164,16.68899218257649,16.237550255247914,16.273378372192383,2122000
2014-05-01,16.266206379000536,16.896789968484224,16.237542805192245,16.83946418762207,6735300
2014-05-02,16.96845592748516,16.96845592748516,16.40952826261264,16.45252227783203,4346600
2014-05-05,16.280542987798878,16.76781299372812,16.1515609568955,16.46685218811035,2601600
2014-05-06,16.545674226012036,16.545674226012036,16.280541557807148,16.423856735229492,3312500
2014-05-07,16.591820514286653,16.6283350406343,15.715492775244451,16.087932586669922,5124400
2014-05-08,16.102535265455625,16.45306771610627,15.883453702574755,15.890756607055664,3571300
2014-05-09,15.93457124610567,16.372735726396098,15.912663927467364,16.314313888549805,3028400
2014-05-12,16.42385427930284,16.81820272027974,16.38003825015645,16.759780883789062,3654700
2014-05-13,16.978863334397264,17.183340469540983,16.803597815511157,16.94965171813965,3701900
2014-05-14,17.088403363946604,17.219852845597085,16.76708256356615,16.869321823120117,2481600
2014-05-15,16.81820429947386,16.913139270352982,16.175562644847275,16.350828170776367,3289500
2014-05-16,16.248591288623278,16.540700516358275,16.146353407137696,16.372737884521484,2481700
2014-05-19,16.4311603242001,17.01537880079475,16.394647191745452,17.000774383544922,2805000
2014-05-20,17.103012306466894,17.13952543900211,16.350829797415635,16.694059371948242,3202100
2014-05-21,16.905841271998465,17.18334614658187,16.78169464766105,17.095712661743164,2491200
2014-05-22,17.05189181292677,17.1249194642422,16.57721416870635,17.07379913330078,4313300
2014-05-23,17.12491830688729,17.13221981792744,16.694056725420452,16.82550621032715,1735400
2014-05-27,17.02268291318986,17.02268291318986,16.62103285615501,16.730573654174805,1869300
2014-05-28,16.723270748588575,16.854720263367057,16.6429415729137,16.730573654174805,1337700
2014-05-29,16.752480977210404,16.79629701419568,16.56991253140393,16.635637283325195,1876400
2014-05-30,16.621029806488824,16.65024003058736,16.40194685776028,16.59912109375,1915700
2014-06-02,16.599121916345318,16.818204875930856,16.518792751428588,16.723268508911133,2943700
2014-06-03,16.686756340127115,17.059196139281852,16.606425777695687,17.05189323425293,3080300
2014-06-04,17.066499011149084,17.35130534229007,17.051893201119622,17.263671875,2912800
2014-06-05,17.409729015317627,17.49005958601741,17.234463455243716,17.31479263305664,2556000
2014-06-06,17.44624374598303,17.709142806567243,17.417033513077552,17.563087463378906,2799600
2014-06-09,17.541180774984987,17.745656591422122,17.52657496155747,17.672630310058594,7254800
2014-06-10,17.672624340478563,17.672624340478563,17.53387194555993,17.61420249938965,1930600
2014-06-11,17.5411778920359,17.723746351213077,17.533874986522395,17.650718688964844,1517400
2014-06-12,17.672629214863672,17.840591880210187,17.555785500458537,17.701839447021484,2399800
2014-06-13,17.70914393989072,17.70914393989072,17.38052009312967,17.438941955566406,1532100
2014-06-16,17.453545626897945,17.497361670125116,17.249069829913214,17.380517959594727,1518300
2014-06-17,17.380515956033985,17.592296027511416,17.27097516415006,17.52657127380371,1518100
2014-06-18,17.52657297317688,17.74565457818684,17.358610316476785,17.72374725341797,2910800
2014-06-19,17.7748607983922,17.818676827497292,17.672622932851503,17.73104476928711,2332600
2014-06-20,17.75295132233699,17.75295132233699,17.53386979336635,17.55577850341797,2524100
2014-06-23,17.570391494270826,17.570391494270826,17.438941955566406,17.438941955566406,2036400
2014-06-24,17.402422785844127,17.446238819272455,17.16873541704425,17.2198543548584,1948400
2014-06-25,17.219849974360418,17.30018050928284,17.168731049550235,17.249061584472656,1191300
2014-06-26,17.24907024148064,17.431638717651367,17.205252804321074,17.431638717651367,1238600
2014-06-27,17.365915192515857,17.68723473059908,17.358612285802096,17.672630310058594,2657400
2014-06-30,17.665313593823043,18.030450286750185,17.63610198980362,17.76755142211914,2537600
2014-07-01,17.8698012316545,18.14000317845381,17.78216914661307,17.88440704345703,2047600
2014-07-02,17.862505916436998,18.12540506905421,17.811386946291975,18.045074462890625,1586500
2014-07-03,18.16920455523147,18.198416164601575,17.93551725181543,18.154600143432617,869400
2014-07-07,18.096193297765133,18.32257788624178,17.9720466409449,18.256853103637695,1948700
2014-07-08,18.25684290459692,18.26414580890515,17.570385221375837,17.935522079467773,2785300
2014-07-09,18.161906527700058,18.22032836475446,17.78946679414583,18.147300720214844,3159400
2014-07-10,17.855190097397728,17.869794510820658,17.424328561478333,17.862491607666016,3219400
2014-07-11,17.884407262895195,18.066975734006277,17.760260646824182,18.037765502929688,3791600
2014-07-14,18.20572619799674,18.366385933802984,18.14000144405629,18.249542236328125,2190300
2014-07-15,18.366384929367758,18.402899453385935,18.176513583133257,18.322568893432617,1872100
2014-07-16,18.43940858659189,18.49783041946762,18.2276285718634,18.424802780151367,3546900
2014-07-17,18.395601839073066,18.607380567738396,18.1253998551764,18.205730438232422,2370300
2014-07-18,18.25683721041876,18.366377955104042,18.21302119112187,18.337167739868164,2149700
2014-07-21,18.293364014278023,18.548960205031168,18.198429002625975,18.410207748413086,2510200
2014-07-22,18.58547030728527,18.680405296282128,18.337177083278906,18.439414978027344,3077000
2014-07-23,18.475926111466546,18.585468292981165,18.380991132758794,18.49053192138672,2606100
2014-07-24,18.380996359328975,18.534353228437205,17.90631854504391,18.21303367614746,5305400
2014-07-25,18.2203303683587,18.395595898795026,18.008550315193997,18.09618377685547,2481900
2014-07-28,18.1399977973166,18.220328345513998,17.760255160420765,17.840585708618164,3216600
2014-07-29,17.97203760264337,18.030459447478638,17.774863353991844,17.95743179321289,2216000
2014-07-30,18.103488886843465,18.103488886843465,17.70914035065558,17.75295639038086,3489100
2014-07-31,17.640310676011882,17.647820558771596,17.15217975553987,17.212257385253906,4561800
2014-08-01,17.445060003945095,17.55019694216601,17.009496780926554,17.189729690551758,4291600
2014-08-04,17.27233253802372,17.42252730695192,17.047041816994884,17.257312774658203,1995100
2014-08-05,17.212259230438818,17.33241450274775,17.009496671281052,17.092103958129883,1636400
2014-08-06,17.054549569681573,17.302371357999295,17.009491713788993,17.12213706970215,1318900
2014-08-07,17.20474743539418,17.279844830334756,16.87431975707383,17.00949478149414,2211900
2014-08-08,17.0545551418057,17.182220302182063,16.926891413793218,17.10712432861328,1517200
2014-08-11,17.227281064379344,17.520159396724424,17.06957635532615,17.452571868896484,2030900
2014-08-12,17.460084875769933,17.47510464738748,17.21977425934622,17.27985191345215,1632400
2014-08-13,17.40000090928733,17.572723923135843,17.24229622924375,17.467588424682617,1634900
2014-08-14,17.542692256699354,17.70790544805316,17.249812438455624,17.317399978637695,2642200
2014-08-15,17.12965705162406,17.272342017175767,16.956933975219727,16.956933975219727,4072900
2014-08-18,17.084590393563975,17.2723331451416,17.047042416193857,17.2723331451416,2863600
2014-08-19,17.40000089882079,17.43754888185614,17.09961273744673,17.24229621887207,2176300
2014-08-20,17.197238352756898,17.40000089882079,17.069573205127455,17.24229621887207,2464500
2014-08-21,17.2723331451416,17.317391004458447,17.189725876091117,17.2723331451416,2348700
2014-08-22,17.272337533851488,17.33992505618176,17.15969214075567,17.227279663085938,1243900
2014-08-25,17.287351050556403,17.399996402920323,17.18221414696849,17.332408905029297,2113900
2014-08-26,17.33240886371565,17.445054215811066,17.242291722621296,17.354938507080078,1955900
2014-08-27,17.384982392474154,17.48260944722266,17.332414639469807,17.475099563598633,1444100
2014-08-28,17.384977483415113,17.737934752259342,17.362449271268247,17.565210342407227,2208400
2014-08-29,17.587746345008643,17.775489153374505,17.55019835628105,17.64031410217285,1351600
2014-09-02,17.655331287532064,17.722918803244447,17.40000099092168,17.505136489868164,1687300
2014-09-03,17.58023822999016,17.58023822999016,17.234792115367455,17.422534942626953,2999000
2014-09-04,17.422531785469342,17.460079771171486,17.054554650241894,17.189729690551758,2629700
2014-09-05,17.197233052875063,17.249800785869613,16.99447056929897,17.099607467651367,2508400
2014-09-08,17.09210132409175,17.129649303765394,16.649028288597442,16.896848678588867,4058000
2014-09-09,16.859298105949932,16.986963222514436,16.76918096328418,16.9268856048584,2393100
2014-09-10,16.89684431021234,17.039529174338064,16.791708848416143,16.94190216064453,2545000
2014-09-11,16.904361166101694,17.129651943589987,16.904361166101694,17.092103958129883,2000600
2014-09-12,17.129651338378885,17.264826373041497,17.04704548681245,17.077083587646484,2338100
2014-09-15,17.092098745208805,17.12964671921715,16.851788273883255,16.986963272094727,1321600
2014-09-16,16.971946105668014,17.144669104308488,16.85179085162563,17.039533615112305,1403000
2014-09-17,17.1596895713753,17.362452108005762,16.926888936186806,17.00949478149414,2096300
2014-09-18,17.039536111590724,17.114633514460706,16.821753786504154,16.9118709564209,2001100
2014-09-19,17.017009768268366,17.05455776081888,16.82926694078759,16.934402465820312,1619500
2014-09-22,16.881831456816037,16.934399209223272,16.6715604471871,16.74665641784668,1914700
2014-09-23,16.709104354147236,16.739143880970058,16.408716247736383,16.468793869018555,2386600
2014-09-24,16.491325344349328,16.52136487711505,16.1533891949175,16.43124771118164,3318300
2014-09-25,16.37115781348882,16.438745279214487,16.228474436834798,16.363649368286133,2626600
2014-09-26,16.4237374227891,16.91186831670764,16.38618801103315,16.799222946166992,1724900
2014-09-29,16.679066260911554,16.874318904951693,16.536382793329746,16.799222946166992,2142600
2014-09-30,16.821753820870082,16.91187099097093,16.5964630441637,16.74665641784668,2038000
2014-10-01,16.70910229746573,16.731631939809727,16.25100959634749,16.266029357910156,3581400
2014-10-02,16.22848699770207,16.243505332094337,15.424948096982089,16.08580207824707,6052100
2014-10-03,16.303579284298852,16.32610892934422,16.12334642102632,16.243501663208008,2573300
2014-10-06,16.363666023789474,16.596466735817874,16.273548833643304,16.446271896362305,2817700
2014-10-07,16.37116919721016,16.573931735378455,16.108330461470167,16.160898208618164,3137700
2014-10-08,16.258512514733603,16.446255156779863,15.702794466160194,16.363649368286133,4623500
2014-10-09,16.281050376447645,16.318598350889896,15.687782640188905,15.755370140075684,3689300
2014-10-10,15.73283866766661,15.755366874717541,15.297275665536867,15.417430877685547,4591900
2014-10-13,15.432454475485752,15.492532102078044,14.944323580377922,15.004401206970215,3772200
2014-10-14,15.041953055942882,15.13206879425024,14.779112859879392,14.9818754196167,4142400
2014-10-15,14.801641078274313,15.064481274337803,14.148296962272552,14.9818754196167,8263000
2014-10-16,14.69650344938941,15.041950882626317,14.230902193224235,14.951833724975586,5467500
2014-10-17,15.19965563363682,15.627708952341356,15.041952382477788,15.379888534545898,4456100
2014-10-20,15.402420148991862,15.860513059129701,15.342342507692141,15.785415649414062,3625300
2014-10-21,15.958136529031583,16.43124771118164,15.74035421357137,16.43124771118164,4108200
2014-10-22,16.52136520458924,16.694088224324453,16.025724363040666,16.048254013061523,7538800
2014-10-23,16.19844630111714,16.588951614553114,16.153388436447973,16.34113121032715,4939300
2014-10-24,16.371168368976214,16.949416423077412,16.371168368976214,16.896848678588867,3925000
2014-10-27,16.874317122051384,16.8818270036091,16.513851401461825,16.814239501953125,5509400
2014-10-28,16.93439410317429,17.21976386214593,16.769181012228824,16.986963272094727,2266300
2014-10-29,16.994476763949645,17.107123584128306,16.686578702152637,16.709108352661133,3871600
2014-10-30,16.709106430745983,16.77808909959938,16.36419454840985,16.425512313842773,4229900
2014-10-31,16.64778388739305,16.76275594377225,16.509820051212774,16.525148391723633,3664700
2014-11-03,16.571145317625618,16.678451059539984,16.233896820554783,16.264554977416992,3956100
2014-11-04,16.233883793191875,16.36418414463782,16.05759551239145,16.28753662109375,3300300
2014-11-05,16.479163898007155,16.479163898007155,16.034609767607915,16.302875518798828,2900000
2014-11-06,16.302872878879857,16.3335310232891,16.11891962663291,16.295207977294922,1887900
2014-11-07,16.302873876435545,16.43317428749139,16.149578759217874,16.39484977722168,2544400
2014-11-10,16.394844368848176,16.816405071165946,16.394844368848176,16.739757537841797,3026400
2014-11-11,16.716768865552275,16.770421719641654,16.532815596418416,16.67844581604004,1702200
2014-11-12,16.624791315268695,16.885392119545198,16.52514905731742,16.854732513427734,2600800
2014-11-13,16.86240018302247,17.09234141892776,16.7167699539194,16.908388137817383,3365200
2014-11-14,16.90072582868645,17.130668561810445,16.87006767476182,17.000368118286133,3260500
2014-11-17,16.954374570792517,17.1536561604764,16.916050063599105,17.13066291809082,3462000
2014-11-18,17.29929039969815,17.529233110710518,17.153660162250063,17.391267776489258,3865400
2014-11-19,17.398930589755757,17.65186651813512,17.345276273612928,17.498571395874023,3198800
2014-11-20,17.39893172923802,17.575220108032227,17.191983739211395,17.575220108032227,2080600
2014-11-21,17.62887120719584,17.68252405956972,17.437253041900235,17.536893844604492,2242000
2014-11-24,17.605872990622785,17.651862393713905,17.199643496829946,17.237966537475586,3934100
2014-11-25,17.276293567636277,17.276293567636277,17.100003753855727,17.115333557128906,3888900
2014-11-26,17.20731864490566,17.291629676922298,17.130671056037762,17.245641708374023,3276200
2014-11-28,17.20730959501662,17.20730959501662,16.923714103936938,17.077009201049805,1615300
2014-12-01,16.93904868817708,16.94671359138968,16.18790571651219,16.440841674804688,6097600
2014-12-02,16.601800028074347,16.82407783238923,16.47916450222158,16.63245964050293,3578400
2014-12-03,16.632459259607533,16.939048067218344,16.632459259607533,16.847070693969727,2184900
2014-12-04,16.885394548518704,17.077012728525784,16.839405132726906,17.054018020629883,2107200
2014-12-05,17.107672876482393,17.414261707938362,17.03102530313569,17.1843204498291,6348600
2014-12-08,17.184320149337015,17.283960969593767,16.78575394444832,16.877731323242188,1524800
2014-12-09,16.663118937500624,17.000367387765387,16.563478114113547,16.99270248413086,2509700
2014-12-10,17.02335968731319,17.054019300141352,16.739765578306695,16.808748245239258,2731800
2014-12-11,16.916050366584756,17.207310778749637,16.816409569958132,17.069345474243164,1946600
2014-12-12,16.9237192816737,16.985037046892668,16.7091063724419,16.877731323242188,2858900
2014-12-15,17.05400904993316,17.23796223054579,16.808738142449652,16.931373596191406,3708400
2014-12-16,16.82407041139039,17.20730662611974,16.724428176879883,16.724428176879883,2215000
2014-12-17,16.801082053993763,17.237971269785785,16.793417151374346,17.138330459594727,4003900
2014-12-18,17.29162055703704,17.398927709629,17.130662021044685,17.230302810668945,2293200
2014-12-19,17.214971835930026,17.460244266625118,17.199643496829946,17.237966537475586,1675000
2014-12-22,17.245635672927044,17.352941382629673,17.107670353634724,17.30695343017578,1801100
2014-12-23,17.429591487872116,17.62120968997528,17.30695595548056,17.552227020263672,1900700
2014-12-24,17.62121251916894,17.866483623331828,17.567559647874692,17.736183166503906,1397300
2014-12-26,17.82048696539276,17.973782061695175,17.72084617614746,17.72084617614746,1627200
2014-12-29,17.667193943695622,17.93545966276129,17.552223338933352,17.59821128845215,1791200
2014-12-30,17.590543448389667,17.981443114415935,17.5752136484078,17.80515480041504,1889900
2014-12-31,17.82048504017348,18.081085798575597,17.72850769994264,17.789825439453125,1610100
2015-01-02,18.004440307617188,18.111745998489408,17.797492364994714,18.004440307617188,2330100
2015-01-05,18.004437815389895,18.104080053347378,17.674854425412388,17.889467239379883,2381500
2015-01-06,17.950792414490984,17.98145056522807,17.352943124844458,17.713186264038086,2315800
2015-01-07,17.927800191570466,18.20373089612972,17.789834839290837,18.04277229309082,2230200
2015-01-08,18.18839891329127,18.249716677870605,17.88181009039459,17.935462951660156,1989900
2015-01-09,17.93546312785633,18.226723608917606,17.78983288732569,18.196063995361328,2034300
2015-01-12,18.2037257256966,18.288038186349194,17.751506738082746,17.989112854003906,1964500
2015-01-13,18.065762109318804,18.334027858647236,17.866479023015703,18.18073272705078,2529900
2015-01-14,17.87414391683794,18.119414957724867,17.64420268148913,17.81282615661621,2355600
2015-01-15,17.889473095860982,18.042768222012054,17.406594471836573,17.48324203491211,2172400
2015-01-16,17.44492302629867,17.613546534590096,17.138334164891077,17.590553283691406,3874700
2015-01-20,17.65187092105482,17.851154044929334,17.46025270139829,17.82815933227539,1801900
2015-01-21,17.75917440266247,18.01211036203509,17.75917440266247,17.973787307739258,2029300
2015-01-22,18.127079499739864,18.66361098745033,18.05043193550541,18.410675048828125,2908600
2015-01-23,18.372347717037744,18.70193116932931,18.364682815597188,18.59462547302246,2107700
2015-01-26,18.61762302237086,18.91654691457985,18.548640360794835,18.86289405822754,2824600
2015-01-27,18.694267959807277,18.9318755401777,18.502649792242444,18.87055778503418,2810600
2015-01-28,18.93187870777232,18.970201762925083,18.58696536367407,18.694271087646484,3108100
2015-01-29,18.694272754563848,18.724932370964567,18.2957079748713,18.602296829223633,1656900
2015-01-30,18.510317041647305,18.755588093323915,18.403011322021484,18.403011322021484,2295900
2015-02-02,18.43366813659668,18.640616119674995,18.326362424747483,18.43366813659668,3298600
2015-02-03,18.563975888530027,18.709606170654297,18.487329756610023,18.709606170654297,2142100
2015-02-04,18.694272754563848,18.701937658664026,18.403013708411873,18.602296829223633,1901800
2015-02-05,18.68660391085621,19.00852250554034,18.5333102469637,18.924211502075195,1779900
2015-02-06,18.924213249547165,19.01618916398964,18.816906066789873,18.947206497192383,1459800
2015-02-09,18.901217153270732,19.19247760547526,18.709598973321167,19.146488189697266,2981800
2015-02-10,18.24971855027022,18.778585237734852,17.820494154176952,18.602296829223633,5974300
2015-02-11,18.548643962453347,18.755590525434314,18.318701225240865,18.602296829223633,3844900
2015-02-12,18.586967422235613,18.847568319543086,18.433672260784977,18.671279907226562,3757600
2015-02-13,18.778581935502718,18.908882358430372,18.479658037816627,18.71726417541504,4515400
2015-02-17,18.763255834552137,18.916550996002773,18.60996213503251,18.671279907226562,3582400
2015-02-18,18.803469425781056,18.811246059182924,18.577951506850354,18.68682289123535,3233600
2015-02-19,18.647942049976788,18.873459997033837,18.616836995731088,18.81902503967285,1345900
2015-02-20,18.795695123852568,18.850130081176758,18.593507080047473,18.850130081176758,1529800
2015-02-23,18.741265845180596,18.842359156094005,18.57018280376157,18.64017105102539,2057900
2015-02-24,18.640174126621332,18.702385747427115,18.445762626198004,18.515750885009766,2512600
2015-02-25,18.476870364534395,18.507975435313377,18.158035602028633,18.321340560913086,2356500
2015-02-26,18.352436786363477,18.352436786363477,18.111367061340037,18.266895294189453,1733700
2015-02-27,18.235800654248543,18.243575809575816,17.68367118175684,17.76921272277832,4168100
2015-03-02,17.745879353865377,18.515748623521937,17.738102716809227,18.35244369506836,2883600
2015-03-03,18.35243945592281,18.50796771139548,18.196909717208623,18.251344680786133,1389400
2015-03-04,18.24356510232316,18.60905948436446,18.064706969925783,18.484636306762695,2666800
2015-03-05,18.484636653926234,18.710153111349424,18.375765259049,18.406871795654297,2705900
2015-03-06,18.461308649359204,18.60906174694129,18.313555551777117,18.437978744506836,3043000
2015-03-09,18.437978696056213,18.507966927187947,17.979169101096925,18.095815658569336,1694300
2015-03-10,18.002503228018263,18.033609777598,17.465927113703184,17.745880126953125,3463700
2015-03-11,17.7692043443305,17.86252099667905,17.59034619129458,17.784757614135742,1342100
2015-03-12,17.870300321830573,17.955841835395624,17.706995414015477,17.909183502197266,1917800
2015-03-13,17.753651074525262,17.870297631581668,17.535909746976237,17.784757614135742,1495900
2015-03-16,17.78476370923773,17.96362192357101,17.722552091937374,17.846975326538086,1718900
2015-03-17,17.77698819176,17.909188072258132,17.714776570539822,17.893634796142578,1183000
2015-03-18,17.88585240709733,18.041382151760025,17.74587593354922,17.854745864868164,2030200
2015-03-19,17.800311655740707,17.83919483517974,17.567018512073034,17.738100051879883,1260400
2015-03-20,17.815861581740286,18.06470795045082,17.745873355135277,17.979167938232422,1738100
2015-03-23,17.979167938232422,18.08026121930557,17.924731497240806,17.979167938232422,1285000
2015-03-24,18.002498628293132,18.041381805332964,17.72254716981406,17.901405334472656,1651500
2015-03-25,17.932510740760346,17.963617282995692,17.621452734614767,17.753652572631836,1987000
2015-03-26,17.699212587389876,17.699212587389876,17.388154669461642,17.567012786865234,1409900
2015-03-27,17.512582775545336,17.668111036751082,17.473699597812725,17.613676071166992,1497300
2015-03-30,17.637010570172404,17.800315509446392,17.543692402557298,17.706998825073242,2100400
2015-03-31,17.652560023597275,17.80808829162851,17.55146524029742,17.738100051879883,2004700
2015-04-01,17.722552062649044,18.002503598417025,17.699222149984234,17.948068618774414,2081200
2015-04-02,17.96362192357101,17.994726990600213,17.745880521398785,17.846975326538086,1400300
2015-04-06,17.7614360842089,17.94807096014856,17.69922445889568,17.76921272277832,3688200
2015-04-07,17.745877851641207,17.769207760834735,17.51258469267287,17.58257293701172,2220400
2015-04-08,17.520367426157446,17.58257905574809,17.40371932283801,17.50481414794922,1828100
2015-04-09,17.473697288210854,17.613673743063607,17.38038064046993,17.481473922729492,1747700
2015-04-10,17.49702764512696,17.706992332846422,17.465921106246412,17.652557373046875,1460300
2015-04-13,17.652557787274095,17.808086035602155,17.605897977858373,17.784757614135742,1724800
2015-04-14,17.81586035665966,17.839190258337535,17.535907469490166,17.722543716430664,1791700
2015-04-15,17.738100839533065,17.932512295636098,17.64478417121896,17.831418991088867,1876000
2015-04-16,17.932511193717243,18.274675750740894,17.854746319406196,18.16580581665039,4012900
2015-04-17,18.08026543342949,18.134700403867377,17.870300704676172,17.97139549255371,1449000
2015-04-20,18.07248880501767,18.228018563400468,17.909183893633266,18.041383743286133,1625700
2015-04-21,18.080261206290956,18.134696164002033,17.862519892205295,18.010272979736328,1869400
2015-04-22,17.97917063688516,18.196910500568702,17.846970798259477,18.173582077026367,2290700
2015-04-23,18.173586263731526,18.50019761774088,18.064714823567126,18.3057861328125,3119500
2015-04-24,18.367998109386154,18.367998109386154,18.018056836345856,18.189138412475586,2685800
2015-04-27,18.1269207150493,18.18135567632033,17.955839196305863,18.095815658569336,2617700
2015-04-28,18.025828936143718,18.158028774541556,17.87029919100218,18.13469886779785,1967100
2015-04-29,18.11137196596307,18.22801854299876,18.018053814389496,18.07248878479004,2784200
2015-04-30,18.215290095185566,18.215290095185566,17.85828399658203,17.85828399658203,2022100
2015-05-01,17.921748004484538,18.07248468749018,17.921748004484538,17.94554901123047,1670600
2015-05-04,18.009018133953077,18.21528748769395,18.009018133953077,18.064552307128906,2152100
2015-05-05,18.128024265189723,18.310494165103766,18.072490079406585,18.104223251342773,2645500
2015-05-06,18.16769369604496,18.231161562150184,17.94555692127332,17.9852237701416,1754800
2015-05-07,17.93761636879062,18.03281737483695,17.81861284144365,17.8503475189209,2437500
2015-05-08,17.985215842614394,18.06455101857487,17.905880666653918,17.94554901123047,2624800
2015-05-11,17.96935272216797,18.0010874052773,17.897951198364957,17.96935272216797,1870100
2015-05-12,17.913813630871367,18.00108247231415,17.82654478942858,17.993148803710938,1715400
2015-05-13,18.001084464471855,18.1438874887484,17.985217125509408,18.064552307128906,2166000
2015-05-14,18.143891675357683,18.247026376025918,18.096289647486422,18.17562484741211,2194700
2015-05-15,18.175627708727472,18.270830266264262,18.096292496312365,18.254962921142578,2158200
2015-05-18,18.31049134819522,18.397760205682076,18.167688313468677,18.342226028442383,3556600
2015-05-19,18.366025525434914,18.516762230223247,18.27082451107911,18.342226028442383,3037300
2015-05-20,18.36602656742553,18.36602656742553,18.215289854085196,18.247024536132812,2040800
2015-05-21,18.215291867427446,18.262893895760342,18.128024508536658,18.231159210205078,2733600
2015-05-22,18.23115982443227,18.24702716774449,18.120091447633026,18.199426651000977,1554200
2015-05-26,18.167691066895912,18.239092595080535,18.048689024319238,18.191492080688477,2425200
2015-05-27,18.19942603784291,18.310494410900144,18.167691352287644,18.231159210205078,4007100
2015-05-28,18.1756230147186,18.247024536132812,18.128022504840096,18.247024536132812,1941200
2015-05-29,18.13596158594631,18.24702997986272,18.12802791306751,18.20736312866211,1807300
2015-06-01,18.239093320779993,18.278761678679263,18.112157601888594,18.143892288208008,1362900
2015-06-02,18.183555603027344,18.239089780112607,18.048686238737634,18.183555603027344,2387300
2015-06-03,18.286690522442917,18.41362621832611,18.254957355068548,18.39776039123535,3168500
2015-06-04,18.40569737348401,18.524699420639823,18.326362170982424,18.41362953186035,2241700
2015-06-05,18.485023196793215,18.492956864986642,18.334288040695522,18.445356369018555,2657300
2015-06-08,18.445358098716497,18.53262694383529,18.207354083364947,18.302555084228516,1820600
2015-06-09,18.286699720040264,18.302567068304622,17.92969346325392,18.12803077697754,1813600
2015-06-10,18.207359884731382,18.3184282588592,18.09628999741046,18.286693572998047,2205600
2015-06-11,18.286694766264176,18.50883304220816,18.286694766264176,18.492965698242188,1394400
2015-06-12,18.469159908514023,18.469159908514023,18.231154369622057,18.326356887817383,1321400
2015-06-15,18.15976248722307,18.270832402870152,18.135962979950726,18.223230361938477,2060400
2015-06-16,18.199425861347738,18.247026376025918,18.12802433273393,18.17562484741211,1531900
2015-06-17,18.239088389524067,18.247022058958915,17.98521702037982,18.080419540405273,2486300
2015-06-18,18.128027186555737,18.342231806118527,18.096292496312365,18.254962921142578,2513800
2015-06-19,18.278759218180433,18.310492387035122,18.135956175352003,18.247024536132812,1999800
2015-06-22,18.35808663716703,18.36602030497371,18.207351488417345,18.35015296936035,1376600
2015-06-23,18.350166028103516,18.540571164579244,18.33430019439178,18.46916961669922,2142200
2015-06-24,18.429492631811566,18.477094650268555,18.302556942311828,18.477094650268555,2656200
2015-06-25,18.485029832349415,18.56436502957011,18.37396146415626,18.453296661376953,5225000
2015-06-26,18.508825831337443,18.540560506905845,18.215286135100197,18.318422317504883,1691800
2015-06-29,18.12802004382164,18.270823067263457,17.95348234264043,18.080419540405273,2760400
2015-06-30,18.247032862572986,18.247032862572986,17.969360320721197,18.12803077697754,1479500
2015-07-01,18.310491269318284,18.318424939345896,18.159754565179284,18.270824432373047,1462900
2015-07-02,18.30256082951902,18.461231231689453,18.191492455915576,18.461231231689453,1700400
2015-07-06,18.32635718347506,18.461226537065205,18.254955671974827,18.366024017333984,1585700
2015-07-07,18.42949550756436,18.46123019148759,18.048688379643696,18.31049346923828,2220000
2015-07-08,18.215284159835406,18.239085163930724,17.731342515436832,17.786876678466797,2416800
2015-07-09,17.93761791222097,18.09628677368164,17.86621639494617,18.09628677368164,1459300
2015-07-10,18.286688731425762,18.453292761700617,18.20735506416343,18.38189125061035,2218100
2015-07-13,18.42949407830386,18.691299147594705,18.405694580400173,18.65163230895996,2350300
2015-07-14,18.651631932772634,18.89756965637207,18.61196358174507,18.89756965637207,2958700
2015-07-15,18.897573377259125,19.13557899070865,18.834105516311215,19.072111129760742,2909800
2015-07-16,19.159379060796773,19.191113748808082,18.984842816314206,19.151445388793945,2200500
2015-07-17,19.151446286731638,19.159379959106445,19.040377899870908,19.159379959106445,1263200
2015-07-20,19.191110129714282,19.199043800220963,18.802369354044437,18.8499698638916,1892100
2015-07-21,18.90550540418357,19.230778352390892,18.84997121983496,19.199045181274414,2291800
2015-07-22,19.15144128289679,19.30217799224749,19.01657191414993,19.111774444580078,2247700
2015-07-23,19.357719995338346,19.66712720940054,19.183183717729197,19.25458526611328,4224400
2015-07-24,19.45291356844735,19.57191558965839,19.103839661461212,19.135574340820312,2961500
2015-07-27,19.00070566974954,19.008637826684495,18.65163175009029,18.8420352935791,3287600
2015-07-28,19.040374786112928,19.2863125367395,18.881704390951437,19.199045181274414,3464500
2015-07-29,19.294245877966016,19.595719320980304,19.262512707392045,19.51638412475586,3228700
2015-07-30,19.605167446290753,19.685879128284324,19.38724221016414,19.403385162353516,2040100
2015-07-31,19.435667770219602,19.524452459758145,19.258099930619036,19.29038429260254,1898100
2015-08-03,19.290385828041305,19.41952636520744,19.1773882428901,19.363027572631836,1932200
2015-08-04,19.379172596222578,19.467957302318855,19.250032045251707,19.322673797607422,1503100
2015-08-05,19.34688110137359,19.37109552499132,19.07245712494477,19.20966911315918,2948200
2015-08-06,19.314594972878695,19.363022276200354,18.596250738948584,18.7657470703125,2987400
2015-08-07,18.781893877390363,18.943318768125724,18.24111733750001,18.563968658447266,2824300
2015-08-10,18.717328218458675,18.83032582372329,18.580116180861534,18.781898498535156,2375500
2015-08-11,18.43483135923138,18.563971910231366,18.32990369937089,18.386404037475586,1927400
2015-08-12,18.2169100788091,18.321837761574976,17.676133326142995,18.273408889770508,3443200
2015-08-13,18.35411262512207,18.4186828812558,18.023189870002152,18.35411262512207,1810800
2015-08-14,18.402542749272882,18.49939891803765,18.249189329653824,18.450971603393555,1856200
2015-08-17,17.853697510027878,18.15233443400066,17.853697510027878,17.91019630432129,4749500
2015-08-18,17.87791067849394,17.87791067849394,17.490489049166236,17.676128387451172,4233100
2015-08-19,17.595413408384978,17.668055149074103,17.28063355838314,17.353275299072266,3408400
2015-08-20,17.15956962643457,17.15956962643457,16.18294234310061,16.360511779785156,6836600
2015-08-21,16.094150671593912,16.174863869361474,15.480732523827138,15.779369354248047,7960400
2015-08-24,14.310398492933535,15.68251857099678,6.457032763635833,15.085243225097656,7070500
2015-08-25,15.739018515713374,15.948872280660089,15.246669238743133,15.254740715026855,5663600
2015-08-26,15.747084998826745,15.91658132861004,15.29509324659509,15.779369354248047,4871200
2015-08-27,16.14257965431041,16.74792639134705,15.95694035776017,16.417003631591797,4552700
2015-08-28,16.336295052524118,16.408936804701703,16.029586629589595,16.069942474365234,1889100
2015-08-31,16.005370736883624,16.045726577972594,15.40002388368912,15.408095359802246,2954200
2015-09-01,15.165961491647252,15.440384059145115,14.851179992777695,14.948036193847656,3758700
2015-09-02,15.262816153240124,15.278959109997965,14.697824982532376,14.948036193847656,3677800
2015-09-03,15.028747200914848,15.561452378806093,14.97224686067329,15.287028312683105,3926800
2015-09-04,15.149808558289969,15.27894904835567,14.899597511746103,15.125594139099121,2674400
2015-09-08,15.432313889871855,15.77937821812199,15.311243255472457,15.722879409790039,1800000
2015-09-09,15.981158087922275,16.134513072193236,15.125601537867919,15.262813568115234,2880800
2015-09-10,15.278951394624135,15.351593123875622,14.778530764166819,14.826959609985352,4059300
2015-09-11,14.810822359175633,14.988390243725892,14.730109124570278,14.931891441345215,2477200
2015-09-14,14.939959043537298,15.07717104493246,14.713962353158061,14.851174354553223,1167900
2015-09-15,14.883465353608548,15.287030020706025,14.794680634214453,15.246672630310059,1492800
2015-09-16,15.214384186975854,15.33545324681857,15.012601907412451,15.303167343139648,1465000
2015-09-17,15.31123406742196,15.916580718250902,15.206307991981113,15.706727027893066,2594400
2015-09-18,15.456520797058893,15.456520797058893,15.044884802215886,15.206311225891113,2129100
2015-09-21,15.27895296259732,15.383879060352688,15.052956277347295,15.206311225891113,2088400
2015-09-22,14.96417474937328,15.012602065926373,14.770462404207633,14.87539005279541,1806000
2015-09-23,14.915747258717904,14.948033165693147,14.415328016415849,14.520254135131836,3608500
2015-09-24,14.358828713172713,14.374970126615287,13.882622378390511,14.245829582214355,2774400
2015-09-25,14.447613134528826,14.552540798173025,14.035977036068903,14.084405899047852,2418000
2015-09-28,14.035977102602635,14.084405965811147,13.220776378981707,13.333775520324707,4072800
2015-09-29,13.398342144283081,13.446769454806981,12.889850765352788,13.018990516662598,4787400
2015-09-30,13.115849657285384,13.60819896782221,12.93021030853362,13.543628692626953,3066000
2015-10-01,13.567840564760367,13.947192250086864,13.479057405207154,13.850336074829102,3509300
2015-10-02,13.640481634467974,14.084403568112505,13.422556405559384,14.076332092285156,1837100
2015-10-05,14.18932927453932,14.74624877509911,14.124759009219096,14.738177299499512,2186700
2015-10-06,14.722034509039757,15.036814363478141,14.689750145765435,14.80274772644043,4527200
2015-10-07,14.923820839283572,15.400027257962135,14.891536467233955,15.028748512268066,2519000
2015-10-08,14.972241015997067,15.287022345126484,14.867314932604767,15.141738891601562,1447500
2015-10-09,15.254734876618539,15.295092242591272,15.004525365491991,15.069095611572266,1215100
2015-10-12,15.077170231613533,15.093313181371917,14.584821040317728,14.81081771850586,2015500
2015-10-13,14.641325523869648,14.802752005333028,14.391115863130727,14.447614669799805,1987500
2015-10-14,14.528324721923527,14.633250834212122,14.173187464334147,14.213544845581055,2292100
2015-10-15,14.286189079284668,14.383043732184314,14.060192323390577,14.286189079284668,4175000
2015-10-16,14.366896629333496,14.41532548127947,14.197400265952103,14.366896629333496,2838800
2015-10-19,14.36689599174127,14.36689599174127,13.8987612200412,13.906832695007324,3286200
2015-10-20,13.922978151359864,14.003691376074686,13.648554111015503,13.696981430053711,4148600
2015-10-21,13.753479060616048,13.955261312987927,13.721193161287868,13.76154899597168,1701000
2015-10-22,13.890691962607168,14.157046060581104,13.834193168301187,14.035975456237793,1915900
2015-10-23,14.23776077551933,14.528327824644872,14.181261969184256,14.358831405639648,2232100
2015-10-26,14.366896678693928,14.46375284344214,14.253899102718107,14.342683792114258,3010500
2015-10-27,14.278115649321897,14.40725619518145,13.914906901918947,14.205473899841309,1992400
2015-10-28,12.889852533543886,13.90683466117279,12.825282264162315,13.600126266479492,15275400
2015-10-29,13.317630451075843,14.504109700687382,13.027063475874398,13.963333129882812,11625700
2015-10-30,14.027904471014732,14.342685898058567,13.680840216775577,13.842265129089355,6755500
2015-11-02,13.98754495179684,15.16595404543064,13.963330528548934,14.794673919677734,8464000
2015-11-03,14.762392977533304,15.448451527406124,14.657465325321601,15.254740715026855,5826900
2015-11-04,15.419211176462927,15.452106246530551,14.769547659336785,15.172504425048828,6095400
2015-11-05,15.394543015774595,15.789276094530553,15.328754430735868,15.52612018585205,5082400
2015-11-06,15.534343886394577,15.698816132526321,15.19717719349573,15.61658000946045,5874700
2015-11-09,15.583686959040522,15.583686959040522,14.810669889155584,14.975140571594238,2569200
2015-11-10,14.975132166253148,15.246511698576317,14.605072162083173,14.835332870483398,2556500
2015-11-11,14.909346000621255,14.925793532820522,14.621522029749089,14.818887710571289,7652200
2015-11-12,14.794221473397538,14.97513968391286,14.687315614575652,14.720209121704102,3364700
2015-11-13,14.670865883292716,14.991584980330856,14.333699250887673,14.498169898986816,2940500
2015-11-16,14.39126926543734,14.637976111149575,14.27613961324148,14.514622688293457,2915300
2015-11-17,14.539290310861348,14.637972396695654,14.08699245046312,14.202123641967773,3367600
2015-11-18,14.292581732300354,14.539290080015988,14.218570953361457,14.374817848205566,3152900
2015-11-19,14.391263979429343,14.670865805082977,14.341922942114966,14.424159049987793,2230600
2015-11-20,14.47350159135496,14.547513939279366,14.31725312701194,14.35014820098877,2502000
2015-11-23,14.358374335574371,14.47350555751914,13.996537833816213,14.062326431274414,2619100
2015-11-24,13.98008562348626,14.062321734976146,13.88962574399505,14.004756927490234,2435000
2015-11-25,14.054099082946777,14.161004938406181,13.947191658963884,14.054099082946777,4867400
2015-11-27,14.062326431274414,14.144562570228137,13.938973007105773,14.062326431274414,687800
2015-11-30,14.062320099711624,14.095213599368474,13.856730629155965,13.906071662902832,2370200
2015-12-01,13.996532256391289,14.045873292692246,13.766271472781387,13.91429615020752,2724000
2015-12-02,13.906072147271297,13.955413182736784,13.593576831292237,13.63469409942627,2263200
2015-12-03,13.716931769342589,13.77449657870777,13.305752766993104,13.470223426818848,3543700
2015-12-04,13.470225900065001,13.675815438987703,13.281083900701804,13.429108619689941,3743800
2015-12-07,13.29753040976745,13.445555117284394,12.960363717544892,13.289306640625,4418500
2015-12-08,13.03437339906362,13.281080148664264,12.968584827935231,13.174174308776855,4219000
2015-12-09,13.149507783682646,13.42088593424556,12.911023930634574,12.943918228149414,4013700
2015-12-10,13.01792647260499,13.601801441117454,12.985032185503327,13.494894027709961,4542800
2015-12-11,13.239964375240525,13.363317763972507,12.466947400784168,12.499841690063477,6860500
2015-12-14,12.466944058434617,12.540956385536015,11.784387150684069,11.88306999206543,6583100
2015-12-15,12.006428341786698,12.672537950733414,11.948862742600621,12.524513244628906,5431700
2015-12-16,12.664311091589024,12.746547193639724,12.343592018966799,12.64786434173584,3875400
2015-12-17,12.730099753304968,13.059043379669435,12.721876770448596,12.960360527038574,3623000
2015-12-18,12.845231848853478,13.149504214338554,12.72187846272175,12.795890808105469,4412100
2015-12-21,12.86168091275808,13.223518130175632,12.837009605192355,13.03437614440918,3580200
2015-12-22,13.067266569752904,13.067266569752904,12.845229572942152,12.919241905212402,2712400
2015-12-23,13.009704073486716,13.346870747816764,12.952139261067952,13.313977241516113,3594900
2015-12-24,13.231738643338872,13.289303444969939,13.091937738582052,13.190621376037598,2753000
2015-12-28,13.124834686880677,13.141281440287004,12.911021402766083,12.993257522583008,4003900
2015-12-29,13.083712737550792,13.133054551625358,12.664310062832321,12.87812328338623,3852000
2015-12-30,12.647864627879192,12.935689423045162,12.639640860635751,12.837006568908691,2911600
2015-12-31,12.762996599675143,13.050821430544042,12.680760485563054,12.820561408996582,3330200
2016-01-04,12.582077098789826,13.05904465868443,12.508064756002442,12.976808547973633,2812400
2016-01-05,12.993256599138471,13.133057522334385,12.614971886536887,12.70543098449707,3559500
2016-01-06,12.434048189649692,12.664308123459481,12.253129278097012,12.450495719909668,4825200
2016-01-07,12.162672592568699,12.40115633813822,11.825505998928502,11.91596508026123,3450600
2016-01-08,12.072212015694905,12.10510629431009,11.619915096540012,11.644585609436035,4460900
2016-01-11,11.67748762245287,11.792618065991602,11.077166444047014,11.249861717224121,6110300
2016-01-12,11.348538805912774,11.496562689776557,10.814005717827616,11.134725570678711,5400800
2016-01-13,11.21696584237595,11.513014504441603,10.953810691833496,10.953810691833496,5186800
2016-01-14,11.00315044206581,11.677483769975197,10.452170503904135,11.471894264221191,7000800
2016-01-15,10.896244453131269,11.200516845635597,10.855126392682193,11.052492141723633,6909200
2016-01-19,11.101830946057952,11.36498520640822,10.830452919006348,10.830452919006348,6332000
2016-01-20,10.624868024010011,11.299201498142228,10.435725229886405,11.200518608093262,7605400
2016-01-21,11.200515168759273,12.129779745032483,11.175844649888063,11.817283630371094,6306400
2016-01-22,12.162671917897505,12.24490801219216,11.652810172350597,11.850175857543945,2614100
2016-01-25,11.817286590644692,11.866628425009075,10.970257910773931,11.019598960876465,3974100
2016-01-26,11.068940944790588,11.463672487991376,10.97025805899039,11.299201011657715,3271800
2016-01-27,11.216963012757118,11.307422107281164,10.707101164576569,11.011373519897461,5091700
2016-01-28,11.1100562393217,11.216962868343748,10.871572462045336,11.126502990722656,2428400
2016-01-29,11.159400305609761,11.389661161791992,11.044270661780525,11.208742141723633,2751300
2016-02-01,11.093611542369022,11.595250528778532,11.019599181471758,11.43900203704834,2758500
2016-02-02,11.258082475194893,11.258082475194893,10.953810060650364,11.003151893615723,3069600
2016-02-03,11.110054410905505,11.110054410905505,10.509732790464902,10.896241188049316,5025400
2016-02-04,10.855128565754736,11.26630768403531,10.822234267662767,11.21696662902832,3703800
2016-02-05,11.241632811793014,11.77616514526348,11.241632811793014,11.373209953308105,3251200
2016-02-08,11.192292969487113,11.208740507213909,10.460394794403548,10.633090019226074,4376100
2016-02-09,10.361711816037237,10.63308991169072,10.115004242462682,10.378158569335938,4672800
2016-02-10,10.50973505230774,10.526182588803282,9.596917951871207,9.629812240600586,7702300
2016-02-11,9.292643412142862,9.621586222519333,8.955476835441596,9.15284252166748,13051800
2016-02-12,9.235081135954058,9.835402959981398,9.185740088876733,9.818955421447754,5623000
2016-02-16,9.96697952751829,10.287699451142586,9.868296655078911,10.263028144836426,4687300
2016-02-17,10.032765972391136,10.378156344499459,9.991647921566509,10.361709594726562,6600100
2016-02-18,10.528296192112009,10.719870815446052,10.286745131102524,10.66989517211914,4090500
2016-02-19,10.586602015714126,10.86147045371622,10.486649928654144,10.678224563598633,2776800
2016-02-22,10.811494387272724,11.019728107776576,10.753189199723199,10.96142292022705,2408100
2016-02-23,10.853140331141596,10.986409773391145,10.653236167767268,10.836482048034668,2373200
2016-02-24,10.628249816636332,10.719872372274205,10.320063990201328,10.511638641357422,5375600
2016-02-25,10.494980459377985,10.586603015918838,9.94524273708691,10.211782455444336,8151500
2016-02-26,10.295074918286188,10.503308640055034,10.136817639255254,10.278416633605957,6365100
2016-02-29,10.328393418432615,10.728202621281245,10.328393418432615,10.69488525390625,3382300
2016-03-01,10.753186291581263,10.886455709565949,10.636575948018859,10.794833183288574,1989500
2016-03-02,10.79483842389693,10.911449618419374,10.611592488032741,10.644909858703613,3156300
2016-03-03,10.586605614545393,10.836486314314568,10.53662915685202,10.811497688293457,5968100
2016-03-04,10.811494353250819,11.302926059189238,10.803165608161812,11.177986145019531,4050800
2016-03-07,11.128011169064619,11.70273675641268,11.119682422878146,11.6194429397583,5446700
2016-03-08,11.502832589195377,11.569467325008418,11.111352920532227,11.111352920532227,1792400
2016-03-09,11.244623184204102,11.402880494320184,11.15300061459466,11.244623184204102,1904900
2016-03-10,11.286269566886437,11.486173779041561,11.136341010595729,11.47784423828125,2338700
2016-03-11,11.561138716436808,11.827677681175805,11.552809175201523,11.786030769348145,3605600
2016-03-14,11.744382550685122,11.894310294352891,11.636100917045349,11.752711296081543,2727100
2016-03-15,11.66108984808549,11.711066296947859,11.47784392805508,11.6194429397583,2661100
2016-03-16,11.552808429609193,12.052569750590111,11.552808429609193,11.952617645263672,3294400
2016-03-17,11.935958894342244,12.660612273784137,11.869324155613018,12.527342796325684,3043200
2016-03-18,12.544002924563227,12.593978585604585,12.244145780919835,12.31078052520752,3201700
2016-03-21,12.302450020513602,12.510683765253383,12.285790939647045,12.43571949005127,2943100
2016-03-22,12.385740280151367,12.460704538638696,12.1608482990379,12.385740280151367,1752900
2016-03-23,12.352425915373617,12.42739019203805,11.794359405036953,11.827676773071289,2236800
2016-03-24,11.702733814915455,11.702733814915455,11.25294906560294,11.57779312133789,2482200
2016-03-28,11.577792415965941,11.877649426804632,11.452852524348794,11.744379997253418,1902000
2016-03-29,11.661087771419727,12.002590929058393,11.452854061215804,11.969273567199707,1640100
2016-03-30,12.085885195805343,12.277459835275232,11.910968840731334,12.077555656433105,1924800
2016-03-31,12.010923942871809,12.23581600189209,11.994264859948709,12.23581600189209,1620700
2016-04-01,12.07755757833454,12.135862774521115,11.827676917844082,11.952617645263672,1217000
2016-04-04,11.869322674615043,11.95261648480794,11.619442038384998,11.661088943481445,1609700
2016-04-05,11.552807614617937,11.569466694838159,11.003070676929278,11.136340141296387,2978700
2016-04-06,11.153001219320306,11.227964710693291,10.919778820552768,11.219635963439941,2427600
2016-04-07,11.069705814199335,11.194645743028405,10.953094631436494,11.078035354614258,3339600
2016-04-08,11.227964003471726,11.377892565471685,10.861472933898087,10.869802474975586,2040400
2016-04-11,10.89478948640819,11.069705864167672,10.869801659399322,10.986412048339844,2649900
2016-04-12,11.011398068420577,11.078032787601913,10.82815219349765,11.061373710632324,3266100
2016-04-13,11.128011469835418,11.502832860562187,11.061376732450375,11.47784423828125,2831800
2016-04-14,11.46118923400407,11.46118923400407,11.061379900825393,11.41954231262207,2795800
2016-04-15,11.377893297741888,11.5694687831102,11.336246384022793,11.386222839355469,2129400
2016-04-18,11.36956228414387,11.677748929155849,11.327916170165388,11.6194429397583,1846500
2016-04-19,11.65275930523982,12.03590939906569,11.611112400494884,11.960945129394531,3300000
2016-04-20,12.027578306238624,12.360752706829794,11.969273123733297,12.33576488494873,2715600
2016-04-21,12.335764637392161,12.527339258549985,12.202494403221065,12.385740280151367,2876300
2016-04-22,12.402403716384525,12.5856488633716,12.335768973053078,12.444049835205078,2088000
2016-04-25,11.927630098741602,12.344097638997651,11.794360612955474,12.069229125976562,3546300
2016-04-26,12.09421443939209,12.4607054249728,12.077555361055042,12.09421443939209,2019500
2016-04-27,11.960944028147894,12.119202092738073,11.719392956085285,11.969273567199707,2214600
2016-04-28,11.910973086166223,12.060900876562366,11.57779854166049,11.594457626342773,2370000
2016-04-29,11.569468233884281,11.694408174761607,11.094694710983152,11.327917098999023,2401500
2016-05-02,11.327916146895818,11.444526536753962,11.194645881652832,11.194645881652832,3534400
2016-05-03,11.118778144183429,11.422247973266876,10.891176576289986,11.380099296569824,4023100
2016-05-04,11.346380252766771,11.548692931516108,11.034481338715096,11.287372589111328,3945100
2016-05-05,11.337951612550729,11.455967756851374,11.076631241203948,11.101920127868652,1791000
2016-05-06,11.009193674151925,11.346381509412035,11.00076377729062,11.101920127868652,1831600
2016-05-09,11.034482677008507,11.135639028651704,10.958615212296303,11.000763893127441,1780700
2016-05-10,11.000763984219702,11.169357905021082,10.950185406019676,10.95861530303955,3304500
2016-05-11,10.933322992560647,11.042909207748753,10.83216667175293,10.83216667175293,2595900
2016-05-12,10.840602723729704,10.958618909084711,10.638289952194972,10.94175910949707,2440200
2016-05-13,10.840598237188637,11.042911728912447,10.655145341993954,10.680434226989746,2295100
2016-05-16,10.714149828953028,11.026048664411524,10.714149828953028,10.967041015625,3438800
2016-05-17,10.924893213734096,11.380097064143058,10.908033424794993,11.068198204040527,2719600
2016-05-18,11.059768309570977,11.371667169673508,10.958611987693317,11.068198204040527,1917800
2016-05-19,11.026052488647379,11.042912282101929,10.537129733334206,10.806879997253418,5565400
2016-05-20,10.89117764453417,11.186217606432914,10.849028963703034,11.000763893127441,2978900
2016-05-23,10.874315601514239,11.127206830276696,10.874315601514239,11.009191513061523,2482000
2016-05-24,11.042914396724262,11.304234813956791,11.034484498382733,11.278945922851562,2861900
2016-05-25,11.287373771895073,11.55712403849417,11.287373771895073,11.439107894897461,4073100
2016-05-26,11.4391063908223,11.498114856821509,11.312661170959473,11.312661170959473,1977300
2016-05-27,11.27894222480607,11.447536116762697,11.177785889632093,11.396958351135254,1430400
2016-05-31,11.405389721806035,11.489687086588098,11.32109316094322,11.388530731201172,1797300
2016-06-01,11.287372383529227,11.531833733545303,11.203075033626122,11.48968505859375,1647100
2016-06-02,11.380099469768245,11.548693375203202,11.380099469768245,11.514974594116211,1467300
2016-06-03,11.4053913219532,11.455969908702334,11.312664850819043,11.41382122039795,1960200
2016-06-06,11.413816305520568,11.877450069385798,11.380097530180498,11.835301399230957,2279500
2016-06-07,11.860591888427734,12.062905371827283,11.852162796388727,11.860591888427734,3621400
2016-06-08,11.835301862329972,11.987036759256974,11.700426755692213,11.725715637207031,2105800
2016-06-09,11.649850617871362,11.675140308578419,11.413819132040006,11.498116493225098,2151900
2016-06-10,11.321090193593301,11.363238061017784,11.17778519337675,11.270511627197266,3163500
2016-06-13,11.152495478074707,11.312660267963368,11.000761387134812,11.051339149475098,2745900
2016-06-14,10.983902192129614,11.144066990695222,10.697292176944067,10.72258186340332,2727100
2016-06-15,10.79001860976061,10.941752697534413,10.663572598710251,10.697291374206543,3858800
2016-06-16,10.604562903859128,10.638281672873033,10.258945320486879,10.461257934570312,2842600
2016-06-17,10.494981396027475,10.663575316477546,10.444403621852066,10.503411293029785,2191300
2016-06-20,10.663576579544376,10.958616578217972,10.638287689461283,10.773162841796875,2585300
2016-06-21,10.832170610908706,11.068202111960375,10.773162132706338,11.026053428649902,2248500
2016-06-22,11.042908452018485,11.203072414690013,10.95861112182152,10.967041015625,2110900
2016-06-23,11.144067462519503,11.30423146394715,11.076629903611114,11.169356346130371,2662100
2016-06-24,10.494981116639096,10.882747525311089,10.410684560617742,10.46969223022461,4347400
2016-06-27,10.29266415807998,10.29266415807998,10.031343093541901,10.098780632019043,4007600
2016-06-28,10.45283091587916,10.537128263555237,10.031345785336951,10.124073028564453,2318000
2016-06-29,10.292668754572427,10.553989935811126,10.16622351443968,10.520270347595215,1909400
2016-06-30,10.49498055242853,10.62142658554162,10.326386645530235,10.402254104614258,1903900
2016-07-01,10.326386645530235,10.49498055242853,10.326386645530235,10.402254104614258,1595300
2016-07-05,10.292667800741611,10.343246374459087,10.073495321164483,10.16622257232666,3207100
2016-07-06,10.107212652543847,10.149361323942685,9.80374366552648,10.115642547607422,3974600
2016-07-07,10.199942959123202,10.360106993922315,10.107215693364356,10.191513061523438,3116400
2016-07-08,10.326388264843882,10.427544624845508,10.258950691509465,10.368536949157715,3093300
2016-07-11,10.385395210408491,10.545560038757149,10.334817435923085,10.520270347595215,3443600
2016-07-12,10.638286494593213,10.672005278889893,10.419113994705171,10.520270347595215,4814900
2016-07-13,10.478120955817499,10.528698722993171,10.242088695933969,10.452831268310547,3177000
2016-07-14,10.553991072192973,10.655147435974843,10.537131276269669,10.596138954162598,2066400
2016-07-15,10.596134452615944,10.899604218958075,10.587705362154532,10.83216667175293,2264700
2016-07-18,10.832167612133137,11.068199047841901,10.832167612133137,10.891175270080566,1934800
2016-07-19,10.983901827441938,11.026050499555524,10.84902671981371,11.009191513061523,2655500
2016-07-20,10.992333290951988,11.557123487664516,10.95861450923419,11.531834602355957,7604500
2016-07-21,11.531835348309045,11.717288257793644,11.430678996612203,11.675140380859375,2626300
2016-07-22,11.675136977682522,11.902738501677213,11.540261077482384,11.885879516601562,3044900
2016-07-25,12.01233112188684,12.01233112188684,11.666713302445622,11.734150886535645,3919200
2016-07-26,11.82687322258682,12.214639597290606,11.514974304399727,12.19778060913086,5613700
2016-07-27,12.223068921303017,12.585546394844046,12.0544750279999,12.408522605895996,4972800
2016-07-28,12.349514808462066,12.416952369431973,12.155632021653368,12.374804496765137,2893600
2016-07-29,12.30736507169007,12.383231713350904,12.130341299976752,12.172489166259766,1930800
2016-08-01,12.18935032695355,12.585546585145956,12.18935032695355,12.265217781066895,3257100
2016-08-02,12.290507069864868,12.40852320281382,11.801584353806417,11.919600486755371,2519400
2016-08-03,11.88549544519089,12.328857228425417,11.876969882528648,12.158333778381348,3787200
2016-08-04,12.175386089409892,12.448224430949592,12.166860526486756,12.354435920715332,1820900
2016-08-05,12.431170549630982,12.576115676717317,12.362961173722107,12.473801612854004,1942000
2016-08-08,12.533485942578348,12.78927153592076,12.516434003352847,12.669904708862305,3171900
2016-08-09,12.559061845770547,12.772216330428863,12.559061845770547,12.678428649902344,1356500
2016-08-10,12.627273115208922,12.66137780316336,12.362961173722107,12.473801612854004,1693500
2016-08-11,12.490853046460742,12.678429229204333,12.490853046460742,12.627272605895996,1424800
2016-08-12,12.58464502663076,12.67843273739418,12.533487576047017,12.601696968078613,1194900
2016-08-15,12.618748581423045,12.848955055430078,12.618748581423045,12.721062660217285,1946800
2016-08-16,12.69548616685064,12.831904958165817,12.576119317889793,12.593172073364258,1686200
2016-08-17,12.610221412206007,12.635799727016657,12.397066891503998,12.516433715820312,1275200
2016-08-18,12.499380224932528,12.848953488118676,12.499380224932528,12.831901550292969,1705000
2016-08-19,12.83190025850963,12.934214314523707,12.738111763990183,12.866004943847656,1577000
2016-08-22,12.78926919855714,12.88305687995675,12.644324082590572,12.866004943847656,1974800
2016-08-23,12.891584279061853,12.900110654353908,12.738112776284481,12.763691902160645,1992300
2016-08-24,12.721064667140284,12.823378762075981,12.601697816488567,12.61875057220459,1033800
2016-08-25,12.576116721418485,12.678430793781052,12.456749897102172,12.516433715820312,1147400
2016-08-26,12.516434081090372,12.68695754000441,12.414120005741948,12.422645568847656,1281500
2016-08-29,12.422647947071065,12.669907213112364,12.4141223823332,12.61875057220459,850900
2016-08-30,12.576117010322081,12.721062152778781,12.576117010322081,12.669904708862305,826000
2016-08-31,12.661379489111647,12.79779825909448,12.465276897421322,12.780745506286621,1152200
2016-09-01,12.780746825441573,12.883060913488967,12.524961198763044,12.601696968078613,864900
2016-09-02,12.627276950062601,12.77222130804806,12.610224194346578,12.61875057220459,842900
2016-09-06,12.627270889210914,12.780741551391362,12.431168358202902,12.652849197387695,1453300
2016-09-07,12.64432621427271,12.891585427938299,12.533485764957792,12.789271354675293,1868500
2016-09-08,12.866008503085236,13.15589881521329,12.797799113539819,13.028005599975586,1559500
2016-09-09,12.959796059039926,13.002427130287831,12.542013349674571,12.567591667175293,1768600
2016-09-12,12.465274585301671,12.738112074660112,12.294751154452646,12.686955451965332,1437100
2016-09-13,12.542011144926251,12.567589457930584,12.32033026390226,12.414118766784668,1574200
2016-09-14,12.448224675314348,12.533485998059247,12.286226779795056,12.337384223937988,1031700
2016-09-15,12.33738518342869,12.746641515920453,12.311806052807915,12.567591667175293,1252900
2016-09-16,12.431171035017355,12.516433164792536,12.18391183441325,12.235069274902344,1805500
2016-09-19,12.243597879325831,12.431174123562895,12.149810163767366,12.260650634765625,1374900
2016-09-20,12.388543048083545,12.39706942580344,12.218019559286274,12.260650634765625,1152200
2016-09-21,12.32032905025388,12.439695854382064,12.141279250621519,12.286224365234375,1458500
2016-09-22,12.397067517651776,12.448224962976889,12.235070431508928,12.34591007232666,1311900
2016-09-23,12.243594410327661,12.371487600529521,12.16685947195043,12.226542472839355,1061500
2016-09-26,12.149806530181658,12.149806530181658,11.894020966922277,11.99633502960205,1621700
2016-09-27,11.928124329800962,12.04749112956433,11.859914962256122,11.94517707824707,1286100
2016-09-28,11.96222938256435,12.081596186009747,11.911072761887628,12.056017875671387,1003800
2016-09-29,12.038966333972533,12.20096421297364,11.970756957483616,11.979283332824707,1364500
2016-09-30,11.97928395255509,12.243595096843409,11.970757576772899,12.158333778381348,5548300
2016-10-03,12.141279548862869,12.286224667036192,12.124227612494163,12.166858673095703,1314000
2016-10-04,12.226541680514398,12.243593616897675,12.064543812714081,12.10717487335205,1552900
2016-10-05,12.132756567324488,12.294754480292829,12.124231003315689,12.243597030639648,1254200
2016-10-06,12.243595096843409,12.286226162634414,12.09012439836372,12.158333778381348,1332000
2016-10-07,12.15833440821265,12.209491039315933,12.05602033288609,12.132755279541016,1062100
2016-10-10,12.14980596012606,12.354434075884681,12.14980596012606,12.252120018005371,1295200
2016-10-11,12.252119649900159,12.260646024413896,12.098648161132196,12.141279220581055,2352000
2016-10-12,12.124228374090372,12.149806686810084,11.911073870813002,11.936652183532715,4329100
2016-10-13,11.859917002046407,11.885495315994993,11.672340802476919,11.740550994873047,9175700
2016-10-14,11.868442514445897,11.953704638899284,11.672339953451063,11.72349739074707,1284900
2016-10-17,11.757603540593527,11.80876098425371,11.621184774993019,11.629711151123047,1376300
2016-10-18,11.766128265132561,11.834337638358384,11.68086614204035,11.697918891906738,1448800
2016-10-19,11.697919435381845,11.851390125710127,11.680866684723199,11.834338188171387,1510800
2016-10-20,11.834338614597822,11.928126307240104,11.79170754953499,11.842864990234375,3612700
2016-10-21,11.7661314611257,12.090126478513927,11.7661314611257,11.953707695007324,1598000
2016-10-24,12.056020592551041,12.473803279079442,12.056020592551041,12.34591007232666,2632700
2016-10-25,12.524957582818866,12.848952507991942,12.439696273954281,12.686955451965332,7098900
2016-10-26,12.593167343910913,12.908635883630843,12.567588220305637,12.678428649902344,2367500
2016-10-27,12.704008947440542,12.772218328150348,12.55053824740346,12.576116561889648,1924200
2016-10-28,12.516432745381582,12.635798747323104,12.294751865890325,12.371487617492676,1980000
2016-10-31,12.303277962304238,12.439696711784885,12.090123462960753,12.098649024963379,1961600
2016-11-01,12.183911217741583,12.36296103071116,11.953704779992062,11.99633502960205,2439500
2016-11-02,12.10845022059016,12.220565599411795,11.918716439317182,12.14294719696045,3294900
2016-11-03,12.229193083294128,12.246441164522276,11.94459275200918,11.979089736938477,1884900
2016-11-04,11.918719064101904,12.004961935256746,11.754858595875271,11.763483047485352,1375300
2016-11-07,11.88421861992755,12.108449361664778,11.858346095103327,12.03945541381836,3517700
2016-11-08,11.910095767079884,12.073956239875793,11.823852893520144,11.979089736938477,2182800
2016-11-09,11.892843805765738,12.013583633212942,11.711734475831324,11.7376070022583,4406900
2016-11-10,11.815228997085796,12.306812083528104,11.76348392849589,12.289563179016113,10375700
2016-11-11,12.237815507149268,12.77251995459021,12.134324562556062,12.712149620056152,4682200
2016-11-14,12.720776358962253,13.13474021178887,12.7121519064101,13.048498153686523,5500900
2016-11-15,13.022621242692743,13.177857224104402,12.884632515643906,12.979499816894531,3780700
2016-11-16,12.867386655767376,12.93638061994257,12.72077427627686,12.729398727416992,3518900
2016-11-17,12.755267952398967,13.25547447425989,12.755267952398967,13.126111030578613,4167900
2016-11-18,13.151986661563889,13.479708395106165,13.151986661563889,13.281350135803223,4208600
2016-11-21,13.28135061914877,13.358969035506284,13.186484122752328,13.333096504211426,3059900
2016-11-22,13.358968829993938,13.410714714260543,13.229605353036813,13.315847396850586,2332400
2016-11-23,13.264101776445969,13.514205091176914,13.264101776445969,13.410714149475098,1811800
2016-11-25,13.393464628333755,13.747058868408203,13.384841000445562,13.747058868408203,1265500
2016-11-28,13.57458007825119,13.64357406722154,13.238234587639043,13.25548267364502,1499300
2016-11-29,13.238228607119565,13.246852234990119,13.057119262272286,13.16061019897461,1661000
2016-11-30,13.220980944676812,13.358968873203514,13.100241095979483,13.195108413696289,1701000
2016-12-01,13.298598646569785,13.617695919785206,13.264101666289006,13.514204978942871,3006800
2016-12-02,13.5487009898261,13.5487009898261,13.324470222808111,13.350342750549316,1268800
2016-12-05,13.410714038100537,13.557326409912065,13.376217057819758,13.514204978942871,1829100
2016-12-06,13.565948593792461,13.712560949994513,13.453834036671175,13.686688423156738,8538800
2016-12-07,13.68668759666351,14.152397163984798,13.67806314741412,14.09202766418457,4030900
2016-12-08,14.230017800423973,14.81646728205701,14.11790323243919,14.652606010437012,5193100
2016-12-09,14.669855823454277,15.152813572780904,14.497370090507554,14.773345947265625,5247900
2016-12-12,14.678480487509352,14.81646841788992,14.480123043205522,14.626733779907227,3143600
2016-12-13,14.661235307614577,14.738853743780005,14.462877812945727,14.531871795654297,2194300
2016-12-14,14.436997816054497,14.557736819055597,14.169646461575397,14.247264862060547,1805200
2016-12-15,13.88505023794624,14.574989948114766,13.88505023794624,14.359383583068848,3750400
2016-12-16,14.419753102090342,14.505995977097912,14.333511872028792,14.359383583068848,5213900
2016-12-19,14.316262968038075,14.402505843045645,14.230020093030502,14.359383583068848,1930000
2016-12-20,14.428375636047722,14.72160038512598,14.428375636047722,14.523242950439453,2158000
2016-12-21,14.497368105944101,14.600859860534188,14.324884041554803,14.333508491516113,1275400
2016-12-22,14.281760612834642,14.428372960183264,14.07477876568579,14.09202766418457,1425400
2016-12-23,14.066156609281355,14.066156609281355,13.77293268926008,13.859174728393555,2695200
2016-12-27,13.824677062962454,13.962664968504994,13.695312784661727,13.729809761047363,2077600
2016-12-28,13.68668938548885,13.75568334355585,13.445210532254345,13.462458610534668,1359000
2016-12-29,13.45383693850506,13.56595151980814,13.33309708309862,13.341721534729004,1638100
2016-12-30,13.333098442605207,13.341722895114982,13.195110492341065,13.27272891998291,1840200
2017-01-03,13.51420325855245,13.660815611699878,13.376215354995528,13.652191162109375,1514600
2017-01-04,13.764309863185638,14.359383046591876,13.738437330639186,14.126527786254883,3192300
2017-01-05,14.08340605382745,14.169648918760432,13.867799713967907,14.152400016784668,1635700
2017-01-06,14.17827463038656,14.497371120580965,14.1265279198583,14.428377151489258,2818200
2017-01-09,14.825094191639375,14.89408816298431,14.454250978805575,14.78197193145752,6670100
2017-01-10,14.850966339902197,15.006203191233807,14.695731133516665,14.75610065460205,3653500
2017-01-11,14.84233992580667,14.928582792363423,14.661231386488762,14.876837730407715,2774100
2017-01-12,14.954456899207544,14.997577512185371,14.66985657669443,14.859589576721191,2319300
2017-01-13,14.876838479890699,15.066571479917462,14.678481028279183,14.859589576721191,2577400
2017-01-17,14.712975519732339,14.825091732662878,14.53186699184636,14.652606010437012,3467500
2017-01-18,14.618112277604563,14.799220835530262,14.540493854223255,14.78197193145752,2414400
2017-01-19,14.781970477666185,14.79059492885435,14.609486388740487,14.69572925567627,1932700
2017-01-20,14.70435027635123,14.868211539136755,14.669854120733348,14.85096263885498,1576400
2017-01-23,14.825092315673828,14.963080240902725,14.764722804004414,14.825092315673828,3526000
2017-01-24,14.868214564423353,15.239057771209914,14.825093949890684,15.195937156677246,3477200
2017-01-25,15.308048843865352,15.402916151815589,15.092442522120768,15.256303787231445,2644600
2017-01-26,15.273553075775286,15.377044847763905,15.256305817898776,15.351171493530273,1645600
2017-01-27,15.351171141129885,15.351171141129885,15.24768101646289,15.299426078796387,1869500
2017-01-30,15.1700584655778,15.1700584655778,14.971701076577556,15.126937866210938,1372500
2017-01-31,14.954457486533911,15.16143939785926,14.833718449497296,14.97170639038086,2431100
2017-02-01,15.075199863258263,15.342552997276064,15.032079239034166,15.161442756652832,3277500
2017-02-02,15.057947912304586,15.187313048724294,14.963082229195118,15.144190788269043,2339200
2017-02-03,15.342551854743352,15.50641153054968,15.187314987182617,15.187314987182617,2164100
2017-02-06,15.101068085578538,15.161437596925925,15.006200770635035,15.066570281982422,1933900
2017-02-07,15.083817500589891,15.540903477557693,15.03207244591572,15.471909523010254,3501800
2017-02-08,15.471909338539486,15.868624161220842,15.394290934980853,15.842752456665039,4020500
2017-02-09,15.842753762488927,15.842753762488927,15.325298244429137,15.730637550354004,5065700
2017-02-10,15.70476517182155,15.851377550273819,15.609899499843623,15.670269012451172,4701800
2017-02-13,15.635770460191452,15.765135575243221,15.23905559920695,15.523655891418457,5091700
2017-02-14,15.195934625091958,15.58402502606959,15.178685724174091,15.532279968261719,3236400
2017-02-15,15.515034643717405,15.704767662712147,15.480538478875681,15.678895950317383,2190700
2017-02-16,15.644089634916295,15.696295802095428,15.513577536071214,15.67019271850586,5978900
2017-02-17,15.617984163112203,15.913812395584314,15.583180060679746,15.879008293151855,2947300
2017-02-21,15.783292636251256,15.966010785057248,15.783292636251256,15.896404266357422,2318900
2017-02-22,15.696295211326094,15.879011810921934,15.696295211326094,15.87031078338623,2582000
2017-02-23,15.861606604749351,15.896410707977909,15.704991459322812,15.826804161071777,2182600
2017-02-24,15.61799076817806,15.792006375281137,15.391768985347577,15.661494255065918,4035300
2017-02-27,15.513572056919,15.774596162419508,15.087231799507746,15.765896797180176,2952700
2017-02-28,15.557077821139337,15.78329952047276,15.557077821139337,15.687591552734375,2444000
2017-03-01,15.861612043055084,15.922517585036124,15.792005472283675,15.818108558654785,6489400
2017-03-02,15.818106133392916,15.870310638579491,15.722396490924778,15.739798545837402,2572000
2017-03-03,15.704994436012154,15.774600996111355,15.617987480551626,15.739798545837402,1504000
2017-03-06,15.635390443373195,15.835510788627198,15.609289016269488,15.696297645568848,2460400
2017-03-07,15.722394483650687,15.74849756268705,15.443968278800485,15.583181381225586,2551500
2017-03-08,15.670192718505861,15.748500309723184,15.56578204369897,15.67019271850586,2873100
2017-03-09,15.661490081681515,15.800703194087921,15.600584552447613,15.678892135620117,2931700
2017-03-10,15.783306980273341,15.879016652798848,15.6962999974885,15.844212532043457,2576000
2017-03-13,15.800694680813791,15.966010785057248,15.748490206676497,15.896404266357422,2850900
2017-03-14,15.826808846855263,15.905116442752767,15.75720227934098,15.887714385986328,2334600
2017-03-15,15.974729430896355,16.096540558117315,15.879019739764377,16.035634994506836,2077900
2017-03-16,16.044330089851844,16.087833573604925,15.896415921719232,15.966022491455078,1171800
2017-03-17,15.939920008138467,15.966023095108152,15.739801320025643,15.80070686340332,2729000
2017-03-20,15.74849622813203,15.913812395584314,15.74849622813203,15.879008293151855,2150900
2017-03-21,15.922519559606089,15.931220589475485,15.565785632719685,15.600589752197266,4734700
2017-03-22,15.591880204485806,15.948613936488622,15.426564046383012,15.852904319763184,3207000
2017-03-23,15.826807305259026,15.931216316584845,15.757200744524708,15.87031078338623,2444000
2017-03-24,15.861608875935838,15.922514405755749,15.731096789242999,15.809404373168945,2060600
2017-03-27,15.58318195095384,15.67889158470194,15.252551235493987,15.383063316345215,6646500
2017-03-28,15.313458444665235,15.661491251681218,15.313458444665235,15.53097915649414,4303900
2017-03-29,15.47007817403904,15.56578618690635,15.35696644126156,15.461377143859863,1607100
2017-03-30,15.365663525372577,16.044328769093447,15.365663525372577,15.983423233032227,3730800
2017-03-31,15.83550708425118,16.11393330523606,15.83550708425118,15.861608505249023,2556000
2017-04-03,15.80070007042065,15.852904562364856,15.5135728754012,15.609282493591309,1566100
2017-04-04,15.522280386970126,15.774603586431546,15.522280386970126,15.696297645568848,1786300
2017-04-05,15.765900191786475,15.809403665553168,15.322157789251385,15.383063316345215,3066100
2017-04-06,15.330858815914953,15.496173343869305,15.29605470926068,15.383063316345215,2339800
2017-04-07,15.278657067996951,15.383067758559607,15.16554700780973,15.18294906616211,2498500
2017-04-10,15.156840467034016,15.574479758311973,15.104635970512026,15.565778732299805,2022600
2017-04-11,15.513580595214052,15.600589231451908,15.40047052979103,15.557084083557129,2180000
2017-04-12,15.487473114206242,15.557079671545662,15.261253047516556,15.287354469299316,1790500
2017-04-13,15.226448635113723,15.339558666200611,14.99152588645111,15.02632999420166,1321900
2017-04-17,14.695695736611588,15.156840148251483,14.66089329284591,15.06113052368164,1764000
2017-04-18,14.930619977136791,15.008927558029736,14.721800314605995,14.826210975646973,2211900
2017-04-19,14.895816464493189,14.99152443242208,14.591287189416992,14.669594764709473,2489400
2017-04-20,14.713098201805925,15.035029528329547,14.69569614965848,14.982823371887207,2617000
2017-04-21,15.008927558029736,15.069833085490655,14.74790339475403,14.826210975646973,1362200
2017-04-24,15.087238098593405,15.130741581156403,14.930622906084242,15.017631530761719,1397800
2017-04-25,15.095938521708815,15.261254736012129,15.061134409412784,15.21774959564209,2212500
2017-04-26,15.243856368035898,15.617992367981408,15.235155337856721,15.461377143859863,3091300
2017-04-27,15.792009384264311,16.609888038096116,15.583189620221459,16.29665756225586,10718800
2017-04-28,16.696885999434325,16.792593959466217,16.314049180654056,16.51416778564453,3206400
2017-05-01,16.46196496450591,16.557674593807157,16.27054736545448,16.444562911987305,2743100
2017-05-02,16.314050375988902,16.401058976571047,16.20094035691783,16.305349349975586,1445600
2017-05-03,16.270548955784697,16.287949350452998,16.131335841130923,16.18354034423828,1197800
2017-05-04,16.245009330854025,16.37672528775396,15.999138316410683,16.025482177734375,1831200
2017-05-05,16.02547677559382,16.332815021330372,15.955228177270495,16.324033737182617,1978500
2017-05-08,16.332812991298717,16.499654019651683,16.25378311865039,16.455747604370117,1618200
2017-05-09,16.376722314105304,16.7104044641791,16.245006381122053,16.657716751098633,2664000
2017-05-10,16.552350709143475,16.70162926757601,16.48210207428461,16.534788131713867,2541400
2017-05-11,16.48209476459278,16.561124653117258,16.28013023830082,16.411846160888672,2315400
2017-05-12,16.33282385079294,16.40307248709241,15.990360283330872,16.12207794189453,2447000
2017-05-15,16.086943436007065,16.40306295304449,16.051819975702145,16.271347045898438,2194500
2017-05-16,16.2889165590051,16.411852922278996,16.253793080112214,16.35916519165039,1684400
2017-05-17,16.20110366368314,16.218664562057096,15.726924235543729,15.744486808776855,3135700
2017-05-18,15.656669519226652,16.007912472784867,15.463486313484264,15.928882598876953,2324600
2017-05-19,15.981577957257823,16.385507128719006,15.964015382448386,16.20110511779785,2294100
2017-05-22,16.297694745234473,16.666500415136273,16.280133846560442,16.54356575012207,3398700
2017-05-23,16.47331745547012,16.684063317444203,16.324038927214406,16.420631408691406,1582700
2017-05-24,16.490872736595367,16.499654019651683,16.288906576017155,16.455747604370117,917900
2017-05-25,16.464538978048086,16.508443745379076,16.245011791674113,16.35916519165039,1297500
2017-05-26,16.306472122921384,16.438188043126512,16.245004805149577,16.394283294677734,955000
2017-05-30,16.262566719481725,16.44696866537018,16.245004150866045,16.341596603393555,1084200
2017-05-31,16.288912281129562,16.359160895325815,16.034261682740315,16.174758911132812,1209400
2017-06-01,16.174766650124752,16.499667693021742,16.165985359791332,16.473323822021484,1764800
2017-06-02,16.508436286858046,16.596247456706404,16.455750254892536,16.499656677246094,2396400
2017-06-05,16.48209624819385,16.517219715778058,16.183539236862703,16.245006561279297,2000000
2017-06-06,16.09572471979795,16.306470506203357,16.025476124329483,16.271347045898438,1373000
2017-06-07,16.288909996393922,16.429407205079823,16.23622396185142,16.28013038635254,1828900
2017-06-08,16.262570722147007,16.4381914269527,16.245008149208697,16.367942810058594,2377900
2017-06-09,16.420628596104233,16.80699510611546,16.420628596104233,16.648935317993164,3150800
2017-06-12,16.6313733216895,16.701621925667606,16.429407119750977,16.429407119750977,1914600
2017-06-13,16.508440051139903,16.815778378259562,16.508440051139903,16.780654907226562,2302300
2017-06-14,16.771871291149218,16.771871291149218,16.18353857804811,16.33281707763672,5055900
2017-06-15,16.1396358153539,16.499661893027476,16.1396358153539,16.183542251586914,1031800
2017-06-16,16.1835440684208,16.227448834723468,15.990359077026335,16.034265518188477,1480200
2017-06-19,16.20988355242753,17.86072861764861,16.183541366986887,16.54356575012207,5012900
2017-06-20,16.50843805668923,16.587467950539484,16.28891094596273,16.350379943847656,2842900
2017-06-21,16.341595707719996,16.49087418305395,16.192317232386046,16.288908004760742,2745900
2017-06-22,16.35916507800978,16.49966401718389,16.20110691180048,16.482101440429688,2321200
2017-06-23,16.53477886019054,16.53477886019054,16.245003194525776,16.271347045898438,2597100
2017-06-26,16.236223878483177,16.394283656157935,15.797169684879437,16.007915496826172,3429700
2017-06-27,16.38550313145489,16.56990677224986,15.955230202745174,15.981574058532715,3446300
2017-06-28,16.051822003523238,16.332816420895043,16.03425943372279,16.28013038635254,2352100
2017-06-29,16.359160895325815,16.376723467589645,15.937669210148318,16.174758911132812,2800800
2017-06-30,16.2274433294558,16.53478161388633,16.095727400373832,16.33281707763672,2093700
2017-07-03,16.359158600736873,16.569906088624567,16.262567816552092,16.28013038635254,1546800
2017-07-05,16.324039497813988,16.341602072307193,15.937671233259891,16.183542251586914,3677300
2017-07-06,16.13085673981829,16.18354279019207,15.999139101594833,16.086950302124023,2340100
2017-07-07,16.130849920458882,16.297689288587282,15.990351054092836,16.288908004760742,2203400
2017-07-10,16.32403889402204,16.67528199659798,16.262571560428654,16.561128616333008,2756100
2017-07-11,16.534782103628793,16.701623178665688,16.490877350920695,16.657716751098633,2144900
2017-07-12,16.76309107949536,16.83333969116211,16.63137514197759,16.83333969116211,4330600
2017-07-13,16.903591987463265,16.947496751253183,16.763094733504268,16.824562072753906,4980100
2017-07-14,16.886032392143864,17.06165482801712,16.807002463486867,16.903594970703125,2399600
2017-07-17,16.99139705474428,17.210924144147025,16.903585884011427,17.07042694091797,2685000
2017-07-18,17.04408492837999,17.079210070410937,16.675279311349836,16.798213958740234,3042700
2017-07-19,16.868460745774776,17.123112973414173,16.745526111664045,17.07042694091797,2964900
2017-07-20,17.123115110320516,17.24604975977307,16.929931850486646,16.956274032592773,3320700
2017-07-21,17.044089835787936,17.210930958754638,16.99140378243088,17.017745971679688,3120900
2017-07-24,17.07921020830788,17.096771104606184,16.850901807840245,16.947492599487305,4093100
2017-07-25,16.98261962556366,17.167021618592525,16.98261962556366,17.08799171447754,2637300
2017-07-26,17.123115110320516,17.167019863736716,16.956274032592773,16.956274032592773,2834300
2017-07-27,17.456802796442425,17.57973917149757,16.903594970703125,16.903594970703125,4573100
2017-07-28,16.912369132031728,17.044085065993336,16.561126083181122,16.947492599487305,2884800
2017-07-31,17.000185070466962,17.18458709464639,16.91237386496557,17.017745971679688,3138700
2017-08-01,17.052868243125964,17.351425286480545,17.052868243125964,17.08799171447754,2829100
2017-08-02,17.105549292449076,17.18457917348589,16.965052098352224,16.991395950317383,4108300
2017-08-03,17.044559619014354,17.336903872693686,17.044559619014354,17.186302185058594,3941500
2017-08-04,17.257166067894907,17.460920707996735,17.257166067894907,17.2926025390625,2859300
2017-08-07,17.328040110566715,17.434347851482485,17.23945060808761,17.274887084960938,3280100
2017-08-08,17.274884303478704,17.514075414748124,17.266025185686804,17.2926025390625,2935000
2017-08-09,17.283742908428167,17.283742908428167,16.831938052670953,16.93824577331543,3161900
2017-08-10,16.876233909648413,16.929388620992935,16.380135098361524,16.388994216918945,3416000
2017-08-11,16.344700123915324,16.43328792905198,16.078931639393144,16.247251510620117,3739100
2017-08-14,16.424429852774832,16.707914873325613,16.424429852774832,16.513017654418945,2906400
2017-08-15,16.566180779197012,16.601615579915862,16.202965200878257,16.353565216064453,3036600
2017-08-16,16.41557516596356,16.55731771450157,16.229537014942135,16.282690048217773,2328300
2017-08-17,16.27382997526326,16.31812388085081,15.919471971746106,15.972626686096191,3563500
2017-08-18,16.043490796403383,16.282680145527422,15.910605759474718,16.070066452026367,3505900
2017-08-21,16.043490796403383,16.238386259686823,15.990336105750544,16.070066452026367,2719100
2017-08-22,16.362416026038343,16.539595008734583,16.23839175197338,16.513017654418945,6146500
2017-08-23,16.44214109837399,16.53073056116108,16.318116864294147,16.451000213623047,2481800
2017-08-24,16.539596552985913,16.557314790850636,16.19409936314464,16.229534149169922,2500000
2017-08-25,16.309259062634688,16.459860654591537,16.17637570260302,16.33583641052246,2763400
2017-08-28,16.451004132299015,16.61046486535908,16.32697986867624,16.521875381469727,3325500
2017-08-29,16.273824288487923,16.397848532557,16.22952870867497,16.33583641052246,2814200
2017-08-30,16.335840452310418,16.920528732875287,16.335840452310418,16.78764533996582,5097300
2017-08-31,16.85851947835254,16.929390746003712,16.654763105364154,16.840801239013672,3461900
2017-09-01,16.92052623356557,16.955961011245527,16.787642860284137,16.814218521118164,3945800
2017-09-05,16.75220996628734,16.8142221077328,16.061213912243367,16.25611114501953,4180800
2017-09-06,16.3889949105441,16.415572267341183,16.078932506728105,16.229534149169922,3473700
2017-09-07,16.25611436688684,16.30926740013127,16.061217095483173,16.17638397216797,3467200
2017-09-08,16.158658872318497,16.256107466656324,16.01691638402916,16.087787628173828,2797700
2017-09-11,16.282688548617553,16.628187457350656,16.256112879279527,16.530738830566406,3465800
2017-09-12,16.601613117279697,16.805367837877068,16.53960095794177,16.61933135986328,3095900
2017-09-13,16.548455066446515,16.70791582198637,16.185239652029775,16.45986557006836,3562600
2017-09-14,16.424431033006037,16.690197836443932,16.38899455803878,16.566173553466797,2890700
2017-09-15,16.51301672961592,16.787644306385115,16.51301672961592,16.769926071166992,3418100
2017-09-18,16.876234541285683,17.053413539657292,16.716775470396225,16.77878761291504,3461000
2017-09-19,16.831936509370188,16.920525986833937,16.73448791518969,16.911666870117188,3348700
2017-09-20,16.885097290142426,17.124288482454308,16.849662496672803,17.053417205810547,3412300
2017-09-21,17.07113069186537,17.18629585069054,16.982541198313058,17.106565475463867,4077300
2017-09-22,16.991401787840438,17.514077986380578,16.973683549655032,17.478641510009766,4501400
2017-09-25,17.469787084729823,17.72669653833252,17.372340127936255,17.460927963256836,4600100
2017-09-26,17.48749830362736,17.655818164597278,17.45206352167283,17.540651321411133,4285500
2017-09-27,17.70011371925472,17.76212586075065,17.48749993853833,17.63810157775879,2354400
2017-09-28,17.638099770582148,17.762124040866645,17.56722851760473,17.70897102355957,1484300
2017-09-29,17.762121692777196,18.09876136719534,17.73554603248884,18.01017189025879,4749400
2017-10-02,18.010178406695054,18.081049675946165,17.708975089951746,17.921588897705078,8310400
2017-10-03,17.92158956136603,18.054472984919677,17.806424378207378,17.965885162353516,1324200
2017-10-04,17.94815941091126,18.116479244815455,17.895006401674454,18.0367488861084,1941800
2017-10-05,18.05447220493008,18.284804251000978,18.05447220493008,18.16077995300293,2580400
2017-10-06,18.116483800167686,18.22278984537173,17.921586567786733,17.983598709106445,1918700
2017-10-09,18.001319871682444,18.07219114323614,17.762128696549574,17.8950138092041,1908600
2017-10-10,17.94815965371931,18.001312663675183,17.824135400587693,17.939300537109375,1752900
2017-10-11,17.850710545226715,17.939300019064063,17.75326364473894,17.93044090270996,1441200
2017-10-12,17.957019484442384,17.957019484442384,17.717828395573235,17.74440574645996,1296000
2017-10-13,17.76212586075065,17.770984979493516,17.584948555005724,17.63810157775879,1829700
2017-10-16,17.98360163136792,18.143062414789835,17.87729556888958,17.8950138092041,2181600
2017-10-17,17.930445655566952,17.930445655566952,17.762125779629493,17.87729263305664,774500
2017-10-18,17.93930280179336,18.151916558161254,17.886149785127373,17.9127254486084,1603200
2017-10-19,17.832992586243865,18.213926146798983,17.80641692647731,18.0367488861084,2494400
2017-10-20,18.11647815189943,18.205065932048623,18.05446434020996,18.05446434020996,1363200
2017-10-23,18.072178450564365,18.187345242019028,17.974731576683354,18.045602798461914,3127400
2017-10-24,18.143056823386733,18.39110704223171,18.081044691101457,18.382247924804688,3197000
2017-10-25,18.3822481337821,18.39996636883757,17.815278129638163,18.17849349975586,3249200
2017-10-26,17.602666742470475,18.151918585334325,17.319180012616737,17.983598709106445,2486100
2017-10-27,17.957023711079408,18.063329760240528,17.71783256591061,18.027894973754883,1839400
2017-10-30,17.912726647310485,18.027893495781573,17.62038250152826,17.76212501525879,2899700
2017-10-31,17.66467809313408,17.77984325190112,17.64695985649175,17.76212501525879,1509000
2017-11-01,17.88615183344664,17.903868381228243,17.53179553225266,17.63810157775879,2674300
2017-11-02,17.638101061843113,17.850714836340533,16.9648232644159,17.629241943359375,5246500
2017-11-03,17.530957124183384,17.941977709408235,17.530957124183384,17.88836669921875,3149900
2017-11-06,17.834746664956985,17.95090579433353,17.763264779287795,17.933034896850586,1833900
2017-11-07,17.870492457576283,17.977716162197446,17.79007510517615,17.861557006835938,2997000
2017-11-08,17.682848444154715,17.781134967867217,17.53988297425354,17.656042098999023,1766700
2017-11-09,17.396924496915464,17.566694659316386,17.334378043468558,17.423730850219727,2048100
2017-11-10,17.352249550160984,17.361185001573684,17.119932926220084,17.209285736083984,1954700
2017-11-13,17.110997949377403,17.22715711670105,17.048451492016888,17.182479858398438,2237400
2017-11-14,17.128871436385168,17.2003533561884,17.021647704548617,17.155677795410156,2559700
2017-11-15,16.97696722625155,17.218219274805588,16.74465062811761,17.173542022705078,2200800
2017-11-16,17.23608988001111,17.4773402201643,17.23608988001111,17.46840476989746,2700100
2017-11-17,17.423729699437537,17.548822598069364,17.40585879841501,17.477340698242188,1258200
2017-11-20,17.468406401463795,17.495212754768055,17.325442592367136,17.423730850219727,1998800
2017-11-21,17.5130836569709,17.584565561519227,17.396924496915464,17.423730850219727,1975000
2017-11-22,17.42372989833402,17.468405447137393,17.3433125470776,17.441600799560547,2025800
2017-11-24,17.4147920650857,17.477338506558198,17.379051971785433,17.432662963867188,737400
2017-11-27,17.40585756464847,17.459470263915858,17.298635574639306,17.414793014526367,2729200
2017-11-28,17.414797368268147,17.557761193530204,17.24502718667074,17.53989028930664,2677900
2017-11-29,17.522024188193736,17.745405417704564,17.486282373425507,17.67392349243164,2338900
2017-11-30,17.700724869679,17.86155959780973,17.647113861723163,17.799013137817383,2185800
2017-12-01,17.781140326594716,17.843686779878528,17.423730804785066,17.763269424438477,1894900
2017-12-04,17.825817108154297,18.031327364699266,17.763268952270057,17.825817108154297,2220100
2017-12-05,17.81688780110865,17.87049882037598,17.423736349866576,17.49521827697754,1678600
2017-12-06,17.361185689327446,17.387990340364297,17.146739959716797,17.146739959716797,1270100
2017-12-07,17.102061038519114,17.647111613463668,17.07525639008774,17.566694259643555,3366700
2017-12-08,17.638175851116234,17.879427908316625,17.602435752417826,17.861557006835938,2710500
2017-12-11,17.870495377562396,18.04920101304332,17.843689020961286,18.031330108642578,1566600
2017-12-12,17.95091533264528,18.12962099390572,17.95091533264528,17.968786239624023,2485400
2017-12-13,17.941970238219124,17.986645777396536,17.7185891338069,17.816877365112305,1815000
2017-12-14,17.81689215166033,17.870503184018467,17.763279415038202,17.80795669555664,1515500
2017-12-15,17.790076329359085,17.986651146384595,17.700723520070003,17.95984649658203,2922600
2017-12-18,18.02239390082365,18.433414459228516,18.004522997172177,18.433414459228516,5607100
2017-12-19,18.478090562174813,18.73721183185516,18.388737753771462,18.558507919311523,4264900
2017-12-20,18.62105872487389,19.112496729526136,18.61212327151941,18.683605194091797,3268900
2017-12-21,18.764016239608445,19.032072932754836,18.728274438248718,18.89804458618164,2535700
2017-12-22,18.91591501375074,19.130360703756878,18.853368567198476,18.924850463867188,1934900
2017-12-26,18.95165790284881,18.978464257148584,18.710407531203256,18.755083084106445,1729200
2017-12-27,18.898044780661913,18.942722032821347,18.647858985620715,18.826562881469727,1783600
2017-12-28,18.853371893374,18.906982899268055,18.64786161722749,18.880176544189453,1974200
2017-12-29,18.871241567137513,18.906981667317062,18.656794149008064,18.817628860473633,980300
2018-01-02,18.817632085529972,19.33587640892543,18.710410062352057,19.21971893310547,3483200
2018-01-03,19.29119491536248,19.657539839669848,19.273324015576073,19.630733489990234,3079500
2018-01-04,19.65754270522408,19.7826356134386,19.4252260869235,19.64860725402832,1677600
2018-01-05,19.63073320752425,19.639668657288883,19.398416626432137,19.586057662963867,2047200
2018-01-08,19.559254447573093,19.729024611777167,19.273326826342895,19.684349060058594,1969400
2018-01-09,20.077500877554165,20.604680625810776,19.94347250351303,20.256206512451172,6937600
2018-01-10,20.345559863583258,20.83699781604606,20.220465234168703,20.417041778564453,2817900
2018-01-11,20.542129522025355,20.7744461131789,20.425972078580013,20.577871322631836,1666700
2018-01-12,20.685099336707893,20.819127719467925,20.55107095394786,20.6225528717041,1606700
2018-01-16,20.729776978760956,20.872740816882338,20.1311152675289,20.363431930541992,2150500
2018-01-17,20.443846431517848,20.595745713885798,20.265142496196503,20.417041778564453,1325100
2018-01-18,20.345563394921395,20.399174414396626,19.997087507673445,20.14898681640625,1953400
2018-01-19,20.014947643062413,20.354487893605203,19.907725661821388,20.345552444458008,2038300
2018-01-22,20.354489708422307,20.56893539428711,20.274072363190154,20.56893539428711,1542700
2018-01-23,20.560004751322424,21.230148315429688,20.533198395223376,21.230148315429688,3314900
2018-01-24,21.2658911143023,21.462467675414157,21.04250989795768,21.43566131591797,4308500
2018-01-25,21.4713954886193,21.846675866716385,21.274818997453362,21.81093406677246,4826300
2018-01-26,21.864550321155974,21.891356677561223,21.623299930561686,21.802003860473633,3747000
2018-01-29,21.667970657348633,21.73945255423329,21.36417216952313,21.667970657348633,4555400
2018-01-30,21.417787075309498,21.51607534056411,21.212276797289096,21.408851623535156,3887100
2018-01-31,21.453528676719774,21.542881489343365,21.203341142226343,21.516075134277344,3376100
2018-02-01,21.426719364737572,21.810935213012513,21.426719364737572,21.721582412719727,5113400
2018-02-02,21.56074824027741,21.58755459229962,20.88167103167753,20.979957580566406,3726100
2018-02-05,20.640425916050013,20.640425916050013,19.34481410516555,19.60393714904785,7425200
2018-02-06,19.067814522192045,19.81837529977557,18.692534133400283,19.7200870513916,5105400
2018-02-07,19.630739732543667,20.059632942491035,19.59499962586834,19.827316284179688,3483100
2018-02-08,19.827315693067497,20.032825987047953,18.83550262451172,18.83550262451172,4432200
2018-02-09,18.79081691642321,19.317996397448194,18.39766574149931,18.933780670166016,4659600
2018-02-12,18.97846964480783,19.30013917066912,18.69254193482606,19.237592697143555,3483100
2018-02-13,19.04994842547389,19.139301246149046,18.898049141605117,18.987401962280273,3525400
2018-02-14,18.98739455913567,19.309063906442717,18.906977222308907,19.29119300842285,4843200
2018-02-15,19.577126499732238,20.309816498231335,19.52351549366876,20.086435317993164,7793400
2018-02-16,20.08642704738546,20.221476642493855,19.897357957683464,20.014400482177734,2183800
2018-02-20,19.834341723472473,20.131451621406953,19.582247800248016,19.690288543701172,4285200
2018-02-21,19.771320793221538,20.203482133686528,19.636271125622972,19.708297729492188,1678800
2018-02-22,19.807329420378835,19.9153701546251,19.57324259388627,19.609256744384766,2171800
2018-02-23,19.708289675648224,19.825333932386318,19.600250672619666,19.771312713623047,2423300
2018-02-26,19.861347198486328,20.041414500792264,19.76231172774222,19.861347198486328,3790300
2018-02-27,19.816340794057552,19.888367406287095,19.384181120680307,19.393184661865234,3358100
2018-02-28,19.45619926041508,19.63626485395171,19.285135486893505,19.321147918701172,2551000
2018-03-01,19.321152577814217,19.699292647849937,19.204109999654154,19.294143676757812,3009100
2018-03-02,19.195108310087292,19.55524133595906,18.970024954261223,19.41118812561035,1629300
2018-03-05,19.21310924240994,19.816332511679573,19.18609863014443,19.789321899414062,1832000
2018-03-06,19.870352589862808,20.068426984335794,19.60925686612463,20.059423446655273,1787900
2018-03-07,19.861351176917392,20.05942559258006,19.74430860904806,19.978395462036133,1035700
2018-03-08,20.04141703838647,20.122447162959066,19.636266415523483,19.91537094116211,1274900
2018-03-09,20.077431035727557,20.482581690124285,20.059425675615024,20.44656753540039,1630500
2018-03-12,20.50959229514243,20.608627786081072,20.329524956118586,20.42856216430664,1635100
2018-03-13,20.482582406265767,20.563612539978205,20.140456510673953,20.18547248840332,1049300
2018-03-14,20.203477287531662,20.302512770815397,19.834340816589513,19.91537094116211,10216400
2018-03-15,19.96038591847732,19.978392993539806,19.546231778286174,19.591249465942383,2218800
2018-03-16,19.63627172378648,19.89736924404704,19.627268183372347,19.780324935913086,1080200
2018-03-19,19.663286559102207,19.681293643789598,19.348169446073303,19.483219146728516,1819500
2018-03-20,19.57324133600087,19.636264378073808,19.402177566624964,19.582244873046875,886900
2018-03-21,19.564243921412256,19.77132018652577,19.537235019071144,19.63627052307129,880500
2018-03-22,19.402175917473034,19.46520067143808,18.970016479492188,18.970016479492188,7330800
2018-03-23,18.979020240824315,19.03303974190024,18.546860797718963,18.555864334106445,4864700
2018-03-26,18.86198134214675,18.943011468021787,18.38480412502144,18.636898040771484,2626900
2018-03-27,18.60988578040205,18.744935405832567,18.150715680138966,18.339786529541016,1802300
2018-03-28,18.339788051288583,18.555867813356503,18.13271011004702,18.186731338500977,2450400
2018-03-29,18.24976073169511,18.3938139564823,18.069693342086172,18.276769638061523,1846800
2018-04-02,18.177730036813664,18.249756633031,17.763575820626855,17.907629013061523,12939200
2018-04-03,18.03367346251857,18.195731985679558,17.691545906708384,17.74556541442871,2256000
2018-04-04,17.5024734161699,18.159716072075355,17.439450383034973,18.09669303894043,2593600
2018-04-05,18.276763265805915,18.474837668766412,18.12370655317703,18.303773880004883,1817700
2018-04-06,18.033677855743772,18.249757656513964,17.880621115542016,18.015670776367188,2152400
2018-04-09,18.15072043719236,18.339791336147282,17.997663696990603,18.015670776367188,2069000
2018-04-10,18.186731932410556,18.43882413776419,18.123707163822793,18.37580108642578,964700
2018-04-11,18.222746749384832,18.51985668540335,18.186734308450553,18.213743209838867,2724200
2018-04-12,18.312774641040633,18.627891556578998,18.26775867478474,18.528854370117188,1515700
2018-04-13,18.609887305262653,18.69992096867658,18.249754368856244,18.303773880004883,1696100
2018-04-16,18.357793522547258,18.690917564388293,18.267761575738234,18.654903411865234,1389300
2018-04-17,18.762948091125768,18.970024359857323,18.71793210827097,18.888994216918945,1537300
2018-04-18,18.90699833250245,19.096067491547764,18.83497174087813,18.879987716674805,1271100
2018-04-19,18.87098181560097,19.105068638386946,18.75393926283257,19.04204559326172,1880800
2018-04-20,19.08707015437121,19.348165966380872,19.033048910024547,19.28514289855957,1820300
2018-04-23,19.34815833336107,19.447195525009104,19.12307505579673,19.186098098754883,2287400
2018-04-24,19.312146565975933,19.42018558126227,18.888988890565088,19.04204559326172,1539700
2018-04-25,18.952012641376786,19.042046302300633,18.663906300219875,18.681913375854492,1972200
2018-04-26,18.681912513777835,18.88898872227268,18.555866424650393,18.807958602905273,882900
2018-04-27,18.77195082132943,18.816966802242252,18.59188346317895,18.780954360961914,752800
2018-04-30,18.816965503988996,19.510222552613463,18.600885719466334,18.85297966003418,3875000
2018-05-01,18.798963671733485,19.4201942988687,18.735940598317583,19.26713752746582,3840800
2018-05-02,19.25811958807212,19.54622583243479,19.123070000683203,19.35715675354004,4789400
2018-05-03,20.923747170679484,20.968764869223634,19.834344624655216,19.933380126953125,11826800
2018-05-04,20.032416405885115,20.707666397094727,19.906370290379172,20.707666397094727,16582900
2018-05-07,20.707662222153175,20.707662222153175,20.113442487071325,20.338525772094727,11318900
2018-05-08,20.527601289574353,20.5456083701147,20.17647180528615,20.410558700561523,7031000
2018-05-09,20.464571195924393,20.680650936442067,20.401548152929546,20.599620819091797,6678000
2018-05-10,20.05042637282382,20.54560908414466,19.843350091162364,20.26650619506836,5705800
2018-05-11,20.266500046434533,20.520512306512583,19.77661962992335,19.985273361206055,3250300
2018-05-14,20.003411054720598,20.11227392080463,19.47724428433365,19.73125648498535,2573300
2018-05-15,19.713115623662482,19.91269728921374,19.540751841998734,19.595182418823242,2436700
2018-05-16,19.776621417325572,20.57494474668472,19.776621417325572,20.24835777282715,3631600
2018-05-17,20.239284166519344,20.683804329970233,20.184853585160475,20.602157592773438,3106900
2018-05-18,20.620301267678137,20.620301267678137,20.239283745458827,20.32093048095703,1787200
2018-05-21,20.41165215720292,20.774525627267533,20.34814951623126,20.5477294921875,1973500
2018-05-22,20.584017783304517,20.7291671718871,20.30278932889822,20.475154876708984,5888400
2018-05-23,20.402583436741086,20.475158142608436,20.048781961927432,20.221147537231445,3125300
2018-05-24,20.130430539047584,20.484232045791092,20.00342349457949,20.411657333374023,2638300
2018-05-25,20.311861661499737,20.54772985377167,20.257431072611514,20.375364303588867,1353500
2018-05-29,20.157642005588027,20.25743286933168,19.64054703949343,19.876415252685547,2827300
2018-05-30,19.958057962560684,20.248356710619934,19.89455532771235,20.094135284423828,1722500
2018-05-31,20.003418314023488,20.23021444788007,19.967131832371372,20.166711807250977,1130700
2018-06-01,20.275574479664932,20.57494530370005,20.275574479664932,20.384435653686523,1446500
2018-06-04,20.502367084478646,20.574941764782483,20.3300015698882,20.429792404174805,1134500
2018-06-05,20.366289138793945,20.438863816829976,20.202995680633673,20.366289138793945,1330900
2018-06-06,20.411653353103766,20.6293774478988,20.348150708411545,20.55680274963379,1363100
2018-06-07,20.62937517979215,20.638447232367504,20.330004366073787,20.39350700378418,1071400
2018-06-08,20.366292628689987,20.865243409396538,20.320932365696684,20.84709930419922,2236500
2018-06-11,20.738238899953163,21.246261752030453,20.729166847019282,21.101112365722656,2653100
2018-06-12,21.219041248995875,21.219041248995875,20.87431195967153,21.082963943481445,1574600
2018-06-13,21.146472596912485,21.71799986538751,21.146472596912485,21.436771392822266,3303800
2018-06-14,21.473057919914975,21.645423465309293,21.26440589304232,21.554704666137695,1981900
2018-06-15,21.4095595849939,21.917582540072836,21.22812195016409,21.690786361694336,3699100
2018-06-18,21.59098991919594,21.85407424879367,21.482128750637422,21.73613929748535,2542900
2018-06-19,21.572848882841154,21.999224991725356,21.47305803020812,21.93572235107422,3132200
2018-06-20,21.990151457210956,22.22601962825085,21.953864977990932,22.026439666748047,3041700
2018-06-21,22.07180188309878,22.307670093515362,21.7542869179104,22.289525985717773,3601500
2018-06-22,22.362095747924602,22.679610642989857,22.316737218765414,22.543533325195312,5731700
2018-06-25,22.498176492004834,22.53446470511216,22.099016529727685,22.262310028076172,3978000
2018-06-26,22.19880095865941,22.715897504136084,22.06272364893055,22.679609298706055,7870800
2018-06-27,22.75218218485876,22.770326286142808,22.507242008474318,22.53445816040039,9263300
2018-06-28,22.525391510619563,22.597966202840087,21.962936348172647,22.180662155151367,5477600
2018-06-29,22.398383955505533,22.679610642989857,22.27137695928925,22.543533325195312,5112600
2018-07-02,22.634250380316065,23.523290634155273,22.552603649829113,23.523290634155273,23224600
2018-07-03,23.586798087847274,24.44862409472242,23.43257664652174,24.203683853149414,18420900
2018-07-05,24.20368299832535,24.60284466712632,23.96781481813919,24.3579044342041,32439600
2018-07-06,24.27625922839516,24.720779458730593,24.23089896184017,24.530271530151367,14864100
2018-07-09,24.512126142967244,25.00200488394819,24.512126142967244,24.593772888183594,11919100
2018-07-10,24.64820250566905,24.657274558149375,23.777304501045936,23.840808868408203,11534600
2018-07-11,23.63215820589718,23.895242571206765,23.43257821623693,23.849884033203125,6477800
2018-07-12,23.95874937084463,24.131114959716797,23.59587581294344,24.131114959716797,4509500
2018-07-13,24.06760597229004,24.185539198715993,23.86802427020697,24.06760597229004,3551200
2018-07-16,24.076684358611022,24.203689671297035,23.904318769738854,24.131114959716797,3917600
2018-07-17,24.058535618302777,24.41233705288105,24.058535618302777,24.40326499938965,3315700
2018-07-18,23.786376737307,24.838710608715974,23.641227357134525,24.675418853759766,7242500
2018-07-19,24.557486283777376,24.657277141197746,24.176468691274554,24.54841423034668,6161800
2018-07-20,24.493981885014367,24.874999450216166,24.493981885014367,24.738922119140625,4327100
2018-07-23,24.666355637546364,24.94758244608601,24.666355637546364,24.802433013916016,3805600
2018-07-24,24.802423332617035,25.05643560492304,24.802423332617035,24.947572708129883,4241900
2018-07-25,24.929430278281643,25.27416136602024,24.893143797124356,25.165298461914062,7802000
2018-07-26,24.503057605270826,25.310451390106582,24.503057605270826,25.265092849731445,7650300
2018-07-27,25.301377795312376,25.35581011682892,25.056439269757114,25.09272575378418,5799700
2018-07-30,24.82056395977493,25.147149143765734,24.63912640064475,24.775203704833984,5386800
2018-07-31,24.893141189072278,25.00200235145592,24.829638555962322,24.838708877563477,3563100
2018-08-01,24.847780227661133,24.920354910639364,24.757063171676037,24.847780227661133,4773500
2018-08-02,24.657273942298954,24.82056742223212,24.611913681030273,24.611913681030273,2425400
2018-08-03,24.6758212510058,24.73972431845784,24.32891639736902,24.6027889251709,2929100
2018-08-06,24.593660516388923,24.630175809953816,24.201111098505006,24.319787979125977,3007100
2018-08-07,24.328916547386058,24.429336648988755,24.073304276001743,24.08243179321289,2692700
2018-08-08,24.10069207623825,24.246756739512627,23.845079786122152,23.86333656311035,2361400
2018-08-09,23.781167971789255,24.137202007287737,23.726394174492423,23.954620361328125,2133600
2018-08-10,23.717268503441446,23.717268503441446,23.342977639747073,23.489042282104492,3332400
2018-08-13,23.489045605063975,23.552948677482128,22.941302248121293,23.005207061767578,3368700
2018-08-14,23.050849864749942,23.342979168597818,22.996076055585466,23.224302291870117,4125700
2018-08-15,23.023455592174603,23.24255250822984,22.868261725648708,22.913908004760742,2238600
2018-08-16,23.142143778753013,23.251691411620268,23.096497480701466,23.160402297973633,1476800
2018-08-17,23.1147480696509,23.288200460281804,23.023457246096342,23.187780380249023,1661800
2018-08-20,23.096492260353216,23.58033246297103,23.069106228940402,23.324718475341797,3506400
2018-08-21,23.379491012198265,23.790297101579327,23.34297398670967,23.635103225708008,1989800
2018-08-22,23.635105383983635,24.07330102372326,23.388622404338076,23.927234649658203,2036500
2018-08-23,23.963751033327192,24.301526575937146,23.927234005487097,24.18284797668457,2015000
2018-08-24,24.319790256190025,24.456727408256967,24.191984104904318,24.365436553955078,1228700
2018-08-27,24.52062754581663,24.538884321506888,24.064175070227954,24.15546417236328,2836600
2018-08-28,24.20111089386815,24.456724911573232,23.945496876163066,24.027658462524414,1815500
2018-08-29,23.982009418146234,24.128074046264853,23.68075090499812,24.03678321838379,2147500
2018-08-30,23.963747017937933,24.000264039659196,23.69900383414107,23.790294647216797,2452600
2018-08-31,23.753785611969246,23.899850254802143,23.580333195644723,23.80855941772461,1755600
2018-09-04,23.73552788152925,23.835947979759435,23.48904313563405,23.699010848999023,2424700
2018-09-05,23.644237030840127,23.81768945282512,23.196913829912887,23.233430862426758,3174400
2018-09-06,23.215171102997697,23.534688155472146,22.941298597493372,22.977815628051758,2525200
2018-09-07,22.886526483698308,22.996075842238913,22.749591091443538,22.932172775268555,1389600
2018-09-10,23.17865273742791,24.566268476623225,23.17865273742791,24.055042266845703,15628700
2018-09-11,23.845073349992155,24.39281481881367,23.744653268135302,24.219364166259766,9540000
2018-09-12,24.10981936746156,24.64843342228378,23.963754716109232,24.529756546020508,5399000
2018-09-13,24.566270842589113,25.05924032684448,24.511497035858934,24.812755584716797,5494500
2018-09-14,24.849271625408107,25.205305732969126,24.849271625408107,25.123144149780273,4718400
2018-09-17,25.18704399139653,25.552205569241565,25.159656220097744,25.214431762695312,7216800
2018-09-18,25.20530272098926,25.45178569987365,24.767107082602834,25.26007652282715,6904400
2018-09-19,25.25095070650045,25.497435460200148,25.177918380355504,25.460918426513672,11983100
2018-09-20,25.470046212298442,26.09995107714603,25.451787696510884,25.5795955657959,13006200
2018-09-21,25.689140233898378,26.227754199306897,25.543075606793803,25.789560317993164,35684900
2018-09-24,25.69826949074588,25.935624945097743,25.50656032063151,25.789560317993164,13015500
2018-09-25,25.99953351076378,25.99953351076378,25.625242606847486,25.670888900756836,14615300
2018-09-26,25.716526577980403,25.753041862117243,25.360494286815083,25.56133270263672,3785500
2018-09-27,25.55220441696266,25.780430610477396,25.059236744409215,25.104881286621094,4477600
2018-09-28,24.967945029400767,25.013589569986788,24.70320181856453,24.894912719726562,4873500
2018-10-01,25.123139799996913,25.187042855584615,24.894913606482177,25.104881286621094,2730100
2018-10-02,25.187047216432052,25.21443499123766,24.93143320859696,25.123144149780273,2715700
2018-10-03,25.30572425918483,25.96301692905196,25.26920896709665,25.588726043701172,4433600
2018-10-04,25.45178362662547,25.71652683952743,25.040977534463032,25.28746223449707,5464900
2018-10-05,25.24181584939512,25.378751212890865,24.438460439986493,24.62104034423828,4580100
2018-10-08,24.456727929806508,24.557146304574648,23.899855273794866,24.064178466796875,5569400
2018-10-09,23.872456204862207,24.027650064722714,23.69900383414107,23.790294647216797,5854800
2018-10-10,23.525560510194143,23.66249590171746,22.247493953929872,22.29313850402832,10614600
2018-10-11,22.229236018984217,22.53962384321269,21.964492746048396,22.1379451751709,6648000
2018-10-12,22.53049282081651,22.67655746299134,22.06491112092377,22.357040405273438,6132500
2018-10-15,22.366172979463034,22.90478708030754,22.34791446117688,22.658302307128906,3366500
2018-10-16,22.886519547753828,23.525553506249004,22.795228733507738,23.416004180908203,3858600
2018-10-17,23.416009309582794,23.49817088627691,22.9778153946994,23.324718475341797,5374100
2018-10-18,23.233428701425325,23.260814732035538,22.457459244959963,22.5213623046875,2745500
2018-10-19,22.557878615516064,22.65829870891471,22.064910888671875,22.064910888671875,3379300
2018-10-22,22.183587035085015,22.37529795795685,21.791039414400416,21.82755470275879,5837500
2018-10-23,21.398488414026705,21.626714607781853,20.63164826371118,21.133745193481445,8665100
2018-10-24,21.015066721107328,21.270678924050095,20.08390350437358,20.193452835083008,6631000
2018-10-25,20.65903557984389,21.66323124318368,20.540358717836614,21.462392807006836,13643200
2018-10-26,21.234166853511265,21.40761926119551,20.777714432088995,20.94203758239746,5778500
2018-10-29,20.942042863069066,21.261559986878524,19.52703895512096,19.892202377319336,6300600
2018-10-30,19.919584357899474,21.161135561546775,19.89219832567236,21.124618530273438,4697400
2018-10-31,21.453263142902514,21.991877122809775,21.38936008447754,21.590198516845703,5980900
2018-11-01,21.736266710033874,22.493977760669907,21.53542824475219,22.43007469177246,5210200
2018-11-02,22.709933641990094,23.25130189710262,21.865766341656304,21.920820236206055,4544600
2018-11-05,21.92081971510561,22.241970634252993,21.774008166375097,22.021753311157227,2920900
2018-11-06,21.966697201486305,22.251144329684617,21.939169382577486,22.012575149536133,3555000
2018-11-07,22.17774532717162,22.838397431305285,21.939176074257006,22.700761795043945,5364300
2018-11-08,22.8475664264898,22.88427018506943,22.269496229912928,22.42548370361328,4314200
2018-11-09,22.18691634032888,22.361255707597284,21.636372167466124,21.829063415527344,2496900
2018-11-12,21.728133345227437,21.75565942074924,20.865614059527736,20.92984390258789,4013100
2018-11-13,21.094997736269423,21.4528505559165,20.874780481861134,20.98488998413086,6478100
2018-11-14,20.948195834265558,21.471212271959484,20.53528719917458,20.571990966796875,4739100
2018-11-15,20.434349847339423,20.6729190223799,20.05814508096484,20.461875915527344,5141300
2018-11-16,20.415997456402494,20.434349334821817,19.993914753546708,20.030616760253906,3930000
2018-11-19,19.966388280246353,20.021442169079634,19.324086493375646,19.360790252685547,8198900
2018-11-20,18.966236465914367,19.342441305213097,18.736843185847736,19.21398162841797,5574800
2018-11-21,19.415849509678623,20.260016955757347,19.39749762494968,19.948041915893555,3588800
2018-11-23,19.83792937393552,20.507757255514964,19.819577493585815,20.333417892456055,1480300
2018-11-26,20.553633451824066,20.86560839061267,20.45270161877939,20.81055450439453,3012100
2018-11-27,20.60868807991606,20.810555253535224,20.471052484350345,20.480228424072266,1595900
2018-11-28,20.645394739897355,21.159235185609006,20.20496007214451,21.10418128967285,3984900
2018-11-29,21.003241884856866,21.195933092584774,20.828904304211754,20.8656063079834,2514500
2018-11-30,20.82890773353385,21.379450131670364,20.737150083800564,21.030773162841797,7026400
2018-12-03,21.43450631196857,21.75565546893407,21.250991007875445,21.70060157775879,4588200
2018-12-04,21.544619356904747,21.700606878446624,20.287544992242637,20.370126724243164,4188100
2018-12-06,19.81957467148327,19.856276676825054,19.085515313202325,19.828750610351562,5531400
2018-12-07,19.746173777314002,20.058148775199825,19.241507515966077,19.26903533935547,4556600
2018-12-10,19.269038609578125,19.452553963055525,18.590034601923133,19.369972229003906,4445900
2018-12-11,19.681945122959853,19.755350906280103,18.892831639668216,19.18645477294922,4391300
2018-12-12,19.535131033518873,19.81957818838436,19.397493676202693,19.40666961669922,1835000
2018-12-13,19.498416529143075,19.59935006886518,18.892818791071914,19.07633399963379,4097500
2018-12-14,18.810245789163094,19.09469291837702,18.35145930650058,18.46156883239746,5411100
2018-12-17,18.30557937712704,18.57167459820418,18.039482405918545,18.16794204711914,5947600
2018-12-18,18.305586520491506,18.452398096334086,18.14959900239226,18.268882751464844,4747900
2018-12-19,18.213821835800555,18.452390992229482,17.571520126174107,17.755035400390625,4984800
2018-12-20,17.617400350162395,17.79173794077199,17.31460136368139,17.534818649291992,8232500
2018-12-21,17.525641934156486,18.057834121679793,17.369654478323895,17.45223617553711,5119300
2018-12-24,17.28707220878941,17.507289477356828,16.975097307452753,17.140260696411133,2603800
2018-12-26,17.149437844573516,18.039482919924854,16.79158322654038,18.00278091430664,5861000
2018-12-27,17.562347153456418,18.204648971557617,17.553171213182782,18.204648971557617,6766200
2018-12-28,18.351462210022788,18.434043929978433,17.76421597934424,18.021135330200195,5548100
2018-12-31,18.122066698323017,18.259702297904216,17.644928319652042,18.0119571685791,3189300
2019-01-02,17.718332057641334,18.259700204028338,17.47058870685704,18.00278091430664,2595900
2019-01-03,17.828447080385004,17.874325039108257,17.048509531166168,17.16779327392578,3965000
2019-01-04,17.479766293469947,18.47992108035396,17.443064280717408,18.35146141052246,6077300
2019-01-07,18.35145898338597,18.993760747857085,18.232175270051826,18.98458480834961,4546100
2019-01-08,19.186451674159724,19.48007476001788,19.05799201162969,19.388317108154297,4254300
2019-01-09,19.544307302660155,19.929688093845687,19.31491401624334,19.709470748901367,3598700
2019-01-10,19.425022623589168,19.73699761802666,19.32408902240886,19.3791446685791,2783100
2019-01-11,19.223156314424752,19.406669876416096,18.99376304933678,19.177276611328125,3045400
2019-01-14,19.012116726282763,19.31491582266691,18.975414707092103,19.04882049560547,2585900
2019-01-15,19.03046341942272,19.397492261863878,19.03046341942272,19.360790252685547,2317100
2019-01-16,19.865456186084526,20.581163795262032,19.856280245567053,20.416000366210938,6745300
2019-01-17,20.159079592532166,20.939017047209976,20.1499036518734,20.783029556274414,7132500
2019-01-18,20.89313839054576,21.021598055179606,20.663745132195803,20.939016342163086,5189600
2019-01-22,20.627040977524764,21.05830141508461,20.195782290096552,20.333417892456055,3819700
2019-01-23,20.397647834603287,20.60868920937898,20.14072850883519,20.45270347595215,2966400
2019-01-24,20.415997950197387,20.709621011482557,20.3150643665813,20.516931533813477,1896900
2019-01-25,20.74632337817263,21.067472486088125,20.645389801324118,20.94818878173828,2803300
2019-01-28,20.67291998612716,20.966543061363343,20.636216226656845,20.902313232421875,2458400
2019-01-29,20.87478729155464,21.003246960998975,20.571988249198895,20.60869026184082,2336100
2019-01-30,20.718797054125517,20.79220281981248,20.360944165167997,20.7004451751709,4613400
2019-01-31,20.55363621179817,21.021598682819803,20.452704365200212,20.599515914916992,5156400
2019-02-01,20.902318407983074,21.89329740734436,20.810560736719026,21.544618606567383,5706800
2019-02-04,21.69142545783531,21.829062809830702,21.269342712102233,21.75565528869629,3669100
2019-02-05,21.746483943625265,21.819889724231203,21.296871568515535,21.783185958862305,4762700
2019-02-06,21.654724907624463,21.829064281811508,21.232640383297685,21.324398040771484,3549600
2019-02-07,21.168408966608226,21.34274832777033,20.351769551379427,21.333572387695312,5748200
2019-02-08,21.153680049307393,21.37508773803711,20.895370199326777,21.37508773803711,4056400
2019-02-11,21.393535205901056,21.67951986893325,21.34740751212709,21.624168395996094,3647300
2019-02-12,21.661067990195892,21.974729257890356,21.661067990195892,21.78099822998047,4946300
2019-02-13,21.891697911762986,22.039302985216096,21.47655930252284,21.679515838623047,3430900
2019-02-14,21.633396222390918,21.790226878623386,21.375086388716333,21.57804298400879,6795700
2019-02-15,21.808676516007445,21.86402975519547,21.633396537354134,21.707199096679688,2862600
2019-02-19,21.64261761341175,21.919378495995552,21.328958095163326,21.86402702331543,4375000
2019-02-20,21.790228656819064,22.076213373430765,21.633397987788403,21.817903518676758,4614400
2019-02-21,21.81790572994408,21.873257218861323,21.578046931846547,21.827131271362305,3911500
2019-02-22,21.873254062530087,22.076212425259744,21.190579932420913,21.5411434173584,5078300
2019-02-25,21.614939272325437,21.873247276251938,20.978391280551282,21.024518966674805,5350800
2019-02-26,20.87691213067084,21.125996356963938,20.590927515070227,21.024518966674805,7008500
2019-02-27,21.02453147350722,21.061431884765625,20.609390849397954,21.061431884765625,5602800
2019-02-28,20.959946870271104,21.079877132732523,20.489454879767116,20.507905960083008,21589600
2019-03-01,20.72008614943391,21.15367769797678,20.72008614943391,20.812339782714844,4927100
2019-03-04,20.867696530956504,21.430440445468825,20.83079436759596,21.29206085205078,9179800
2019-03-05,21.28283123203357,21.33818270687344,21.033746955866665,21.098325729370117,4913300
2019-03-06,21.107550413001523,21.26438106475878,20.90459382350049,21.006072998046875,4505200
2019-03-07,21.00607528842457,21.00607528842457,20.67396286976428,20.95994758605957,4098000
2019-03-08,20.73853613098349,20.812338681785896,20.48022808297088,20.655508041381836,3520200
2019-03-11,20.756982757102463,21.2274745774144,20.71085683258984,21.181346893310547,2366200
2019-03-12,21.282834701393327,21.393539428710938,21.218257676954696,21.393539428710938,2896600
2019-03-13,21.458113559869112,22.03008292171208,21.356634386810125,21.9747314453125,3551800
2019-03-14,21.993185959827446,22.5190294667518,21.84558082664138,22.26994514465332,5826400
2019-03-15,22.343746409801263,22.389874110980124,22.103887642446846,22.288394927978516,2766000
2019-03-18,22.38064911589636,22.675859372264313,22.352972494514894,22.611282348632812,2510000
2019-03-19,22.712758502646032,22.712758502646032,22.196138863363153,22.334518432617188,4030100
2019-03-20,22.177685866728876,22.325290950734445,21.919376089923436,22.21458625793457,3031800
2019-03-21,22.122335829253945,22.786560562611964,22.048533276613238,22.62050437927246,1987300
2019-03-22,22.40832806356574,22.51903104140023,21.679526127854917,21.827131271362305,3757900
2019-03-25,21.799449834070863,21.808675373452207,21.37508558007929,21.734872817993164,3002100
2019-03-26,21.96550412178559,22.039306670854163,21.605716915025248,21.854801177978516,2242800
2019-03-27,21.85479889816837,22.177685676507878,21.384307037089325,21.421207427978516,1877100
2019-03-28,21.402761242450257,21.661069295225907,21.31050761234825,21.458112716674805,1926300
2019-03-29,21.679525070997787,21.771778721090648,21.356638175468778,21.670299530029297,2376500
2019-04-01,21.8824753059321,22.352967200434108,21.771772365808985,22.260713577270508,1780800
2019-04-02,21.910157152401503,22.039311199914664,21.36586258132186,21.448890686035156,4380100
2019-04-03,21.6241745670719,21.891708228942882,21.48579496544263,21.762554168701172,3445100
2019-04-04,21.77177757585265,21.87325500198407,21.596495825855577,21.817903518676758,2367100
2019-04-05,21.873255462829693,22.12233978234843,21.84558060038892,21.956283569335938,1837000
2019-04-08,21.891706082950485,21.937833785366518,21.716426092545337,21.817903518676758,1860700
2019-04-09,21.68874498666063,21.68874498666063,21.11677391210789,21.125999450683594,2387300
2019-04-10,21.153682851757747,21.310513538667287,21.05220365446565,21.2828369140625,2638700
2019-04-11,21.282837842520966,21.4488940782096,21.06143011480019,21.190584182739258,1102600
2019-04-12,21.48579163183239,21.707199312005322,21.448889472007657,21.531917572021484,1845000
2019-04-15,21.670297459392287,21.688748539566227,21.476566396341454,21.5411434173584,2374400
2019-04-16,21.60572361579457,22.03008796465274,21.587272532907143,22.011638641357422,3874300
2019-04-17,22.140787038545753,22.168463655796934,21.53191553575308,21.651844024658203,2880800
2019-04-18,21.81790670946985,22.12234255157065,21.670301559335655,21.91938591003418,5132100
2019-04-22,21.83635374428977,21.956282246689874,21.60572052001953,21.60572052001953,2361000
2019-04-23,21.624170567862343,22.05776037533648,21.245932238884702,21.93783187866211,3070200
2019-04-24,21.937835159633075,22.113115161018403,21.753327857594577,21.98396110534668,1820800
2019-04-25,22.140794127866243,22.316075907397675,21.80868165287874,22.242273330688477,2720000
2019-04-26,22.140791687936012,22.6850862910318,22.066989119359906,22.65740966796875,3173000
2019-04-29,22.68508393995067,22.96184310352975,22.592830298893695,22.88804054260254,3364900
2019-04-30,22.952622659315765,23.063327405080738,22.297625005615746,22.55593490600586,4546000
2019-05-01,22.758885420149927,23.35853141915772,22.72198326164273,22.73120880126953,3373000
2019-05-02,22.122332835299204,22.45444515703136,21.96550221221362,22.343740463256836,5261000
2019-05-03,22.399091566511252,22.768104244791658,22.30683795704334,22.758878707885742,2401500
2019-05-06,22.18691574497691,22.36219749027281,21.97473359832981,22.288394927978516,2755600
2019-05-07,22.140790250201704,22.316071999034868,21.836354454645107,22.057762145996094,3006300
2019-05-08,22.03008889283873,22.2422728357998,21.882483742704537,21.91938591003418,2215700
2019-05-09,21.688745877454775,22.140786728681014,21.319733117228417,22.066984176635742,3071000
2019-05-10,21.951066208364477,22.535314338682483,21.839779923675792,22.396207809448242,2179800
2019-05-13,21.913970644078454,22.025256931070437,21.45028102447697,21.598663330078125,4099100
2019-05-14,21.719218748233192,22.41475307821226,21.700670741579952,22.34056282043457,2402900
2019-05-15,22.108717801271105,22.68369185053267,22.015979537857394,22.451847076416016,2684100
2019-05-16,22.470397799866294,23.036099683139863,22.470397799866294,22.869171142578125,2555800
2019-05-17,22.637325870143687,22.989730952638567,22.609503857682906,22.87844467163086,2417000
2019-05-20,22.67442260962633,22.887719405452692,22.60023234286779,22.72079086303711,2187400
2019-05-21,22.730064586233205,23.184480185610923,22.692968568895203,23.156658172607422,4086400
2019-05-22,22.99899948940544,23.156653996992702,22.906263000453635,23.091737747192383,3327800
2019-05-23,22.767156975764134,22.859895242701455,22.27564716801637,22.2941951751709,3364800
2019-05-24,22.451844549339434,22.55385680449601,22.210727567972153,22.247821807861328,2266800
2019-05-28,22.247822347131226,22.27564435434878,21.7655848350375,21.83977508544922,4597500
2019-05-29,21.6357543513767,21.682122598883595,21.301897309054223,21.515195846557617,5013500
2019-05-30,21.61721073168396,21.978889857208337,21.524472449015256,21.682126998901367,2063300
2019-05-31,21.320450575193025,21.320450575193025,20.6434640891072,20.662012100219727,3515700
2019-06-03,20.569265568436325,21.088597289566348,20.41161107484605,21.070049285888672,2953900
2019-06-04,21.43173427474503,21.86760187003251,21.227709714913694,21.858327865600586,2310300
2019-06-05,21.997433183608955,22.080897450066676,21.617207867006183,21.9881591796875,2645600
2019-06-06,21.960337053903796,22.1736338193033,21.932515044524855,22.062349319458008,1509400
2019-06-07,22.117988829273177,22.340559570225615,22.025250578334237,22.219999313354492,1861800
2019-06-10,22.451844056284326,22.637320558162198,22.182905074279926,22.219999313354492,1349000
2019-06-11,22.479669940210222,22.544586196415754,22.127266648450785,22.2941951751709,1538000
2019-06-12,22.182909723923835,22.349838256835938,21.92324292063441,22.349838256835938,2180900
2019-06-13,22.507495744611866,22.85062509062897,22.35911520003653,22.54458999633789,2686600
2019-06-14,22.498216853383337,22.498216853383337,22.062349319458008,22.062349319458008,2282300
2019-06-17,22.053077107348937,22.322016144512688,21.81195831298828,21.81195831298828,3021000
2019-06-18,21.886151574539635,22.071626371041422,21.422461930031744,21.682126998901367,4568800
2019-06-19,21.747036857482204,22.52603530883789,21.747036857482204,22.52603530883789,3615800
2019-06-20,22.72078776287197,23.110287052417473,22.600229259152403,22.85062026977539,2983600
2019-06-21,22.794976714510167,22.9897272325512,22.377655439304483,22.804250717163086,3298600
2019-06-24,22.80425237375395,22.83207438373381,22.34056282043457,22.34056282043457,2371400
2019-06-25,22.34983357220301,22.776427050153096,21.98815457042466,22.219999313354492,3005100
2019-06-26,22.41474874822526,22.813521970060236,22.34983250631444,22.748605728149414,1775200
2019-06-27,22.896988997791425,23.16592799965491,22.776428732017852,23.091737747192383,1731800
2019-06-28,23.156658750461403,23.434873580932617,23.045374233341324,23.434873580932617,4803200
2019-07-01,23.74090716835989,24.056216228498034,23.592526642275516,24.000572204589844,4063700
2019-07-02,24.056217797250024,24.056217797250024,23.555432162431526,23.972753524780273,3352900
2019-07-03,23.91711195558583,24.111860751072655,23.870741931301662,24.10258674621582,2097500
2019-07-05,24.074763433481568,24.111859450908604,23.713086107745287,24.056217193603516,1676200
2019-07-08,23.87073850312542,24.04694103242896,23.444144953989312,23.555429458618164,5764200
2019-07-09,23.416321567426785,24.269510384399307,23.314309303482016,24.19532012939453,4843800
2019-07-10,24.325152391151224,24.584819165499106,24.000569365425168,24.306604385375977,4727900
2019-07-11,24.399343729265613,24.649736511848626,24.28805922734112,24.538450241088867,3863100
2019-07-12,24.55699933540563,24.90013039734774,24.399344810000127,24.8444881439209,3721700
2019-07-15,24.81666313130556,24.983591640232042,24.482806113452593,24.612640380859375,2657100
2019-07-16,24.57554539555776,24.60336740448435,24.148951871694635,24.15822410583496,2490500
2019-07-17,24.14895282657544,24.23241531898501,23.60179901123047,23.60179901123047,2741200
2019-07-18,23.555431372412627,23.722359911753557,23.369956593350278,23.592527389526367,2804500
2019-07-19,23.638895047439615,23.750181327145945,23.314311981201172,23.314311981201172,1870000
2019-07-22,23.379226815570398,24.529178483375848,23.30503655656701,24.241689682006836,5867000
2019-07-23,24.436436577687743,24.816661819551243,24.31587631924222,24.779565811157227,2854700
2019-07-24,24.612645437804385,25.38237012246444,24.42716888559224,25.30817985534668,4768900
2019-07-25,25.113424324145623,25.753316356807954,24.946495813987177,25.400911331176758,3869700
2019-07-26,25.44728001659497,25.49364825862604,25.02995876297514,25.317445755004883,2544300
2019-07-29,25.01141274116851,25.169067252939765,24.863032232305585,24.95577049255371,2753000
2019-07-30,24.742476450865706,25.048511505126953,24.659012184354875,25.048511505126953,1799500
2019-07-31,25.057781060746322,25.21543556185348,24.77956629882101,24.807388305664062,3928300
2019-08-01,24.66828623985523,24.733202498647064,23.397776000517254,23.824371337890625,3909400
2019-08-02,23.717208836739523,23.717208836739523,23.05554906100234,23.418994903564453,2203700
2019-08-05,22.869158566763744,22.869158566763744,22.272732707027956,22.7293701171875,3748300
2019-08-06,22.692096121122066,23.391031308975,22.692096121122066,23.381711959838867,2602700
2019-08-07,23.027583649529237,23.027583649529237,22.505712543763668,22.794605255126953,4039500
2019-08-08,23.213966669632896,23.521498073760526,23.09281868875767,23.474903106689453,3734200
2019-08-09,23.41898519574985,23.568092989270426,23.251242260821552,23.456262588500977,1652600
2019-08-12,23.09281904884121,23.13009466758249,22.664137879669923,22.803924560546875,1909000
2019-08-13,22.570950430556422,23.3630774751484,22.570950430556422,23.325801849365234,2452600
2019-08-14,22.710735585227738,23.07418132637218,22.52435215118824,22.65481948852539,2201800
2019-08-15,22.841204938623207,22.962352937202986,22.28205636463613,22.3472900390625,1865200
2019-08-16,22.337967772634308,22.943713018907914,22.337967772634308,22.803924560546875,1353600
2019-08-19,23.22328685514118,23.325797919371272,22.282053911029188,23.027584075927734,1405600
2019-08-20,23.21396437713873,23.409667129975546,22.943710395344123,23.232603073120117,1863100
2019-08-21,23.47490016893389,23.959493809274598,23.4096665122044,23.950176239013672,2668200
2019-08-22,24.04336437210324,24.173833453336094,23.8569827635307,23.922216415405273,3024500
2019-08-23,23.745157328971317,24.322944524268856,23.65196561650603,23.726518630981445,7021200
2019-08-26,23.84766519130514,23.96881315701936,23.279197421261586,23.950176239013672,3227700
2019-08-27,23.959499712099305,24.1365638079048,23.67060697077349,23.912904739379883,3243500
2019-08-28,23.763794817121813,24.024731243243266,23.549455133602752,23.93153953552246,2321500
2019-08-29,24.322945385648513,24.527965738345543,24.192476272583008,24.192476272583008,1898400
2019-08-30,24.397501132149,24.490692858340108,24.04337292811967,24.080650329589844,1295400
2019-09-03,23.801078508924494,23.894268463819202,23.223291190161255,23.549461364746094,2035300
2019-09-04,23.77311734151009,24.108606823129673,23.64264999976213,24.034053802490234,1784500
2019-09-05,24.52796301011822,25.012558456210876,24.43477130471826,24.938005447387695,2217300
2019-09-06,24.938003158096453,25.292129473127037,24.835492113818542,24.99391746520996,3334100
2019-09-09,25.198942746249255,25.21757966599237,24.78890029467263,25.105751037597656,2048100
2019-09-10,25.189625532007447,25.32941221808727,24.88209411163817,25.05915641784668,3022900
2019-09-11,25.09643585661679,25.357370551192506,24.807543111557546,25.348052978515625,2120700
2019-09-12,25.376004172936106,26.3358757176235,25.348047905531853,26.140172958374023,3628900
2019-09-13,26.652725968979247,26.736598324646963,26.112216219945044,26.214725494384766,3742700
2019-09-16,26.06562262019866,26.522260068589716,26.009708302177177,26.32655906677246,1818900
2019-09-17,26.30792228237316,26.69000674204043,26.158816238477847,26.615453720092773,1619700
2019-09-18,26.373157464610944,26.41975421692418,25.78605260533901,26.093584060668945,2866600
2019-09-19,26.764558134947702,27.435537069121334,26.71796316562304,26.876388549804688,3907200
2019-09-20,26.96958218505465,27.258474925889853,26.77387938950003,27.165283203125,3303000
2019-09-23,27.45417616832333,27.677837015780504,27.221197748249367,27.43553924560547,2189400
2019-09-24,27.566007667677564,27.910816524934557,27.146645784187218,27.26779556274414,3011700
2019-09-25,27.128004967939827,27.612598680176454,27.025493905022415,27.58464241027832,1552900
2019-09-26,27.426218209269607,27.556685547694585,27.211878502575946,27.388940811157227,1508200
2019-09-27,27.49144464765294,27.49144464765294,25.14302250878277,25.45987319946289,6852400
2019-09-30,25.44123728824961,25.52510964363264,24.854132578052297,25.02187728881836,4435400
2019-10-01,25.180305381347885,25.5530704581938,24.183158134228524,24.285667419433594,4548500
2019-10-02,24.052683403447393,24.117917054465735,23.335111464761958,23.651960372924805,4138300
2019-10-03,23.549455133602752,23.968815152120396,23.22328504532193,23.93153953552246,2825500
2019-10-04,23.959500244675375,24.332267144653766,23.75447987167471,24.1179256439209,3359700
2019-10-07,24.11792345316804,24.50932724060472,23.810392032859518,24.4720516204834,3859600
2019-10-08,24.406813613603934,24.406813613603934,23.75447349134137,23.950176239013672,2508100
2019-10-09,24.267031397094357,24.658433409159596,23.987456245996697,24.444093704223633,2030200
2019-10-10,24.276347462707317,24.555922596457258,24.127241435700967,24.3881778717041,1534000
2019-10-11,24.658425292598654,25.143020639671327,24.50000173651938,24.509319305419922,2476700
2019-10-14,24.341584985187364,24.378860606382705,24.127243497748385,24.350902557373047,1062000
2019-10-15,24.462729223570303,25.040516372086604,24.406814911611928,24.96596336364746,1812700
2019-10-16,25.161664430620462,25.208259394498405,24.677068985360513,24.947324752807617,2138300
2019-10-17,25.01255737296908,25.599662069839866,25.01255737296908,25.42259979248047,2475800
2019-10-18,25.33873024523207,25.73013401232133,25.33873024523207,25.58102798461914,1970100
2019-10-21,25.795363787011414,26.000384099811434,25.49715177658091,25.89787483215332,1315600
2019-10-22,25.841958574641968,26.140170583082508,25.543746566201428,25.599660873413086,1837700
2019-10-23,25.478515874190094,26.6806833951899,25.459877177124305,26.652727127075195,3526500
2019-10-24,26.596809116064335,26.848424381538834,25.981744640782953,26.009702682495117,3686600
2019-10-25,25.869924059607957,26.40111457464839,25.767412985658297,26.233369827270508,4083400
2019-10-28,26.39179202913397,26.84842946532848,25.93515459293946,26.745920181274414,3496500
2019-10-29,25.59966721904286,27.174601778682522,25.403966206549928,26.690006256103516,4359400
2019-10-30,26.6900071003085,26.95094356937005,26.531581704357606,26.857751846313477,1825800
2019-10-31,26.540902894512538,26.885711760482437,26.084265375109002,26.86707305908203,4900200
2019-11-01,26.61544845178657,27.491447619387984,26.279960808171225,27.45417022705078,4349100
2019-11-04,27.538049263118943,27.556687963809335,26.839113984588163,27.025497436523438,5562500
2019-11-05,27.183913134462298,27.724422819165163,27.127998829833366,27.360977172851562,3743200
2019-11-06,27.34234254865303,27.519406613397834,27.165278483908224,27.305065155029297,2546700
2019-11-07,27.450134265034983,27.712188696085594,27.08513134526073,27.188079833984375,2310100
2019-11-08,27.141284021881834,27.51564620309475,27.010257704732236,27.28166961669922,997800
2019-11-11,27.141286685904856,27.553086018208614,27.010260355894513,27.38462257385254,1244500
2019-11-12,27.347178928791653,27.69346501339448,27.29102505578289,27.534360885620117,2874900
2019-11-13,27.422058791734855,27.61860007821933,27.23487856924003,27.515649795532227,1350500
2019-11-14,27.515641092662417,28.01167200632987,27.468846498114264,27.890003204345703,2050500
2019-11-15,28.021035446110844,28.06783004761255,27.880649856506107,27.927444458007812,1545100
2019-11-18,27.843215856580844,27.843215856580844,27.459494369096454,27.571802139282227,2375000
2019-11-19,27.609233165290654,27.69346486690797,27.11320223188862,27.26294708251953,2928000
2019-11-20,27.21616130317813,27.562447498133665,27.094494242036998,27.431419372558594,2301800
2019-11-21,27.56244389969549,27.64667561760395,27.160003866377256,27.197439193725586,1535500
2019-11-22,27.291030720894998,27.478212716578977,27.188080444758832,27.27231216430664,1249000
2019-11-25,27.32846302950673,27.712184446607722,27.234872048118792,27.646671295166016,2145600
2019-11-26,27.57179585207846,27.880646612411564,27.55307908471537,27.749618530273438,1966900
2019-11-27,27.871290124335495,27.955521833743628,27.496926178032854,27.86193084716797,2370000
2019-11-29,27.85257345649705,27.964881219914943,27.543724429448282,27.599878311157227,866000
2019-12-02,27.60923804809874,27.60923804809874,27.057053144328787,27.131925582885742,1553700
2019-12-03,26.64525469809206,26.682691811126446,26.401918818667955,26.448715209960938,2889600
2019-12-04,26.645252014320103,27.03833273609014,26.635892737004195,26.879228591918945,2165400
2019-12-05,27.09448731686524,27.36589920777822,27.03833165521465,27.244232177734375,1657600
2019-12-06,27.431410485754164,27.581155336385073,27.26294708251953,27.26294708251953,1391100
2019-12-09,27.30038901591383,27.45013389302774,27.103847749014477,27.131925582885742,1555900
2019-12-10,27.1412800607942,27.347178784136847,27.075766911780608,27.26294708251953,1800400
2019-12-11,27.34718460556027,27.393980997031168,27.17872295156446,27.27231216430664,2049500
2019-12-12,27.3284686874338,27.515648903862882,27.113208850145554,27.38462257385254,2521500
2019-12-13,27.30974744970257,27.599877917005117,27.253593568795555,27.28166961669922,2855900
2019-12-16,27.478209535330866,27.76833998846179,27.450131703698997,27.618595123291016,5714000
2019-12-17,27.637312971786756,27.665389017601893,27.2255137105357,27.52500343322754,5924300
2019-12-18,27.55308271929521,27.75898146824503,27.459491729736328,27.459491729736328,3346500
2019-12-19,27.56244685850262,27.983603708155993,27.525009742035675,27.871295928955078,7464600
2019-12-20,28.039748953044622,28.245649459933357,27.59987368077222,27.749618530273438,5267800
2019-12-23,27.86192970625075,27.918083581856862,27.160000013325988,27.17871856689453,2378400
2019-12-24,27.16000922458976,27.262957733932502,26.99154575553784,27.14129066467285,957600
2019-12-26,27.553088099176403,27.637319827716105,27.31911147214389,27.403343200683594,1193900
2019-12-27,27.403338606046574,27.5530834794321,27.21615662176482,27.30038833618164,1300100
2019-12-30,27.375261825463348,27.45949354311891,27.04769423292503,27.188079833984375,1542800
2019-12-31,27.010257867134648,27.47821104273934,26.9541022007903,27.30038833618164,1630400
2020-01-02,27.525007044006127,27.609238762700315,27.262952609724234,27.487571716308594,2899000
2020-01-03,27.14128319999201,27.39397833407102,27.019616164194503,27.160001754760742,2001900
2020-01-06,26.869871519529983,27.206798390152226,26.75756375272241,27.188079833984375,2549600
2020-01-07,27.141281586074243,27.459489857822387,27.141281586074243,27.20679473876953,1765500
2020-01-08,27.262954451925772,27.861935801458547,27.225519121698674,27.75898551940918,3036500
2020-01-09,28.021039962768555,28.357965075108318,27.899371123093157,28.021039962768555,4061500
2020-01-10,28.021036354292754,28.14270339320028,27.936804640779975,28.0584716796875,2711600
2020-01-13,27.918084352296987,28.152060923062162,27.76833948981524,28.07718849182129,2237600
2020-01-14,27.983602371120142,28.18014365298109,27.403341374406615,27.412700653076172,3933700
2020-01-15,27.33782421222327,27.815136675159177,27.291029607760816,27.63731575012207,2549900
2020-01-16,27.796420712580804,28.582582229084892,27.768342878027163,28.55450439453125,3764800
2020-01-17,28.769761380664015,29.331305555410882,28.685529665197,29.200279235839844,3839500
2020-01-21,29.237711270286272,29.350020806630823,28.713604265910586,28.760398864746094,3157800
2020-01-22,29.087965900866234,29.79925485828684,28.91014321523621,29.47168731689453,3211700
2020-01-23,29.481050430663416,29.509128264185662,29.078610409009833,29.200279235839844,3101400
2020-01-24,29.312581539110756,29.471685662564653,28.54513875013292,28.72296142578125,3698600
2020-01-27,27.89936221099604,28.3953931198759,27.46884623299035,28.3673152923584,4322200
2020-01-28,28.554507687658926,28.83527892517691,28.386044231108137,28.47963523864746,2560100
2020-01-29,28.62937268967912,29.200276080577243,28.507703875996143,29.03181266784668,3552000
2020-01-30,28.797835542493246,29.228351557679026,28.114624413124776,28.442190170288086,4495000
2020-01-31,28.779123285695658,30.06131412023169,27.787062950309398,29.85541534423828,9965700
2020-02-03,30.679001297368313,30.866183234347805,29.621428173202162,29.705659866333008,4204900
2020-02-04,30.02388132184459,30.819400394604,29.949007090422604,30.510549545288086,3505800
2020-02-05,30.838107390772997,31.04400430958979,30.71643859542772,31.015928268432617,2963600
2020-02-06,31.156323121104588,31.736584056078957,30.987859693176645,31.530683517456055,2965500
2020-02-07,31.309931126997693,31.54477908234513,31.112656121049337,31.300535202026367,2730800
2020-02-10,30.99993250483252,31.610538669386585,30.680539117503507,31.563566207885742,2609300
2020-02-11,31.742050638906022,32.01447512829892,31.619928698230684,31.770231246948242,2776400
2020-02-12,32.07083245084949,32.07083245084949,31.31931979849849,31.33810806274414,1393700
2020-02-13,31.272351606158804,31.60113727883293,31.187806206971878,31.479015350341797,2543400
2020-02-14,31.68568913847843,31.73265801793773,31.413264620720362,31.507205963134766,1746400
2020-02-18,31.27234331201738,31.826584430024237,31.187797935253823,31.535371780395508,3245400
2020-02-19,31.59174505529538,31.9393189939093,31.50719965579523,31.87356185913086,1993800
2020-02-20,31.798415489911424,31.995690519244036,31.187812883726757,31.657508850097656,2253800
2020-02-21,31.469622233221205,31.507198761598175,30.999926378994026,31.103260040283203,1701300
2020-02-24,29.938416800714922,30.163870612782805,29.33720484345294,29.712961196899414,4519300
2020-02-25,29.844473991381644,29.957199989179145,28.05963016444349,28.3602352142334,3916700
2020-02-26,28.425997495899576,29.083570713535092,28.266300810292083,28.33205795288086,2873600
2020-02-27,27.486600406775906,27.918719713798406,26.68811713103062,27.101449966430664,4130400
2020-02-28,26.077520208324692,26.876003707679956,25.081765263583495,26.866609573364258,8726300
2020-03-02,27.11084753600987,28.172359466552734,26.65054577556225,28.172359466552734,4239500
2020-03-03,28.369635725504814,28.867512279271864,26.922971358394307,27.204788208007812,3624500
2020-03-04,27.805999867351495,27.843574610654798,26.90418273535068,27.646303176879883,3032700
2020-03-05,26.753873680507656,27.336297290102863,26.133875336735514,26.4814510345459,4986700
2020-03-06,25.307212389786027,25.560846781947582,24.63084923269537,25.316606521606445,6122500
2020-03-09,23.015095644535478,23.69145699395807,21.21146358766117,22.404491424560547,8690100
2020-03-10,23.954486662478303,24.114183311898053,22.714489992511943,23.879335403442383,5819300
2020-03-11,22.986914402124405,23.841760711294196,22.30115888672402,22.65812873840332,6879900
2020-03-12,20.53510320205282,22.611158005756614,19.924497161671724,20.685405731201172,7711500
2020-03-13,22.761460084365822,23.841760163141508,21.079949900897045,23.813579559326172,7655100
2020-03-16,20.347224693060152,22.18843341236554,19.886922961170686,20.553890228271484,7086800
2020-03-17,20.976621235356824,21.3148028956185,19.576927507354036,20.394197463989258,6840200
2020-03-18,18.87237951965049,19.172984578935026,14.607541209619312,18.355714797973633,10613400
2020-03-19,18.064501645055522,19.943285012197997,16.148143542278866,19.351469039916992,8355900
2020-03-20,19.764806874578447,20.102986747693407,17.86723476445583,17.914203643798828,7535400
2020-03-23,17.20026866334956,17.98935816215817,15.593909049755894,17.378753662109375,6496000
2020-03-24,18.787832792597673,20.563282418138996,18.534196619878237,20.516313552856445,5320100
2020-03-25,21.44631226763598,23.616306575574225,20.882676893798816,22.545400619506836,8080300
2020-03-26,22.780250250842418,24.771761576604593,22.601765314198037,24.048429489135742,8308100
2020-03-27,23.015095818254522,23.38145799465532,21.606008319177715,23.07145881652832,4780000
2020-03-30,22.695704355155865,23.36267342403065,21.90661514812664,23.033885955810547,4936600
2020-03-31,22.986915238780757,23.869943976300938,21.897220963435664,22.047523498535156,5575900
2020-04-01,20.713587040872447,20.91086023693899,19.839954232355737,20.591466903686523,4388700
2020-04-02,20.272073600282102,20.722981203744478,20.056013930924824,20.62904167175293,3557300
2020-04-03,20.629041323870293,20.995405313284312,20.22510438908935,20.87328338623047,7074700
2020-04-06,21.92540673117777,23.005707040180972,21.831467184362747,22.883586883544922,5655200
2020-04-07,24.377215488813146,24.377215488813146,22.592369813911617,22.65812873840332,5702300
2020-04-08,23.01509760271234,23.531762342400743,22.498432863023943,23.19358253479004,4412100
2020-04-09,23.87933506738703,24.508727524860635,23.24994260991342,23.7666072845459,7383400
2020-04-13,23.25934288614828,23.484796719647154,21.803284414481478,22.498435974121094,4360400
2020-04-14,22.977519889173465,23.39085273467524,22.451461044192317,22.742671966552734,3833800
2020-04-15,21.68116557511898,22.113286792682434,21.483894130746116,21.840862274169922,4065700
2020-04-16,21.746919162348302,21.944192366167062,21.164497267116484,21.718738555908203,3031300
2020-04-17,22.57358858309049,22.73328528187112,21.94419592221953,22.47025489807129,3859800
2020-04-20,21.906612054488992,22.16024821916167,21.18328008490275,21.559038162231445,4560900
2020-04-21,20.873281587546963,21.079948894983847,20.168737857824553,20.516313552856445,3515900
2020-04-22,20.920254458400795,21.032980463706753,20.61964938858817,20.82631492614746,4077800
2020-04-23,20.88267583768419,21.916007005501676,20.83570697213459,21.699947357177734,3450100
2020-04-24,21.887826279271412,22.263584399295517,21.71873727535757,22.179039001464844,1765800
2020-04-27,22.45146133099292,23.66327748723471,22.45146133099292,23.447216033935547,3546600
2020-04-28,24.161152176890248,24.583879128809393,23.672669889030438,23.879335403442383,3933800
2020-04-29,24.630856614225202,25.232068688674957,24.414796892847747,24.884492874145508,2611500
2020-04-30,24.36782528890008,24.40540003149688,23.503584708200336,23.68206787109375,4776600
2020-05-01,23.052674783757887,23.306309198696546,22.49843349881277,22.90237045288086,2502300
2020-05-04,22.413887463736575,22.80843206574841,22.12267473461644,22.79903793334961,2312800
2020-05-05,23.099641360212697,23.578731327992017,22.930550572555592,23.10903549194336,1837400
2020-05-06,23.3438834152394,24.536911269091785,23.278126284857326,24.45236587524414,3578800
2020-05-07,24.940851021236774,25.598425983380462,24.752973740444027,25.260244369506836,2988000
2020-05-08,25.31661205284622,25.71115671676778,24.85630845181455,25.044187545776367,3871800
2020-05-11,24.781151845545967,25.316606610709783,24.56509218815821,24.79994010925293,4704500
2020-05-12,24.893882381202072,24.950245386790925,24.076610737299305,24.151762008666992,3934800
2020-05-13,23.804190041060703,24.095401017993794,22.686313218207633,22.892980575561523,3024900
2020-05-14,22.479648610741947,23.400252249154597,22.009952657460246,23.343889236450195,2840900
2020-05-15,23.093589807833816,23.480844122842328,22.866902685430738,23.358055114746094,2208600
2020-05-18,24.3309149429445,24.680387476356017,23.849207952278654,24.415922164916992,4442200
2020-05-19,24.45370163795752,25.114868505736904,24.434812545776367,24.434812545776367,1968100
2020-05-20,25.039307529919153,25.30377464576124,24.859847636971494,25.209321975708008,3672900
2020-05-21,25.058196403735412,25.332107143115397,24.79372930921793,25.077085494995117,1931700
2020-05-22,25.17153994096031,25.454897948349505,24.79373106597621,25.35099983215332,1353700
2020-05-26,25.974386197367178,27.230601894123904,25.879933523615225,26.9755802154541,3430400
2020-05-27,27.665084372611034,27.863433372560273,26.418312281295236,27.079479217529297,3017500
2020-05-28,27.39116332881786,27.39116332881786,26.597763971032798,26.701662063598633,4084600
2020-05-29,26.446644825978325,27.05113898836672,25.861039755013532,26.210514068603516,5758900
2020-06-01,26.408865713095615,26.928354512822267,26.144400391049583,26.72056007385254,2186500
2020-06-02,27.079470856928182,27.740637589031543,26.70166206781244,27.71230125427246,4060900
2020-06-03,28.146777591884597,28.656820748189773,27.92009234514925,28.50569725036621,4187100
2020-06-04,28.401807045752342,28.713499571636394,27.957881872988604,28.62849235534668,2507500
2020-06-05,29.280210491874797,29.87525913822804,28.401803888873033,28.675716400146484,4031800
2020-06-08,29.223545580732733,29.960272454884105,29.06297657968066,29.941383361816406,5450400
2020-06-09,29.138536632516985,30.045277901372575,28.84573498964088,29.799701690673828,3819500
2020-06-10,29.771368798168957,29.771368798168957,28.845736584646314,28.940187454223633,4055000
2020-06-11,27.655629365920152,27.797307431419473,26.3994140625,26.3994140625,3961000
2020-06-12,27.36283201415529,27.872875324106403,26.871681399041126,27.532846450805664,3134100
2020-06-15,26.663880693888455,28.486810155838374,26.51275717594245,28.439584732055664,4617100
2020-06-16,29.49744625319188,29.72413150625319,28.62848521568974,28.949623107910156,4101400
2020-06-17,29.412440012506696,29.61079074133053,29.053522133896653,29.119638442993164,2321700
2020-06-18,28.807954558304722,30.101951998353083,28.713501887970523,29.95082664489746,3213300
2020-06-19,30.24362959028351,30.375862245588376,29.591908157716304,30.03583335876465,5917200
2020-06-22,29.65801809257585,29.931930592705243,29.440778262391152,29.591901779174805,3870600
2020-06-23,30.007499574243187,30.394753904409622,29.639134337070708,29.743032455444336,3039200
2020-06-24,29.497453609558985,29.497453609558985,28.46792336919219,28.62849235534668,3560000
2020-06-25,28.52459724545735,29.837483727560013,28.47737001134966,29.724140167236328,4869300
2020-06-26,29.506897370088407,29.582459135635915,27.61785142986609,27.948434829711914,32113300
2020-06-29,28.11844895820023,28.61904497413617,27.617851140729712,28.496257781982422,6637200
2020-06-30,28.46791957403634,29.36521704790165,28.354577835116494,29.166866302490234,4168800
2020-07-01,29.33687966801694,29.610792163468503,28.571816652173496,29.138530731201172,1953800
2020-07-02,29.70525078929679,29.875263425844256,29.129091149470327,29.469120025634766,3378100
2020-07-06,30.158618754798837,30.271960502468946,29.714691805409554,29.828035354614258,5345400
2020-07-07,29.610795399590252,29.610795399590252,28.96851949326776,29.091306686401367,3022300
2020-07-08,30.69699234549717,32.02876940774829,30.659210567104683,32.00043487548828,7836900
2020-07-09,32.05710219322805,33.086632178377975,31.72652065797883,32.80327606201172,8263900
2020-07-10,32.822181694176074,33.09609429103696,32.21768741356592,32.95441436767578,3808400
2020-07-13,33.12440909138033,33.284979815689574,32.217668210908755,32.29322814941406,4117000
2020-07-14,32.16100293846491,32.65215526224935,32.12322115900408,32.576595306396484,2739200
2020-07-15,33.30387209226771,33.37943564517252,32.633261774045884,33.06774139404297,2060200
2020-07-16,32.72772525845153,32.850510661246936,32.46325635327559,32.746612548828125,1497000
2020-07-17,32.75606106036517,33.19054081717329,32.6899447322887,33.0394172668457,1783200
2020-07-20,33.02051597501172,33.21886489678406,33.01107233243288,33.06774139404297,2390600
2020-07-21,33.20942972354406,33.88948746084711,33.17164793745624,33.6439094543457,2435400
2020-07-22,33.577784984341704,33.67223942664685,33.2472034439451,33.596675872802734,2123700
2020-07-23,33.4927802041776,33.69112914272568,32.86939525226303,33.105525970458984,2298500
2020-07-24,33.048851180815035,33.13385836876719,32.614367996243885,32.7654914855957,1331000
2020-07-27,32.63327378835485,33.28499706135829,32.51048477121263,33.247215270996094,1662600
2020-07-28,33.029966503178024,33.322766292111304,32.888286628935624,33.0205192565918,2583200
2020-07-29,33.26610041945761,33.98393629698397,33.199984099280286,33.91781997680664,2496300
2020-07-30,33.332214898448754,33.71946915369754,33.275542225826115,33.445556640625,1760500
2020-07-31,33.55889557549169,33.69112819748047,32.91661975177301,33.407772064208984,1808600
2020-08-03,33.398341592319554,33.842268658125505,32.88829818944507,33.81393051147461,2481800
2020-08-04,34.55065126513407,34.85289832110427,33.473892074787464,34.22006607055664,5236300
2020-08-05,34.75845339307614,34.786791539452146,33.993391899255975,34.29563903808594,2472800
2020-08-06,34.399526476590324,34.70177715621206,34.20117750817833,34.607322692871094,1654500
2020-08-07,34.493981696312915,34.871788748753225,34.41841812398319,34.852901458740234,1570100
2020-08-10,34.66399491394554,35.107918275053656,34.59787859201306,34.95679473876953,4498000
2020-08-11,34.45620136729683,34.56009948210932,33.01108221453656,33.05830764770508,8492900
2020-08-12,34.475093835675935,34.824566380767095,34.16339947700319,34.34286117553711,7162300
2020-08-13,34.14450234571038,34.60731652282445,34.09727332092555,34.352294921875,2625200
2020-08-14,34.26224152393294,34.81210768761669,34.14847748253045,34.726783752441406,2952700
2020-08-17,34.60353224250422,34.736257540959855,33.99678595442524,34.15795135498047,2862700
2020-08-18,34.18639840520193,34.43288775257066,33.86406395618529,33.87354278564453,2504700
2020-08-19,34.02522872497565,34.13899275878919,33.70289428209276,33.91146469116211,3613200
2020-08-20,33.02978355253874,33.32367787561415,32.39459352950305,32.54628372192383,5312500
2020-08-21,32.565245160107686,33.0677099396015,32.37563963055615,33.010826110839844,3880400
2020-08-24,33.09614776120419,33.18147169021019,32.76433449089946,32.982383728027344,2680100
2020-08-25,32.982385912851484,33.2193964406245,32.66005145042043,32.91602325439453,2401400
2020-08-26,33.17198181152344,33.19093946366035,32.83068620918374,33.17198181152344,4572900
2020-08-27,33.181473980631154,33.35212185042246,32.93498462231796,33.010826110839844,3240700
2020-08-28,33.18147878764051,33.285764013897875,33.058232282382335,33.115116119384766,6122200
2020-08-31,33.31419723269179,34.12003514930473,33.22887330308556,33.958866119384766,4811600
2020-09-01,33.939901022467275,34.774178949506386,33.82613700130063,34.375999450683594,3284500
2020-09-02,34.46132586584776,34.99223069722054,34.04418868037198,34.86898422241211,2343000
2020-09-03,34.92586515377778,34.935343981904445,33.5038022462404,33.816654205322266,2850200
2020-09-04,34.034705691628496,34.309635094376915,32.86861097091455,33.845096588134766,4500800
2020-09-08,33.12458443427852,33.171989424977546,32.32822905154148,32.479915618896484,3278500
2020-09-09,33.03926566340049,33.36160012132851,32.76433620355975,33.143550872802734,4248600
2020-09-10,33.522762507432496,33.93989964578548,32.70744588640782,32.87809371948242,2662000
2020-09-11,33.010828214449496,33.304722590372606,32.08174731776553,32.84966278076172,2435900
2020-09-14,33.190939721916415,33.55119659568836,32.90652792325108,33.36158752441406,1876300
2020-09-15,33.53224379333738,34.26223655133651,33.29523329852571,34.15795135498047,2646900
2020-09-16,34.12950084674881,34.859493382172204,33.88301159855657,34.26222610473633,3256800
2020-09-17,33.66497725333769,33.73134353514811,33.124593483478975,33.56069564819336,3244100
2020-09-18,33.65548929914302,34.15795037647217,33.1909471513627,33.219390869140625,10195600
2020-09-21,32.35667857137098,32.78329824871128,31.901618787705882,32.73589324951172,3510700
2020-09-22,32.99186693698731,33.12459226272875,32.26187402891551,32.84966278076172,2382400
2020-09-23,33.00134829621347,33.55121085851749,32.3282356262207,32.3282356262207,2713000
2020-09-24,32.157590809430815,32.19551336671175,31.17162963558539,31.34227752685547,3537800
2020-09-25,31.162137328262013,32.186024351922796,31.029412036267388,32.148101806640625,3862000
2020-09-28,32.66003903071677,33.25730634619886,32.18601815542768,33.13405990600586,2835600
2020-09-29,33.19093758858692,33.23834256572774,32.33770224743216,32.413543701171875,2896800
2020-09-30,32.55575180053711,33.05821273928805,32.26185757450789,32.55575180053711,3148600
2020-10-01,32.84017567819609,33.19095022028433,32.59368633911897,32.887577056884766,2920200
2020-10-02,32.42304079902335,33.63653353931636,32.242910484046725,33.28575897216797,2188400
2020-10-05,33.61756265135059,34.32859402866253,33.48483737289117,34.1863899230957,2052000
2020-10-06,34.2243057492754,34.3475521894684,33.13405990600586,33.13405990600586,2901000
2020-10-07,33.42796256379117,33.864064674530546,33.38056118250247,33.41848373413086,2171300
2020-10-08,33.864066007767775,34.23380185946728,33.64601675206022,34.176918029785156,1832500
2020-10-09,34.328598988098854,34.52768693455012,33.86406044637924,33.968345642089844,3758000
2020-10-12,34.39495780080831,34.499242984887864,34.082105865062346,34.38547897338867,1265900
2020-10-13,34.451847720282956,34.85950608493314,34.15795338729298,34.41392517089844,1876300
2020-10-14,34.347567299947016,34.9922362632679,34.290683467950274,34.51821517944336,1444800
2020-10-15,34.300172982278816,35.17237022031172,33.7503066758275,35.16289138793945,2629800
2020-10-16,35.16287959784651,35.390411279930376,35.00171056960099,35.02067184448242,1481200
2020-10-19,35.22924665475216,35.542102304657526,34.8310706819568,34.8879508972168,2511000
2020-10-20,35.1439141050895,35.940269472066554,35.01118881334215,35.52313232421875,2297400
2020-10-21,35.56105682032967,35.997158925551766,35.10599705602679,35.219764709472656,2834800
2020-10-22,35.324046395483876,35.655863294187284,34.812106419573446,35.31456756591797,2201200
2020-10-23,35.55157842782665,35.73170512325662,35.03015600085057,35.4567756652832,2704500
2020-10-26,35.030154342725254,35.33352750829662,34.08211229619138,34.60353469848633,2611100
2020-10-27,34.48977026765073,34.78366098413016,33.93990415108743,33.94938659667969,1847900
2020-10-28,33.20991788380993,33.24784044065356,32.688495384939216,32.96342849731445,1418300
2020-10-29,32.95394000736307,33.20043296515523,32.36615495004036,32.982383728027344,2770900
2020-10-30,33.12457580733342,33.276262335183276,31.90160475875925,32.37562561035156,2290000
2020-11-02,32.99186368635865,33.759779073693515,32.73589189058036,33.22887420654297,1822200
2020-11-03,32.385116321144,33.171992959479375,32.04382060410665,33.077186584472656,4281400
2020-11-04,33.57964872898327,35.74118713003886,33.484845967605246,35.219764709472656,4783400
2020-11-05,35.6084627023242,37.29597648894103,35.42833238813907,36.205726623535156,3890400
2020-11-06,36.07300066418144,36.490141496752855,35.52313813464669,36.243648529052734,1882100
2020-11-09,37.589864136558035,37.7320682567882,35.997153397827894,36.035072326660156,3282000
2020-11-10,36.120398595664554,36.47117673800782,35.76962406981449,36.3858528137207,2758300
2020-11-11,34.71729690193102,35.172356626307476,34.43288502625739,34.812103271484375,8400100
2020-11-12,34.73626356203506,35.324048678434764,34.3854889815297,34.83106994628906,4027800
2020-11-13,35.14982692814413,35.93960553659597,35.045160753979644,35.692203521728516,4756800
2020-11-16,36.39634331364159,36.47246812694319,35.80639052987769,35.91106033325195,2102000
2020-11-17,35.939608723348364,36.14894834990122,35.59705429074596,36.12991714477539,1826200
2020-11-18,36.320219460000295,36.78647487921491,36.15845967220667,36.215553283691406,3022100
2020-11-19,36.18700693687657,36.61519997534058,35.75881752824377,36.60568618774414,2627100
2020-11-20,36.4915023109732,36.68181074887122,36.07282665146279,36.339256286621094,2286100
2020-11-23,36.472465846027895,36.82453401095296,36.3392474310813,36.738895416259766,2498600
2020-11-24,37.18612865377571,37.29079484627966,35.93961183388364,36.339256286621094,4572300
2020-11-25,36.38683101243667,37.02436001562663,36.23458500944869,36.986297607421875,1738700
2020-11-27,37.119502319763846,37.2812656957623,36.75792042956504,36.834041595458984,1092200
2020-11-30,36.710347786548965,36.83404514678155,36.00620787753322,36.09184646606445,3897000
2020-12-01,36.67229251634477,37.18612414745234,36.54859150222678,37.03387451171875,1866100
2020-12-02,37.07193013981909,37.481091886435514,36.61519220565362,37.319332122802734,2261900
2020-12-03,37.44302948446412,37.871222432066254,37.19563113131091,37.319332122802734,1530600
2020-12-04,37.5286732589956,37.928321275250305,37.167091279801994,37.652374267578125,1492600
2020-12-07,37.623826119939906,38.04250167484639,37.46206271770131,37.93783187866211,1603200
2020-12-08,37.76654525296414,38.28989410310751,37.61429930469418,37.814125061035156,1659000
2020-12-09,37.99493792520418,38.080576547410566,37.19564532788852,37.25273895263672,1852700
2020-12-10,36.93871966495976,37.15757305703925,36.67229007979011,37.119510650634766,2539400
2020-12-11,36.87211376309497,37.70946858877729,36.84356877205011,37.699951171875,2044200
2020-12-14,38.0234684101214,38.30892916524601,37.319332122802734,37.319332122802734,2410900
2020-12-15,37.66188883633094,37.76655500355265,37.33836565900117,37.70946502685547,1520700
2020-12-16,37.83315205235729,38.41359085561958,37.73799969732366,38.26134490966797,2087500
2020-12-17,38.337476653210004,38.73712097265519,38.15668206408261,38.46117401123047,1923100
2020-12-18,38.537308576799745,38.575370987294356,37.92832452821097,38.09960174560547,5724100
2020-12-21,37.72849345408799,38.04249919231922,37.252724324174295,37.77606964111328,2202700
2020-12-22,37.81413273827818,37.91879889972705,37.44302976106132,37.57624816894531,2771900
2020-12-23,37.79510394478348,38.13765832721715,37.709465349175055,37.72849655151367,2811500
2020-12-24,37.814134119746264,37.91880028501892,37.61430831553524,37.90928649902344,771700
2020-12-28,38.156687085472335,38.33748169839215,37.55722052741523,37.566734313964844,2087500
2020-12-29,37.80462203226139,37.91880562945364,37.30030781731715,37.519161224365234,1220200
2020-12-30,37.68090957738754,38.31844203029419,37.633333395488236,37.76654815673828,1056900
2020-12-31,37.75703894733418,38.5943936435787,37.54769936581545,38.52778625488281,1297600
2021-01-04,38.55633388917459,38.71809366430677,37.281272371132964,37.72849655151367,2287600
2021-01-05,37.76655722146968,38.052021641042685,37.2527292518662,37.366912841796875,1970900
2021-01-06,37.4810975334384,37.7284995536963,36.58665273133372,37.44303512573242,4619900
2021-01-07,37.75704155141508,38.47069530508876,37.68091674203782,38.22329330444336,2836700
2021-01-08,38.451661450755836,38.87033698396287,38.0615309041812,38.52778625488281,2264400
2021-01-11,38.28040075060483,38.8513261378431,38.19476212401069,38.613441467285156,1440400
2021-01-12,38.65148238565546,38.76566958820865,38.337476653210004,38.46117401123047,1031700
2021-01-13,38.52778923015498,39.46981016007509,38.22329361996314,39.2033805847168,3500700
2021-01-14,39.289015796790856,39.4793241755815,38.83227786559155,38.99403762817383,1726100
2021-01-15,38.70858447190911,38.91792409264718,38.21378404187531,38.746646881103516,2105200
2021-01-19,39.12724850599573,39.13676592039374,38.60390323883695,38.984519958496094,1983000
2021-01-20,39.269987982147796,39.58399374887297,39.184349385798974,39.45077896118164,1719700
2021-01-21,39.52690279171202,39.71721118219694,38.965495036188365,39.14628601074219,1437100
2021-01-22,38.83228534719435,39.193867343747144,38.23281510894782,38.25184631347656,1873100
2021-01-25,38.109108076821755,38.51826983500342,37.3003019761355,37.633338928222656,3013700
2021-01-26,38.004451714412966,38.061545339161164,37.16710033043034,37.25273895263672,2703600
2021-01-27,36.39633667200582,36.6437350104288,35.67316922675924,35.739776611328125,2888800
2021-01-28,36.1489436886671,37.41448781278318,35.8254205029073,37.05290222167969,2067000
2021-01-29,36.757931689544435,37.43352312431212,36.32022123970868,37.06242370605469,3789500
2021-02-01,37.34788372964587,38.87986119716355,37.31933873802266,38.4802131652832,1844700
2021-02-02,39.09870845952896,40.44989108825817,38.97500746554527,40.259586334228516,2545000
2021-02-03,40.10735232399421,40.430875584169705,39.86946768062492,40.05977249145508,2728400
2021-02-04,40.17394813812427,41.73447036743164,40.06927834448014,41.73447036743164,3781700
2021-02-05,41.98188428642637,42.49571602937888,41.87721445399176,42.486202239990234,2497800
2021-02-08,42.9524403560938,43.22838734758307,42.36248759794802,43.076141357421875,3532500
2021-02-09,42.81922931968991,45.02679818534077,42.628920907858415,44.29411315917969,4149000
2021-02-10,46.19718576991165,46.90132573999184,45.293223619206394,46.206703186035156,3025800
2021-02-11,46.30185015630318,46.43506492781578,45.5786826981647,45.8736572265625,4170400
2021-02-12,45.38837432607658,46.01638941308616,45.38837432607658,45.8736572265625,2452400
2021-02-16,46.31137165130183,46.444590074822635,45.58820407277196,45.62626647949219,3033100
2021-02-17,45.17904003687479,45.73093401748383,44.817454450607855,45.24564743041992,1950900
2021-02-18,45.150495826522594,45.45498781078688,44.79842765031028,44.80794143676758,2501700
2021-02-19,45.08945220311611,45.356647792026955,44.50734440704588,44.63140106201172,2189700
2021-02-22,44.163804246012624,44.34511865504161,43.209530144653556,43.276329040527344,4831700
2021-02-23,43.17136595714148,43.24770599940226,41.68269691025139,43.05685043334961,5657600
2021-02-24,42.94233006988099,43.51489301470617,42.53199195799192,43.36220932006836,4511600
2021-02-25,43.18090372776365,43.514898212092646,42.16937185480505,42.9041633605957,4421300
2021-02-26,42.94233552739821,43.8870685107184,42.331600671229026,43.47673034667969,4906400
2021-03-01,43.896614122437946,44.33557938999818,43.75347153332309,44.18289566040039,3696100
2021-03-02,44.00157740580428,44.440542598909886,43.734381834395066,44.32603073120117,2807700
2021-03-03,44.497798719241736,44.946305034745876,44.039747624956746,44.86042022705078,3674900
2021-03-04,44.612315283553585,45.1467101033286,43.858437852156754,44.555057525634766,4232300
2021-03-05,44.85089243578905,44.984490256346454,43.52445173130108,44.75546646118164,3369100
2021-03-08,44.85088715205474,45.223053505554574,44.306951152283105,44.92723083496094,4613600
2021-03-09,45.328028510627746,45.547511159215524,44.65049464234362,44.91769027709961,3459200
2021-03-10,45.34711334987369,45.891049387786,44.97494697027762,45.5856819152832,2142700
2021-03-11,45.87195260197459,46.26320481097616,45.59521225797513,46.005550384521484,3912600
2021-03-12,45.90058006664363,46.215492248535156,45.299390039832396,46.215492248535156,2792400
2021-03-15,46.530407650767195,47.10297434582761,45.976930516502634,47.09342956542969,3266300
2021-03-16,47.06480091962732,47.51331093627876,46.301382325525836,46.69263458251953,2386300
2021-03-17,46.8262259941615,46.87393896723453,45.92920972348239,46.74034118652344,1856900
2021-03-18,46.48268861708869,46.692630075301174,45.471160442646706,45.623844146728516,2144000
2021-03-19,45.44252913167261,46.12006647213437,45.22304653753614,45.996009826660156,3308300
2021-03-22,45.91967206522648,46.82623325525571,45.70018944284333,46.5304069519043,2296500
2021-03-23,46.482697069642605,46.520868912671,45.604766521593326,45.68110656738281,2008900
2021-03-24,45.996013248338336,46.59720696238027,45.72881401972699,45.78607177734375,2082100
2021-03-25,45.33756471765671,45.79561952777035,44.80317350630264,45.728816986083984,1844200
2021-03-26,46.09143363585954,46.62582838825589,45.60475549584601,46.253662109375,2484500
2021-03-29,45.89103724106532,46.6735416372691,45.74789468360049,46.32046127319336,2659200
2021-03-30,46.12961469832055,47.026631130471195,46.12961469832055,46.94074630737305,1916400
2021-03-31,47.01708423694842,47.35107870797875,46.578119034946646,46.61628723144531,2853700
2021-04-01,47.284284184761624,48.08587462960065,47.04571564332462,48.04770278930664,2397400
2021-04-05,48.41987385558847,48.90655208929613,48.41987385558847,48.8206672668457,1890300
2021-04-06,48.68707227880612,49.021066807503004,48.43895893725929,48.83975601196289,1792400
2021-04-07,48.83975491016226,49.07832346535443,48.40078964227281,48.7156982421875,1683700
2021-04-08,48.95426145140784,49.35505847330126,48.6679799444936,49.25008773803711,1642800
2021-04-09,49.47911040912486,49.47911040912486,48.295812568930046,48.98289108276367,2361600
2021-04-12,48.74432241837447,49.75585062719632,48.55346687171874,49.63179397583008,2191500
2021-04-13,49.66042750097012,50.11847865485882,48.944721890468976,49.650882720947266,3359100
2021-04-14,50.0039657245109,51.082292867322096,49.937166826824075,50.68149948120117,3594000
2021-04-15,51.10138838189367,51.20635913804506,50.28071189591109,50.50019454956055,2103300
2021-04-16,50.614701956613025,51.05366719339684,50.15665079993422,50.87235641479492,2430800
2021-04-19,50.84372571481893,51.08229425310583,50.595616036718035,50.87235641479492,1821700
2021-04-20,50.48111324313033,50.75785003074689,49.83220641097932,50.194828033447266,2787600
2021-04-21,50.21390774092267,50.71013076527474,49.870368444042995,50.671958923339844,1843500
2021-04-22,50.824641944229526,51.65486311356912,50.52881927401471,51.26361083984375,2923700
2021-04-23,51.40674857748194,52.79999163388007,51.254064855717814,52.58050537109375,2142100
2021-04-26,52.685475308607195,53.076727567175666,52.35148080992691,53.029014587402344,1882800
2021-04-27,53.143525809550205,54.078714034554146,52.92404319309421,54.050086975097656,1252700
2021-04-28,54.078714299275866,54.174143898376244,53.811518702328776,54.116886138916016,1414900
2021-04-29,54.565398853884304,54.565398853884304,53.658837639043014,54.212318420410156,1877900
2021-04-30,54.202773847212605,54.307744591684916,53.53478117897103,53.992835998535156,3011500
2021-05-03,54.403167049728424,54.44133888894341,53.69700622558594,53.69700622558594,2123100
2021-05-04,53.200785074693805,54.30774296830545,52.76181982935594,53.086273193359375,3106500
2021-05-05,53.74472526983648,55.51967595070908,53.54432855174244,55.452877044677734,2920900
2021-05-06,55.56738778585895,55.95864007320899,53.038563269175576,55.042537689208984,4897900
2021-05-07,54.95663871201731,56.4453074328899,54.70852907867172,56.034969329833984,2574700
2021-05-10,55.968180242527914,56.09223326078947,54.46997012122274,54.47951126098633,2746900
2021-05-11,53.71609214519343,54.393625910058155,53.1912420969217,53.69700622558594,2471500
2021-05-12,53.53477656869796,53.744718039562976,51.502175318160084,51.62622833251953,2907000
2021-05-13,51.86479124395238,52.79043820311653,51.78845121571331,52.59958267211914,2754500
2021-05-14,52.9392652856869,53.92475917357119,52.623522399353554,53.714263916015625,2314900
2021-05-17,53.503765439229795,53.742963253925645,52.757469425336836,53.04450607299805,1987500
2021-05-18,53.245419276115946,53.5802946577799,52.575664862920114,52.61393737792969,2849100
2021-05-19,51.781541086134496,52.47043194954397,51.45623191728769,52.432159423828125,1700200
2021-05-20,52.62351416885603,53.38894637224748,52.5374028178577,52.99666213989258,2200300
2021-05-21,53.25499229332247,53.4367812877326,52.71918796524809,52.85314178466797,2281800
2021-05-24,53.10190637635064,53.23585654719493,52.51826321778478,52.929683685302734,2066300
2021-05-25,53.25499674898729,53.95345386999221,53.130612874053384,53.1784553527832,3121700
2021-05-26,53.10191266575694,53.32197420818933,52.795739767601546,53.130615234375,2751200
2021-05-27,53.101911142757956,53.46549281759054,52.86271334481761,53.293270111083984,3960200
2021-05-28,53.44635543275798,53.51333052278451,52.900984756902794,53.28369903564453,2247000
2021-06-01,53.89605264559822,54.24049442830972,53.27413687567585,53.32197570800781,2059700
2021-06-02,53.321969356549246,53.40808070443718,52.57567344143278,52.623512268066406,1838200
2021-06-03,52.307765314098546,53.32196514808033,52.14511258640797,53.18801498413086,2057600
2021-06-04,53.235853393820655,53.51332367405865,52.68091648321287,53.0062255859375,1257300
2021-06-07,53.04449346347825,53.14974106090443,51.590170657858884,51.791099548339844,3537600
2021-06-08,51.87722037364146,52.977528070967246,51.55191121750409,52.910552978515625,3799900
2021-06-09,52.881844522581055,53.274128727494315,52.690485572652264,52.89141082763672,3343500
2021-06-10,53.274132386061474,53.924750670579144,52.99666207210304,53.59944152832031,3052100
2021-06-11,53.89604781619562,54.06826686718505,53.41765223600515,54.05870056152344,3217100
2021-06-14,54.11610316119329,54.25005332436101,52.881841829373776,52.900978088378906,3437500
2021-06-15,52.91055106267716,53.39851660414885,52.3077716025698,53.28369903564453,1993300
2021-06-16,53.63771100257487,54.575365853474885,53.33153813901031,54.5657958984375,5276300
2021-06-17,54.6901758401319,55.32165778215053,53.63770715339024,54.67103958129883,5337000
2021-06-18,54.0012918921113,54.211787115798074,53.254995953394385,53.953453063964844,5646400
2021-06-21,54.46055008650335,55.436477489969114,54.01086073137836,55.39820861816406,3554000
2021-06-22,55.49388922122006,56.16364378662233,55.17814637543819,56.029693603515625,3262200
2021-06-23,56.20190700479249,57.29264820077085,55.97227555043845,56.79511642456055,2311800
2021-06-24,57.32136130249646,57.589261673606664,56.60376789427799,57.531856536865234,1952800
2021-06-25,57.68493894018785,58.41209860359062,57.46487741508084,58.13462829589844,3100800
2021-06-28,58.28772455551214,58.36426961185834,57.101305381099465,57.90501022338867,1676100
2021-06-29,57.98154489497286,58.41210166223563,57.68494196075643,57.771053314208984,1954300
2021-06-30,57.56055540115382,57.64666675059343,56.670739340234014,56.6803092956543,2327700
2021-07-01,56.88122970604378,57.35005528530131,56.68987076252574,57.16826629638672,2014200
2021-07-02,57.36920336122279,57.484020940904045,57.03432787849166,57.20655059814453,1286700
2021-07-06,57.26394720681815,57.531851202959196,56.871662992689686,57.340492248535156,1473400
2021-07-07,57.35963195083945,57.464879564581494,56.34543198644272,56.804691314697266,1981400
2021-07-08,55.70438712329816,56.087101429119436,54.97722373746056,55.5225944519043,1706100
2021-07-09,56.06796062028254,56.65160381294651,55.55129616682222,56.546356201171875,1701500
2021-07-12,57.216113167323186,57.96241278702479,56.50808972155071,57.84759521484375,2199600
2021-07-13,58.46950599348423,58.8139513810538,56.81425779199137,56.842960357666016,1112800
2021-07-14,56.909933617808285,57.101292565857925,56.10622895589449,56.36456298828125,1289600
2021-07-15,56.15406234583514,56.75684169640044,55.790484394583196,56.278446197509766,1467000
2021-07-16,56.59419817505041,56.6420370027395,55.65653963297499,55.72351837158203,1116700
2021-07-19,54.613646591180895,55.26426128674722,54.34574255785113,54.89111328125,1888100
2021-07-20,55.245125116860294,56.42197784684329,54.9580848389245,56.029693603515625,2527300
2021-07-21,56.41239682567982,57.06301500160957,56.2497441066314,56.81425094604492,1209500
2021-07-22,57.082150731285125,58.20159809563314,56.775977904254624,58.0867805480957,2556500
2021-07-23,58.115494855877984,59.627222943703664,58.115494855877984,58.766109466552734,2369200
2021-07-26,58.842658642167706,59.38802933271537,58.383399305383826,59.15840148925781,1577400
2021-07-27,58.94790046681456,60.19172817131071,58.546046305438885,59.63679122924805,1773900
2021-07-28,59.90469624474716,59.971671335224585,58.98617758974076,59.751609802246094,1427700
2021-07-29,59.703769616749256,61.40685670711032,59.464571827659505,61.0528450012207,2273900
2021-07-30,60.650989370671255,61.53123546158463,60.60315054396831,61.005001068115234,2665900
2021-08-02,61.454698109951934,61.60778089642854,60.689262278357674,60.79450988769531,2504500
2021-08-03,62.73679462895328,62.88988471491264,60.66055961135463,62.00006866455078,2888300
2021-08-04,62.24883321140148,63.377847120757025,62.24883321140148,63.17692184448242,2755200
2021-08-05,63.91364216502913,64.50684791732954,63.588329426900714,64.33462524414062,3249800
2021-08-06,64.6407798361843,64.84170501492522,63.875351626657036,64.65991973876953,2861600
2021-08-09,64.77475283445438,64.88000043664569,63.798829150187274,63.95191192626953,2771200
2021-08-10,63.93278720804819,64.20068757406221,62.89945096793339,62.95686340332031,2918700
2021-08-11,63.78925627579576,63.86580131020162,62.87073776213425,62.96641540527344,2604000
2021-08-12,62.765504673058494,63.28217282512192,62.468901720846105,63.243900299072266,1918800
2021-08-13,63.430891762308384,63.967870503154224,63.29664707709692,63.32541275024414,1350500
2021-08-16,62.98979221131554,63.2199248800346,62.519928563124346,62.71171188354492,2145500
2021-08-17,62.15554348759545,62.711704073876405,60.64049202387476,60.90898132324219,2397500
2021-08-18,60.87062868185721,61.6281526347737,60.58296103384781,60.59254837036133,1813500
2021-08-19,59.374760312898296,60.170644699775664,59.077505285711965,59.643253326416016,2399100
2021-08-20,59.777497289209364,61.18707370516431,59.652839950777675,60.70762634277344,2951900
2021-08-23,61.2637673847332,62.02129489741048,61.19664506415593,61.77198028564453,1690800
2021-08-24,61.771992692332134,62.18431769177343,61.608982354730756,61.800758361816406,1288300
2021-08-25,61.73364091086381,62.28021062165565,61.73364091086381,61.86788558959961,1473300
2021-08-26,62.069252920356334,62.21308126292664,61.58021460826083,61.589805603027344,1562300
2021-08-27,61.64733566108989,61.93499965604798,61.21583235286743,61.561031341552734,2705500
2021-08-30,61.676102530398886,62.29938550529369,61.48432653002455,61.66651153564453,2443900
2021-08-31,61.73363969546465,62.011720043310106,61.38843700957279,61.647342681884766,2167200
2021-09-01,61.608987227976655,62.21308828228775,60.89940350879623,61.86788558959961,2635200
2021-09-02,62.32815335498053,62.32815335498053,61.426790026949384,61.800758361816406,3140600
2021-09-03,61.58021023771256,62.49115714967058,61.455549261951916,61.791168212890625,2721900
2021-09-07,61.47473445376389,61.5610314576785,60.15145885868307,60.189815521240234,3449300
2021-09-08,59.85421021799379,60.55420662407319,59.22133981155885,60.47749328613281,2514200
2021-09-09,60.458307013287744,61.26377866643435,59.95009401878919,60.32406234741211,1910200
2021-09-10,60.60213750914511,61.00487147244814,59.38434096723109,60.18022155761719,2654500
2021-09-13,61.35966632396866,61.378844654684634,60.29529274553363,60.71720504760742,2733500
2021-09-14,61.03364310655681,61.43637708510029,60.295293821334475,60.78432846069336,3565000
2021-09-15,60.65009478300324,62.17473397031857,60.58297244109225,61.963783264160156,5075900
2021-09-16,61.84870014074997,63.91991593611004,61.33089619190995,63.900733947753906,7308200
2021-09-17,63.91992724403129,64.29389560949832,63.287053200449364,63.7473258972168,7995600
2021-09-20,61.38842948414527,61.81034545202192,58.636406645818745,59.88296890258789,11430500
2021-09-21,60.75556791430842,61.33090326297933,60.170641570353666,60.92816925048828,5286200
2021-09-22,61.5130898397382,61.5898031632605,60.42953792128764,60.985694885253906,1862800
2021-09-23,61.263774467228984,61.666508437251274,60.66926084857546,61.03364181518555,2896200
2021-09-24,60.59254596806341,60.89939193482701,59.41310609746101,59.480228424072266,2627500
2021-09-27,59.2405171472131,59.61448551863387,58.07066802649306,59.00079345703125,2332600
2021-09-28,58.4925688719053,58.62681352667638,56.97751369287739,57.552852630615234,2209200
2021-09-29,57.86928192865822,58.69393178843566,57.3802473404535,58.339141845703125,1941200
2021-09-30,58.521338256255916,59.19256523064533,58.109013271612106,58.377506256103516,2969100
2021-10-01,58.82818201549309,59.51858729530361,58.13778039357516,59.14461898803711,2234200
2021-10-04,59.06790370474823,59.35557500038643,57.20764956662628,57.79257583618164,2094500
2021-10-05,58.291200066919636,59.691185219885426,57.8021618022406,59.336395263671875,1962700
2021-10-06,58.741876065162955,59.815840549899775,57.83092920710028,59.31721496582031,2731800
2021-10-07,60.23776360264989,61.752818955295304,60.113106269837736,60.77474594116211,2178000
2021-10-08,60.76515440475446,63.037733755590146,60.698032070274834,62.81719207763672,4013600
2021-10-11,63.315810004467565,64.56237592529162,62.57746437281875,62.740474700927734,2872200
2021-10-12,63.00896568095906,63.27745500862968,62.17472471359492,62.606231689453125,2055000
2021-10-13,63.363756285777924,63.47881895451682,62.39527070110976,63.06649398803711,2016100
2021-10-14,63.80483008039897,64.16920729488281,63.133599654834164,64.06372833251953,1574400
2021-10-15,64.71578709728291,64.72537809060485,63.30621102611757,63.4884033203125,1593600
2021-10-18,63.62265361170891,64.38977219830767,63.334989628573155,64.37059020996094,1684400
2021-10-19,64.75415814561502,65.71305284894896,64.26511979849464,65.69387817382812,2446400
2021-10-20,66.1733154398985,67.68836328025753,65.89523514042007,67.67877960205078,3231500
2021-10-21,67.56372393803554,70.15274418051635,67.50619259346477,70.11438751220703,3390000
2021-10-22,69.99931632160273,70.79520071502063,69.0787782451308,70.51712036132812,2843900
2021-10-25,71.19793343388996,72.00340149247377,70.51711905605283,71.7828598022461,2165600
2021-10-26,72.48283613400474,73.87323763269771,72.28146915470126,73.40338134765625,4030500
2021-10-27,72.96228745559527,73.69104940853678,71.88833017313968,73.20201110839844,4092300
2021-10-28,73.30748581298853,76.03075015375153,73.19242314847585,75.99239349365234,3684200
2021-10-29,75.18694701441126,76.46227157632069,74.57324759364604,76.39514923095703,6016200
2021-11-01,76.7019779086256,76.71156890315837,74.0746087221123,74.45816802978516,3668400
2021-11-02,72.25270005190515,77.66086451700669,72.11845540542127,77.44032287597656,8553400
2021-11-03,77.91017714557277,80.01015841522444,76.99923030833828,79.9718017578125,6857800
2021-11-04,80.4129029826504,80.45125964513676,77.16225082373073,77.74717712402344,2466400
2021-11-05,78.19784149258031,78.56221873204571,75.72389217700108,76.98004150390625,2803100
2021-11-08,76.23213952754203,77.37322672441495,74.87051061504023,75.6855697631836,4542900
2021-11-09,75.87732440296581,76.5197893224285,75.50335610734534,76.3759536743164,1761200
2021-11-10,75.11022703304505,75.47460440198367,72.88559152019668,72.94312286376953,3101800
2021-11-11,73.8061154768324,75.13897833038689,73.35543386296573,74.88966369628906,2364400
2021-11-12,74.93290025849683,75.83594011983834,74.93290025849683,75.6822280883789,1209500
2021-11-15,75.7398700185645,75.97043807666131,74.54863103597128,74.71194458007812,1365400
2021-11-16,74.00104462455903,75.29795879968131,73.94340627480932,75.06739807128906,2025700
2021-11-17,75.20189575718977,75.855157290942,74.63509908126916,75.41324615478516,1680600
2021-11-18,75.41323210950365,76.04728318420145,74.83682670575534,75.32677459716797,1581300
2021-11-19,75.55733198828979,75.74946467133886,74.0298500392992,75.23069763183594,1979700
2021-11-22,75.65341742296407,76.74859011740213,74.51020788094434,75.22111511230469,2242600
2021-11-23,74.75036624747746,75.10581980983945,73.31895782286132,73.66480255126953,2328200
2021-11-24,73.03076363813227,73.7800988944443,72.16615900208475,73.69363403320312,1718700
2021-11-26,71.95479037073757,72.1469230568842,70.81158109880627,71.4264144897461,2079800
2021-11-29,73.64559994861993,73.77048548556611,71.81070092852464,73.30935668945312,1764700
2021-11-30,72.76178277731474,73.32858686651701,71.34958430200486,71.52250671386719,3916700
2021-12-01,73.07879066120793,73.80890814823923,71.03254872593853,71.0901870727539,2585800
2021-12-02,70.57141192396702,72.74254646919842,70.456127914076,72.5119857788086,3484500
2021-12-03,72.96351843888858,73.77049207178442,69.72603705966695,70.72514343261719,2520900
2021-12-06,71.05177880284162,71.9259997291578,69.0247466436155,71.47447967529297,2344500
2021-12-07,73.54951893117959,74.81761383242777,72.99233115851371,74.64469146728516,2630400
2021-12-08,74.37570398022635,75.24031582023763,73.43424345507526,73.95301055908203,1801000
2021-12-09,73.53991192484504,74.231594004276,72.63687216005998,72.78097534179688,1675200
2021-12-10,73.38621762770981,73.78009926426071,71.64739218194624,72.37750244140625,1299500
2021-12-13,72.26220834949794,72.52158821334139,69.54348754882812,69.54348754882812,2955700
2021-12-14,68.86140777647934,70.5233841451915,68.39067755099131,70.16793060302734,2888400
2021-12-15,70.47535946298767,71.49367609807835,68.78456363181961,71.03255462646484,3098600
2021-12-16,72.53120340960653,72.80980096448185,67.9968011760647,68.29460906982422,3320700
2021-12-17,67.24746203795426,69.32253009894772,66.30599434449056,68.76533508300781,3681500
2021-12-20,67.41079064294226,67.95837694901319,66.23876201220261,67.80467224121094,2950700
2021-12-21,68.40989162383188,69.6011305027094,68.31382527268563,69.32254028320312,1772900
2021-12-22,69.40900021630365,71.29192861600077,69.34175303522136,71.0901870727539,2675600
2021-12-23,71.46486541421878,73.36701186648305,71.46486541421878,72.76177978515625,2084800
2021-12-27,72.83860954916796,74.44294013562582,72.54080169869988,74.2123794555664,1692300
2021-12-28,75.00012688891512,75.31715236988636,73.56871880279039,73.71282196044922,1671000
2021-12-29,73.5495287161633,73.8281263042571,71.19586979968616,71.5705337524414,2138800
2021-12-30,71.85872915035571,72.84822648039562,71.74344513281403,71.82990264892578,1308300
2021-12-31,71.41682170546807,71.89716085816902,71.19586979968616,71.5705337524414,1269600
2022-01-03,71.54169207988978,72.23338141498232,69.85089674181822,70.62904357910156,2061700
2022-01-04,71.34956485234879,71.76265676089048,69.91815642342691,71.38799285888672,5905500
2022-01-05,71.25350885391055,71.36879289027522,65.72960854348113,66.26759338378906,6245900
2022-01-06,67.88151689219218,68.25618075837255,65.47982168365539,67.81426239013672,4383300
2022-01-07,67.60292057681363,67.90072844258975,66.22915059980005,66.76712799072266,2937600
2022-01-10,66.81517039647765,66.81517039647765,64.55757080841853,66.58460235595703,3005600
2022-01-11,66.92083052616431,69.14960311066152,66.51734021073104,68.86139678955078,3126800
2022-01-12,69.26488620730856,70.22556426102821,68.02561063848319,69.30331420898438,2577900
2022-01-13,69.57231769917774,70.39850158757396,67.03612768390353,67.11298370361328,3778900
2022-01-14,66.10424722505665,66.92082934398141,65.1339677751994,66.67105102539062,2946500
2022-01-18,65.3357184154514,66.43089084268733,64.81695137159352,65.28768157958984,2782900
2022-01-19,66.04661553975858,66.23874821684478,64.24054345521606,64.2501449584961,1648000
2022-01-20,65.10515419103646,66.72870258975458,64.2981880731789,64.44229125976562,1689500
2022-01-21,63.702564644492234,64.97065948669076,62.895598530998846,63.231834411621094,1957200
2022-01-24,61.531436461200286,63.10694799020076,58.72625444773664,62.83795928955078,4461000
2022-01-25,61.24322929546031,63.24144151623301,60.44586470793193,62.21351623535156,3302500
2022-01-26,63.69297364992081,64.51915756685482,61.74279056173882,61.99256896972656,4259400
2022-01-27,63.702566337062635,65.0571260584931,63.39514961955534,63.40475845336914,3718100
2022-01-28,63.49122155965083,65.54707974264436,62.72268336291238,65.50865173339844,4423200
2022-01-31,65.5374586996211,68.41949289165797,64.95144449422224,68.36185455322266,3496700
2022-02-01,68.84220250842992,69.6299583298518,68.07365702584583,69.6107406616211,2287800
2022-02-02,70.12951444502515,70.41772086080324,68.99591378136817,70.30243682861328,2407800
2022-02-03,68.46752622209713,69.3321379938873,67.9871871632573,68.12168884277344,1769900
2022-02-04,67.64135783190049,68.76534960426405,67.08416269829706,68.14090728759766,3417500
2022-02-07,68.06403766030414,68.79415502284999,67.3915659641381,67.94876098632812,3496000
2022-02-08,64.9610519596649,65.95054917206598,61.944523488515465,63.769805908203125,8759600
2022-02-09,64.84577051340514,66.57499399218612,64.74009533806897,66.12347412109375,3520400
2022-02-10,64.36543661175352,66.11387056683738,63.22222725787044,63.40475845336914,4075500
2022-02-11,63.414371747948415,63.64493246994908,59.92710876159314,60.29216384887695,5143900
2022-02-14,59.619694235214695,60.263346911443364,58.04417880781828,58.18828201293945,5940300
2022-02-15,59.86946654276178,60.3498056540899,58.841541137695316,60.042388916015625,3534700
2022-02-16,59.677332517701224,60.05199645295451,59.26424057249971,59.754188537597656,2175500
2022-02-17,59.15235921292147,59.66270721910139,56.17692704483045,56.24433135986328,4065300
2022-02-18,56.927999097396935,57.52501392208378,55.73397679454174,56.94725799560547,3921800
2022-02-22,55.522137503494776,57.68871415478608,55.522137503494776,55.87841796875,4641200
2022-02-23,57.9294379571908,58.76717980019728,54.67475772668474,55.83989715576172,4226600
2022-02-24,53.53851578846887,56.94726399185901,53.066685589085836,56.58135223388672,4292300
2022-02-25,57.101331226865966,58.796077706357984,57.01466801287763,58.747928619384766,4212400
2022-02-28,57.833149524443414,58.87310432527492,57.40946110614304,57.89092254638672,3509600
2022-03-01,57.71760282579768,58.13166000627363,55.33918553305734,55.608802795410156,3078300
2022-03-02,56.27320890741005,58.160540447382225,55.55101678433788,57.900550842285156,3548800
2022-03-03,57.900562822252375,58.179807709274115,55.387333126237756,55.637691497802734,3816200
2022-03-04,54.85771507764961,55.41620841177604,53.201486626240474,53.81775665283203,3637800
2022-03-07,53.24964235329329,53.68295844761207,49.20536492841764,49.26314163208008,7045400
2022-03-08,50.09125472448014,51.48749380421761,49.20536365750323,50.33198547363281,5375000
2022-03-09,52.392642723437355,53.51926459600871,51.7089682431752,52.931880950927734,4897400
2022-03-10,51.708965765547426,52.70077527877884,50.96751461574714,51.46823501586914,3426000
2022-03-11,52.46967727067485,52.72966325506615,50.28384156220923,50.35124588012695,3386000
2022-03-14,50.736408487002734,51.04454353455401,48.675753979031235,48.964630126953125,4425100
2022-03-15,49.06091735700411,50.29345736461543,48.67574676799608,50.14902114868164,3419400
2022-03-16,51.75710084997729,53.76960966251607,50.94824554557752,53.4036979675293,3462200
2022-03-17,52.99929053281685,55.77250653261079,52.67189651812809,55.52214813232422,4110200
2022-03-18,56.051752381981785,57.34206947399338,55.36807786728985,57.265037536621094,4677700
2022-03-21,57.22651643218536,57.86204549022374,55.676209753555106,56.23470687866211,2401200
2022-03-22,56.81245597877519,58.34350366818443,56.658388448474994,57.91981887817383,2841200
2022-03-23,57.15910939733744,57.90056054202692,56.552466883817004,56.79319763183594,3282400
2022-03-24,57.44798276992171,57.707972405945,56.61986844923852,57.053184509277344,2469500
2022-03-25,57.255399291932434,57.66945646562185,55.993972543805754,56.48506164550781,3898900
2022-03-28,56.65838599736039,57.11096095508933,55.16585617340987,56.40802764892578,2485400
2022-03-29,57.31316823758295,59.9804649619277,57.31316823758295,59.48937225341797,3417600
2022-03-30,58.93088177919583,59.36419781564582,56.62949665292288,57.110958099365234,2692000
2022-03-31,57.101329072571176,58.07388328988814,56.2828460505404,56.30210494995117,3452200
2022-04-01,56.70652917227801,57.87166500337363,56.379135238314184,57.56352996826172,2667800
2022-04-04,57.900555665396915,59.23901792392968,57.49612613269282,57.71759796142578,1912300
2022-04-05,57.293916951491425,57.47687099417314,54.549587944967534,55.348812103271484,3073100
2022-04-06,54.414771674542635,54.559211579408526,53.259267128653015,54.21255874633789,3142100
2022-04-07,53.779240593908185,54.16441120959119,52.334856294985755,53.740726470947266,3540400
2022-04-08,53.47110535119987,56.16729230339629,53.442218840782935,55.56064987182617,4032400
2022-04-11,55.03105398065433,55.127344816707044,53.769623458108065,54.174049377441406,2885700
2022-04-12,54.501436348518915,55.425845152653885,52.86447030673252,53.442222595214844,2903600
2022-04-13,53.99109349238314,54.62662253929832,53.567408685526296,54.39552307128906,1572800
2022-04-14,54.385887082186805,54.79031662612825,53.13408799778999,53.20149230957031,1825400
2022-04-18,52.94150391359318,53.22075245364714,51.88229012662523,52.52744674682617,2725500
2022-04-19,52.58522977646266,54.520703543296726,52.24820449585293,54.33774948120117,3427600
2022-04-20,54.8095768816952,56.23470619277229,54.48218657915513,55.78213119506836,2122500
2022-04-21,56.95688921091152,57.13021562131477,51.42971032271078,51.87265396118164,4008300
2022-04-22,51.64155439356261,51.911171620920584,49.76385406797569,49.85051727294922,3101200
2022-04-25,49.609790410757235,51.07343372333309,49.01277921525245,51.034915924072266,3805500
2022-04-26,50.70752438675325,50.81344650312472,48.77205079765701,48.99352264404297,4870600
2022-04-27,48.80093957743289,50.13940200478955,48.540949917885506,49.76386260986328,4228900
2022-04-28,50.331985711329956,51.13120989219619,48.155777671686984,50.6304931640625,4756500
2022-04-29,50.486055514539935,51.949698982899925,48.935748825248766,49.0801887512207,4619100
2022-05-02,48.810554624732056,51.01564868285535,48.67574602262127,50.97713088989258,5681500
2022-05-03,50.25494408649207,54.16441232513278,49.3690567947388,52.27708435058594,6928100
2022-05-04,52.37337798430855,55.666576340741834,52.22894174763537,55.223628997802734,5456400
2022-05-05,53.942947867703474,54.80957637928171,52.55634004522242,53.30741882324219,6069800
2022-05-06,53.06668287173289,53.798502676944004,50.02384658212768,51.56452178955078,4837100
2022-05-09,50.688261816930186,51.997837573160936,47.68394334121575,48.01133728027344,6135000
2022-05-10,49.118701709553875,50.26458245600354,47.64543066212982,49.26314163208008,3805400
2022-05-11,48.52168783450907,50.13939871676729,47.597282665578554,48.29058837890625,6939500
2022-05-12,47.50099130670802,48.492800778535376,45.748468142811966,46.509178161621094,10746000
2022-05-13,47.89542252100133,50.600286207260766,47.88576022727041,49.817806243896484,4879400
2022-05-16,49.02567020241335,49.856450622058084,48.407416034794636,49.20921325683594,2540900
2022-05-17,50.65824667812741,51.34412583431062,49.56664330077533,51.27650451660156,4567700
2022-05-18,50.21387329356066,51.14125445581856,48.49435359457183,49.03532409667969,4415600
2022-05-19,48.11760878263284,49.45071791996123,48.059646073802526,48.745521545410156,2885100
2022-05-20,49.91441199080773,50.79349655270676,48.272175662866935,50.0013542175293,3579400
2022-05-23,50.503680229010605,51.23785975765949,49.62459946437315,50.18489456176758,2593000
2022-05-24,49.305812002808885,49.450713233524255,47.56697143862882,48.29148864746094,4140000
2022-05-25,47.199882309870254,49.21887043916757,47.17090280036218,48.880760192871094,2506400
2022-05-26,49.18989585025933,52.94772890917014,48.99669417295836,52.59029769897461,3833300
2022-05-27,53.18921952608525,54.33878539265038,53.13125682836926,54.135921478271484,2656700
2022-05-31,53.48869392484855,53.82680419504437,52.223206119076345,52.947723388671875,4388300
2022-06-01,52.77384116350456,53.83646506279724,51.75951768052781,52.609615325927734,2323700
2022-06-02,52.686898717008994,54.75418748129592,52.02034044538069,54.43539810180664,2611000
2022-06-03,53.49835806542376,54.46438112489649,53.218210493756146,53.44039535522461,2587300
2022-06-06,54.242200586656466,55.72021480622352,53.66258449372477,54.5899658203125,2782700
2022-06-07,53.95238331792354,55.30481699802286,53.95238331792354,55.015010833740234,1947200
2022-06-08,54.3387961920905,54.58996056194078,52.81247801465386,52.98636245727539,1597400
2022-06-09,52.648253834283864,52.7448546608631,51.32480334770465,51.363441467285156,1395100
2022-06-10,50.233201974735415,50.561649981204425,48.83246772111507,49.31547927856445,1947300
2022-06-13,47.180559767428214,47.53798721757429,44.95870777868647,45.17123031616211,3242700
2022-06-14,45.45137915484643,46.07929554768411,45.04565128384493,45.49967956542969,3394700
2022-06-15,46.36909770772649,47.779490211916155,45.83778586684242,47.03565216064453,3323800
2022-06-16,45.08428937009853,45.69288486126523,42.77549510601459,43.528995513916016,3510200
2022-06-17,43.393752300211624,44.891090929647504,43.393752300211624,43.644920349121094,6186100
2022-06-21,44.78482457674648,45.63492580504738,44.61094015084209,44.79448318481445,2383000
2022-06-22,44.02166640738155,45.113273394295874,43.8671028797279,44.2631721496582,2559000
2022-06-23,44.52400605488037,45.93439893537443,43.799488709889964,44.813812255859375,2703900
2022-06-24,45.63492262178181,46.93905204001004,45.287153794231656,46.91973114013672,4085200
2022-06-27,47.09361679647288,47.5669696431466,45.895746768314964,46.8231315612793,2870800
2022-06-28,47.48002983366793,48.349448284339545,46.629928599270784,46.91007614135742,5603200
2022-06-29,46.97769609015121,46.97769609015121,44.95870802023282,45.74118423461914,2394500
2022-06-30,44.591617223222826,45.56729873749456,43.38408858991947,44.717201232910156,2552100
2022-07-01,44.32113955366263,45.383763458312416,43.635260372210645,45.14225769042969,2350000
2022-07-05,44.03132723079545,46.069632532092854,43.30681002815249,46.0309944152832,2067400
2022-07-06,46.28215819363682,46.987354486741985,44.94904552518944,45.73152542114258,3089500
2022-07-07,46.349776808138095,47.509004987848215,46.349776808138095,47.03565216064453,2715500
2022-07-08,46.70720865289228,47.1322611138462,45.490021344445,45.934391021728516,1739700
2022-07-11,45.34511674942554,45.857111427850775,44.98768928341938,45.66390609741211,1811200
2022-07-12,45.663905534957955,46.687891194110556,45.04565143323757,45.08428955078125,2259500
2022-07-13,44.09895149447502,45.09395400683707,43.355113341076624,44.601280212402344,2267900
2022-07-14,43.73186812058048,44.34046373242159,42.89142901809521,44.27284240722656,3341500
2022-07-15,45.08429261538553,46.68789436771964,44.39841715498492,46.6009521484375,2773500
2022-07-18,47.518675699368124,48.03067045616726,46.88110059088297,47.05498504638672,3334300
2022-07-19,47.88575894860481,49.102949970225076,47.84711714488364,49.064308166503906,2702400
2022-07-20,48.79381785062205,50.16557236338828,48.590953914430074,49.8564453125,2233600
2022-07-21,49.305811703221714,50.81280512998142,48.30114696199187,50.667903900146484,3096000
2022-07-22,50.81281021563066,51.61461110428958,49.26717483218454,49.58596420288086,2232600
2022-07-25,49.52800349206589,50.503685176271965,49.354119043777985,50.36844253540039,1801200
2022-07-26,50.175232805459956,50.40707994464298,48.90974504622029,49.363773345947266,1458200
2022-07-27,49.730865102651805,51.02533610922607,49.61494337096788,50.841793060302734,1664500
2022-07-28,51.199225115516036,53.57564109494771,51.015682050223354,53.55632019042969,3366300
2022-07-29,53.55630547408204,54.33878530916451,53.343782952952694,53.575626373291016,4572000
2022-08-01,52.72553821984386,54.560979747468075,52.522670584904326,53.64325714111328,4048700
2022-08-02,51.55665322320265,52.087965205695795,50.17523985766901,50.465049743652344,4516700
2022-08-03,50.97703768021201,52.049323874036084,50.03999412613412,51.4793701171875,3857800
2022-08-04,51.57596966577972,52.06864348125846,50.67756794116364,51.431068420410156,2649800
2022-08-05,50.55197749682786,51.228190543592696,50.30080949224258,50.638916015625,2305400
2022-08-08,51.10262444853737,51.96238443448712,50.70655511731044,51.015682220458984,2407400
2022-08-09,50.658250016142595,50.73553363295134,49.40242072368594,49.991695404052734,1680700
2022-08-10,51.56630914306624,53.61427688598633,51.56630914306624,53.61427688598633,2943600
2022-08-11,54.61894155254727,55.58496455693579,54.29049358365176,54.73486328125,4157400
2022-08-12,55.21435339978556,55.38871481140038,54.478163647006994,55.33059310913086,2030100
2022-08-15,54.73002034085169,55.776188875042486,54.59440672238858,55.71806716918945,2044100
2022-08-16,55.233727272555555,55.87305121642138,54.526596523673184,55.40808868408203,1981200
2022-08-17,54.57503298564426,55.214356971187094,53.57730105090769,54.768768310546875,2456000
2022-08-18,54.662211163710204,54.75907697407517,53.78071898669133,54.08100891113281,2145700
2022-08-19,53.141393991741275,53.4126212116151,52.02741871835597,52.39551544189453,1839500
2022-08-22,51.339656850236366,51.67869084192473,50.71970686818143,51.26216125488281,1710200
2022-08-23,51.2718612425038,52.07585789621381,51.04906690002527,51.17499542236328,1566800
2022-08-24,50.99094521473675,51.91118528727994,50.8843905954157,51.49465560913086,1158800
2022-08-25,51.82400586546525,52.71518325805664,51.3977910727295,52.71518325805664,1173000
2022-08-26,52.453632924983964,52.81204082173064,50.012577056884766,50.012577056884766,1385600
2022-08-29,49.34420615166737,50.40005997350954,47.804015782103,49.547630310058594,2427000
2022-08-30,50.0416423298915,50.16757084271267,48.462704453606364,49.111717224121094,2287200
2022-08-31,49.198899067101706,49.770416244370985,48.69518869940726,48.976104736328125,2638300
2022-09-01,48.18179606765934,48.578951845085335,46.786904599475015,48.55957794189453,2386400
2022-09-02,49.47012236026272,49.47012236026272,47.34873014018247,47.70713806152344,2327700
2022-09-06,47.53278467944622,47.707146118235016,45.992594433608126,47.00001525878906,3602000
2022-09-07,46.85470940489788,48.18179400263392,46.128204694753904,47.88150405883789,3009100
2022-09-08,47.31966751865028,48.617689292980344,47.077499304746866,48.50144958496094,2086000
2022-09-09,49.02453561815166,50.0125824106652,48.98578781565455,49.886653900146484,2132700
2022-09-12,50.46785772078097,51.359038729862434,50.245063392309085,51.02968978881836,2143300
2022-09-13,49.005160480296766,49.712291229653054,48.12366831929714,48.43364334106445,2881300
2022-09-14,48.65643653266453,48.976100345021806,47.88149899615338,48.56925582885742,3504700
2022-09-15,48.307720949375536,49.01485178825305,47.74589253699368,48.08492660522461,5377100
2022-09-16,47.155002793801955,47.242183513196345,45.87635470614703,47.00001525878906,6309800
2022-09-19,46.2153852593837,48.007432422434434,46.19601135708545,47.9589958190918,2793400
2022-09-20,47.358422329882934,47.61996448303626,45.982908444996056,46.18632888793945,3838400
2022-09-21,46.8159637362308,47.077502171401704,44.63644967838454,44.675193786621094,2982200
2022-09-22,44.55895673316468,44.73331816382303,43.16406898309202,43.69683837890625,4181500
2022-09-23,43.2996830561915,43.36748986935003,41.57544263463325,42.51505661010742,5820500
2022-09-26,41.99197307074436,43.270621135092945,41.88542214471051,42.29226303100586,5711300
2022-09-27,43.08656800499273,43.36748401886351,41.84666793714057,42.55379867553711,3709800
2022-09-28,42.58286261537254,43.83245162591937,42.32132047163989,43.609657287597656,4032000
2022-09-29,42.78628700241873,42.98002235217128,41.39139913555037,41.94354248046875,4531800
2022-09-30,41.81760381890168,42.86377223702364,41.585124411670286,41.652931213378906,4107100
2022-10-03,42.01133865367369,43.01875926096886,41.17827944745629,42.59254455566406,4196600
2022-10-04,43.57090909182278,46.079772194194504,43.57090909182278,45.90541076660156,5245900
2022-10-05,44.55895147050164,46.01196075758321,44.55895147050164,45.80854034423828,2382100
2022-10-06,45.48888393216691,46.15727067794985,45.353270301194804,45.56637954711914,3630600
2022-10-07,44.63645409516161,44.956114267108596,43.36749112120409,43.4934196472168,4139100
2022-10-10,43.61933721474966,43.89056812524328,42.602231462181194,43.58059310913086,4073600
2022-10-11,43.067192412007685,43.32873451514055,41.924158196179704,42.75721740722656,4993900
2022-10-12,42.70878810557034,43.31905306432056,42.166329953881935,42.98970413208008,3410400
2022-10-13,41.32359242375655,44.30710721011793,40.461473995093336,44.093997955322266,4729800
2022-10-14,44.597702004969435,45.02391675836543,42.766910782272305,42.931583404541016,2805000
2022-10-17,44.307102810603034,44.62676296586111,43.50310248021299,43.764644622802734,2907800
2022-10-18,45.12078959413005,45.488882669351625,44.29741533649461,44.985172271728516,2167700
2022-10-19,44.24898565866314,44.77206999769995,43.803396938088575,44.33616638183594,2258000
2022-10-20,44.34584187880244,45.130468217364516,43.260929321743774,43.50309753417969,2413500
2022-10-21,43.493417914845836,44.8883056640625,42.93158581747057,44.8883056640625,2503300
2022-10-24,45.004549253870806,45.10141877649914,43.97775818037166,44.810813903808594,2729000
2022-10-25,44.878621837031574,46.11852209383281,44.878621837031574,45.7891731262207,5846800
2022-10-26,45.595429709080925,47.31966616010867,45.178900097510066,46.72877883911133,3705200
2022-10-27,47.135623368106295,47.726514430868505,46.61253911301904,47.20343017578125,3330100
2022-10-28,47.18405608300616,47.88150175362861,46.321937793038884,47.83306884765625,4017200
2022-10-31,47.43592018050921,47.794328172386884,47.08719729319281,47.106571197509766,3895200
2022-11-01,47.85244694032305,49.39263713438527,47.18406021570343,47.92025375366211,4136300
2022-11-02,48.55957969889347,50.52598475398176,47.929940755590216,48.278663635253906,3744600
2022-11-03,47.125930407622725,47.55214508411574,46.29287125771947,46.96125411987305,2369900
2022-11-04,47.804001813575915,49.82852813928751,47.47465290955415,49.72197723388672,3009200
2022-11-07,50.33223013017056,51.30090278253809,50.06100296996938,50.89406204223633,3441500
2022-11-08,50.98125593676848,51.93055493860593,50.274125160762836,51.01031494140625,2928100
2022-11-09,50.370993434792695,50.584102666401996,48.78237038692644,48.91798400878906,2475200
2022-11-10,51.45885866481531,54.801354935568526,51.21594486404873,54.78192138671875,6769600
2022-11-11,54.830508302845175,55.91876118963902,54.3543955799268,55.46208572387695,6603000
2022-11-14,54.61673019368273,54.98596015540842,52.070994966833815,52.10014343261719,3105000
2022-11-15,53.42160940962343,54.15035090454538,52.01270844479347,52.63456726074219,3339400
2022-11-16,52.148742338358645,52.411089735107836,51.147938485500376,51.633766174316406,2260200
2022-11-17,50.574652287576924,50.82728471460145,49.87506306585843,50.467769622802734,2576600
2022-11-18,51.25481154814234,51.25481154814234,49.98194190803165,50.37060546875,1419700
2022-11-21,49.700159008884974,50.44833016147714,49.23376130697428,49.875057220458984,2627900
2022-11-22,49.75845522183327,50.535778536155455,49.21433075509272,50.380313873291016,2914500
2022-11-23,50.2054271288963,50.85643810156942,50.14713018361596,50.60380935668945,1010000
2022-11-25,50.26371630278518,50.67181335941053,49.91391988469771,50.380313873291016,783400
2022-11-28,49.991659567916194,50.17627271706991,49.06858640900695,49.11716842651367,1722600
2022-11-29,49.25319955816066,49.51554690058141,48.81595769402974,49.11716842651367,1833100
2022-11-30,49.36980336758735,50.53578667353475,47.3584773462864,50.44833755493164,8686300
2022-12-01,50.730119095901806,51.44914560304749,49.43781955653654,51.060482025146484,6561400
2022-12-02,50.09854120988862,50.92444661039075,49.18518299045728,50.76898193359375,3864400
2022-12-05,50.419179269348845,50.61351101803378,47.57222971483844,48.164939880371094,2635600
2022-12-06,48.096936475295884,48.49531499278803,47.38762856398405,47.659690856933594,2288400
2022-12-07,47.30989168814624,47.601391221625164,45.92042441642668,46.00787353515625,4520300
2022-12-08,46.29936927973962,47.01839201350127,46.27021710483507,46.90179443359375,3904500
2022-12-09,46.85321923769516,47.203015734906025,46.50342274048428,46.63945388793945,1972500
2022-12-12,46.32851713155043,47.066973403231245,46.32851713155043,46.9600944519043,3005700
2022-12-13,49.088021639656475,49.95279418325271,47.84430415732215,48.52445983886719,2422300
2022-12-14,48.437010925998784,49.02000627822947,47.39734014374346,47.9511833190918,2767600
2022-12-15,47.0475469383942,47.0475469383942,45.99816116207385,46.12447738647461,3034800
2022-12-16,45.395728083271365,45.85240346609285,44.492088531301256,45.25969696044922,4228700
2022-12-19,44.88075727789407,45.1528232842127,44.22003137287443,44.696144104003906,2968600
2022-12-20,44.385207113273346,45.08480000051544,44.2686095342564,44.91961669921875,2568400
2022-12-21,45.58034336341368,46.590865618416764,45.31799602567806,46.29936981201172,3629400
2022-12-22,45.405446461599325,45.726094452589365,44.2103110259072,45.288848876953125,3690700
2022-12-23,45.2014069457588,45.59978548763778,44.62813014582845,45.54148483276367,1666300
2022-12-27,45.19168146942633,45.279130585202125,44.433791603749725,44.589256286621094,2705000
2022-12-28,44.356065045104806,44.841892685438616,43.753636102359955,43.918819427490234,1577900
2022-12-29,44.278330173608424,45.57063345649899,43.977115706793086,45.41516876220703,1417600
2022-12-30,44.511522462628164,45.21111162983455,44.414354726509124,45.10422897338867,1712900
2023-01-03,45.949571328353635,46.46454735376635,44.99734975939704,45.35686111450195,4108200
2023-01-04,46.1536225825644,47.07669577552979,45.75524409379877,46.73661422729492,2865400
2023-01-05,46.41596505775841,46.59086327411518,45.87183686169623,46.056453704833984,2393500
2023-01-06,46.61030341574484,46.96009989794917,45.67751156100974,46.81435012817383,2388600
2023-01-09,47.44592897422638,48.67021299284973,47.13499587541573,48.232967376708984,2929100
2023-01-10,47.990060728224854,48.87426701451073,47.98034580489041,48.70908737182617,2494700
2023-01-11,49.15603226052051,51.0118933760334,49.15603226052051,50.74954605102539,3862000
2023-01-12,51.400563772009605,52.21675432335523,50.67182234068567,52.14873504638672,5687600
2023-01-13,52.1292978066162,52.88718760155219,51.798934923028966,52.46937561035156,3012900
2023-01-17,52.46938208316539,53.07180728405828,51.98355447128423,52.01270294189453,3642600
2023-01-18,52.22646511257387,52.52767954805356,51.429708173893715,51.50743865966797,2238400
2023-01-19,50.70096931121275,51.089632879043606,48.13580014192647,49.06858825683594,5307300
2023-01-20,49.43782016150956,51.740642066340726,49.20462127060117,51.67262649536133,5984700
2023-01-23,52.05156986304183,52.99407661298199,51.52687515442129,52.36249923706055,2593200
2023-01-24,52.28476175214497,52.692855110985555,51.575453980895844,51.85723114013672,2094700
2023-01-25,50.837005568437895,52.080723180254815,50.19571321152343,52.05157470703125,2167700
2023-01-26,52.55683286551198,53.819983955080154,52.26533703046865,53.75196838378906,2710900
2023-01-27,53.62565396532814,54.412696082312785,53.324443198506344,53.9268684387207,2546400
2023-01-30,53.198121133703076,53.63536670625306,52.799742657950944,52.88719177246094,2262300
2023-01-31,52.85804699748147,54.22808074951172,52.790031426616686,54.22808074951172,2720200
2023-02-01,54.072608168475504,55.77300460513737,53.33414821173168,55.37462615966797,3092300
2023-02-02,56.356000106004004,57.24992108715237,55.802156953212005,56.36571502685547,3472500
2023-02-03,55.22888729930815,56.78353429383804,55.19973882646409,55.53010177612305,2662600
2023-02-06,54.48071092864655,54.704191196927255,53.61593832764751,54.43212890625,3043200
2023-02-07,54.6264561679167,57.68716780368123,53.81998057811001,57.26935577392578,6339500
2023-02-08,56.987584849343804,58.8142941453089,56.2782732182912,56.61835479736328,4691100
2023-02-09,56.958423672036744,57.40538785659312,55.9673349774347,56.06450271606445,3992800
2023-02-10,55.53981493726921,56.52118512646886,55.13172150410818,56.346290588378906,2548900
2023-02-13,56.59891828156597,57.590007080812775,56.52118408245456,57.42482376098633,2877600
2023-02-14,56.84183893670714,57.939810538623604,56.3365777013701,56.939002990722656,3091900
2023-02-15,56.84183187198265,57.44425708646133,56.4823204689227,57.23049545288086,2619400
2023-02-16,55.890943534156655,56.757997857991214,55.696098988987515,56.06630325317383,3011900
2023-02-17,55.70584487915039,55.90068942998206,55.10183011628783,55.70584487915039,1936700
2023-02-21,54.72188034940435,55.03363385359274,53.99121608734383,54.263999938964844,2404100
2023-02-22,54.400393463127145,54.95569804026839,53.60153411649058,54.07889938354492,1844500
2023-02-23,54.6926498774442,54.96542998732463,53.75740060098248,54.458839416503906,1910000
2023-02-24,53.55282395297253,53.86457376089271,52.72473550614948,53.61127471923828,2648600
2023-02-27,54.468581547627,54.87775544064498,54.039926545925155,54.21528625488281,3023700
2023-02-28,54.22502990655788,55.41357828708289,54.127609492172475,54.897239685058594,2966500
2023-03-01,54.03991708657858,55.11155626142469,54.03991708657858,54.50754165649414,2020200
2023-03-02,54.00095437419129,54.48806382824941,53.465134717997394,54.371158599853516,1890100
2023-03-03,54.5660035228177,55.491512298583984,53.85482411223006,55.491512298583984,1784700
2023-03-06,55.39408816022709,55.91042299649227,54.9849142829913,55.60841751098633,1974200
2023-03-07,55.28692425561491,55.58893346168147,54.25425085233759,54.410125732421875,2861900
2023-03-08,54.70239482091213,55.569449080571964,54.46858064074472,55.530479431152344,2968200
2023-03-09,55.462285242088804,55.51099544642524,52.96828338674897,53.04622268676758,3543400
2023-03-10,52.14020463803449,52.50066465035363,47.56137430390596,49.012962341308594,10674000
2023-03-13,46.99632552571678,49.25651327621165,46.37282225286431,48.54533386230469,5910700
2023-03-14,50.2502273459203,51.078312166626034,49.11038896697283,49.558528900146484,4010600
2023-03-15,48.00951044685722,49.35393368828364,47.73673031997524,48.54533386230469,3122400
2023-03-16,47.83414978514441,49.36367326577008,47.36652512702482,48.4576530456543,4595900
2023-03-17,48.077701158429655,48.3310001532168,46.236428034727695,47.191162109375,4769300
2023-03-20,47.054777125959234,47.580856279775375,46.57741189539873,47.347042083740234,4244200
2023-03-21,48.27254625981162,50.074853473591496,48.009506708081034,49.71438980102539,2931200
2023-03-22,49.77284393498491,50.7080931905433,49.032439203422065,49.06166458129883,2601900
2023-03-23,49.50980150740515,50.39634050952425,48.40893316971331,49.2662467956543,3090100
2023-03-24,48.03873885523237,48.87656404955797,47.24962014989436,48.75965881347656,3184200
2023-03-27,49.72413946788142,49.82155988293984,48.691465973049375,49.120121002197266,2405600
2023-03-28,49.305220848499886,49.51955020322999,48.66223650065986,49.05192184448242,2085400
2023-03-29,49.685160052025516,49.95794013366742,49.120111349938846,49.81180953979492,1984400
2023-03-30,50.46454139572694,50.6009314555406,49.714392350401425,50.02614212036133,1829300
2023-03-31,50.46454620005842,51.224439588485744,50.367125781302725,51.165985107421875,2007200
2023-04-03,50.89319571285637,51.078295961393685,49.74361714197176,50.5911865234375,2236500
2023-04-04,50.873712017820075,50.94190704333859,49.334444375887564,49.69490432739258,2066400
2023-04-05,49.11037828599982,49.24676834761964,47.94131477499347,48.525848388671875,2951500
2023-04-06,48.22384234462381,48.55507696594798,47.86338234141391,48.03874206542969,2388700
2023-04-10,47.736731249590335,49.178574931166914,47.68802104260577,49.10063934326172,3326600
2023-04-11,49.63646341597597,50.80552706812244,49.49032906582607,50.17228317260742,3212000
2023-04-12,50.73733497656341,50.922435276668864,49.831310872242554,49.96770095825195,2237100
2023-04-13,50.48402597187109,50.902940420004036,50.065111523738146,50.659385681152344,1697500
2023-04-14,50.71784684301404,50.96140161397604,49.8215633533714,50.571712493896484,2188300
2023-04-17,50.61067800952622,51.05881785951696,50.36712325848552,50.97113800048828,1636500
2023-04-18,51.54592131188521,52.19864990056874,51.28288176567096,51.66282653808594,3192200
2023-04-19,51.068555903969774,53.01699381651529,51.068555903969774,52.529884338378906,2651000
2023-04-20,51.79922392839299,52.12071799144085,51.360828338928684,51.59463882446289,3537900
2023-04-21,51.60438442452403,51.73103022563629,50.873720134804024,51.165985107421875,2957900
2023-04-24,51.33159772370848,51.49721688605459,50.91268325679547,51.136756896972656,2305600
2023-04-25,50.883451667405645,50.96139096167049,49.69490344431743,49.7241325378418,3531000
2023-04-26,49.6851698446584,49.977434806356854,48.80837124321241,49.00321578979492,2792300
2023-04-27,49.42212965838654,50.133309085796725,48.96424553698318,50.035888671875,1961300
2023-04-28,50.06511679987159,51.72128994186969,49.88975707210998,51.701805114746094,2733800
2023-05-01,51.61411955603234,52.62730815656485,51.60437900172065,51.877159118652344,2915000
2023-05-02,51.2439214372128,51.83819566269375,49.295483303229794,49.89950180053711,2858800
2023-05-03,50.13330942435967,51.27314759996443,49.63645936384261,49.987178802490234,3151700
2023-05-04,49.47083720588162,49.4805814765603,47.571113222079845,48.321258544921875,3856600
2023-05-05,48.75965204076667,50.20149547333363,48.75965204076667,50.182010650634766,4398700
2023-05-08,50.18202097433241,50.75681035497286,47.67827834586909,48.03874206542969,5085300
2023-05-09,47.38600763083981,48.4966166040079,47.376267076842836,47.74646759033203,2643600
2023-05-10,48.282294558879094,48.740174957787104,47.71724575993448,47.91209030151367,3310900
2023-05-11,47.853634861051184,48.07770477863503,47.11323007757196,47.35678482055664,2630500
2023-05-12,47.49317490579098,47.853634885010656,46.67483082029872,47.2398796081543,2529400
2023-05-15,47.11323071958528,48.126419356132395,46.85993170227325,47.843894958496094,2674500
2023-05-16,47.58085536880252,47.80492528935631,46.557926177978516,46.557926177978516,2607900
2023-05-17,47.015807808201316,48.40894129042556,46.69431746726143,48.116676330566406,2269600
2023-05-18,48.22383665095696,48.68172073364258,47.61982195974527,48.68172073364258,2329500
2023-05-19,49.00916919168188,49.59563935614235,48.45202495907515,48.901649475097656,2834000
2023-05-22,48.95052184575853,50.230974357045575,48.872324337061265,50.035484313964844,2514000
2023-05-23,49.703155745229665,50.318948117851434,48.89187704487258,48.989620208740234,2018900
2023-05-24,48.33472772443119,48.56931278450745,47.81667857016003,48.324951171875,2049900
2023-05-25,48.7354786785923,49.80089541637471,48.598636777555285,49.55653381347656,2756100
2023-05-26,50.02570779250487,50.78811480264453,49.84976713960153,50.51443099975586,1946900
2023-05-30,50.846762409435705,51.071574635030835,50.13322698159148,50.50465393066406,2583100
2023-05-31,50.53398678567461,50.71970028566919,49.54676369374845,50.3287239074707,5241000
2023-06-01,50.00615921832534,51.70691764743165,49.82044573891153,51.24751663208008,2313200
2023-06-02,51.99037709370974,53.01669888389348,51.99037709370974,52.42045593261719,2826500
2023-06-05,52.1369960930046,53.19263636668667,52.10767389138252,52.83098220825195,2443100
2023-06-06,52.508422615023555,54.00391443703098,52.44000166425603,53.30015182495117,2417800
2023-06-07,53.77910259463977,54.41444053184595,53.31970158305303,53.4663200378418,3012400
2023-06-08,53.612935195855016,53.7302314520958,52.74300846971144,53.47609329223633,2310100
2023-06-09,53.57383933977239,54.17985507294861,53.41744806254426,53.93549346923828,2109900
2023-06-12,54.25805648518037,54.697908179509675,53.95505044026895,54.41444778442383,2249600
2023-06-13,54.84451895366844,55.66557409158607,54.79564737864069,55.60692596435547,2028600
2023-06-14,55.665573011872674,56.39865780905626,55.19639918911463,55.74376678466797,2068100
2023-06-15,55.7144536085695,57.39566287554401,55.7144536085695,57.288143157958984,3081200
2023-06-16,57.38588134088306,57.561822003721055,55.88061288267461,55.90993881225586,4649300
2023-06-20,55.16707743154908,55.499409380538154,54.91294298992797,55.3527946472168,2669000
2023-06-21,55.02046483402111,55.04001421162197,54.29715277743935,54.52196502685547,3991300
2023-06-22,54.17985933696576,54.32647780219587,53.378353512009404,53.94527053833008,4533700
2023-06-23,52.782100492323025,53.00691269512869,51.8144270093526,52.38134765625,9377000
2023-06-26,52.137000805527364,52.61595127106638,51.882866334953036,51.89263916015625,6229400
2023-06-27,52.136998558809445,53.876852205704886,52.097899802355855,53.68136215209961,2390100
2023-06-28,53.427227951880965,54.600164550544946,52.899405923182776,54.482872009277344,3331700
2023-06-29,54.62947367473025,55.06932526000621,54.37533927471623,54.6881217956543,2773100
2023-06-30,54.99114160508543,55.57761177593784,54.72723431616396,54.73700714111328,3683400
2023-07-03,54.73700761373064,55.372349372140825,54.65881009881005,55.225730895996094,1342900
2023-07-05,54.64902545763851,54.71744640406877,53.964812264673974,54.023460388183594,1755800
2023-07-06,53.08511379875906,53.21217914246595,51.75578613642541,52.69413375854492,2835900
2023-07-07,52.410676401588724,54.11143482614953,52.410676401588724,53.632484436035156,1910200
2023-07-10,53.46632668946391,54.17986221896999,53.46632668946391,53.925724029541016,1887000
2023-07-11,54.38512128234511,55.27459742561104,54.0430165074976,55.04001235961914,2657300
2023-07-12,56.15430437727353,57.33701379386821,55.7926502020881,57.268592834472656,4318100
2023-07-13,58.00167441300839,59.956567377749266,57.73776341532888,59.829498291015625,5505000
2023-07-14,60.10318599057693,60.20092914759133,58.734759420400756,59.19416046142578,2687700
2023-07-17,59.07686216934802,59.85882231325293,58.84227710910639,59.31145095825195,2720000
2023-07-18,59.67310938219915,60.73852623960848,59.4385243051281,60.357322692871094,2560000
2023-07-19,60.24002211072064,61.031751300947136,59.61445701717701,59.71220016479492,4655800
2023-07-20,58.97912208829611,59.94679576602657,58.83250362151006,59.614463806152344,2811700
2023-07-21,59.88814712327052,59.91746932491287,58.969348761406195,59.12574005126953,2640900
2023-07-24,59.12573787686428,59.878368368197464,58.90092191033248,59.39942169189453,2017400
2023-07-25,59.272356265242315,59.712207944151324,59.0573168380729,59.555816650390625,1902400
2023-07-26,59.536263194592806,59.73175323056903,58.68588582605787,59.31145095825195,2004300
2023-07-27,59.829492334243255,59.829492334243255,57.7573070419553,57.79640579223633,2495800
2023-07-28,58.64679104424903,58.793409513324676,58.128745583196846,58.59791946411133,1642400
2023-07-31,58.67610172938864,58.79339797309075,57.757303525693125,58.04076385498047,2452300
2023-08-01,57.571602478343145,58.62724279862072,57.219721128696406,58.38288116455078,1568200
2023-08-02,57.44453320400737,57.67911828392595,56.90693835647611,57.58137512207031,1808100
2023-08-03,57.121970503233186,58.09941697560744,56.916707638913564,57.9039306640625,2053200
2023-08-04,58.246034079481966,59.61446060035567,57.972350266772146,58.83250045776367,3211100
2023-08-07,59.09641109760077,62.2046910871952,59.09641109760077,60.41596603393555,5203800
2023-08-08,59.67310986471818,60.29867504684942,58.529499215258745,59.80995178222656,3451700
2023-08-09,59.809950508358,60.357321895395884,59.30167787653621,60.18138122558594,4422800
2023-08-10,60.973114561173254,62.01898203241132,60.611456666511465,60.904693603515625,4354000
2023-08-11,60.533255582628406,60.611449355378355,59.44828948683995,60.51370620727539,2093300
2023-08-14,60.1911561426129,61.021984160727776,59.92724514507157,60.38664245605469,2441400
2023-08-15,59.692662874670525,59.81973197522936,58.9204791747048,59.086647033691406,2043400
2023-08-16,59.1699505811555,59.1699505811555,57.88599344723401,57.96440124511719,3338700
2023-08-17,58.1310205279536,58.67988629798336,57.68996500641709,57.97420120239258,2232100
2023-08-18,57.24891509820194,59.130750928317994,57.07249287228894,59.003334045410156,2205600
2023-08-21,59.003331272871165,59.35617570811718,58.02320950335127,58.67008972167969,2087100
2023-08-22,59.071935663165235,59.18954922099012,57.71936666214241,57.86638641357422,2403600
2023-08-23,58.150626186218055,59.14054752502784,57.8467870926884,59.02293395996094,3819600
2023-08-24,59.31697224905075,59.67961627100683,58.15062864391203,58.36625289916992,2609800
2023-08-25,58.42505565487893,58.67988565404378,57.21950640182032,58.31724166870117,1980900
2023-08-28,58.68969087877711,59.45418464006952,58.415254248956764,59.4345817565918,4215500
2023-08-29,59.44438826628609,60.60093228162754,58.98372982694238,60.49311828613281,3502500
2023-08-30,60.571524679215734,60.89496665819117,60.15987533019373,60.640132904052734,4135000
2023-08-31,60.767550962586995,61.679064526135235,60.47351517344484,61.56145095825195,8895100
2023-09-01,62.02210299913436,62.05150919399596,60.76754835849347,60.96357345581055,3926600
2023-09-05,60.97337525441271,61.32621969469276,60.48331436266105,60.747947692871094,5758100
2023-09-06,60.30689275250812,60.649937623524806,59.826635167499845,60.49311828613281,3483500
2023-09-07,59.856031078981346,60.287283274930424,59.29736201693942,60.15987014770508,3865100
2023-09-08,60.14027399092999,61.610456684689225,59.97365134142595,61.571250915527344,3700100
2023-09-11,62.19853273788916,62.286743855410634,61.56145576811693,61.943702697753906,3542400
2023-09-12,62.041711312733376,62.943425343764154,61.98290639559899,62.52197265625,3360900
2023-09-13,62.53176362389602,63.0316240450882,61.943692100273736,61.963294982910156,3957700
2023-09-14,62.77679966138792,62.865007027583566,61.94369394937489,62.4533576965332,4974400
2023-09-15,62.286736794071125,63.29626474433913,62.19852568654999,63.119842529296875,8069900
2023-09-18,63.08063921855541,63.34526881255752,62.67878943283452,63.17864990234375,2570000
2023-09-19,63.05123569796329,63.29626614217015,61.973099500132435,62.169124603271484,2765700
2023-09-20,62.42395154780288,63.48248107046716,62.27693553183523,62.36514663696289,2755500
2023-09-21,61.4340275920311,61.4340275920311,60.14026726531637,60.15987014770508,2982300
2023-09-22,60.88516023116584,61.394823974494884,60.37549648783679,60.92436599731445,3991600
2023-09-25,60.640134433997844,62.502367340789135,60.640134433997844,62.286739349365234,3966900
2023-09-26,61.51243699089246,61.953492509000554,60.26768570704063,60.28728485107422,2579300
2023-09-27,60.76755137046793,61.01258181954239,60.06186248069572,60.85576248168945,2667300
2023-09-28,60.66954081123256,61.54184861351385,60.61073215734121,61.306617736816406,2152700
2023-09-29,61.94369680556871,61.94369680556871,60.23828327533136,60.3754997253418,3514100
2023-10-02,60.32649181425501,60.64013046916426,59.63060628235433,59.777626037597656,1973700
2023-10-03,59.16994850924145,59.45418471170928,57.366524354663234,57.82718276977539,4492600
2023-10-04,57.82718068472698,58.79750281928431,57.78797491913793,58.58187484741211,4120100
2023-10-05,58.49366797216928,59.39537821268722,58.0232099676989,59.218955993652344,2783000
2023-10-06,58.86611397814463,60.97337350903521,58.78770244305233,60.79695129394531,3795300
2023-10-09,60.042258172944514,60.60093102335077,59.70901662054723,60.3754997253418,1874800
2023-10-10,60.65973653244782,61.51244143650487,60.65973653244782,60.836158752441406,2498600
2023-10-11,61.02237782648221,61.9338913428832,60.80675358632716,61.845680236816406,3355300
2023-10-12,61.97309814719743,62.012303914742915,60.00305506388424,60.08146286010742,3807900
2023-10-13,60.4833067434123,60.4833067434123,57.99379682959602,59.052330017089844,4286400
2023-10-16,58.92492071673612,59.81683139227943,58.297643372028894,59.14054870605469,3542400
2023-10-17,58.62108568633793,60.15987659964017,58.48386549490058,59.23855972290039,4310000
2023-10-18,58.76810067696665,58.82690932940433,56.582429569415346,56.798057556152344,3555000
2023-10-19,55.73952564323844,56.84706432261376,54.239940487717575,54.504573822021484,5312400
2023-10-20,54.1713296889961,54.42615969944859,53.25001658798448,53.818485260009766,3637600
2023-10-23,53.64206496092749,54.739800315629395,53.23041560498974,54.13212585449219,3136200
2023-10-24,54.12232573258085,55.31807175831612,54.12232573258085,55.102447509765625,2726000
2023-10-25,54.60258066493623,54.90641974713937,53.6028560519657,53.78908157348633,1749900
2023-10-26,53.50484000287234,54.51436408668608,53.33821738133832,53.48523712158203,2919700
2023-10-27,53.5538523716394,53.75967704392442,52.652142147037715,53.02458572387695,1982500
2023-10-30,53.573457292842555,54.151729302825636,53.063793509563574,53.96550750732422,2330300
2023-10-31,54.07332051599213,54.78881275466035,53.818490480819165,54.29875183105469,2734800
2023-11-01,54.67118404773757,56.02375296190191,54.67118404773757,55.817928314208984,3229700
2023-11-02,56.70984058232595,57.709565137173755,56.347196610299065,57.5527458190918,3934900
2023-11-03,58.38585156574927,60.51271767895063,58.38585156574927,59.87563705444336,3803800
2023-11-06,59.77761952152559,60.36569100066066,57.76836720026831,58.199623107910156,3829800
2023-11-07,57.90558934217256,62.13971460510226,57.90558934217256,61.10078430175781,5975200
2023-11-08,61.365420535510104,61.54184274148283,60.70873704908549,61.169395446777344,3262500
2023-11-09,61.39482218276166,62.3945467571697,61.00277574931986,61.061580657958984,2914600
2023-11-10,61.91429202023339,62.3259451185092,61.05178753227366,62.286739349365234,2885900
2023-11-13,61.669263860927394,62.81600460945307,61.669263860927394,62.698394775390625,2403400
2023-11-14,64.92327974830812,66.20724466428553,64.89387728449155,65.30552673339844,5561000
2023-11-15,65.39373254342512,65.9131959395218,64.99187898630188,65.08989715576172,2968400
2023-11-16,65.2814936837861,65.75311976602804,64.76073644881163,64.8786392211914,2743400
2023-11-17,65.10463267871717,66.12649919559001,64.95724671540985,65.75312042236328,2358200
2023-11-20,65.6646785106588,67.05991598925768,65.58607168180146,66.90270233154297,2322400
2023-11-21,66.68654577334222,67.08939265850614,66.46055301115764,67.03044128417969,2078600
2023-11-22,67.62981030187254,67.78701647728593,66.85358466430014,67.25643157958984,2260200
2023-11-24,66.80446199446257,68.2291829643414,66.80446199446257,67.99336242675781,1342500
2023-11-27,67.55119709468758,68.27829151716239,67.38416320645251,67.85578918457031,3121000
2023-11-28,67.79684817361327,68.30777764405909,67.69859337118456,68.17021942138672,3722900
2023-11-29,71.01965575547375,73.83961439578715,70.34168485499355,73.43675994873047,11030500
2023-11-30,73.44658047884916,74.53722595255829,72.97494696466667,74.51757049560547,7853500
2023-12-01,74.28176573623453,74.60601334472257,73.53501571266364,73.56449890136719,5213800
2023-12-04,71.78603184154647,74.80249917265257,71.76638388501954,73.90837097167969,4967200
2023-12-05,73.55466913772115,74.5372321692201,73.17147015514543,74.12455749511719,2901700
2023-12-06,74.72392385988913,74.7730475151699,73.38763749592738,73.42694091796875,3098500
2023-12-07,73.55466357278765,74.45861969424934,73.54483584423511,74.17367553710938,1837200
2023-12-08,73.84944171587985,75.66718184137625,73.84944171587985,75.60822296142578,3281000
2023-12-11,75.27414720855029,76.33531697971107,75.26431948019871,75.88333892822266,2069200
2023-12-12,75.8931629809835,76.60060953070642,75.52961947363639,76.18793487548828,2368400
2023-12-13,75.79490397150445,78.70328935053587,75.67699372097984,78.1923599243164,4566900
2023-12-14,79.16510478974476,81.96540798831735,79.05702225432957,81.56256103515625,6023500
2023-12-15,81.56253372623993,82.71213031289741,80.9729975917765,82.34857940673828,8285100
2023-12-18,82.38790147582144,83.72418768132785,82.31912236949509,82.9970932006836,5461000
2023-12-19,83.02657509291484,84.1663517930353,82.71215522673693,83.21326446533203,3374700
2023-12-20,82.79075079529646,83.26237678217032,80.57998430388048,80.5996322631836,4570900
2023-12-21,81.40533821012862,81.52324846180721,78.6148630543116,80.42277526855469,5426700
2023-12-22,80.19678987601671,81.00249118710823,79.70550840592772,80.4915542602539,4140300
2023-12-26,80.07888898822513,81.06145204329538,79.74482114775462,80.74703216552734,2245200
2023-12-27,81.06146084511066,82.27983706671034,80.61931042086394,81.88681030273438,1353400
2023-12-28,81.52324800877352,82.26017021085882,81.52324800877352,82.12261199951172,974100
2023-12-29,82.26999461921375,82.26999461921375,81.21865261985315,81.40533447265625,1699700
2024-01-02,80.57015984290446,80.9533587839119,78.82119903597612,79.8921890258789,3273200
2024-01-03,78.8310311828857,79.2142301453724,77.57334427155733,78.49695587158203,3172000
2024-01-04,78.60503064877429,79.39108395380599,78.48712040411156,78.56572723388672,1666400
2024-01-05,78.14323999600988,80.11819387171442,78.14323999600988,79.85289764404297,2314400
2024-01-08,80.42278361426705,80.77650690964941,79.6072544890043,80.68807983398438,2299200
2024-01-09,79.9314978191905,80.26557313424063,79.27318241434202,79.98062896728516,2075700
2024-01-10,79.75463772909873,81.33656477503702,79.23388053317386,80.98284149169922,3451900
2024-01-11,81.23830985644656,81.40534376879336,79.74481738167141,80.44243621826172,3192400
2024-01-12,81.00249034072614,81.40533724388246,80.0788787877742,80.36382293701172,1991800
2024-01-16,79.53846982874367,80.32452320729817,78.80154759748406,80.12801361083984,2334300
2024-01-17,79.13562335388697,80.2655722808034,79.07667197388875,79.78411102294922,1692300
2024-01-18,80.57999047154385,80.94353396917676,79.47951725734048,80.13783264160156,1519900
2024-01-19,80.48172748250698,82.86934803644407,79.72514988214198,82.72196960449219,3990300
2024-01-22,83.51785070925027,83.84209828171855,82.65319801236188,82.79075622558594,2247400
2024-01-23,82.73178895906219,82.99708512648384,82.08330137626635,82.52545166015625,2083400
2024-01-24,83.18380087276368,83.18380087276368,81.56257015658906,81.88681030273438,3310800
2024-01-25,82.53530425284002,83.8912386954464,81.916292169634,83.86176300048828,3838200
2024-01-26,83.68489144827436,85.27664625522766,83.20343766265727,85.23734283447266,4084900
2024-01-29,85.37490153641646,85.89565874570103,84.59867583897605,85.64019775390625,2614300
2024-01-30,85.03101453120664,86.63258974122425,84.82467717259297,86.23956298828125,3921800
2024-01-31,86.33779653215072,86.96663612879358,85.04081392702992,85.0702896118164,4442600
2024-02-01,85.51244950227462,86.74065314902994,83.70453733250366,86.61292266845703,3807600
2024-02-02,86.25921544518529,88.27346530228948,86.0921815173186,87.95904541015625,2798700
2024-02-05,87.13368473773494,87.3203741014237,85.75809507638532,86.9076919555664,4246700
2024-02-06,90.47440527717822,92.05633234951594,88.82369909284152,91.94824981689453,7651700
2024-02-07,92.44935404347534,93.80529585406588,91.6534803695104,93.07820129394531,5437100
2024-02-08,93.84459626577772,96.23222470745308,93.264880185088,94.86646270751953,6753600
2024-02-09,95.2398418076927,95.57390966422781,94.42431263364065,95.33809661865234,5026000
2024-02-12,95.62302140452978,96.9101764084149,94.66993418935742,95.91779327392578,3042700
2024-02-13,93.17645840837639,95.28897052359179,92.55743887207991,94.20814514160156,4600600
2024-02-14,95.6721616559969,96.08483631534901,94.20813739401423,94.27691650390625,7349300
2024-02-15,94.36057495232403,95.39403869398475,93.96687126105041,94.70506286621094,5921900
2024-02-16,94.70508091373952,94.94130016980961,93.85862044444069,94.15390014648438,3478000
2024-02-20,93.33695537448456,93.3960083043687,91.63418997317734,91.6735610961914,4874500
2024-02-21,90.98457851786422,92.20505320434678,90.69914352898293,92.18537139892578,3569800
2024-02-22,94.0357714361304,95.5810522718279,93.81923402449692,94.26214599609375,3943800
2024-02-23,94.88222350002638,95.92553183687299,93.76017292776079,94.29167175292969,2373800
2024-02-26,95.2857643153212,95.423559472668,93.95702100703541,94.29167175292969,2048800
2024-02-27,94.45900858480246,95.08893155106402,93.91766501569921,94.50821685791016,3406600
2024-02-28,94.36059355438537,94.68539221763844,93.68145474078614,94.34090423583984,2616400
2024-02-29,95.01019376347297,96.98854966156928,94.59680820544521,96.71295928955078,6604700
2024-03-01,98.52397552651885,100.19721440719029,96.00428381167787,97.37239837646484,5458600
2024-03-04,94.44916772467008,97.91375168770821,93.96688457688515,97.06729125976562,7643700
2024-03-05,96.45705056027602,96.69326980599006,94.78381901345038,95.08893585205078,3222600
2024-03-06,95.97475070067557,96.86058210447123,95.06922998275493,95.4727783203125,3419800
2024-03-07,95.36452021014792,96.95901691404018,95.36452021014792,96.43736267089844,2598300
2024-03-08,96.87042731157432,98.10074672218447,96.45704179183501,97.09680938720703,3107900
2024-03-11,96.72278582365239,96.96884970155952,95.49246643411676,95.85664367675781,3479700
2024-03-12,96.45703980877742,97.84484367986525,95.99443851841482,97.61846160888672,1804100
2024-03-13,97.44129786002335,98.80941245145753,96.18145197806443,96.41767120361328,3886200
2024-03-14,97.04759178805945,97.19523161642013,94.41963137847912,95.31529998779297,1958100
2024-03-15,94.39010558510365,96.11255273990747,94.39010558510365,95.17750549316406,2904400
2024-03-18,95.79760169417152,95.96492334803966,93.3861709096048,93.65192413330078,3950300
2024-03-19,93.64208573426856,95.0397270116696,93.16964720832102,94.25232696533203,2027700
2024-03-20,94.39994993715378,97.14601621261554,93.97671976583025,97.04759216308594,2837000
2024-03-21,97.75626875753991,101.85077577802983,97.75626875753991,100.03974151611328,4760200
2024-03-22,100.0594154157017,100.0594154157017,98.68145624577944,99.173583984375,2588900
2024-03-25,99.17358186827687,100.16767447235182,99.17358186827687,99.26216125488281,1937900
2024-03-26,99.93146862831986,100.3054905576211,99.26217452824174,99.45903015136719,2330000
2024-03-27,100.3350141317098,100.82714191142699,98.51413533933699,98.92752838134766,3257500
2024-03-28,99.01609598933531,99.87240092743839,98.16963570825129,98.99641418457031,3235200
2024-04-01,98.66177923895594,99.3802891310188,98.00232978919813,98.4255599975586,2316800
2024-04-02,97.31335647835772,97.31335647835772,95.08893666026027,96.35862731933594,2262000
2024-04-03,96.39798358323284,98.71098244663878,96.39798358323284,97.98263549804688,2130000
2024-04-04,98.62240435047663,99.69524681833367,96.26019700809496,96.6243667602539,2156700
2024-04-05,97.37238583053976,99.87239541705254,96.90978459671831,99.34089660644531,2663000
2024-04-08,99.40980821135996,100.51217710476507,99.18342613610514,100.04957580566406,2078300
2024-04-09,100.39408034444355,100.9846322563794,97.42163146577728,98.69131469726562,1922400
2024-04-10,95.61058082753529,99.6361898182301,95.49246746153057,97.45114135742188,3808300
2024-04-11,97.43144948526694,101.14209691185867,97.40192302185893,98.86846160888672,5795900
2024-04-12,97.52988776313421,98.25824234341181,95.36452835884435,95.75823211669922,2829700
2024-04-15,97.25429507019318,97.65784347743809,93.61255229259847,94.3310546875,3351100
2024-04-16,94.31136263718918,95.56136383040268,92.61844195905539,94.77396392822266,4909400
2024-04-17,95.66963499630386,95.8566459509176,92.56923606853728,93.14009857177734,2352300
2024-04-18,93.4649087332638,94.37042206228934,91.6538820752127,91.88025665283203,4645200
2024-04-19,92.234593446496,92.7562477247286,90.47277498181226,91.16175842285156,4472800
2024-04-22,92.60859073676238,93.72080418979643,91.2896920517329,92.98261260986328,3079800
2024-04-23,93.50427306830773,96.64405053535845,92.88419480287743,96.4275131225586,3025700
2024-04-24,96.87043747888438,96.99839551695324,94.46885884361508,95.24641418457031,3639200
2024-04-25,92.26410638936888,94.70506327847234,92.13615588058913,93.3763198852539,4945000
2024-04-26,94.31137988136256,95.3350066997058,93.22870012460862,94.0357894897461,1965900
2024-04-29,94.09483056017966,94.59680300118265,92.80545817233914,93.77986907958984,3229200
2024-04-30,92.40190459447619,93.71096622527124,91.5160806427128,91.60466003417969,3465000
2024-05-01,94.29169250629047,96.03382167005485,92.54955583325156,93.62239837646484,5697800
2024-05-02,93.29758415109993,95.66963611327265,92.46096843845434,95.60073852539062,6504100
2024-05-03,98.02200672610662,98.59287674795003,93.42553510485907,93.51412200927734,5831700
2024-05-06,94.34089487163189,96.78185198902752,93.15979119147939,96.70310974121094,3224900
2024-05-07,96.67358414493552,98.2385469106742,95.64011278355305,97.9728012084961,4596600
2024-05-08,97.08697171834143,98.40587812628218,96.04366318600681,98.10075378417969,2251700
2024-05-09,98.08108174932146,100.70904265919515,98.03186596074066,100.6106185913086,4506900
2024-05-10,101.42399614090972,101.82822900695037,100.61552288667758,101.68033599853516,4234900
2024-05-13,102.76490646917976,102.93251507868706,98.66337741344192,98.83098602294922,4755800
2024-05-14,98.59435633352935,101.00006103515625,98.59435633352935,101.00006103515625,4082600
2024-05-15,101.55217805860639,106.42274123860287,101.09864496216791,106.15653228759766,4534100
2024-05-16,105.49595744651238,105.78188197215651,102.65644279517915,102.68601989746094,4932900
2024-05-17,103.42548348545414,103.53393788148672,102.4296783592244,103.16913604736328,1865500
2024-05-20,102.9620749157555,103.94801836701346,102.4691031901265,103.40574645996094,2377200
2024-05-21,102.96208462156655,105.21003469879544,102.75503737994308,104.99312591552734,3393300
2024-05-22,105.60440175487324,106.40301352885108,103.68181506857418,104.28323364257812,3003200
2024-05-23,105.70301092803899,105.7227340121599,102.15361552368758,102.51841735839844,4143200
2024-05-24,103.20856645572215,106.4818985930674,103.10011206834594,104.93396759033203,2940100
2024-05-28,104.93396000648289,105.73257178112452,103.25785917714452,103.95787811279297,3379300
2024-05-29,102.5381322620638,102.77475661492738,101.39443409927678,101.74937438964844,2773500
2024-05-30,101.76908778802247,103.02123270499808,101.76908778802247,102.37051391601562,1770500
2024-05-31,102.66628471233754,104.8255031902075,99.73803909933675,101.39441680908203,6116000
2024-06-03,102.68601552323047,102.74516972527417,99.29436752589058,101.71978759765625,3807100
2024-06-04,101.03948480912334,101.83809657079462,99.54084660102136,99.88592529296875,3320500
2024-06-05,100.61553391399536,102.17331887653403,98.94928704605745,101.9465560913086,2825700
2024-06-06,102.08458868490614,102.49868314063417,97.44079580299426,98.09151458740234,5002600
2024-06-07,96.44499364285852,98.58448924970648,95.07453276863595,96.61260223388672,4983200
2024-06-10,103.62265263700407,109.16365740277934,102.5381163721139,107.41853332519531,20403600
2024-06-11,106.92556504390615,108.91717504207952,105.85089028499061,108.66082763671875,8319700
2024-06-12,112.1017627077507,112.30881744334309,109.1340784596099,109.9228286743164,6714400
2024-06-13,109.75521729661652,110.11015751692167,107.65516059493693,107.82276916503906,6530500
2024-06-14,106.67907396717398,108.10869642515281,106.32413373775519,107.64530181884766,5069600
2024-06-17,108.57209863571859,109.43972618942588,106.72838162166983,108.62139129638672,5211400
2024-06-18,109.12422578926434,110.14960792166518,108.47349947514093,108.92704010009766,5160100
2024-06-20,108.75942980998899,109.9622821358689,107.6551778561207,108.50308990478516,7441200
2024-06-21,108.45378842346996,108.45378842346996,104.44099855268766,107.29037475585938,145539500
2024-06-24,106.99457905775517,108.7495647038058,105.95934295654297,105.95934295654297,9103800
2024-06-25,105.4860858318397,106.45231370630529,105.04241429567627,105.91004180908203,4734000
2024-06-26,105.37763475600251,105.84102938776599,104.01703548324836,104.29309844970703,4425800
2024-06-27,103.87899941995829,104.83536574170334,103.03108747627616,104.3719711303711,3567600
2024-06-28,104.60860076856962,106.36357894340365,103.57336463731164,103.76068878173828,17507500
2024-07-01,105.15087302275721,105.86075352769103,102.45924402857507,103.04095458984375,3445700
2024-07-02,102.73529370457976,104.48041764042746,102.17330629791626,104.44097900390625,3318700
2024-07-03,105.04241662971376,105.48608817573556,103.80012576984048,104.56916046142578,1252200
2024-07-05,104.17479560391153,104.62832871901695,102.61700304192857,104.5888900756836,2250400
2024-07-08,104.63817626947453,105.31847966115213,103.23813836737568,103.59307861328125,1941700
2024-07-09,103.72124580116925,105.11142964775385,102.63670953287108,104.09590911865234,2796600
2024-07-10,105.14100798957463,108.01996103315861,104.5198663294645,107.91150665283203,3297200
2024-07-11,108.45378279544524,109.09464756184869,107.04388331821838,107.3199462890625,4103200
2024-07-12,107.17205450192144,110.17918515942878,106.49175860794664,109.18338012695312,2838500
2024-07-15,110.62285666423404,113.3835014474679,110.62285666423404,113.34406280517578,3618100
2024-07-16,113.80745388334036,115.42440055589228,113.19616623019448,115.03002166748047,3992600
2024-07-17,113.68914113603499,114.42859875165672,111.25385951837643,112.18064880371094,3954900
2024-07-18,112.13134812477279,115.3060796088948,111.08624298769347,113.29476165771484,4616300
2024-07-19,113.6694111686891,115.19761886731933,112.51585923984574,113.53137969970703,2826500
2024-07-22,114.91170505120407,116.45963587178075,114.06379313449062,116.21315002441406,4145500
2024-07-23,115.99625506162916,118.17518930866416,115.65117633873258,116.30189514160156,3173300
2024-07-24,115.7793418550846,117.46530428426391,113.88633220009221,114.10324096679688,3606400
2024-07-25,114.22154604743353,117.31740784801664,111.99331176628755,115.0694580078125,4108700
2024-07-26,117.78080526894311,118.45124712513379,116.38076735582929,116.84416198730469,3480300
2024-07-29,117.70191885477266,117.70191885477266,115.28636056501749,116.9328842163086,4037900
2024-07-30,118.06672803436616,119.70339777056924,116.90331446349637,118.30335235595703,3728200
2024-07-31,124.18944974754908,126.97966430175236,121.28091925833039,121.71472930908203,6604100
2024-08-01,122.0302159950489,122.39501777503422,117.0216290475198,118.06672668457031,5306600
2024-08-02,115.19763465703801,115.20749619821724,106.90585375315892,107.09318542480469,7437600
2024-08-05,100.37890239957349,107.01430527074677,96.86894604905751,104.73677825927734,8356800
2024-08-06,105.98892268979877,110.18904396491791,105.71285972261612,108.05940246582031,5872900
2024-08-07,109.86367804912138,111.39189339316788,106.80725488317987,107.26078796386719,3832200
2024-08-08,108.99605244636362,111.87500554251723,107.94109324568362,111.1947021484375,3773900
2024-08-09,111.89473056047605,112.55531845095416,110.74117842077528,112.26939392089844,2052300
2024-08-12,112.57054898058996,112.95565815071997,110.78324706107746,111.2769775390625,2613400
2024-08-13,112.26444423832237,114.4269787195932,112.19532226921746,114.35785675048828,2710000
2024-08-14,114.54548290272496,117.30050016279499,114.43686158348086,116.89563751220703,3052300
2024-08-15,118.49533516662187,119.39392840782607,117.00426675633067,118.71257781982422,2972200
2024-08-16,118.70268890276627,119.03842956878188,117.24125080475879,117.58686065673828,2462800
2024-08-19,117.89297765822498,119.11742728714677,117.36962449157818,118.6730728149414,2372500
2024-08-20,118.69281443088532,118.85081181405654,116.52040314839034,117.1622543334961,1867800
2024-08-21,117.10299992271547,117.58686125166457,116.35253496425727,117.2708740234375,1907900
2024-08-22,117.48812198254195,118.04109777357982,116.87589340408566,117.24125671386719,2057000
2024-08-23,118.43608563467124,120.91460754815378,117.59673768055434,120.69737243652344,2447700
2024-08-26,121.07260123996988,121.73419834246086,119.53216439626432,120.61837005615234,1443500
2024-08-27,120.20364153803952,121.61571119500503,119.86790085063299,120.85536193847656,1616800
2024-08-28,120.7467401272614,121.87244516014714,119.64078853494149,120.10488891601562,2392900
2024-08-29,120.5492394269246,121.75394303971787,119.69014565376969,120.63810729980469,1693900
2024-08-30,121.58608123055474,122.6426642949059,120.20364173232349,122.21805572509766,2849300
2024-09-03,120.52948832017246,121.6650699870086,115.81930262316106,116.7870101928711,4263300
2024-09-04,116.45127627173207,118.14971040063476,115.4341926450293,116.19453430175781,2540000
2024-09-05,116.31304379819822,118.28796599692733,115.61194732169703,116.95489501953125,2101000
2024-09-06,117.35974465441946,117.82385255477416,113.79500965002306,114.782470703125,2657600
2024-09-09,116.51052437545863,118.386701832042,116.0365473017568,116.9746322631836,2515800
2024-09-10,117.5177434105386,117.79423130323697,113.62714440512008,116.57965087890625,2015400
2024-09-11,115.86867779238322,116.9746368977219,112.49156275696964,116.80677032470703,3754700
2024-09-12,116.73764873523139,119.42354404721887,115.17745843874893,118.85081481933594,4590900
2024-09-13,119.44329108766046,121.97118903647967,119.44329108766046,121.26022338867188,3506000
2024-09-16,122.44516389300736,125.20018098464757,121.88231142484837,124.95331573486328,3297000
2024-09-17,125.95066275013038,127.11585958273758,124.90394889084865,126.36539459228516,2376600
2024-09-18,126.85913787609799,129.2882839195985,124.29174033758983,127.62935638427734,3673000
2024-09-19,131.05584321994306,132.16179487105208,129.23891834527507,131.1348419189453,3448600
2024-09-20,129.91037481905636,131.79642906240556,129.85112956616956,131.55943298339844,5417400
2024-09-23,132.3197869201114,133.15913487905155,129.80175811075148,130.93734741210938,1942400
2024-09-24,130.98669965357556,131.46069179673123,129.47588548248342,130.72996520996094,1987100
2024-09-25,130.81882289510062,131.27306156337255,129.85111537960105,130.01898193359375,1415100
2024-09-26,131.30269492627406,132.201288083609,129.30801941825118,129.73263549804688,1903600
2024-09-27,130.29548850162112,131.29283385097446,129.09078476004817,130.4831085205078,2909300
2024-09-30,129.6733840252558,130.18685288984636,126.76036206008719,128.94265747070312,3315300
2024-10-01,128.94265052342874,129.8708662118481,127.08621914658997,128.24154663085938,2577500
2024-10-02,128.36993850091804,131.19407775063664,128.36993850091804,130.56210327148438,2118700
2024-10-03,130.0387390879116,130.4337174535991,128.00457187644923,129.25863647460938,2147200
2024-10-04,131.49031991779333,131.87542913304046,130.02886668317234,131.6088104248047,2096700
2024-10-07,131.24344828225423,132.0235358613313,128.59704490353636,129.68325805664062,2291700
2024-10-08,130.04862052414447,130.78921633016745,129.1006663302128,129.70301818847656,2069300
2024-10-09,130.13750771861015,133.40601701761003,129.90052666868658,133.2578887939453,2863900
2024-10-10,132.823391292094,133.55411795324062,131.36195303726188,131.45082092285156,3215700
2024-10-11,132.39880105536304,134.19597262533952,132.39880105536304,133.88986206054688,2084600
2024-10-14,134.52178566934214,135.39075602789987,133.03072522905023,134.82789611816406,1940900
2024-10-15,135.14389792311647,136.07211356992596,133.4454639879879,134.0774383544922,2352600
2024-10-16,134.58106259451938,136.15113714701795,133.50473364445858,133.96884155273438,2433100
2024-10-17,135.28216959971803,138.06681711145094,134.65019510355646,136.11163330078125,3135700
2024-10-18,136.14125364490712,138.39266369144045,135.62778473426638,138.0569305419922,2954500
2024-10-21,138.04703918084692,139.90345545854234,137.98779393663276,138.80738830566406,2853700
2024-10-22,137.93845266884998,139.2122709431177,137.21761023666627,138.4124298095703,2200200
2024-10-23,138.27418241086002,139.5381314663273,136.21039224173347,136.812744140625,4774700
2024-10-24,141.24641762727725,145.30488302091592,139.5381142820961,141.48341369628906,4353600
2024-10-25,142.78687009504574,142.85598453164567,137.15833020437034,138.1260528564453,2866200
2024-10-28,139.5677363224407,140.35770814837707,138.12605167750672,138.98513793945312,2716400
2024-10-29,138.24455918987474,138.7284205713253,137.0003635814519,137.5829620361328,2234400
2024-10-30,138.29389680347523,140.0417067489485,138.17539125410715,138.42225646972656,2023700
2024-10-31,137.34597052731533,138.59018124476515,135.67715873912175,136.5066375732422,2620300
2024-11-01,136.76335124616216,139.09375985565433,135.65739972554192,135.85488891601562,2672800
2024-11-04,135.96858313253477,136.90786276473145,134.29764632109266,135.26658630371094,2013000
2024-11-05,135.6225521807812,138.084467354908,135.5236893555457,137.42202758789062,3421900
2024-11-06,145.8162293070538,151.7782018470287,145.4009692644334,150.5522003173828,7213800
2024-11-07,149.85021329787867,150.53243165817398,147.3388742781282,149.0098114013672,3261100
2024-11-08,148.51543078986163,150.89823120208374,148.51543078986163,150.48297119140625,3253500
2024-11-11,152.38131731752287,154.77401469990653,152.06493518667568,154.1412353515625,3900700
2024-11-12,153.25139820756058,154.03247934094406,150.60163933820897,151.43215942382812,2167700
2024-11-13,150.9278954170165,152.15391197038565,149.3756149864165,150.4137725830078,2142100
2024-11-14,150.7103555652033,151.4123523469535,148.41653646207536,148.82191467285156,2700500
2024-11-15,148.13971672675376,149.76121470476562,146.41934084935795,148.32757568359375,2929100
2024-11-18,148.8812644234214,150.91802254205058,147.64536604205415,150.73016357421875,3196400
2024-11-19,150.50276220084066,151.32340053485547,149.24708522357466,151.0564422607422,2457000
2024-11-20,151.48160524452095,152.8361450946255,148.9702511889197,150.4632110595703,3723000
2024-11-21,152.094604806548,156.67237737705833,150.62140846028998,155.8912811279297,4027500
2024-11-22,155.90114408850013,157.77971851039794,155.22882267138746,156.84043884277344,3164000
2024-11-25,157.70060684742708,159.29244429744068,156.22741079427365,157.1469268798828,3856300
2024-11-26,157.2062576266741,159.70771448134903,156.49437902671576,159.45065307617188,3211500
2024-11-27,159.73739358217932,160.8941926712327,158.10601373299772,158.2246551513672,4272900
2024-11-29,160.07354969706864,161.83346775636565,159.83626686719035,161.03260803222656,2665400
2024-12-02,161.24023546437766,161.81369407830329,157.700620970136,157.8489227294922,3866100
2024-12-03,158.44216244687206,159.12438072400172,155.42656757017897,156.11866760253906,2801100
2024-12-04,156.4350526850108,157.05795020918103,154.0818976707215,155.82205200195312,3971200
2024-12-05,155.6144291473651,157.58198471010573,155.06074911215052,155.26837158203125,3681500
2024-12-06,155.7034277682849,157.10740661212486,155.13986591410708,156.22744750976562,4057500
2024-12-09,156.58336180485261,157.39411830854363,149.99850731267708,150.63128662109375,6143200
2024-12-10,149.77108738878175,151.82762386088493,149.35582739248903,150.0973663330078,4270100
2024-12-11,151.7089751848894,156.31640720188517,151.659536240562,155.61441040039062,4191900
2024-12-12,155.61441780105355,156.0889984985416,153.83472132716287,153.992919921875,2434000
2024-12-13,155.5551208940086,156.2076788820277,152.51974712609146,152.59884643554688,2612600
2024-12-16,153.7655424572451,154.78392155111018,152.40110577019644,154.3587646484375,2311000
2024-12-17,153.07342178293624,153.07342178293624,148.00129050774,149.52391052246094,3666000
2024-12-18,150.15668475914217,150.53240264437278,141.2186755029808,141.3472137451172,3762700
2024-12-19,145.28231596438727,146.0436335235741,141.42630430693288,141.91078186035156,5375800
2024-12-20,140.4079152956868,147.7343233428338,139.66637638613705,145.9150848388672,8311100
2024-12-23,145.34164893270437,147.92220534375105,143.7596929776884,147.259765625,2740600
2024-12-24,148.18916609536564,150.85870361328125,146.96314945539203,150.85870361328125,1232900
2024-12-26,150.08749878419664,151.16519852562652,148.9109211400127,150.79937744140625,1301000
2024-12-27,148.92079327637853,150.05782873800612,147.13121499333334,148.16937255859375,1571900
2024-12-30,145.43060527368326,148.04082159510295,144.39244779759244,146.7159423828125,1677100
2024-12-31,147.62559425934649,148.3671333224026,145.95465715672924,146.24139404296875,1713900
2025-01-02,147.6750231147564,148.69340215144138,145.38118852831852,147.50694274902344,1664700
2025-01-03,148.88124148690298,150.47307896033286,148.23856537561204,150.31488037109375,1687000
2025-01-06,152.074802160979,152.98442144289547,148.9504478317997,149.03944396972656,3392600
2025-01-07,149.19764184093196,149.88975698190788,142.28650796656413,144.96592712402344,3786900
2025-01-08,144.73853700984907,146.71597450712775,144.04643690313168,146.5676727294922,3820400
2025-01-10,144.0859711602881,145.34164812687067,138.6480183392147,139.34011840820312,3968600
2025-01-13,137.51099173797675,140.22996802716887,137.31325102518355,139.65650939941406,3495300
2025-01-14,141.78225453087015,143.1368093991002,140.39805439543431,142.02943420410156,3942500
2025-01-15,149.78100677984813,149.93919031178746,147.00269445830776,148.8021697998047,5081900
2025-01-16,149.85019061220072,152.27254819736407,149.10865165225383,151.51124572753906,3446700
2025-01-17,153.87428758914137,156.4647256119881,152.1440299599409,155.7924041748047,3878800
2025-01-21,156.70203120792195,159.28258760214612,155.90115639317654,158.89698791503906,4618600
2025-01-22,159.73738145433327,160.35038218490143,157.08762273425884,159.6879425048828,3794500
2025-01-23,159.2133566477639,163.5637124994651,159.0353945394587,163.4747314453125,2980700
2025-01-24,163.02983352069165,163.9592315563443,162.72333312311488,163.66261291503906,2837000
2025-01-27,159.32211850539426,159.519859212911,155.92092402416986,159.38143920898438,4432000
2025-01-28,159.85603648742008,165.61038671826796,158.4026338389245,165.16546630859375,3923200
2025-01-29,165.05668371263533,168.24035877713305,164.10750722877611,164.4239044189453,4096900
2025-01-30,165.5905915003877,167.08356628328642,163.54395178663202,164.9874725341797,2428400
2025-01-31,165.8377845802972,168.4776617188539,164.79962692011983,165.18524169921875,3400900
2025-02-03,160.18229073795504,162.5848847177632,157.5918529018767,161.37864685058594,4527500
2025-02-04,160.04389381937025,160.5580317762356,147.31908876516744,147.61570739746094,9268600
2025-02-05,145.26255749164,152.65816954548313,145.26255749164,152.0748291015625,6666700
2025-02-06,152.58894675051727,153.85450537980225,147.52671223337734,149.87985229492188,6031000
2025-02-07,150.5126125517819,150.8685518141151,146.71593714465885,146.93345642089844,3983000
2025-02-10,148.40667160794985,149.6919937507911,144.90659922785116,146.26113891601562,4150800
2025-02-11,144.46167638066964,145.21309709136014,140.27940089418203,140.8528594970703,6282600
2025-02-12,139.03360771645413,139.42910421701174,136.83865116996822,137.96578979492188,7075500
2025-02-13,139.3796740160005,139.85425475980517,136.28497970900474,137.728515625,3615100
2025-02-14,138.20864765244832,140.36675837728725,137.14938066145942,139.14910888671875,2196700
2025-02-18,140.46575016506316,141.257723026314,138.6541173431006,139.18870544433594,4128100
2025-02-19,138.95110623004254,139.18870261527636,136.55539932503112,137.080078125,3765500
2025-02-20,136.6940137922137,137.22858685654967,131.25911462759683,133.19944763183594,7028600
2025-02-21,134.49628459172905,135.48624693522606,129.5365786888346,130.892822265625,4231600
2025-02-24,132.07087115245167,132.81334286105917,126.78447621251642,129.87315368652344,6229300
2025-02-25,129.6850501777386,130.37802070718172,125.88359889711508,128.28919982910156,8522700
2025-02-26,129.19009475906338,133.30834201811288,128.7050077391835,131.34820556640625,5716100
2025-02-27,132.9222456210846,134.60517855263356,130.19984922705282,130.87301635742188,5070400
2025-02-28,130.67502750948512,134.30818744650549,130.03155803748442,134.22898864746094,6393200
2025-03-03,136.21883523500824,137.47607663420916,130.46714087760418,131.67489624023438,5242600
2025-03-04,126.26970714867977,126.68548954402935,118.27080914352594,119.56765747070312,17007500
2025-03-05,119.56765154377506,122.29004800898966,116.93435561761224,121.7950668334961,13089300
2025-03-06,118.11241336362843,120.37942820121587,113.96447597904552,114.9643325805664,9435800
2025-03-07,115.10290780943735,115.50879595843405,107.81679257744106,114.11294555664062,8870700
2025-03-10,110.6084918334413,110.65798541708072,104.23313216239534,107.08422088623047,11977400
2025-03-11,107.19312254507857,112.01424193087827,106.83673549320599,110.98468017578125,8742900
2025-03-12,114.79602894549396,116.21167535564476,111.65785022496534,113.22199249267578,7681800
2025-03-13,113.44967197466332,113.9149554391173,106.50014032524565,107.5989990234375,7530900
2025-03-14,111.04407384686918,112.7072108799083,109.0344515054497,112.1726303100586,6824400
2025-03-17,110.11351518141291,115.88498992435633,110.11351518141291,114.51884460449219,5191800
2025-03-18,114.26145233711802,115.02372757427743,111.64795234391235,112.87550354003906,3305100
2025-03-19,112.88539375739349,117.0927333049234,112.23202260218079,115.37020111083984,5525800
2025-03-20,113.96446150952839,116.69675199108116,113.8753609759925,115.53849792480469,3461800
2025-03-21,113.84566867811998,115.9740892117953,112.6775128191363,115.33061218261719,6084200
2025-03-24,118.49848596845196,121.28028520679351,117.73621830988542,120.7457046508789,5276500
2025-03-25,121.03279682169388,122.24055207514992,119.02317449624067,120.95359802246094,3955500
2025-03-26,120.98329648035211,122.10195120383143,117.1818447259063,118.24110412597656,3166000
2025-03-27,116.89474899989573,117.58771958167584,114.32084855681015,116.36016845703125,4323400
2025-03-28,115.88498341697621,117.23133273753537,112.79630590153937,113.70706939697266,6223800
2025-03-31,111.92513982402338,115.39000801651615,110.21250920416666,114.44954681396484,6067900
2025-04-01,114.89502615059932,117.01354494267316,113.4694855245168,116.65715789794922,4495600
2025-04-02,113.81597022768167,120.42891889065761,113.81597022768167,119.68644714355469,4058600
2025-04-03,110.00460590644025,110.628279393404,100.81775005182465,101.5206298828125,13841800
2025-04-04,95.7788543056992,96.1253396065784,87.86905749642965,91.85860443115234,19028000
2025-04-07,88.87881138588588,100.54056571721395,85.28525106505174,96.56092071533203,15123600
2025-04-08,102.92638290823653,103.95594462026591,91.57151396778153,93.56134033203125,11700100
2025-04-09,91.87840479122683,111.64795445292877,90.58155650838954,109.35124206542969,13237500
2025-04-10,105.30229601069534,105.74777603912594,96.95691324690299,100.84746551513672,11494100
2025-04-11,99.03583464330279,100.68906995918348,95.4818658706209,100.42178344726562,8299500
2025-04-14,103.45106157187134,104.02524152532814,100.51087229769438,102.09481048583984,7461200
2025-04-15,103.4807610224249,104.89640745474073,102.59969515400593,103.18377685546875,4531500
2025-04-16,101.32264181775821,103.32236993129258,99.55060836078367,101.0256576538086,5310600
2025-04-17,102.35221627472302,103.88666108095715,101.39195149752744,102.3324203491211,3725800
2025-04-21,99.98619254800911,101.00585251108824,95.70955570351371,96.96680450439453,4405400
2025-04-22,98.50124772080414,102.44130095287397,98.50124772080414,101.25334167480469,5864000
2025-04-23,107.87619142402457,110.53919238804679,105.09439981958151,105.73786926269531,7390400
2025-04-24,106.18337037289571,112.81611550885879,105.00531268630344,112.11324310302734,5974600
2025-04-25,111.3806650422475,113.36058972320848,111.00447451906442,112.48941802978516,3554800
2025-04-28,112.85571216510404,115.33061813363702,110.9846838571182,112.78641510009766,4164200
2025-04-29,112.54882298454726,114.00406886037749,111.56875481134728,113.20219421386719,3815600
2025-04-30,109.15324255515995,113.64767218995105,107.95538910875986,113.12298583984375,4662100
2025-05-01,114.40004152958599,116.91454669019903,112.32112219999956,113.34078216552734,5459800
2025-05-02,115.33061015125097,117.22144180569043,114.77623366957003,115.75629425048828,3798200
2025-05-05,114.3505533373751,116.42947276497738,113.54867869674126,113.63777923583984,3639000
2025-05-06,111.86574689220494,113.94466634158589,110.89558045432668,112.50922393798828,3547700
2025-05-07,113.47938334417556,115.73650388398569,112.3805245132198,115.04352569580078,5239400
2025-05-08,117.23132982796474,119.90423248015335,115.69689284603142,117.53822326660156,7984900
2025-05-09,118.26090550293517,119.50826022173842,116.36017953806312,116.89476013183594,4073600
2025-05-12,125.644881712412,127.62791328599259,123.047107627742,124.15760803222656,6749400
2025-05-13,124.20716596901273,127.58823050592578,123.39412341358126,125.8233413696289,4778600
2025-05-14,127.59815289354589,128.71857043237694,126.42816411044049,127.93526458740234,5514200
2025-05-15,125.85309955102687,126.94376540729958,123.49329469366118,124.57404327392578,4336600
2025-05-16,124.82192323904776,125.58539463992825,123.55278422760848,124.83184051513672,2481500
2025-05-19,121.60940715396717,124.88140456066698,121.14339354532251,124.42530822753906,2537000
2025-05-20,122.61084576280051,124.33608111282678,122.2043206593852,123.0867691040039,3087700
2025-05-21,121.43094090217359,121.84737572150792,116.6518350619121,116.76090240478516,4098000
2025-05-22,116.56258933762454,117.95071290280015,115.5115850616193,117.19715881347656,3564300
2025-05-23,114.08379782641946,117.1872469123161,114.02430930312792,116.1858139038086,3021100
2025-05-27,118.01019970228226,119.97340419021093,116.43369331131775,119.89408111572266,4241100
2025-05-28,120.59805982338399,120.96492337986462,119.19010925202319,120.01306915283203,2937000
2025-05-29,121.46067774692813,121.67881241935059,119.953577155582,121.29212188720703,3504800
2025-05-30,120.44933894612356,120.94509683062172,118.09944385032293,120.42950439453125,6807800
2025-06-02,119.6362958843586,120.96492337895715,117.8515644807703,120.83602905273438,3591200
2025-06-03,119.47764406355168,120.201453866414,118.43654953339764,119.45781707763672,5727800
2025-06-04,120.2510355573075,121.2227243741532,119.4677371640064,119.4875717163086,2732100
2025-06-05,119.57680116868788,120.39976107894833,118.17876785703106,119.61646270751953,2600400
2025-06-06,121.9366154148602,123.7213393014598,120.96492661035711,122.3530502319336,2324800
2025-06-09,123.88988892086093,123.88988892086093,121.55982844039805,122.20431518554688,2459900
2025-06-10,122.17458057890546,123.81058319521561,121.40119944947368,122.96778869628906,2942000
2025-06-11,124.15760342243482,126.2893637978178,123.93946874709357,124.93098449707031,4846300
2025-06-12,123.37429629020362,124.85165253440212,123.37429629020362,124.17742156982422,2991000
2025-06-13,121.95642749912187,122.71989123712753,120.0923807614388,120.30059814453125,4210500
2025-06-16,121.37145171607054,124.1972702100188,120.60798032010416,122.3530502319336,2508400
2025-06-17,121.0144963265439,121.7878773757185,118.82323993432978,120.03289031982422,3065600
2025-06-18,119.79493161182808,122.80914037441173,119.36857954030258,121.38135528564453,2412500
2025-06-20,122.75955515967414,124.09810739292163,121.44084504110332,121.55982208251953,4080900
2025-06-23,120.76661753480805,121.81762177568744,116.85012590807561,121.10372924804688,2697000
2025-06-24,122.94794796629786,127.04291268752841,122.25388999557974,126.68595886230469,3624600
2025-06-25,127.57833134292905,128.1335777492257,125.96216337336416,127.74688720703125,3872700
2025-06-26,128.26247477255495,131.21718739641383,128.15340743764762,130.82058715820312,3916100
2025-06-27,131.25686634613717,134.27106771895262,130.82059697377417,133.15065002441406,5399500
2025-06-30,134.7469975684878,134.98496681834985,131.0783919601023,131.90135192871094,4036000
2025-07-01,131.43533076986415,132.2781252435333,129.74975695185614,131.32626342773438,2796800
2025-07-02,130.95940031094145,133.8149704738503,130.0670270703677,133.38861083984375,2199200
2025-07-03,135.59968706573594,138.068566703254,134.8461405503953,137.42408752441406,2650600
2025-07-07,137.0175555621807,138.50482909653363,133.80503928142,134.39002990722656,4556900
2025-07-08,135.54021399318103,138.00909391214282,134.75692312671407,136.7696990966797,4456900
2025-07-09,137.79093943186993,139.0600783303496,137.13653543221753,138.038818359375,2995400
2025-07-10,138.3461944744191,142.56013650595534,137.93966937680815,141.83633422851562,3763300
2025-07-11,140.09127138808248,141.0133890195209,139.2683265252552,139.8533172607422,3204800
2025-07-14,138.2966033461907,139.62524586082992,137.9198376742739,138.2470245361328,3295800
2025-07-15,138.24701872657158,139.07990336428904,135.57985435775274,136.04586791992188,2678600
2025-07-16,137.46374604239998,142.01479980541993,136.5218090847461,141.83633422851562,4864600
2025-07-17,141.71734062093017,146.76416734852552,141.41989799575137,146.3477325439453,5075900
2025-07-18,146.46669781203053,147.0318538837382,144.15646445655764,144.741455078125,3123400
2025-07-21,145.37602069033005,145.41568978900725,142.91706609883323,143.05587768554688,3401200
2025-07-22,143.10546655126575,143.98791494224594,141.04311202563503,143.7400360107422,2042400
2025-07-23,144.96952576934706,147.18060167553773,143.68055225687843,147.0021209716797,2490700
2025-07-24,151.90018212372337,151.90018212372337,148.3703891192686,148.9157257080078,4137600
2025-07-25,149.28260262838597,151.63249001578865,148.40015425312822,150.86903381347656,2894100
2025-07-28,151.07723499549888,151.67215043820036,150.35343280603036,150.85910034179688,2446300
2025-07-29,151.92003815480516,152.56451731397223,148.0927869126028,149.7188720703125,3049200
2025-07-30,151.35488336439053,152.19767786030036,147.41856436182653,149.15371704101562,3205800
2025-07-31,150.12541863980408,150.31380907219818,143.54175399394902,145.33639526367188,5111500
2025-08-01,141.83633405733977,141.83633405733977,137.55297866484568,141.340576171875,5750300
2025-08-04,141.99495821211673,144.26552231885643,140.93402923951592,143.89866638183594,4014700
2025-08-05,144.12672005117622,145.3363703928112,140.25981494550942,141.4496307373047,4327400
2025-08-06,142.0445530006416,144.0672537754004,141.26126214831027,143.33352661132812,2873600
2025-08-07,145.4057633672479,145.96102483738795,139.26829422996818,140.98361206054688,2920400
2025-08-08,141.5487970042588,142.6593050418882,140.4085598308691,141.45956420898438,2163500
2025-08-11,141.77229107846765,142.50695570494537,140.3625124409585,140.5511474609375,1818600
2025-08-12,141.85170641088868,147.03413960880872,141.11702669104372,146.18032836914062,3024400
2025-08-13,147.88796264705866,148.225512079469,143.27141894896053,146.3987579345703,3785200
2025-08-14,144.9095636069713,145.80308043890835,143.92668297266067,145.0088348388672,2668500
2025-08-15,145.8229276500809,145.8229276500809,141.1766011539105,141.2560272216797,2943600
2025-08-18,140.97803760945777,141.24609868324447,139.40940692240537,140.1837921142578,2913000
2025-08-19,139.98523098534662,140.33271811475737,137.39401440157386,137.94998168945312,2864400
2025-08-20,137.55287223802378,137.9698477212474,135.03114388603947,137.09617614746094,3185800
2025-08-21,136.6494190928903,137.15574322402028,135.65661598551708,136.8479766845703,2590000
2025-08-22,137.55286774169593,143.96636706078942,136.71891680250891,140.74969482421875,4084700
2025-08-25,140.2632271631141,141.107115896251,137.61244458290676,137.71173095703125,2376800
2025-08-26,137.21531677417957,139.15127969990087,136.52034251712422,139.0718536376953,3315400
2025-08-27,138.46625751199346,140.44194124795828,137.99963881630816,139.4590606689453,2304300
2025-08-28,139.55834351993857,140.11431084995584,138.44639371093047,139.081787109375,3663100
2025-08-29,139.25056200724651,139.87603282882617,138.2180534142799,138.48611450195312,2421700
2025-09-02,135.8353208129941,137.8705549499195,134.08797774655827,137.7415008544922,2418600
2025-09-03,137.08625987463165,138.21805485228148,132.38036752073302,133.85964965820312,3821600
2025-09-04,134.59432293234534,137.02668748659627,134.02841789638688,136.36151123046875,2167700
2025-09-05,137.63229145711256,137.9797634346938,132.02294514387182,134.55459594726562,3413000
2025-09-08,135.22970158769007,137.82091799092365,134.75314524644912,137.6918487548828,3458900
2025-09-09,137.61243556952118,137.95992270722334,135.88495275612908,136.40121459960938,2625200
2025-09-10,136.23244208917393,140.17387159348868,135.92467555314988,138.28753662109375,2499800
2025-09-11,138.28754943846693,145.08825733819245,138.16841790353783,143.9663848876953,4048100
2025-09-12,143.61890277381406,143.9862350800281,141.44466152022335,142.3083953857422,3554800
2025-09-15,142.76508946321684,144.9393306860038,142.467245502059,143.6089630126953,2326800
2025-09-16,143.75790263926794,144.75070581336652,142.01055935751097,143.34092712402344,1828000
2025-09-17,143.39054643129597,146.16047560177233,142.0999145027446,143.3607635498047,2932200
2025-09-18,145.1180289676045,150.02247876149067,144.69113090123275,148.2652130126953,3129300
2025-09-19,149.7345710665561,149.7345710665561,145.95197852402617,147.84823608398438,8793900
2025-09-22,145.67399238775135,146.43845500474274,144.55213520325384,145.8924102783203,3652000
2025-09-23,146.01156454776842,151.00536311214478,145.60451162607427,146.1902618408203,3599600
2025-09-24,145.24711654792705,147.65962114141595,136.89763769216282,136.94728088378906,6485000
2025-09-25,134.42553154669991,137.51314974464967,133.71071211412826,134.6836700439453,5106900
2025-09-26,135.58713632812135,136.23245232964905,132.8569276080094,133.04554748535156,4592700
2025-09-29,135.09072975159165,135.09072975159165,132.7973417862907,133.5121612548828,4255700
2025-09-30,133.70078692708992,134.55459816883015,125.65908361660492,129.01475524902344,7784600
2025-10-01,127.33692008774128,129.38210719784064,126.32426425902932,126.5526123046875,5778800
2025-10-02,126.4434032780407,127.11850211376522,123.11751441172355,123.73304748535156,6360300
2025-10-03,126.00657361203041,127.86311064943543,125.53995492097559,126.7313232421875,4099400
2025-10-06,127.07879684444833,127.7737559848968,124.56700621248763,125.9569320678711,3521900
2025-10-07,126.06614006483379,127.52555424877741,122.86931289388907,123.82240295410156,3513800
2025-10-08,123.85218915539676,124.58686134295726,122.63103798565957,123.83233642578125,4544300
2025-10-09,123.70325933488178,124.75563572550645,121.9162183777308,123.16714477539062,3657100
2025-10-10,123.49476917858227,123.75290008908368,116.80327882940213,116.97205352783203,6810600
2025-10-13,118.61019141973843,120.7347895167571,117.1706223333092,119.57321166992188,4699500
2025-10-14,118.35205995289246,126.2349192112466,117.81594535495657,125.0733413696289,6083000
2025-10-15,127.69433476435232,128.02196161777547,123.23665079550261,123.56427764892578,4536300
2025-10-16,123.29621967163023,123.93161305100496,114.89710633693916,116.6742172241211,7072000
2025-10-17,116.91250662729202,117.72660494604553,115.45308471543808,116.75365447998047,4635100
2025-10-20,118.10385748502802,119.76183686686477,117.15076740490952,119.2455825805664,3778700
2025-10-21,119.63277234541886,123.58413197640674,119.19593656198165,122.78988647460938,4901000
2025-10-22,122.58139524705558,124.15002590250836,121.05247762301144,122.4126205444336,3441200
2025-10-23,122.73032996388648,123.06787940417706,118.87824883664968,120.08946990966797,4691800
2025-10-24,121.45952880518894,123.3359336510534,120.29795098471438,120.36744689941406,3753400
2025-10-27,122.07506317616492,123.27635396812909,120.89362511259873,121.3801040649414,3058900
2025-10-28,121.4098910035287,121.6978048090852,119.43421497172946,119.74198150634766,2881900
2025-10-29,118.86832350103148,119.91076225523413,117.08127481598858,117.69681549072266,5211300
2025-10-30,117.80603166872406,119.39451527815453,116.90257711850863,117.2599868774414,3865300
2025-10-31,116.10832041835894,118.04429102310989,114.22200057327535,117.4783935546875,4866300
2025-11-03,117.71666939326322,117.89537426354744,115.68141990249772,116.78343200683594,4340600
2025-11-04,115.77078052434013,119.43422671713948,115.60200580001549,117.43869018554688,4296700
2025-11-05,117.53796123102524,119.68241961437482,115.7012769667316,118.03436279296875,3791800
2025-11-06,118.10386013900828,119.58313469065904,116.73379453826665,118.45133972167969,6348400
2025-11-07,111.48186539222648,121.25104464466902,111.2833002197255,120.4468765258789,9118300
2025-11-10,122.63103725921252,123.05794290104038,118.37191856741278,119.2455825805664,5681300
2025-11-11,119.18601031103813,121.18153900680663,117.78615436152754,120.48657989501953,3123900
2025-11-12,120.81422235249391,123.80255449427162,120.71493597411981,122.18428802490234,3612500
2025-11-13,121.54888331981455,122.71046112400506,117.96486353807539,119.88097381591797,9600100
2025-11-14,117.91522072216266,119.95047010467782,117.66701994744064,119.05694580078125,4359700
2025-11-17,118.83322152530522,119.37016443612184,112.88708270065258,113.37430572509766,5278200
2025-11-18,112.37003654527777,115.46242549877734,111.36575396131488,113.53340911865234,5746900
2025-11-19,113.95103085996445,116.8544933895531,112.46947069577278,116.83460998535156,3708900
2025-11-20,119.181241847529,120.95116061879058,113.65273016449798,113.7621078491211,5748000
2025-11-21,114.41836627768225,118.21673357951767,113.18539043570259,117.99797821044922,5949900
2025-11-24,118.02780214373709,118.32610628649816,116.07890247994926,117.1826171875,4898300
2025-11-25,118.05764672772662,120.2352398090203,115.50220069484985,120.12586212158203,4734700
2025-11-26,120.42416512348659,121.91567075287216,119.61875451119916,120.145751953125,3429500
2025-11-28,120.59319702147471,122.15430589702915,119.9468764173888,121.61736297607422,1187800
2025-12-01,119.8076693340022,122.51226733064695,118.41559594323626,121.498046875,2595300
2025-12-02,121.62731330701783,123.14864785045448,121.15002816290536,121.98527526855469,2440700
2025-12-03,122.30345946103105,126.20125894999788,121.42844557152517,125.76375579833984,3084000
2025-12-04,126.12170551418814,127.77230862889738,125.23674616248626,127.70269775390625,2872700
2025-12-05,127.41435302091085,130.25815768099415,126.7879233905726,128.68710327148438,2839700
2025-12-08,128.81636170574737,129.73114992734344,127.9612312767195,129.50245666503906,4116400
2025-12-09,129.3632509519528,136.76110555480676,128.9356781484059,135.01107788085938,5774800
2025-12-10,135.7270121221889,141.49417025050147,135.1204658933557,140.73846435546875,7348900
2025-12-11,140.7384717310482,144.0197873184617,140.43022964608045,141.96151733398438,6855400
2025-12-12,142.57800441599406,142.57800441599406,134.96137814769375,135.8264617919922,5443400
2025-12-15,136.99975195624836,136.99975195624836,132.64455099944132,134.04656982421875,5474700
2025-12-16,134.27526752474273,135.06080228474121,131.59056054484068,132.6246795654297,4249500
2025-12-17,132.76389399147305,134.95143257948845,131.29226415768335,131.40164184570312,3527100
2025-12-18,133.68862332880772,135.02103143400987,131.11329381821992,131.22267150878906,4291400
2025-12-19,131.09339163836975,131.89880221273532,129.64166805732,129.870361328125,6635100
2025-12-22,129.9598573166015,131.68005626961556,129.56212854132687,130.67578125,4238000
2025-12-23,130.35758796322182,130.83486547932839,129.90018626318476,130.25814819335938,2981500
2025-12-24,130.7453841747505,130.7453841747505,129.90019161324582,130.03939819335938,1199000
2025-12-26,129.9598445882492,129.9598445882492,129.16437194322887,129.67149353027344,2193900
2025-12-29,130.05929329916324,130.0791842890603,128.22971671051127,128.68710327148438,2306400
2025-12-30,128.66721263359787,129.6416739002809,127.8021442254579,127.9115219116211,1753500
2025-12-31,127.7822454929495,128.02089184076735,126.63876398429421,126.75808715820312,2021500
2026-01-02,128.15016812776355,128.67716556802716,126.67854590682128,128.1700439453125,2545400
2026-01-05,128.06065579277296,135.01107689778019,127.95127811567401,133.8079376220703,4368900
2026-01-06,133.68862065248402,136.49265856964246,133.00252562286525,135.05087280273438,3994400
2026-01-07,135.4684781311197,136.50258193366295,130.04932935165496,130.089111328125,4180300
2026-01-08,128.6175097520588,133.72840183114093,128.17999900116476,132.88320922851562,3449300
2026-01-09,133.75822818633276,134.54374780331256,131.56073656472944,133.88748168945312,2643900
2026-01-12,131.2524890493673,135.24972819140964,130.1984942164,133.21133422851562,5138600
2026-01-13,132.6246839120867,133.23123013470183,127.81208093831673,129.34336853027344,3241200
2026-01-14,128.01096422300807,131.42153320677224,125.515175967991,131.33204650878906,6821200
2026-01-15,131.71982118170172,133.7084951451336,130.00956035936005,130.5763397216797,3233300
2026-01-16,129.80075973753955,132.7539421697133,129.333435254163,130.67578125,3910200
2026-01-20,127.6231667563521,128.42857734129026,121.96538650008962,122.20402526855469,5008300
2026-01-21,123.73530847165905,125.27652639156456,122.5818738192695,123.62593078613281,3833700
2026-01-22,124.75947513282205,126.28080965742424,122.70119767256202,122.78074645996094,2728900
2026-01-23,122.10460297104989,122.67137483343166,120.2352443057842,120.5633773803711,3183300
2026-01-26,120.55342540301774,120.91138735855839,116.37721270329678,117.97809600830078,8576300
2026-01-27,118.92270561293117,118.98237099250827,115.24366168769434,115.34309387207031,5488400
2026-01-28,116.67550594659657,117.67978849244305,115.14423356359337,116.10873413085938,4604200
2026-01-29,117.08319067202038,119.26079129553935,113.12572577252877,114.3288803100586,6625500
2026-01-30,113.38425232715743,115.03485546758986,112.73793172896171,113.61295318603516,4944300
2026-02-02,113.5035772121593,115.4226480464102,111.9921806287526,113.71238708496094,4510700
2026-02-03,112.55895111794479,113.06606513799427,101.47209907029324,102.69512939453125,11515500
2026-02-04,102.10847385427023,106.19519972714743,98.79732966479637,104.17668914794922,20811300
2026-02-05,102.41671889100283,104.2164665720892,96.81860388070743,98.60840606689453,16545300
2026-02-06,101.97920261018562,103.37127595906229,99.42375676555345,102.6155776977539,13332100
2026-02-09,102.64542032674827,107.7960867156566,102.06870299842423,106.68242645263672,11737700
2026-02-10,106.6028823852539,108.90974421449714,105.9963361314012,106.6028823852539,9036600
2026-02-11,106.99066680205273,108.63132447846196,103.68946804583447,104.46504974365234,6812600
2026-02-12,106.32445900237177,107.37845382739432,97.92231412694474,100.54736328125,8987100
2026-02-13,100.73628046447956,102.33716366397383,100.199337566557,101.1539077758789,4234500
2026-02-17,101.60715977179221,103.09141909535751,99.32597850805165,102.15504455566406,6434000
2026-02-18,101.99564993008137,105.00402282194035,101.10907832420494,103.20098876953125,5660100
2026-02-19,102.24469138259106,103.14122663984507,98.53901738594826,101.24854278564453,10029100
2026-02-20,100.4117875967014,103.86841705011011,99.38574809668614,100.79032135009766,6749900
2026-02-23,99.51524252411942,99.51524252411942,91.09778264394511,91.8349380493164,15344700
2026-02-24,91.91462416029714,96.71605990886782,90.64951883484832,95.3513412475586,8821700
2026-02-25,96.07853595340336,97.33368540262676,93.18971089727046,96.25784301757812,9121300
2026-02-26,96.85553472659171,97.66241268561872,92.10390150118377,93.25943756103516,15504200
2026-02-27,91.85485990854325,91.85485990854325,86.01742860529903,87.3423080444336,21851200
2026-03-02,85.41974171287441,91.0081359186505,84.19447560144309,90.26102447509766,13703700
2026-03-03,86.31627486632772,91.50620798934501,85.04120591633635,90.20125579833984,10473300
2026-03-04,91.14759235405073,94.20576809952503,91.09778188653074,93.46862030029297,8929000
2026-03-05,93.1398930033046,95.71991419892048,93.09008253388684,95.22183990478516,8226500
2026-03-06,92.70158909992844,92.70158909992844,88.76680505040851,90.97825622558594,9266900
2026-03-09,88.97598879907007,91.19740342498066,86.66492445104268,90.58975219726562,8451700
2026-03-10,91.09779240334043,91.43648690155443,87.96988620224234,89.61353302001953,5684700
2026-03-11,89.63345559303876,90.8188672751798,85.10097636129068,86.79442596435547,8187500
2026-03-12,85.10097147374726,86.74461811174163,82.35159933019361,83.55693817138672,13740100
2026-03-13,84.68259750986212,87.0335088942562,84.24428967887005,85.59905242919922,7304500
2026-03-16,86.66492974621231,86.97373338571833,84.51324508381839,85.76839447021484,5915800
2026-03-17,86.85419893079997,89.71314055092601,86.3262413884078,88.6273422241211,4955800
2026-03-18,87.71088721387163,92.08397895707212,87.66107674389924,90.28094482421875,7226000
2026-03-19,89.15529855985491,90.6694410684869,88.51776407200876,90.25106048583984,5537900
2026-03-20,90.05183467701168,90.4204047938466,88.38826834424205,89.65337371826172,9441900
2026-03-23,92.32305256921849,92.78128001330266,89.44418372268244,90.4901351928711,6090400
2026-03-24,87.42200578769531,90.73917494544699,86.57528097325425,90.55987548828125,7082100
2026-03-25,91.9445166122769,92.66173720304637,88.51776307855503,88.56757354736328,5734900
2026-03-26,87.66107615753535,90.60967507992389,87.40207539543056,89.6434097290039,7207200
2026-03-27,88.32849260421186,88.84649412087717,85.97758135167976,88.15914916992188,8248100
2026-03-30,88.05953548524563,91.74528217003103,87.7009213905085,90.0119857788086,7323700
2026-03-31,91.76521169068606,93.30923745937872,89.53383335655845,92.14374542236328,8069700
2026-04-01,92.86096986182923,93.29927765967855,90.04186761658997,91.00813293457031,6574900
2026-04-02,87.88022983690945,93.19965966017672,87.74076964229268,90.8786392211914,5583500
2026-04-06,90.49013529662967,91.38667055782702,89.7330678316281,90.69933319091797,3611800
2026-04-07,89.53383774735411,90.97825784697878,89.53383774735411,90.4004898071289,2857300
2026-04-08,93.72761822519962,96.07852953168877,92.0142490153951,93.5981216430664,5159700
2026-04-09,92.63186060552434,93.2893223608974,91.23725097898446,92.47248077392578,5086600
2026-04-10,92.4724750634123,92.64181849903166,89.34456911133832,90.8686752319336,4067900
2026-04-13,90.79894727356073,97.8516812526395,90.47021640843171,97.76202392578125,6905700
2026-04-14,98.6187124441479,101.21866092567629,98.23021509403544,100.04320526123047,8151800
2026-04-15,101.10907984651877,104.3465626987472,101.10907984651877,103.45002746582031,6300600
2026-04-16,104.09752702762833,104.96417903170904,101.61711918148015,101.6270751953125,4254900
2026-04-17,103.61936933859444,106.4583988001198,102.69295087852004,103.20098876953125,5831900
2026-04-20,102.66307173243766,104.55575558227132,102.60330524876217,103.51976013183594,4746500
2026-04-21,103.93813728360657,107.12581724117037,103.36037689380714,104.04771423339844,5126100
2026-04-22,106.1994070660184,107.2354025631087,104.36648961731676,105.5120620727539,4813000
2026-04-23,103.5994540824392,104.38641238602823,99.8937800857964,101.24854278564453,4779800
2026-04-24,101.46769604689219,102.1151941507867,99.94358991927025,101.43781280517578,2419500
2026-04-27,99.9734774194139,102.86230997521818,99.51524996021902,100.31216430664062,3898100
2026-04-28,101.04931493403018,101.85619285619322,99.66466900833802,101.00946807861328,2793300
2026-04-29,100.8301609424312,101.36808209008028,98.12063557649977,98.9374771118164,4078900
2026-04-30,97.05475802209041,104.39637591135632,97.05475802209041,103.93814086914062,5270700
2026-05-01,104.59560125081451,105.73121002782251,102.81249437463269,103.28068542480469,4063800
2026-05-04,103.59945509599687,105.54194183904252,102.2247727547654,102.93203735351562,4101500
2026-05-05,102.61326703688702,104.04771581964964,99.61485769234451,101.6071548461914,5703900
2026-05-06,103.03165682122842,103.06154006520457,99.85394014490544,100.40182495117188,5120200
2026-05-07,101.4178842416018,101.66692138597269,98.66851963975462,99.95354461669922,6281600
2026-05-08,99.6447446664358,102.54354078187967,98.32982879963929,102.12515258789062,5948800
2026-05-11,100.61101225558764,102.5933459136105,98.23021762308501,99.07694244384766,5292100
2026-05-12,98.64859859951831,99.25624987789652,97.62256671635834,99.08690643310547,6366700
2026-05-13,98.10071521044206,98.8876658982907,96.52679863472375,97.05475616455078,4935800
2026-05-14,98.31986379001333,100.13285393819761,97.72217614995456,99.18651580810547,3751000
2026-05-15,99.05177057496678,100.30938288057358,96.73617119515647,96.78607940673828,5939700
2026-05-18,96.24710575034852,98.51279699028127,95.17913547704491,95.78797912597656,3582100
2026-05-19,95.24900063384656,95.69814408424247,92.30459887030884,92.74375915527344,4978700
2026-05-20,93.0531764614867,94.48046452269222,90.90725278695756,94.16106414794922,5532900
2026-05-21,93.68198194261981,95.12922876809125,92.88349620895842,94.58027648925781,3846800
2026-05-22,94.81981924241346,95.8877895334942,93.43245618058684,93.86164093017578,2824900
2026-05-26,94.32076123030596,95.81791617046954,93.82170958358476,94.80982971191406,3609800
2026-05-27,94.81981245321445,96.516584998513,93.40250761044285,94.8497543334961,3745200
2026-05-28,95.01943311069141,95.1092663693395,92.09499007564258,93.85165405273438,4689600
2026-05-29,93.31267608026232,97.06554664841042,92.83359075704917,95.7580337524414,5164600
2026-06-01,96.56649343206391,98.60262506008122,94.58027001458048,94.82979583740234,4028800
2026-06-02,94.38065074281187,95.81792200973364,93.61211451059214,94.27085876464844,6039400
2026-06-03,89.2304376246768,91.49612879257603,87.33403980870303,90.35829162597656,7043000
2026-06-04,92.21476152528788,96.26705840949937,91.37635842438497,95.27893829345703,5505200
2026-06-05,95.69814666324451,96.92581713696178,92.25469314427961,93.22285461425781,3091000
2026-06-08,93.5422455863992,94.34072368383835,92.31457513625242,93.03321075439453,3870500
2026-06-09,93.82171193302946,97.25518978522663,93.42246908267006,95.65821838378906,3732600
2026-06-10,94.91962517944735,96.86593124230026,93.75184611069007,94.83977508544922,3192700
2026-06-11,94.28083670563957,95.16914803251696,91.58596084442658,95.11924743652344,4771900
2026-06-12,95.92771390503934,98.4728805021942,95.41867906262351,96.05746459960938,3937500
2026-06-15,98.30319270083574,100.85834234819424,97.6244821466048,97.89397430419922,3554000
2026-06-16,98.73237938528302,99.78039092572807,97.7043341757569,98.78228759765625,2934200
2026-06-17,98.27324904345721,100.11973860742054,96.4167763144128,96.9856948852539,4177400
2026-06-18,98.21336701706102,98.80224431353885,96.43674434744625,96.82600402832031,5464700
2026-06-22,97.30509436785029,98.06365505311169,94.88968606587964,96.71621704101562,4041900
2026-06-23,95.72809505971637,96.50661444705837,92.35450089466883,93.32266235351562,6533800
2026-06-24,93.5621994637496,93.60212450879537,90.66769842478243,91.33643341064453,7761400
2026-06-25,91.92531381227913,97.40489888086695,91.92531381227913,92.47427368164062,6621500
2026-06-26,92.14490183336886,93.93150776045006,88.93100779777723,89.95905303955078,8723300
2026-06-29,90.74754914541913,91.25658395463508,88.06265647801766,88.77130889892578,5838000
2026-06-30,89.3901283585468,91.92531163299107,88.2223493349614,91.60591888427734,5836400
2026-07-01,92.92341424836552,94.11115959349672,91.83548532360655,92.38443756103516,3505900
2026-07-02,94.67009665994443,96.0874015210265,92.57408124898981,93.6620101928711,3912100
2026-07-06,94.46049985109775,96.80604118611889,93.97143134479869,95.78797912597656,3860800
2026-07-07,96.23711997729852,96.71621291992422,94.60023114695704,94.95954895019531,3496800
2026-07-08,93.91153413715976,93.98140867721831,91.19669960697533,93.12303924560547,2772100
2026-07-09,93.36258457065561,96.22714381293909,92.71381589589659,96.08740234375,3068000
2026-07-10,97.81412878203574,99.03181609342448,96.71621661460999,96.75614166259766,2839200
2026-07-13,96.83598064841063,97.59454130294786,95.5983346651623,96.7261962890625,2971400
2026-07-14,96.38683401306511,98.19339852373663,95.86782365497272,97.02561950683594,2524200
2026-07-15,98.61261356260856,102.50521051737863,97.68437714687319,100.75852966308594,5929200
2026-07-16,100.7585257483678,102.6549235537621,99.54084611093566,102.55511474609375,6358000
2026-07-17,101.05796000395452,103.9724198377214,100.20957371456043,100.74855041503906,3576700
2026-07-20,100.93818522591499,101.28752747713973,96.24710270433536,96.78607940673828,3398000
2026-07-21,96.81601979572926,97.88399001877593,96.31696814729767,96.92581176757812,2864000
2026-07-22,96.15726953546482,97.28513115289627,94.65013901532603,95.34880828857422,2564600
2026-07-23,95.79796229159366,97.31507602365215,93.95146501356449,95.78797912597656,2304200
2026-07-24,95.84786103771685,99.30129762685341,95.5883520411563,99.17154693603516,3867000
2026-07-27,99.8103348833599,102.24570949128963,99.8103348833599,101.43724060058594,3692100
2026-07-28,101.17773964498909,102.75473715554261,100.37925391654042,102.46529388427734,3401700
2026-07-29,99.98000905014595,101.7466562141099,98.7822880963824,99.0916976928711,4328500
2026-07-30,100.4491159533386,101.31746856960591,95.47856576140214,100.7884750366211,4884300
2026-07-31,99.28133594872598,101.52706836194868,98.94197686874529,101.23761749267578,6282800
2026-08-03,102.75473367619155,107.09648920709532,102.40539903742058,106.3578872680664,5799500
2026-08-04,105.2000928134397,108.1544777651113,104.15208126789722,108.0047607421875,5337500
2026-08-05,108.78327685516922,109.41208680957223,103.82270222117337,105.44961547851562,3995700
2026-08-06,105.81891047315095,106.08840263349408,102.14588995660077,103.15397644042969,3421000
2026-08-07,103.07412446810191,104.72099643652876,102.08600433301535,102.61499786376953,7048600
2026-08-10,101.80999755859375,104.26000213623047,101.1500015258789,103.83000183105469,6466900
2026-08-11,104.01000213623047,111.33999633789062,103.66000366210938,110.97000122070312,8319600
2026-08-12,112.0,114.56999969482422,109.0999984741211,110.9000015258789,6728500
2026-08-13,111.6500015258789,116.56999969482422,111.36000061035156,115.30000305175781,7227100
2026-08-14,115.5,116.16999816894531,113.4000015258789,114.01000213623047,5838500
2026-08-17,112.9000015258789,113.62999725341797,107.5,108.83000183105469,7075200
2026-08-18,108.4000015258789,109.37999725341797,106.52999877929688,107.19000244140625,4016200
2026-08-19,108.55000305175781,113.0,108.0999984741211,110.45999908447266,4756700
2026-08-20,109.81999969482422,109.95999908447266,106.91000366210938,107.0199966430664,3708300
2026-08-21,110.11000061035156,110.11000061035156,107.66999816894531,108.4800033569336,2680400
2026-08-24,108.25,109.36000061035156,107.08000183105469,107.31999969482422,2941900
2026-08-25,107.44999694824219,108.0199966430664,105.91999816894531,107.58000183105469,2023000
2026-08-26,107.44999694824219,108.98999786376953,106.87999725341797,108.5,2301400
2026-08-27,108.91000366210938,111.12000274658203,108.37000274658203,109.31999969482422,2588900
2026-08-28,109.81999969482422,111.63999938964844,108.62000274658203,108.68000030517578,2424200
2026-08-31,109.25,111.0,108.4000015258789,109.72000122070312,3879400
2026-09-01,108.05999755859375,109.37000274658203,105.75,106.41000366210938,4089600
