tag,buch,mtm,n_offen,gebunden,unrealisiert,fortgeschrieben
2018-01-01,10000.0,10000.0,0,0.0,0.0,0
2018-01-02,10000.0,10000.0,0,0.0,0.0,0
2018-01-03,10000.0,10000.0,0,0.0,0.0,0
2018-01-04,10000.0,10000.0,0,0.0,0.0,0
2018-01-05,10000.0,10000.0,0,0.0,0.0,0
2018-01-06,10000.0,10000.0,0,0.0,0.0,0
2018-01-07,10000.0,10000.0,0,0.0,0.0,0
2018-01-08,10000.0,10000.0,0,0.0,0.0,0
2018-01-09,10000.0,10000.0,0,0.0,0.0,0
2018-01-10,10000.0,10000.0,0,0.0,0.0,0
2018-01-11,10000.0,10000.0,0,0.0,0.0,0
2018-01-12,10000.0,10000.0,0,0.0,0.0,0
2018-01-13,10000.0,10000.0,0,0.0,0.0,0
2018-01-14,10000.0,10000.0,0,0.0,0.0,0
2018-01-15,10000.0,10000.0,0,0.0,0.0,0
2018-01-16,10000.0,10000.0,0,0.0,0.0,0
2018-01-17,10000.0,10000.0,0,0.0,0.0,0
2018-01-18,10000.0,10000.0,0,0.0,0.0,0
2018-01-19,10000.0,10000.0,0,0.0,0.0,0
2018-01-20,10000.0,10000.0,0,0.0,0.0,0
2018-01-21,10000.0,10000.0,0,0.0,0.0,0
2018-01-22,10000.0,10000.0,0,0.0,0.0,0
2018-01-23,10000.0,10000.0,0,0.0,0.0,0
2018-01-24,10000.0,10000.0,0,0.0,0.0,0
2018-01-25,10000.0,10000.0,0,0.0,0.0,0
2018-01-26,10000.0,10000.0,0,0.0,0.0,0
2018-01-27,10000.0,10000.0,0,0.0,0.0,0
2018-01-28,10000.0,10000.0,0,0.0,0.0,0
2018-01-29,10000.0,10000.0,0,0.0,0.0,0
2018-01-30,10000.0,10000.0,0,0.0,0.0,0
2018-01-31,10000.0,10000.0,0,0.0,0.0,0
2018-02-01,10000.0,10000.0,0,0.0,0.0,0
2018-02-02,10000.0,10000.0,0,0.0,0.0,0
2018-02-03,10000.0,10000.0,0,0.0,0.0,0
2018-02-04,10000.0,10000.0,0,0.0,0.0,0
2018-02-05,10000.0,10000.0,0,0.0,0.0,0
2018-02-06,10000.0,10000.0,0,0.0,0.0,0
2018-02-07,10000.0,10000.0,0,0.0,0.0,0
2018-02-08,10000.0,10000.0,0,0.0,0.0,0
2018-02-09,10000.0,10000.0,0,0.0,0.0,0
2018-02-10,10000.0,10000.0,0,0.0,0.0,0
2018-02-11,10000.0,10000.0,0,0.0,0.0,0
2018-02-12,10000.0,10000.0,0,0.0,0.0,0
2018-02-13,10000.0,10000.0,0,0.0,0.0,0
2018-02-14,10000.0,10000.0,0,0.0,0.0,0
2018-02-15,10000.0,10000.0,0,0.0,0.0,0
2018-02-16,10000.0,10000.0,0,0.0,0.0,0
2018-02-17,10000.0,10000.0,0,0.0,0.0,0
2018-02-18,10000.0,10000.0,0,0.0,0.0,0
2018-02-19,10000.0,10000.0,0,0.0,0.0,0
2018-02-20,10000.0,10000.0,0,0.0,0.0,0
2018-02-21,10000.0,10000.0,0,0.0,0.0,0
2018-02-22,10000.0,10000.0,0,0.0,0.0,0
2018-02-23,10000.0,10000.0,0,0.0,0.0,0
2018-02-24,10000.0,10000.0,0,0.0,0.0,0
2018-02-25,10000.0,10000.0,0,0.0,0.0,0
2018-02-26,10000.0,10000.0,0,0.0,0.0,0
2018-02-27,10000.0,10000.0,0,0.0,0.0,0
2018-02-28,10000.0,10000.0,0,0.0,0.0,0
2018-03-01,10000.0,10000.0,0,0.0,0.0,0
2018-03-02,10000.0,10000.0,0,0.0,0.0,0
2018-03-03,10000.0,10000.0,0,0.0,0.0,0
2018-03-04,10000.0,10000.0,0,0.0,0.0,0
2018-03-05,10000.0,10000.0,0,0.0,0.0,0
2018-03-06,10000.0,10000.0,0,0.0,0.0,0
2018-03-07,10000.0,10000.0,0,0.0,0.0,0
2018-03-08,10000.0,10000.0,0,0.0,0.0,0
2018-03-09,10000.0,10000.0,0,0.0,0.0,0
2018-03-10,10000.0,10000.0,0,0.0,0.0,0
2018-03-11,10000.0,10000.0,0,0.0,0.0,0
2018-03-12,10000.0,10000.0,0,0.0,0.0,0
2018-03-13,10000.0,10000.0,0,0.0,0.0,0
2018-03-14,10000.0,10000.0,0,0.0,0.0,0
2018-03-15,10000.0,10000.0,0,0.0,0.0,0
2018-03-16,10000.0,10000.0,0,0.0,0.0,0
2018-03-17,10000.0,10000.0,0,0.0,0.0,0
2018-03-18,10000.0,10000.0,0,0.0,0.0,0
2018-03-19,10000.0,10000.0,0,0.0,0.0,0
2018-03-20,10000.0,10000.0,0,0.0,0.0,0
2018-03-21,10000.0,10000.0,0,0.0,0.0,0
2018-03-22,10000.0,10000.0,0,0.0,0.0,0
2018-03-23,10000.0,10000.0,0,0.0,0.0,0
2018-03-24,10000.0,10000.0,0,0.0,0.0,0
2018-03-25,10000.0,10000.0,0,0.0,0.0,0
2018-03-26,10000.0,10000.0,0,0.0,0.0,0
2018-03-27,10000.0,10000.0,0,0.0,0.0,0
2018-03-28,10000.0,10000.0,0,0.0,0.0,0
2018-03-29,10000.0,10000.0,0,0.0,0.0,0
2018-03-30,10000.0,10000.0,0,0.0,0.0,0
2018-03-31,10000.0,10000.0,0,0.0,0.0,0
2018-04-01,10000.0,10000.0,0,0.0,0.0,0
2018-04-02,10000.0,10000.0,0,0.0,0.0,0
2018-04-03,10000.0,10000.0,0,0.0,0.0,0
2018-04-04,10000.0,10000.0,0,0.0,0.0,0
2018-04-05,10000.0,10000.0,0,0.0,0.0,0
2018-04-06,10000.0,10000.0,0,0.0,0.0,0
2018-04-07,10000.0,10000.0,0,0.0,0.0,0
2018-04-08,10000.0,10000.0,0,0.0,0.0,0
2018-04-09,10000.0,10000.0,0,0.0,0.0,0
2018-04-10,10000.0,10000.0,0,0.0,0.0,0
2018-04-11,10000.0,10000.0,0,0.0,0.0,0
2018-04-12,10000.0,10000.0,0,0.0,0.0,0
2018-04-13,10000.0,10000.0,0,0.0,0.0,0
2018-04-14,10000.0,10000.0,0,0.0,0.0,0
2018-04-15,10000.0,10000.0,0,0.0,0.0,0
2018-04-16,10000.0,10000.0,0,0.0,0.0,0
2018-04-17,10000.0,10000.0,0,0.0,0.0,0
2018-04-18,10000.0,10000.0,0,0.0,0.0,0
2018-04-19,10000.0,10000.0,0,0.0,0.0,0
2018-04-20,10000.0,10000.0,0,0.0,0.0,0
2018-04-21,10000.0,10000.0,0,0.0,0.0,0
2018-04-22,10000.0,10000.0,0,0.0,0.0,0
2018-04-23,10000.0,10000.0,0,0.0,0.0,0
2018-04-24,10000.0,10000.0,0,0.0,0.0,0
2018-04-25,10000.0,10000.0,0,0.0,0.0,0
2018-04-26,10000.0,10000.0,0,0.0,0.0,0
2018-04-27,10000.0,10000.0,0,0.0,0.0,0
2018-04-28,10000.0,10000.0,0,0.0,0.0,0
2018-04-29,10000.0,10000.0,0,0.0,0.0,0
2018-04-30,10000.0,10000.0,0,0.0,0.0,0
2018-05-01,10000.0,10000.0,0,0.0,0.0,0
2018-05-02,10000.0,10000.0,0,0.0,0.0,0
2018-05-03,10000.0,10000.0,0,0.0,0.0,0
2018-05-04,10000.0,10000.0,0,0.0,0.0,0
2018-05-05,10000.0,10000.0,0,0.0,0.0,0
2018-05-06,10000.0,10000.0,0,0.0,0.0,0
2018-05-07,10000.0,10000.0,0,0.0,0.0,0
2018-05-08,10000.0,10000.0,0,0.0,0.0,0
2018-05-09,10000.0,10000.0,0,0.0,0.0,0
2018-05-10,10000.0,10000.0,0,0.0,0.0,0
2018-05-11,10000.0,10000.0,0,0.0,0.0,0
2018-05-12,10000.0,10000.0,0,0.0,0.0,0
2018-05-13,10000.0,10000.0,0,0.0,0.0,0
2018-05-14,10000.0,10000.0,0,0.0,0.0,0
2018-05-15,10000.0,10000.0,0,0.0,0.0,0
2018-05-16,10000.0,10000.0,0,0.0,0.0,0
2018-05-17,10000.0,10000.0,0,0.0,0.0,0
2018-05-18,10000.0,10000.0,0,0.0,0.0,0
2018-05-19,10000.0,10000.0,0,0.0,0.0,0
2018-05-20,10000.0,10000.0,0,0.0,0.0,0
2018-05-21,10000.0,10000.0,0,0.0,0.0,0
2018-05-22,10000.0,10000.0,0,0.0,0.0,0
2018-05-23,10000.0,10000.0,0,0.0,0.0,0
2018-05-24,10000.0,10000.0,0,0.0,0.0,0
2018-05-25,10000.0,10000.0,0,0.0,0.0,0
2018-05-26,10000.0,10000.0,0,0.0,0.0,0
2018-05-27,10000.0,10000.0,0,0.0,0.0,0
2018-05-28,10000.0,10000.0,0,0.0,0.0,0
2018-05-29,10000.0,10000.0,0,0.0,0.0,0
2018-05-30,10000.0,10000.0,0,0.0,0.0,0
2018-05-31,10000.0,10000.0,0,0.0,0.0,0
2018-06-01,10000.0,10000.0,0,0.0,0.0,0
2018-06-02,10000.0,10000.0,0,0.0,0.0,0
2018-06-03,10000.0,10000.0,0,0.0,0.0,0
2018-06-04,10000.0,10000.0,0,0.0,0.0,0
2018-06-05,10000.0,10000.0,0,0.0,0.0,0
2018-06-06,10000.0,10000.0,0,0.0,0.0,0
2018-06-07,10000.0,10000.0,0,0.0,0.0,0
2018-06-08,10000.0,10000.0,0,0.0,0.0,0
2018-06-09,10000.0,10000.0,0,0.0,0.0,0
2018-06-10,10000.0,10000.0,0,0.0,0.0,0
2018-06-11,10000.0,10000.0,0,0.0,0.0,0
2018-06-12,10000.0,10000.0,0,0.0,0.0,0
2018-06-13,10000.0,10000.0,0,0.0,0.0,0
2018-06-14,10000.0,10000.0,0,0.0,0.0,0
2018-06-15,10000.0,10000.0,0,0.0,0.0,0
2018-06-16,10000.0,10000.0,0,0.0,0.0,0
2018-06-17,10000.0,10000.0,0,0.0,0.0,0
2018-06-18,10000.0,10000.0,0,0.0,0.0,0
2018-06-19,10000.0,10000.0,0,0.0,0.0,0
2018-06-20,10000.0,10000.0,0,0.0,0.0,0
2018-06-21,10000.0,10000.0,0,0.0,0.0,0
2018-06-22,10000.0,10000.0,0,0.0,0.0,0
2018-06-23,10000.0,10000.0,0,0.0,0.0,0
2018-06-24,10000.0,10000.0,0,0.0,0.0,0
2018-06-25,10000.0,10000.0,0,0.0,0.0,0
2018-06-26,10000.0,10000.0,0,0.0,0.0,0
2018-06-27,10000.0,10000.0,0,0.0,0.0,0
2018-06-28,10000.0,10000.0,0,0.0,0.0,0
2018-06-29,10000.0,10000.0,0,0.0,0.0,0
2018-06-30,10000.0,10000.0,0,0.0,0.0,0
2018-07-01,10000.0,10000.0,0,0.0,0.0,0
2018-07-02,10000.0,10000.0,0,0.0,0.0,0
2018-07-03,10000.0,10000.0,0,0.0,0.0,0
2018-07-04,10000.0,10000.0,0,0.0,0.0,0
2018-07-05,10000.0,10000.0,0,0.0,0.0,0
2018-07-06,10000.0,10000.0,0,0.0,0.0,0
2018-07-07,10000.0,10000.0,0,0.0,0.0,0
2018-07-08,10000.0,10000.0,0,0.0,0.0,0
2018-07-09,10000.0,10000.0,0,0.0,0.0,0
2018-07-10,10000.0,10000.0,0,0.0,0.0,0
2018-07-11,10000.0,10000.0,0,0.0,0.0,0
2018-07-12,10000.0,10000.0,0,0.0,0.0,0
2018-07-13,10000.0,10000.0,0,0.0,0.0,0
2018-07-14,10000.0,10000.0,0,0.0,0.0,0
2018-07-15,10000.0,10000.0,0,0.0,0.0,0
2018-07-16,10000.0,10000.0,0,0.0,0.0,0
2018-07-17,10000.0,10000.0,0,0.0,0.0,0
2018-07-18,10000.0,10000.0,0,0.0,0.0,0
2018-07-19,10000.0,10000.0,0,0.0,0.0,0
2018-07-20,10000.0,10000.0,0,0.0,0.0,0
2018-07-21,10000.0,10000.0,0,0.0,0.0,0
2018-07-22,10000.0,10000.0,0,0.0,0.0,0
2018-07-23,10000.0,10000.0,0,0.0,0.0,0
2018-07-24,10000.0,10000.0,0,0.0,0.0,0
2018-07-25,10000.0,10000.0,0,0.0,0.0,0
2018-07-26,10000.0,10000.0,0,0.0,0.0,0
2018-07-27,10000.0,10000.0,0,0.0,0.0,0
2018-07-28,10000.0,10000.0,0,0.0,0.0,0
2018-07-29,10000.0,10000.0,0,0.0,0.0,0
2018-07-30,10000.0,10000.0,0,0.0,0.0,0
2018-07-31,10000.0,10000.0,0,0.0,0.0,0
2018-08-01,10000.0,10000.0,0,0.0,0.0,0
2018-08-02,10000.0,10000.0,0,0.0,0.0,0
2018-08-03,10000.0,10000.0,0,0.0,0.0,0
2018-08-04,10000.0,10000.0,0,0.0,0.0,0
2018-08-05,10000.0,10000.0,0,0.0,0.0,0
2018-08-06,10000.0,10000.0,0,0.0,0.0,0
2018-08-07,10000.0,10000.0,0,0.0,0.0,0
2018-08-08,10000.0,10000.0,0,0.0,0.0,0
2018-08-09,10000.0,10000.0,0,0.0,0.0,0
2018-08-10,10000.0,10000.0,0,0.0,0.0,0
2018-08-11,10000.0,10000.0,0,0.0,0.0,0
2018-08-12,10000.0,10000.0,0,0.0,0.0,0
2018-08-13,10000.0,10000.0,0,0.0,0.0,0
2018-08-14,10000.0,10000.0,0,0.0,0.0,0
2018-08-15,10000.0,10000.0,0,0.0,0.0,0
2018-08-16,10000.0,10000.0,0,0.0,0.0,0
2018-08-17,10000.0,10000.0,0,0.0,0.0,0
2018-08-18,10000.0,10000.0,0,0.0,0.0,0
2018-08-19,10000.0,10000.0,0,0.0,0.0,0
2018-08-20,10000.0,10000.0,0,0.0,0.0,0
2018-08-21,10000.0,10000.0,0,0.0,0.0,0
2018-08-22,10000.0,10000.0,0,0.0,0.0,0
2018-08-23,10000.0,10000.0,0,0.0,0.0,0
2018-08-24,10000.0,10000.0,0,0.0,0.0,0
2018-08-25,10000.0,10000.0,0,0.0,0.0,0
2018-08-26,10000.0,10000.0,0,0.0,0.0,0
2018-08-27,10000.0,10000.0,0,0.0,0.0,0
2018-08-28,10000.0,10000.0,0,0.0,0.0,0
2018-08-29,10000.0,10000.0,0,0.0,0.0,0
2018-08-30,10000.0,10000.0,0,0.0,0.0,0
2018-08-31,10000.0,10000.0,0,0.0,0.0,0
2018-09-01,10000.0,10000.0,0,0.0,0.0,0
2018-09-02,10000.0,10000.0,0,0.0,0.0,0
2018-09-03,10000.0,10000.0,0,0.0,0.0,0
2018-09-04,10000.0,10000.0,0,0.0,0.0,0
2018-09-05,10000.0,10000.0,0,0.0,0.0,0
2018-09-06,10000.0,10000.0,0,0.0,0.0,0
2018-09-07,10000.0,10000.0,0,0.0,0.0,0
2018-09-08,10000.0,10000.0,0,0.0,0.0,0
2018-09-09,10000.0,10000.0,0,0.0,0.0,0
2018-09-10,10000.0,10000.0,0,0.0,0.0,0
2018-09-11,10000.0,10000.0,0,0.0,0.0,0
2018-09-12,10000.0,10000.0,0,0.0,0.0,0
2018-09-13,10000.0,10000.0,0,0.0,0.0,0
2018-09-14,10000.0,10000.0,0,0.0,0.0,0
2018-09-15,10000.0,10000.0,0,0.0,0.0,0
2018-09-16,10000.0,10000.0,0,0.0,0.0,0
2018-09-17,10000.0,10000.0,0,0.0,0.0,0
2018-09-18,10000.0,10000.0,0,0.0,0.0,0
2018-09-19,10000.0,10000.0,0,0.0,0.0,0
2018-09-20,10000.0,10000.0,0,0.0,0.0,0
2018-09-21,10000.0,10000.0,0,0.0,0.0,0
2018-09-22,10000.0,10000.0,0,0.0,0.0,0
2018-09-23,10000.0,10000.0,0,0.0,0.0,0
2018-09-24,10000.0,10000.0,0,0.0,0.0,0
2018-09-25,10000.0,10000.0,0,0.0,0.0,0
2018-09-26,10000.0,10000.0,0,0.0,0.0,0
2018-09-27,10000.0,10000.0,0,0.0,0.0,0
2018-09-28,10000.0,10000.0,0,0.0,0.0,0
2018-09-29,10000.0,10000.0,0,0.0,0.0,0
2018-09-30,10000.0,10000.0,0,0.0,0.0,0
2018-10-01,10000.0,10000.0,0,0.0,0.0,0
2018-10-02,10000.0,10000.0,0,0.0,0.0,0
2018-10-03,10000.0,10000.0,0,0.0,0.0,0
2018-10-04,10000.0,10000.0,0,0.0,0.0,0
2018-10-05,10000.0,10000.0,0,0.0,0.0,0
2018-10-06,10000.0,10000.0,0,0.0,0.0,0
2018-10-07,10000.0,10000.0,0,0.0,0.0,0
2018-10-08,10000.0,10000.0,0,0.0,0.0,0
2018-10-09,10000.0,10000.0,0,0.0,0.0,0
2018-10-10,10000.0,10000.0,0,0.0,0.0,0
2018-10-11,10000.0,10000.0,0,0.0,0.0,0
2018-10-12,10000.0,10000.0,0,0.0,0.0,0
2018-10-13,10000.0,10000.0,0,0.0,0.0,0
2018-10-14,10000.0,10000.0,0,0.0,0.0,0
2018-10-15,10000.0,10000.0,0,0.0,0.0,0
2018-10-16,10000.0,10000.0,0,0.0,0.0,0
2018-10-17,10000.0,10000.0,0,0.0,0.0,0
2018-10-18,10000.0,10000.0,0,0.0,0.0,0
2018-10-19,10000.0,10000.0,0,0.0,0.0,0
2018-10-20,10000.0,10000.0,0,0.0,0.0,0
2018-10-21,10000.0,10000.0,0,0.0,0.0,0
2018-10-22,10000.0,10000.0,0,0.0,0.0,0
2018-10-23,10000.0,10000.0,0,0.0,0.0,0
2018-10-24,10000.0,10000.0,0,0.0,0.0,0
2018-10-25,10000.0,10000.0,0,0.0,0.0,0
2018-10-26,10000.0,10000.0,0,0.0,0.0,0
2018-10-27,10000.0,10000.0,0,0.0,0.0,0
2018-10-28,10000.0,10000.0,0,0.0,0.0,0
2018-10-29,10000.0,10000.0,0,0.0,0.0,0
2018-10-30,10000.0,10000.0,0,0.0,0.0,0
2018-10-31,10000.0,10000.0,0,0.0,0.0,0
2018-11-01,10000.0,10000.0,0,0.0,0.0,0
2018-11-02,10000.0,10000.0,0,0.0,0.0,0
2018-11-03,10000.0,10000.0,0,0.0,0.0,0
2018-11-04,10000.0,10000.0,0,0.0,0.0,0
2018-11-05,10000.0,10000.0,0,0.0,0.0,0
2018-11-06,10000.0,10000.0,0,0.0,0.0,0
2018-11-07,10000.0,10000.0,0,0.0,0.0,0
2018-11-08,10000.0,10000.0,0,0.0,0.0,0
2018-11-09,10000.0,10000.0,0,0.0,0.0,0
2018-11-10,10000.0,10000.0,0,0.0,0.0,0
2018-11-11,10000.0,10000.0,0,0.0,0.0,0
2018-11-12,10000.0,10000.0,0,0.0,0.0,0
2018-11-13,10000.0,10000.0,0,0.0,0.0,0
2018-11-14,10000.0,10000.0,0,0.0,0.0,0
2018-11-15,10000.0,10000.0,0,0.0,0.0,0
2018-11-16,10000.0,10000.0,0,0.0,0.0,0
2018-11-17,10000.0,10000.0,0,0.0,0.0,0
2018-11-18,10000.0,10000.0,0,0.0,0.0,0
2018-11-19,10000.0,10000.0,0,0.0,0.0,0
2018-11-20,10000.0,10000.0,0,0.0,0.0,0
2018-11-21,10000.0,10000.0,0,0.0,0.0,0
2018-11-22,10000.0,10000.0,0,0.0,0.0,0
2018-11-23,10000.0,10000.0,0,0.0,0.0,0
2018-11-24,10000.0,10000.0,0,0.0,0.0,0
2018-11-25,10000.0,10000.0,0,0.0,0.0,0
2018-11-26,10000.0,10000.0,0,0.0,0.0,0
2018-11-27,10000.0,10000.0,0,0.0,0.0,0
2018-11-28,10000.0,10000.0,0,0.0,0.0,0
2018-11-29,10000.0,10000.0,0,0.0,0.0,0
2018-11-30,10000.0,10000.0,0,0.0,0.0,0
2018-12-01,10000.0,10000.0,0,0.0,0.0,0
2018-12-02,10000.0,10000.0,0,0.0,0.0,0
2018-12-03,10000.0,10000.0,0,0.0,0.0,0
2018-12-04,10000.0,10000.0,0,0.0,0.0,0
2018-12-05,10000.0,10000.0,0,0.0,0.0,0
2018-12-06,10000.0,10000.0,0,0.0,0.0,0
2018-12-07,10000.0,10000.0,0,0.0,0.0,0
2018-12-08,10000.0,10000.0,0,0.0,0.0,0
2018-12-09,10000.0,10000.0,0,0.0,0.0,0
2018-12-10,10000.0,10000.0,0,0.0,0.0,0
2018-12-11,10000.0,10000.0,0,0.0,0.0,0
2018-12-12,10000.0,10000.0,0,0.0,0.0,0
2018-12-13,10000.0,10000.0,0,0.0,0.0,0
2018-12-14,10000.0,10000.0,0,0.0,0.0,0
2018-12-15,10000.0,10000.0,0,0.0,0.0,0
2018-12-16,10000.0,10000.0,0,0.0,0.0,0
2018-12-17,10000.0,10000.0,0,0.0,0.0,0
2018-12-18,10000.0,10000.0,0,0.0,0.0,0
2018-12-19,10000.0,10000.0,0,0.0,0.0,0
2018-12-20,10000.0,10000.0,0,0.0,0.0,0
2018-12-21,10000.0,10000.0,0,0.0,0.0,0
2018-12-22,10000.0,10000.0,0,0.0,0.0,0
2018-12-23,10000.0,10000.0,0,0.0,0.0,0
2018-12-24,10000.0,10000.0,0,0.0,0.0,0
2018-12-25,10000.0,10000.0,0,0.0,0.0,0
2018-12-26,10000.0,10000.0,0,0.0,0.0,0
2018-12-27,10000.0,10000.0,0,0.0,0.0,0
2018-12-28,10000.0,10000.0,0,0.0,0.0,0
2018-12-29,10000.0,10000.0,0,0.0,0.0,0
2018-12-30,10000.0,10000.0,0,0.0,0.0,0
2018-12-31,10000.0,10000.0,0,0.0,0.0,0
2019-01-01,10000.0,10000.0,0,0.0,0.0,0
2019-01-02,10000.0,10000.0,0,0.0,0.0,0
2019-01-03,10000.0,10000.0,0,0.0,0.0,0
2019-01-04,10000.0,10000.0,0,0.0,0.0,0
2019-01-05,10000.0,10000.0,0,0.0,0.0,0
2019-01-06,10000.0,10000.0,0,0.0,0.0,0
2019-01-07,10000.0,10000.0,0,0.0,0.0,0
2019-01-08,10000.0,10000.0,0,0.0,0.0,0
2019-01-09,10000.0,10000.0,0,0.0,0.0,0
2019-01-10,10000.0,10000.0,0,0.0,0.0,0
2019-01-11,10000.0,10000.0,0,0.0,0.0,0
2019-01-12,10000.0,10000.0,0,0.0,0.0,0
2019-01-13,10000.0,10000.0,0,0.0,0.0,0
2019-01-14,10000.0,10000.0,0,0.0,0.0,0
2019-01-15,10000.0,10000.0,0,0.0,0.0,0
2019-01-16,10000.0,10000.0,0,0.0,0.0,0
2019-01-17,10000.0,10000.0,0,0.0,0.0,0
2019-01-18,10000.0,10000.0,0,0.0,0.0,0
2019-01-19,10000.0,10000.0,0,0.0,0.0,0
2019-01-20,10000.0,10000.0,0,0.0,0.0,0
2019-01-21,10000.0,10000.0,0,0.0,0.0,0
2019-01-22,10000.0,10000.0,0,0.0,0.0,0
2019-01-23,10000.0,10000.0,0,0.0,0.0,0
2019-01-24,10000.0,10000.0,0,0.0,0.0,0
2019-01-25,10000.0,10000.0,0,0.0,0.0,0
2019-01-26,10000.0,10000.0,0,0.0,0.0,0
2019-01-27,10000.0,10000.0,0,0.0,0.0,0
2019-01-28,10000.0,10000.0,0,0.0,0.0,0
2019-01-29,10000.0,10000.0,0,0.0,0.0,0
2019-01-30,10000.0,10000.0,0,0.0,0.0,0
2019-01-31,10000.0,10000.0,0,0.0,0.0,0
2019-02-01,10000.0,10000.0,0,0.0,0.0,0
2019-02-02,10000.0,10000.0,0,0.0,0.0,0
2019-02-03,10000.0,10000.0,0,0.0,0.0,0
2019-02-04,10000.0,10000.0,0,0.0,0.0,0
2019-02-05,10000.0,10000.0,0,0.0,0.0,0
2019-02-06,10000.0,10000.0,0,0.0,0.0,0
2019-02-07,10000.0,10000.0,0,0.0,0.0,0
2019-02-08,10000.0,10000.0,0,0.0,0.0,0
2019-02-09,10000.0,10000.0,0,0.0,0.0,0
2019-02-10,10000.0,10000.0,0,0.0,0.0,0
2019-02-11,10000.0,10000.0,0,0.0,0.0,0
2019-02-12,10000.0,10000.0,0,0.0,0.0,0
2019-02-13,10000.0,10000.0,0,0.0,0.0,0
2019-02-14,10000.0,10000.0,0,0.0,0.0,0
2019-02-15,10000.0,10000.0,0,0.0,0.0,0
2019-02-16,10000.0,10000.0,0,0.0,0.0,0
2019-02-17,10000.0,10000.0,0,0.0,0.0,0
2019-02-18,10000.0,10000.0,0,0.0,0.0,0
2019-02-19,10000.0,10000.0,0,0.0,0.0,0
2019-02-20,10000.0,10000.0,0,0.0,0.0,0
2019-02-21,10000.0,10000.0,0,0.0,0.0,0
2019-02-22,10000.0,10000.0,0,0.0,0.0,0
2019-02-23,10000.0,10000.0,0,0.0,0.0,0
2019-02-24,10000.0,10000.0,0,0.0,0.0,0
2019-02-25,10000.0,10000.0,0,0.0,0.0,0
2019-02-26,10000.0,10000.0,0,0.0,0.0,0
2019-02-27,10000.0,10000.0,0,0.0,0.0,0
2019-02-28,10000.0,10000.0,0,0.0,0.0,0
2019-03-01,10000.0,10000.0,0,0.0,0.0,0
2019-03-02,10000.0,10000.0,0,0.0,0.0,0
2019-03-03,10000.0,10000.0,0,0.0,0.0,0
2019-03-04,10000.0,10000.0,0,0.0,0.0,0
2019-03-05,10000.0,10000.0,0,0.0,0.0,0
2019-03-06,10000.0,10000.0,0,0.0,0.0,0
2019-03-07,10000.0,10000.0,0,0.0,0.0,0
2019-03-08,10000.0,10000.0,0,0.0,0.0,0
2019-03-09,10000.0,10000.0,0,0.0,0.0,0
2019-03-10,10000.0,10000.0,0,0.0,0.0,0
2019-03-11,10000.0,10000.0,0,0.0,0.0,0
2019-03-12,10000.0,10000.0,0,0.0,0.0,0
2019-03-13,10000.0,10000.0,0,0.0,0.0,0
2019-03-14,10000.0,10000.0,0,0.0,0.0,0
2019-03-15,10000.0,10000.0,0,0.0,0.0,0
2019-03-16,10000.0,10000.0,0,0.0,0.0,0
2019-03-17,10000.0,10000.0,0,0.0,0.0,0
2019-03-18,10000.0,10000.0,0,0.0,0.0,0
2019-03-19,10000.0,10000.0,0,0.0,0.0,0
2019-03-20,10000.0,10000.0,0,0.0,0.0,0
2019-03-21,10000.0,10000.0,0,0.0,0.0,0
2019-03-22,10000.0,10000.0,0,0.0,0.0,0
2019-03-23,10000.0,10000.0,0,0.0,0.0,0
2019-03-24,10000.0,10000.0,0,0.0,0.0,0
2019-03-25,10000.0,10000.0,0,0.0,0.0,0
2019-03-26,10000.0,10000.0,0,0.0,0.0,0
2019-03-27,10000.0,10000.0,0,0.0,0.0,0
2019-03-28,10000.0,10000.0,0,0.0,0.0,0
2019-03-29,10000.0,10000.0,0,0.0,0.0,0
2019-03-30,10000.0,10000.0,0,0.0,0.0,0
2019-03-31,10000.0,10000.0,0,0.0,0.0,0
2019-04-01,10000.0,10000.0,0,0.0,0.0,0
2019-04-02,10000.0,10000.0,0,0.0,0.0,0
2019-04-03,10000.0,10000.0,0,0.0,0.0,0
2019-04-04,10000.0,10000.0,0,0.0,0.0,0
2019-04-05,10000.0,10000.0,0,0.0,0.0,0
2019-04-06,10000.0,10000.0,0,0.0,0.0,0
2019-04-07,10000.0,10000.0,0,0.0,0.0,0
2019-04-08,10000.0,10000.0,0,0.0,0.0,0
2019-04-09,10000.0,10000.0,0,0.0,0.0,0
2019-04-10,10000.0,10000.0,0,0.0,0.0,0
2019-04-11,10000.0,10000.0,0,0.0,0.0,0
2019-04-12,10000.0,10000.0,0,0.0,0.0,0
2019-04-13,10000.0,10000.0,0,0.0,0.0,0
2019-04-14,10000.0,10000.0,0,0.0,0.0,0
2019-04-15,10000.0,10000.0,0,0.0,0.0,0
2019-04-16,10000.0,10000.0,0,0.0,0.0,0
2019-04-17,10000.0,10000.0,0,0.0,0.0,0
2019-04-18,10000.0,10000.0,0,0.0,0.0,0
2019-04-19,10000.0,10000.0,0,0.0,0.0,0
2019-04-20,10000.0,10000.0,0,0.0,0.0,0
2019-04-21,10000.0,10000.0,0,0.0,0.0,0
2019-04-22,10000.0,10000.0,0,0.0,0.0,0
2019-04-23,10000.0,10000.0,0,0.0,0.0,0
2019-04-24,10000.0,10000.0,0,0.0,0.0,0
2019-04-25,10000.0,10000.0,0,0.0,0.0,0
2019-04-26,10000.0,10000.0,0,0.0,0.0,0
2019-04-27,10000.0,10000.0,0,0.0,0.0,0
2019-04-28,10000.0,10000.0,0,0.0,0.0,0
2019-04-29,10000.0,10000.0,0,0.0,0.0,0
2019-04-30,10000.0,10000.0,0,0.0,0.0,0
2019-05-01,10000.0,10000.0,0,0.0,0.0,0
2019-05-02,10000.0,10000.0,0,0.0,0.0,0
2019-05-03,10000.0,10000.0,0,0.0,0.0,0
2019-05-04,10000.0,10000.0,0,0.0,0.0,0
2019-05-05,10000.0,10000.0,0,0.0,0.0,0
2019-05-06,10000.0,10000.0,0,0.0,0.0,0
2019-05-07,10000.0,10000.0,0,0.0,0.0,0
2019-05-08,10000.0,10000.0,0,0.0,0.0,0
2019-05-09,10000.0,10000.0,0,0.0,0.0,0
2019-05-10,10000.0,10000.0,0,0.0,0.0,0
2019-05-11,10000.0,10000.0,0,0.0,0.0,0
2019-05-12,10000.0,10000.0,0,0.0,0.0,0
2019-05-13,10000.0,10000.0,0,0.0,0.0,0
2019-05-14,10000.0,10000.0,0,0.0,0.0,0
2019-05-15,10000.0,10000.0,0,0.0,0.0,0
2019-05-16,10000.0,10000.0,0,0.0,0.0,0
2019-05-17,10000.0,10000.0,0,0.0,0.0,0
2019-05-18,10000.0,10000.0,0,0.0,0.0,0
2019-05-19,10000.0,10000.0,0,0.0,0.0,0
2019-05-20,10000.0,10000.0,0,0.0,0.0,0
2019-05-21,10000.0,10000.0,0,0.0,0.0,0
2019-05-22,10000.0,10000.0,0,0.0,0.0,0
2019-05-23,10000.0,10000.0,0,0.0,0.0,0
2019-05-24,10000.0,10000.0,0,0.0,0.0,0
2019-05-25,10000.0,10000.0,0,0.0,0.0,0
2019-05-26,10000.0,10000.0,0,0.0,0.0,0
2019-05-27,10000.0,10000.0,0,0.0,0.0,0
2019-05-28,10000.0,10000.0,0,0.0,0.0,0
2019-05-29,10000.0,10000.0,0,0.0,0.0,0
2019-05-30,10000.0,10000.0,0,0.0,0.0,0
2019-05-31,10000.0,10000.0,0,0.0,0.0,0
2019-06-01,10000.0,10000.0,0,0.0,0.0,0
2019-06-02,10000.0,10000.0,0,0.0,0.0,0
2019-06-03,10000.0,10000.0,0,0.0,0.0,0
2019-06-04,10000.0,10000.0,0,0.0,0.0,0
2019-06-05,10000.0,10000.0,0,0.0,0.0,0
2019-06-06,10000.0,10000.0,0,0.0,0.0,0
2019-06-07,10000.0,10000.0,0,0.0,0.0,0
2019-06-08,10000.0,10000.0,0,0.0,0.0,0
2019-06-09,10000.0,10000.0,0,0.0,0.0,0
2019-06-10,10000.0,10000.0,0,0.0,0.0,0
2019-06-11,10000.0,10000.0,0,0.0,0.0,0
2019-06-12,10000.0,10000.0,0,0.0,0.0,0
2019-06-13,10000.0,10000.0,0,0.0,0.0,0
2019-06-14,10000.0,10000.0,0,0.0,0.0,0
2019-06-15,10000.0,10000.0,0,0.0,0.0,0
2019-06-16,10000.0,10000.0,0,0.0,0.0,0
2019-06-17,10000.0,10000.0,0,0.0,0.0,0
2019-06-18,10000.0,10000.0,0,0.0,0.0,0
2019-06-19,10000.0,10000.0,0,0.0,0.0,0
2019-06-20,10000.0,10000.0,0,0.0,0.0,0
2019-06-21,10000.0,10000.0,0,0.0,0.0,0
2019-06-22,10000.0,10000.0,0,0.0,0.0,0
2019-06-23,10000.0,10000.0,0,0.0,0.0,0
2019-06-24,10000.0,10000.0,0,0.0,0.0,0
2019-06-25,10000.0,10000.0,0,0.0,0.0,0
2019-06-26,10000.0,10000.0,0,0.0,0.0,0
2019-06-27,10000.0,10000.0,0,0.0,0.0,0
2019-06-28,10000.0,10000.0,0,0.0,0.0,0
2019-06-29,10000.0,10000.0,0,0.0,0.0,0
2019-06-30,10000.0,10000.0,0,0.0,0.0,0
2019-07-01,10000.0,10000.0,0,0.0,0.0,0
2019-07-02,10000.0,10000.0,0,0.0,0.0,0
2019-07-03,10000.0,10000.0,0,0.0,0.0,0
2019-07-04,10000.0,10000.0,0,0.0,0.0,0
2019-07-05,10000.0,10000.0,0,0.0,0.0,0
2019-07-06,10000.0,10000.0,0,0.0,0.0,0
2019-07-07,10000.0,10000.0,0,0.0,0.0,0
2019-07-08,10000.0,10000.0,0,0.0,0.0,0
2019-07-09,10000.0,10000.0,0,0.0,0.0,0
2019-07-10,10000.0,10000.0,0,0.0,0.0,0
2019-07-11,10000.0,10000.0,0,0.0,0.0,0
2019-07-12,10000.0,10000.0,0,0.0,0.0,0
2019-07-13,10000.0,10000.0,0,0.0,0.0,0
2019-07-14,10000.0,10000.0,0,0.0,0.0,0
2019-07-15,10000.0,10000.0,0,0.0,0.0,0
2019-07-16,10000.0,10000.0,0,0.0,0.0,0
2019-07-17,10000.0,10000.0,0,0.0,0.0,0
2019-07-18,10000.0,10000.0,0,0.0,0.0,0
2019-07-19,10000.0,10000.0,0,0.0,0.0,0
2019-07-20,10000.0,10000.0,0,0.0,0.0,0
2019-07-21,10000.0,10000.0,0,0.0,0.0,0
2019-07-22,10000.0,10000.0,0,0.0,0.0,0
2019-07-23,10000.0,10000.0,0,0.0,0.0,0
2019-07-24,10000.0,10000.0,0,0.0,0.0,0
2019-07-25,10000.0,10000.0,0,0.0,0.0,0
2019-07-26,10000.0,10000.0,0,0.0,0.0,0
2019-07-27,10000.0,10000.0,0,0.0,0.0,0
2019-07-28,10000.0,10000.0,0,0.0,0.0,0
2019-07-29,10000.0,10000.0,0,0.0,0.0,0
2019-07-30,10000.0,10000.0,0,0.0,0.0,0
2019-07-31,10000.0,10000.0,0,0.0,0.0,0
2019-08-01,10000.0,10000.0,0,0.0,0.0,0
2019-08-02,10000.0,10000.0,0,0.0,0.0,0
2019-08-03,10000.0,10000.0,0,0.0,0.0,0
2019-08-04,10000.0,10000.0,0,0.0,0.0,0
2019-08-05,10000.0,10000.0,0,0.0,0.0,0
2019-08-06,10000.0,10000.0,0,0.0,0.0,0
2019-08-07,10000.0,10000.0,0,0.0,0.0,0
2019-08-08,10000.0,10000.0,0,0.0,0.0,0
2019-08-09,10000.0,10000.0,0,0.0,0.0,0
2019-08-10,10000.0,10000.0,0,0.0,0.0,0
2019-08-11,10000.0,10000.0,0,0.0,0.0,0
2019-08-12,10000.0,10000.0,0,0.0,0.0,0
2019-08-13,10000.0,10000.0,0,0.0,0.0,0
2019-08-14,10000.0,10000.0,0,0.0,0.0,0
2019-08-15,10000.0,10000.0,0,0.0,0.0,0
2019-08-16,10000.0,10000.0,0,0.0,0.0,0
2019-08-17,10000.0,10000.0,0,0.0,0.0,0
2019-08-18,10000.0,10000.0,0,0.0,0.0,0
2019-08-19,10000.0,10000.0,0,0.0,0.0,0
2019-08-20,10000.0,10000.0,0,0.0,0.0,0
2019-08-21,10000.0,10000.0,0,0.0,0.0,0
2019-08-22,10000.0,10000.0,0,0.0,0.0,0
2019-08-23,10000.0,10000.0,0,0.0,0.0,0
2019-08-24,10000.0,10000.0,0,0.0,0.0,0
2019-08-25,10000.0,10000.0,0,0.0,0.0,0
2019-08-26,10000.0,10000.0,0,0.0,0.0,0
2019-08-27,10000.0,10000.0,0,0.0,0.0,0
2019-08-28,10000.0,10000.0,0,0.0,0.0,0
2019-08-29,10000.0,10000.0,0,0.0,0.0,0
2019-08-30,10000.0,10000.0,0,0.0,0.0,0
2019-08-31,10000.0,10000.0,0,0.0,0.0,0
2019-09-01,10000.0,10000.0,0,0.0,0.0,0
2019-09-02,10000.0,10000.0,0,0.0,0.0,0
2019-09-03,10000.0,10000.0,0,0.0,0.0,0
2019-09-04,10000.0,10000.0,0,0.0,0.0,0
2019-09-05,10000.0,10000.0,0,0.0,0.0,0
2019-09-06,10000.0,10000.0,0,0.0,0.0,0
2019-09-07,10000.0,10000.0,0,0.0,0.0,0
2019-09-08,10000.0,10000.0,0,0.0,0.0,0
2019-09-09,10000.0,10000.0,0,0.0,0.0,0
2019-09-10,10000.0,10000.0,0,0.0,0.0,0
2019-09-11,10000.0,10000.0,0,0.0,0.0,0
2019-09-12,10000.0,10000.0,0,0.0,0.0,0
2019-09-13,10000.0,10000.0,0,0.0,0.0,0
2019-09-14,10000.0,10000.0,0,0.0,0.0,0
2019-09-15,10000.0,10000.0,0,0.0,0.0,0
2019-09-16,10000.0,10000.0,0,0.0,0.0,0
2019-09-17,10000.0,10000.0,0,0.0,0.0,0
2019-09-18,10000.0,10000.0,0,0.0,0.0,0
2019-09-19,10000.0,10000.0,0,0.0,0.0,0
2019-09-20,10000.0,10000.0,0,0.0,0.0,0
2019-09-21,10000.0,10000.0,0,0.0,0.0,0
2019-09-22,10000.0,10000.0,0,0.0,0.0,0
2019-09-23,10000.0,10000.0,0,0.0,0.0,0
2019-09-24,10000.0,10000.0,0,0.0,0.0,0
2019-09-25,10000.0,10000.0,0,0.0,0.0,0
2019-09-26,10000.0,10000.0,0,0.0,0.0,0
2019-09-27,10000.0,10000.0,0,0.0,0.0,0
2019-09-28,10000.0,10000.0,0,0.0,0.0,0
2019-09-29,10000.0,10000.0,0,0.0,0.0,0
2019-09-30,10000.0,10000.0,0,0.0,0.0,0
2019-10-01,10000.0,10000.0,0,0.0,0.0,0
2019-10-02,10000.0,10000.0,0,0.0,0.0,0
2019-10-03,10000.0,10000.0,0,0.0,0.0,0
2019-10-04,10000.0,10000.0,0,0.0,0.0,0
2019-10-05,10000.0,10000.0,0,0.0,0.0,0
2019-10-06,10000.0,10000.0,0,0.0,0.0,0
2019-10-07,10000.0,10000.0,0,0.0,0.0,0
2019-10-08,10000.0,10000.0,0,0.0,0.0,0
2019-10-09,10000.0,10000.0,0,0.0,0.0,0
2019-10-10,10000.0,10000.0,0,0.0,0.0,0
2019-10-11,10000.0,10000.0,0,0.0,0.0,0
2019-10-12,10000.0,10000.0,0,0.0,0.0,0
2019-10-13,10000.0,10000.0,0,0.0,0.0,0
2019-10-14,10000.0,10000.0,0,0.0,0.0,0
2019-10-15,10000.0,10000.0,0,0.0,0.0,0
2019-10-16,10000.0,10000.0,0,0.0,0.0,0
2019-10-17,10000.0,10000.0,0,0.0,0.0,0
2019-10-18,10000.0,10000.0,0,0.0,0.0,0
2019-10-19,10000.0,10000.0,0,0.0,0.0,0
2019-10-20,10000.0,10000.0,0,0.0,0.0,0
2019-10-21,10000.0,10000.0,0,0.0,0.0,0
2019-10-22,10000.0,10000.0,0,0.0,0.0,0
2019-10-23,10000.0,10000.0,0,0.0,0.0,0
2019-10-24,10000.0,10000.0,0,0.0,0.0,0
2019-10-25,10000.0,10000.0,0,0.0,0.0,0
2019-10-26,10000.0,10000.0,0,0.0,0.0,0
2019-10-27,10000.0,10000.0,0,0.0,0.0,0
2019-10-28,10000.0,10000.0,0,0.0,0.0,0
2019-10-29,10000.0,10000.0,0,0.0,0.0,0
2019-10-30,10000.0,10000.0,0,0.0,0.0,0
2019-10-31,10000.0,10000.0,0,0.0,0.0,0
2019-11-01,10000.0,10000.0,0,0.0,0.0,0
2019-11-02,10000.0,10000.0,0,0.0,0.0,0
2019-11-03,10000.0,10000.0,0,0.0,0.0,0
2019-11-04,10000.0,10000.0,0,0.0,0.0,0
2019-11-05,10000.0,10000.0,0,0.0,0.0,0
2019-11-06,10000.0,10000.0,0,0.0,0.0,0
2019-11-07,10000.0,10000.0,0,0.0,0.0,0
2019-11-08,10000.0,10000.0,0,0.0,0.0,0
2019-11-09,10000.0,10000.0,0,0.0,0.0,0
2019-11-10,10000.0,10000.0,0,0.0,0.0,0
2019-11-11,10000.0,10000.0,0,0.0,0.0,0
2019-11-12,10000.0,10000.0,0,0.0,0.0,0
2019-11-13,10000.0,10000.0,0,0.0,0.0,0
2019-11-14,10000.0,10000.0,0,0.0,0.0,0
2019-11-15,10000.0,10000.0,0,0.0,0.0,0
2019-11-16,10000.0,10000.0,0,0.0,0.0,0
2019-11-17,10000.0,10000.0,0,0.0,0.0,0
2019-11-18,10000.0,10000.0,0,0.0,0.0,0
2019-11-19,10000.0,10000.0,0,0.0,0.0,0
2019-11-20,10000.0,10000.0,0,0.0,0.0,0
2019-11-21,10000.0,10000.0,0,0.0,0.0,0
2019-11-22,10000.0,10000.0,0,0.0,0.0,0
2019-11-23,10000.0,10000.0,0,0.0,0.0,0
2019-11-24,10000.0,10000.0,0,0.0,0.0,0
2019-11-25,10000.0,10000.0,0,0.0,0.0,0
2019-11-26,10000.0,10000.0,0,0.0,0.0,0
2019-11-27,10000.0,10000.0,0,0.0,0.0,0
2019-11-28,10000.0,10000.0,0,0.0,0.0,0
2019-11-29,10000.0,10000.0,0,0.0,0.0,0
2019-11-30,10000.0,10000.0,0,0.0,0.0,0
2019-12-01,10000.0,10000.0,0,0.0,0.0,0
2019-12-02,10000.0,10000.0,0,0.0,0.0,0
2019-12-03,10000.0,10000.0,0,0.0,0.0,0
2019-12-04,10000.0,10000.0,0,0.0,0.0,0
2019-12-05,10000.0,10000.0,0,0.0,0.0,0
2019-12-06,10000.0,10000.0,0,0.0,0.0,0
2019-12-07,10000.0,10000.0,0,0.0,0.0,0
2019-12-08,10000.0,10000.0,0,0.0,0.0,0
2019-12-09,10000.0,10000.0,0,0.0,0.0,0
2019-12-10,10000.0,10000.0,0,0.0,0.0,0
2019-12-11,10000.0,10000.0,0,0.0,0.0,0
2019-12-12,10000.0,10000.0,0,0.0,0.0,0
2019-12-13,10000.0,10000.0,0,0.0,0.0,0
2019-12-14,10000.0,10000.0,0,0.0,0.0,0
2019-12-15,10000.0,10000.0,0,0.0,0.0,0
2019-12-16,10000.0,10000.0,0,0.0,0.0,0
2019-12-17,10000.0,10000.0,0,0.0,0.0,0
2019-12-18,10000.0,10000.0,0,0.0,0.0,0
2019-12-19,10000.0,10000.0,0,0.0,0.0,0
2019-12-20,10000.0,10000.0,0,0.0,0.0,0
2019-12-21,10000.0,10000.0,0,0.0,0.0,0
2019-12-22,10000.0,10000.0,0,0.0,0.0,0
2019-12-23,10000.0,10000.0,0,0.0,0.0,0
2019-12-24,10000.0,10000.0,0,0.0,0.0,0
2019-12-25,10000.0,10000.0,0,0.0,0.0,0
2019-12-26,10000.0,10000.0,0,0.0,0.0,0
2019-12-27,10000.0,10000.0,0,0.0,0.0,0
2019-12-28,10000.0,10000.0,0,0.0,0.0,0
2019-12-29,10000.0,10000.0,0,0.0,0.0,0
2019-12-30,10000.0,10000.0,0,0.0,0.0,0
2019-12-31,10000.0,10000.0,0,0.0,0.0,0
2020-01-01,10000.0,10000.0,0,0.0,0.0,0
2020-01-02,10000.0,10000.0,0,0.0,0.0,0
2020-01-03,10000.0,10000.0,0,0.0,0.0,0
2020-01-04,10000.0,10000.0,0,0.0,0.0,0
2020-01-05,10000.0,10000.0,0,0.0,0.0,0
2020-01-06,10000.0,10000.0,0,0.0,0.0,0
2020-01-07,10000.0,10000.0,0,0.0,0.0,0
2020-01-08,10000.0,10000.0,0,0.0,0.0,0
2020-01-09,10000.0,10000.0,0,0.0,0.0,0
2020-01-10,10000.0,10000.0,0,0.0,0.0,0
2020-01-11,10000.0,10000.0,0,0.0,0.0,0
2020-01-12,10000.0,10000.0,0,0.0,0.0,0
2020-01-13,10000.0,10000.0,0,0.0,0.0,0
2020-01-14,10000.0,10000.0,0,0.0,0.0,0
2020-01-15,10000.0,10000.0,0,0.0,0.0,0
2020-01-16,10000.0,10000.0,0,0.0,0.0,0
2020-01-17,10000.0,10000.0,0,0.0,0.0,0
2020-01-18,10000.0,10000.0,0,0.0,0.0,0
2020-01-19,10000.0,10000.0,0,0.0,0.0,0
2020-01-20,10000.0,10000.0,0,0.0,0.0,0
2020-01-21,10000.0,10000.0,0,0.0,0.0,0
2020-01-22,10000.0,10000.0,0,0.0,0.0,0
2020-01-23,10000.0,10000.0,0,0.0,0.0,0
2020-01-24,10000.0,10000.0,0,0.0,0.0,0
2020-01-25,10000.0,10000.0,0,0.0,0.0,0
2020-01-26,10000.0,10000.0,0,0.0,0.0,0
2020-01-27,10000.0,10000.0,0,0.0,0.0,0
2020-01-28,10000.0,10000.0,0,0.0,0.0,0
2020-01-29,10000.0,10000.0,0,0.0,0.0,0
2020-01-30,10000.0,10000.0,0,0.0,0.0,0
2020-01-31,10000.0,10000.0,0,0.0,0.0,0
2020-02-01,10000.0,10000.0,0,0.0,0.0,0
2020-02-02,10000.0,10000.0,0,0.0,0.0,0
2020-02-03,10000.0,10000.0,0,0.0,0.0,0
2020-02-04,10000.0,10000.0,0,0.0,0.0,0
2020-02-05,10000.0,10000.0,0,0.0,0.0,0
2020-02-06,10000.0,10000.0,0,0.0,0.0,0
2020-02-07,10000.0,10000.0,0,0.0,0.0,0
2020-02-08,10000.0,10000.0,0,0.0,0.0,0
2020-02-09,10000.0,10000.0,0,0.0,0.0,0
2020-02-10,10000.0,10000.0,0,0.0,0.0,0
2020-02-11,10000.0,10000.0,0,0.0,0.0,0
2020-02-12,10000.0,10000.0,0,0.0,0.0,0
2020-02-13,10000.0,10000.0,0,0.0,0.0,0
2020-02-14,10000.0,10000.0,0,0.0,0.0,0
2020-02-15,10000.0,10000.0,0,0.0,0.0,0
2020-02-16,10000.0,10000.0,0,0.0,0.0,0
2020-02-17,10000.0,10000.0,0,0.0,0.0,0
2020-02-18,10000.0,10000.0,0,0.0,0.0,0
2020-02-19,10000.0,10000.0,0,0.0,0.0,0
2020-02-20,10000.0,10000.0,0,0.0,0.0,0
2020-02-21,10000.0,10000.0,0,0.0,0.0,0
2020-02-22,10000.0,10000.0,0,0.0,0.0,0
2020-02-23,10000.0,10000.0,0,0.0,0.0,0
2020-02-24,10000.0,10000.0,0,0.0,0.0,0
2020-02-25,10000.0,10000.0,0,0.0,0.0,0
2020-02-26,10000.0,10000.0,0,0.0,0.0,0
2020-02-27,10000.0,10000.0,0,0.0,0.0,0
2020-02-28,10000.0,10000.0,0,0.0,0.0,0
2020-02-29,10000.0,10000.0,0,0.0,0.0,0
2020-03-01,10000.0,10000.0,0,0.0,0.0,0
2020-03-02,10000.0,10000.0,0,0.0,0.0,0
2020-03-03,10000.0,10000.0,0,0.0,0.0,0
2020-03-04,10000.0,10000.0,0,0.0,0.0,0
2020-03-05,10000.0,10000.0,0,0.0,0.0,0
2020-03-06,10000.0,10000.0,0,0.0,0.0,0
2020-03-07,10000.0,10000.0,0,0.0,0.0,0
2020-03-08,10000.0,10000.0,0,0.0,0.0,0
2020-03-09,10000.0,10000.0,0,0.0,0.0,0
2020-03-10,10000.0,10000.0,0,0.0,0.0,0
2020-03-11,10000.0,10000.0,0,0.0,0.0,0
2020-03-12,10000.0,10000.0,0,0.0,0.0,0
2020-03-13,10000.0,10000.0,0,0.0,0.0,0
2020-03-14,10000.0,10000.0,0,0.0,0.0,0
2020-03-15,10000.0,10000.0,0,0.0,0.0,0
2020-03-16,10000.0,10000.0,0,0.0,0.0,0
2020-03-17,10000.0,10000.0,0,0.0,0.0,0
2020-03-18,10000.0,10000.0,0,0.0,0.0,0
2020-03-19,10000.0,10000.0,0,0.0,0.0,0
2020-03-20,10000.0,10000.0,0,0.0,0.0,0
2020-03-21,10000.0,10000.0,0,0.0,0.0,0
2020-03-22,10000.0,10000.0,0,0.0,0.0,0
2020-03-23,10000.0,10000.0,0,0.0,0.0,0
2020-03-24,10000.0,10000.0,0,0.0,0.0,0
2020-03-25,10000.0,10000.0,0,0.0,0.0,0
2020-03-26,10000.0,10000.0,0,0.0,0.0,0
2020-03-27,10000.0,10000.0,0,0.0,0.0,0
2020-03-28,10000.0,10000.0,0,0.0,0.0,0
2020-03-29,10000.0,10000.0,0,0.0,0.0,0
2020-03-30,10000.0,10000.0,0,0.0,0.0,0
2020-03-31,10000.0,10000.0,0,0.0,0.0,0
2020-04-01,10000.0,10000.0,0,0.0,0.0,0
2020-04-02,10000.0,10000.0,0,0.0,0.0,0
2020-04-03,10000.0,10000.0,0,0.0,0.0,0
2020-04-04,10000.0,10000.0,0,0.0,0.0,0
2020-04-05,10000.0,10000.0,0,0.0,0.0,0
2020-04-06,10000.0,10000.0,0,0.0,0.0,0
2020-04-07,10000.0,10000.0,0,0.0,0.0,0
2020-04-08,10000.0,10000.0,0,0.0,0.0,0
2020-04-09,10000.0,10000.0,0,0.0,0.0,0
2020-04-10,10000.0,10000.0,0,0.0,0.0,0
2020-04-11,10000.0,10000.0,0,0.0,0.0,0
2020-04-12,10000.0,10000.0,0,0.0,0.0,0
2020-04-13,10000.0,10000.0,0,0.0,0.0,0
2020-04-14,10000.0,10000.0,0,0.0,0.0,0
2020-04-15,10000.0,10000.0,0,0.0,0.0,0
2020-04-16,10000.0,10000.0,0,0.0,0.0,0
2020-04-17,10000.0,10000.0,0,0.0,0.0,0
2020-04-18,10000.0,10000.0,0,0.0,0.0,0
2020-04-19,10000.0,10000.0,0,0.0,0.0,0
2020-04-20,10000.0,10000.0,0,0.0,0.0,0
2020-04-21,10000.0,10000.0,0,0.0,0.0,0
2020-04-22,10000.0,10000.0,0,0.0,0.0,0
2020-04-23,10000.0,10000.0,0,0.0,0.0,0
2020-04-24,10000.0,10000.0,0,0.0,0.0,0
2020-04-25,10000.0,10000.0,0,0.0,0.0,0
2020-04-26,10000.0,10000.0,0,0.0,0.0,0
2020-04-27,10000.0,10000.0,0,0.0,0.0,0
2020-04-28,10000.0,10000.0,0,0.0,0.0,0
2020-04-29,10000.0,10000.0,0,0.0,0.0,0
2020-04-30,10000.0,10000.0,0,0.0,0.0,0
2020-05-01,10000.0,10000.0,0,0.0,0.0,0
2020-05-02,10000.0,10000.0,0,0.0,0.0,0
2020-05-03,10000.0,10000.0,0,0.0,0.0,0
2020-05-04,10000.0,10000.0,0,0.0,0.0,0
2020-05-05,10000.0,10000.0,0,0.0,0.0,0
2020-05-06,10000.0,10000.0,0,0.0,0.0,0
2020-05-07,10000.0,10000.0,0,0.0,0.0,0
2020-05-08,10000.0,10000.0,0,0.0,0.0,0
2020-05-09,10000.0,10000.0,0,0.0,0.0,0
2020-05-10,10000.0,10000.0,0,0.0,0.0,0
2020-05-11,10000.0,10000.0,0,0.0,0.0,0
2020-05-12,10000.0,10000.0,0,0.0,0.0,0
2020-05-13,10000.0,10000.0,0,0.0,0.0,0
2020-05-14,10000.0,10000.0,0,0.0,0.0,0
2020-05-15,10000.0,10000.0,0,0.0,0.0,0
2020-05-16,10000.0,10000.0,0,0.0,0.0,0
2020-05-17,10000.0,10000.0,0,0.0,0.0,0
2020-05-18,10000.0,10000.0,0,0.0,0.0,0
2020-05-19,10000.0,10000.0,0,0.0,0.0,0
2020-05-20,10000.0,10000.0,0,0.0,0.0,0
2020-05-21,10000.0,10000.0,0,0.0,0.0,0
2020-05-22,10000.0,10000.0,0,0.0,0.0,0
2020-05-23,10000.0,10000.0,0,0.0,0.0,0
2020-05-24,10000.0,10000.0,0,0.0,0.0,0
2020-05-25,10000.0,10000.0,0,0.0,0.0,0
2020-05-26,10000.0,10000.0,0,0.0,0.0,0
2020-05-27,10000.0,10000.0,0,0.0,0.0,0
2020-05-28,10000.0,10000.0,0,0.0,0.0,0
2020-05-29,10000.0,10000.0,0,0.0,0.0,0
2020-05-30,10000.0,10000.0,0,0.0,0.0,0
2020-05-31,10000.0,10000.0,0,0.0,0.0,0
2020-06-01,10000.0,10000.0,0,0.0,0.0,0
2020-06-02,10000.0,10000.0,0,0.0,0.0,0
2020-06-03,10000.0,10000.0,0,0.0,0.0,0
2020-06-04,10000.0,10000.0,0,0.0,0.0,0
2020-06-05,10000.0,10000.0,0,0.0,0.0,0
2020-06-06,10000.0,10000.0,0,0.0,0.0,0
2020-06-07,10000.0,10000.0,0,0.0,0.0,0
2020-06-08,10000.0,10000.0,0,0.0,0.0,0
2020-06-09,10000.0,10000.0,0,0.0,0.0,0
2020-06-10,10000.0,10000.0,0,0.0,0.0,0
2020-06-11,10000.0,10000.0,0,0.0,0.0,0
2020-06-12,10000.0,10000.0,0,0.0,0.0,0
2020-06-13,10000.0,10000.0,0,0.0,0.0,0
2020-06-14,10000.0,10000.0,0,0.0,0.0,0
2020-06-15,10000.0,10000.0,0,0.0,0.0,0
2020-06-16,10000.0,10000.0,0,0.0,0.0,0
2020-06-17,10000.0,10000.0,0,0.0,0.0,0
2020-06-18,10000.0,10000.0,0,0.0,0.0,0
2020-06-19,10000.0,10000.0,0,0.0,0.0,0
2020-06-20,10000.0,10000.0,0,0.0,0.0,0
2020-06-21,10000.0,10000.0,0,0.0,0.0,0
2020-06-22,10000.0,10000.0,0,0.0,0.0,0
2020-06-23,10000.0,10000.0,0,0.0,0.0,0
2020-06-24,10000.0,10000.0,0,0.0,0.0,0
2020-06-25,10000.0,10000.0,0,0.0,0.0,0
2020-06-26,10000.0,10000.0,0,0.0,0.0,0
2020-06-27,10000.0,10000.0,0,0.0,0.0,0
2020-06-28,10000.0,10000.0,0,0.0,0.0,0
2020-06-29,10000.0,10000.0,0,0.0,0.0,0
2020-06-30,10000.0,10000.0,0,0.0,0.0,0
2020-07-01,10000.0,10000.0,0,0.0,0.0,0
2020-07-02,10000.0,10000.0,0,0.0,0.0,0
2020-07-03,10000.0,10000.0,0,0.0,0.0,0
2020-07-04,10000.0,10000.0,0,0.0,0.0,0
2020-07-05,10000.0,10000.0,0,0.0,0.0,0
2020-07-06,10000.0,10000.0,0,0.0,0.0,0
2020-07-07,10000.0,10000.0,0,0.0,0.0,0
2020-07-08,10000.0,10000.0,0,0.0,0.0,0
2020-07-09,10000.0,10000.0,0,0.0,0.0,0
2020-07-10,10000.0,10000.0,0,0.0,0.0,0
2020-07-11,10000.0,10000.0,0,0.0,0.0,0
2020-07-12,10000.0,10000.0,0,0.0,0.0,0
2020-07-13,10000.0,10000.0,0,0.0,0.0,0
2020-07-14,10000.0,10000.0,0,0.0,0.0,0
2020-07-15,10000.0,10000.0,0,0.0,0.0,0
2020-07-16,10000.0,10000.0,0,0.0,0.0,0
2020-07-17,10000.0,10000.0,0,0.0,0.0,0
2020-07-18,10000.0,10000.0,0,0.0,0.0,0
2020-07-19,10000.0,10000.0,0,0.0,0.0,0
2020-07-20,10000.0,10000.0,0,0.0,0.0,0
2020-07-21,10000.0,10000.0,0,0.0,0.0,0
2020-07-22,10000.0,10000.0,0,0.0,0.0,0
2020-07-23,10000.0,10000.0,0,0.0,0.0,0
2020-07-24,10000.0,10000.0,0,0.0,0.0,0
2020-07-25,10000.0,10000.0,0,0.0,0.0,0
2020-07-26,10000.0,10000.0,0,0.0,0.0,0
2020-07-27,10000.0,10000.0,0,0.0,0.0,0
2020-07-28,10000.0,10000.0,0,0.0,0.0,0
2020-07-29,10000.0,10000.0,0,0.0,0.0,0
2020-07-30,10000.0,10000.0,0,0.0,0.0,0
2020-07-31,10000.0,10000.0,0,0.0,0.0,0
2020-08-01,10000.0,10000.0,0,0.0,0.0,0
2020-08-02,10000.0,10000.0,0,0.0,0.0,0
2020-08-03,10000.0,10000.0,0,0.0,0.0,0
2020-08-04,10000.0,10000.0,0,0.0,0.0,0
2020-08-05,10000.0,10000.0,0,0.0,0.0,0
2020-08-06,10000.0,10000.0,0,0.0,0.0,0
2020-08-07,10000.0,10000.0,0,0.0,0.0,0
2020-08-08,10000.0,10000.0,0,0.0,0.0,0
2020-08-09,10000.0,10000.0,0,0.0,0.0,0
2020-08-10,10000.0,10000.0,0,0.0,0.0,0
2020-08-11,10000.0,10000.0,0,0.0,0.0,0
2020-08-12,10000.0,10000.0,0,0.0,0.0,0
2020-08-13,10000.0,10000.0,0,0.0,0.0,0
2020-08-14,10000.0,10000.0,0,0.0,0.0,0
2020-08-15,10000.0,10000.0,0,0.0,0.0,0
2020-08-16,10000.0,10000.0,0,0.0,0.0,0
2020-08-17,10000.0,10000.0,0,0.0,0.0,0
2020-08-18,10000.0,10000.0,0,0.0,0.0,0
2020-08-19,10000.0,10000.0,0,0.0,0.0,0
2020-08-20,10000.0,10000.0,0,0.0,0.0,0
2020-08-21,10000.0,10000.0,0,0.0,0.0,0
2020-08-22,10000.0,10000.0,0,0.0,0.0,0
2020-08-23,10000.0,10000.0,0,0.0,0.0,0
2020-08-24,10000.0,10000.0,0,0.0,0.0,0
2020-08-25,10000.0,10000.0,0,0.0,0.0,0
2020-08-26,10000.0,10000.0,0,0.0,0.0,0
2020-08-27,10000.0,10000.0,0,0.0,0.0,0
2020-08-28,10000.0,10000.0,0,0.0,0.0,0
2020-08-29,10000.0,10000.0,0,0.0,0.0,0
2020-08-30,10000.0,10000.0,0,0.0,0.0,0
2020-08-31,10000.0,10000.0,0,0.0,0.0,0
2020-09-01,10000.0,10000.0,0,0.0,0.0,0
2020-09-02,10000.0,10000.0,0,0.0,0.0,0
2020-09-03,10000.0,10000.0,0,0.0,0.0,0
2020-09-04,10000.0,10000.0,0,0.0,0.0,0
2020-09-05,10000.0,10000.0,0,0.0,0.0,0
2020-09-06,10000.0,10000.0,0,0.0,0.0,0
2020-09-07,10000.0,10000.0,0,0.0,0.0,0
2020-09-08,10000.0,10000.0,0,0.0,0.0,0
2020-09-09,10000.0,10000.0,0,0.0,0.0,0
2020-09-10,10000.0,10000.0,0,0.0,0.0,0
2020-09-11,10000.0,10000.0,0,0.0,0.0,0
2020-09-12,10000.0,10000.0,0,0.0,0.0,0
2020-09-13,10000.0,10000.0,0,0.0,0.0,0
2020-09-14,10000.0,10000.0,0,0.0,0.0,0
2020-09-15,10000.0,10000.0,0,0.0,0.0,0
2020-09-16,10000.0,10000.0,0,0.0,0.0,0
2020-09-17,10000.0,10000.0,0,0.0,0.0,0
2020-09-18,10000.0,10000.0,0,0.0,0.0,0
2020-09-19,10000.0,10000.0,0,0.0,0.0,0
2020-09-20,10000.0,10000.0,0,0.0,0.0,0
2020-09-21,10000.0,10000.0,0,0.0,0.0,0
2020-09-22,10000.0,10000.0,0,0.0,0.0,0
2020-09-23,10000.0,10000.0,0,0.0,0.0,0
2020-09-24,10000.0,10000.0,0,0.0,0.0,0
2020-09-25,10000.0,10000.0,0,0.0,0.0,0
2020-09-26,10000.0,10000.0,0,0.0,0.0,0
2020-09-27,10000.0,10000.0,0,0.0,0.0,0
2020-09-28,10000.0,10000.0,0,0.0,0.0,0
2020-09-29,10000.0,10000.0,0,0.0,0.0,0
2020-09-30,10000.0,10000.0,0,0.0,0.0,0
2020-10-01,10000.0,10000.0,0,0.0,0.0,0
2020-10-02,10000.0,10000.0,0,0.0,0.0,0
2020-10-03,10000.0,10000.0,0,0.0,0.0,0
2020-10-04,10000.0,10000.0,0,0.0,0.0,0
2020-10-05,10000.0,10000.0,0,0.0,0.0,0
2020-10-06,10000.0,10000.0,0,0.0,0.0,0
2020-10-07,10000.0,10000.0,0,0.0,0.0,0
2020-10-08,10000.0,10000.0,0,0.0,0.0,0
2020-10-09,10000.0,10000.0,0,0.0,0.0,0
2020-10-10,10000.0,10000.0,0,0.0,0.0,0
2020-10-11,10000.0,10000.0,0,0.0,0.0,0
2020-10-12,10000.0,10000.0,0,0.0,0.0,0
2020-10-13,10000.0,10000.0,0,0.0,0.0,0
2020-10-14,10000.0,10000.0,0,0.0,0.0,0
2020-10-15,10000.0,10000.0,0,0.0,0.0,0
2020-10-16,10000.0,10000.0,0,0.0,0.0,0
2020-10-17,10000.0,10000.0,0,0.0,0.0,0
2020-10-18,10000.0,10000.0,0,0.0,0.0,0
2020-10-19,10000.0,10000.0,0,0.0,0.0,0
2020-10-20,10000.0,10000.0,0,0.0,0.0,0
2020-10-21,10000.0,10000.0,0,0.0,0.0,0
2020-10-22,10000.0,10000.0,0,0.0,0.0,0
2020-10-23,10000.0,10000.0,0,0.0,0.0,0
2020-10-24,10000.0,10000.0,0,0.0,0.0,0
2020-10-25,10000.0,10000.0,0,0.0,0.0,0
2020-10-26,10000.0,10000.0,0,0.0,0.0,0
2020-10-27,10000.0,10000.0,0,0.0,0.0,0
2020-10-28,10000.0,10000.0,0,0.0,0.0,0
2020-10-29,10000.0,10000.0,0,0.0,0.0,0
2020-10-30,10000.0,10000.0,0,0.0,0.0,0
2020-10-31,10000.0,10000.0,0,0.0,0.0,0
2020-11-01,10000.0,10000.0,0,0.0,0.0,0
2020-11-02,10000.0,10000.0,0,0.0,0.0,0
2020-11-03,10000.0,10000.0,0,0.0,0.0,0
2020-11-04,10000.0,10000.0,0,0.0,0.0,0
2020-11-05,10000.0,10000.0,0,0.0,0.0,0
2020-11-06,10000.0,10000.0,0,0.0,0.0,0
2020-11-07,10000.0,10000.0,0,0.0,0.0,0
2020-11-08,10000.0,10000.0,0,0.0,0.0,0
2020-11-09,10000.0,10000.0,0,0.0,0.0,0
2020-11-10,10000.0,10000.0,0,0.0,0.0,0
2020-11-11,10000.0,10000.0,0,0.0,0.0,0
2020-11-12,10000.0,10000.0,0,0.0,0.0,0
2020-11-13,10000.0,10000.0,0,0.0,0.0,0
2020-11-14,10000.0,10000.0,0,0.0,0.0,0
2020-11-15,10000.0,10000.0,0,0.0,0.0,0
2020-11-16,10000.0,10000.0,0,0.0,0.0,0
2020-11-17,10000.0,10000.0,0,0.0,0.0,0
2020-11-18,10000.0,10000.0,0,0.0,0.0,0
2020-11-19,10000.0,10000.0,0,0.0,0.0,0
2020-11-20,10000.0,10000.0,0,0.0,0.0,0
2020-11-21,10000.0,10000.0,0,0.0,0.0,0
2020-11-22,10000.0,10000.0,0,0.0,0.0,0
2020-11-23,10000.0,10000.0,0,0.0,0.0,0
2020-11-24,10000.0,10000.0,0,0.0,0.0,0
2020-11-25,10000.0,10000.0,0,0.0,0.0,0
2020-11-26,10000.0,10000.0,0,0.0,0.0,0
2020-11-27,10000.0,10000.0,0,0.0,0.0,0
2020-11-28,10000.0,10000.0,0,0.0,0.0,0
2020-11-29,10000.0,10000.0,0,0.0,0.0,0
2020-11-30,10000.0,10000.0,0,0.0,0.0,0
2020-12-01,10000.0,10000.0,0,0.0,0.0,0
2020-12-02,10000.0,10000.0,0,0.0,0.0,0
2020-12-03,10000.0,10000.0,0,0.0,0.0,0
2020-12-04,10000.0,10000.0,0,0.0,0.0,0
2020-12-05,10000.0,10000.0,0,0.0,0.0,0
2020-12-06,10000.0,10000.0,0,0.0,0.0,0
2020-12-07,10000.0,10000.0,0,0.0,0.0,0
2020-12-08,10000.0,10000.0,0,0.0,0.0,0
2020-12-09,10000.0,10000.0,0,0.0,0.0,0
2020-12-10,10000.0,10000.0,0,0.0,0.0,0
2020-12-11,10000.0,10000.0,0,0.0,0.0,0
2020-12-12,10000.0,10000.0,0,0.0,0.0,0
2020-12-13,10000.0,10000.0,0,0.0,0.0,0
2020-12-14,10000.0,10000.0,0,0.0,0.0,0
2020-12-15,10000.0,10000.0,0,0.0,0.0,0
2020-12-16,10000.0,10000.0,0,0.0,0.0,0
2020-12-17,10000.0,10000.0,0,0.0,0.0,0
2020-12-18,10000.0,10000.0,0,0.0,0.0,0
2020-12-19,10000.0,10000.0,0,0.0,0.0,0
2020-12-20,10000.0,10000.0,0,0.0,0.0,0
2020-12-21,10000.0,10000.0,0,0.0,0.0,0
2020-12-22,10000.0,10000.0,0,0.0,0.0,0
2020-12-23,10000.0,10000.0,0,0.0,0.0,0
2020-12-24,10000.0,10000.0,0,0.0,0.0,0
2020-12-25,10000.0,10000.0,0,0.0,0.0,0
2020-12-26,10000.0,10000.0,0,0.0,0.0,0
2020-12-27,10000.0,10000.0,0,0.0,0.0,0
2020-12-28,10000.0,10000.0,0,0.0,0.0,0
2020-12-29,10000.0,10000.0,0,0.0,0.0,0
2020-12-30,10000.0,10000.0,0,0.0,0.0,0
2020-12-31,10000.0,10000.0,0,0.0,0.0,0
2021-01-01,10000.0,10000.0,0,0.0,0.0,0
2021-01-02,10000.0,10000.0,0,0.0,0.0,0
2021-01-03,10000.0,10000.0,0,0.0,0.0,0
2021-01-04,10000.0,10000.0,0,0.0,0.0,0
2021-01-05,10000.0,10000.0,0,0.0,0.0,0
2021-01-06,10000.0,10000.0,0,0.0,0.0,0
2021-01-07,10000.0,10000.0,0,0.0,0.0,0
2021-01-08,10000.0,10000.0,0,0.0,0.0,0
2021-01-09,10000.0,10000.0,0,0.0,0.0,0
2021-01-10,10000.0,10000.0,0,0.0,0.0,0
2021-01-11,10000.0,10000.0,0,0.0,0.0,0
2021-01-12,10000.0,10000.0,0,0.0,0.0,0
2021-01-13,10000.0,10000.0,0,0.0,0.0,0
2021-01-14,10000.0,10000.0,0,0.0,0.0,0
2021-01-15,10000.0,10000.0,0,0.0,0.0,0
2021-01-16,10000.0,10000.0,0,0.0,0.0,0
2021-01-17,10000.0,10000.0,0,0.0,0.0,0
2021-01-18,10000.0,10000.0,0,0.0,0.0,0
2021-01-19,10000.0,10000.0,0,0.0,0.0,0
2021-01-20,10000.0,10000.0,0,0.0,0.0,0
2021-01-21,10000.0,10000.0,0,0.0,0.0,0
2021-01-22,10000.0,10000.0,0,0.0,0.0,0
2021-01-23,10000.0,10000.0,0,0.0,0.0,0
2021-01-24,10000.0,10000.0,0,0.0,0.0,0
2021-01-25,10000.0,10000.0,0,0.0,0.0,0
2021-01-26,10000.0,10000.0,0,0.0,0.0,0
2021-01-27,10000.0,10000.0,0,0.0,0.0,0
2021-01-28,10000.0,10000.0,0,0.0,0.0,0
2021-01-29,10000.0,10000.0,0,0.0,0.0,0
2021-01-30,10000.0,10000.0,0,0.0,0.0,0
2021-01-31,10000.0,10000.0,0,0.0,0.0,0
2021-02-01,10000.0,10000.0,0,0.0,0.0,0
2021-02-02,10000.0,10000.0,0,0.0,0.0,0
2021-02-03,10000.0,10000.0,0,0.0,0.0,0
2021-02-04,10000.0,10000.0,0,0.0,0.0,0
2021-02-05,10000.0,10000.0,0,0.0,0.0,0
2021-02-06,10000.0,10000.0,0,0.0,0.0,0
2021-02-07,10000.0,10000.0,0,0.0,0.0,0
2021-02-08,10000.0,10000.0,0,0.0,0.0,0
2021-02-09,10000.0,10000.0,0,0.0,0.0,0
2021-02-10,10000.0,10000.0,0,0.0,0.0,0
2021-02-11,10000.0,10000.0,0,0.0,0.0,0
2021-02-12,10000.0,10000.0,0,0.0,0.0,0
2021-02-13,10000.0,10000.0,0,0.0,0.0,0
2021-02-14,10000.0,10000.0,0,0.0,0.0,0
2021-02-15,10000.0,10000.0,0,0.0,0.0,0
2021-02-16,10000.0,10000.0,0,0.0,0.0,0
2021-02-17,10000.0,10000.0,0,0.0,0.0,0
2021-02-18,10000.0,10000.0,0,0.0,0.0,0
2021-02-19,10000.0,10000.0,0,0.0,0.0,0
2021-02-20,10000.0,10000.0,0,0.0,0.0,0
2021-02-21,10000.0,10000.0,0,0.0,0.0,0
2021-02-22,10000.0,10000.0,0,0.0,0.0,0
2021-02-23,10000.0,10000.0,0,0.0,0.0,0
2021-02-24,10000.0,10000.0,0,0.0,0.0,0
2021-02-25,10000.0,10000.0,0,0.0,0.0,0
2021-02-26,10000.0,10000.0,0,0.0,0.0,0
2021-02-27,10000.0,10000.0,0,0.0,0.0,0
2021-02-28,10000.0,10000.0,0,0.0,0.0,0
2021-03-01,10000.0,10000.0,0,0.0,0.0,0
2021-03-02,10000.0,10000.0,0,0.0,0.0,0
2021-03-03,10000.0,10000.0,0,0.0,0.0,0
2021-03-04,10000.0,10000.0,0,0.0,0.0,0
2021-03-05,10000.0,10000.0,0,0.0,0.0,0
2021-03-06,10000.0,10000.0,0,0.0,0.0,0
2021-03-07,10000.0,10000.0,0,0.0,0.0,0
2021-03-08,10000.0,10000.0,0,0.0,0.0,0
2021-03-09,10000.0,10000.0,0,0.0,0.0,0
2021-03-10,10000.0,10000.0,0,0.0,0.0,0
2021-03-11,10000.0,10000.0,0,0.0,0.0,0
2021-03-12,10000.0,10000.0,0,0.0,0.0,0
2021-03-13,10000.0,10000.0,0,0.0,0.0,0
2021-03-14,10000.0,10000.0,0,0.0,0.0,0
2021-03-15,10000.0,10000.0,0,0.0,0.0,0
2021-03-16,10000.0,10000.0,0,0.0,0.0,0
2021-03-17,10000.0,10000.0,0,0.0,0.0,0
2021-03-18,10000.0,10000.0,0,0.0,0.0,0
2021-03-19,10000.0,10000.0,0,0.0,0.0,0
2021-03-20,10000.0,10000.0,0,0.0,0.0,0
2021-03-21,10000.0,10000.0,0,0.0,0.0,0
2021-03-22,10000.0,10000.0,0,0.0,0.0,0
2021-03-23,10000.0,10000.0,0,0.0,0.0,0
2021-03-24,10000.0,10000.0,0,0.0,0.0,0
2021-03-25,10000.0,10000.0,0,0.0,0.0,0
2021-03-26,10000.0,10000.0,0,0.0,0.0,0
2021-03-27,10000.0,10000.0,0,0.0,0.0,0
2021-03-28,10000.0,10000.0,0,0.0,0.0,0
2021-03-29,10000.0,10000.0,0,0.0,0.0,0
2021-03-30,10000.0,10000.0,0,0.0,0.0,0
2021-03-31,10000.0,10000.0,0,0.0,0.0,0
2021-04-01,10000.0,10000.0,0,0.0,0.0,0
2021-04-02,10000.0,10000.0,0,0.0,0.0,0
2021-04-03,10000.0,10000.0,0,0.0,0.0,0
2021-04-04,10000.0,10000.0,0,0.0,0.0,0
2021-04-05,10000.0,10000.0,0,0.0,0.0,0
2021-04-06,10000.0,10000.0,0,0.0,0.0,0
2021-04-07,10000.0,10000.0,0,0.0,0.0,0
2021-04-08,10000.0,10000.0,0,0.0,0.0,0
2021-04-09,10000.0,10000.0,0,0.0,0.0,0
2021-04-10,10000.0,10000.0,0,0.0,0.0,0
2021-04-11,10000.0,10000.0,0,0.0,0.0,0
2021-04-12,10000.0,10000.0,0,0.0,0.0,0
2021-04-13,10000.0,10000.0,0,0.0,0.0,0
2021-04-14,10000.0,10000.0,0,0.0,0.0,0
2021-04-15,10000.0,10000.0,0,0.0,0.0,0
2021-04-16,10000.0,10000.0,0,0.0,0.0,0
2021-04-17,10000.0,10000.0,0,0.0,0.0,0
2021-04-18,10000.0,10000.0,0,0.0,0.0,0
2021-04-19,10000.0,10000.0,0,0.0,0.0,0
2021-04-20,10000.0,10000.0,0,0.0,0.0,0
2021-04-21,10000.0,10000.0,0,0.0,0.0,0
2021-04-22,10000.0,10000.0,0,0.0,0.0,0
2021-04-23,10000.0,10000.0,0,0.0,0.0,0
2021-04-24,10000.0,10000.0,0,0.0,0.0,0
2021-04-25,10000.0,10000.0,0,0.0,0.0,0
2021-04-26,10000.0,10000.0,0,0.0,0.0,0
2021-04-27,10000.0,10000.0,0,0.0,0.0,0
2021-04-28,10000.0,10000.0,0,0.0,0.0,0
2021-04-29,10000.0,10000.0,0,0.0,0.0,0
2021-04-30,10000.0,10000.0,0,0.0,0.0,0
2021-05-01,10000.0,10000.0,0,0.0,0.0,0
2021-05-02,10000.0,10000.0,0,0.0,0.0,0
2021-05-03,10000.0,10000.0,0,0.0,0.0,0
2021-05-04,10000.0,10000.0,0,0.0,0.0,0
2021-05-05,10000.0,10000.0,0,0.0,0.0,0
2021-05-06,10000.0,10000.0,0,0.0,0.0,0
2021-05-07,10000.0,10000.0,0,0.0,0.0,0
2021-05-08,10000.0,10000.0,0,0.0,0.0,0
2021-05-09,10000.0,10000.0,0,0.0,0.0,0
2021-05-10,10000.0,10000.0,0,0.0,0.0,0
2021-05-11,10000.0,10000.0,0,0.0,0.0,0
2021-05-12,10000.0,10000.0,0,0.0,0.0,0
2021-05-13,10000.0,10000.0,0,0.0,0.0,0
2021-05-14,10000.0,10000.0,0,0.0,0.0,0
2021-05-15,10000.0,10000.0,0,0.0,0.0,0
2021-05-16,10000.0,10000.0,0,0.0,0.0,0
2021-05-17,10000.0,10000.0,0,0.0,0.0,0
2021-05-18,10000.0,10000.0,0,0.0,0.0,0
2021-05-19,10000.0,10000.0,0,0.0,0.0,0
2021-05-20,10000.0,10000.0,0,0.0,0.0,0
2021-05-21,10000.0,10000.0,0,0.0,0.0,0
2021-05-22,10000.0,10000.0,0,0.0,0.0,0
2021-05-23,10000.0,10000.0,0,0.0,0.0,0
2021-05-24,10000.0,10000.0,0,0.0,0.0,0
2021-05-25,10000.0,10000.0,0,0.0,0.0,0
2021-05-26,10000.0,10000.0,0,0.0,0.0,0
2021-05-27,10000.0,10000.0,0,0.0,0.0,0
2021-05-28,10000.0,10000.0,0,0.0,0.0,0
2021-05-29,10000.0,10000.0,0,0.0,0.0,0
2021-05-30,10000.0,10000.0,0,0.0,0.0,0
2021-05-31,10000.0,10000.0,0,0.0,0.0,0
2021-06-01,10000.0,10000.0,0,0.0,0.0,0
2021-06-02,10000.0,10000.0,0,0.0,0.0,0
2021-06-03,10000.0,10000.0,0,0.0,0.0,0
2021-06-04,10000.0,10000.0,0,0.0,0.0,0
2021-06-05,10000.0,10000.0,0,0.0,0.0,0
2021-06-06,10000.0,10000.0,0,0.0,0.0,0
2021-06-07,10000.0,10000.0,0,0.0,0.0,0
2021-06-08,10000.0,10000.0,0,0.0,0.0,0
2021-06-09,10000.0,10000.0,0,0.0,0.0,0
2021-06-10,10000.0,10000.0,0,0.0,0.0,0
2021-06-11,10000.0,10000.0,0,0.0,0.0,0
2021-06-12,10000.0,10000.0,0,0.0,0.0,0
2021-06-13,10000.0,10000.0,0,0.0,0.0,0
2021-06-14,10000.0,10000.0,0,0.0,0.0,0
2021-06-15,10000.0,10000.0,0,0.0,0.0,0
2021-06-16,10000.0,10000.0,0,0.0,0.0,0
2021-06-17,10000.0,10000.0,0,0.0,0.0,0
2021-06-18,10000.0,10000.0,0,0.0,0.0,0
2021-06-19,10000.0,10000.0,0,0.0,0.0,0
2021-06-20,10000.0,10000.0,0,0.0,0.0,0
2021-06-21,10000.0,10000.0,0,0.0,0.0,0
2021-06-22,10000.0,10000.0,0,0.0,0.0,0
2021-06-23,10000.0,10000.0,0,0.0,0.0,0
2021-06-24,10000.0,10000.0,0,0.0,0.0,0
2021-06-25,10000.0,10000.0,0,0.0,0.0,0
2021-06-26,10000.0,10000.0,0,0.0,0.0,0
2021-06-27,10000.0,10000.0,0,0.0,0.0,0
2021-06-28,10000.0,10000.0,0,0.0,0.0,0
2021-06-29,10000.0,10000.0,0,0.0,0.0,0
2021-06-30,10000.0,10000.0,0,0.0,0.0,0
2021-07-01,10000.0,10000.0,0,0.0,0.0,0
2021-07-02,10000.0,10000.0,0,0.0,0.0,0
2021-07-03,10000.0,10000.0,0,0.0,0.0,0
2021-07-04,10000.0,10000.0,0,0.0,0.0,0
2021-07-05,10000.0,10000.0,0,0.0,0.0,0
2021-07-06,10000.0,10000.0,0,0.0,0.0,0
2021-07-07,10000.0,10000.0,0,0.0,0.0,0
2021-07-08,10000.0,10000.0,0,0.0,0.0,0
2021-07-09,10000.0,10000.0,0,0.0,0.0,0
2021-07-10,10000.0,10000.0,0,0.0,0.0,0
2021-07-11,10000.0,10000.0,0,0.0,0.0,0
2021-07-12,10000.0,10000.0,0,0.0,0.0,0
2021-07-13,10000.0,10000.0,0,0.0,0.0,0
2021-07-14,10000.0,10000.0,0,0.0,0.0,0
2021-07-15,10000.0,10000.0,0,0.0,0.0,0
2021-07-16,10000.0,10000.0,0,0.0,0.0,0
2021-07-17,10000.0,10000.0,0,0.0,0.0,0
2021-07-18,10000.0,10000.0,0,0.0,0.0,0
2021-07-19,10000.0,10000.0,0,0.0,0.0,0
2021-07-20,10000.0,10000.0,0,0.0,0.0,0
2021-07-21,10000.0,10000.0,0,0.0,0.0,0
2021-07-22,10000.0,10000.0,0,0.0,0.0,0
2021-07-23,10000.0,10000.0,0,0.0,0.0,0
2021-07-24,10000.0,10000.0,0,0.0,0.0,0
2021-07-25,10000.0,10000.0,0,0.0,0.0,0
2021-07-26,10000.0,10000.0,0,0.0,0.0,0
2021-07-27,10000.0,10000.0,0,0.0,0.0,0
2021-07-28,10000.0,10000.0,0,0.0,0.0,0
2021-07-29,10000.0,10000.0,0,0.0,0.0,0
2021-07-30,10000.0,10000.0,0,0.0,0.0,0
2021-07-31,10000.0,10000.0,0,0.0,0.0,0
2021-08-01,10000.0,10000.0,0,0.0,0.0,0
2021-08-02,10000.0,10000.0,0,0.0,0.0,0
2021-08-03,10000.0,10000.0,0,0.0,0.0,0
2021-08-04,10000.0,10000.0,0,0.0,0.0,0
2021-08-05,10000.0,10000.0,0,0.0,0.0,0
2021-08-06,10000.0,10000.0,0,0.0,0.0,0
2021-08-07,10000.0,10000.0,0,0.0,0.0,0
2021-08-08,10000.0,10000.0,0,0.0,0.0,0
2021-08-09,10000.0,10000.0,0,0.0,0.0,0
2021-08-10,10000.0,10000.0,0,0.0,0.0,0
2021-08-11,10000.0,10000.0,0,0.0,0.0,0
2021-08-12,10000.0,10000.0,0,0.0,0.0,0
2021-08-13,10000.0,10000.0,0,0.0,0.0,0
2021-08-14,10000.0,10000.0,0,0.0,0.0,0
2021-08-15,10000.0,10000.0,0,0.0,0.0,0
2021-08-16,10000.0,10000.0,0,0.0,0.0,0
2021-08-17,10000.0,10000.0,0,0.0,0.0,0
2021-08-18,10000.0,10000.0,0,0.0,0.0,0
2021-08-19,10000.0,10000.0,0,0.0,0.0,0
2021-08-20,10000.0,10000.0,0,0.0,0.0,0
2021-08-21,10000.0,10000.0,0,0.0,0.0,0
2021-08-22,10000.0,10000.0,0,0.0,0.0,0
2021-08-23,10000.0,10000.0,0,0.0,0.0,0
2021-08-24,10000.0,10000.0,0,0.0,0.0,0
2021-08-25,10000.0,10000.0,0,0.0,0.0,0
2021-08-26,10000.0,10000.0,0,0.0,0.0,0
2021-08-27,10000.0,10000.0,0,0.0,0.0,0
2021-08-28,10000.0,10000.0,0,0.0,0.0,0
2021-08-29,10000.0,10000.0,0,0.0,0.0,0
2021-08-30,10000.0,10000.0,0,0.0,0.0,0
2021-08-31,10000.0,10000.0,0,0.0,0.0,0
2021-09-01,10000.0,10000.0,0,0.0,0.0,0
2021-09-02,10000.0,10000.0,0,0.0,0.0,0
2021-09-03,10000.0,10000.0,0,0.0,0.0,0
2021-09-04,10000.0,10000.0,0,0.0,0.0,0
2021-09-05,10000.0,10000.0,0,0.0,0.0,0
2021-09-06,10000.0,10000.0,0,0.0,0.0,0
2021-09-07,10000.0,10000.0,0,0.0,0.0,0
2021-09-08,10000.0,10000.0,0,0.0,0.0,0
2021-09-09,10000.0,10000.0,0,0.0,0.0,0
2021-09-10,10000.0,10000.0,0,0.0,0.0,0
2021-09-11,10000.0,10000.0,0,0.0,0.0,0
2021-09-12,10000.0,10000.0,0,0.0,0.0,0
2021-09-13,10000.0,10000.0,0,0.0,0.0,0
2021-09-14,10000.0,10000.0,0,0.0,0.0,0
2021-09-15,10000.0,10000.0,0,0.0,0.0,0
2021-09-16,10000.0,10000.0,0,0.0,0.0,0
2021-09-17,10000.0,10000.0,0,0.0,0.0,0
2021-09-18,10000.0,10000.0,0,0.0,0.0,0
2021-09-19,10000.0,10000.0,0,0.0,0.0,0
2021-09-20,10000.0,10000.0,0,0.0,0.0,0
2021-09-21,10000.0,10000.0,0,0.0,0.0,0
2021-09-22,10000.0,10000.0,0,0.0,0.0,0
2021-09-23,10000.0,10000.0,0,0.0,0.0,0
2021-09-24,10000.0,10000.0,0,0.0,0.0,0
2021-09-25,10000.0,10000.0,0,0.0,0.0,0
2021-09-26,10000.0,10000.0,0,0.0,0.0,0
2021-09-27,10000.0,10000.0,0,0.0,0.0,0
2021-09-28,10000.0,10000.0,0,0.0,0.0,0
2021-09-29,10000.0,10000.0,0,0.0,0.0,0
2021-09-30,10000.0,10000.0,0,0.0,0.0,0
2021-10-01,10000.0,10000.0,0,0.0,0.0,0
2021-10-02,10000.0,10000.0,0,0.0,0.0,0
2021-10-03,10000.0,10000.0,0,0.0,0.0,0
2021-10-04,10000.0,10000.0,0,0.0,0.0,0
2021-10-05,10000.0,10000.0,0,0.0,0.0,0
2021-10-06,10000.0,10000.0,0,0.0,0.0,0
2021-10-07,10000.0,10000.0,0,0.0,0.0,0
2021-10-08,10000.0,10000.0,0,0.0,0.0,0
2021-10-09,10000.0,10000.0,0,0.0,0.0,0
2021-10-10,10000.0,10000.0,0,0.0,0.0,0
2021-10-11,10000.0,10000.0,0,0.0,0.0,0
2021-10-12,10000.0,10000.0,0,0.0,0.0,0
2021-10-13,10000.0,10000.0,0,0.0,0.0,0
2021-10-14,10000.0,10000.0,0,0.0,0.0,0
2021-10-15,10000.0,10000.0,0,0.0,0.0,0
2021-10-16,10000.0,10000.0,0,0.0,0.0,0
2021-10-17,10000.0,10000.0,0,0.0,0.0,0
2021-10-18,10000.0,10000.0,0,0.0,0.0,0
2021-10-19,10000.0,10000.0,0,0.0,0.0,0
2021-10-20,10000.0,10000.0,0,0.0,0.0,0
2021-10-21,10000.0,10000.0,0,0.0,0.0,0
2021-10-22,10000.0,10000.0,0,0.0,0.0,0
2021-10-23,10000.0,10000.0,0,0.0,0.0,0
2021-10-24,10000.0,10000.0,0,0.0,0.0,0
2021-10-25,10000.0,10000.0,0,0.0,0.0,0
2021-10-26,10000.0,10000.0,0,0.0,0.0,0
2021-10-27,10000.0,10000.0,0,0.0,0.0,0
2021-10-28,10000.0,10000.0,0,0.0,0.0,0
2021-10-29,10000.0,10000.0,0,0.0,0.0,0
2021-10-30,10000.0,10000.0,0,0.0,0.0,0
2021-10-31,10000.0,10000.0,0,0.0,0.0,0
2021-11-01,10000.0,10000.0,0,0.0,0.0,0
2021-11-02,10000.0,10000.0,0,0.0,0.0,0
2021-11-03,10000.0,10000.0,0,0.0,0.0,0
2021-11-04,10000.0,10000.0,0,0.0,0.0,0
2021-11-05,10000.0,10000.0,0,0.0,0.0,0
2021-11-06,10000.0,10000.0,0,0.0,0.0,0
2021-11-07,10000.0,10000.0,0,0.0,0.0,0
2021-11-08,10000.0,10000.0,0,0.0,0.0,0
2021-11-09,10000.0,10000.0,0,0.0,0.0,0
2021-11-10,10000.0,10000.0,0,0.0,0.0,0
2021-11-11,10000.0,10000.0,0,0.0,0.0,0
2021-11-12,10000.0,10000.0,0,0.0,0.0,0
2021-11-13,10000.0,10000.0,0,0.0,0.0,0
2021-11-14,10000.0,10000.0,0,0.0,0.0,0
2021-11-15,10000.0,10000.0,0,0.0,0.0,0
2021-11-16,10000.0,10000.0,0,0.0,0.0,0
2021-11-17,10000.0,10000.0,0,0.0,0.0,0
2021-11-18,10000.0,10000.0,0,0.0,0.0,0
2021-11-19,10000.0,10000.0,0,0.0,0.0,0
2021-11-20,10000.0,10000.0,0,0.0,0.0,0
2021-11-21,10000.0,10000.0,0,0.0,0.0,0
2021-11-22,10000.0,10000.0,0,0.0,0.0,0
2021-11-23,10000.0,10000.0,0,0.0,0.0,0
2021-11-24,10000.0,10000.0,0,0.0,0.0,0
2021-11-25,10000.0,10000.0,0,0.0,0.0,0
2021-11-26,10000.0,10000.0,0,0.0,0.0,0
2021-11-27,10000.0,10000.0,0,0.0,0.0,0
2021-11-28,10000.0,10000.0,0,0.0,0.0,0
2021-11-29,10000.0,10000.0,0,0.0,0.0,0
2021-11-30,10000.0,10000.0,0,0.0,0.0,0
2021-12-01,10000.0,10000.0,0,0.0,0.0,0
2021-12-02,10000.0,10000.0,0,0.0,0.0,0
2021-12-03,10000.0,10000.0,0,0.0,0.0,0
2021-12-04,10000.0,10000.0,0,0.0,0.0,0
2021-12-05,10000.0,10000.0,0,0.0,0.0,0
2021-12-06,10000.0,10000.0,0,0.0,0.0,0
2021-12-07,10000.0,10000.0,0,0.0,0.0,0
2021-12-08,10000.0,10000.0,0,0.0,0.0,0
2021-12-09,10000.0,10000.0,0,0.0,0.0,0
2021-12-10,10000.0,10000.0,0,0.0,0.0,0
2021-12-11,10000.0,10000.0,0,0.0,0.0,0
2021-12-12,10000.0,10000.0,0,0.0,0.0,0
2021-12-13,10000.0,10000.0,0,0.0,0.0,0
2021-12-14,10000.0,10000.0,0,0.0,0.0,0
2021-12-15,10000.0,10000.0,0,0.0,0.0,0
2021-12-16,10000.0,10000.0,0,0.0,0.0,0
2021-12-17,10000.0,10000.0,0,0.0,0.0,0
2021-12-18,10000.0,10000.0,0,0.0,0.0,0
2021-12-19,10000.0,10000.0,0,0.0,0.0,0
2021-12-20,10000.0,10000.0,0,0.0,0.0,0
2021-12-21,10000.0,10000.0,0,0.0,0.0,0
2021-12-22,10000.0,10000.0,0,0.0,0.0,0
2021-12-23,10000.0,10000.0,0,0.0,0.0,0
2021-12-24,10000.0,10000.0,0,0.0,0.0,0
2021-12-25,10000.0,10000.0,0,0.0,0.0,0
2021-12-26,10000.0,10000.0,0,0.0,0.0,0
2021-12-27,10000.0,10000.0,0,0.0,0.0,0
2021-12-28,10000.0,10000.0,0,0.0,0.0,0
2021-12-29,10000.0,10000.0,0,0.0,0.0,0
2021-12-30,10000.0,10000.0,0,0.0,0.0,0
2021-12-31,10000.0,10000.0,0,0.0,0.0,0
2022-01-01,10000.0,10000.0,0,0.0,0.0,0
2022-01-02,10000.0,10000.0,0,0.0,0.0,0
2022-01-03,10000.0,10000.0,0,0.0,0.0,0
2022-01-04,10000.0,10000.0,0,0.0,0.0,0
2022-01-05,10000.0,10000.0,0,0.0,0.0,0
2022-01-06,10000.0,10000.0,0,0.0,0.0,0
2022-01-07,10000.0,10000.0,0,0.0,0.0,0
2022-01-08,10000.0,10000.0,0,0.0,0.0,0
2022-01-09,10000.0,10000.0,0,0.0,0.0,0
2022-01-10,10000.0,10000.0,0,0.0,0.0,0
2022-01-11,10000.0,10000.0,0,0.0,0.0,0
2022-01-12,10000.0,10000.0,0,0.0,0.0,0
2022-01-13,10000.0,10000.0,0,0.0,0.0,0
2022-01-14,10000.0,10000.0,0,0.0,0.0,0
2022-01-15,10000.0,10000.0,0,0.0,0.0,0
2022-01-16,10000.0,10000.0,0,0.0,0.0,0
2022-01-17,10000.0,10000.0,0,0.0,0.0,0
2022-01-18,10000.0,10000.0,0,0.0,0.0,0
2022-01-19,10000.0,10000.0,0,0.0,0.0,0
2022-01-20,10000.0,10000.0,0,0.0,0.0,0
2022-01-21,10000.0,10000.0,0,0.0,0.0,0
2022-01-22,10000.0,10000.0,0,0.0,0.0,0
2022-01-23,10000.0,10000.0,0,0.0,0.0,0
2022-01-24,10000.0,10000.0,0,0.0,0.0,0
2022-01-25,10000.0,10000.0,0,0.0,0.0,0
2022-01-26,10000.0,10000.0,0,0.0,0.0,0
2022-01-27,10000.0,10000.0,0,0.0,0.0,0
2022-01-28,10000.0,10000.0,0,0.0,0.0,0
2022-01-29,10000.0,10000.0,0,0.0,0.0,0
2022-01-30,10000.0,10000.0,0,0.0,0.0,0
2022-01-31,10000.0,10000.0,0,0.0,0.0,0
2022-02-01,10000.0,10000.0,0,0.0,0.0,0
2022-02-02,10000.0,10000.0,0,0.0,0.0,0
2022-02-03,10000.0,10000.0,0,0.0,0.0,0
2022-02-04,10000.0,10000.0,0,0.0,0.0,0
2022-02-05,10000.0,10000.0,0,0.0,0.0,0
2022-02-06,10000.0,10000.0,0,0.0,0.0,0
2022-02-07,10000.0,10000.0,0,0.0,0.0,0
2022-02-08,10000.0,10000.0,0,0.0,0.0,0
2022-02-09,10000.0,10000.0,0,0.0,0.0,0
2022-02-10,10000.0,10000.0,0,0.0,0.0,0
2022-02-11,10000.0,10000.0,0,0.0,0.0,0
2022-02-12,10000.0,10000.0,0,0.0,0.0,0
2022-02-13,10000.0,10000.0,0,0.0,0.0,0
2022-02-14,10000.0,10000.0,0,0.0,0.0,0
2022-02-15,10000.0,10000.0,0,0.0,0.0,0
2022-02-16,10000.0,10000.0,0,0.0,0.0,0
2022-02-17,10000.0,10000.0,0,0.0,0.0,0
2022-02-18,10000.0,10000.0,0,0.0,0.0,0
2022-02-19,10000.0,10000.0,0,0.0,0.0,0
2022-02-20,10000.0,10000.0,0,0.0,0.0,0
2022-02-21,10000.0,10000.0,0,0.0,0.0,0
2022-02-22,10000.0,10000.0,0,0.0,0.0,0
2022-02-23,10000.0,10000.0,0,0.0,0.0,0
2022-02-24,10000.0,10000.0,0,0.0,0.0,0
2022-02-25,10000.0,10000.0,0,0.0,0.0,0
2022-02-26,10000.0,10000.0,0,0.0,0.0,0
2022-02-27,10000.0,10000.0,0,0.0,0.0,0
2022-02-28,10000.0,10000.0,0,0.0,0.0,0
2022-03-01,10000.0,10000.0,0,0.0,0.0,0
2022-03-02,10000.0,10000.0,0,0.0,0.0,0
2022-03-03,10000.0,10000.0,0,0.0,0.0,0
2022-03-04,10000.0,10000.0,0,0.0,0.0,0
2022-03-05,10000.0,10000.0,0,0.0,0.0,0
2022-03-06,10000.0,10000.0,0,0.0,0.0,0
2022-03-07,10000.0,10000.0,0,0.0,0.0,0
2022-03-08,10000.0,10000.0,0,0.0,0.0,0
2022-03-09,10000.0,10000.0,0,0.0,0.0,0
2022-03-10,10000.0,10000.0,0,0.0,0.0,0
2022-03-11,10000.0,10000.0,0,0.0,0.0,0
2022-03-12,10000.0,10000.0,0,0.0,0.0,0
2022-03-13,10000.0,10000.0,0,0.0,0.0,0
2022-03-14,10000.0,10000.0,0,0.0,0.0,0
2022-03-15,10000.0,10000.0,0,0.0,0.0,0
2022-03-16,10000.0,10000.0,0,0.0,0.0,0
2022-03-17,10000.0,9998.5,1,1000.0,-1.5,0
2022-03-18,9947.0,9947.0,0,0.0,0.0,0
2022-03-19,9947.0,9947.0,0,0.0,0.0,0
2022-03-20,9947.0,9947.0,0,0.0,0.0,0
2022-03-21,9947.0,9947.0,0,0.0,0.0,0
2022-03-22,9947.0,9944.0159,2,1989.4,-2.9841,0
2022-03-23,9947.0,10090.3601,4,3978.8,143.3601,0
2022-03-24,9947.0,10215.9327,7,6962.9,268.9327,0
2022-03-25,9894.28,9996.3537,6,5968.2,102.0737,0
2022-03-26,9894.28,10173.173,6,5968.2,278.893,0
2022-03-27,9894.28,10476.3781,7,6957.63,582.0981,0
2022-03-28,9894.28,10360.7985,7,6957.63,466.5185,0
2022-03-29,9894.28,10565.7123,7,6957.63,671.4323,0
2022-03-30,9894.28,10664.736,7,6957.63,770.456,0
2022-03-31,9894.28,10421.669,7,6957.63,527.389,0
2022-04-01,9894.28,10689.2159,7,6957.63,794.9359,0
2022-04-02,9894.28,10610.5255,7,6957.63,716.2455,0
2022-04-03,9894.28,10923.5132,7,6957.63,1029.2332,0
2022-04-04,9894.28,10917.7584,7,6957.63,1023.4784,0
2022-04-05,9894.28,10891.617,7,6957.63,997.337,0
2022-04-06,9908.51,10184.8041,4,3973.53,276.2941,0
2022-04-07,10420.28,10417.5702,2,1984.13,-2.7098,0
2022-04-08,10378.0,10355.8309,1,989.43,-22.1691,0
2022-04-09,10378.0,10367.5524,1,989.43,-10.4476,0
2022-04-10,10378.0,10348.0166,1,989.43,-29.9834,0
2022-04-11,10325.56,10325.56,0,0.0,0.0,0
2022-04-12,10325.56,10325.56,0,0.0,0.0,0
2022-04-13,10325.56,10325.56,0,0.0,0.0,0
2022-04-14,10325.56,10325.56,0,0.0,0.0,0
2022-04-15,10325.56,10325.56,0,0.0,0.0,0
2022-04-16,10325.56,10325.56,0,0.0,0.0,0
2022-04-17,10325.56,10325.56,0,0.0,0.0,0
2022-04-18,10325.56,10325.56,0,0.0,0.0,0
2022-04-19,10325.56,10325.56,0,0.0,0.0,0
2022-04-20,10325.56,10325.56,0,0.0,0.0,0
2022-04-21,10325.56,10325.56,0,0.0,0.0,0
2022-04-22,10325.56,10325.56,0,0.0,0.0,0
2022-04-23,10325.56,10325.56,0,0.0,0.0,0
2022-04-24,10325.56,10325.56,0,0.0,0.0,0
2022-04-25,10325.56,10325.56,0,0.0,0.0,0
2022-04-26,10325.56,10325.56,0,0.0,0.0,0
2022-04-27,10325.56,10325.56,0,0.0,0.0,0
2022-04-28,10325.56,10325.56,0,0.0,0.0,0
2022-04-29,10325.56,10325.56,0,0.0,0.0,0
2022-04-30,10325.56,10325.56,0,0.0,0.0,0
2022-05-01,10325.56,10325.56,0,0.0,0.0,0
2022-05-02,10325.56,10325.56,0,0.0,0.0,0
2022-05-03,10325.56,10325.56,0,0.0,0.0,0
2022-05-04,10325.56,10325.56,0,0.0,0.0,0
2022-05-05,10325.56,10325.56,0,0.0,0.0,0
2022-05-06,10325.56,10325.56,0,0.0,0.0,0
2022-05-07,10325.56,10325.56,0,0.0,0.0,0
2022-05-08,10325.56,10325.56,0,0.0,0.0,0
2022-05-09,10325.56,10325.56,0,0.0,0.0,0
2022-05-10,10325.56,10325.56,0,0.0,0.0,0
2022-05-11,10325.56,10325.56,0,0.0,0.0,0
2022-05-12,10325.56,10325.56,0,0.0,0.0,0
2022-05-13,10325.56,10325.56,0,0.0,0.0,0
2022-05-14,10325.56,10325.56,0,0.0,0.0,0
2022-05-15,10325.56,10325.56,0,0.0,0.0,0
2022-05-16,10325.56,10325.56,0,0.0,0.0,0
2022-05-17,10325.56,10325.56,0,0.0,0.0,0
2022-05-18,10325.56,10325.56,0,0.0,0.0,0
2022-05-19,10325.56,10325.56,0,0.0,0.0,0
2022-05-20,10325.56,10325.56,0,0.0,0.0,0
2022-05-21,10325.56,10325.56,0,0.0,0.0,0
2022-05-22,10325.56,10325.56,0,0.0,0.0,0
2022-05-23,10325.56,10325.56,0,0.0,0.0,0
2022-05-24,10325.56,10325.56,0,0.0,0.0,0
2022-05-25,10325.56,10325.56,0,0.0,0.0,0
2022-05-26,10325.56,10325.56,0,0.0,0.0,0
2022-05-27,10325.56,10325.56,0,0.0,0.0,0
2022-05-28,10325.56,10325.56,0,0.0,0.0,0
2022-05-29,10325.56,10325.56,0,0.0,0.0,0
2022-05-30,10325.56,10325.56,0,0.0,0.0,0
2022-05-31,10325.56,10325.56,0,0.0,0.0,0
2022-06-01,10325.56,10325.56,0,0.0,0.0,0
2022-06-02,10325.56,10325.56,0,0.0,0.0,0
2022-06-03,10325.56,10325.56,0,0.0,0.0,0
2022-06-04,10325.56,10325.56,0,0.0,0.0,0
2022-06-05,10325.56,10325.56,0,0.0,0.0,0
2022-06-06,10325.56,10325.56,0,0.0,0.0,0
2022-06-07,10325.56,10325.56,0,0.0,0.0,0
2022-06-08,10325.56,10325.56,0,0.0,0.0,0
2022-06-09,10325.56,10325.56,0,0.0,0.0,0
2022-06-10,10325.56,10325.56,0,0.0,0.0,0
2022-06-11,10325.56,10325.56,0,0.0,0.0,0
2022-06-12,10325.56,10325.56,0,0.0,0.0,0
2022-06-13,10325.56,10325.56,0,0.0,0.0,0
2022-06-14,10325.56,10325.56,0,0.0,0.0,0
2022-06-15,10325.56,10325.56,0,0.0,0.0,0
2022-06-16,10325.56,10325.56,0,0.0,0.0,0
2022-06-17,10325.56,10325.56,0,0.0,0.0,0
2022-06-18,10325.56,10325.56,0,0.0,0.0,0
2022-06-19,10325.56,10325.56,0,0.0,0.0,0
2022-06-20,10325.56,10325.56,0,0.0,0.0,0
2022-06-21,10325.56,10325.56,0,0.0,0.0,0
2022-06-22,10325.56,10325.56,0,0.0,0.0,0
2022-06-23,10325.56,10325.56,0,0.0,0.0,0
2022-06-24,10325.56,10325.56,0,0.0,0.0,0
2022-06-25,10325.56,10325.56,0,0.0,0.0,0
2022-06-26,10325.56,10325.56,0,0.0,0.0,0
2022-06-27,10325.56,10325.56,0,0.0,0.0,0
2022-06-28,10325.56,10325.56,0,0.0,0.0,0
2022-06-29,10325.56,10325.56,0,0.0,0.0,0
2022-06-30,10325.56,10325.56,0,0.0,0.0,0
2022-07-01,10325.56,10325.56,0,0.0,0.0,0
2022-07-02,10325.56,10325.56,0,0.0,0.0,0
2022-07-03,10325.56,10325.56,0,0.0,0.0,0
2022-07-04,10325.56,10325.56,0,0.0,0.0,0
2022-07-05,10325.56,10325.56,0,0.0,0.0,0
2022-07-06,10325.56,10325.56,0,0.0,0.0,0
2022-07-07,10325.56,10325.56,0,0.0,0.0,0
2022-07-08,10325.56,10325.56,0,0.0,0.0,0
2022-07-09,10325.56,10325.56,0,0.0,0.0,0
2022-07-10,10325.56,10325.56,0,0.0,0.0,0
2022-07-11,10325.56,10325.56,0,0.0,0.0,0
2022-07-12,10325.56,10325.56,0,0.0,0.0,0
2022-07-13,10325.56,10325.56,0,0.0,0.0,0
2022-07-14,10325.56,10325.56,0,0.0,0.0,0
2022-07-15,10325.56,10325.56,0,0.0,0.0,0
2022-07-16,10325.56,10325.56,0,0.0,0.0,0
2022-07-17,10325.56,10325.56,0,0.0,0.0,0
2022-07-18,10325.56,10325.56,0,0.0,0.0,0
2022-07-19,10325.56,10325.56,0,0.0,0.0,0
2022-07-20,10325.56,10325.56,0,0.0,0.0,0
2022-07-21,10325.56,10325.56,0,0.0,0.0,0
2022-07-22,10325.56,10325.56,0,0.0,0.0,0
2022-07-23,10325.56,10325.56,0,0.0,0.0,0
2022-07-24,10325.56,10325.56,0,0.0,0.0,0
2022-07-25,10325.56,10325.56,0,0.0,0.0,0
2022-07-26,10325.56,10325.56,0,0.0,0.0,0
2022-07-27,10325.56,10325.56,0,0.0,0.0,0
2022-07-28,10325.56,10325.56,0,0.0,0.0,0
2022-07-29,10325.56,10325.56,0,0.0,0.0,0
2022-07-30,10325.56,10325.56,0,0.0,0.0,0
2022-07-31,10325.56,10325.56,0,0.0,0.0,0
2022-08-01,10325.56,10325.56,0,0.0,0.0,0
2022-08-02,10325.56,10325.56,0,0.0,0.0,0
2022-08-03,10325.56,10325.56,0,0.0,0.0,0
2022-08-04,10325.56,10325.56,0,0.0,0.0,0
2022-08-05,10325.56,10322.4623,2,2065.12,-3.0977,0
2022-08-06,10270.84,10246.8767,1,1032.56,-23.9633,0
2022-08-07,10270.84,10287.2227,1,1032.56,16.3827,0
2022-08-08,10270.84,10393.3179,1,1032.56,122.4779,0
2022-08-09,10270.84,10429.1811,1,1032.56,158.3411,0
2022-08-10,10270.84,10411.2032,2,2059.64,140.3632,0
2022-08-11,10270.84,10386.8882,2,2059.64,116.0482,0
2022-08-12,10216.4,10335.8511,2,2054.2,119.4511,0
2022-08-13,10216.4,10343.0405,3,3075.84,126.6405,0
2022-08-14,10216.4,10285.4148,4,4097.48,69.0148,0
2022-08-15,10108.11,10158.0903,2,2054.2,49.9803,0
2022-08-16,10108.11,10203.934,2,2054.2,95.824,0
2022-08-17,10053.96,10128.6204,1,1032.56,74.6604,0
2022-08-18,10053.96,10067.3541,1,1032.56,13.3941,0
2022-08-19,9999.24,9999.24,0,0.0,0.0,0
2022-08-20,9999.24,9999.24,0,0.0,0.0,0
2022-08-21,9999.24,9999.24,0,0.0,0.0,0
2022-08-22,9999.24,9999.24,0,0.0,0.0,0
2022-08-23,9999.24,9999.24,0,0.0,0.0,0
2022-08-24,9999.24,9999.24,0,0.0,0.0,0
2022-08-25,9999.24,9999.24,0,0.0,0.0,0
2022-08-26,9999.24,9999.24,0,0.0,0.0,0
2022-08-27,9999.24,9999.24,0,0.0,0.0,0
2022-08-28,9999.24,9999.24,0,0.0,0.0,0
2022-08-29,9999.24,9999.24,0,0.0,0.0,0
2022-08-30,9999.24,9999.24,0,0.0,0.0,0
2022-08-31,9999.24,9999.24,0,0.0,0.0,0
2022-09-01,9999.24,9999.24,0,0.0,0.0,0
2022-09-02,9999.24,9999.24,0,0.0,0.0,0
2022-09-03,9999.24,9999.24,0,0.0,0.0,0
2022-09-04,9999.24,9999.24,0,0.0,0.0,0
2022-09-05,9999.24,9999.24,0,0.0,0.0,0
2022-09-06,9999.24,9999.24,0,0.0,0.0,0
2022-09-07,9999.24,9999.24,0,0.0,0.0,0
2022-09-08,9999.24,9999.24,0,0.0,0.0,0
2022-09-09,9999.24,9999.24,0,0.0,0.0,0
2022-09-10,9999.24,9999.24,0,0.0,0.0,0
2022-09-11,9999.24,9999.24,0,0.0,0.0,0
2022-09-12,9999.24,9997.7401,1,999.92,-1.4999,0
2022-09-13,9946.24,9946.24,0,0.0,0.0,0
2022-09-14,9946.24,9946.24,0,0.0,0.0,0
2022-09-15,9946.24,9946.24,0,0.0,0.0,0
2022-09-16,9946.24,9946.24,0,0.0,0.0,0
2022-09-17,9946.24,9946.24,0,0.0,0.0,0
2022-09-18,9946.24,9946.24,0,0.0,0.0,0
2022-09-19,9946.24,9946.24,0,0.0,0.0,0
2022-09-20,9946.24,9946.24,0,0.0,0.0,0
2022-09-21,9946.24,9946.24,0,0.0,0.0,0
2022-09-22,9946.24,9946.24,0,0.0,0.0,0
2022-09-23,9946.24,9946.24,0,0.0,0.0,0
2022-09-24,9946.24,9946.24,0,0.0,0.0,0
2022-09-25,9946.24,9946.24,0,0.0,0.0,0
2022-09-26,9946.24,9946.24,0,0.0,0.0,0
2022-09-27,9946.24,9946.24,0,0.0,0.0,0
2022-09-28,9946.24,9946.24,0,0.0,0.0,0
2022-09-29,9946.24,9946.24,0,0.0,0.0,0
2022-09-30,9946.24,9946.24,0,0.0,0.0,0
2022-10-01,9946.24,9946.24,0,0.0,0.0,0
2022-10-02,9946.24,9946.24,0,0.0,0.0,0
2022-10-03,9946.24,9946.24,0,0.0,0.0,0
2022-10-04,9946.24,9946.24,0,0.0,0.0,0
2022-10-05,9946.24,9946.24,0,0.0,0.0,0
2022-10-06,9946.24,9946.24,0,0.0,0.0,0
2022-10-07,9946.24,9946.24,0,0.0,0.0,0
2022-10-08,9946.24,9946.24,0,0.0,0.0,0
2022-10-09,9946.24,9946.24,0,0.0,0.0,0
2022-10-10,9946.24,9946.24,0,0.0,0.0,0
2022-10-11,9946.24,9946.24,0,0.0,0.0,0
2022-10-12,9946.24,9946.24,0,0.0,0.0,0
2022-10-13,9946.24,9946.24,0,0.0,0.0,0
2022-10-14,9946.24,9946.24,0,0.0,0.0,0
2022-10-15,9946.24,9946.24,0,0.0,0.0,0
2022-10-16,9946.24,9946.24,0,0.0,0.0,0
2022-10-17,9946.24,9946.24,0,0.0,0.0,0
2022-10-18,9946.24,9946.24,0,0.0,0.0,0
2022-10-19,9946.24,9946.24,0,0.0,0.0,0
2022-10-20,9946.24,9946.24,0,0.0,0.0,0
2022-10-21,9946.24,9946.24,0,0.0,0.0,0
2022-10-22,9946.24,9946.24,0,0.0,0.0,0
2022-10-23,9946.24,9946.24,0,0.0,0.0,0
2022-10-24,9946.24,9946.24,0,0.0,0.0,0
2022-10-25,9946.24,9946.24,0,0.0,0.0,0
2022-10-26,9946.24,9946.24,0,0.0,0.0,0
2022-10-27,9946.24,9946.24,0,0.0,0.0,0
2022-10-28,9946.24,9946.24,0,0.0,0.0,0
2022-10-29,9946.24,9946.24,0,0.0,0.0,0
2022-10-30,9946.24,9946.24,0,0.0,0.0,0
2022-10-31,9946.24,9946.24,0,0.0,0.0,0
2022-11-01,9946.24,9946.24,0,0.0,0.0,0
2022-11-02,9946.24,9946.24,0,0.0,0.0,0
2022-11-03,9946.24,9946.24,0,0.0,0.0,0
2022-11-04,9946.24,9941.7642,3,2983.86,-4.4758,0
2022-11-05,9946.24,9940.838,3,2983.86,-5.402,0
2022-11-06,9788.1,9788.1,0,0.0,0.0,0
2022-11-07,9788.1,9788.1,0,0.0,0.0,0
2022-11-08,9788.1,9788.1,0,0.0,0.0,0
2022-11-09,9788.1,9788.1,0,0.0,0.0,0
2022-11-10,9788.1,9788.1,0,0.0,0.0,0
2022-11-11,9788.1,9788.1,0,0.0,0.0,0
2022-11-12,9788.1,9788.1,0,0.0,0.0,0
2022-11-13,9788.1,9788.1,0,0.0,0.0,0
2022-11-14,9788.1,9788.1,0,0.0,0.0,0
2022-11-15,9788.1,9788.1,0,0.0,0.0,0
2022-11-16,9788.1,9788.1,0,0.0,0.0,0
2022-11-17,9788.1,9788.1,0,0.0,0.0,0
2022-11-18,9788.1,9788.1,0,0.0,0.0,0
2022-11-19,9788.1,9788.1,0,0.0,0.0,0
2022-11-20,9788.1,9788.1,0,0.0,0.0,0
2022-11-21,9788.1,9788.1,0,0.0,0.0,0
2022-11-22,9788.1,9788.1,0,0.0,0.0,0
2022-11-23,9788.1,9788.1,0,0.0,0.0,0
2022-11-24,9788.1,9788.1,0,0.0,0.0,0
2022-11-25,9788.1,9788.1,0,0.0,0.0,0
2022-11-26,9788.1,9788.1,0,0.0,0.0,0
2022-11-27,9788.1,9788.1,0,0.0,0.0,0
2022-11-28,9788.1,9788.1,0,0.0,0.0,0
2022-11-29,9788.1,9788.1,0,0.0,0.0,0
2022-11-30,9788.1,9788.1,0,0.0,0.0,0
2022-12-01,9788.1,9788.1,0,0.0,0.0,0
2022-12-02,9788.1,9788.1,0,0.0,0.0,0
2022-12-03,9788.1,9788.1,0,0.0,0.0,0
2022-12-04,9788.1,9788.1,0,0.0,0.0,0
2022-12-05,9788.1,9788.1,0,0.0,0.0,0
2022-12-06,9788.1,9788.1,0,0.0,0.0,0
2022-12-07,9788.1,9788.1,0,0.0,0.0,0
2022-12-08,9788.1,9788.1,0,0.0,0.0,0
2022-12-09,9788.1,9788.1,0,0.0,0.0,0
2022-12-10,9788.1,9788.1,0,0.0,0.0,0
2022-12-11,9788.1,9788.1,0,0.0,0.0,0
2022-12-12,9788.1,9788.1,0,0.0,0.0,0
2022-12-13,9788.1,9788.1,0,0.0,0.0,0
2022-12-14,9788.1,9788.1,0,0.0,0.0,0
2022-12-15,9788.1,9788.1,0,0.0,0.0,0
2022-12-16,9788.1,9788.1,0,0.0,0.0,0
2022-12-17,9788.1,9788.1,0,0.0,0.0,0
2022-12-18,9788.1,9788.1,0,0.0,0.0,0
2022-12-19,9788.1,9788.1,0,0.0,0.0,0
2022-12-20,9788.1,9788.1,0,0.0,0.0,0
2022-12-21,9788.1,9788.1,0,0.0,0.0,0
2022-12-22,9788.1,9788.1,0,0.0,0.0,0
2022-12-23,9788.1,9788.1,0,0.0,0.0,0
2022-12-24,9788.1,9788.1,0,0.0,0.0,0
2022-12-25,9788.1,9788.1,0,0.0,0.0,0
2022-12-26,9788.1,9788.1,0,0.0,0.0,0
2022-12-27,9788.1,9788.1,0,0.0,0.0,0
2022-12-28,9788.1,9788.1,0,0.0,0.0,0
2022-12-29,9788.1,9788.1,0,0.0,0.0,0
2022-12-30,9788.1,9788.1,0,0.0,0.0,0
2022-12-31,9788.1,9788.1,0,0.0,0.0,0
2023-01-01,9788.1,9788.1,0,0.0,0.0,0
2023-01-02,9788.1,9788.1,0,0.0,0.0,0
2023-01-03,9788.1,9788.1,0,0.0,0.0,0
2023-01-04,9788.1,9788.1,0,0.0,0.0,0
2023-01-05,9788.1,9788.1,0,0.0,0.0,0
2023-01-06,9788.1,9788.1,0,0.0,0.0,0
2023-01-07,9788.1,9788.1,0,0.0,0.0,0
2023-01-08,9788.1,9788.1,0,0.0,0.0,0
2023-01-09,9788.1,9788.1,0,0.0,0.0,0
2023-01-10,9788.1,9788.1,0,0.0,0.0,0
2023-01-11,9788.1,9785.1636,2,1957.62,-2.9364,0
2023-01-12,9788.1,9806.4582,2,1957.62,18.3582,0
2023-01-13,9788.1,9869.2956,2,1957.62,81.1956,0
2023-01-14,9788.1,9933.3348,2,1957.62,145.2348,0
2023-01-15,9788.1,9879.7452,2,1957.62,91.6452,0
2023-01-16,9788.1,9878.4767,2,1957.62,90.3767,0
2023-01-17,9788.1,9902.9178,2,1957.62,114.8178,0
2023-01-18,9788.1,9807.1297,2,1957.62,19.0297,0
2023-01-19,9788.1,9872.2541,2,1957.62,84.1541,0
2023-01-20,9788.1,9992.7845,2,1957.62,204.6845,0
2023-01-21,9788.1,9954.1345,2,1957.62,166.0345,0
2023-01-22,9788.1,9966.6627,2,1957.62,178.5627,0
2023-01-23,9788.1,10031.8793,2,1957.62,243.7793,0
2023-01-24,9788.1,9935.7807,2,1957.62,147.6807,0
2023-01-25,9788.1,10005.5742,2,1957.62,217.4742,0
2023-01-26,10015.57,10015.57,0,0.0,0.0,0
2023-01-27,10015.57,10015.57,0,0.0,0.0,0
2023-01-28,10015.57,10015.57,0,0.0,0.0,0
2023-01-29,10015.57,10015.57,0,0.0,0.0,0
2023-01-30,10015.57,10015.57,0,0.0,0.0,0
2023-01-31,10015.57,10014.0677,1,1001.56,-1.5023,0
2023-02-01,9962.49,9962.49,0,0.0,0.0,0
2023-02-02,9962.49,9960.9956,1,996.25,-1.4944,0
2023-02-03,9962.49,9987.7881,1,996.25,25.2981,0
2023-02-04,9962.49,9982.2449,1,996.25,19.7549,0
2023-02-05,9962.49,9974.2379,1,996.25,11.7479,0
2023-02-06,9962.49,9963.4593,1,996.25,0.9693,0
2023-02-07,9962.49,9990.2518,1,996.25,27.7618,0
2023-02-08,9962.49,9975.4697,1,996.25,12.9797,0
2023-02-09,9909.69,9909.69,0,0.0,0.0,0
2023-02-10,9909.69,9909.69,0,0.0,0.0,0
2023-02-11,9909.69,9909.69,0,0.0,0.0,0
2023-02-12,9909.69,9909.69,0,0.0,0.0,0
2023-02-13,9909.69,9909.69,0,0.0,0.0,0
2023-02-14,9909.69,9909.69,0,0.0,0.0,0
2023-02-15,9909.69,9909.69,0,0.0,0.0,0
2023-02-16,9909.69,9909.69,0,0.0,0.0,0
2023-02-17,9909.69,9908.2035,1,990.97,-1.4865,0
2023-02-18,9909.69,9952.1171,1,990.97,42.4271,0
2023-02-19,9909.69,9955.3556,1,990.97,45.6656,0
2023-02-20,9909.69,9954.2577,2,1981.94,44.5677,0
2023-02-21,9857.17,9854.3882,1,990.97,-2.7818,0
2023-02-22,9857.17,9864.3626,1,990.97,7.1926,0
2023-02-23,9857.17,9892.602,1,990.97,35.432,0
2023-02-24,9804.64,9804.64,0,0.0,0.0,0
2023-02-25,9804.64,9804.64,0,0.0,0.0,0
2023-02-26,9804.64,9804.64,0,0.0,0.0,0
2023-02-27,9804.64,9804.64,0,0.0,0.0,0
2023-02-28,9804.64,9804.64,0,0.0,0.0,0
2023-03-01,9804.64,9804.64,0,0.0,0.0,0
2023-03-02,9804.64,9804.64,0,0.0,0.0,0
2023-03-03,9804.64,9804.64,0,0.0,0.0,0
2023-03-04,9804.64,9804.64,0,0.0,0.0,0
2023-03-05,9804.64,9804.64,0,0.0,0.0,0
2023-03-06,9804.64,9804.64,0,0.0,0.0,0
2023-03-07,9804.64,9804.64,0,0.0,0.0,0
2023-03-08,9804.64,9804.64,0,0.0,0.0,0
2023-03-09,9804.64,9804.64,0,0.0,0.0,0
2023-03-10,9804.64,9804.64,0,0.0,0.0,0
2023-03-11,9804.64,9804.64,0,0.0,0.0,0
2023-03-12,9804.64,9804.64,0,0.0,0.0,0
2023-03-13,9804.64,9804.64,0,0.0,0.0,0
2023-03-14,9804.64,9804.64,0,0.0,0.0,0
2023-03-15,9804.64,9804.64,0,0.0,0.0,0
2023-03-16,9804.64,9804.64,0,0.0,0.0,0
2023-03-17,9804.64,9804.64,0,0.0,0.0,0
2023-03-18,9804.64,9804.64,0,0.0,0.0,0
2023-03-19,9804.64,9804.64,0,0.0,0.0,0
2023-03-20,9804.64,9804.64,0,0.0,0.0,0
2023-03-21,9804.64,9801.6986,2,1960.92,-2.9414,0
2023-03-22,9700.72,9700.72,0,0.0,0.0,0
2023-03-23,9700.72,9700.72,0,0.0,0.0,0
2023-03-24,9700.72,9700.72,0,0.0,0.0,0
2023-03-25,9700.72,9700.72,0,0.0,0.0,0
2023-03-26,9700.72,9700.72,0,0.0,0.0,0
2023-03-27,9700.72,9700.72,0,0.0,0.0,0
2023-03-28,9700.72,9700.72,0,0.0,0.0,0
2023-03-29,9700.72,9700.72,0,0.0,0.0,0
2023-03-30,9700.72,9700.72,0,0.0,0.0,0
2023-03-31,9700.72,9700.72,0,0.0,0.0,0
2023-04-01,9700.72,9699.2649,1,970.07,-1.4551,0
2023-04-02,9649.3,9649.3,0,0.0,0.0,0
2023-04-03,9649.3,9647.8526,1,964.93,-1.4474,0
2023-04-04,9649.3,9637.56,2,1929.86,-11.74,0
2023-04-05,9598.16,9616.482,1,964.93,18.322,0
2023-04-06,9598.16,9597.765,1,964.93,-0.395,0
2023-04-07,9598.16,9593.2818,1,964.93,-4.8782,0
2023-04-08,9598.16,9585.5949,1,964.93,-12.5651,0
2023-04-09,9598.16,9589.3658,2,1924.75,-8.7942,0
2023-04-10,9598.16,9609.5584,3,2884.57,11.3984,0
2023-04-11,9598.16,9618.2724,4,3844.39,20.1124,0
2023-04-12,9598.16,9655.1693,5,4804.21,57.0093,0
2023-04-13,9598.16,9770.8467,6,5764.03,172.6867,0
2023-04-14,9598.16,9889.2958,8,7683.67,291.1358,0
2023-04-15,9598.16,9985.442,8,7683.67,387.282,0
2023-04-16,9598.16,10109.9094,8,7683.67,511.7494,0
2023-04-17,9598.16,9925.9261,8,7683.67,327.7661,0
2023-04-18,9598.16,10113.5691,8,7683.67,515.4091,0
2023-04-19,9475.37,9404.6771,4,3839.28,-70.6929,0
2023-04-20,9373.63,9310.5985,2,1919.64,-63.0315,0
2023-04-21,9322.75,9298.8396,1,959.82,-23.9104,0
2023-04-22,9322.75,9330.9406,1,959.82,8.1906,0
2023-04-23,9322.75,9326.5632,1,959.82,3.8132,0
2023-04-24,9322.75,9328.0223,1,959.82,5.2723,0
2023-04-25,9322.75,9349.0339,1,959.82,26.2839,0
2023-04-26,9322.75,9326.2713,1,959.82,3.5213,0
2023-04-27,9322.75,9327.1468,1,959.82,4.3968,0
2023-04-28,9322.75,9307.3026,1,959.82,-15.4474,0
2023-04-29,9299.43,9299.43,0,0.0,0.0,0
2023-04-30,9299.43,9299.43,0,0.0,0.0,0
2023-05-01,9299.43,9299.43,0,0.0,0.0,0
2023-05-02,9299.43,9299.43,0,0.0,0.0,0
2023-05-03,9299.43,9299.43,0,0.0,0.0,0
2023-05-04,9299.43,9299.43,0,0.0,0.0,0
2023-05-05,9299.43,9299.43,0,0.0,0.0,0
2023-05-06,9299.43,9299.43,0,0.0,0.0,0
2023-05-07,9299.43,9299.43,0,0.0,0.0,0
2023-05-08,9299.43,9299.43,0,0.0,0.0,0
2023-05-09,9299.43,9299.43,0,0.0,0.0,0
2023-05-10,9299.43,9299.43,0,0.0,0.0,0
2023-05-11,9299.43,9299.43,0,0.0,0.0,0
2023-05-12,9299.43,9299.43,0,0.0,0.0,0
2023-05-13,9299.43,9299.43,0,0.0,0.0,0
2023-05-14,9299.43,9299.43,0,0.0,0.0,0
2023-05-15,9299.43,9299.43,0,0.0,0.0,0
2023-05-16,9299.43,9299.43,0,0.0,0.0,0
2023-05-17,9299.43,9299.43,0,0.0,0.0,0
2023-05-18,9299.43,9299.43,0,0.0,0.0,0
2023-05-19,9299.43,9299.43,0,0.0,0.0,0
2023-05-20,9299.43,9299.43,0,0.0,0.0,0
2023-05-21,9299.43,9299.43,0,0.0,0.0,0
2023-05-22,9299.43,9299.43,0,0.0,0.0,0
2023-05-23,9299.43,9299.43,0,0.0,0.0,0
2023-05-24,9299.43,9299.43,0,0.0,0.0,0
2023-05-25,9299.43,9299.43,0,0.0,0.0,0
2023-05-26,9299.43,9299.43,0,0.0,0.0,0
2023-05-27,9299.43,9299.43,0,0.0,0.0,0
2023-05-28,9299.43,9299.43,0,0.0,0.0,0
2023-05-29,9299.43,9299.43,0,0.0,0.0,0
2023-05-30,9299.43,9299.43,0,0.0,0.0,0
2023-05-31,9299.43,9299.43,0,0.0,0.0,0
2023-06-01,9299.43,9299.43,0,0.0,0.0,0
2023-06-02,9299.43,9299.43,0,0.0,0.0,0
2023-06-03,9299.43,9299.43,0,0.0,0.0,0
2023-06-04,9299.43,9299.43,0,0.0,0.0,0
2023-06-05,9299.43,9299.43,0,0.0,0.0,0
2023-06-06,9299.43,9299.43,0,0.0,0.0,0
2023-06-07,9299.43,9299.43,0,0.0,0.0,0
2023-06-08,9299.43,9299.43,0,0.0,0.0,0
2023-06-09,9299.43,9299.43,0,0.0,0.0,0
2023-06-10,9299.43,9299.43,0,0.0,0.0,0
2023-06-11,9299.43,9299.43,0,0.0,0.0,0
2023-06-12,9299.43,9299.43,0,0.0,0.0,0
2023-06-13,9299.43,9299.43,0,0.0,0.0,0
2023-06-14,9299.43,9299.43,0,0.0,0.0,0
2023-06-15,9299.43,9299.43,0,0.0,0.0,0
2023-06-16,9299.43,9299.43,0,0.0,0.0,0
2023-06-17,9299.43,9299.43,0,0.0,0.0,0
2023-06-18,9299.43,9299.43,0,0.0,0.0,0
2023-06-19,9299.43,9299.43,0,0.0,0.0,0
2023-06-20,9299.43,9298.0351,1,929.94,-1.3949,0
2023-06-21,9299.43,9353.4182,1,929.94,53.9882,0
2023-06-22,9299.43,9349.8385,1,929.94,50.4085,0
2023-06-23,9299.43,9376.2367,1,929.94,76.8067,0
2023-06-24,9299.43,9370.9455,1,929.94,71.5155,0
2023-06-25,9299.43,9368.8177,1,929.94,69.3877,0
2023-06-26,9299.43,9362.4226,1,929.94,62.9926,0
2023-06-27,9299.43,9376.3662,1,929.94,76.9362,0
2023-06-28,9299.43,9356.1619,1,929.94,56.7319,0
2023-06-29,9299.43,9368.3135,1,929.94,68.8835,0
2023-06-30,9299.43,9367.7296,2,1859.88,68.2996,0
2023-07-01,9299.43,9384.4075,2,1859.88,84.9775,0
2023-07-02,9299.43,9370.4193,2,1859.88,70.9893,0
2023-07-03,9299.43,9403.7525,2,1859.88,104.3225,0
2023-07-04,9299.43,9387.5338,2,1859.88,88.1038,0
2023-07-05,9368.81,9378.0325,1,929.94,9.2225,0
2023-07-06,9368.81,9378.5207,1,929.94,9.7107,0
2023-07-07,9368.81,9399.3894,1,929.94,30.5794,0
2023-07-08,9368.81,9414.6443,1,929.94,45.8343,0
2023-07-09,9368.81,9383.0361,1,929.94,14.2261,0
2023-07-10,9368.81,9383.7684,1,929.94,14.9584,0
2023-07-11,9368.81,9381.3276,1,929.94,12.5176,0
2023-07-12,9368.81,9387.4295,1,929.94,18.6195,0
2023-07-13,9368.81,9426.2269,7,6551.22,57.4169,0
2023-07-14,9120.53,9128.6187,2,1866.82,8.0887,0
2023-07-15,9174.1,9136.6271,2,1854.29,-37.4729,0
2023-07-16,9174.1,9103.6831,2,1854.29,-70.4169,0
2023-07-17,9075.82,9075.82,0,0.0,0.0,0
2023-07-18,9075.82,9075.82,0,0.0,0.0,0
2023-07-19,9075.82,9075.82,0,0.0,0.0,0
2023-07-20,9075.82,9075.82,0,0.0,0.0,0
2023-07-21,9075.82,9074.4586,1,907.58,-1.3614,0
2023-07-22,9075.82,9039.0103,2,1815.16,-36.8097,0
2023-07-23,9075.82,9049.7628,2,1815.16,-26.0572,0
2023-07-24,9075.82,9059.0665,2,1815.16,-16.7535,0
2023-07-25,9075.82,9158.4334,2,1815.16,82.6134,0
2023-07-26,9075.82,9115.4691,2,1815.16,39.6491,0
2023-07-27,9075.82,9113.9906,2,1815.16,38.1706,0
2023-07-28,9075.82,9134.6067,2,1815.16,58.7867,0
2023-07-29,9075.82,9152.6321,2,1815.16,76.8121,0
2023-07-30,9027.72,9085.8558,1,907.58,58.1358,0
2023-07-31,9027.72,9083.8726,1,907.58,56.1526,0
2023-08-01,9027.72,9087.4672,1,907.58,59.7472,0
2023-08-02,9027.72,9038.7539,1,907.58,11.0339,0
2023-08-03,9027.72,9030.8209,1,907.58,3.1009,0
2023-08-04,9027.72,9029.4574,1,907.58,1.7374,0
2023-08-05,9055.85,9055.85,0,0.0,0.0,0
2023-08-06,9055.85,9055.85,0,0.0,0.0,0
2023-08-07,9055.85,9055.85,0,0.0,0.0,0
2023-08-08,9055.85,9055.85,0,0.0,0.0,0
2023-08-09,9055.85,9055.85,0,0.0,0.0,0
2023-08-10,9055.85,9055.85,0,0.0,0.0,0
2023-08-11,9055.85,9055.85,0,0.0,0.0,0
2023-08-12,9055.85,9055.85,0,0.0,0.0,0
2023-08-13,9055.85,9055.85,0,0.0,0.0,0
2023-08-14,9055.85,9055.85,0,0.0,0.0,0
2023-08-15,9055.85,9055.85,0,0.0,0.0,0
2023-08-16,9055.85,9055.85,0,0.0,0.0,0
2023-08-17,9055.85,9055.85,0,0.0,0.0,0
2023-08-18,9055.85,9055.85,0,0.0,0.0,0
2023-08-19,9055.85,9055.85,0,0.0,0.0,0
2023-08-20,9055.85,9055.85,0,0.0,0.0,0
2023-08-21,9055.85,9055.85,0,0.0,0.0,0
2023-08-22,9055.85,9055.85,0,0.0,0.0,0
2023-08-23,9055.85,9055.85,0,0.0,0.0,0
2023-08-24,9055.85,9055.85,0,0.0,0.0,0
2023-08-25,9055.85,9055.85,0,0.0,0.0,0
2023-08-26,9055.85,9055.85,0,0.0,0.0,0
2023-08-27,9055.85,9055.85,0,0.0,0.0,0
2023-08-28,9055.85,9055.85,0,0.0,0.0,0
2023-08-29,9055.85,9055.85,0,0.0,0.0,0
2023-08-30,9055.85,9055.85,0,0.0,0.0,0
2023-08-31,9055.85,9055.85,0,0.0,0.0,0
2023-09-01,9055.85,9055.85,0,0.0,0.0,0
2023-09-02,9055.85,9055.85,0,0.0,0.0,0
2023-09-03,9055.85,9055.85,0,0.0,0.0,0
2023-09-04,9055.85,9055.85,0,0.0,0.0,0
2023-09-05,9055.85,9055.85,0,0.0,0.0,0
2023-09-06,9055.85,9055.85,0,0.0,0.0,0
2023-09-07,9055.85,9055.85,0,0.0,0.0,0
2023-09-08,9055.85,9055.85,0,0.0,0.0,0
2023-09-09,9055.85,9055.85,0,0.0,0.0,0
2023-09-10,9055.85,9055.85,0,0.0,0.0,0
2023-09-11,9055.85,9055.85,0,0.0,0.0,0
2023-09-12,9055.85,9055.85,0,0.0,0.0,0
2023-09-13,9055.85,9055.85,0,0.0,0.0,0
2023-09-14,9055.85,9055.85,0,0.0,0.0,0
2023-09-15,9055.85,9055.85,0,0.0,0.0,0
2023-09-16,9055.85,9055.85,0,0.0,0.0,0
2023-09-17,9055.85,9055.85,0,0.0,0.0,0
2023-09-18,9055.85,9055.85,0,0.0,0.0,0
2023-09-19,9055.85,9055.85,0,0.0,0.0,0
2023-09-20,9055.85,9055.85,0,0.0,0.0,0
2023-09-21,9055.85,9055.85,0,0.0,0.0,0
2023-09-22,9055.85,9055.85,0,0.0,0.0,0
2023-09-23,9055.85,9055.85,0,0.0,0.0,0
2023-09-24,9055.85,9055.85,0,0.0,0.0,0
2023-09-25,9055.85,9055.85,0,0.0,0.0,0
2023-09-26,9055.85,9055.85,0,0.0,0.0,0
2023-09-27,9055.85,9055.85,0,0.0,0.0,0
2023-09-28,9055.85,9055.85,0,0.0,0.0,0
2023-09-29,9055.85,9055.85,0,0.0,0.0,0
2023-09-30,9055.85,9055.85,0,0.0,0.0,0
2023-10-01,9055.85,9050.4165,4,3622.36,-5.4335,0
2023-10-02,8959.86,8916.9299,2,1811.18,-42.9301,0
2023-10-03,8959.86,8913.0282,3,2707.17,-46.8318,0
2023-10-04,8863.87,8851.8872,1,895.99,-11.9828,0
2023-10-05,8863.87,8835.4302,1,895.99,-28.4398,0
2023-10-06,8863.87,8840.0847,1,895.99,-23.7853,0
2023-10-07,8863.87,8833.6017,1,895.99,-30.2683,0
2023-10-08,8863.87,8826.6199,1,895.99,-37.2501,0
2023-10-09,8816.38,8816.38,0,0.0,0.0,0
2023-10-10,8816.38,8816.38,0,0.0,0.0,0
2023-10-11,8816.38,8816.38,0,0.0,0.0,0
2023-10-12,8816.38,8816.38,0,0.0,0.0,0
2023-10-13,8816.38,8816.38,0,0.0,0.0,0
2023-10-14,8816.38,8816.38,0,0.0,0.0,0
2023-10-15,8816.38,8816.38,0,0.0,0.0,0
2023-10-16,8816.38,8816.38,0,0.0,0.0,0
2023-10-17,8816.38,8816.38,0,0.0,0.0,0
2023-10-18,8816.38,8816.38,0,0.0,0.0,0
2023-10-19,8816.38,8815.0575,1,881.64,-1.3225,0
2023-10-20,8816.38,8889.3232,1,881.64,72.9432,0
2023-10-21,8816.38,8967.6633,3,2644.92,151.2833,0
2023-10-22,8816.38,9200.217,3,2644.92,383.837,0
2023-10-23,8816.38,9405.2045,6,5289.84,588.8245,0
2023-10-24,8769.65,9238.7224,5,4408.2,469.0724,0
2023-10-25,8769.65,9447.9892,5,4408.2,678.3392,0
2023-10-26,8769.65,9438.6989,5,4408.2,669.0489,0
2023-10-27,8769.65,9335.2047,5,4408.2,565.5547,0
2023-10-28,8769.65,9356.2179,5,4408.2,586.5679,0
2023-10-29,8769.65,9464.8082,5,4408.2,695.1582,0
2023-10-30,8769.65,9548.7992,5,4408.2,779.1492,0
2023-10-31,8769.65,9634.9507,5,4408.2,865.3007,0
2023-11-01,8769.65,9868.4891,6,5285.17,1098.8391,0
2023-11-02,8723.18,9752.8298,5,4408.2,1029.6498,0
2023-11-03,9234.0,9727.0362,4,3526.56,493.0362,0
2023-11-04,9234.0,9760.3566,4,3526.56,526.3566,0
2023-11-05,9796.22,9864.3066,2,1763.28,68.0866,0
2023-11-06,9796.22,9938.428,2,1763.28,142.208,0
2023-11-07,9900.6,9900.6,0,0.0,0.0,0
2023-11-08,9900.6,9900.6,0,0.0,0.0,0
2023-11-09,9900.6,9900.6,0,0.0,0.0,0
2023-11-10,9900.6,9899.1149,1,990.06,-1.4851,0
2023-11-11,9900.6,9902.1889,1,990.06,1.5889,0
2023-11-12,9900.6,9916.0221,1,990.06,15.4221,0
2023-11-13,9900.6,9865.3005,1,990.06,-35.2995,0
2023-11-14,9848.13,9848.13,0,0.0,0.0,0
2023-11-15,9848.13,9848.13,0,0.0,0.0,0
2023-11-16,9848.13,9848.13,0,0.0,0.0,0
2023-11-17,9848.13,9848.13,0,0.0,0.0,0
2023-11-18,9848.13,9848.13,0,0.0,0.0,0
2023-11-19,9848.13,9848.13,0,0.0,0.0,0
2023-11-20,9848.13,9848.13,0,0.0,0.0,0
2023-11-21,9848.13,9848.13,0,0.0,0.0,0
2023-11-22,9848.13,9848.13,0,0.0,0.0,0
2023-11-23,9848.13,9848.13,0,0.0,0.0,0
2023-11-24,9848.13,9848.13,0,0.0,0.0,0
2023-11-25,9848.13,9848.13,0,0.0,0.0,0
2023-11-26,9848.13,9848.13,0,0.0,0.0,0
2023-11-27,9848.13,9848.13,0,0.0,0.0,0
2023-11-28,9848.13,9848.13,0,0.0,0.0,0
2023-11-29,9848.13,9848.13,0,0.0,0.0,0
2023-11-30,9848.13,9848.13,0,0.0,0.0,0
2023-12-01,9848.13,9848.13,0,0.0,0.0,0
2023-12-02,9848.13,9848.13,0,0.0,0.0,0
2023-12-03,9848.13,9848.13,0,0.0,0.0,0
2023-12-04,9848.13,9846.6528,1,984.81,-1.4772,0
2023-12-05,9848.13,10002.522,1,984.81,154.392,0
2023-12-06,9848.13,9908.9402,2,1969.62,60.8102,0
2023-12-07,9848.13,9949.2891,2,1969.62,101.1591,0
2023-12-08,9848.13,10029.1843,2,1969.62,181.0543,0
2023-12-09,9848.13,9979.7633,2,1969.62,131.6333,0
2023-12-10,9848.13,10027.351,2,1969.62,179.221,0
2023-12-11,9795.93,9815.7077,1,984.81,19.7777,0
2023-12-12,9795.93,9794.4528,1,984.81,-1.4772,0
2023-12-13,9743.74,9743.74,0,0.0,0.0,0
2023-12-14,9743.74,9742.2784,1,974.37,-1.4616,0
2023-12-15,9743.74,9752.1022,1,974.37,8.3622,0
2023-12-16,9743.74,9719.4411,2,1948.74,-24.2989,0
2023-12-17,9692.1,9791.0916,1,974.37,98.9916,0
2023-12-18,9692.1,9723.6116,1,974.37,31.5116,0
2023-12-19,9692.1,9667.8895,1,974.37,-24.2105,0
2023-12-20,9640.46,9640.46,0,0.0,0.0,0
2023-12-21,9640.46,9640.46,0,0.0,0.0,0
2023-12-22,9640.46,9640.46,0,0.0,0.0,0
2023-12-23,9640.46,9639.0139,1,964.05,-1.4461,0
2023-12-24,9589.36,9589.36,0,0.0,0.0,0
2023-12-25,9589.36,9589.36,0,0.0,0.0,0
2023-12-26,9589.36,9589.36,0,0.0,0.0,0
2023-12-27,9589.36,9587.9216,1,958.94,-1.4384,0
2023-12-28,9589.36,9646.8279,1,958.94,57.4679,0
2023-12-29,9589.36,9591.9457,1,958.94,2.5857,0
2023-12-30,9589.36,9579.5309,1,958.94,-9.8291,0
2023-12-31,9538.54,9538.54,0,0.0,0.0,0
2024-01-01,9538.54,9538.54,0,0.0,0.0,0
2024-01-02,9538.54,9537.1092,1,953.85,-1.4308,0
2024-01-03,9487.98,9487.98,0,0.0,0.0,0
2024-01-04,9487.98,9487.98,0,0.0,0.0,0
2024-01-05,9487.98,9487.98,0,0.0,0.0,0
2024-01-06,9487.98,9487.98,0,0.0,0.0,0
2024-01-07,9487.98,9487.98,0,0.0,0.0,0
2024-01-08,9487.98,9486.5568,1,948.8,-1.4232,0
2024-01-09,9487.98,9469.5608,1,948.8,-18.4192,0
2024-01-10,9437.7,9436.2843,1,943.77,-1.4157,0
2024-01-11,9437.7,9448.5654,1,943.77,10.8654,0
2024-01-12,9437.7,9413.7015,1,943.77,-23.9985,0
2024-01-13,9437.7,9432.6082,2,1887.54,-5.0918,0
2024-01-14,9437.7,9369.1155,2,1887.54,-68.5845,0
2024-01-15,9387.68,9359.7521,1,943.77,-27.9279,0
2024-01-16,9387.68,9387.3672,1,943.77,-0.3128,0
2024-01-17,9387.68,9366.4751,1,943.77,-21.2049,0
2024-01-18,9337.66,9337.66,0,0.0,0.0,0
2024-01-19,9337.66,9337.66,0,0.0,0.0,0
2024-01-20,9337.66,9337.66,0,0.0,0.0,0
2024-01-21,9337.66,9337.66,0,0.0,0.0,0
2024-01-22,9337.66,9337.66,0,0.0,0.0,0
2024-01-23,9337.66,9337.66,0,0.0,0.0,0
2024-01-24,9337.66,9337.66,0,0.0,0.0,0
2024-01-25,9337.66,9337.66,0,0.0,0.0,0
2024-01-26,9337.66,9337.66,0,0.0,0.0,0
2024-01-27,9337.66,9337.66,0,0.0,0.0,0
2024-01-28,9337.66,9337.66,0,0.0,0.0,0
2024-01-29,9337.66,9337.66,0,0.0,0.0,0
2024-01-30,9337.66,9337.66,0,0.0,0.0,0
2024-01-31,9337.66,9337.66,0,0.0,0.0,0
2024-02-01,9337.66,9337.66,0,0.0,0.0,0
2024-02-02,9337.66,9337.66,0,0.0,0.0,0
2024-02-03,9337.66,9337.66,0,0.0,0.0,0
2024-02-04,9337.66,9337.66,0,0.0,0.0,0
2024-02-05,9337.66,9337.66,0,0.0,0.0,0
2024-02-06,9337.66,9337.66,0,0.0,0.0,0
2024-02-07,9337.66,9337.66,0,0.0,0.0,0
2024-02-08,9337.66,9337.66,0,0.0,0.0,0
2024-02-09,9337.66,9334.8587,2,1867.54,-2.8013,0
2024-02-10,9337.66,9328.328,2,1867.54,-9.332,0
2024-02-11,9337.66,9329.4177,2,1867.54,-8.2423,0
2024-02-12,9337.66,9368.5495,4,3735.08,30.8895,0
2024-02-13,9288.17,9345.6531,3,2801.31,57.4831,0
2024-02-14,9288.17,9529.3028,5,4658.95,241.1328,0
2024-02-15,9288.17,9803.967,6,5587.77,515.797,0
2024-02-16,9288.17,10147.6926,6,5587.77,859.5226,0
2024-02-17,9238.94,10166.9241,5,4658.95,927.9841,0
2024-02-18,9238.94,10604.6707,5,4658.95,1365.7307,0
2024-02-19,9238.94,11291.0026,5,4658.95,2052.0626,0
2024-02-20,9238.94,10910.3416,5,4658.95,1671.4016,0
2024-02-21,9189.71,11046.0902,4,3730.13,1856.3802,0
2024-02-22,9189.71,11413.2329,4,3730.13,2223.5229,0
2024-02-23,9189.71,11983.791,4,3730.13,2794.081,0
2024-02-24,9996.67,11976.9474,2,1862.59,1980.2774,0
2024-02-25,9996.67,12115.4203,2,1862.59,2118.7503,0
2024-02-26,9996.67,11954.0307,2,1862.59,1957.3607,0
2024-02-27,11622.36,11752.1965,1,928.82,129.8365,0
2024-02-28,11622.36,11948.9274,2,2091.06,326.5674,0
2024-02-29,11965.28,12028.469,1,1162.24,63.189,0
2024-03-01,11965.28,12065.085,1,1162.24,99.805,0
2024-03-02,11965.28,12069.0511,2,2358.77,103.7711,0
2024-03-03,11901.86,12008.7929,1,1162.24,106.9329,0
2024-03-04,11901.86,12039.1597,1,1162.24,137.2997,0
2024-03-05,11840.26,11840.26,0,0.0,0.0,0
2024-03-06,11840.26,11840.26,0,0.0,0.0,0
2024-03-07,11840.26,11840.26,0,0.0,0.0,0
2024-03-08,11840.26,11840.26,0,0.0,0.0,0
2024-03-09,11840.26,11840.26,0,0.0,0.0,0
2024-03-10,11840.26,11838.484,1,1184.03,-1.776,0
2024-03-11,11840.26,11816.4745,1,1184.03,-23.7855,0
2024-03-12,11777.51,11777.51,0,0.0,0.0,0
2024-03-13,11777.51,11777.51,0,0.0,0.0,0
2024-03-14,11777.51,11777.51,0,0.0,0.0,0
2024-03-15,11777.51,11777.51,0,0.0,0.0,0
2024-03-16,11777.51,11777.51,0,0.0,0.0,0
2024-03-17,11777.51,11777.51,0,0.0,0.0,0
2024-03-18,11777.51,11777.51,0,0.0,0.0,0
2024-03-19,11777.51,11777.51,0,0.0,0.0,0
2024-03-20,11777.51,11777.51,0,0.0,0.0,0
2024-03-21,11777.51,11777.51,0,0.0,0.0,0
2024-03-22,11777.51,11777.51,0,0.0,0.0,0
2024-03-23,11777.51,11777.51,0,0.0,0.0,0
2024-03-24,11777.51,11777.51,0,0.0,0.0,0
2024-03-25,11777.51,11777.51,0,0.0,0.0,0
2024-03-26,11777.51,11777.51,0,0.0,0.0,0
2024-03-27,11777.51,11777.51,0,0.0,0.0,0
2024-03-28,11777.51,11777.51,0,0.0,0.0,0
2024-03-29,11777.51,11777.51,0,0.0,0.0,0
2024-03-30,11777.51,11777.51,0,0.0,0.0,0
2024-03-31,11777.51,11777.51,0,0.0,0.0,0
2024-04-01,11777.51,11777.51,0,0.0,0.0,0
2024-04-02,11777.51,11777.51,0,0.0,0.0,0
2024-04-03,11777.51,11777.51,0,0.0,0.0,0
2024-04-04,11777.51,11777.51,0,0.0,0.0,0
2024-04-05,11777.51,11777.51,0,0.0,0.0,0
2024-04-06,11777.51,11777.51,0,0.0,0.0,0
2024-04-07,11777.51,11777.51,0,0.0,0.0,0
2024-04-08,11777.51,11777.51,0,0.0,0.0,0
2024-04-09,11777.51,11777.51,0,0.0,0.0,0
2024-04-10,11777.51,11777.51,0,0.0,0.0,0
2024-04-11,11777.51,11777.51,0,0.0,0.0,0
2024-04-12,11777.51,11777.51,0,0.0,0.0,0
2024-04-13,11777.51,11777.51,0,0.0,0.0,0
2024-04-14,11777.51,11777.51,0,0.0,0.0,0
2024-04-15,11777.51,11777.51,0,0.0,0.0,0
2024-04-16,11777.51,11777.51,0,0.0,0.0,0
2024-04-17,11777.51,11777.51,0,0.0,0.0,0
2024-04-18,11777.51,11777.51,0,0.0,0.0,0
2024-04-19,11777.51,11777.51,0,0.0,0.0,0
2024-04-20,11777.51,11777.51,0,0.0,0.0,0
2024-04-21,11777.51,11777.51,0,0.0,0.0,0
2024-04-22,11777.51,11777.51,0,0.0,0.0,0
2024-04-23,11777.51,11777.51,0,0.0,0.0,0
2024-04-24,11777.51,11777.51,0,0.0,0.0,0
2024-04-25,11777.51,11777.51,0,0.0,0.0,0
2024-04-26,11777.51,11777.51,0,0.0,0.0,0
2024-04-27,11777.51,11777.51,0,0.0,0.0,0
2024-04-28,11777.51,11777.51,0,0.0,0.0,0
2024-04-29,11777.51,11777.51,0,0.0,0.0,0
2024-04-30,11777.51,11777.51,0,0.0,0.0,0
2024-05-01,11777.51,11777.51,0,0.0,0.0,0
2024-05-02,11777.51,11777.51,0,0.0,0.0,0
2024-05-03,11777.51,11777.51,0,0.0,0.0,0
2024-05-04,11777.51,11777.51,0,0.0,0.0,0
2024-05-05,11777.51,11777.51,0,0.0,0.0,0
2024-05-06,11777.51,11777.51,0,0.0,0.0,0
2024-05-07,11777.51,11777.51,0,0.0,0.0,0
2024-05-08,11777.51,11777.51,0,0.0,0.0,0
2024-05-09,11777.51,11777.51,0,0.0,0.0,0
2024-05-10,11777.51,11777.51,0,0.0,0.0,0
2024-05-11,11777.51,11777.51,0,0.0,0.0,0
2024-05-12,11777.51,11777.51,0,0.0,0.0,0
2024-05-13,11777.51,11777.51,0,0.0,0.0,0
2024-05-14,11777.51,11777.51,0,0.0,0.0,0
2024-05-15,11777.51,11777.51,0,0.0,0.0,0
2024-05-16,11777.51,11777.51,0,0.0,0.0,0
2024-05-17,11777.51,11777.51,0,0.0,0.0,0
2024-05-18,11777.51,11777.51,0,0.0,0.0,0
2024-05-19,11777.51,11777.51,0,0.0,0.0,0
2024-05-20,11777.51,11770.4435,4,4711.0,-7.0665,0
2024-05-21,11777.51,11821.5954,5,5888.75,44.0854,0
2024-05-22,11715.09,11706.8481,4,4711.0,-8.2419,0
2024-05-23,11527.83,11565.2479,1,1177.75,37.4179,0
2024-05-24,11527.83,11545.7228,2,2330.53,17.8928,0
2024-05-25,11527.83,11515.8465,3,3483.31,-11.9835,0
2024-05-26,11466.73,11515.5676,2,2330.53,48.8376,0
2024-05-27,11466.73,11563.4493,2,2330.53,96.7193,0
2024-05-28,11466.73,11524.9278,2,2330.53,58.1978,0
2024-05-29,11466.73,11500.3966,2,2330.53,33.6666,0
2024-05-30,11466.73,11474.497,2,2330.53,7.767,0
2024-05-31,11466.73,11515.0768,2,2330.53,48.3468,0
2024-06-01,11466.73,11508.9604,2,2330.53,42.2304,0
2024-06-02,11466.73,11472.1714,2,2330.53,5.4414,0
2024-06-03,11466.73,11484.5575,3,3477.2,17.8275,0
2024-06-04,11510.9,11648.8827,2,2299.45,137.9827,0
2024-06-05,11510.9,11700.0149,2,2299.45,189.1149,0
2024-06-06,11510.9,11751.2445,2,2299.45,240.3445,0
2024-06-07,11510.9,11599.6341,2,2299.45,88.7341,0
2024-06-08,11449.8,11551.1412,1,1146.67,101.3412,0
2024-06-09,11449.8,11533.3846,1,1146.67,83.5846,0
2024-06-10,11449.8,11445.7003,1,1146.67,-4.0997,0
2024-06-11,11449.8,11404.3293,1,1146.67,-45.4707,0
2024-06-12,11389.02,11389.02,0,0.0,0.0,0
2024-06-13,11389.02,11389.02,0,0.0,0.0,0
2024-06-14,11389.02,11389.02,0,0.0,0.0,0
2024-06-15,11389.02,11389.02,0,0.0,0.0,0
2024-06-16,11389.02,11389.02,0,0.0,0.0,0
2024-06-17,11389.02,11389.02,0,0.0,0.0,0
2024-06-18,11389.02,11389.02,0,0.0,0.0,0
2024-06-19,11389.02,11389.02,0,0.0,0.0,0
2024-06-20,11389.02,11389.02,0,0.0,0.0,0
2024-06-21,11389.02,11389.02,0,0.0,0.0,0
2024-06-22,11389.02,11387.3116,1,1138.9,-1.7084,0
2024-06-23,11389.02,11383.3142,1,1138.9,-5.7058,0
2024-06-24,11389.02,11381.8865,1,1138.9,-7.1335,0
2024-06-25,11389.02,11408.5363,1,1138.9,19.5163,0
2024-06-26,11389.02,11416.0554,1,1138.9,27.0354,0
2024-06-27,11389.02,11409.6785,1,1138.9,20.6585,0
2024-06-28,11389.02,11421.0998,1,1138.9,32.0798,0
2024-06-29,11389.02,11443.1811,1,1138.9,54.1611,0
2024-06-30,11389.02,11435.2814,1,1138.9,46.2614,0
2024-07-01,11389.02,11464.8817,1,1138.9,75.8617,0
2024-07-02,11389.02,11478.397,1,1138.9,89.377,0
2024-07-03,11389.02,11473.3526,1,1138.9,84.3326,0
2024-07-04,11389.02,11459.0759,1,1138.9,70.0559,0
2024-07-05,11389.02,11455.6495,1,1138.9,66.6295,0
2024-07-06,11389.02,11484.8691,1,1138.9,95.8491,0
2024-07-07,11433.21,11433.21,0,0.0,0.0,0
2024-07-08,11433.21,11433.21,0,0.0,0.0,0
2024-07-09,11433.21,11433.21,0,0.0,0.0,0
2024-07-10,11433.21,11433.21,0,0.0,0.0,0
2024-07-11,11433.21,11433.21,0,0.0,0.0,0
2024-07-12,11433.21,11433.21,0,0.0,0.0,0
2024-07-13,11433.21,11433.21,0,0.0,0.0,0
2024-07-14,11433.21,11433.21,0,0.0,0.0,0
2024-07-15,11433.21,11431.495,1,1143.32,-1.715,0
2024-07-16,11433.21,11440.3902,1,1143.32,7.1802,0
2024-07-17,11433.21,11403.6617,1,1143.32,-29.5483,0
2024-07-18,11433.21,11430.3473,1,1143.32,-2.8627,0
2024-07-19,11433.21,11501.4371,1,1143.32,68.2271,0
2024-07-20,11433.21,11533.5029,1,1143.32,100.2929,0
2024-07-21,11433.21,11611.6228,1,1143.32,178.4128,0
2024-07-22,11433.21,11571.5227,1,1143.32,138.3127,0
2024-07-23,11433.21,11529.4139,1,1143.32,96.2039,0
2024-07-24,11433.21,11565.4969,1,1143.32,132.2869,0
2024-07-25,11433.21,11520.9492,1,1143.32,87.7392,0
2024-07-26,11433.21,11601.3646,1,1143.32,168.1546,0
2024-07-27,11433.21,11607.5339,1,1143.32,174.3239,0
2024-07-28,11433.21,11614.564,1,1143.32,181.354,0
2024-07-29,11433.21,11597.8496,1,1143.32,164.6396,0
2024-07-30,11571.67,11571.67,0,0.0,0.0,0
2024-07-31,11571.67,11571.67,0,0.0,0.0,0
2024-08-01,11571.67,11569.9342,1,1157.17,-1.7358,0
2024-08-02,11510.34,11510.34,0,0.0,0.0,0
2024-08-03,11510.34,11510.34,0,0.0,0.0,0
2024-08-04,11510.34,11510.34,0,0.0,0.0,0
2024-08-05,11510.34,11510.34,0,0.0,0.0,0
2024-08-06,11510.34,11510.34,0,0.0,0.0,0
2024-08-07,11510.34,11510.34,0,0.0,0.0,0
2024-08-08,11510.34,11510.34,0,0.0,0.0,0
2024-08-09,11510.34,11510.34,0,0.0,0.0,0
2024-08-10,11510.34,11510.34,0,0.0,0.0,0
2024-08-11,11510.34,11510.34,0,0.0,0.0,0
2024-08-12,11510.34,11510.34,0,0.0,0.0,0
2024-08-13,11510.34,11510.34,0,0.0,0.0,0
2024-08-14,11510.34,11510.34,0,0.0,0.0,0
2024-08-15,11510.34,11510.34,0,0.0,0.0,0
2024-08-16,11510.34,11510.34,0,0.0,0.0,0
2024-08-17,11510.34,11510.34,0,0.0,0.0,0
2024-08-18,11510.34,11510.34,0,0.0,0.0,0
2024-08-19,11510.34,11510.34,0,0.0,0.0,0
2024-08-20,11510.34,11510.34,0,0.0,0.0,0
2024-08-21,11510.34,11510.34,0,0.0,0.0,0
2024-08-22,11510.34,11510.34,0,0.0,0.0,0
2024-08-23,11510.34,11505.1604,3,3453.09,-5.1796,0
2024-08-24,11510.34,11601.4046,4,4604.12,91.0646,0
2024-08-25,11449.34,11436.9947,3,3453.09,-12.3453,0
2024-08-26,11327.33,11312.2802,1,1151.03,-15.0498,0
2024-08-27,11266.32,11266.32,0,0.0,0.0,0
2024-08-28,11266.32,11266.32,0,0.0,0.0,0
2024-08-29,11266.32,11266.32,0,0.0,0.0,0
2024-08-30,11266.32,11266.32,0,0.0,0.0,0
2024-08-31,11266.32,11266.32,0,0.0,0.0,0
2024-09-01,11266.32,11266.32,0,0.0,0.0,0
2024-09-02,11266.32,11266.32,0,0.0,0.0,0
2024-09-03,11266.32,11266.32,0,0.0,0.0,0
2024-09-04,11266.32,11266.32,0,0.0,0.0,0
2024-09-05,11266.32,11266.32,0,0.0,0.0,0
2024-09-06,11266.32,11266.32,0,0.0,0.0,0
2024-09-07,11266.32,11266.32,0,0.0,0.0,0
2024-09-08,11266.32,11266.32,0,0.0,0.0,0
2024-09-09,11266.32,11266.32,0,0.0,0.0,0
2024-09-10,11266.32,11266.32,0,0.0,0.0,0
2024-09-11,11266.32,11266.32,0,0.0,0.0,0
2024-09-12,11266.32,11266.32,0,0.0,0.0,0
2024-09-13,11266.32,11266.32,0,0.0,0.0,0
2024-09-14,11266.32,11266.32,0,0.0,0.0,0
2024-09-15,11266.32,11266.32,0,0.0,0.0,0
2024-09-16,11266.32,11266.32,0,0.0,0.0,0
2024-09-17,11266.32,11266.32,0,0.0,0.0,0
2024-09-18,11266.32,11266.32,0,0.0,0.0,0
2024-09-19,11266.32,11261.2502,3,3379.89,-5.0698,0
2024-09-20,11266.32,11357.6298,5,5633.15,91.3098,0
2024-09-21,11266.32,11573.3554,6,6759.78,307.0354,0
2024-09-22,11087.19,11227.1177,3,3379.89,139.9277,0
2024-09-23,11087.19,11282.9902,4,4488.61,195.8002,0
2024-09-24,11087.19,11599.4499,6,6706.05,512.2599,0
2024-09-25,11087.19,11655.3411,6,6706.05,568.1511,0
2024-09-26,11087.19,12018.2558,8,8923.49,931.0658,0
2024-09-27,11087.19,12282.7928,8,8923.49,1195.6028,0
2024-09-28,11087.19,12341.3957,8,8923.49,1254.2057,0
2024-09-29,11087.19,12368.9388,8,8923.49,1281.7488,0
2024-09-30,11087.19,11847.7838,8,8923.49,760.5938,0
2024-10-01,10792.43,11308.4638,3,3361.98,516.0338,0
2024-10-02,10733.67,11038.2804,2,2253.26,304.6104,0
2024-10-03,10673.95,10814.906,1,1126.63,140.956,0
2024-10-04,10950.43,10950.43,0,0.0,0.0,0
2024-10-05,10950.43,10950.43,0,0.0,0.0,0
2024-10-06,10950.43,10950.43,0,0.0,0.0,0
2024-10-07,10950.43,10950.43,0,0.0,0.0,0
2024-10-08,10950.43,10950.43,0,0.0,0.0,0
2024-10-09,10950.43,10950.43,0,0.0,0.0,0
2024-10-10,10950.43,10948.7874,1,1095.04,-1.6426,0
2024-10-11,10950.43,10914.5616,2,2190.08,-35.8684,0
2024-10-12,10950.43,11045.8942,2,2190.08,95.4642,0
2024-10-13,10892.39,11045.2472,1,1095.04,152.8572,0
2024-10-14,10892.39,10993.6595,2,2184.28,101.2695,0
2024-10-15,10834.66,10836.0563,1,1095.04,1.3963,0
2024-10-16,10834.66,10848.3715,1,1095.04,13.7115,0
2024-10-17,10834.66,10817.5035,1,1095.04,-17.1565,0
2024-10-18,10834.66,10871.1892,1,1095.04,36.5292,0
2024-10-19,10834.66,10837.7089,1,1095.04,3.0489,0
2024-10-20,10834.66,10867.6997,4,4345.45,33.0397,0
2024-10-21,10834.66,10760.2144,4,4345.45,-74.4456,0
2024-10-22,10776.62,10770.882,3,3250.41,-5.738,0
2024-10-23,10661.78,10682.4844,1,1083.47,20.7044,0
2024-10-24,10661.78,10721.9198,2,2149.65,60.1398,0
2024-10-25,10661.78,10627.8206,3,3215.83,-33.9594,0
2024-10-26,10605.27,10628.4557,2,2149.65,23.1857,0
2024-10-27,10605.27,10657.8988,2,2149.65,52.6288,0
2024-10-28,10605.27,10669.9384,2,2149.65,64.6684,0
2024-10-29,10605.27,10690.8547,2,2149.65,85.5847,0
2024-10-30,10605.27,10678.5992,3,3210.18,73.3292,0
2024-10-31,10549.06,10578.799,2,2149.65,29.739,0
2024-11-01,10549.06,10555.5582,2,2149.65,6.4982,0
2024-11-02,10549.06,10547.5906,2,2149.65,-1.4694,0
2024-11-03,10491.64,10493.2794,1,1066.18,1.6394,0
2024-11-04,10491.64,10479.0292,1,1066.18,-12.6108,0
2024-11-05,10491.64,10461.5402,1,1066.18,-30.0998,0
2024-11-06,10491.64,10465.422,8,8410.3,-26.218,0
2024-11-07,10436.03,10587.3532,8,8404.74,151.3232,0
2024-11-08,10408.85,10645.1753,7,7338.56,236.3253,0
2024-11-09,10408.85,11108.9635,8,8379.44,700.1135,0
2024-11-10,10408.85,11337.8114,8,8379.44,928.9614,0
2024-11-11,10408.85,11940.9807,8,8379.44,1532.1307,0
2024-11-12,10353.24,11455.7469,8,8365.6,1102.5069,0
2024-11-13,10298.37,11429.3751,7,7330.28,1131.0051,0
2024-11-14,10242.76,11172.2554,6,6281.12,929.4954,0
2024-11-15,10242.76,11392.6201,6,6281.12,1149.8601,0
2024-11-16,10242.76,11498.3379,6,6281.12,1255.5779,0
2024-11-17,10242.76,11594.7258,6,6281.12,1351.9658,0
2024-11-18,10242.76,11680.5106,6,6281.12,1437.7506,0
2024-11-19,10242.76,11565.5348,6,6281.12,1322.7748,0
2024-11-20,10242.76,11419.8073,6,6281.12,1177.0473,0
2024-11-21,11714.97,11879.3227,1,1043.6,164.3527,0
2024-11-22,11867.65,11867.65,0,0.0,0.0,0
2024-11-23,11867.65,11867.65,0,0.0,0.0,0
2024-11-24,11867.65,11867.65,0,0.0,0.0,0
2024-11-25,11867.65,11865.8699,1,1186.76,-1.7801,0
2024-11-26,11804.75,11804.75,0,0.0,0.0,0
2024-11-27,11804.75,11801.2086,2,2360.94,-3.5414,0
2024-11-28,11804.75,11777.4033,3,3541.41,-27.3467,0
2024-11-29,11742.18,11886.7202,2,2360.94,144.5402,0
2024-11-30,11742.18,12010.0786,2,2360.94,267.8986,0
2024-12-01,11742.18,11969.8105,2,2360.94,227.6305,0
2024-12-02,11742.18,11989.3431,2,2360.94,247.1631,0
2024-12-03,11742.18,12040.937,3,3535.16,298.757,0
2024-12-04,11742.18,12233.92,3,3535.16,491.74,0
2024-12-05,11679.95,12214.4493,3,3528.93,534.4993,0
2024-12-06,11679.95,12383.8703,3,3528.93,703.9203,0
2024-12-07,11679.95,12387.7939,4,4696.92,707.8439,0
2024-12-08,11679.95,12514.8299,4,4696.92,834.8799,0
2024-12-09,11493.58,11986.7967,1,1180.47,493.2167,0
2024-12-10,11493.58,11814.6344,1,1180.47,321.0544,0
2024-12-11,11493.58,12057.6282,1,1180.47,564.0482,0
2024-12-12,12036.71,12036.71,0,0.0,0.0,0
2024-12-13,12036.71,12036.71,0,0.0,0.0,0
2024-12-14,12036.71,12036.71,0,0.0,0.0,0
2024-12-15,12036.71,12034.9045,1,1203.67,-1.8055,0
2024-12-16,12036.71,12053.2788,1,1203.67,16.5688,0
2024-12-17,12036.71,12054.1439,1,1203.67,17.4339,0
2024-12-18,12036.71,11985.8195,1,1203.67,-50.8905,0
2024-12-19,11972.92,11972.92,0,0.0,0.0,0
2024-12-20,11972.92,11972.92,0,0.0,0.0,0
2024-12-21,11972.92,11972.92,0,0.0,0.0,0
2024-12-22,11972.92,11972.92,0,0.0,0.0,0
2024-12-23,11972.92,11972.92,0,0.0,0.0,0
2024-12-24,11972.92,11972.92,0,0.0,0.0,0
2024-12-25,11972.92,11972.92,0,0.0,0.0,0
2024-12-26,11972.92,11972.92,0,0.0,0.0,0
2024-12-27,11972.92,11972.92,0,0.0,0.0,0
2024-12-28,11972.92,11972.92,0,0.0,0.0,0
2024-12-29,11972.92,11972.92,0,0.0,0.0,0
2024-12-30,11972.92,11972.92,0,0.0,0.0,0
2024-12-31,11972.92,11972.92,0,0.0,0.0,0
2025-01-01,11972.92,11972.92,0,0.0,0.0,0
2025-01-02,11972.92,11972.92,0,0.0,0.0,0
2025-01-03,11972.92,11972.92,0,0.0,0.0,0
2025-01-04,11972.92,11972.92,0,0.0,0.0,0
2025-01-05,11972.92,11972.92,0,0.0,0.0,0
2025-01-06,11972.92,11972.92,0,0.0,0.0,0
2025-01-07,11972.92,11972.92,0,0.0,0.0,0
2025-01-08,11972.92,11972.92,0,0.0,0.0,0
2025-01-09,11972.92,11972.92,0,0.0,0.0,0
2025-01-10,11972.92,11972.92,0,0.0,0.0,0
2025-01-11,11972.92,11972.92,0,0.0,0.0,0
2025-01-12,11972.92,11972.92,0,0.0,0.0,0
2025-01-13,11972.92,11972.92,0,0.0,0.0,0
2025-01-14,11972.92,11972.92,0,0.0,0.0,0
2025-01-15,11972.92,11972.92,0,0.0,0.0,0
2025-01-16,11972.92,11972.92,0,0.0,0.0,0
2025-01-17,11972.92,11971.1241,1,1197.29,-1.7959,0
2025-01-18,11972.92,11976.6315,1,1197.29,3.7115,0
2025-01-19,11972.92,11939.5356,1,1197.29,-33.3844,0
2025-01-20,11972.92,11950.2162,1,1197.29,-22.7038,0
2025-01-21,11972.92,11994.8949,1,1197.29,21.9749,0
2025-01-22,11972.92,11966.8582,1,1197.29,-6.0618,0
2025-01-23,11972.92,11969.2013,1,1197.29,-3.7187,0
2025-01-24,11972.92,11980.2468,1,1197.29,7.3268,0
2025-01-25,11972.92,11978.8244,1,1197.29,5.9044,0
2025-01-26,11972.92,11954.3575,1,1197.29,-18.5625,0
2025-01-27,11909.46,11909.46,0,0.0,0.0,0
2025-01-28,11909.46,11909.46,0,0.0,0.0,0
2025-01-29,11909.46,11909.46,0,0.0,0.0,0
2025-01-30,11909.46,11909.46,0,0.0,0.0,0
2025-01-31,11909.46,11909.46,0,0.0,0.0,0
2025-02-01,11909.46,11909.46,0,0.0,0.0,0
2025-02-02,11909.46,11909.46,0,0.0,0.0,0
2025-02-03,11909.46,11909.46,0,0.0,0.0,0
2025-02-04,11909.46,11909.46,0,0.0,0.0,0
2025-02-05,11909.46,11909.46,0,0.0,0.0,0
2025-02-06,11909.46,11909.46,0,0.0,0.0,0
2025-02-07,11909.46,11909.46,0,0.0,0.0,0
2025-02-08,11909.46,11909.46,0,0.0,0.0,0
2025-02-09,11909.46,11909.46,0,0.0,0.0,0
2025-02-10,11909.46,11909.46,0,0.0,0.0,0
2025-02-11,11909.46,11909.46,0,0.0,0.0,0
2025-02-12,11909.46,11909.46,0,0.0,0.0,0
2025-02-13,11909.46,11909.46,0,0.0,0.0,0
2025-02-14,11909.46,11909.46,0,0.0,0.0,0
2025-02-15,11909.46,11909.46,0,0.0,0.0,0
2025-02-16,11909.46,11909.46,0,0.0,0.0,0
2025-02-17,11909.46,11909.46,0,0.0,0.0,0
2025-02-18,11909.46,11909.46,0,0.0,0.0,0
2025-02-19,11909.46,11909.46,0,0.0,0.0,0
2025-02-20,11909.46,11909.46,0,0.0,0.0,0
2025-02-21,11909.46,11909.46,0,0.0,0.0,0
2025-02-22,11909.46,11909.46,0,0.0,0.0,0
2025-02-23,11909.46,11907.6736,1,1190.95,-1.7864,0
2025-02-24,11846.34,11846.34,0,0.0,0.0,0
2025-02-25,11846.34,11846.34,0,0.0,0.0,0
2025-02-26,11846.34,11846.34,0,0.0,0.0,0
2025-02-27,11846.34,11846.34,0,0.0,0.0,0
2025-02-28,11846.34,11846.34,0,0.0,0.0,0
2025-03-01,11846.34,11846.34,0,0.0,0.0,0
2025-03-02,11846.34,11844.5631,1,1184.63,-1.7769,0
2025-03-03,11783.56,11783.56,0,0.0,0.0,0
2025-03-04,11783.56,11783.56,0,0.0,0.0,0
2025-03-05,11783.56,11783.56,0,0.0,0.0,0
2025-03-06,11783.56,11783.56,0,0.0,0.0,0
2025-03-07,11783.56,11783.56,0,0.0,0.0,0
2025-03-08,11783.56,11783.56,0,0.0,0.0,0
2025-03-09,11783.56,11783.56,0,0.0,0.0,0
2025-03-10,11783.56,11783.56,0,0.0,0.0,0
2025-03-11,11783.56,11783.56,0,0.0,0.0,0
2025-03-12,11783.56,11783.56,0,0.0,0.0,0
2025-03-13,11783.56,11783.56,0,0.0,0.0,0
2025-03-14,11783.56,11783.56,0,0.0,0.0,0
2025-03-15,11783.56,11783.56,0,0.0,0.0,0
2025-03-16,11783.56,11783.56,0,0.0,0.0,0
2025-03-17,11783.56,11783.56,0,0.0,0.0,0
2025-03-18,11783.56,11783.56,0,0.0,0.0,0
2025-03-19,11783.56,11783.56,0,0.0,0.0,0
2025-03-20,11783.56,11783.56,0,0.0,0.0,0
2025-03-21,11783.56,11783.56,0,0.0,0.0,0
2025-03-22,11783.56,11783.56,0,0.0,0.0,0
2025-03-23,11783.56,11783.56,0,0.0,0.0,0
2025-03-24,11783.56,11783.56,0,0.0,0.0,0
2025-03-25,11783.56,11783.56,0,0.0,0.0,0
2025-03-26,11783.56,11783.56,0,0.0,0.0,0
2025-03-27,11783.56,11783.56,0,0.0,0.0,0
2025-03-28,11783.56,11783.56,0,0.0,0.0,0
2025-03-29,11783.56,11783.56,0,0.0,0.0,0
2025-03-30,11783.56,11783.56,0,0.0,0.0,0
2025-03-31,11783.56,11783.56,0,0.0,0.0,0
2025-04-01,11783.56,11783.56,0,0.0,0.0,0
2025-04-02,11783.56,11783.56,0,0.0,0.0,0
2025-04-03,11783.56,11783.56,0,0.0,0.0,0
2025-04-04,11783.56,11783.56,0,0.0,0.0,0
2025-04-05,11783.56,11783.56,0,0.0,0.0,0
2025-04-06,11783.56,11783.56,0,0.0,0.0,0
2025-04-07,11783.56,11783.56,0,0.0,0.0,0
2025-04-08,11783.56,11783.56,0,0.0,0.0,0
2025-04-09,11783.56,11783.56,0,0.0,0.0,0
2025-04-10,11783.56,11783.56,0,0.0,0.0,0
2025-04-11,11783.56,11783.56,0,0.0,0.0,0
2025-04-12,11783.56,11783.56,0,0.0,0.0,0
2025-04-13,11783.56,11783.56,0,0.0,0.0,0
2025-04-14,11783.56,11783.56,0,0.0,0.0,0
2025-04-15,11783.56,11783.56,0,0.0,0.0,0
2025-04-16,11783.56,11783.56,0,0.0,0.0,0
2025-04-17,11783.56,11783.56,0,0.0,0.0,0
2025-04-18,11783.56,11783.56,0,0.0,0.0,0
2025-04-19,11783.56,11783.56,0,0.0,0.0,0
2025-04-20,11783.56,11783.56,0,0.0,0.0,0
2025-04-21,11783.56,11783.56,0,0.0,0.0,0
2025-04-22,11783.56,11771.1872,7,8248.52,-12.3728,0
2025-04-23,11783.56,12061.7405,8,9426.88,278.1805,0
2025-04-24,11721.1,12305.211,8,9420.63,584.111,0
2025-04-25,11721.1,12534.8534,8,9420.63,813.7534,0
2025-04-26,11721.1,12826.6206,8,9420.63,1105.5206,0
2025-04-27,11721.1,12541.7159,8,9420.63,820.6159,0
2025-04-28,11658.98,12561.1578,7,8248.52,902.1778,0
2025-04-29,11658.98,12407.1997,7,8248.52,748.2197,0
2025-04-30,11596.53,12356.6782,6,7070.16,760.1482,0
2025-05-01,11596.53,12406.5978,7,8229.81,810.0678,0
2025-05-02,11596.53,12286.0675,7,8229.81,689.5375,0
2025-05-03,11535.07,12106.0079,6,7070.16,570.9379,0
2025-05-04,11472.61,11888.7687,5,5891.8,416.1587,0
2025-05-05,11410.16,11880.1585,4,4713.44,469.9985,0
2025-05-06,11347.71,11913.2391,3,3535.08,565.5291,0
2025-05-07,11860.53,11860.53,0,0.0,0.0,0
2025-05-08,11860.53,11846.2974,8,9488.4,-14.2326,0
2025-05-09,11860.53,12197.281,8,9488.4,336.751,0
2025-05-10,11860.53,12932.0639,8,9488.4,1071.5339,0
2025-05-11,11860.53,12621.4193,8,9488.4,760.8893,0
2025-05-12,11860.53,12753.6951,8,9488.4,893.1651,0
2025-05-13,11860.53,13060.6323,8,9488.4,1200.1023,0
2025-05-14,11860.53,12805.7169,8,9488.4,945.1869,0
2025-05-15,11860.53,12358.4671,8,9488.4,497.9371,0
2025-05-16,11860.53,12263.7534,8,9488.4,403.2234,0
2025-05-17,11734.81,12034.2454,6,7116.3,299.4354,0
2025-05-18,11734.81,12431.1104,6,7116.3,696.3004,0
2025-05-19,11734.81,12237.9464,6,7116.3,503.1364,0
2025-05-20,11734.81,12249.1217,6,7116.3,514.3117,0
2025-05-21,11734.81,12443.6086,6,7116.3,708.7986,0
2025-05-22,11734.81,12832.7006,6,7116.3,1097.8906,0
2025-05-23,12321.9,12321.9,0,0.0,0.0,0
2025-05-24,12321.9,12321.9,0,0.0,0.0,0
2025-05-25,12321.9,12321.9,0,0.0,0.0,0
2025-05-26,12321.9,12321.9,0,0.0,0.0,0
2025-05-27,12321.9,12321.9,0,0.0,0.0,0
2025-05-28,12321.9,12321.9,0,0.0,0.0,0
2025-05-29,12321.9,12321.9,0,0.0,0.0,0
2025-05-30,12321.9,12321.9,0,0.0,0.0,0
2025-05-31,12321.9,12321.9,0,0.0,0.0,0
2025-06-01,12321.9,12321.9,0,0.0,0.0,0
2025-06-02,12321.9,12321.9,0,0.0,0.0,0
2025-06-03,12321.9,12321.9,0,0.0,0.0,0
2025-06-04,12321.9,12321.9,0,0.0,0.0,0
2025-06-05,12321.9,12320.0517,1,1232.19,-1.8483,0
2025-06-06,12321.9,12302.1369,1,1232.19,-19.7631,0
2025-06-07,12321.9,12341.4621,1,1232.19,19.5621,0
2025-06-08,12321.9,12318.7409,1,1232.19,-3.1591,0
2025-06-09,12321.9,12340.0508,2,2464.38,18.1508,0
2025-06-10,12321.9,12470.1222,4,4928.76,148.2222,0
2025-06-11,12256.6,12309.7825,3,3696.57,53.1825,0
2025-06-12,12191.29,12189.1705,2,2464.38,-2.1195,0
2025-06-13,12060.68,12060.68,0,0.0,0.0,0
2025-06-14,12060.68,12060.68,0,0.0,0.0,0
2025-06-15,12060.68,12060.68,0,0.0,0.0,0
2025-06-16,12060.68,12060.68,0,0.0,0.0,0
2025-06-17,12060.68,12060.68,0,0.0,0.0,0
2025-06-18,12060.68,12060.68,0,0.0,0.0,0
2025-06-19,12060.68,12060.68,0,0.0,0.0,0
2025-06-20,12060.68,12060.68,0,0.0,0.0,0
2025-06-21,12060.68,12060.68,0,0.0,0.0,0
2025-06-22,12060.68,12060.68,0,0.0,0.0,0
2025-06-23,12060.68,12060.68,0,0.0,0.0,0
2025-06-24,12060.68,12060.68,0,0.0,0.0,0
2025-06-25,12060.68,12060.68,0,0.0,0.0,0
2025-06-26,12060.68,12060.68,0,0.0,0.0,0
2025-06-27,12060.68,12060.68,0,0.0,0.0,0
2025-06-28,12060.68,12060.68,0,0.0,0.0,0
2025-06-29,12060.68,12060.68,0,0.0,0.0,0
2025-06-30,12060.68,12060.68,0,0.0,0.0,0
2025-07-01,12060.68,12060.68,0,0.0,0.0,0
2025-07-02,12060.68,12060.68,0,0.0,0.0,0
2025-07-03,12060.68,12060.68,0,0.0,0.0,0
2025-07-04,12060.68,12060.68,0,0.0,0.0,0
2025-07-05,12060.68,12060.68,0,0.0,0.0,0
2025-07-06,12060.68,12060.68,0,0.0,0.0,0
2025-07-07,12060.68,12060.68,0,0.0,0.0,0
2025-07-08,12060.68,12060.68,0,0.0,0.0,0
2025-07-09,12060.68,12049.8254,6,7236.42,-10.8546,0
2025-07-10,12060.68,12620.109,8,9648.56,559.429,0
2025-07-11,12060.68,12903.3182,8,9648.56,842.6382,0
2025-07-12,11996.76,12723.2494,7,8442.49,726.4894,0
2025-07-13,11996.76,12952.9355,7,8442.49,956.1755,0
2025-07-14,11996.76,13057.6666,7,8442.49,1060.9066,0
2025-07-15,11996.76,13272.9935,7,8442.49,1276.2335,0
2025-07-16,11996.76,13544.0741,7,8442.49,1547.3141,0
2025-07-17,11996.76,13950.9738,7,8442.49,1954.2138,0
2025-07-18,11996.76,14219.1976,7,8442.49,2222.4376,0
2025-07-19,11996.76,14532.3857,7,8442.49,2535.6257,0
2025-07-20,11996.76,15236.9878,7,8442.49,3240.2278,0
2025-07-21,11996.76,15486.5845,7,8442.49,3489.8245,0
2025-07-22,11996.76,15510.5807,7,8442.49,3513.8207,0
2025-07-23,11996.76,14494.2698,7,8442.49,2497.5098,0
2025-07-24,14232.69,14380.2591,1,1206.07,147.5691,0
2025-07-25,14404.31,14404.31,0,0.0,0.0,0
2025-07-26,14404.31,14404.31,0,0.0,0.0,0
2025-07-27,14404.31,14404.31,0,0.0,0.0,0
2025-07-28,14404.31,14404.31,0,0.0,0.0,0
2025-07-29,14404.31,14404.31,0,0.0,0.0,0
2025-07-30,14404.31,14404.31,0,0.0,0.0,0
2025-07-31,14404.31,14404.31,0,0.0,0.0,0
2025-08-01,14404.31,14404.31,0,0.0,0.0,0
2025-08-02,14404.31,14404.31,0,0.0,0.0,0
2025-08-03,14404.31,14404.31,0,0.0,0.0,0
2025-08-04,14404.31,14404.31,0,0.0,0.0,0
2025-08-05,14404.31,14404.31,0,0.0,0.0,0
2025-08-06,14404.31,14404.31,0,0.0,0.0,0
2025-08-07,14404.31,14404.31,0,0.0,0.0,0
2025-08-08,14404.31,14404.31,0,0.0,0.0,0
2025-08-09,14404.31,14404.31,0,0.0,0.0,0
2025-08-10,14404.31,14404.31,0,0.0,0.0,0
2025-08-11,14404.31,14404.31,0,0.0,0.0,0
2025-08-12,14404.31,14404.31,0,0.0,0.0,0
2025-08-13,14404.31,14402.1494,1,1440.43,-2.1606,0
2025-08-14,14404.31,14343.6083,1,1440.43,-60.7017,0
2025-08-15,14327.97,14327.97,0,0.0,0.0,0
2025-08-16,14327.97,14327.97,0,0.0,0.0,0
2025-08-17,14327.97,14327.97,0,0.0,0.0,0
2025-08-18,14327.97,14327.97,0,0.0,0.0,0
2025-08-19,14327.97,14327.97,0,0.0,0.0,0
2025-08-20,14327.97,14327.97,0,0.0,0.0,0
2025-08-21,14327.97,14327.97,0,0.0,0.0,0
2025-08-22,14327.97,14327.97,0,0.0,0.0,0
2025-08-23,14327.97,14327.97,0,0.0,0.0,0
2025-08-24,14327.97,14327.97,0,0.0,0.0,0
2025-08-25,14327.97,14327.97,0,0.0,0.0,0
2025-08-26,14327.97,14327.97,0,0.0,0.0,0
2025-08-27,14327.97,14327.97,0,0.0,0.0,0
2025-08-28,14327.97,14327.97,0,0.0,0.0,0
2025-08-29,14327.97,14327.97,0,0.0,0.0,0
2025-08-30,14327.97,14327.97,0,0.0,0.0,0
2025-08-31,14327.97,14327.97,0,0.0,0.0,0
2025-09-01,14327.97,14327.97,0,0.0,0.0,0
2025-09-02,14327.97,14327.97,0,0.0,0.0,0
2025-09-03,14327.97,14327.97,0,0.0,0.0,0
2025-09-04,14327.97,14327.97,0,0.0,0.0,0
2025-09-05,14327.97,14327.97,0,0.0,0.0,0
2025-09-06,14327.97,14327.97,0,0.0,0.0,0
2025-09-07,14327.97,14327.97,0,0.0,0.0,0
2025-09-08,14327.97,14327.97,0,0.0,0.0,0
2025-09-09,14327.97,14327.97,0,0.0,0.0,0
2025-09-10,14327.97,14327.97,0,0.0,0.0,0
2025-09-11,14327.97,14327.97,0,0.0,0.0,0
2025-09-12,14327.97,14327.97,0,0.0,0.0,0
2025-09-13,14327.97,14327.97,0,0.0,0.0,0
2025-09-14,14327.97,14327.97,0,0.0,0.0,0
2025-09-15,14327.97,14327.97,0,0.0,0.0,0
2025-09-16,14327.97,14327.97,0,0.0,0.0,0
2025-09-17,14327.97,14327.97,0,0.0,0.0,0
2025-09-18,14327.97,14327.97,0,0.0,0.0,0
2025-09-19,14327.97,14327.97,0,0.0,0.0,0
2025-09-20,14327.97,14327.97,0,0.0,0.0,0
2025-09-21,14327.97,14327.97,0,0.0,0.0,0
2025-09-22,14327.97,14327.97,0,0.0,0.0,0
2025-09-23,14327.97,14327.97,0,0.0,0.0,0
2025-09-24,14327.97,14327.97,0,0.0,0.0,0
2025-09-25,14327.97,14327.97,0,0.0,0.0,0
2025-09-26,14327.97,14327.97,0,0.0,0.0,0
2025-09-27,14327.97,14327.97,0,0.0,0.0,0
2025-09-28,14327.97,14327.97,0,0.0,0.0,0
2025-09-29,14327.97,14327.97,0,0.0,0.0,0
2025-09-30,14327.97,14327.97,0,0.0,0.0,0
2025-10-01,14327.97,14327.97,0,0.0,0.0,0
2025-10-02,14327.97,14327.97,0,0.0,0.0,0
2025-10-03,14327.97,14327.97,0,0.0,0.0,0
2025-10-04,14327.97,14327.97,0,0.0,0.0,0
2025-10-05,14327.97,14327.97,0,0.0,0.0,0
2025-10-06,14327.97,14327.97,0,0.0,0.0,0
2025-10-07,14327.97,14327.97,0,0.0,0.0,0
2025-10-08,14327.97,14327.97,0,0.0,0.0,0
2025-10-09,14327.97,14327.97,0,0.0,0.0,0
2025-10-10,14327.97,14327.97,0,0.0,0.0,0
2025-10-11,14327.97,14327.97,0,0.0,0.0,0
2025-10-12,14327.97,14327.97,0,0.0,0.0,0
2025-10-13,14327.97,14327.97,0,0.0,0.0,0
2025-10-14,14327.97,14327.97,0,0.0,0.0,0
2025-10-15,14327.97,14327.97,0,0.0,0.0,0
2025-10-16,14327.97,14327.97,0,0.0,0.0,0
2025-10-17,14327.97,14327.97,0,0.0,0.0,0
2025-10-18,14327.97,14327.97,0,0.0,0.0,0
2025-10-19,14327.97,14327.97,0,0.0,0.0,0
2025-10-20,14327.97,14327.97,0,0.0,0.0,0
2025-10-21,14327.97,14327.97,0,0.0,0.0,0
2025-10-22,14327.97,14327.97,0,0.0,0.0,0
2025-10-23,14327.97,14327.97,0,0.0,0.0,0
2025-10-24,14327.97,14327.97,0,0.0,0.0,0
2025-10-25,14327.97,14327.97,0,0.0,0.0,0
2025-10-26,14327.97,14327.97,0,0.0,0.0,0
2025-10-27,14327.97,14327.97,0,0.0,0.0,0
2025-10-28,14327.97,14327.97,0,0.0,0.0,0
2025-10-29,14327.97,14327.97,0,0.0,0.0,0
2025-10-30,14327.97,14327.97,0,0.0,0.0,0
2025-10-31,14327.97,14327.97,0,0.0,0.0,0
2025-11-01,14327.97,14327.97,0,0.0,0.0,0
2025-11-02,14327.97,14327.97,0,0.0,0.0,0
2025-11-03,14327.97,14327.97,0,0.0,0.0,0
2025-11-04,14327.97,14327.97,0,0.0,0.0,0
2025-11-05,14327.97,14327.97,0,0.0,0.0,0
2025-11-06,14327.97,14327.97,0,0.0,0.0,0
2025-11-07,14327.97,14327.97,0,0.0,0.0,0
2025-11-08,14327.97,14327.97,0,0.0,0.0,0
2025-11-09,14327.97,14327.97,0,0.0,0.0,0
2025-11-10,14327.97,14327.97,0,0.0,0.0,0
2025-11-11,14327.97,14327.97,0,0.0,0.0,0
2025-11-12,14327.97,14327.97,0,0.0,0.0,0
2025-11-13,14327.97,14327.97,0,0.0,0.0,0
2025-11-14,14327.97,14327.97,0,0.0,0.0,0
2025-11-15,14327.97,14327.97,0,0.0,0.0,0
2025-11-16,14327.97,14327.97,0,0.0,0.0,0
2025-11-17,14327.97,14327.97,0,0.0,0.0,0
2025-11-18,14327.97,14327.97,0,0.0,0.0,0
2025-11-19,14327.97,14327.97,0,0.0,0.0,0
2025-11-20,14327.97,14327.97,0,0.0,0.0,0
2025-11-21,14327.97,14327.97,0,0.0,0.0,0
2025-11-22,14327.97,14327.97,0,0.0,0.0,0
2025-11-23,14327.97,14327.97,0,0.0,0.0,0
2025-11-24,14327.97,14327.97,0,0.0,0.0,0
2025-11-25,14327.97,14327.97,0,0.0,0.0,0
2025-11-26,14327.97,14327.97,0,0.0,0.0,0
2025-11-27,14327.97,14327.97,0,0.0,0.0,0
2025-11-28,14327.97,14327.97,0,0.0,0.0,0
2025-11-29,14327.97,14327.97,0,0.0,0.0,0
2025-11-30,14327.97,14327.97,0,0.0,0.0,0
2025-12-01,14327.97,14327.97,0,0.0,0.0,0
2025-12-02,14327.97,14327.97,0,0.0,0.0,0
2025-12-03,14327.97,14327.97,0,0.0,0.0,0
2025-12-04,14327.97,14327.97,0,0.0,0.0,0
2025-12-05,14327.97,14327.97,0,0.0,0.0,0
2025-12-06,14327.97,14327.97,0,0.0,0.0,0
2025-12-07,14327.97,14327.97,0,0.0,0.0,0
2025-12-08,14327.97,14327.97,0,0.0,0.0,0
2025-12-09,14327.97,14327.97,0,0.0,0.0,0
2025-12-10,14327.97,14327.97,0,0.0,0.0,0
2025-12-11,14327.97,14327.97,0,0.0,0.0,0
2025-12-12,14327.97,14327.97,0,0.0,0.0,0
2025-12-13,14327.97,14327.97,0,0.0,0.0,0
2025-12-14,14327.97,14327.97,0,0.0,0.0,0
2025-12-15,14327.97,14327.97,0,0.0,0.0,0
2025-12-16,14327.97,14327.97,0,0.0,0.0,0
2025-12-17,14327.97,14327.97,0,0.0,0.0,0
2025-12-18,14327.97,14327.97,0,0.0,0.0,0
2025-12-19,14327.97,14327.97,0,0.0,0.0,0
2025-12-20,14327.97,14327.97,0,0.0,0.0,0
2025-12-21,14327.97,14327.97,0,0.0,0.0,0
2025-12-22,14327.97,14327.97,0,0.0,0.0,0
2025-12-23,14327.97,14327.97,0,0.0,0.0,0
2025-12-24,14327.97,14327.97,0,0.0,0.0,0
2025-12-25,14327.97,14327.97,0,0.0,0.0,0
2025-12-26,14327.97,14327.97,0,0.0,0.0,0
2025-12-27,14327.97,14327.97,0,0.0,0.0,0
2025-12-28,14327.97,14327.97,0,0.0,0.0,0
2025-12-29,14327.97,14327.97,0,0.0,0.0,0
2025-12-30,14327.97,14327.97,0,0.0,0.0,0
2025-12-31,14327.97,14327.97,0,0.0,0.0,0
2026-01-01,14327.97,14327.97,0,0.0,0.0,0
2026-01-02,14327.97,14327.97,0,0.0,0.0,0
2026-01-03,14327.97,14327.97,0,0.0,0.0,0
2026-01-04,14327.97,14327.97,0,0.0,0.0,0
2026-01-05,14327.97,14327.97,0,0.0,0.0,0
2026-01-06,14327.97,14327.97,0,0.0,0.0,0
2026-01-07,14327.97,14327.97,0,0.0,0.0,0
2026-01-08,14327.97,14327.97,0,0.0,0.0,0
2026-01-09,14327.97,14327.97,0,0.0,0.0,0
2026-01-10,14327.97,14327.97,0,0.0,0.0,0
2026-01-11,14327.97,14327.97,0,0.0,0.0,0
2026-01-12,14327.97,14327.97,0,0.0,0.0,0
2026-01-13,14327.97,14327.97,0,0.0,0.0,0
2026-01-14,14327.97,14327.97,0,0.0,0.0,0
2026-01-15,14327.97,14327.97,0,0.0,0.0,0
2026-01-16,14327.97,14327.97,0,0.0,0.0,0
2026-01-17,14327.97,14327.97,0,0.0,0.0,0
2026-01-18,14327.97,14327.97,0,0.0,0.0,0
2026-01-19,14327.97,14327.97,0,0.0,0.0,0
2026-01-20,14327.97,14327.97,0,0.0,0.0,0
2026-01-21,14327.97,14327.97,0,0.0,0.0,0
2026-01-22,14327.97,14327.97,0,0.0,0.0,0
2026-01-23,14327.97,14327.97,0,0.0,0.0,0
2026-01-24,14327.97,14327.97,0,0.0,0.0,0
2026-01-25,14327.97,14327.97,0,0.0,0.0,0
2026-01-26,14327.97,14327.97,0,0.0,0.0,0
2026-01-27,14327.97,14327.97,0,0.0,0.0,0
2026-01-28,14327.97,14327.97,0,0.0,0.0,0
2026-01-29,14327.97,14327.97,0,0.0,0.0,0
2026-01-30,14327.97,14327.97,0,0.0,0.0,0
2026-01-31,14327.97,14327.97,0,0.0,0.0,0
2026-02-01,14327.97,14327.97,0,0.0,0.0,0
2026-02-02,14327.97,14327.97,0,0.0,0.0,0
2026-02-03,14327.97,14327.97,0,0.0,0.0,0
2026-02-04,14327.97,14327.97,0,0.0,0.0,0
2026-02-05,14327.97,14327.97,0,0.0,0.0,0
2026-02-06,14327.97,14327.97,0,0.0,0.0,0
2026-02-07,14327.97,14327.97,0,0.0,0.0,0
2026-02-08,14327.97,14327.97,0,0.0,0.0,0
2026-02-09,14327.97,14327.97,0,0.0,0.0,0
2026-02-10,14327.97,14327.97,0,0.0,0.0,0
2026-02-11,14327.97,14327.97,0,0.0,0.0,0
2026-02-12,14327.97,14327.97,0,0.0,0.0,0
2026-02-13,14327.97,14327.97,0,0.0,0.0,0
2026-02-14,14327.97,14327.97,0,0.0,0.0,0
2026-02-15,14327.97,14327.97,0,0.0,0.0,0
2026-02-16,14327.97,14327.97,0,0.0,0.0,0
2026-02-17,14327.97,14327.97,0,0.0,0.0,0
2026-02-18,14327.97,14327.97,0,0.0,0.0,0
2026-02-19,14327.97,14327.97,0,0.0,0.0,0
2026-02-20,14327.97,14327.97,0,0.0,0.0,0
2026-02-21,14327.97,14327.97,0,0.0,0.0,0
2026-02-22,14327.97,14327.97,0,0.0,0.0,0
2026-02-23,14327.97,14327.97,0,0.0,0.0,0
2026-02-24,14327.97,14327.97,0,0.0,0.0,0
2026-02-25,14327.97,14327.97,0,0.0,0.0,0
2026-02-26,14327.97,14327.97,0,0.0,0.0,0
2026-02-27,14327.97,14327.97,0,0.0,0.0,0
2026-02-28,14327.97,14327.97,0,0.0,0.0,0
2026-03-01,14327.97,14327.97,0,0.0,0.0,0
2026-03-02,14327.97,14327.97,0,0.0,0.0,0
2026-03-03,14327.97,14327.97,0,0.0,0.0,0
2026-03-04,14327.97,14327.97,0,0.0,0.0,0
2026-03-05,14327.97,14327.97,0,0.0,0.0,0
2026-03-06,14327.97,14327.97,0,0.0,0.0,0
2026-03-07,14327.97,14327.97,0,0.0,0.0,0
2026-03-08,14327.97,14327.97,0,0.0,0.0,0
2026-03-09,14327.97,14327.97,0,0.0,0.0,0
2026-03-10,14327.97,14327.97,0,0.0,0.0,0
2026-03-11,14327.97,14327.97,0,0.0,0.0,0
2026-03-12,14327.97,14327.97,0,0.0,0.0,0
2026-03-13,14327.97,14327.97,0,0.0,0.0,0
2026-03-14,14327.97,14327.97,0,0.0,0.0,0
2026-03-15,14327.97,14327.97,0,0.0,0.0,0
2026-03-16,14327.97,14310.7764,8,11462.4,-17.1936,0
2026-03-17,14176.09,13992.912,6,8596.8,-183.178,0
2026-03-18,13720.46,13720.46,0,0.0,0.0,0
2026-03-19,13720.46,13720.46,0,0.0,0.0,0
2026-03-20,13720.46,13720.46,0,0.0,0.0,0
2026-03-21,13720.46,13720.46,0,0.0,0.0,0
2026-03-22,13720.46,13720.46,0,0.0,0.0,0
2026-03-23,13720.46,13720.46,0,0.0,0.0,0
2026-03-24,13720.46,13720.46,0,0.0,0.0,0
2026-03-25,13720.46,13720.46,0,0.0,0.0,0
2026-03-26,13720.46,13720.46,0,0.0,0.0,0
2026-03-27,13720.46,13720.46,0,0.0,0.0,0
2026-03-28,13720.46,13720.46,0,0.0,0.0,0
2026-03-29,13720.46,13720.46,0,0.0,0.0,0
2026-03-30,13720.46,13720.46,0,0.0,0.0,0
2026-03-31,13720.46,13720.46,0,0.0,0.0,0
2026-04-01,13720.46,13720.46,0,0.0,0.0,0
2026-04-02,13720.46,13720.46,0,0.0,0.0,0
2026-04-03,13720.46,13720.46,0,0.0,0.0,0
2026-04-04,13720.46,13720.46,0,0.0,0.0,0
2026-04-05,13720.46,13720.46,0,0.0,0.0,0
2026-04-06,13720.46,13720.46,0,0.0,0.0,0
2026-04-07,13720.46,13714.2858,3,4116.15,-6.1742,0
2026-04-08,13647.74,13624.5403,2,2744.1,-23.1997,0
2026-04-09,13647.74,13809.4391,2,2744.1,161.6991,0
2026-04-10,13647.74,13880.5899,2,2744.1,232.8499,0
2026-04-11,13647.74,13882.6472,3,4108.87,234.9072,0
2026-04-12,13647.74,13753.7448,3,4108.87,106.0048,0
2026-04-13,13647.74,14094.894,4,5473.64,447.154,0
2026-04-14,13575.41,13981.1928,3,4108.87,405.7828,0
2026-04-15,13575.41,13938.393,6,8181.49,362.983,0
2026-04-16,13575.41,14148.7591,8,10896.57,573.3491,0
2026-04-17,13575.41,14419.6814,8,10896.57,844.2714,0
2026-04-18,13431.51,14915.9547,6,8181.49,1484.4447,0
2026-04-19,13286.84,14711.2405,4,5451.9,1424.4005,0
2026-04-20,13286.84,14589.2476,4,5451.9,1302.4076,0
2026-04-21,13286.84,14707.3697,4,5451.9,1420.5297,0
2026-04-22,13364.78,14587.4308,3,4079.85,1222.6508,0
2026-04-23,13364.78,14744.2436,3,4079.85,1379.4636,0
2026-04-24,13364.78,14491.2249,3,4079.85,1126.4449,0
2026-04-25,13364.78,14326.2879,3,4079.85,961.5079,0
2026-04-26,14720.81,14738.5128,2,2715.08,17.7028,0
2026-04-27,14720.81,14717.1427,2,2715.08,-3.6673,0
2026-04-28,14720.81,14687.903,2,2715.08,-32.907,0
2026-04-29,14720.81,14675.4085,3,4187.16,-45.4015,0
2026-04-30,14686.47,14718.4897,1,1472.08,32.0197,0
2026-05-01,14686.47,14744.9985,2,2940.73,58.5285,0
2026-05-02,14686.47,14755.7028,2,2940.73,69.2328,0
2026-05-03,14686.47,14847.2392,3,4409.38,160.7692,0
2026-05-04,14686.47,14918.3708,3,4409.38,231.9008,0
2026-05-05,14686.47,15354.3697,7,10283.98,667.8997,0
2026-05-06,14686.47,15557.1599,8,11752.63,870.6899,0
2026-05-07,14686.47,15489.3547,8,11752.63,802.8847,0
2026-05-08,14686.47,15980.2703,8,11752.63,1293.8003,0
2026-05-09,14686.47,15913.8138,8,11752.63,1227.3438,0
2026-05-10,14686.47,16241.7682,8,11752.63,1555.2982,0
2026-05-11,14686.47,15990.5693,8,11752.63,1304.0993,0
2026-05-12,14686.47,15766.5985,8,11752.63,1080.1285,0
2026-05-13,14686.47,15467.8651,8,11752.63,781.3951,0
2026-05-14,14842.95,15829.0742,7,10280.55,986.1242,0
2026-05-15,14765.11,15374.03,6,8811.9,608.92,0
2026-05-16,15242.86,15214.1977,5,7343.25,-28.6623,0
2026-05-17,15087.19,15122.7675,3,4405.95,35.5775,0
2026-05-18,15157.39,15158.4921,2,2937.3,1.1021,0
2026-05-19,15157.39,15096.1932,2,2937.3,-61.1968,0
2026-05-20,15134.33,15191.2957,1,1468.65,56.9657,0
2026-05-21,15186.17,15186.17,0,0.0,0.0,0
2026-05-22,15186.17,15186.17,0,0.0,0.0,0
2026-05-23,15186.17,15186.17,0,0.0,0.0,0
2026-05-24,15186.17,15186.17,0,0.0,0.0,0
2026-05-25,15186.17,15186.17,0,0.0,0.0,0
2026-05-26,15186.17,15186.17,0,0.0,0.0,0
2026-05-27,15186.17,15186.17,0,0.0,0.0,0
2026-05-28,15186.17,15186.17,0,0.0,0.0,0
2026-05-29,15186.17,15186.17,0,0.0,0.0,0
2026-05-30,15186.17,15186.17,0,0.0,0.0,0
2026-05-31,15186.17,15186.17,0,0.0,0.0,0
2026-06-01,15186.17,15186.17,0,0.0,0.0,0
2026-06-02,15186.17,15186.17,0,0.0,0.0,0
2026-06-03,15186.17,15186.17,0,0.0,0.0,0
2026-06-04,15186.17,15186.17,0,0.0,0.0,0
2026-06-05,15186.17,15186.17,0,0.0,0.0,0
2026-06-06,15186.17,15186.17,0,0.0,0.0,0
2026-06-07,15186.17,15186.17,0,0.0,0.0,0
2026-06-08,15186.17,15186.17,0,0.0,0.0,0
2026-06-09,15186.17,15186.17,0,0.0,0.0,0
2026-06-10,15186.17,15186.17,0,0.0,0.0,0
2026-06-11,15186.17,15186.17,0,0.0,0.0,0
2026-06-12,15186.17,15186.17,0,0.0,0.0,0
2026-06-13,15186.17,15186.17,0,0.0,0.0,0
2026-06-14,15186.17,15186.17,0,0.0,0.0,0
2026-06-15,15186.17,15186.17,0,0.0,0.0,0
2026-06-16,15186.17,15186.17,0,0.0,0.0,0
2026-06-17,15186.17,15186.17,0,0.0,0.0,0
2026-06-18,15186.17,15186.17,0,0.0,0.0,0
2026-06-19,15186.17,15186.17,0,0.0,0.0,0
2026-06-20,15186.17,15186.17,0,0.0,0.0,0
2026-06-21,15186.17,15186.17,0,0.0,0.0,0
2026-06-22,15186.17,15186.17,0,0.0,0.0,0
2026-06-23,15186.17,15186.17,0,0.0,0.0,0
2026-06-24,15186.17,15186.17,0,0.0,0.0,0
2026-06-25,15186.17,15186.17,0,0.0,0.0,0
2026-06-26,15186.17,15186.17,0,0.0,0.0,0
2026-06-27,15186.17,15186.17,0,0.0,0.0,0
2026-06-28,15186.17,15186.17,0,0.0,0.0,0
2026-06-29,15186.17,15186.17,0,0.0,0.0,0
2026-06-30,15186.17,15186.17,0,0.0,0.0,0
2026-07-01,15186.17,15186.17,0,0.0,0.0,0
2026-07-02,15186.17,15186.17,0,0.0,0.0,0
2026-07-03,15186.17,15186.17,0,0.0,0.0,0
2026-07-04,15186.17,15186.17,0,0.0,0.0,0
2026-07-05,15186.17,15186.17,0,0.0,0.0,0
2026-07-06,15186.17,15186.17,0,0.0,0.0,0
2026-07-07,15186.17,15186.17,0,0.0,0.0,0
2026-07-08,15186.17,15186.17,0,0.0,0.0,0
2026-07-09,15186.17,15186.17,0,0.0,0.0,0
2026-07-10,15186.17,15186.17,0,0.0,0.0,0
2026-07-11,15186.17,15186.17,0,0.0,0.0,0
2026-07-12,15186.17,15186.17,0,0.0,0.0,0
2026-07-13,15186.17,15186.17,0,0.0,0.0,0
2026-07-14,15186.17,15186.17,0,0.0,0.0,0
2026-07-15,15186.17,15186.17,0,0.0,0.0,0
2026-07-16,15186.17,15186.17,0,0.0,0.0,0
2026-07-17,15186.17,15186.17,0,0.0,0.0,0
2026-07-18,15186.17,15186.17,0,0.0,0.0,0
2026-07-19,15186.17,15186.17,0,0.0,0.0,0
2026-07-20,15186.17,15186.17,0,0.0,0.0,0
2026-07-21,15186.17,15181.6141,2,3037.24,-4.5559,0
2026-07-22,15186.17,15231.0216,2,3037.24,44.8516,0
2026-07-23,15186.17,15183.3565,2,3037.24,-2.8135,0
2026-07-24,15186.17,15135.2319,2,3037.24,-50.9381,0
2026-07-25,15186.17,15117.8498,2,3037.24,-68.3202,0
2026-07-26,15186.17,15213.662,4,6074.48,27.492,0
2026-07-27,15025.2,14904.8167,2,3037.24,-120.3833,0
2026-07-28,14944.71,14933.3027,1,1518.62,-11.4073,0
2026-07-29,14864.23,14862.0004,1,1486.42,-2.2296,0
2026-07-30,14864.23,15024.3905,2,2972.84,160.1605,0
2026-07-31,14864.23,14980.6011,2,2972.84,116.3711,0
2026-08-01,14864.23,14852.8193,2,2972.84,-11.4107,0
2026-08-02,14864.23,14914.9725,3,4459.26,50.7425,0
2026-08-03,14864.23,14851.0868,4,5945.68,-13.1432,0
2026-08-04,14785.45,14799.6129,3,4459.26,14.1629,0
2026-08-05,14785.45,14786.3918,3,4459.26,0.9418,0
2026-08-06,14785.45,14869.9409,3,4459.26,84.4909,0
2026-08-07,14785.45,14843.2807,3,4459.26,57.8307,0
2026-08-08,14785.45,14835.8154,3,4459.26,50.3654,0
2026-08-09,14706.67,14767.1417,2,2972.84,60.4717,0
2026-08-10,14706.67,14732.1554,2,2972.84,25.4854,0
2026-08-11,14706.67,14740.9923,4,5914.18,34.3223,0
2026-08-12,14706.67,14677.2381,4,5914.18,-29.4319,0
2026-08-13,14706.67,14704.9163,4,5914.18,-1.7537,0
2026-08-14,14663.56,14680.176,2,2941.34,16.616,0
2026-08-15,14663.56,14757.3555,2,2941.34,93.7955,0
2026-08-16,14663.56,14743.9538,2,2941.34,80.3938,0
2026-08-17,14663.56,14770.0233,2,2941.34,106.4633,0
2026-08-18,14663.56,14776.2056,2,2941.34,112.6456,0
2026-08-19,14663.56,14951.2915,3,4407.7,287.7315,0
2026-08-20,14585.84,14909.7996,3,4399.92,323.9596,0
2026-08-21,14585.84,15257.4944,4,5858.5,671.6544,0
2026-08-22,14508.54,15076.6889,3,4399.92,568.1489,0
2026-08-23,14508.54,15137.0154,3,4399.92,628.4754,0
2026-08-24,14508.54,15137.0749,3,4399.92,628.5349,0
2026-08-25,14508.54,14965.4398,3,4399.92,456.8998,0
2026-08-26,14979.89,15140.0701,1,1458.58,160.1801,0
2026-08-27,14979.89,15126.7997,1,1458.58,146.9097,0
2026-08-28,14979.89,15002.2915,1,1458.58,22.4015,0
2026-08-29,14979.89,15007.7558,1,1458.58,27.8658,0
2026-08-30,14902.58,14902.58,0,0.0,0.0,0
2026-08-31,14902.58,14902.58,0,0.0,0.0,0
