,kapital_start,kapital_ende,gebunden,exposure,n_offen
2022-03-17,100.00000000000001,100.42376774377102,41.55825496514544,0.4155825496514543,77
2022-03-18,100.42376774377102,100.83504162314783,39.55116291872617,0.39384265107081096,76
2022-03-19,100.83504162314783,100.83504162314783,33.4128499830735,0.33136149343744803,66
2022-03-20,100.83504162314783,100.83504162314783,33.4128499830735,0.33136149343744803,66
2022-03-21,100.83504162314783,100.85291305596657,35.722283715999644,0.35426458045710957,68
2022-03-22,100.85291305596657,101.38136789360047,37.487517396445796,0.3717048547288143,68
2022-03-23,101.38136789360047,101.42461177074388,35.58007560871546,0.3509528066937968,50
2022-03-24,101.42461177074388,102.26284328423294,39.380555573100466,0.3882741563962275,55
2022-03-25,102.26284328423294,102.21825190161718,37.02308744085023,0.36203851029202233,52
2022-03-26,102.21825190161718,102.21825190161718,35.138690358027056,0.34376140957533957,49
2022-03-27,102.21825190161718,102.21825190161718,36.238057024693724,0.3545165012171413,50
2022-03-28,102.21825190161718,102.33240450915045,36.71723286781873,0.3592042730603362,52
2022-03-29,102.33240450915045,102.62730654258735,36.85153814510342,0.3601160191814724,47
2022-03-30,102.62730654258735,102.66272479587556,36.277250723652536,0.3534853631630538,44
2022-03-31,102.66272479587556,102.97382397969454,38.708683489944335,0.37704710806097214,46
2022-04-01,102.97382397969454,103.33207808854745,38.2052890167162,0.37101942552167355,53
2022-04-02,103.33207808854745,103.33207808854745,33.537291999467,0.3245583812872532,48
2022-04-03,103.33207808854745,103.67308681087415,33.537291999467,0.3245583812872532,48
2022-04-04,103.67308681087415,103.53377560989905,37.041606552064984,0.357292405305132,62
2022-04-05,103.53377560989905,103.41566626382993,38.11438281948397,0.3681347714304721,70
2022-04-06,103.41566626382993,103.33669997188417,40.86083095450969,0.3951125823651047,82
2022-04-07,103.33669997188417,104.11261676551963,43.23781415765744,0.41841682741389624,85
2022-04-08,104.11261676551963,103.95859030275493,36.66573367829592,0.3521737789078317,77
2022-04-09,103.95859030275493,103.95859030275493,28.23593702354514,0.2716075404765938,68
2022-04-10,103.95859030275493,103.72005679318626,29.389434635565813,0.28270328166220804,69
2022-04-11,103.72005679318626,103.73731481144159,29.03494992973944,0.2799357311154775,70
2022-04-12,103.73731481144159,103.69148347505252,25.347580306603284,0.2443439022176001,66
2022-04-13,103.69148347505252,103.65256232092511,26.154018611093,0.25222918734097854,68
2022-04-14,103.65256232092511,103.69458762879094,27.577563190669693,0.26605770830136444,65
2022-04-15,103.69458762879094,103.69458762879094,27.018072103371026,0.26055431359726455,64
2022-04-16,103.69458762879094,103.69458762879094,27.018072103371026,0.26055431359726455,64
2022-04-17,103.69458762879094,103.59199130723925,28.12536071120649,0.27123267814025664,65
2022-04-18,103.59199130723925,103.47609260494855,38.28210421442857,0.3695469478995653,81
2022-04-19,103.47609260494855,103.24730189451004,40.619402917981304,0.39254867376040403,79
2022-04-20,103.24730189451004,103.11474851914595,40.811122269739144,0.3952754359763971,70
2022-04-21,103.11474851914595,102.6686853729636,38.0854910400442,0.3693505690213911,63
2022-04-22,102.6686853729636,102.62123874613026,35.4174726688734,0.3449686001161179,59
2022-04-23,102.62123874613026,102.62123874613026,34.682170811250245,0.33796289379286093,56
2022-04-24,102.62123874613026,102.55707197457559,35.792574869732334,0.3487833055521563,57
2022-04-25,102.55707197457559,102.26114379573592,50.4314318070182,0.4917401680453631,93
2022-04-26,102.26114379573592,101.7898274379574,45.088907852936,0.44091926003683246,90
2022-04-27,101.7898274379574,101.63222132419918,41.27405046240364,0.405483057602793,86
2022-04-28,101.63222132419918,101.3601445164067,42.344922895538936,0.41664860163256495,88
2022-04-29,101.3601445164067,101.16040586079946,35.69779262070527,0.35218766499417364,75
2022-04-30,101.16040586079946,101.12499661488478,32.37630139742507,0.32004914493894066,72
2022-05-01,101.12499661488478,100.88713969140333,33.39509579780481,0.3302358162243866,73
2022-05-02,100.88713969140333,100.74718044189567,33.90400573673261,0.3360587468376962,79
2022-05-03,100.74718044189567,100.67407027593816,35.09887046528586,0.3483856353233486,76
2022-05-04,100.67407027593816,100.56645994324819,39.492458590578586,0.3922803407305721,79
2022-05-05,100.56645994324819,100.01178793928808,39.856946955612976,0.39632445029988234,76
2022-05-06,100.01178793928808,99.61543559553955,34.3169177937019,0.3431287301306312,75
2022-05-07,99.61543559553955,99.51023029536422,24.943717457544444,0.2504001243223128,62
2022-05-08,99.51023029536422,99.47291720018363,23.931128195512855,0.24048912483149693,61
2022-05-09,99.47291720018363,99.1291075205582,21.939689068364604,0.22055942145752314,61
2022-05-10,99.1291075205582,98.71561114617485,29.655563142557746,0.29916100209423896,68
2022-05-11,98.71561114617485,97.85102196395276,36.82797982532799,0.3730714868471444,75
2022-05-12,97.85102196395276,97.73084947331128,32.30963990703462,0.33019215597908763,76
2022-05-13,97.73084947331128,97.77468513716484,37.08683087417856,0.37947926447018526,77
2022-05-14,97.77468513716484,97.77468513716484,35.43062840669751,0.3623701611208777,74
2022-05-15,97.77468513716484,97.77468513716484,35.43062840669751,0.3623701611208777,74
2022-05-16,97.77468513716484,97.5450684892675,35.64555343907778,0.3645683275693685,75
2022-05-17,97.5450684892675,97.56115051164664,32.835053561486426,0.33661418326954307,66
2022-05-18,97.56115051164664,97.33441479771496,33.642794623804065,0.344838026687558,66
2022-05-19,97.33441479771496,97.41459617319182,32.25473672498147,0.3313805994725998,68
2022-05-20,97.41459617319182,97.19681312142025,31.119760466633807,0.3194568544051293,73
2022-05-21,97.19681312142025,97.19681312142025,26.844629095323715,0.27618836701763927,65
2022-05-22,97.19681312142025,97.41033926882825,26.844629095323715,0.27618836701763927,65
2022-05-23,97.41033926882825,97.33160807145696,24.133867138725805,0.2477546769662956,62
2022-05-24,97.33160807145696,97.19548254996492,27.32264314706602,0.28071706291965126,63
2022-05-25,97.19548254996492,97.22473296462378,21.203553773722774,0.2181536962154876,39
2022-05-26,97.22473296462378,97.68379561113817,25.65910285752704,0.2639153852637823,42
2022-05-27,97.68379561113817,97.68379561113817,23.965035370148364,0.24533276189992567,38
2022-05-28,97.68379561113817,97.68379561113817,23.965035370148364,0.24533276189992567,38
2022-05-29,97.68379561113817,97.68379561113817,23.965035370148364,0.24533276189992567,38
2022-05-30,97.68379561113817,97.68379561113817,26.33194905470356,0.26956312344297484,40
2022-05-31,97.68379561113817,97.55620950095138,32.43255130027329,0.33201567463022746,46
2022-06-01,97.55620950095138,97.35330721366346,30.727393357072245,0.3149711690753277,48
2022-06-02,97.35330721366346,97.25571731055176,26.98294661788816,0.27716517692273246,47
2022-06-03,97.25571731055176,97.36819580234062,27.537838330923393,0.28314878644091473,48
2022-06-04,97.36819580234062,97.3481113678009,25.783740835285695,0.2648065995556414,40
2022-06-05,97.3481113678009,97.37528235238595,24.779225304400267,0.2545424349403075,39
2022-06-06,97.37528235238595,97.7326489294152,25.503015082951404,0.26190440188568564,40
2022-06-07,97.7326489294152,97.66602820687058,24.707261756812628,0.2528045850333678,36
2022-06-08,97.66602820687058,97.6760055485963,24.270862848838192,0.2485087526793763,37
2022-06-09,97.6760055485963,97.6760055485963,25.3061769244622,0.25908284007244475,39
2022-06-10,97.6760055485963,97.42408836716841,30.777248791995362,0.31509528485665705,55
2022-06-11,97.42408836716841,97.3692528074479,24.428416367013106,0.2507430839378057,49
2022-06-12,97.3692528074479,97.3692528074479,25.46110181574039,0.26149016328687325,50
2022-06-13,97.3692528074479,96.78782988001585,37.086599161872506,0.380886143136098,72
2022-06-14,96.78782988001585,96.20855247770966,43.33018939886102,0.4476822081100051,91
2022-06-15,96.20855247770966,95.88379010928362,38.99430528442379,0.40531017544888526,90
2022-06-16,95.88379010928362,95.8425423433102,31.650598200788295,0.3300933157180635,80
2022-06-17,95.8425423433102,95.80842583210932,32.787794184712936,0.3421006307122603,80
2022-06-18,95.80842583210932,95.07314156414468,31.32536591070564,0.32695836131989997,77
2022-06-19,95.07314156414468,95.07314156414468,26.250018802312105,0.2761034122828637,72
2022-06-20,95.07314156414468,95.07314156414468,26.250018802312105,0.2761034122828637,72
2022-06-21,95.07314156414468,95.03859678385074,28.39007047661685,0.29861294167356844,74
2022-06-22,95.03859678385074,94.91033141764883,25.531796992634092,0.2686466115519557,72
2022-06-23,94.91033141764883,94.86796863645155,23.74047492668098,0.2501358342350744,68
2022-06-24,94.86796863645155,94.90082502122755,28.09901456948116,0.29619074776609633,70
2022-06-25,94.90082502122755,94.92516373622566,26.53424205278434,0.27959969838880877,68
2022-06-26,94.92516373622566,94.92516373622566,25.568120815428042,0.2693502945802205,67
2022-06-27,94.92516373622566,94.4456997057995,25.568120815428042,0.2693502945802205,67
2022-06-28,94.4456997057995,94.45903534344902,19.537944980744523,0.20686960911513882,50
2022-06-29,94.45903534344902,94.48599296692738,15.455938270565639,0.16362583223900717,39
2022-06-30,94.48599296692738,94.47476484159624,16.857451774895562,0.17841217777957966,32
2022-07-01,94.47476484159624,94.52084693930948,20.305632770694388,0.21493181596948555,41
2022-07-02,94.52084693930948,94.52084693930948,19.885513747887494,0.2103823060393831,39
2022-07-03,94.52084693930948,94.52084693930948,19.885513747887494,0.2103823060393831,39
2022-07-04,94.52084693930948,94.52084693930948,19.885513747887494,0.2103823060393831,39
2022-07-05,94.52084693930948,94.42233444820134,25.329608633358795,0.2679790697349822,59
2022-07-06,94.42233444820134,94.42233444820134,21.773483987287943,0.23059675567789045,57
2022-07-07,94.42233444820134,94.43466199413783,22.192589359891333,0.2350353810841846,59
2022-07-08,94.43466199413783,94.42581204813028,22.36789277871806,0.23686104557780469,56
2022-07-09,94.42581204813028,94.42581204813028,21.952623682269476,0.2324854105684565,54
2022-07-10,94.42581204813028,94.51808997674699,21.952623682269476,0.2324854105684565,54
2022-07-11,94.51808997674699,94.51149134402452,16.412713980415255,0.17364627220517315,49
2022-07-12,94.51149134402452,94.587540179203,19.19419377621228,0.20308846578607959,54
2022-07-13,94.587540179203,94.6535990478676,27.4161395818115,0.28984937688272283,69
2022-07-14,94.6535990478676,94.6209850068684,30.56609294641163,0.322925839628707,74
2022-07-15,94.6209850068684,94.62524928587567,38.292330060815374,0.404691729409029,83
2022-07-16,94.62524928587567,94.62524928587567,37.792523779074116,0.39939153729358,75
2022-07-17,94.62524928587567,94.57655319044083,38.91996027035207,0.4113062904888061,76
2022-07-18,94.57655319044083,94.58352540368658,37.99911506821967,0.4017815598724988,76
2022-07-19,94.58352540368658,94.80693590916525,35.90688496337478,0.37963149301236804,66
2022-07-20,94.80693590916525,94.92323815754114,33.860602793302135,0.3571532237445587,51
2022-07-21,94.92323815754114,95.13939126151196,34.965986793630755,0.3683606614388649,56
2022-07-22,95.13939126151196,95.14245560405026,30.38745182787643,0.31939926695925247,51
2022-07-23,95.14245560405026,95.6286955413053,30.17745469494704,0.3171817933787109,50
2022-07-24,95.6286955413053,96.01730058694643,22.226036278812057,0.23242015540420993,42
2022-07-25,96.01730058694643,96.02080826815232,21.529480677478475,0.22422501513654727,43
2022-07-26,96.02080826815232,96.0298201275218,27.593406951137805,0.28736903436679195,48
2022-07-27,96.0298201275218,96.08490376876468,26.86383433711112,0.27974471160559883,46
2022-07-28,96.08490376876468,96.07380252921735,26.71736594348302,0.2780599750381216,42
2022-07-29,96.07380252921735,96.06438737653257,36.096354104191185,0.37571484789741505,51
2022-07-30,96.06438737653257,96.06438737653257,31.274514364971203,0.3255578390604634,45
2022-07-31,96.06438737653257,96.06438737653257,31.274514364971203,0.3255578390604634,45
2022-08-01,96.06438737653257,95.95823672561433,32.33123851100977,0.3365580044172324,47
2022-08-02,95.95823672561433,95.91498390091593,33.05774894111907,0.3445014213385905,49
2022-08-03,95.91498390091593,95.90688642813116,29.631100420540307,0.308930880404989,48
2022-08-04,95.90688642813116,96.20291244947963,29.912104394587352,0.31188693021540537,48
2022-08-05,96.20291244947963,97.86200106968285,31.3116419575283,0.3254749898967083,53
2022-08-06,97.86200106968285,97.80120106968285,19.951138074497,0.2038701217675975,41
2022-08-07,97.80120106968285,97.80120106968285,18.803849185608108,0.19226603538550066,40
2022-08-08,97.80120106968285,97.78292715815839,22.410788092649685,0.22914634838361664,44
2022-08-09,97.78292715815839,97.69007715875361,22.403208295174398,0.22911165523750857,41
2022-08-10,97.69007715875361,98.27072782526332,25.366787251523757,0.25966595573776496,43
2022-08-11,98.27072782526332,98.15389561724352,25.462199392794773,0.25910258279626763,42
2022-08-12,98.15389561724352,98.16898664876338,27.200219314675163,0.27711808220780054,41
2022-08-13,98.16898664876338,98.16898664876338,25.280422496979668,0.25751944030378887,38
2022-08-14,98.16898664876338,98.11929282192033,26.415578052535224,0.2690827210740896,39
2022-08-15,98.11929282192033,97.97030849742589,26.333810732939497,0.2683856556195684,39
2022-08-16,97.97030849742589,97.96354823029944,21.973675086744738,0.2242891282446261,36
2022-08-17,97.96354823029944,97.88657836218233,22.196054346775412,0.22657462645794949,37
2022-08-18,97.88657836218233,97.88657836218233,20.399398465721177,0.20839831984159246,33
2022-08-19,97.88657836218233,97.96051537446813,22.955665982709437,0.2345129063330113,38
2022-08-20,97.96051537446813,97.96051537446813,25.45255050606427,0.25982458757764026,30
2022-08-21,97.96051537446813,97.96051537446813,25.45255050606427,0.25982458757764026,30
2022-08-22,97.96051537446813,97.7533916679043,34.151459389182094,0.34862474190374804,52
2022-08-23,97.7533916679043,97.52907443426537,35.28427025715803,0.3609518775269568,63
2022-08-24,97.52907443426537,97.52907443426537,37.42763244919752,0.3837587167345032,80
2022-08-25,97.52907443426537,97.56128510778268,37.95826031367313,0.3891994313886062,81
2022-08-26,97.56128510778268,97.20272916135758,34.90797861572475,0.3578056457247309,74
2022-08-27,97.20272916135758,97.18372592516641,35.05942984000555,0.3606835954349236,74
2022-08-28,97.18372592516641,97.05917657627697,33.879137312390625,0.3486091625924931,73
2022-08-29,97.05917657627697,96.97797628322803,38.307550254750545,0.39468241547099225,78
2022-08-30,96.97797628322803,96.70608742894177,37.18176083018008,0.38340417335157906,78
2022-08-31,96.70608742894177,96.59601243369583,37.329575901911156,0.38601061106251855,82
2022-09-01,96.59601243369583,96.47146025943034,37.95151424369589,0.3928890363848722,84
2022-09-02,96.47146025943034,96.41449311799332,35.153966674998436,0.36439758018032115,81
2022-09-03,96.41449311799332,96.41449311799332,34.70874031638163,0.35999505047342434,79
2022-09-04,96.41449311799332,96.41449311799332,34.70874031638163,0.35999505047342434,79
2022-09-05,96.41449311799332,96.41449311799332,34.70874031638163,0.35999505047342434,79
2022-09-06,96.41449311799332,96.34149600188334,36.005167737428614,0.37344144612537683,85
2022-09-07,96.34149600188334,95.91746872908494,35.251584595220876,0.3659023998810622,78
2022-09-08,95.91746872908494,95.92250569283199,29.685068162400707,0.3094855249594315,61
2022-09-09,95.92250569283199,95.93488215169141,18.99414052418307,0.19801547496066346,34
2022-09-10,95.93488215169141,95.93488215169141,20.850913616397495,0.21734444394717878,34
2022-09-11,95.93488215169141,95.93488215169141,20.850913616397495,0.21734444394717878,34
2022-09-12,95.93488215169141,95.86445994024416,23.9234625726573,0.2493718868057786,37
2022-09-13,95.86445994024416,95.65445795245117,23.208499240654913,0.24209701129200148,39
2022-09-14,95.65445795245117,95.57305403351151,24.358571078884623,0.25465170782728197,51
2022-09-15,95.57305403351151,95.84638333896952,27.31287529487442,0.28578008279716055,62
2022-09-16,95.84638333896952,95.73346376583945,31.016151828800204,0.3236027354220424,72
2022-09-17,95.73346376583945,95.75046913551702,28.092617970571244,0.29344616673731516,69
2022-09-18,95.75046913551702,95.67719444309151,25.809268084326234,0.26954717107232135,67
2022-09-19,95.67719444309151,95.59230877199406,34.26811053346009,0.35816383133853963,76
2022-09-20,95.59230877199406,95.45817020282851,32.52407350576116,0.34023734674446765,76
2022-09-21,95.45817020282851,95.20977016054209,30.807442806645614,0.32273238363134643,72
2022-09-22,95.20977016054209,95.09355729832056,25.72665326591549,0.270210223410217,67
2022-09-23,95.09355729832056,94.90053134995838,24.636981208766628,0.2590814973035165,66
2022-09-24,94.90053134995838,94.90053134995838,20.735135153754303,0.21849335149969523,62
2022-09-25,94.90053134995838,94.90053134995838,20.735135153754303,0.21849335149969523,62
2022-09-26,94.90053134995838,94.90053134995838,20.735135153754303,0.21849335149969523,62
2022-09-27,94.90053134995838,94.89094065957136,21.688834400336255,0.22854281310982108,65
2022-09-28,94.89094065957136,94.7092758056608,26.655201106337632,0.2809035395904151,72
2022-09-29,94.7092758056608,94.55848252808771,23.357344945666984,0.24662151354208656,66
2022-09-30,94.55848252808771,94.33385764299081,21.302604991005754,0.225284970966809,58
2022-10-01,94.33385764299081,94.46978307885183,19.403648294376367,0.20569124150323664,49
2022-10-02,94.46978307885183,94.43752341073507,18.259575911437533,0.1932848294591369,48
2022-10-03,94.43752341073507,94.24361038307826,26.726233113092142,0.28300438372205416,62
2022-10-04,94.24361038307826,94.1869713598108,26.757239810077756,0.2839156914863069,60
2022-10-05,94.1869713598108,94.19352109958729,27.413057326014304,0.2910493556618527,56
2022-10-06,94.19352109958729,94.18215262268951,29.235666753237524,0.3103787438026417,56
2022-10-07,94.18215262268951,93.910593431748,28.787516403649065,0.30565787255868937,54
2022-10-08,93.910593431748,93.95543965890047,23.793325652242437,0.2533614662922439,49
2022-10-09,93.95543965890047,93.95037163686104,23.806476314764353,0.25338050038605875,49
2022-10-10,93.95037163686104,93.79214090432166,25.28439971198089,0.26912506328033153,61
2022-10-11,93.79214090432166,93.64362071631191,25.276544473144973,0.26949533542399723,66
2022-10-12,93.64362071631191,93.59980763559268,25.641213733589183,0.2738169833401444,69
2022-10-13,93.59980763559268,93.47131433619974,35.83382781432243,0.38284082755631754,85
2022-10-14,93.47131433619974,93.47131433619974,30.28738752319962,0.32402868985303085,70
2022-10-15,93.47131433619974,93.47131433619974,31.40214829045054,0.3359549238550619,71
2022-10-16,93.47131433619974,93.45325135106773,33.631669824952375,0.359807391859124,73
2022-10-17,93.45325135106773,93.4569622577027,34.804788445513566,0.3724299362765393,74
2022-10-18,93.4569622577027,93.4569622577027,35.58106853938676,0.3807214324094316,69
2022-10-19,93.4569622577027,93.20262169483313,38.84034714328506,0.4155960797889496,74
2022-10-20,93.20262169483313,93.20560806427885,35.47754894433564,0.3806496888091551,70
2022-10-21,93.20560806427885,93.04601051393806,37.894314569810035,0.4065668939542391,73
2022-10-22,93.04601051393806,93.04601051393806,31.76717769575088,0.3414136460046531,65
2022-10-23,93.04601051393806,93.15006410282906,31.76717769575088,0.3414136460046531,65
2022-10-24,93.15006410282906,93.2324894589926,31.64825811772512,0.33975562360094963,65
2022-10-25,93.2324894589926,93.40760924247385,33.80990402914351,0.3626407942696249,57
2022-10-26,93.40760924247385,94.0588751693211,30.758598102949698,0.3292943514173928,49
2022-10-27,94.0588751693211,94.12178386041252,27.846340734566958,0.2960522405189204,42
2022-10-28,94.12178386041252,94.13681785867713,25.455545364578008,0.2704532821257393,30
2022-10-29,94.13681785867713,94.13681785867713,23.260377536517968,0.24709118138492425,28
2022-10-30,94.13681785867713,94.16277837119806,23.260377536517968,0.24709118138492425,28
2022-10-31,94.16277837119806,94.4189753711782,22.141713314769827,0.23514294817730655,27
2022-11-01,94.4189753711782,94.50720843684448,21.04457122759551,0.22288497777978913,27
2022-11-02,94.50720843684448,94.59028876698568,19.84655216792907,0.21000040627791638,26
2022-11-03,94.59028876698568,94.59028876698568,20.98463095478125,0.2218476254626405,28
2022-11-04,94.59028876698568,94.64676467793947,26.665872869505066,0.28190920248899914,38
2022-11-05,94.64676467793947,94.64676467793947,29.58379133763298,0.3125705504916055,39
2022-11-06,94.64676467793947,94.28083834142438,31.771816315838787,0.3356883505099277,41
2022-11-07,94.28083834142438,94.46032795419009,25.719616588218088,0.272797919923858,38
2022-11-08,94.46032795419009,94.56450491464375,28.08251516106303,0.2972942797179579,42
2022-11-09,94.56450491464375,94.29127596233872,24.326848229602277,0.25725136774691826,39
2022-11-10,94.29127596233872,94.2935075961349,26.016337921798787,0.27591458124068746,42
2022-11-11,94.2935075961349,94.32562471296751,28.23295192059258,0.29941565056118297,51
2022-11-12,94.32562471296751,94.1031572318646,30.245093264527725,0.32064556536533334,52
2022-11-13,94.1031572318646,93.93793367118934,29.188237394996612,0.3101727747888259,51
2022-11-14,93.93793367118934,93.86109693627,32.009141587797885,0.3407477718196292,55
2022-11-15,93.86109693627,93.90698308799622,33.563091806396386,0.3575825651087918,59
2022-11-16,93.90698308799622,93.94456939157837,32.1165071818325,0.3420033966136203,57
2022-11-17,93.94456939157837,93.77090100373735,31.82901339507734,0.3388063152688275,57
2022-11-18,93.77090100373735,93.79970266920057,28.04645241089918,0.29909547749553306,52
2022-11-19,93.79970266920057,93.79970266920057,25.16114354795049,0.26824331881610786,44
2022-11-20,93.79970266920057,94.01301494257805,28.35622645892049,0.3023061443907044,47
2022-11-21,94.01301494257805,93.68698864671836,28.201081145800277,0.2999699686583303,50
2022-11-22,93.68698864671836,93.618626495688,26.806607976030953,0.2861294653958325,48
2022-11-23,93.618626495688,93.7000285802581,26.590957883499968,0.2840349071423807,46
2022-11-24,93.7000285802581,93.7000285802581,28.668527304200857,0.30596071034967753,47
2022-11-25,93.7000285802581,93.6011385360911,28.668527304200857,0.30596071034967753,47
2022-11-26,93.6011385360911,93.6011385360911,26.24888035938781,0.2804333448280297,44
2022-11-27,93.6011385360911,93.6011385360911,26.24888035938781,0.2804333448280297,44
2022-11-28,93.6011385360911,93.61658734921755,27.745381989448532,0.29642141563000707,48
2022-11-29,93.61658734921755,93.61030026956342,25.58300726359454,0.273274298796669,46
2022-11-30,93.61030026956342,93.80568452879174,30.387415306012976,0.32461615034358754,58
2022-12-01,93.80568452879174,93.93007963328253,28.64069796005601,0.3053194281767149,54
2022-12-02,93.93007963328253,94.45707540556768,29.52499477220998,0.3143294979359125,57
2022-12-03,94.45707540556768,94.45707540556768,21.88375497109459,0.23167936205025327,48
2022-12-04,94.45707540556768,94.45707540556768,21.88375497109459,0.23167936205025327,48
2022-12-05,94.45707540556768,94.45021377342087,26.165303125716918,0.2770073391894857,55
2022-12-06,94.45021377342087,94.4225567174837,30.88197946750477,0.3269656915926985,68
2022-12-07,94.4225567174837,94.282035804623,34.91717947008494,0.3697970133827092,80
2022-12-08,94.282035804623,94.282035804623,34.252405780683965,0.36329726536308454,80
2022-12-09,94.282035804623,94.36382860807012,36.38848921555095,0.3859535796507131,84
2022-12-10,94.36382860807012,94.36382860807012,37.09713245178757,0.39312873374252827,84
2022-12-11,94.36382860807012,94.33421317504488,38.19497185317036,0.40476284627883224,85
2022-12-12,94.33421317504488,94.27195870818514,47.14124713102915,0.49972587404269425,95
2022-12-13,94.27195870818514,94.24609162454959,43.002355964644224,0.45615214273585,85
2022-12-14,94.24609162454959,94.22489132827914,37.78333923315313,0.40090086052238133,75
2022-12-15,94.22489132827914,94.09253633010317,43.05089948609819,0.4568951885135004,84
2022-12-16,94.09253633010317,93.72216029937803,43.63044301379834,0.46369717211926814,90
2022-12-17,93.72216029937803,93.42155966535185,38.59877340162991,0.4118425490655924,83
2022-12-18,93.42155966535185,93.42155966535185,36.46888296198053,0.39036902287455705,81
2022-12-19,93.42155966535185,93.29287360058089,42.49766855542312,0.4549021522189876,91
2022-12-20,93.29287360058089,93.27174752469341,42.09360611116932,0.4511985158843604,98
2022-12-21,93.27174752469341,93.21301796070324,43.24521764932337,0.46364755455958767,92
2022-12-22,93.21301796070324,93.00113710629421,33.603822337646776,0.36050567906527264,77
2022-12-23,93.00113710629421,92.98254675872732,29.573013515384382,0.31798550464586645,71
2022-12-24,92.98254675872732,92.98254675872732,27.539780543718955,0.2961822568183644,68
2022-12-25,92.98254675872732,92.98254675872732,27.539780543718955,0.2961822568183644,68
2022-12-26,92.98254675872732,92.98254675872732,28.568117694740153,0.3072417210605038,69
2022-12-27,92.98254675872732,92.9430365951344,30.56234832035013,0.3286890861319794,71
2022-12-28,92.9430365951344,92.89160916064296,28.42059923930968,0.3057851376549226,69
2022-12-29,92.89160916064296,92.85405411108317,28.560525440704644,0.3074607674339373,70
2022-12-30,92.85405411108317,92.86683426542547,30.804139227644818,0.33174791906008977,70
2022-12-31,92.86683426542547,92.86683426542547,27.271010817107104,0.29365716009186893,55
2023-01-01,92.86683426542547,92.83676049831772,28.290768894275757,0.3046380240917556,56
2023-01-02,92.83676049831772,92.79994099368753,28.284081917533157,0.3046646798715654,56
2023-01-03,92.79994099368753,92.7846738621609,32.908417466958184,0.35461679301279614,68
2023-01-04,92.7846738621609,92.80818359275554,37.593991472202184,0.4051745822596853,72
2023-01-05,92.80818359275554,92.67397810770603,40.121262574098225,0.43230306876978924,80
2023-01-06,92.67397810770603,92.63220219238971,39.75587029774602,0.428986335857317,82
2023-01-07,92.63220219238971,92.63220219238971,34.21263561355551,0.3693384676583483,73
2023-01-08,92.63220219238971,93.1405064420751,34.21263561355551,0.3693384676583483,73
2023-01-09,93.1405064420751,93.53849616811806,34.91066885768274,0.37481725396666155,75
2023-01-10,93.53849616811806,93.93625963882118,29.082119175286678,0.31091069844673336,58
2023-01-11,93.93625963882118,94.17016375225953,30.65755228523131,0.3263654780710623,61
2023-01-12,94.17016375225953,94.42401380979697,29.318388448161492,0.3113341559572049,60
2023-01-13,94.42401380979697,94.57785433869248,32.8196077546162,0.34757691852335765,68
2023-01-14,94.57785433869248,94.69848913623065,30.67104594491743,0.3242941612428787,65
2023-01-15,94.69848913623065,94.69848913623065,29.61936901352201,0.3127755182124648,64
2023-01-16,94.69848913623065,94.69848913623065,29.61936901352201,0.3127755182124648,64
2023-01-17,94.69848913623065,94.7312300378039,29.61936901352201,0.3127755182124648,64
2023-01-18,94.7312300378039,94.69203296416524,35.68983784698596,0.37674838416796025,72
2023-01-19,94.69203296416524,94.7367774074329,43.78806291198269,0.46242605149847843,88
2023-01-20,94.7367774074329,94.93158345727034,44.83095112281499,0.4732159183546138,98
2023-01-21,94.93158345727034,94.93158345727034,41.803393858516145,0.4403528555628936,91
2023-01-22,94.93158345727034,94.93158345727034,46.058355503113106,0.48517420468230615,95
2023-01-23,94.93158345727034,95.22684560945609,46.82383329709217,0.49323767277270847,97
2023-01-24,95.22684560945609,95.17442426626056,42.03096047487257,0.4413772209493293,87
2023-01-25,95.17442426626056,95.53314731248074,35.00368150145314,0.36778453635323943,77
2023-01-26,95.53314731248074,95.94442680159139,33.88086463047703,0.3546503552285954,77
2023-01-27,95.94442680159139,95.90602105258964,27.957452395890375,0.2913921457231183,70
2023-01-28,95.90602105258964,95.90602105258964,26.24982477319662,0.2737036161556807,67
2023-01-29,95.90602105258964,95.90602105258964,27.295401937573665,0.2846057175347349,68
2023-01-30,95.90602105258964,95.84406831575373,27.511909823733255,0.28686321798969455,69
2023-01-31,95.84406831575373,95.76109967763414,28.39519164689101,0.2962644652493715,69
2023-02-01,95.76109967763414,95.69427812061156,32.01170434218378,0.33428714216886135,74
2023-02-02,95.69427812061156,95.6652049227159,37.57586096782635,0.39266570275462376,83
2023-02-03,95.6652049227159,95.68480735818984,38.287050981022595,0.4002191916272293,79
2023-02-04,95.68480735818984,95.68480735818984,35.31936388829069,0.36912196265468716,65
2023-02-05,95.68480735818984,95.59527230215986,37.53706228872414,0.39229908409813263,67
2023-02-06,95.59527230215986,95.69708649377475,39.58284027454312,0.41406692319918,72
2023-02-07,95.69708649377475,95.87315036989196,37.48474817053013,0.3917020835631038,75
2023-02-08,95.87315036989196,95.88256415361212,29.939897832095035,0.31228657571575297,57
2023-02-09,95.88256415361212,95.96263724720474,38.41984455127473,0.40069688259194686,66
2023-02-10,95.96263724720474,96.51006200297181,44.79469039103221,0.466793031913439,84
2023-02-11,96.51006200297181,96.43753944852789,41.42487819312647,0.42922859371752226,80
2023-02-12,96.43753944852789,96.43753944852789,43.7448125408824,0.45360772154738094,82
2023-02-13,96.43753944852789,96.34070557907043,47.86381551731337,0.49631933571739434,88
2023-02-14,96.34070557907043,96.36210248439276,37.79309613165019,0.39228585575005964,79
2023-02-15,96.36210248439276,96.55772995457333,40.39526668015249,0.4192028363712289,80
2023-02-16,96.55772995457333,96.4929056827443,40.71535757874019,0.42166854583154745,82
2023-02-17,96.4929056827443,96.41861830469233,43.65632287517483,0.4524303892216797,90
2023-02-18,96.41861830469233,96.41861830469233,41.764783338524964,0.43316098148745646,85
2023-02-19,96.41861830469233,96.53898388605916,41.764783338524964,0.43316098148745646,85
2023-02-20,96.53898388605916,96.89436908236188,41.69025769891682,0.431848938332747,85
2023-02-21,96.89436908236188,96.83380688828638,45.21816105914289,0.4666748077043226,93
2023-02-22,96.83380688828638,96.73772497045849,46.54580457802079,0.48067721463970725,100
2023-02-23,96.73772497045849,97.40811883174834,43.77471455125939,0.45250924150456506,93
2023-02-24,97.40811883174834,98.33971356596822,43.055597418492425,0.4420124106170426,92
2023-02-25,98.33971356596822,98.31020390234666,43.90487413887968,0.4464612774108542,88
2023-02-26,98.31020390234666,98.3520857229188,42.675328325626374,0.4340884936828792,87
2023-02-27,98.3520857229188,98.33414919286777,41.82961258226249,0.42530478408059846,90
2023-02-28,98.33414919286777,98.23133492885361,38.10733369269739,0.38752899176414835,77
2023-03-01,98.23133492885361,98.1068051637183,37.152363191171844,0.37821295229348484,82
2023-03-02,98.1068051637183,98.04199116822473,36.19416570410355,0.3689261478212809,84
2023-03-03,98.04199116822473,97.88203823822117,43.97301752046384,0.448512081369431,86
2023-03-04,97.88203823822117,97.73134034231542,39.126718551866695,0.39973338577851986,77
2023-03-05,97.73134034231542,97.65628228666598,37.931606555583194,0.38812121498306806,76
2023-03-06,97.65628228666598,97.6427830448326,37.83711209241678,0.38745189972875993,76
2023-03-07,97.6427830448326,97.50559865787419,38.78050621780058,0.39716715366454214,72
2023-03-08,97.50559865787419,97.26251585439373,36.25577546175955,0.3718327558704924,77
2023-03-09,97.26251585439373,97.19241314722954,32.73607909279957,0.3365744635045933,72
2023-03-10,97.19241314722954,97.04062664070595,47.09308204260386,0.4845345487128307,94
2023-03-11,97.04062664070595,96.98412227483878,45.64101190118175,0.47032890739842526,91
2023-03-12,96.98412227483878,96.94928888516219,44.473082641639266,0.4585604488496485,90
2023-03-13,96.94928888516219,96.84158888339967,49.87966438875267,0.5144923182245911,99
2023-03-14,96.84158888339967,96.86069668156453,50.51575491549596,0.5216328593732443,99
2023-03-15,96.86069668156453,96.62057349918479,49.190415599795685,0.5078470141662534,96
2023-03-16,96.62057349918479,96.6640004271553,46.690196430692424,0.4832324497751647,96
2023-03-17,96.6640004271553,96.648592944062,45.74338829688509,0.473220517408202,90
2023-03-18,96.648592944062,96.648592944062,45.315893019520374,0.4688727651291124,88
2023-03-19,96.648592944062,96.648592944062,45.315893019520374,0.4688727651291124,88
2023-03-20,96.648592944062,97.4930569881493,46.503235103560755,0.48115791122252305,89
2023-03-21,97.4930569881493,97.46434637998581,39.00913992046656,0.4001222356296437,79
2023-03-22,97.46434637998581,97.57013712795005,36.10894701899631,0.37048365233187713,73
2023-03-23,97.57013712795005,97.55008315085861,30.920359583592997,0.3169039266906546,62
2023-03-24,97.55008315085861,97.59985717522703,29.602354110301594,0.30345801002057926,63
2023-03-25,97.59985717522703,97.59985717522703,21.85357210697164,0.2239098779390279,49
2023-03-26,97.59985717522703,97.59985717522703,21.85357210697164,0.2239098779390279,49
2023-03-27,97.59985717522703,97.5774403388699,26.420705802692737,0.2707043490366796,53
2023-03-28,97.5774403388699,97.58264894145408,26.01598779933552,0.26661887941502055,52
2023-03-29,97.58264894145408,97.6072293880219,29.26324971806316,0.2998816903978494,52
2023-03-30,97.6072293880219,97.63264861620212,29.707261233357148,0.3043551325000804,48
2023-03-31,97.63264861620212,97.75438020833393,28.199451437254897,0.2888321871519442,37
2023-04-01,97.75438020833393,97.89278534910302,28.855644102770526,0.295185177802503,36
2023-04-02,97.89278534910302,97.77791868243635,27.58704587525419,0.2818087745371009,35
2023-04-03,97.77791868243635,97.73390512190595,29.923129680510453,0.30603156708310547,37
2023-04-04,97.73390512190595,97.86725265059958,30.738702415972224,0.31451421466921914,39
2023-04-05,97.86725265059958,97.89898634537279,33.78782466749308,0.345241372904587,50
2023-04-06,97.89898634537279,97.9701044910906,33.44139569384587,0.341590826853607,55
2023-04-07,97.9701044910906,98.05725847970768,31.02138469036555,0.316641335145117,52
2023-04-08,98.05725847970768,98.05725847970768,33.13280792418475,0.3378924562840126,54
2023-04-09,98.05725847970768,98.08189564277635,35.226098939896865,0.3592400958995471,56
2023-04-10,98.08189564277635,98.18773526506253,35.1670970824463,0.35854830141668786,58
2023-04-11,98.18773526506253,98.22833733708896,38.51906014912366,0.39230011818828087,57
2023-04-12,98.22833733708896,98.23800089985565,43.17064427582471,0.4394927721078751,63
2023-04-13,98.23800089985565,98.37746932234475,43.81099201703291,0.4459678700271402,66
2023-04-14,98.37746932234475,98.4943388908743,46.43613046311107,0.4720199735059042,67
2023-04-15,98.4943388908743,98.4943388908743,44.328673534201,0.45006316132863694,64
2023-04-16,98.4943388908743,98.4943388908743,44.328673534201,0.45006316132863694,64
2023-04-17,98.4943388908743,98.4000262402394,47.80568563870852,0.4853648055008957,73
2023-04-18,98.4000262402394,98.77075957835348,45.61918886018261,0.4636095192577016,70
2023-04-19,98.77075957835348,98.59546563694309,48.73983456633821,0.49346420716420203,81
2023-04-20,98.59546563694309,98.57495190985131,54.301690728024695,0.5507524141929525,96
2023-04-21,98.57495190985131,98.4069771166695,52.659068376158665,0.5342033382305517,94
2023-04-22,98.4069771166695,98.40718865547682,47.87471525806214,0.4864971637255228,86
2023-04-23,98.40718865547682,98.3835080612126,51.838646951241074,0.5267770338682063,89
2023-04-24,98.3835080612126,98.31067058748658,58.328228032798684,0.5928659099704782,101
2023-04-25,98.31067058748658,98.07624554689149,62.03121149507954,0.6309712986839817,105
2023-04-26,98.07624554689149,97.98977872198724,58.446397060577276,0.5959281652215502,106
2023-04-27,97.98977872198724,98.1008516350921,56.31884206076916,0.5747420067204639,106
2023-04-28,98.1008516350921,98.08257728691419,54.61068953275426,0.5566790565273668,98
2023-04-29,98.08257728691419,98.05666617580307,51.74105619970266,0.5275254548863263,92
2023-04-30,98.05666617580307,98.13113870349413,50.674589533036,0.5167888274131505,91
2023-05-01,98.13113870349413,97.6401317444979,51.96592807338568,0.5295559468682223,93
2023-05-02,97.6401317444979,97.5309452656297,46.899656349317226,0.48033176022378793,86
2023-05-03,97.5309452656297,97.44207645383779,47.25593641314123,0.4845224895999692,88
2023-05-04,97.44207645383779,97.17226584896154,48.17769983827967,0.49442398593695175,88
2023-05-05,97.17226584896154,97.13832487645777,43.78030111465375,0.4505431743528868,76
2023-05-06,97.13832487645777,97.2030322471867,39.586609869930726,0.4075282327575411,64
2023-05-07,97.2030322471867,97.39310172646367,35.520068939100014,0.36542140834426545,61
2023-05-08,97.39310172646367,97.3055020557312,41.768278900835,0.4288628060963143,69
2023-05-09,97.3055020557312,97.3491524283336,34.32893278923562,0.35279539249048747,58
2023-05-10,97.3491524283336,97.83300788730986,42.17453634947188,0.4332296203659286,67
2023-05-11,97.83300788730986,97.68418195588572,47.254676053694666,0.48301362775358536,76
2023-05-12,97.68418195588572,97.28522815267259,44.6501389169726,0.45708668510052786,77
2023-05-13,97.28522815267259,97.27133014943341,36.3014101992617,0.3731441133312945,69
2023-05-14,97.27133014943341,97.27133014943341,35.223895135726394,0.3621200109180533,68
2023-05-15,97.27133014943341,97.27481251553552,37.83969005267322,0.38901174677617617,74
2023-05-16,97.27481251553552,97.36707011878482,37.2093884357941,0.3825182230996485,76
2023-05-17,97.36707011878482,97.35459731389231,40.55264584769707,0.41649241163592676,82
2023-05-18,97.35459731389231,97.76423901938752,43.810157772861956,0.4500060498592431,90
2023-05-19,97.76423901938752,97.78027451870113,41.58591946373334,0.4253694385682937,82
2023-05-20,97.78027451870113,97.78027451870113,39.15264254235159,0.4004145287489798,77
2023-05-21,97.78027451870113,97.77741874480228,39.15264254235159,0.4004145287489798,77
2023-05-22,97.77741874480228,97.79480587215238,38.67302493296621,0.39552102550285434,78
2023-05-23,97.79480587215238,97.85292765571474,37.77442373988018,0.3862620657917442,80
2023-05-24,97.85292765571474,97.6848143152714,44.42716622465179,0.45401979571795864,94
2023-05-25,97.6848143152714,97.67586015005399,54.084168669115584,0.5536599424201436,107
2023-05-26,97.67586015005399,97.7186005394495,53.05378124048631,0.5431616487326831,102
2023-05-27,97.7186005394495,97.7186005394495,48.43492639573028,0.4956571842857784,90
2023-05-28,97.7186005394495,97.7186005394495,53.40561293357848,0.5465245371787572,95
2023-05-29,97.7186005394495,97.7186005394495,53.40561293357848,0.5465245371787572,95
2023-05-30,97.7186005394495,97.63214397960216,56.34437013852948,0.5765982098339913,104
2023-05-31,97.63214397960216,97.49528353959067,52.73960712169573,0.5401869197168749,100
2023-06-01,97.49528353959067,97.41150947504393,46.50550280764833,0.4770025904767329,93
2023-06-02,97.41150947504393,97.46562966754585,41.88557382951776,0.4299858821123034,81
2023-06-03,97.46562966754585,97.50009874098355,38.00184040152097,0.38989991170369304,71
2023-06-04,97.50009874098355,97.67388962335541,36.77492707120324,0.377178357212731,70
2023-06-05,97.67388962335541,97.65195696582539,35.04159296030734,0.35876110898657537,69
2023-06-06,97.65195696582539,97.74495687502687,34.4814713020934,0.35310578890047895,67
2023-06-07,97.74495687502687,97.69742266319219,38.64156999181651,0.39533057486763445,73
2023-06-08,97.69742266319219,97.71076804898048,40.39233837863027,0.4134432339927859,75
2023-06-09,97.71076804898048,98.1185268766955,36.428393761709565,0.37281862059920284,65
2023-06-10,98.1185268766955,98.06273939234202,36.564956921985186,0.3726610874206864,58
2023-06-11,98.06273939234202,98.06273939234202,32.70133170095246,0.33347356910066284,55
2023-06-12,98.06273939234202,98.11839255884355,36.16713833251667,0.3688163165401135,58
2023-06-13,98.11839255884355,98.09772054881952,37.281175696178465,0.3799611339313391,55
2023-06-14,98.09772054881952,97.78668442341953,36.006958580848476,0.367051939427371,49
2023-06-15,97.78668442341953,97.78952224736656,34.770466104652876,0.3555746501650023,43
2023-06-16,97.78952224736656,98.10309143765106,37.55058031002565,0.3839939028952243,41
2023-06-17,98.10309143765106,98.10309143765106,33.15500278785447,0.33796083591235215,35
2023-06-18,98.10309143765106,98.11496771227912,34.133788637165964,0.3479379511588534,36
2023-06-19,98.11496771227912,98.11496771227912,34.03228645091271,0.34686131223843386,36
2023-06-20,98.11496771227912,98.72300724150072,38.033925421948815,0.38764651621231544,46
2023-06-21,98.72300724150072,98.76266249688429,38.99391778823514,0.39498308325278664,52
2023-06-22,98.76266249688429,98.85338113883361,46.415769077819654,0.4699728409942771,76
2023-06-23,98.85338113883361,98.88496794342696,48.985174392691185,0.4955336259454238,86
2023-06-24,98.88496794342696,98.88496794342696,48.57240035833677,0.4912010527841351,83
2023-06-25,98.88496794342696,99.45887272769438,48.57240035833677,0.4912010527841351,83
2023-06-26,99.45887272769438,99.7881340653557,47.675082034853,0.4793446851683233,89
2023-06-27,99.7881340653557,100.04910721209494,48.94561204196209,0.49049531289868015,93
2023-06-28,100.04910721209494,100.04152861485328,37.3225171532006,0.3730419810151857,76
2023-06-29,100.04152861485328,100.05523722245839,34.30489152171091,0.34290651089289353,73
2023-06-30,100.05523722245839,100.07386453312448,35.93045061467448,0.3591061458860799,73
2023-07-01,100.07386453312448,100.0295448504575,36.39916315369732,0.36372296926386,73
2023-07-02,100.0295448504575,99.98540657350107,36.394730051644935,0.3638398045902783,73
2023-07-03,99.98540657350107,99.98540657350107,38.65026368129963,0.38655904902369054,75
2023-07-04,99.98540657350107,99.94146104011217,40.69434322815723,0.40700282794011633,77
2023-07-05,99.94146104011217,99.95778216058325,39.67230345472843,0.39695540811441293,76
2023-07-06,99.95778216058325,99.7845020995566,39.40470956579738,0.3942135240905335,74
2023-07-07,99.7845020995566,99.79494269665271,37.22975386396592,0.3731015646780619,74
2023-07-08,99.79494269665271,99.85352719412523,33.53851545866224,0.33607429948238426,57
2023-07-09,99.85352719412523,99.85352719412523,32.30500916884961,0.3235239663196418,56
2023-07-10,99.85352719412523,99.92477220440684,36.26446434287303,0.3631765983826619,61
2023-07-11,99.92477220440684,99.75396158297943,33.570710908109454,0.3359598442660141,58
2023-07-12,99.75396158297943,99.78933993021194,29.88378648748001,0.29957493430094456,51
2023-07-13,99.78933993021194,99.79612358926617,35.91248342889403,0.3598829639920413,52
2023-07-14,99.79612358926617,99.44884355941385,39.74957322596949,0.3983077878813006,55
2023-07-15,99.44884355941385,99.45318800385829,29.192835974747766,0.29354625885928026,45
2023-07-16,99.45318800385829,99.36714500775705,28.1595693080811,0.28314395821065735,44
2023-07-17,99.36714500775705,99.23600834044078,30.103662841946512,0.3029538872189242,48
2023-07-18,99.23600834044078,99.21276257594718,29.435871660327386,0.2966249061464078,51
2023-07-19,99.21276257594718,99.2950276508247,33.59411885287929,0.33860682820078775,56
2023-07-20,99.2950276508247,99.36198333807116,32.8262691838308,0.3305932830721979,57
2023-07-21,99.36198333807116,99.58477215630708,30.554958144918377,0.3075115564164776,53
2023-07-22,99.58477215630708,99.58477215630708,29.773108714201094,0.2989725042245372,49
2023-07-23,99.58477215630708,99.58965523852626,29.773108714201094,0.2989725042245372,49
2023-07-24,99.58965523852626,100.12186830436468,32.60041694667522,0.32734742246666343,54
2023-07-25,100.12186830436468,100.21270926091714,33.32972058451448,0.33289151659849237,57
2023-07-26,100.21270926091714,100.32846179957278,35.25496671598085,0.35180135310172933,55
2023-07-27,100.32846179957278,100.32846179957278,37.24983126648935,0.3712788036250743,60
2023-07-28,100.32846179957278,100.33517361146104,38.617041401692816,0.3849061443684693,63
2023-07-29,100.33517361146104,100.33517361146104,36.735514664581366,0.3661279822650863,60
2023-07-30,100.33517361146104,100.25171416068866,40.298194770232975,0.40163577058514016,63
2023-07-31,100.25171416068866,100.23279715503143,41.13576131531535,0.41032476760827064,67
2023-08-01,100.23279715503143,100.33645889446538,44.92914642647362,0.44824795577620263,71
2023-08-02,100.33645889446538,100.19148130259745,45.82415338149336,0.4567049095253754,81
2023-08-03,100.19148130259745,100.17198687334867,53.682432386238126,0.5357983701638955,98
2023-08-04,100.17198687334867,100.38404656786739,56.24389146489987,0.561473254354146,103
2023-08-05,100.38404656786739,100.3929167597011,51.73684656214624,0.515389131351346,95
2023-08-06,100.3929167597011,100.41631578264276,47.195592798258126,0.47010879175096343,91
2023-08-07,100.41631578264276,100.36750948072365,52.08652327998903,0.5187057787773601,97
2023-08-08,100.36750948072365,100.25336652768789,46.07189825195265,0.4590319964131531,93
2023-08-09,100.25336652768789,100.3478354403918,48.2393216751808,0.48117408268637146,93
2023-08-10,100.3478354403918,100.30004573195113,44.65284951233041,0.44498069456470646,86
2023-08-11,100.30004573195113,100.26779320512146,48.427436557250054,0.4828256677636113,95
2023-08-12,100.26779320512146,100.26779320512146,45.26000646043947,0.4513912694562793,90
2023-08-13,100.26779320512146,100.26779320512146,45.26000646043947,0.4513912694562793,90
2023-08-14,100.26779320512146,100.23145391741325,49.5371263791597,0.49404823618507093,98
2023-08-15,100.23145391741325,100.09589619438626,51.56537946356363,0.5144630497533386,96
2023-08-16,100.09589619438626,99.87742803821462,49.86715818442249,0.49819383291778974,95
2023-08-17,99.87742803821462,99.39594736647079,45.60930635786127,0.4566527918641483,88
2023-08-18,99.39594736647079,99.33343071517378,43.626711604819036,0.4389184142887462,92
2023-08-19,99.33343071517378,99.33343071517378,40.65630741833927,0.40929128416913496,85
2023-08-20,99.33343071517378,99.34875387136834,40.65630741833927,0.40929128416913496,85
2023-08-21,99.34875387136834,99.24422686336445,42.39329164707706,0.4267118609455909,88
2023-08-22,99.24422686336445,99.08177320174946,45.93967135077659,0.4628951507076026,92
2023-08-23,99.08177320174946,98.77286814679232,45.778475623735275,0.4620272139308764,90
2023-08-24,98.77286814679232,98.36667226913502,42.54925252283478,0.43077874846764364,83
2023-08-25,98.36667226913502,98.24489302340697,40.27840456216667,0.4094720664328605,85
2023-08-26,98.24489302340697,98.24489302340697,34.00389596423195,0.3461136240041554,72
2023-08-27,98.24489302340697,98.24489302340697,34.9586455568911,0.35583168224899137,73
2023-08-28,98.24489302340697,98.1548389809552,37.14940357524266,0.37813063287057336,75
2023-08-29,98.1548389809552,98.16437615288442,36.38489908240879,0.37068879598965554,70
2023-08-30,98.16437615288442,98.11702558475736,34.45295472700749,0.3509720743638133,67
2023-08-31,98.11702558475736,97.93756758036052,36.1368039828682,0.3683030928373568,65
2023-09-01,97.93756758036052,97.82224721040247,29.295324980678494,0.29912244815188876,55
2023-09-02,97.82224721040247,97.82224721040247,21.02030477699762,0.21488266091235644,34
2023-09-03,97.82224721040247,97.82224721040247,22.100327909941416,0.22592333073688842,35
2023-09-04,97.82224721040247,97.74887850072925,22.100327909941416,0.22592333073688842,35
2023-09-05,97.74887850072925,97.81666051010677,23.844185969435244,0.24393308992550086,39
2023-09-06,97.81666051010677,97.78269338655672,27.620780149466448,0.2823729618801755,50
2023-09-07,97.78269338655672,97.80084762515277,31.21353320760994,0.31921326900063907,61
2023-09-08,97.80084762515277,97.82116741307843,31.68091917126273,0.32393297134487126,63
2023-09-09,97.82116741307843,97.82116741307843,31.46165103762589,0.32162416243480196,62
2023-09-10,97.82116741307843,97.79084685069546,35.73807255784483,0.3653408919863979,66
2023-09-11,97.79084685069546,97.73816336601705,37.85816043342387,0.38713398700007917,73
2023-09-12,97.73816336601705,97.79852470583285,34.57692700149044,0.3537709919103373,69
2023-09-13,97.79852470583285,97.75145596042309,39.253221506245936,0.4013682376530248,79
2023-09-14,97.75145596042309,97.88215103139515,37.92485761461227,0.3879723042689719,79
2023-09-15,97.88215103139515,97.88215103139515,40.03301357496096,0.408991967923964,84
2023-09-16,97.88215103139515,97.88215103139515,40.03301357496096,0.408991967923964,84
2023-09-17,97.88215103139515,97.88215103139515,40.03301357496096,0.408991967923964,84
2023-09-18,97.88215103139515,97.90502361258103,40.258659907570625,0.41129725372154813,85
2023-09-19,97.90502361258103,97.90196062661025,41.819458398160265,0.42714313173186713,89
2023-09-20,97.90196062661025,97.82177442892419,44.65427512592897,0.4561121640478333,92
2023-09-21,97.82177442892419,97.76344029498834,43.067885542658615,0.4402689053034004,87
2023-09-22,97.76344029498834,97.88089898523118,37.43627791972651,0.38292717407210153,85
2023-09-23,97.88089898523118,97.88089898523118,30.094243814912122,0.3074577790652792,72
2023-09-24,97.88089898523118,97.88089898523118,32.375055235469254,0.33075968417856666,74
2023-09-25,97.88089898523118,98.31533972073164,37.984875186165006,0.3880723979853963,88
2023-09-26,98.31533972073164,98.73131110562676,37.165814592208434,0.3780266100669469,86
2023-09-27,98.73131110562676,98.54624515772542,37.09310398169469,0.3756974719196323,87
2023-09-28,98.54624515772542,98.48737353654009,33.712161692356965,0.34209483718430783,80
2023-09-29,98.48737353654009,98.28413124191432,32.94483957114761,0.33450825611594415,78
2023-09-30,98.28413124191432,98.28413124191432,30.187348896140534,0.30714367125897546,71
2023-10-01,98.28413124191432,98.28413124191432,34.21219334058498,0.3480947830364992,75
2023-10-02,98.28413124191432,98.22783716145342,35.18599372898225,0.35800279540932445,78
2023-10-03,98.22783716145342,98.09985991351579,31.726135996282018,0.3229851833562716,76
2023-10-04,98.09985991351579,97.96726200349194,33.09580998372172,0.3373685753771593,77
2023-10-05,97.96726200349194,98.03425776468906,30.747554292332648,0.3138554009117524,77
2023-10-06,98.03425776468906,98.03621625251584,32.355256329265366,0.3300403049608175,77
2023-10-07,98.03621625251584,98.03621625251584,26.922553120011667,0.2746184435623888,61
2023-10-08,98.03621625251584,98.03621625251584,28.068364822032937,0.28630608049719214,62
2023-10-09,98.03621625251584,97.90933939768169,33.92059036526547,0.34600060734591015,67
2023-10-10,97.90933939768169,98.06704309291227,29.807992688603697,0.30444483510946346,53
2023-10-11,98.06704309291227,97.92394407429924,36.125967071714584,0.36838030323283566,55
2023-10-12,97.92394407429924,97.84604899167182,31.764283769431835,0.3243770874397263,48
2023-10-13,97.84604899167182,97.80527686156312,24.622570825909055,0.25164604068994967,43
2023-10-14,97.80527686156312,97.79718994711868,23.737607414392883,0.2427027270521599,39
2023-10-15,97.79718994711868,97.81757294868967,22.659451584412523,0.23169839130004696,38
2023-10-16,97.81757294868967,97.82671139513974,26.79768772136869,0.27395576186934684,44
2023-10-17,97.82671139513974,97.83508319982604,29.224351919604903,0.29873591274639166,51
2023-10-18,97.83508319982604,97.75907724428009,29.074000277295053,0.2971735631676424,49
2023-10-19,97.75907724428009,97.39339478591516,36.669619510395044,0.37510193983076484,65
2023-10-20,97.39339478591516,97.17053295913558,38.6613757539334,0.39696096269071146,83
2023-10-21,97.17053295913558,97.17053295913558,39.2322653384483,0.40374652833227914,81
2023-10-22,97.17053295913558,97.17053295913558,39.2322653384483,0.40374652833227914,81
2023-10-23,97.17053295913558,97.28719861772623,44.7926463330276,0.4609694417531377,93
2023-10-24,97.28719861772623,97.19906943475334,46.59446344236389,0.478937250783107,95
2023-10-25,97.19906943475334,97.24903070565966,42.729636321170545,0.4396095206431333,88
2023-10-26,97.24903070565966,97.25415425501939,43.95081471772451,0.45194090263736353,90
2023-10-27,97.25415425501939,97.43624073094423,40.085516760763355,0.41217279681083135,86
2023-10-28,97.43624073094423,97.43624073094423,35.49516722464483,0.36429122222253507,78
2023-10-29,97.43624073094423,98.02083213715031,35.49516722464483,0.36429122222253507,78
2023-10-30,98.02083213715031,98.01796711773451,34.87097364405703,0.35575063875468554,81
2023-10-31,98.01796711773451,98.50674573029337,37.85706520744975,0.3862257739132423,80
2023-11-01,98.50674573029337,98.6142594715875,36.964839167038285,0.3752518560327452,71
2023-11-02,98.6142594715875,98.67036767565413,38.251348890117704,0.3878886186955406,71
2023-11-03,98.67036767565413,99.48885705208384,36.880922569858285,0.3737791136148595,63
2023-11-04,99.48885705208384,99.48885705208384,30.854376995091144,0.3101289723223821,43
2023-11-05,99.48885705208384,100.0673101604877,30.854376995091144,0.3101289723223821,43
2023-11-06,100.0673101604877,100.0909983860127,27.820076051316597,0.2780136290932457,40
2023-11-07,100.0909983860127,100.2610010519737,26.492591947496045,0.2646850603420325,34
2023-11-08,100.2610010519737,100.2610010519737,24.213297810155744,0.24150265363502563,33
2023-11-09,100.2610010519737,100.37462532787367,29.667408453738616,0.2959017777845596,40
2023-11-10,100.37462532787367,100.39962948369603,31.21641769180655,0.3109990955367269,43
2023-11-11,100.39962948369603,100.39962948369603,31.33004947363752,0.3120534371964513,41
2023-11-12,100.39962948369603,100.35257737751337,31.33004947363752,0.3120534371964513,41
2023-11-13,100.35257737751337,100.58370652265316,32.88585986374144,0.3277031913194327,43
2023-11-14,100.58370652265316,100.59035360089523,36.21250873898748,0.36002360611787365,43
2023-11-15,100.59035360089523,100.80513260907993,31.7101331218038,0.31524029876281884,38
2023-11-16,100.80513260907993,100.77413852615176,29.69966331967396,0.2946245151509159,37
2023-11-17,100.77413852615176,100.64494707565719,28.393726941015558,0.28175608699098076,36
2023-11-18,100.64494707565719,100.64494707565719,28.367895702210227,0.28186110208677845,36
2023-11-19,100.64494707565719,101.06966999213803,28.367895702210227,0.28186110208677845,36
2023-11-20,101.06966999213803,101.06966999213803,26.300944753809205,0.2602258892885976,35
2023-11-21,101.06966999213803,101.15782035689172,29.829635686271992,0.29513933990872204,39
2023-11-22,101.15782035689172,101.44250273671715,28.95530523065017,0.28623891982343896,39
2023-11-23,101.44250273671715,101.44250273671715,24.555367851223146,0.2420619285680865,34
2023-11-24,101.44250273671715,101.63872976378788,24.555367851223146,0.2420619285680865,34
2023-11-25,101.63872976378788,101.63872976378788,22.24982376787513,0.21891087993311736,30
2023-11-26,101.63872976378788,101.59136019761169,22.24982376787513,0.21891087993311736,30
2023-11-27,101.59136019761169,101.60915041168731,23.894948925972603,0.23520650653257372,32
2023-11-28,101.60915041168731,101.71371699078418,23.607375981788323,0.23233513798844785,31
2023-11-29,101.71371699078418,101.71371699078418,25.752842076555698,0.2531894698026722,36
2023-11-30,101.71371699078418,101.71708542838353,30.41689060866723,0.2990441359194765,44
2023-12-01,101.71708542838353,101.76133048463156,34.583041564755135,0.33999245474944517,53
2023-12-02,101.76133048463156,101.76133048463156,35.55859379096759,0.34943129793628047,51
2023-12-03,101.76133048463156,101.76133048463156,35.55859379096759,0.34943129793628047,51
2023-12-04,101.76133048463156,101.70984240815832,45.01889734911827,0.44239690199330894,70
2023-12-05,101.70984240815832,101.69326148837818,46.82198834102805,0.4603486470181806,81
2023-12-06,101.69326148837818,101.7744259256905,53.0518077995705,0.5216845936801173,91
2023-12-07,101.7744259256905,101.77175654682422,56.77584649943875,0.5578596585835132,99
2023-12-08,101.77175654682422,101.92521175791224,51.77407206060414,0.5087273111649928,90
2023-12-09,101.92521175791224,101.92521175791224,47.49585236854687,0.46598728174690174,84
2023-12-10,101.92521175791224,101.92521175791224,47.49585236854687,0.46598728174690174,84
2023-12-11,101.92521175791224,102.18662842600114,54.883417159423225,0.5384675313677996,92
2023-12-12,102.18662842600114,102.21972571986802,45.24479442718994,0.44276629069873014,81
2023-12-13,102.21972571986802,102.26675395893797,48.30727067960324,0.472582667771862,86
2023-12-14,102.26675395893797,102.57749733617722,48.77703882837069,0.4769589034570863,87
2023-12-15,102.57749733617722,102.49752586610343,44.026491371440976,0.42920223747663644,82
2023-12-16,102.49752586610343,102.35624483112943,45.24083474149433,0.44138465157289963,79
2023-12-17,102.35624483112943,102.25150882503239,45.288425613857896,0.4424588425315541,79
2023-12-18,102.25150882503239,101.99399188650189,48.91038448381411,0.4783341101353046,82
2023-12-19,101.99399188650189,102.2748596559286,45.079699362697426,0.44198387109764037,72
2023-12-20,102.2748596559286,102.23620534363056,41.83603873865868,0.4090549611058162,60
2023-12-21,102.23620534363056,102.51807900287554,42.07954511595925,0.41159142179156455,63
2023-12-22,102.51807900287554,102.5536908571747,40.08604671674762,0.39101441527814074,58
2023-12-23,102.5536908571747,102.99359755915894,39.60662327831098,0.38620378210932116,55
2023-12-24,102.99359755915894,102.93681978138117,38.419914073540596,0.3730320620315492,54
2023-12-25,102.93681978138117,102.93681978138117,37.348747406873926,0.3628317591916651,53
2023-12-26,102.93681978138117,102.89990574395453,39.812925335503806,0.38677050077959585,56
2023-12-27,102.89990574395453,102.93666131819003,37.68023407594031,0.3661833682306756,54
2023-12-28,102.93666131819003,104.10583630052867,36.68849351570312,0.35641814146559914,51
2023-12-29,104.10583630052867,104.27519472341837,30.616418200431056,0.2940893545300263,44
2023-12-30,104.27519472341837,104.27519472341837,25.373277840060286,0.2433299492497797,36
2023-12-31,104.27519472341837,104.20878475624033,25.373277840060286,0.2433299492497797,36
2024-01-01,104.20878475624033,104.20878475624033,23.21591931702477,0.2227827468800276,34
2024-01-02,104.20878475624033,104.54657987599637,44.414693747255924,0.4262087294381987,71
2024-01-03,104.54657987599637,104.31927728557032,59.83936585419613,0.5723703819404914,88
2024-01-04,104.31927728557032,104.32440791506191,56.72888842036899,0.5438006272328332,94
2024-01-05,104.32440791506191,104.25798291754492,61.66120487246009,0.5910525264870227,103
2024-01-06,104.25798291754492,104.25798291754492,63.645943232057874,0.6104658986390892,103
2024-01-07,104.25798291754492,104.20448710360411,63.645943232057874,0.6104658986390892,103
2024-01-08,104.20448710360411,104.22237006067915,71.3346549910897,0.684564138971924,114
2024-01-09,104.22237006067915,103.79773677846411,54.808412235537304,0.5258795420179696,88
2024-01-10,103.79773677846411,103.83247471696919,58.80774714997536,0.5665609769073188,94
2024-01-11,103.83247471696919,103.86210122222106,55.40556845369889,0.5336053927706689,93
2024-01-12,103.86210122222106,103.81505958078458,57.56011506872341,0.5541974829256445,97
2024-01-13,103.81505958078458,104.33665551886341,53.42010679393417,0.5145699189467291,91
2024-01-14,104.33665551886341,104.29921791534169,48.138170809573,0.46137352755063077,87
2024-01-15,104.29921791534169,104.24364013756392,47.0433760083432,0.45104246176158,86
2024-01-16,104.24364013756392,104.27730968306514,50.64670634158649,0.4858493647646144,93
2024-01-17,104.27730968306514,104.25250932663522,51.88584349638025,0.4975755862332783,99
2024-01-18,104.25250932663522,104.52657245793196,57.841200717416015,0.5548183069262421,100
2024-01-19,104.52657245793196,104.6128169960215,58.83424906728957,0.5628640419733284,94
2024-01-20,104.6128169960215,104.75486828827064,49.3580291036674,0.4718162699465833,72
2024-01-21,104.75486828827064,104.75486828827064,49.37223644243179,0.4713120950767305,72
2024-01-22,104.75486828827064,104.69205393780393,58.37149841146918,0.5572199112583393,82
2024-01-23,104.69205393780393,104.39077666774028,57.673082572925736,0.5508830938323982,75
2024-01-24,104.39077666774028,104.320798364326,54.8007740260917,0.5249580065920393,70
2024-01-25,104.320798364326,104.29296218597528,53.08896104297045,0.5089010233373079,75
2024-01-26,104.29296218597528,104.35827268139955,52.28140564883168,0.5012937071976481,74
2024-01-27,104.35827268139955,104.36332147907865,45.68069512050562,0.4377295057380495,66
2024-01-28,104.36332147907865,104.28710840491966,46.63523582546709,0.44685465319169526,67
2024-01-29,104.28710840491966,104.32667811162143,46.53740828746663,0.4462431550673934,69
2024-01-30,104.32667811162143,104.45249964057133,47.19263178797752,0.45235439910667025,69
2024-01-31,104.45249964057133,104.43185444546761,48.09743965445398,0.4604718874125634,70
2024-02-01,104.43185444546761,105.03096842227913,49.596574719012374,0.47491806960979316,75
2024-02-02,105.03096842227913,105.2179607008803,48.15404611358664,0.4584747416588822,73
2024-02-03,105.2179607008803,105.2179607008803,40.001199408185656,0.38017463122958045,64
2024-02-04,105.2179607008803,106.09779747457468,40.001199408185656,0.38017463122958045,64
2024-02-05,106.09779747457468,105.95438397474406,45.50188804896229,0.4288674141408674,71
2024-02-06,105.95438397474406,105.92426043415638,48.768130650444405,0.460274778833777,77
2024-02-07,105.92426043415638,106.06171620126148,50.006552055314444,0.4720972499628547,80
2024-02-08,106.06171620126148,106.20377969121463,52.80339776197812,0.49785539639749943,86
2024-02-09,106.20377969121463,106.2031013253092,50.30218268909812,0.4736383472918827,80
2024-02-10,106.2031013253092,106.25112063457155,50.05832184206238,0.47134519818521536,79
2024-02-11,106.25112063457155,106.25112063457155,48.791415925004635,0.4592084830127343,78
2024-02-12,106.25112063457155,106.25499773889493,51.356677202483034,0.4833518639216386,82
2024-02-13,106.25499773889493,106.262146038367,54.251658827095945,0.5105798313638943,90
2024-02-14,106.262146038367,106.24077470530598,56.903191513541884,0.5354982337077628,94
2024-02-15,106.24077470530598,107.63505789304439,55.53249389778333,0.522704150565742,90
2024-02-16,107.63505789304439,108.41903000966364,46.77589260405386,0.4345785984575256,74
2024-02-17,108.41903000966364,109.15514303074582,42.551682002525574,0.3924742916325007,66
2024-02-18,109.15514303074582,109.15514303074582,37.63796294783788,0.3448116314339523,62
2024-02-19,109.15514303074582,109.32169614877552,38.76669195480375,0.3551522253411761,63
2024-02-20,109.32169614877552,109.53854408145406,45.131608645326864,0.41283304444807933,76
2024-02-21,109.53854408145406,111.22019423835916,55.6424528280142,0.5079714478096209,89
2024-02-22,111.22019423835916,111.23004833166272,51.16492352121539,0.46003267546505444,82
2024-02-23,111.23004833166272,111.25525260185643,49.102552493753294,0.44145042846102744,76
2024-02-24,111.25525260185643,112.16129710752006,47.20872147923628,0.4243280238478246,71
2024-02-25,112.16129710752006,112.16917411571525,43.08814530812261,0.38416233067291883,67
2024-02-26,112.16917411571525,112.34893997839774,44.3515280539592,0.39539854334851,68
2024-02-27,112.34893997839774,114.14741810750668,41.02909783267685,0.36519345745999787,63
2024-02-28,114.14741810750668,113.99041700995879,44.88878079982626,0.39325270377599747,67
2024-02-29,113.99041700995879,114.37921715393487,39.47403858974429,0.3462926062135174,57
2024-03-01,114.37921715393487,114.38497417842055,42.29551757354536,0.3697832405744028,64
2024-03-02,114.38497417842055,114.38497417842055,42.421490876293724,0.37086593917592375,62
2024-03-03,114.38497417842055,114.25846448504042,42.421490876293724,0.37086593917592375,62
2024-03-04,114.25846448504042,114.38923075817966,42.8840140873562,0.3753246140724296,66
2024-03-05,114.38923075817966,118.90787195617018,51.602218696453036,0.4511108113450016,76
2024-03-06,118.90787195617018,119.4098023851096,43.685990207967045,0.36739359210860184,64
2024-03-07,119.4098023851096,119.50445018943893,42.03061347938368,0.3519862912412365,60
2024-03-08,119.50445018943893,119.90168300757806,41.47203283727959,0.34703337634320697,60
2024-03-09,119.90168300757806,119.90168300757806,39.796913808716006,0.3319128873795771,56
2024-03-10,119.90168300757806,119.73825711433675,41.112502697604896,0.3428851177594104,57
2024-03-11,119.73825711433675,119.74721780718161,44.36303325247702,0.37050007509392124,67
2024-03-12,119.74721780718161,120.4247723662391,46.041982828448006,0.3844931320457512,68
2024-03-13,120.4247723662391,120.94046432081132,35.157110588430356,0.2919425123056043,59
2024-03-14,120.94046432081132,121.09474084652874,34.343044129925815,0.28396653115888604,63
2024-03-15,121.09474084652874,122.06797052398585,44.43666451004354,0.3669578397823323,82
2024-03-16,122.06797052398585,122.1810768492345,43.214843156440146,0.35402278723023917,75
2024-03-17,122.1810768492345,122.19915166510467,55.083290515671166,0.4508332381424438,82
2024-03-18,122.19915166510467,122.13671938199275,60.474425603993225,0.4948841688339018,91
2024-03-19,122.13671938199275,121.11387431161151,64.17901062665563,0.5254685974160681,101
2024-03-20,121.11387431161151,121.01402526380312,63.000440676938354,0.520175256840069,96
2024-03-21,121.01402526380312,121.07035250820815,46.924677645934295,0.38776230725026617,79
2024-03-22,121.07035250820815,120.92602396001243,50.97652890755752,0.42104881873620953,79
2024-03-23,120.92602396001243,120.85452326290272,51.24506643809228,0.4237720282198139,76
2024-03-24,120.85452326290272,121.16306554916613,50.001670199170356,0.41373437128537144,75
2024-03-25,121.16306554916613,121.47740186805973,52.56335275944791,0.43382323252723,82
2024-03-26,121.47740186805973,121.47635716831871,49.088257570304954,0.4040937393740211,74
2024-03-27,121.47635716831871,121.43282961548002,48.25565892707246,0.3972432171324416,72
2024-03-28,121.43282961548002,121.54164363891923,47.70439950064049,0.3928459844977476,70
2024-03-29,121.54164363891923,121.58668894442857,44.41943223695611,0.3654667725978689,62
2024-03-30,121.58668894442857,121.77879218095262,43.90750193859422,0.3611209608533894,62
2024-03-31,121.77879218095262,121.92418885798548,29.991807455580147,0.2462810389104118,53
2024-04-01,121.92418885798548,122.19732699355794,31.932210992944977,0.2619021811179641,57
2024-04-02,122.19732699355794,123.3442758114166,51.35771269850722,0.4202850746580956,78
2024-04-03,123.3442758114166,123.17181856243985,54.91477578799135,0.4452154380633893,82
2024-04-04,123.17181856243985,123.30789415422572,52.817892621658224,0.4288147503065654,78
2024-04-05,123.30789415422572,123.07824312193347,61.018503074719675,0.49484668839126866,97
2024-04-06,123.07824312193347,122.91506863239232,48.002586457901515,0.39001683189729486,82
2024-04-07,122.91506863239232,122.90882668340174,45.54352424998572,0.370528404342309,79
2024-04-08,122.90882668340174,122.98619184926042,51.39207350694986,0.4181316744592284,84
2024-04-09,122.98619184926042,122.9448452348474,54.35676153036968,0.4419745071625011,86
2024-04-10,122.9448452348474,122.73572072998095,55.40100187882297,0.4506167116888618,84
2024-04-11,122.73572072998095,122.68767035351252,47.199558707125405,0.3845625252893134,78
2024-04-12,122.68767035351252,122.02316217218552,59.88166365011427,0.48808216406401,96
2024-04-13,122.02316217218552,121.65262047240765,57.35003900676344,0.4699930569397754,95
2024-04-14,121.65262047240765,121.65262047240765,53.00563784975898,0.4357130791258322,92
2024-04-15,121.65262047240765,121.52460699002782,54.43181448976222,0.4474364323463796,95
2024-04-16,121.52460699002782,120.98508456373801,57.66658090887736,0.4745259609324177,107
2024-04-17,120.98508456373801,120.82983988996537,50.008478101725984,0.4133441595883685,91
2024-04-18,120.82983988996537,119.95416532714017,55.21838755080132,0.45699297128165006,99
2024-04-19,119.95416532714017,119.61617444349352,53.903246935952616,0.4493653620859864,97
2024-04-20,119.61617444349352,119.58230220348452,38.85951180890886,0.3248683716035914,69
2024-04-21,119.58230220348452,119.58230220348452,37.65809681983504,0.3149136295750101,68
2024-04-22,119.58230220348452,119.9283519080683,42.56875158360462,0.35597869249220904,81
2024-04-23,119.9283519080683,121.08356179569046,36.541744194787086,0.30469645928927924,70
2024-04-24,121.08356179569046,121.17493562015162,24.403750898400457,0.20154470628786064,56
2024-04-25,121.17493562015162,121.08047126114752,26.52665320764529,0.2189120470490587,62
2024-04-26,121.08047126114752,121.07886501544041,34.38295647389457,0.28396781178475167,69
2024-04-27,121.07886501544041,121.07886501544041,37.491762822782675,0.30964745843960123,70
2024-04-28,121.07886501544041,121.07886501544041,38.58297703100526,0.31865988358979924,71
2024-04-29,121.07886501544041,121.03984822218368,40.57069433787942,0.3350765993115784,74
2024-04-30,121.03984822218368,121.88224803214527,48.99701937942366,0.40480073380035597,85
2024-05-01,121.88224803214527,121.75291171739968,62.724812758737045,0.5146345244813172,92
2024-05-02,121.75291171739968,121.75460020990613,58.8932150527322,0.48371093735671034,95
2024-05-03,121.75460020990613,122.14795298074338,60.5759000328876,0.4975245282597467,97
2024-05-04,122.14795298074338,122.14795298074338,54.491398356397,0.4461097957571795,85
2024-05-05,122.14795298074338,122.14795298074338,54.491398356397,0.4461097957571795,85
2024-05-06,122.14795298074338,122.32351231419324,55.87594242859261,0.45744477140277123,87
2024-05-07,122.32351231419324,122.28630230781016,45.98296820317742,0.37591275244834516,67
2024-05-08,122.28630230781016,122.21788629413115,43.621254276690266,0.35671414911941673,64
2024-05-09,122.21788629413115,122.38992357315126,38.18327272783675,0.3124196783762435,58
2024-05-10,122.38992357315126,122.47118960874846,36.36455071949278,0.2971204626805576,51
2024-05-11,122.47118960874846,123.18867048240844,32.61526399344177,0.2663096855483795,47
2024-05-12,123.18867048240844,123.17732128764004,22.89214126226893,0.18582992390958522,41
2024-05-13,123.17732128764004,123.3285509967912,31.579893781747955,0.25637750075765586,47
2024-05-14,123.3285509967912,123.3204899215273,30.096847733647223,0.24403795788073676,47
2024-05-15,123.3204899215273,123.39585437563935,36.77196004772342,0.2981820788347709,52
2024-05-16,123.39585437563935,123.26941198401732,45.04198282844014,0.3650202274326347,53
2024-05-17,123.26941198401732,123.4450887598687,39.80743369667473,0.32293034464897113,45
2024-05-18,123.4450887598687,123.37030425568054,36.28917015209818,0.2939701410291795,34
2024-05-19,123.37030425568054,123.37030425568054,37.400969879200545,0.30316023053398955,35
2024-05-20,123.37030425568054,123.69666581029816,42.90377431636853,0.3477641931355863,40
2024-05-21,123.69666581029816,123.77962492522389,43.08012705842132,0.34827233843545324,44
2024-05-22,123.77962492522389,123.72189515777161,42.74436805741376,0.34532636597692007,46
2024-05-23,123.72189515777161,123.86459660704044,52.83239306936738,0.4270254105144032,65
2024-05-24,123.86459660704044,123.9868540962394,54.16375856956286,0.4372820002909871,77
2024-05-25,123.9868540962394,125.70906802525877,51.707570958721604,0.4170407527122662,74
2024-05-26,125.70906802525877,125.64117913636989,43.01792923443519,0.3422022763369113,69
2024-05-27,125.64117913636989,126.18639156355962,41.737062567768525,0.33219254112911073,68
2024-05-28,126.18639156355962,126.10059432747552,48.78948635596306,0.386646180712664,84
2024-05-29,126.10059432747552,126.44728708118446,49.740844359888946,0.39445368695658184,90
2024-05-30,126.44728708118446,126.99666115493845,54.27845933981388,0.4292576028536289,93
2024-05-31,126.99666115493845,126.90220573631701,59.45294839748832,0.46814575955626536,97
2024-06-01,126.90220573631701,126.91473382508747,48.24283622353149,0.3801575862579771,79
2024-06-02,126.91473382508747,127.20397829139196,49.40482198084009,0.38927570103034126,80
2024-06-03,127.20397829139196,127.21007494443207,54.958745465888605,0.4320520962008916,88
2024-06-04,127.21007494443207,127.64718123018955,59.089902227790674,0.46450646502332726,90
2024-06-05,127.64718123018955,127.67448776595182,50.54491342889872,0.3959735964537261,84
2024-06-06,127.67448776595182,127.65452266802563,47.39076446727685,0.37118429293526406,74
2024-06-07,127.65452266802563,127.37785148238981,56.54850457353352,0.4429808156550144,77
2024-06-08,127.37785148238981,127.30996259350091,46.663821193969916,0.3663417199372472,67
2024-06-09,127.30996259350091,127.59232714486542,45.38295452730325,0.3564760652095268,66
2024-06-10,127.59232714486542,127.39645056247412,41.69751113281361,0.3268026539360098,67
2024-06-11,127.39645056247412,127.22177643536058,47.10032897251413,0.36971460950881463,66
2024-06-12,127.22177643536058,126.72217142342805,54.64630129622911,0.4295357510904908,74
2024-06-13,126.72217142342805,126.17219660666314,55.01041032291932,0.43410249133995776,79
2024-06-14,126.17219660666314,126.11339340695838,57.729787234346645,0.4575476118111583,87
2024-06-15,126.11339340695838,126.07847163570317,48.86052516496355,0.3874332760779367,80
2024-06-16,126.07847163570317,126.02503392372547,48.23918054644878,0.382612351820327,79
2024-06-17,126.02503392372547,125.8852280863151,51.89869719132603,0.41181260242894946,88
2024-06-18,125.8852280863151,125.29436468282547,45.953512390021416,0.3650429290918288,80
2024-06-19,125.29436468282547,125.29436468282547,30.236610918589378,0.24132458786260172,65
2024-06-20,125.29436468282547,125.34978536336769,37.26084930957267,0.29738647387610834,75
2024-06-21,125.34978536336769,125.13658554933235,34.91287352232304,0.27852360034854917,70
2024-06-22,125.13658554933235,125.1379665114984,32.976359734280365,0.26352293048047215,67
2024-06-23,125.1379665114984,125.05813669688344,32.97650335434564,0.26352117006244913,67
2024-06-24,125.05813669688344,125.02806974441938,45.74920694634691,0.36582351340508196,77
2024-06-25,125.02806974441938,125.03054928876334,44.82670975408215,0.358533166557848,76
2024-06-26,125.03054928876334,124.94338984150278,47.93975295372341,0.38342431690837836,79
2024-06-27,124.94338984150278,124.99332711101776,53.34713404090093,0.42697043924112,88
2024-06-28,124.99332711101776,124.8316324016233,52.121713034988666,0.41699596482214374,86
2024-06-29,124.8316324016233,124.8316324016233,41.32248064726398,0.33102571721818347,67
2024-06-30,124.8316324016233,124.76911545861337,46.38432225476148,0.37157506765214987,70
2024-07-01,124.76911545861337,124.82013117635604,50.48353084161079,0.40461560263570573,79
2024-07-02,124.82013117635604,124.83691933238687,53.304838383903224,0.4270532155473367,86
2024-07-03,124.83691933238687,124.76765554312725,56.546679030752735,0.4529643901271972,83
2024-07-04,124.76765554312725,124.14673547274303,45.82265929047686,0.3672639282272782,73
2024-07-05,124.14673547274303,124.2149609791852,44.545378995510674,0.35881232660596873,78
2024-07-06,124.2149609791852,124.2149609791852,37.77604143146433,0.3041182892437127,65
2024-07-07,124.2149609791852,124.26406097918519,37.77604143146433,0.3041182892437127,65
2024-07-08,124.26406097918519,123.97583128847276,44.10963652338419,0.35496696450933435,75
2024-07-09,123.97583128847276,123.99054481104213,44.38666635862177,0.35802676938975947,78
2024-07-10,123.99054481104213,123.9065683291818,54.564469818167254,0.4400696028985264,86
2024-07-11,123.9065683291818,124.00769627186493,54.487534394586696,0.4397469410163149,87
2024-07-12,124.00769627186493,124.02630420019264,55.52007232134845,0.44771473054084093,85
2024-07-13,124.02630420019264,124.02630420019264,47.01789495505869,0.37909615430583526,71
2024-07-14,124.02630420019264,124.02630420019264,47.01789495505869,0.37909615430583526,71
2024-07-15,124.02630420019264,124.03222899495734,49.451366430031335,0.39871676213306473,75
2024-07-16,124.03222899495734,124.77295257267062,45.575514618954585,0.3674489686128878,72
2024-07-17,124.77295257267062,125.2138631796196,46.447385504773344,0.3722552407960477,77
2024-07-18,125.2138631796196,125.42182145328955,48.90752407950228,0.3905919267848506,81
2024-07-19,125.42182145328955,125.535047648809,46.16003941072096,0.36803834353428044,80
2024-07-20,125.535047648809,126.13619216011277,44.178891025324745,0.3519247560961426,74
2024-07-21,126.13619216011277,126.49369746424568,42.30617184782731,0.33540073727709624,73
2024-07-22,126.49369746424568,128.2691869326107,43.643007341914505,0.34502120039815026,78
2024-07-23,128.2691869326107,128.36334710986827,37.26874727069837,0.2905510525320349,64
2024-07-24,128.36334710986827,128.57961724860243,39.03296032737606,0.3040818209108174,70
2024-07-25,128.57961724860243,128.3392289958148,43.777567318833675,0.34047050578935756,78
2024-07-26,128.3392289958148,128.29958784203197,42.62008363325291,0.33208929153410116,79
2024-07-27,128.29958784203197,128.29958784203197,43.09957996114193,0.3359292160330866,77
2024-07-28,128.29958784203197,128.29958784203197,49.07158066998474,0.3824765261943304,80
2024-07-29,128.29958784203197,128.06729300901236,52.85900625772212,0.4119966957555969,85
2024-07-30,128.06729300901236,128.00543416362083,50.87732610191196,0.397270254617872,84
2024-07-31,128.00543416362083,127.73315822980936,50.189971994053835,0.3920925101499936,83
2024-08-01,127.73315822980936,127.39581692095364,57.05263082756733,0.4466548202379986,86
2024-08-02,127.39581692095364,126.64708716541114,53.84837219157684,0.4226855598012971,82
2024-08-03,126.64708716541114,126.64708716541114,42.15223279290125,0.33283223275279195,72
2024-08-04,126.64708716541114,126.32971253199239,43.28672083155935,0.3417901019312308,73
2024-08-05,126.32971253199239,125.95273857508452,52.862642020731876,0.4184497926989636,91
2024-08-06,125.95273857508452,125.70277397054588,51.10568023119363,0.4057528308582816,89
2024-08-07,125.70277397054588,125.74389792812187,46.40625820955408,0.3691744958661596,84
2024-08-08,125.74389792812187,125.35837233044752,55.559865425789404,0.4418493966009286,84
2024-08-09,125.35837233044752,125.2416882374905,45.5579242561717,0.36342147244924317,62
2024-08-10,125.2416882374905,125.2416882374905,38.11728616537839,0.3043498271366176,53
2024-08-11,125.2416882374905,125.07360450877775,38.11728616537839,0.3043498271366176,53
2024-08-12,125.07360450877775,124.83160735483898,34.477455934609004,0.2756573304976539,52
2024-08-13,124.83160735483898,124.81332088742931,33.01700706649005,0.2644923650837712,50
2024-08-14,124.81332088742931,125.3574202939202,31.4876431079877,0.25227790498729535,47
2024-08-15,125.3574202939202,127.54776412156079,30.080874071652772,0.23996085753139645,45
2024-08-16,127.54776412156079,127.69950010540731,20.57632716243922,0.1613225234025171,34
2024-08-17,127.69950010540731,127.69950010540731,18.19524869218744,0.142484885823112,26
2024-08-18,127.69950010540731,127.69950010540731,18.19524869218744,0.142484885823112,26
2024-08-19,127.69950010540731,127.86456812061081,21.079797400384443,0.16507345277768898,28
2024-08-20,127.86456812061081,127.89413551731616,18.909264624977766,0.14788510142341563,21
2024-08-21,127.89413551731616,127.92493488888422,19.242916341867797,0.15045972408377092,21
2024-08-22,127.92493488888422,127.92700897314677,21.830517890137703,0.17065099864306923,23
2024-08-23,127.92700897314677,128.21097301293932,31.192320370794857,0.24382904455573143,27
2024-08-24,128.21097301293932,128.21097301293932,30.464134394790044,0.23760941578468123,25
2024-08-25,128.21097301293932,127.85615915357623,30.464134394790044,0.23760941578468123,25
2024-08-26,127.85615915357623,128.5674453190502,26.334263180369096,0.20596788887375636,24
2024-08-27,128.5674453190502,128.54608016772784,26.062926880499422,0.20271793388926898,26
2024-08-28,128.54608016772784,128.55500670291255,26.162649659941284,0.2035274014252638,32
2024-08-29,128.55500670291255,128.6009751817263,29.648795542321633,0.23063120062557554,38
2024-08-30,128.6009751817263,128.65715696553443,40.99747885284812,0.31879601841987976,45
2024-08-31,128.65715696553443,128.65311350831223,34.00064874403041,0.26427327904609876,40
2024-09-01,128.65311350831223,128.5111239599746,38.520366799597326,0.2994126278732348,43
2024-09-02,128.5111239599746,128.0282565076235,38.163066001872735,0.2969631330417653,43
2024-09-03,128.0282565076235,127.98406292447169,40.7538225986398,0.3183189688771017,50
2024-09-04,127.98406292447169,127.92260914998369,51.94527762604851,0.40587301605437714,67
2024-09-05,127.92260914998369,127.2478805903366,44.283014691499346,0.3461703524165884,70
2024-09-06,127.2478805903366,127.20468439893422,56.87365180781561,0.4469516627228971,92
2024-09-07,127.20468439893422,127.17234778885386,48.87451013832935,0.38421942060758607,86
2024-09-08,127.17234778885386,127.17234778885386,47.77104403376953,0.3756401832974296,85
2024-09-09,127.17234778885386,127.20308968298491,52.082806239577295,0.40954505554974224,88
2024-09-10,127.20308968298491,127.30567984474942,55.01637373661879,0.4325081558453525,85
2024-09-11,127.30567984474942,127.0656897833604,54.56140740234852,0.4285858059820011,85
2024-09-12,127.0656897833604,127.65255982834815,43.24286907808829,0.3403190046960345,74
2024-09-13,127.65255982834815,127.66396681915175,40.399036017537725,0.3164765052252889,66
2024-09-14,127.66396681915175,127.7172628464412,38.677843139009894,0.3029660138463406,61
2024-09-15,127.7172628464412,127.7172628464412,37.033093655605285,0.28996153558451554,60
2024-09-16,127.7172628464412,127.91062822469634,39.34754074220779,0.30808318206378,62
2024-09-17,127.91062822469634,128.00749589679458,30.790185476223257,0.24071639631176828,57
2024-09-18,128.00749589679458,128.2030347399258,28.072267018392363,0.21930174339966382,52
2024-09-19,128.2030347399258,128.38317546055086,30.904515436346855,0.24105915666536382,46
2024-09-20,128.38317546055086,128.5373789740808,40.661386943547924,0.3167189688032153,45
2024-09-21,128.5373789740808,128.5373789740808,37.903503711177756,0.2948831228215793,39
2024-09-22,128.5373789740808,128.3849801956782,37.903503711177756,0.2948831228215793,39
2024-09-23,128.3849801956782,128.40964583430923,40.02414693710053,0.31175100760305186,43
2024-09-24,128.40964583430923,128.43320542791264,42.22098827992475,0.3287991957738419,47
2024-09-25,128.43320542791264,128.41000581018088,43.63489049187983,0.3397477338239553,51
2024-09-26,128.41000581018088,128.43859084807073,47.038884316115116,0.366317905052113,55
2024-09-27,128.43859084807073,128.51149239500543,49.82547676903356,0.387932290754979,56
2024-09-28,128.51149239500543,128.51149239500543,46.58899927944909,0.362527883002468,53
2024-09-29,128.51149239500543,128.51149239500543,46.58899927944909,0.362527883002468,53
2024-09-30,128.51149239500543,128.72421520673583,53.433140760717585,0.4157849213709252,67
2024-10-01,128.72421520673583,128.68311711510202,46.8907433127699,0.36427290108128946,64
2024-10-02,128.68311711510202,128.2704272183089,41.69015667112707,0.323975340400224,63
2024-10-03,128.2704272183089,128.15956558984308,57.71003909232885,0.4499091516558971,89
2024-10-04,128.15956558984308,128.3981955310771,55.209386384315486,0.43078631025486985,89
2024-10-05,128.3981955310771,128.3981955310771,50.2626851355552,0.3914594354512543,83
2024-10-06,128.3981955310771,128.3981955310771,51.75701102275017,0.4030976510898322,84
2024-10-07,128.3981955310771,128.29652590238257,66.55444787116068,0.5183441059734523,97
2024-10-08,128.29652590238257,128.3381420802709,68.25387619039063,0.5320009697092125,99
2024-10-09,128.3381420802709,127.94162000544912,68.32994060789099,0.5324211454234165,97
2024-10-10,127.94162000544912,127.9723170804521,60.443912861144476,0.4724335431939202,88
2024-10-11,127.9723170804521,128.0139793412569,51.53239010677569,0.4026838872846143,77
2024-10-12,128.0139793412569,128.0139793412569,53.05093880557003,0.414415199641189,73
2024-10-13,128.0139793412569,128.89491975998874,55.03670775433187,0.42992732541823575,74
2024-10-14,128.89491975998874,129.0125358440541,45.157639433492314,0.3503446025458487,69
2024-10-15,129.0125358440541,129.13328962213777,40.49273072494001,0.3138666367575801,57
2024-10-16,129.13328962213777,129.17866216470853,37.50800107279874,0.2904595800397593,53
2024-10-17,129.17866216470853,129.16945109438632,37.5616856173994,0.2907731430869487,52
2024-10-18,129.16945109438632,129.45604477026177,31.2132942750494,0.24164610138539114,37
2024-10-19,129.45604477026177,129.45604477026177,30.813224217899187,0.2380207449762709,34
2024-10-20,129.45604477026177,130.63254135150083,38.266010578410764,0.29559075936793267,39
2024-10-21,130.63254135150083,130.41572643709117,42.21963973950838,0.32319389413014216,46
2024-10-22,130.41572643709117,130.58229913401755,44.56691310076857,0.3417295928820853,61
2024-10-23,130.58229913401755,130.26962185916653,55.09870205170463,0.4219461781351884,83
2024-10-24,130.26962185916653,130.4484491930903,52.94902987919074,0.4064572317284648,89
2024-10-25,130.4484491930903,130.20746693956474,63.67981576423814,0.4881607727660988,97
2024-10-26,130.20746693956474,130.06013165168693,59.41739872185233,0.4563286585509775,94
2024-10-27,130.06013165168693,130.01726330803606,56.26641841539233,0.43261849500567173,92
2024-10-28,130.01726330803606,129.94828105826804,57.03039928078004,0.43863713040678287,94
2024-10-29,129.94828105826804,130.29839580066107,67.37169230985697,0.5184500461352614,99
2024-10-30,130.29839580066107,130.29261019719183,63.54735151574117,0.4877063230537391,97
2024-10-31,130.29261019719183,129.7860479635436,67.1109255224874,0.5150785253355361,100
2024-11-01,129.7860479635436,129.93612718850892,58.511845079832455,0.45083309028924434,96
2024-11-02,129.93612718850892,129.90017734341998,56.67946706271609,0.43621022335448384,91
2024-11-03,129.90017734341998,129.72650643732757,64.30356355761101,0.4950229081490032,96
2024-11-04,129.72650643732757,129.58015285052377,75.21711620621207,0.5798130102466789,107
2024-11-05,129.58015285052377,129.52707698358648,66.11495173677336,0.510224369105659,98
2024-11-06,129.52707698358648,130.17102844879312,71.67650827556136,0.5533708468125481,87
2024-11-07,130.17102844879312,130.76807944061326,62.70705041402223,0.48172816302738225,68
2024-11-08,130.76807944061326,130.74383658488617,57.60181235641248,0.4404883256129157,60
2024-11-09,130.74383658488617,130.75661877069518,56.382116444533935,0.43124110411069,56
2024-11-10,130.75661877069518,130.75661877069518,55.27008837454456,0.42269438361258344,55
2024-11-11,130.75661877069518,130.75661877069518,55.874941248285765,0.42732017525072546,57
2024-11-12,130.75661877069518,130.62625554081959,59.650639161797876,0.4561959442099509,64
2024-11-13,130.62625554081959,132.12478939736278,57.5989036216301,0.44094430620520186,63
2024-11-14,132.12478939736278,132.1807698584845,57.239071728988534,0.4332197764708871,68
2024-11-15,132.1807698584845,132.54253543208776,50.99476562937252,0.38579564700650926,72
2024-11-16,132.54253543208776,132.81092819098504,47.84695303780226,0.3609931927273122,68
2024-11-17,132.81092819098504,140.01075561226727,44.507322516991714,0.3351179238276929,65
2024-11-18,140.01075561226727,139.98982856140057,49.57962722871315,0.3541129894764253,77
2024-11-19,139.98982856140057,139.97886582297394,50.81162060628566,0.3629665178423967,78
2024-11-20,139.97886582297394,141.1521911985454,48.01883948146037,0.3430434958816426,78
2024-11-21,141.1521911985454,143.03161492165748,52.21577075072382,0.36992532887624,76
2024-11-22,143.03161492165748,143.3350977282501,47.17047778354414,0.3297905697938233,70
2024-11-23,143.3350977282501,143.23925882377733,49.589559322111626,0.3459694108984303,67
2024-11-24,143.23925882377733,145.8442448277599,53.47456854199194,0.3733234099443365,69
2024-11-25,145.8442448277599,145.74681824683108,53.11233180657481,0.36417159874426147,71
2024-11-26,145.74681824683108,145.68303258648245,59.392458213773125,0.40750432104245593,75
2024-11-27,145.68303258648245,145.90878904472183,53.12043326495642,0.3646301997003138,70
2024-11-28,145.90878904472183,145.90878904472183,48.198444909058495,0.3303327045931785,65
2024-11-29,145.90878904472183,145.87195623655757,48.81254539157939,0.33454150165428403,67
2024-11-30,145.87195623655757,145.6600176773112,51.8727080529854,0.355604390256236,62
2024-12-01,145.6600176773112,147.96872871612305,54.30058539415364,0.3727899135262277,63
2024-12-02,147.96872871612305,147.8787865816149,52.7951579025816,0.3567994289108798,66
2024-12-03,147.8787865816149,147.94470566590357,46.84388005102645,0.31677214246800117,62
2024-12-04,147.94470566590357,148.0973439921032,52.973855477241266,0.35806523280981467,67
2024-12-05,148.0973439921032,147.86829695513,61.75113703763209,0.41696316336993033,77
2024-12-06,147.86829695513,149.53191455705027,54.478801035913754,0.3684278655920756,73
2024-12-07,149.53191455705027,149.9015853816492,44.06681202841842,0.29469837364789303,64
2024-12-08,149.9015853816492,149.9015853816492,41.6284018181794,0.2777048802532245,63
2024-12-09,149.9015853816492,149.69807097420224,72.45585267977872,0.4833561466031612,90
2024-12-10,149.69807097420224,150.38192551653296,79.23995271444795,0.5293318223726713,101
2024-12-11,150.38192551653296,150.69600987400887,73.53137170106308,0.48896415874778154,103
2024-12-12,150.69600987400887,151.74095029189286,71.81006330974547,0.47652265889311274,99
2024-12-13,151.74095029189286,151.80529225399042,68.54929913681215,0.4517521407698379,93
2024-12-14,151.80529225399042,151.70056446969903,66.03421556935274,0.4349928424028111,87
2024-12-15,151.70056446969903,151.57241877012478,67.36115050067764,0.4440402099764928,88
2024-12-16,151.57241877012478,151.67618802955565,64.4249194565893,0.42504381720196954,92
2024-12-17,151.67618802955565,151.64384701402565,62.68652250923433,0.4132917851088084,90
2024-12-18,151.64384701402565,150.90979683354377,72.04363449467743,0.47508445554018464,97
2024-12-19,150.90979683354377,149.27522685287653,60.07543190450296,0.39808834923266945,93
2024-12-20,149.27522685287653,148.92887970432417,71.46545926174882,0.47874962757339584,96
2024-12-21,148.92887970432417,148.92887970432417,62.90634090867641,0.42239182241595763,81
2024-12-22,148.92887970432417,148.84825360922116,62.90634090867641,0.42239182241595763,81
2024-12-23,148.84825360922116,148.81221016438695,64.40318456299693,0.4326767899613916,85
2024-12-24,148.81221016438695,148.60574686437593,49.31534845014892,0.33139315917472234,62
2024-12-25,148.60574686437593,148.60574686437593,45.39405613890993,0.30546635710083625,49
2024-12-26,148.60574686437593,148.47004210618212,48.99804624383768,0.32971838086824073,51
2024-12-27,148.47004210618212,148.4378470162569,45.60724097693921,0.30718143761501754,47
2024-12-28,148.4378470162569,148.4378470162569,44.67219544806059,0.3009488236727665,44
2024-12-29,148.4378470162569,148.37006930764005,44.67219544806059,0.3009488236727665,44
2024-12-30,148.37006930764005,147.7379436102541,46.786385449667264,0.31533573899367373,54
2024-12-31,147.7379436102541,147.70187325762782,25.00542422405986,0.16925526112659592,49
2025-01-01,147.70187325762782,147.80269454344722,26.913509313165857,0.18221508447778575,47
2025-01-02,147.80269454344722,147.81884079011297,46.01941437207262,0.31135707311848104,71
2025-01-03,147.81884079011297,148.194988008944,46.86637003635268,0.31705275041967035,72
2025-01-04,148.194988008944,148.194988008944,36.72161977474821,0.24779258912947824,59
2025-01-05,148.194988008944,148.194988008944,36.72161977474821,0.24779258912947824,59
2025-01-06,148.194988008944,148.2513351702072,45.832768915580694,0.30927340749752313,69
2025-01-07,148.2513351702072,148.18897884364475,55.76350913583585,0.3761416993095801,76
2025-01-08,148.18897884364475,147.9108221927391,69.38707904685566,0.4682337349801598,88
2025-01-09,147.9108221927391,147.83274086852492,74.67216043457204,0.504845820796456,85
2025-01-10,147.83274086852492,147.76921347650057,65.86110497554499,0.445510951015368,92
2025-01-11,147.76921347650057,147.78724331854056,62.74575872759018,0.42461996820175607,89
2025-01-12,147.78724331854056,147.7077440885651,60.29195467396907,0.40796453956459433,87
2025-01-13,147.7077440885651,146.65575557497806,79.30830539190846,0.5369271995945957,96
2025-01-14,146.65575557497806,146.4685434953223,69.32850633200437,0.4727295295039411,93
2025-01-15,146.4685434953223,146.47561639206577,71.36650651085435,0.4872480111276149,88
2025-01-16,146.47561639206577,146.52135397753597,64.29225500505095,0.43892803859560003,73
2025-01-17,146.52135397753597,146.53328226225847,67.72925953723674,0.46224838700044163,75
2025-01-18,146.53328226225847,146.53328226225847,64.40490598616213,0.43952407938896243,67
2025-01-19,146.53328226225847,146.69103036487041,65.61927992420222,0.44781143854240485,68
2025-01-20,146.69103036487041,146.69103036487041,54.87714918051671,0.3741002366948995,63
2025-01-21,146.69103036487041,146.47812535120164,57.53767276021872,0.39223715735790377,64
2025-01-22,146.47812535120164,146.49139637155832,51.776633850631406,0.35347690125395675,60
2025-01-23,146.49139637155832,147.53973800393732,58.114013480794235,0.3967059835609378,63
2025-01-24,147.53973800393732,147.66801153853635,36.58396720479253,0.24796009332628902,50
2025-01-25,147.66801153853635,147.2906858402581,33.01364037703402,0.2235666345951884,35
2025-01-26,147.2906858402581,146.90961043102158,40.87470074419055,0.27751042444408597,40
2025-01-27,146.90961043102158,146.91516908032497,64.0826077937974,0.43620432731244685,58
2025-01-28,146.91516908032497,146.63643278717723,55.51155162102102,0.37784765159729977,52
2025-01-29,146.63643278717723,146.52341140314596,61.03902742784075,0.416260995085925,59
2025-01-30,146.52341140314596,146.51288732364173,56.984636456475556,0.3889114777684739,58
2025-01-31,146.51288732364173,146.5164739913081,48.060003319375596,0.3280257743689998,47
2025-02-01,146.5164739913081,146.02713952539605,59.206535665337086,0.4040947345542143,50
2025-02-02,146.02713952539605,145.46431778768226,56.42037059913693,0.3863690734647629,52
2025-02-03,145.46431778768226,145.43607189704943,61.24374016691415,0.42102242734403555,69
2025-02-04,145.43607189704943,145.39949407012324,62.54383409922245,0.430043477408381,72
2025-02-05,145.39949407012324,145.54194442458737,61.33933900157675,0.42186762336321487,75
2025-02-06,145.54194442458737,145.38978142813735,64.58499526634012,0.4437552041899843,79
2025-02-07,145.38978142813735,145.4572916656085,63.08927221299309,0.43393195583127403,79
2025-02-08,145.4572916656085,145.24197204467708,64.1717193239041,0.44117224093123053,79
2025-02-09,145.24197204467708,145.82611110052758,77.22853927155698,0.5317232903433805,84
2025-02-10,145.82611110052758,145.49677757503238,74.2703887718033,0.5093078887676282,89
2025-02-11,145.49677757503238,145.50439150967594,70.06616126586864,0.4815650383028976,85
2025-02-12,145.50439150967594,145.26796911764694,72.24505058001084,0.4965145713502853,86
2025-02-13,145.26796911764694,144.25736551954563,70.71423620436553,0.4867847787360254,88
2025-02-14,144.25736551954563,144.3911541228066,45.530118576653166,0.31561728867483185,75
2025-02-15,144.3911541228066,144.3911541228066,43.94393467569932,0.3043395209537865,72
2025-02-16,144.3911541228066,144.3911541228066,46.485502932749995,0.3219414874488326,73
2025-02-17,144.3911541228066,144.40835927913554,46.485502932749995,0.3219414874488326,73
2025-02-18,144.40835927913554,144.57587816695286,53.13944394296601,0.3679803870650563,80
2025-02-19,144.57587816695286,144.61352285387684,44.52248788494336,0.30795239461405743,66
2025-02-20,144.61352285387684,144.69037773020233,47.36689784877344,0.32754127632057484,71
2025-02-21,144.69037773020233,144.4204661637512,52.70992674189033,0.364294623932603,78
2025-02-22,144.4204661637512,144.4204661637512,45.14330243857339,0.31258244511818456,70
2025-02-23,144.4204661637512,144.4204661637512,46.46658021635117,0.3217451200002707,71
2025-02-24,144.4204661637512,144.26702354687416,53.70232589498774,0.37184706102594445,87
2025-02-25,144.26702354687416,144.17649993798153,78.50571898677528,0.5441695340811394,106
2025-02-26,144.17649993798153,143.88842409873456,73.69396175699778,0.511137125597429,101
2025-02-27,143.88842409873456,143.69966887077743,71.09913183962404,0.4941268367136792,97
2025-02-28,143.69966887077743,142.4624108240265,87.60292526422778,0.6096251018017662,107
2025-03-01,142.4624108240265,142.29156117576883,67.34615190311271,0.4727292730311895,86
2025-03-02,142.29156117576883,142.99745603550394,70.48882622730653,0.49538304060234206,87
2025-03-03,142.99745603550394,141.5723297300913,87.34316076631805,0.610802200177828,96
2025-03-04,141.5723297300913,140.99092411282004,69.00480256094275,0.48741729893476304,91
2025-03-05,140.99092411282004,140.80961476724679,65.00596294502824,0.4610648760129474,87
2025-03-06,140.80961476724679,140.25360388062293,65.06225043302419,0.4620582943896959,88
2025-03-07,140.25360388062293,140.0328174840098,56.91562638791489,0.40580509030169887,82
2025-03-08,140.0328174840098,140.0328174840098,52.8265427234403,0.37724401802793484,76
2025-03-09,140.0328174840098,139.3133740003041,53.949927826283314,0.38526631682208207,77
2025-03-10,139.3133740003041,138.251062248248,54.79239041010756,0.39330316133171794,90
2025-03-11,138.251062248248,137.90742312195184,60.39566775974515,0.4368549997199788,89
2025-03-12,137.90742312195184,137.8898186230725,66.48241698095008,0.4820800467148134,94
2025-03-13,137.8898186230725,137.7955731264926,64.64256857441606,0.4687987062418233,92
2025-03-14,137.7955731264926,137.81405303028785,66.31328069479028,0.48124391219677637,96
2025-03-15,137.81405303028785,137.81405303028785,56.55260381101787,0.4103544055742205,78
2025-03-16,137.81405303028785,137.81405303028785,56.55260381101787,0.4103544055742205,78
2025-03-17,137.81405303028785,137.7218746543754,57.13677822060756,0.4145932650863292,80
2025-03-18,137.7218746543754,137.69994614639052,51.486568253032914,0.3738445209393408,71
2025-03-19,137.69994614639052,137.7413732504769,48.6516203121175,0.35331618982911844,65
2025-03-20,137.7413732504769,137.62878543634923,48.00666587686375,0.34852756832593534,63
2025-03-21,137.62878543634923,137.87980757039207,46.83046454254689,0.3402664958066139,62
2025-03-22,137.87980757039207,137.87980757039207,29.050192800569473,0.2106921478385326,52
2025-03-23,137.87980757039207,137.87980757039207,29.050192800569473,0.2106921478385326,52
2025-03-24,137.87980757039207,137.97651004198755,37.64040256564148,0.2729943073529809,61
2025-03-25,137.97651004198755,138.10516817429718,42.3557652163087,0.306978087816683,62
2025-03-26,138.10516817429718,138.06739322633177,43.03072564667846,0.31157940152081093,59
2025-03-27,138.06739322633177,138.09681563590425,40.8021426016512,0.2955233791860245,56
2025-03-28,138.09681563590425,137.70175175037693,47.17008879523183,0.3415726030902621,59
2025-03-29,137.70175175037693,138.53868153723866,39.795870365667724,0.28900046557003073,50
2025-03-30,138.53868153723866,138.4516685744931,46.55509936312538,0.33604404810660443,53
2025-03-31,138.4516685744931,138.31355514574727,61.604437912694074,0.44495265782620863,81
2025-04-01,138.31355514574727,138.32335073683106,46.51723949603913,0.3363172860897242,73
2025-04-02,138.32335073683106,138.27214085713197,51.30599688153133,0.37091349080419717,75
2025-04-03,138.27214085713197,137.8590812827299,61.52526914627373,0.4449578112039501,81
2025-04-04,137.8590812827299,137.1076837236146,60.45262034354205,0.43851025105529384,90
2025-04-05,137.1076837236146,137.1076837236146,51.82546021841775,0.3779909251686355,81
2025-04-06,137.1076837236146,136.3352380165185,53.922961510273495,0.393289128995665,82
2025-04-07,136.3352380165185,135.86185955728018,58.75177857451894,0.4309361206190913,90
2025-04-08,135.86185955728018,135.65665952290513,54.86893956300919,0.40385829946539276,87
2025-04-09,135.65665952290513,135.52381501876786,62.36966342319605,0.45976116205828554,92
2025-04-10,135.52381501876786,135.09676038695855,51.86442412509848,0.3826960163268433,75
2025-04-11,135.09676038695855,134.94831521330974,50.28330584076751,0.372202158636082,65
2025-04-12,134.94831521330974,134.94831521330974,55.17775538093173,0.40888065400233786,65
2025-04-13,134.94831521330974,134.85613843661937,55.17775538093173,0.40888065400233786,65
2025-04-14,134.85613843661937,134.53479148084452,53.03411811253437,0.3932643981012382,64
2025-04-15,134.53479148084452,134.50658861325928,44.596713329418186,0.3314883298107167,38
2025-04-16,134.50658861325928,134.38919500524426,44.29798281713575,0.3293368992094784,37
2025-04-17,134.38919500524426,134.49529108045792,38.901224669982625,0.2894669074285666,35
2025-04-18,134.49529108045792,134.51608471003357,27.0144241589647,0.200857769383198,28
2025-04-19,134.51608471003357,135.03847359419444,24.870786890567356,0.18489080279268819,27
2025-04-20,135.03847359419444,135.03847359419444,21.184374625083926,0.15687658532593693,25
2025-04-21,135.03847359419444,134.85437897344846,31.910710106817977,0.23630828502040976,33
2025-04-22,134.85437897344846,135.17785192859714,38.48014252718925,0.2853458880617115,36
2025-04-23,135.17785192859714,135.32731075244945,34.2967435047797,0.25371570131840626,30
2025-04-24,135.32731075244945,135.1929146511343,35.29772974372185,0.2608322706441054,30
2025-04-25,135.1929146511343,135.1929146511343,30.839987133913368,0.22811836858089823,27
2025-04-26,135.1929146511343,135.1929146511343,30.839987133913368,0.22811836858089823,27
2025-04-27,135.1929146511343,135.1929146511343,32.984120980627885,0.24397817789300205,28
2025-04-28,135.1929146511343,135.44444423494224,32.984120980627885,0.24397817789300205,28
2025-04-29,135.44444423494224,135.91638252888276,30.968759326944507,0.22864547528598536,31
2025-04-30,135.91638252888276,135.7144880815179,30.301833413842324,0.22294467267331122,32
2025-05-01,135.7144880815179,136.196084326647,28.701981680147153,0.21148797070882436,33
2025-05-02,136.196084326647,136.3126498879193,27.188012220600452,0.19962403732102796,32
2025-05-03,136.3126498879193,136.15157772770732,23.618715643287466,0.17326870002679534,29
2025-05-04,136.15157772770732,136.08217772770732,24.4942811465142,0.1799044972912534,29
2025-05-05,136.08217772770732,136.03035076579096,33.97870114050415,0.2496925145370145,33
2025-05-06,136.03035076579096,135.7886517369418,41.88328802454966,0.3078966406303093,37
2025-05-07,135.7886517369418,135.89378075151708,36.24530706240677,0.2669244196681725,37
2025-05-08,135.89378075151708,135.90169502041368,54.93244779482124,0.4042307712025886,51
2025-05-09,135.90169502041368,135.71144884987598,57.073384153116734,0.4199607969903818,52
2025-05-10,135.71144884987598,135.71144884987598,51.65418756897047,0.3806177592732824,46
2025-05-11,135.71144884987598,135.71144884987598,51.65418756897047,0.3806177592732824,46
2025-05-12,135.71144884987598,135.76109131595427,65.27620106861791,0.4809925884795943,68
2025-05-13,135.76109131595427,135.8302113591136,69.19753461099612,0.5097007834885031,74
2025-05-14,135.8302113591136,135.8567751695655,67.14436050935522,0.49432567201000777,72
2025-05-15,135.8567751695655,135.90738348058676,67.62671540582583,0.49777948373512915,75
2025-05-16,135.90738348058676,139.62589846685222,51.926421042791745,0.38207211199977964,59
2025-05-17,139.62589846685222,140.14114906006586,39.95989348886914,0.2861925611770068,53
2025-05-18,140.14114906006586,140.29255775195222,37.69311979616012,0.26896539702271516,51
2025-05-19,140.29255775195222,140.16641010985188,54.13459935657637,0.3858693591736378,57
2025-05-20,140.16641010985188,140.19027775544475,53.76918710469056,0.38360964700851163,57
2025-05-21,140.19027775544475,140.10041336062258,57.81060286402503,0.41237241119439727,61
2025-05-22,140.10041336062258,140.026002394969,68.6318716745753,0.4898762967809013,69
2025-05-23,140.026002394969,139.66212743051068,79.38247769440623,0.5669124043868181,88
2025-05-24,139.66212743051068,139.66212743051068,58.63152414050361,0.4198097595905225,75
2025-05-25,139.66212743051068,139.34069019473725,66.04024778937881,0.47285723770918026,78
2025-05-26,139.34069019473725,139.34069019473725,57.169121373974356,0.4102830357311778,74
2025-05-27,139.34069019473725,139.37463524320518,57.735034485282426,0.41434439864331185,76
2025-05-28,139.37463524320518,139.37463524320518,48.28486930930114,0.34643943085515727,54
2025-05-29,139.37463524320518,139.95277988522676,52.639901715640946,0.37768638191436815,62
2025-05-30,139.95277988522676,139.6404689732573,48.069123485837224,0.3434667287442094,67
2025-05-31,139.6404689732573,139.6404689732573,53.913864668462814,0.38609054427329315,63
2025-06-01,139.6404689732573,139.44886588151732,56.35938255483287,0.40360350383545557,64
2025-06-02,139.44886588151732,139.63506692695162,50.40389840428869,0.36145075892631745,66
2025-06-03,139.63506692695162,139.47976266437783,46.333513077544374,0.3318186047189936,62
2025-06-04,139.47976266437783,139.47976266437783,42.75779129339013,0.30655193611331094,60
2025-06-05,139.47976266437783,139.23289631360498,52.876671011112684,0.3790992327564164,69
2025-06-06,139.23289631360498,139.31653025270347,45.88348644276196,0.3295448680419249,70
2025-06-07,139.31653025270347,139.44980967327385,44.46351845383539,0.3191546500130595,65
2025-06-08,139.44980967327385,139.44980967327385,40.76858079597106,0.29235307593097803,61
2025-06-09,139.44980967327385,139.53301494188304,46.93189832444151,0.33655046524911975,72
2025-06-10,139.53301494188304,139.54998968413713,54.973715191917094,0.3939835687977804,72
2025-06-11,139.54998968413713,140.21689063637498,56.80701895961994,0.40707289974151306,77
2025-06-12,140.21689063637498,140.14523546951716,51.09055533765284,0.3643680522779968,76
2025-06-13,140.14523546951716,140.04802676483249,61.80056383229336,0.44097513287018264,81
2025-06-14,140.04802676483249,139.94726377961095,61.51483093342727,0.4392409686480087,74
2025-06-15,139.94726377961095,140.30812548059214,56.635312273530324,0.40469038653531414,72
2025-06-16,140.30812548059214,140.44876058020893,57.505130907417666,0.4098489001292513,75
2025-06-17,140.44876058020893,140.1041168544558,55.99937213245857,0.3987174532628066,74
2025-06-18,140.1041168544558,140.12592981228664,69.01940049716305,0.49262935341766145,94
2025-06-19,140.12592981228664,140.12592981228664,66.05043214993822,0.47136480905725076,89
2025-06-20,140.12592981228664,139.49357213524323,76.64986731530895,0.5470070201709953,101
2025-06-21,139.49357213524323,139.22645738237404,66.54467378651549,0.47704473236944867,93
2025-06-22,139.22645738237404,138.65681199720177,78.1352811945643,0.5612100075201379,99
2025-06-23,138.65681199720177,138.45226329378212,72.57191249870553,0.5233923343064465,99
2025-06-24,138.45226329378212,138.467405048438,54.62975694635756,0.3945746761137344,77
2025-06-25,138.467405048438,138.30565709804526,62.17602304033568,0.4490300299813199,76
2025-06-26,138.30565709804526,138.03174094104006,62.399087683147386,0.45116800709686444,74
2025-06-27,138.03174094104006,137.9469835699776,51.812556281163616,0.3753669694225999,65
2025-06-28,137.9469835699776,137.9469835699776,49.94189241542073,0.36203685737054386,60
2025-06-29,137.9469835699776,137.9469835699776,49.94189241542073,0.36203685737054386,60
2025-06-30,137.9469835699776,138.553799908787,56.08653872309344,0.40658039249290234,66
2025-07-01,138.553799908787,138.38855482547737,54.05475837383822,0.39013551710183086,66
2025-07-02,138.38855482547737,141.01420700628395,52.068527446064024,0.37624879826028934,68
2025-07-03,141.01420700628395,141.07950167400824,33.760666790655975,0.23941323010915852,57
2025-07-04,141.07950167400824,140.90631590968533,37.9738542627996,0.26916634813855245,46
2025-07-05,140.90631590968533,140.88050817519192,33.946352703560834,0.24091434428900216,44
2025-07-06,140.88050817519192,140.8782972930942,31.39205686160288,0.22282753851629564,43
2025-07-07,140.8782972930942,141.0778304369997,37.663307961769384,0.26734641662662706,47
2025-07-08,141.0778304369997,141.1148208721184,36.80232907353001,0.2608654312270886,44
2025-07-09,141.1148208721184,142.12061323315885,51.750972381271886,0.36672953316625645,60
2025-07-10,142.12061323315885,142.15993506374562,54.13756108629465,0.38092687510064555,67
2025-07-11,142.15993506374562,142.1850657914833,57.07618141064167,0.4014927369307552,73
2025-07-12,142.1850657914833,142.13396256754427,55.60978044508526,0.3911084482433472,68
2025-07-13,142.13396256754427,142.27430597824383,53.10474507941754,0.37362460118693547,66
2025-07-14,142.27430597824383,142.2855808874305,52.994289710678025,0.3724796922838742,70
2025-07-15,142.2855808874305,142.62472231836054,56.305939041630694,0.39572484218325144,76
2025-07-16,142.62472231836054,142.67197898886243,57.03230699441181,0.3998767259094594,88
2025-07-17,142.67197898886243,142.62678225625652,58.65635371776026,0.41112735754747765,90
2025-07-18,142.62678225625652,142.68640525727872,57.98533978210765,0.4065529549557236,86
2025-07-19,142.68640525727872,142.9309401551456,54.55966173413878,0.3823746322276598,81
2025-07-20,142.9309401551456,142.9309401551456,52.56345061916145,0.3677541794807059,80
2025-07-21,142.9309401551456,142.96509795108358,53.539127812211355,0.3745803935389836,82
2025-07-22,142.96509795108358,143.04688429793376,54.86473212664303,0.38376312060035345,83
2025-07-23,143.04688429793376,143.99977896650222,56.66002475606561,0.39609408505574867,86
2025-07-24,143.99977896650222,146.12957265711995,60.33143137140187,0.4189689165108816,85
2025-07-25,146.12957265711995,147.43135497303834,54.49188527271423,0.372901147124919,77
2025-07-26,147.43135497303834,147.4986906882552,50.97150822610292,0.3457304467928439,70
2025-07-27,147.4986906882552,147.65646285380274,49.804562052693846,0.33766104512722706,69
2025-07-28,147.65646285380274,147.6541801327521,47.336274166925904,0.3205838285168349,71
2025-07-29,147.6541801327521,147.42776622976848,51.74326601529607,0.35043549711071525,72
2025-07-30,147.42776622976848,147.07527663720128,73.3151010347893,0.4972950680167436,88
2025-07-31,147.07527663720128,146.7310700985578,70.31989412755004,0.4781217872600846,83
2025-08-01,146.7310700985578,146.03608841695308,77.51051588757743,0.5282488285236002,101
2025-08-02,146.03608841695308,145.8493701630226,76.36114433311239,0.5228922875220462,100
2025-08-03,145.8493701630226,145.8493701630226,73.94258589252007,0.5069791238033529,99
2025-08-04,145.8493701630226,145.678307726998,74.24631448003672,0.50906160511388,100
2025-08-05,145.678307726998,145.68990746494347,65.74044332646432,0.45127132757240895,93
2025-08-06,145.68990746494347,145.6816968564747,65.01376032602043,0.4462475229566902,93
2025-08-07,145.6816968564747,145.92631817415202,67.11216358999262,0.4606767015908071,91
2025-08-08,145.92631817415202,145.7889450838405,63.9135027839577,0.4379847554824331,88
2025-08-09,145.7889450838405,145.7889450838405,56.4680967479736,0.38732769974774045,79
2025-08-10,145.7889450838405,145.7889450838405,56.4680967479736,0.38732769974774045,79
2025-08-11,145.7889450838405,145.75526850515632,62.27948002231974,0.4271893180000992,85
2025-08-12,145.75526850515632,148.55885020347228,65.05570658335282,0.4463351976951102,90
2025-08-13,148.55885020347228,149.2325425240774,47.911806554489246,0.32251061777112083,80
2025-08-14,149.2325425240774,149.28672650198078,38.83065175544207,0.2602023064049658,65
2025-08-15,149.28672650198078,149.31647252328182,38.36173199579587,0.25696679734810096,63
2025-08-16,149.31647252328182,149.31647252328182,31.53488621818743,0.21119495850178505,46
2025-08-17,149.31647252328182,149.31647252328182,31.53488621818743,0.21119495850178505,46
2025-08-18,149.31647252328182,152.1444085461803,52.66824478662474,0.3527289648395127,59
2025-08-19,152.1444085461803,151.72502183637638,59.62016515522255,0.3918656342676312,68
2025-08-20,151.72502183637638,151.70082467453213,71.41854540174359,0.470710397911578,85
2025-08-21,151.70082467453213,151.39205230743457,66.6642133438612,0.4394452929763996,81
2025-08-22,151.39205230743457,151.25993348322194,67.70927102426828,0.4472445547324363,81
2025-08-23,151.25993348322194,151.25993348322194,59.80649837986321,0.3953888977909478,71
2025-08-24,151.25993348322194,150.56773966069986,62.119954069080755,0.4106834681106826,72
2025-08-25,150.56773966069986,150.81713250042395,60.89148062454153,0.40441253061086496,74
2025-08-26,150.81713250042395,150.87158199996117,52.57061922567134,0.3485719318096938,73
2025-08-27,150.87158199996117,150.8694870308116,48.4830934748009,0.32135338432928595,63
2025-08-28,150.8694870308116,150.93832945896457,50.73473616319587,0.33628228717205405,64
2025-08-29,150.93832945896457,150.30847658159584,59.90669737981159,0.3968951928548961,69
2025-08-30,150.30847658159584,150.18451484050453,52.23938194412285,0.34754781055720696,64
2025-08-31,150.18451484050453,150.18451484050453,47.072985387257695,0.31343434732435,63
2025-09-01,150.18451484050453,149.9657837137325,55.81765309065834,0.37166050807525997,68
2025-09-02,149.9657837137325,150.0018374582016,54.056569798544295,0.3604593558603481,84
2025-09-03,150.0018374582016,150.0453818719329,50.746778136837555,0.3383077100704068,84
2025-09-04,150.0453818719329,150.0357866060438,55.31319714938738,0.36864311623131746,89
2025-09-05,150.0357866060438,150.03295841575346,65.5065841725082,0.43660639674261176,91
2025-09-06,150.03295841575346,149.87814344393135,63.022079424257285,0.4200549005347079,85
2025-09-07,149.87814344393135,149.95195310978272,58.04123195258442,0.3872561443510097,83
2025-09-08,149.95195310978272,149.901335888441,61.67201058523153,0.4112784749130961,90
2025-09-09,149.901335888441,149.94290576083824,59.40184125620483,0.3962729278170853,82
2025-09-10,149.94290576083824,149.79095958967315,63.493468463325705,0.42345096716078706,89
2025-09-11,149.79095958967315,150.82761179566154,59.646754363537624,0.39819996164608173,80
2025-09-12,150.82761179566154,150.82322375607887,49.203154764001155,0.3262211353625401,70
2025-09-13,150.82322375607887,150.82322375607887,48.58785429299594,0.3221510128412013,66
2025-09-14,150.82322375607887,151.05699562067548,57.3221320682846,0.38006170827504443,70
2025-09-15,151.05699562067548,150.9576068177994,54.17878488584371,0.35866452038999874,73
2025-09-16,150.9576068177994,150.9030308921919,52.572342211091865,0.34825898024830815,77
2025-09-17,150.9030308921919,150.96710606028026,48.70343875912897,0.3227465907820212,67
2025-09-18,150.96710606028026,151.054005166358,43.52422563448552,0.2883027089166468,65
2025-09-19,151.054005166358,151.38954749890914,49.677174664540175,0.3288702911904254,63
2025-09-20,151.38954749890914,151.29035258879057,46.00514114635935,0.30388584883438435,54
2025-09-21,151.29035258879057,151.12752874272695,47.53893011969413,0.3142231431564288,55
2025-09-22,151.12752874272695,151.4404643404435,55.92943704267195,0.37008106668563234,66
2025-09-23,151.4404643404435,151.4404643404435,52.10208824870165,0.34404337358326054,65
2025-09-24,151.4404643404435,151.26638470891749,66.91575519605921,0.4418617935932251,78
2025-09-25,151.26638470891749,151.3149308526389,67.19642058224548,0.44422573271352933,79
2025-09-26,151.3149308526389,151.36923628755156,66.1571798083711,0.4372151474780741,80
2025-09-27,151.36923628755156,151.26613201290405,64.67431113765376,0.4272619240464022,78
2025-09-28,151.26613201290405,150.46106209007598,65.3687122143453,0.43214374126237914,78
2025-09-29,150.46106209007598,150.72223568311634,68.62680739632049,0.45611008219014115,78
2025-09-30,150.72223568311634,150.51447550425547,69.7670555603371,0.46288495684882075,84
2025-10-01,150.51447550425547,150.59676000878667,71.08954922382954,0.4723103806837478,91
2025-10-02,150.59676000878667,154.83059479211752,73.54086388301445,0.48832965515807686,94
2025-10-03,154.83059479211752,154.79156506525257,69.57268083293089,0.4493471133811911,91
2025-10-04,154.79156506525257,154.79156506525257,67.30366846182974,0.43480191206450947,86
2025-10-05,154.79156506525257,154.79156506525257,67.30366846182974,0.43480191206450947,86
2025-10-06,154.79156506525257,155.81038625931572,72.77072839877135,0.47012076121909335,97
2025-10-07,155.81038625931572,155.96022406857443,65.94786095346797,0.4232571559363875,92
2025-10-08,155.96022406857443,155.77020903997885,60.487073435482074,0.3878365384297371,89
2025-10-09,155.77020903997885,155.5293932628406,60.4201572557708,0.3878800550384047,89
2025-10-10,155.5293932628406,154.96036639881117,73.70767834226312,0.47391478096811623,99
2025-10-11,154.96036639881117,155.02117292490692,63.69224023102107,0.4110227777024003,92
2025-10-12,155.02117292490692,155.3478643826064,64.06101587806734,0.4132404281904049,92
2025-10-13,155.3478643826064,155.32313877370524,62.5117687843966,0.4023986363303734,92
2025-10-14,155.32313877370524,155.2178066449636,63.715819701111016,0.41021460295069384,100
2025-10-15,155.2178066449636,155.2326548357909,51.41842269723547,0.33126626260637126,79
2025-10-16,155.2326548357909,155.19091191068094,50.52596417681804,0.3254854091767335,77
2025-10-17,155.19091191068094,155.0269354143294,52.25651524820814,0.3367240684704786,78
2025-10-18,155.0269354143294,155.0269354143294,46.54949711166974,0.30026715671867105,69
2025-10-19,155.0269354143294,155.21810476890082,46.54949711166974,0.30026715671867105,69
2025-10-20,155.21810476890082,155.37641788340144,61.01955206637718,0.393121357571188,77
2025-10-21,155.37641788340144,154.9464684590944,53.85137155642249,0.3465865173750754,67
2025-10-22,154.9464684590944,154.6978951018431,52.992712520941936,0.3420065849060117,71
2025-10-23,154.6978951018431,155.39262265372878,52.64575836704222,0.34031334642519634,74
2025-10-24,155.39262265372878,155.41220862512967,53.40543643450438,0.34368064276456095,70
2025-10-25,155.41220862512967,155.34610891933573,55.02612757978457,0.3540656687565215,66
2025-10-26,155.34610891933573,155.34610891933573,52.74675348844294,0.3395434482097776,65
2025-10-27,155.34610891933573,155.3820512037818,54.358666306130694,0.34991971594445737,67
2025-10-28,155.3820512037818,155.4570577232112,61.744875570936955,0.3973745686363688,75
2025-10-29,155.4570577232112,155.5167289707276,60.61077096904455,0.3898875474470967,72
2025-10-30,155.5167289707276,155.42662313521373,73.596041819479,0.4732355310362253,81
2025-10-31,155.42662313521373,155.45761707670516,68.46835726396593,0.44051884987813017,77
2025-11-01,155.45761707670516,156.46736231699384,70.13947071166638,0.45118066281087077,75
2025-11-02,156.46736231699384,156.46116520669543,64.42503188357728,0.4117474144739264,73
2025-11-03,156.46116520669543,156.12738015149452,65.3086444662906,0.4174112111463162,84
2025-11-04,156.12738015149452,156.41259176233686,75.90747604451094,0.4861893920903298,89
2025-11-05,156.41259176233686,156.39402692850686,74.09659009860287,0.4737252241890467,91
2025-11-06,156.39402692850686,156.21932756657074,71.60322629066289,0.45783862527815855,90
2025-11-07,156.21932756657074,156.19763010935816,69.06669292457283,0.44211362320159137,87
2025-11-08,156.19763010935816,156.19763010935816,66.40871112033443,0.4251582503130163,82
2025-11-09,156.19763010935816,156.0950430449336,66.40871112033443,0.4251582503130163,82
2025-11-10,156.0950430449336,156.45644404167982,75.8911615670677,0.48618559620257534,88
2025-11-11,156.45644404167982,156.36967424549053,76.06692118097638,0.4861859263573205,87
2025-11-12,156.36967424549053,156.29705047620536,69.26667866234655,0.4429674679350053,80
2025-11-13,156.29705047620536,156.27016738473498,66.33411218029389,0.42441051816516895,78
2025-11-14,156.27016738473498,157.015025288889,67.55736210138902,0.4323113184813051,85
2025-11-15,157.015025288889,157.015025288889,37.24812784197934,0.23722651875798004,64
2025-11-16,157.015025288889,157.015025288889,61.84087744337559,0.393853246398526,72
2025-11-17,157.015025288889,157.6363225917026,76.92023232564281,0.4898909017408921,89
2025-11-18,157.6363225917026,156.95672501695392,78.936328308112,0.5007496179200194,91
2025-11-19,156.95672501695392,155.5029108063015,94.09037513634993,0.5994669876438019,101
2025-11-20,155.5029108063015,154.9635468733512,77.86339206956444,0.5007198364701554,96
2025-11-21,154.9635468733512,153.8219892093715,66.47700572277428,0.4289847971607458,93
2025-11-22,153.8219892093715,153.8219892093715,59.89590409435911,0.38938453729676503,84
2025-11-23,153.8219892093715,153.83272757117476,59.89590409435911,0.38938453729676503,84
2025-11-24,153.83272757117476,153.78055540491115,61.79237933591235,0.401685521095129,86
2025-11-25,153.78055540491115,153.8331481223666,55.549635083279576,0.36122665142556465,78
2025-11-26,153.8331481223666,153.81222249783926,51.85902649008146,0.3371121707060834,75
2025-11-27,153.81222249783926,153.81222249783926,48.9154572633137,0.318020612854748,70
2025-11-28,153.81222249783926,153.84982778233038,50.558568069586805,0.32870318917794095,72
2025-11-29,153.84982778233038,153.84982778233038,50.71638777858803,0.32964864835820634,67
2025-11-30,153.84982778233038,153.71015340871736,50.71638777858803,0.32964864835820634,67
2025-12-01,153.71015340871736,153.57163600440308,59.29767195246083,0.38577589467878237,72
2025-12-02,153.57163600440308,153.06185293451537,55.2461083347234,0.3597416148717686,63
2025-12-03,153.06185293451537,153.26683507128797,61.85998657542734,0.40415025291698886,67
2025-12-04,153.26683507128797,153.15630072446103,71.45387545786002,0.46620572170505875,66
2025-12-05,153.15630072446103,152.68591693160963,69.53285770040279,0.45399932860416425,64
2025-12-06,152.68591693160963,152.68591693160963,57.412369909383656,0.37601614518973314,56
2025-12-07,152.68591693160963,152.17255047279613,57.412369909383656,0.37601614518973314,56
2025-12-08,152.17255047279613,152.45782663731026,51.324111612349455,0.33727575343179034,60
2025-12-09,152.45782663731026,152.46190188473747,53.2400377343582,0.34921157482464743,58
2025-12-10,152.46190188473747,152.4596637807935,63.03624115403562,0.4134556920435872,71
2025-12-11,152.4596637807935,154.3759544210246,70.71559279709967,0.4638314885619487,78
2025-12-12,154.3759544210246,154.22634946279265,65.78633101811725,0.4261436391751807,77
2025-12-13,154.22634946279265,154.8323141285255,58.526107548186985,0.37948189626511586,72
2025-12-14,154.8323141285255,154.63260974225656,66.56668586238018,0.4299276041764998,75
2025-12-15,154.63260974225656,154.58277435493173,72.57963726014292,0.4693682489167033,83
2025-12-16,154.58277435493173,154.40699162535128,79.12807955265833,0.5118816108900679,95
2025-12-17,154.40699162535128,154.1595966901385,78.55370361092368,0.5087444731876141,98
2025-12-18,154.1595966901385,153.6369452256255,70.30933698265392,0.4560814797925037,95
2025-12-19,153.6369452256255,153.94080834269937,77.32501396504703,0.5032970022379083,98
2025-12-20,153.94080834269937,153.94080834269937,66.26322226219673,0.4304461109148077,82
2025-12-21,153.94080834269937,153.84113454402038,66.26322226219673,0.4304461109148077,82
2025-12-22,153.84113454402038,154.00483123152702,70.0567231339179,0.4553835574702665,89
2025-12-23,154.00483123152702,153.9946869321827,64.19987753528467,0.41686924378864565,80
2025-12-24,153.9946869321827,154.18676810880166,67.11168561000042,0.43580520177008153,82
2025-12-25,154.18676810880166,153.97326669143288,56.68078977643659,0.3676112449314709,66
2025-12-26,153.97326669143288,153.9416408050835,59.35562773051279,0.385493072959628,70
2025-12-27,153.9416408050835,153.9416408050835,56.10173260416636,0.3644350697495863,60
2025-12-28,153.9416408050835,154.76268167708406,60.36671691427307,0.3921402721094007,62
2025-12-29,154.76268167708406,154.55947872119197,58.5753841687393,0.378485197684531,65
2025-12-30,154.55947872119197,154.56270085888863,45.61489526855307,0.2951284233485107,57
2025-12-31,154.56270085888863,154.49207932383263,58.96440800941747,0.38149183264628833,71
2026-01-01,154.49207932383263,154.4186128014489,56.95041247725251,0.3686299823687278,62
2026-01-02,154.4186128014489,154.8063907246693,73.44671429525421,0.4756338174705133,90
2026-01-03,154.8063907246693,154.8063907246693,68.26125230343854,0.44094595826372884,80
2026-01-04,154.8063907246693,154.93802662360406,68.26125230343854,0.44094595826372884,80
2026-01-05,154.93802662360406,155.32562012312104,74.63550764355621,0.4817120062131077,100
2026-01-06,155.32562012312104,155.6062729010483,71.56993092460547,0.4607735083746941,93
2026-01-07,155.6062729010483,155.64601023402935,70.67924455473843,0.45421847870930065,92
2026-01-08,155.64601023402935,155.7828733712123,66.56993510074095,0.42770087714196076,85
2026-01-09,155.7828733712123,155.75373020534155,60.00114283485014,0.3851587888732445,80
2026-01-10,155.75373020534155,156.24715622557852,57.371782574695956,0.36834933262310016,75
2026-01-11,156.24715622557852,156.24715622557852,52.1169940706079,0.33355483280198134,73
2026-01-12,156.24715622557852,156.36536489344857,53.11154866374157,0.3399200980468592,76
2026-01-13,156.36536489344857,156.38354135937027,55.32687560894671,0.3538307581518956,78
2026-01-14,156.38354135937027,157.7854872038945,64.92461068844467,0.41516268351570035,83
2026-01-15,157.7854872038945,157.50966776806516,66.64732927865812,0.4223920112027459,84
2026-01-16,157.50966776806516,157.22469061113918,74.85896026722257,0.475265812746512,88
2026-01-17,157.22469061113918,157.22469061113918,63.12773887083701,0.4015128834119931,69
2026-01-18,157.22469061113918,156.81154331526244,64.47234306498481,0.41006500196869855,70
2026-01-19,156.81154331526244,156.62652082832395,51.966516564521726,0.33139471409987603,65
2026-01-20,156.62652082832395,156.0504669357895,54.32131568391653,0.3468206750468354,76
2026-01-21,156.0504669357895,155.91225155593153,67.86012391411234,0.4348601144656294,76
2026-01-22,155.91225155593153,155.90629279638574,65.84253662415276,0.42230508486071466,73
2026-01-23,155.90629279638574,156.04858887777715,63.10865187775285,0.40478578988580666,69
2026-01-24,156.04858887777715,156.00528218305575,60.435875337084525,0.38728882953513966,64
2026-01-25,156.00528218305575,155.57733917584122,64.1685380409782,0.4113228548613065,66
2026-01-26,155.57733917584122,155.6906697543791,49.49866239743424,0.3181611323323148,62
2026-01-27,155.6906697543791,156.01834539838947,49.44825811731417,0.31760578970676145,62
2026-01-28,156.01834539838947,155.93750964642345,54.88817679736006,0.3518059152415973,71
2026-01-29,155.93750964642345,155.26858575561837,72.3835277323115,0.4641829146587995,82
2026-01-30,155.26858575561837,155.10503309588884,76.25502888386795,0.49111691532946594,85
2026-01-31,155.10503309588884,154.39467402874206,58.99945227413102,0.38038386696101895,76
2026-02-01,154.39467402874206,154.39467402874206,53.76520653866523,0.34823226174664756,74
2026-02-02,154.39467402874206,154.07155677427522,63.09207049298976,0.40864149550420736,80
2026-02-03,154.07155677427522,153.57720716770652,68.41033610611576,0.44401664744870023,87
2026-02-04,153.57720716770652,152.82200017895818,63.93516531101427,0.4163063418727037,89
2026-02-05,152.82200017895818,152.78219534906736,55.02236485840301,0.36004217189914095,80
2026-02-06,152.78219534906736,153.27141981892362,75.85619318074458,0.4964989081838562,93
2026-02-07,153.27141981892362,153.27141981892362,69.51064863352974,0.4535134385500592,82
2026-02-08,153.27141981892362,153.27141981892362,69.51064863352974,0.4535134385500592,82
2026-02-09,153.27141981892362,153.1322940085383,80.46123885088346,0.5249591799041281,89
2026-02-10,153.1322940085383,153.150110171416,78.76651169202673,0.5143690441131568,87
2026-02-11,153.150110171416,152.49248625190265,77.14479633596076,0.5037201491374382,83
2026-02-12,152.49248625190265,152.49401452451715,65.88855980966241,0.43207741856094445,80
2026-02-13,152.49401452451715,152.44002425288272,75.25448006394937,0.49349136947175304,90
2026-02-14,152.44002425288272,152.44002425288272,71.88795078352673,0.471581863987845,85
2026-02-15,152.44002425288272,152.62162270703394,71.88795078352673,0.471581863987845,85
2026-02-16,152.62162270703394,152.93355036441008,69.87244263608608,0.457814832503847,84
2026-02-17,152.93355036441008,152.8818749930496,48.349931331574936,0.31614993058335933,76
2026-02-18,152.8818749930496,152.95731013702635,53.47032307787974,0.3497492628234095,78
2026-02-19,152.95731013702635,152.99859251108302,46.22260473642365,0.30219284514754646,68
2026-02-20,152.99859251108302,153.80340806839766,41.293432995365876,0.26989420175466405,58
2026-02-21,153.80340806839766,153.80340806839766,35.14252151160045,0.22848987517865843,51
2026-02-22,153.80340806839766,153.80340806839766,35.14252151160045,0.22848987517865843,51
2026-02-23,153.80340806839766,153.793489765747,55.932346821024,0.36366129673895403,68
2026-02-24,153.793489765747,153.86959452534856,71.25105548622054,0.4632904526371546,83
2026-02-25,153.86959452534856,153.9686917007699,56.2957611188655,0.3658667022066618,74
2026-02-26,153.9686917007699,153.52538376092667,65.89599557905976,0.42798308442553484,76
2026-02-27,153.52538376092667,153.28815047361343,62.89509925255648,0.40967231419201794,77
2026-02-28,153.28815047361343,153.28815047361343,50.474415116160785,0.32927799676759295,63
2026-03-01,153.28815047361343,153.14538528298232,50.474415116160785,0.32927799676759295,63
2026-03-02,153.14538528298232,153.08948798876386,54.1816543215747,0.3537922753693018,73
2026-03-03,153.08948798876386,153.46239443788957,62.28628439802668,0.4068619290345934,83
2026-03-04,153.46239443788957,153.50019558178406,61.87797172325023,0.40321260429892447,81
2026-03-05,153.50019558178406,153.61320439555615,69.67635123341955,0.4539170192541962,91
2026-03-06,153.61320439555615,154.62880966130862,67.14947010340347,0.43713345065371234,92
2026-03-07,154.62880966130862,154.62880966130862,53.36283782628837,0.3451028171475401,83
2026-03-08,154.62880966130862,154.4301394647644,58.168905511420384,0.37618413825231345,85
2026-03-09,154.4301394647644,154.65457807356245,60.167957018356475,0.3896127869008673,94
2026-03-10,154.65457807356245,154.74304083216182,58.37979129132305,0.37748505099897095,84
2026-03-11,154.74304083216182,154.6292553174599,58.69186070874836,0.37928594651572745,71
2026-03-12,154.6292553174599,154.52528464359966,59.28173510185734,0.38337981373673197,71
2026-03-13,154.52528464359966,154.5040447731816,62.4600543014776,0.4042060459266376,80
2026-03-14,154.5040447731816,154.5040447731816,61.138722274661404,0.395709525691807,76
2026-03-15,154.5040447731816,154.5040447731816,61.138722274661404,0.395709525691807,76
2026-03-16,154.5040447731816,154.3836615935079,76.86251904576679,0.4974790087767876,87
2026-03-17,154.3836615935079,154.07171142645018,79.39574845563638,0.514275588725738,84
2026-03-18,154.07171142645018,154.834115357622,74.98522247190951,0.48669039746277826,78
2026-03-19,154.834115357622,154.40675382260568,52.65028327786698,0.3400431691443456,79
2026-03-20,154.40675382260568,154.318394464658,49.712714553600826,0.3219594565838396,82
2026-03-21,154.318394464658,154.26950549585447,52.96507422737736,0.34321944840806007,80
2026-03-22,154.26950549585447,154.24275758888407,57.891248946445,0.3752604817158804,82
2026-03-23,154.24275758888407,154.0315732311035,67.59479181308726,0.4382364064914686,90
2026-03-24,154.0315732311035,154.00658120976362,63.38571474737566,0.41151118188135355,85
2026-03-25,154.00658120976362,153.8900756728967,77.19939474926196,0.501273349118198,96
2026-03-26,153.8900756728967,153.53597392617905,74.35003211351554,0.483137276971332,85
2026-03-27,153.53597392617905,152.64243646515217,71.80458295203906,0.46767269660570293,88
2026-03-28,152.64243646515217,152.53523556084687,56.335490428141085,0.36906833861370075,74
2026-03-29,152.53523556084687,152.33660062077053,68.35291088373269,0.4481122714526275,79
2026-03-30,152.33660062077053,152.29246143330244,56.81639296242625,0.3729661337518355,79
2026-03-31,152.29246143330244,152.27730681808447,57.74519728870117,0.3791730512806183,78
2026-04-01,152.27730681808447,152.28117610235068,63.69835905970186,0.41830500151803995,79
2026-04-02,152.28117610235068,151.82485751984433,76.28647028164832,0.5009579794049852,84
2026-04-03,151.82485751984433,151.75187663131788,62.39540801421173,0.41096964642997486,63
2026-04-04,151.75187663131788,151.75187663131788,60.06296937251181,0.39579720993128253,62
2026-04-05,151.75187663131788,151.37868319572488,64.65712218132998,0.4260713186329475,64
2026-04-06,151.37868319572488,151.30680453705216,63.18608160564622,0.41740409066678075,66
2026-04-07,151.30680453705216,151.13339175949812,68.83978954492443,0.4549682332896461,66
2026-04-08,151.13339175949812,151.40320872712917,69.15296519139105,0.4575624511983141,66
2026-04-09,151.40320872712917,151.4978290749718,56.542923693078336,0.37345921640924046,57
2026-04-10,151.4978290749718,151.41952849540561,57.22771887518858,0.377746131575709,57
2026-04-11,151.41952849540561,151.41952849540561,58.091074146727145,0.38364321117595973,56
2026-04-12,151.41952849540561,151.47111574435286,63.00683645561212,0.41610773116047495,58
2026-04-13,151.47111574435286,152.83962618851965,61.26695513434745,0.4044794602143914,59
2026-04-14,152.83962618851965,152.9632879454817,62.738772994345936,0.41048761083045937,59
2026-04-15,152.9632879454817,153.10391088729526,70.92483105463222,0.463672244544788,71
2026-04-16,153.10391088729526,153.09483435419838,74.11159687696909,0.4840607692348567,77
2026-04-17,153.09483435419838,153.7212419730025,71.96064207233567,0.4700396481428524,76
2026-04-18,153.7212419730025,153.56135308411362,63.398127966868294,0.4124226889736077,65
2026-04-19,153.56135308411362,154.02952077791073,62.89023441832008,0.4095446748497442,64
2026-04-20,154.02952077791073,154.11180544503355,53.43336047986942,0.34690337417145467,60
2026-04-21,154.11180544503355,154.08127210668817,51.95195693776215,0.3371056278767148,60
2026-04-22,154.08127210668817,153.95172270654237,53.32301687755226,0.3460707206559835,63
2026-04-23,153.95172270654237,154.37617950536364,62.11655007427161,0.40348070799231067,73
2026-04-24,154.37617950536364,157.52024868511492,61.41259817326539,0.3978113616364737,71
2026-04-25,157.52024868511492,157.4984459862741,54.03970728464795,0.34306514708895647,64
2026-04-26,157.4984459862741,159.0051459862741,52.039165108330444,0.33041065759382554,63
2026-04-27,159.0051459862741,159.89250908735164,66.8200141631794,0.4202380605275979,72
2026-04-28,159.89250908735164,159.81644821404782,64.41528994220414,0.40286621499580766,77
2026-04-29,159.81644821404782,159.50978115631824,80.40110435338835,0.5030840395458188,89
2026-04-30,159.50978115631824,159.0349476999809,67.93561874231553,0.42590252616382934,84
2026-05-01,159.0349476999809,158.92046911925937,63.719416477354976,0.4006629825638169,76
2026-05-02,158.92046911925937,158.84163565706368,66.66990485160679,0.41951741787003793,73
2026-05-03,158.84163565706368,158.79336955252612,68.07792123004761,0.4285899030719292,74
2026-05-04,158.79336955252612,158.94020312163244,73.72673686154509,0.46429354745292156,79
2026-05-05,158.94020312163244,158.91098249712994,80.28524370536618,0.5051286089267557,84
2026-05-06,158.91098249712994,158.88140089730408,88.36928806462282,0.5560930193494892,92
2026-05-07,158.88140089730408,158.6886593856855,91.02007149273962,0.5728805950771552,97
2026-05-08,158.6886593856855,163.07952395149115,92.69573745773693,0.5841358658935053,96
2026-05-09,163.07952395149115,163.89357461042343,89.85194731259244,0.5509701349098822,92
2026-05-10,163.89357461042343,163.89357461042343,75.3838652518808,0.45995619676408284,86
2026-05-11,163.89357461042343,163.89843463342018,78.70145681393454,0.4801985495832198,93
2026-05-12,163.89843463342018,166.0236845589231,83.27978012778694,0.5081182154915196,95
2026-05-13,166.0236845589231,165.95528537933941,66.3587511311618,0.3996944852022638,78
2026-05-14,165.95528537933941,166.76181751329753,62.94582107988443,0.3792938618134597,71
2026-05-15,166.76181751329753,166.8747760823289,56.99471936549068,0.3417731961391338,69
2026-05-16,166.8747760823289,167.3827749766273,62.205991047572084,0.3727704839998245,69
2026-05-17,167.3827749766273,167.1709791866609,63.17446324678947,0.37742511590939337,69
2026-05-18,167.1709791866609,167.03281553366793,74.98032722799903,0.4485247833852608,79
2026-05-19,167.03281553366793,166.80023168445152,67.25286478547984,0.40263264778605157,82
2026-05-20,166.80023168445152,166.83159428990245,71.54931560301591,0.42895213562035756,89
2026-05-21,166.83159428990245,167.03955863582377,74.98803054500668,0.4494833899069522,88
2026-05-22,167.03955863582377,166.82292646490234,68.3476968431236,0.40917072220080425,78
2026-05-23,166.82292646490234,166.73638358839528,71.99947132503499,0.43159218490381096,74
2026-05-24,166.73638358839528,166.73638358839528,66.56784752427387,0.39924008240818615,72
2026-05-25,166.73638358839528,166.73638358839528,71.31103996319315,0.4276873375113573,74
2026-05-26,166.73638358839528,166.84256576915845,77.41291794218073,0.4642832972393231,81
2026-05-27,166.84256576915845,166.3414468549781,78.71132457413509,0.47177004388100346,83
2026-05-28,166.3414468549781,165.58203611070883,73.33397321417678,0.4408641057337425,85
2026-05-29,165.58203611070883,165.74020452900203,68.08054922077491,0.41115902920324027,88
2026-05-30,165.74020452900203,165.64367231992696,70.2631531468719,0.42393547990691005,85
2026-05-31,165.64367231992696,165.70721867496013,70.2589341228814,0.4241570664237757,85
2026-06-01,165.70721867496013,166.079027703662,83.68515013285108,0.5050181325956723,100
2026-06-02,166.079027703662,165.60564853209786,78.71832893345494,0.4739811523578616,99
2026-06-03,165.60564853209786,165.92096959989712,78.78184565723352,0.47571955640126573,98
2026-06-04,165.92096959989712,165.47982273466434,70.34548484082367,0.42396982738502087,81
2026-06-05,165.47982273466434,165.4836245029512,53.49494481989667,0.323271707304595,63
2026-06-06,165.4836245029512,165.4836245029512,67.25760217543683,0.40643055998714467,65
2026-06-07,165.4836245029512,165.37766603787406,67.25760217543683,0.40643055998714467,65
2026-06-08,165.37766603787406,165.99708185350863,69.30487957725245,0.4190703692805808,70
2026-06-09,165.99708185350863,165.98015782385693,74.12689448822877,0.44655540724291337,83
2026-06-10,165.98015782385693,166.0121891702877,74.96775573442915,0.45166697463914424,90
2026-06-11,166.0121891702877,166.28815915137088,79.57359571612868,0.4793238141959909,92
2026-06-12,166.28815915137088,166.55353907319144,72.22820181854132,0.43435565218322325,81
2026-06-13,166.55353907319144,166.55353907319144,67.48960548610738,0.4052126773268341,73
2026-06-14,166.55353907319144,166.77114556746983,67.48960548610738,0.4052126773268341,73
2026-06-15,166.77114556746983,167.9418802850701,74.11229740364655,0.44439520488670675,78
2026-06-16,167.9418802850701,169.86787406413487,70.51422548500848,0.41987278792708105,73
2026-06-17,169.86787406413487,169.82079773948507,56.74167612324905,0.3340341805998338,66
2026-06-18,169.82079773948507,170.19680895164905,68.19837413304838,0.4015902353589731,83
2026-06-19,170.19680895164905,170.11204065069234,63.99058123344235,0.3759799118890727,80
2026-06-20,170.11204065069234,170.11204065069234,63.982107928993464,0.3761174557912345,80
2026-06-21,170.11204065069234,170.09648994517025,63.982107928993464,0.3761174557912345,80
2026-06-22,170.09648994517025,170.11862410894463,60.90900820960586,0.35808503884612536,80
2026-06-23,170.11862410894463,169.92368434118018,74.7230577358036,0.43924090103121605,88
2026-06-24,169.92368434118018,170.2489283009392,72.34828460350313,0.4257692792150098,80
2026-06-25,170.2489283009392,169.56051652491178,80.45586321664639,0.47257779546446954,79
2026-06-26,169.56051652491178,169.59912520735102,80.04391194344264,0.4720669268053487,82
2026-06-27,169.59912520735102,169.59912520735102,78.38592984382161,0.4621835740484356,77
2026-06-28,169.59912520735102,169.59912520735102,78.38592984382161,0.4621835740484356,77
2026-06-29,169.59912520735102,169.77822736404434,82.26448739904438,0.4850525455155989,87
2026-06-30,169.77822736404434,169.48150341139763,78.12081720602146,0.4601344849626219,85
2026-07-01,169.48150341139763,169.40826399795847,87.23193209693261,0.5146988334484308,87
2026-07-02,169.40826399795847,169.35122551532896,86.14758204667314,0.5085205409324736,88
2026-07-03,169.35122551532896,169.27240340762245,86.87183019853786,0.5129684177613146,81
2026-07-04,169.27240340762245,169.27240340762245,81.48409358399891,0.4813784878317007,78
2026-07-05,169.27240340762245,169.43914561866794,81.48409358399891,0.4813784878317007,78
2026-07-06,169.43914561866794,169.7570065249378,76.11096438028771,0.4491935089874662,78
2026-07-07,169.7570065249378,169.77482620086192,74.13758672407202,0.4367276982654675,74
2026-07-08,169.77482620086192,169.7639596317376,68.8531404709613,0.4055556528121585,72
2026-07-09,169.7639596317376,169.87792319835327,63.84226112999153,0.3760648683529889,69
2026-07-10,169.87792319835327,169.98786525888738,66.54046649825979,0.3916957850995485,72
2026-07-11,169.98786525888738,171.63950351746004,67.09033334705413,0.3946771920741353,68
2026-07-12,171.63950351746004,171.58385705897814,65.73247470283285,0.3829682174310543,67
2026-07-13,171.58385705897814,171.32114977050452,74.97912513733449,0.4369823969603509,75
2026-07-14,171.32114977050452,171.36564374324237,67.58092688940764,0.3944692583486426,76
2026-07-15,171.36564374324237,171.33701002348542,71.86622811323484,0.4193736068876922,76
2026-07-16,171.33701002348542,171.22953292884586,82.555363421613,0.48183030280671413,88
2026-07-17,171.22953292884586,170.8254737457777,87.70802842389452,0.512224888567216,94
2026-07-18,170.8254737457777,170.79319057334905,68.45757076107938,0.40074568072299255,78
2026-07-19,170.79319057334905,170.65594889602022,65.87457615426128,0.3856979071186723,77
2026-07-20,170.65594889602022,170.62117305169505,71.74529226967574,0.4204089733396272,81
2026-07-21,170.62117305169505,170.82971360591094,80.30191824151026,0.4706445091499885,88
2026-07-22,170.82971360591094,170.9068589139946,88.93894180375908,0.5206292273540502,86
2026-07-23,170.9068589139946,170.88680145600483,95.09767629714041,0.5564298407999902,93
2026-07-24,170.88680145600483,170.6039595582316,90.71423502791319,0.5308440105087212,90
2026-07-25,170.6039595582316,170.4824404078543,89.43691992681954,0.5242370702204738,86
2026-07-26,170.4824404078543,170.45867681090084,88.31905058818282,0.5180536504339825,86
2026-07-27,170.45867681090084,169.99263362316665,91.24875314020301,0.5353130438847079,92
2026-07-28,169.99263362316665,169.8436322790239,99.9104741515933,0.5877341389572864,105
2026-07-29,169.8436322790239,169.53889647104515,100.19219323775451,0.5899084463358388,105
2026-07-30,169.53889647104515,170.11464560942576,95.18656629136888,0.5614438236456576,103
2026-07-31,170.11464560942576,169.82152623128076,89.40885495104058,0.5255799971292219,92
2026-08-01,169.82152623128076,169.89930290153998,83.96656715672461,0.49444006905443855,81
2026-08-02,169.89930290153998,169.89930290153998,76.69638304630752,0.4514225881830404,78
2026-08-03,169.89930290153998,169.884439887411,81.72096397813415,0.4809964642732706,84
2026-08-04,169.884439887411,170.2688506849791,84.13802124348236,0.4952662015381979,88
2026-08-05,170.2688506849791,170.1342145024285,79.86182266743737,0.46903366262331075,84
2026-08-06,170.1342145024285,170.23599606227617,75.13177165353935,0.441602953722556,79
2026-08-07,170.23599606227617,170.9428603281728,71.45517061956906,0.41974184233885026,72
2026-08-08,170.9428603281728,171.15227199526663,66.72621495651327,0.39034221627281523,67
2026-08-09,171.15227199526663,171.06473866193332,68.6501453104775,0.40110566170208994,68
2026-08-10,171.06473866193332,171.10508194003285,69.20552673194771,0.4045575217503774,68
2026-08-11,171.10508194003285,171.05577695791973,83.1337414776909,0.48586366071129766,72
2026-08-12,171.05577695791973,171.48219667557188,69.28434125921461,0.4050394701154044,64
2026-08-13,171.48219667557188,171.46082448800658,78.01440948530589,0.4549417432114063,67
2026-08-14,171.46082448800658,171.47208035840742,82.34983412259672,0.4802836704448307,65
2026-08-15,171.47208035840742,171.30217665526018,65.66009327023055,0.3829200248401324,51
2026-08-16,171.30217665526018,171.30217665526018,61.65323985633125,0.3599092612839725,49
2026-08-17,171.30217665526018,171.61012794521847,70.47228898410356,0.411391672657649,57
2026-08-18,171.61012794521847,171.57328633236332,77.94414137075339,0.45419313127972716,66
2026-08-19,171.57328633236332,171.51900932562626,79.48560396352188,0.4632749401882195,65
2026-08-20,171.51900932562626,171.4860162751241,80.5939547184727,0.46988351340967865,67
